# gpu=7 cmd=/usr/bin/python3 -u main.py --dataset tfinance --seed 3 --method demo --tag B_demo_mix --set mixup=true energy_loss=false num_epochs=400
/nas/home/jahin/.local/lib/python3.10/site-packages/requests/__init__.py:113: RequestsDependencyWarning: urllib3 (1.26.5) or chardet (7.2.0)/charset_normalizer (3.4.4) doesn't match a supported version!
  warnings.warn(
[tfinance] anomaly classes (rotations): [np.int64(1)]
==================================================================
DEMO variant: FULL published method (mixup ON)
==================================================================
[tfinance] DEMO mixup ON, PPR (39357, 39357) from data/tfinance/ppr_matrix.npy
Normal classes: [np.int64(0)] in tfinance
using binary cross entropy loss...
Building multi-layer GraphSage
building the dataloader ...
pseudo_counter: Counter({-1: 39357})
/nas/home/jahin/.local/lib/python3.10/site-packages/sklearn/metrics/_ranking.py:424: UndefinedMetricWarning: Only one class is present in y_true. ROC AUC score is not defined in that case.
  warnings.warn(
/nas/home/jahin/.local/lib/python3.10/site-packages/sklearn/metrics/_ranking.py:1046: UserWarning: No positive class found in y_true, recall is set to one for all thresholds.
  warnings.warn(
AUROC test all: 0.8081520139922288, AUPR test all: 0.49115212874352543, AUROC test unknown: nan, AUPR test unknown: 0.0
Epoch: 0, Best AUROC test all: 0.8081520139922288, AUPR test all: 0.49115212874352543, AUROC test unknown: 0.0, AUPR test unknown: 0.0
pseudo_counter: Counter({-1: 39357})
/nas/home/jahin/.local/lib/python3.10/site-packages/sklearn/metrics/_ranking.py:424: UndefinedMetricWarning: Only one class is present in y_true. ROC AUC score is not defined in that case.
  warnings.warn(
/nas/home/jahin/.local/lib/python3.10/site-packages/sklearn/metrics/_ranking.py:1046: UserWarning: No positive class found in y_true, recall is set to one for all thresholds.
  warnings.warn(
AUROC test all: 0.8081210078574506, AUPR test all: 0.4986609047691154, AUROC test unknown: nan, AUPR test unknown: 0.0
Epoch: 1, Best AUROC test all: 0.8081520139922288, AUPR test all: 0.4986609047691154, AUROC test unknown: 0.0, AUPR test unknown: 0.0
pseudo_counter: Counter({-1: 39357})
/nas/home/jahin/.local/lib/python3.10/site-packages/sklearn/metrics/_ranking.py:424: UndefinedMetricWarning: Only one class is present in y_true. ROC AUC score is not defined in that case.
  warnings.warn(
/nas/home/jahin/.local/lib/python3.10/site-packages/sklearn/metrics/_ranking.py:1046: UserWarning: No positive class found in y_true, recall is set to one for all thresholds.
  warnings.warn(
AUROC test all: 0.8248819680085044, AUPR test all: 0.5193977814063367, AUROC test unknown: nan, AUPR test unknown: 0.0
Epoch: 2, Best AUROC test all: 0.8248819680085044, AUPR test all: 0.5193977814063367, AUROC test unknown: 0.0, AUPR test unknown: 0.0
pseudo_counter: Counter({-1: 39357})
/nas/home/jahin/.local/lib/python3.10/site-packages/sklearn/metrics/_ranking.py:424: UndefinedMetricWarning: Only one class is present in y_true. ROC AUC score is not defined in that case.
  warnings.warn(
/nas/home/jahin/.local/lib/python3.10/site-packages/sklearn/metrics/_ranking.py:1046: UserWarning: No positive class found in y_true, recall is set to one for all thresholds.
  warnings.warn(
AUROC test all: 0.8426704685084475, AUPR test all: 0.5091810112025748, AUROC test unknown: nan, AUPR test unknown: 0.0
Epoch: 3, Best AUROC test all: 0.8426704685084475, AUPR test all: 0.5193977814063367, AUROC test unknown: 0.0, AUPR test unknown: 0.0
pseudo_counter: Counter({-1: 39357})
/nas/home/jahin/.local/lib/python3.10/site-packages/sklearn/metrics/_ranking.py:424: UndefinedMetricWarning: Only one class is present in y_true. ROC AUC score is not defined in that case.
  warnings.warn(
/nas/home/jahin/.local/lib/python3.10/site-packages/sklearn/metrics/_ranking.py:1046: UserWarning: No positive class found in y_true, recall is set to one for all thresholds.
  warnings.warn(
AUROC test all: 0.8452184185839369, AUPR test all: 0.5120943914104539, AUROC test unknown: nan, AUPR test unknown: 0.0
Epoch: 4, Best AUROC test all: 0.8452184185839369, AUPR test all: 0.5193977814063367, AUROC test unknown: 0.0, AUPR test unknown: 0.0
pseudo_counter: Counter({-1: 39357})
/nas/home/jahin/.local/lib/python3.10/site-packages/sklearn/metrics/_ranking.py:424: UndefinedMetricWarning: Only one class is present in y_true. ROC AUC score is not defined in that case.
  warnings.warn(
/nas/home/jahin/.local/lib/python3.10/site-packages/sklearn/metrics/_ranking.py:1046: UserWarning: No positive class found in y_true, recall is set to one for all thresholds.
  warnings.warn(
AUROC test all: 0.7462930908867202, AUPR test all: 0.09077798557914542, AUROC test unknown: nan, AUPR test unknown: 0.0
Epoch: 5, Best AUROC test all: 0.8452184185839369, AUPR test all: 0.5193977814063367, AUROC test unknown: 0.0, AUPR test unknown: 0.0
pseudo_counter: Counter({-1: 39357})
max_probs: 1.0， num of >0.5: 3097
/nas/home/jahin/.local/lib/python3.10/site-packages/sklearn/metrics/_ranking.py:424: UndefinedMetricWarning: Only one class is present in y_true. ROC AUC score is not defined in that case.
  warnings.warn(
/nas/home/jahin/.local/lib/python3.10/site-packages/sklearn/metrics/_ranking.py:1046: UserWarning: No positive class found in y_true, recall is set to one for all thresholds.
  warnings.warn(
AUROC test all: 0.772197549861381, AUPR test all: 0.1224652723590933, AUROC test unknown: nan, AUPR test unknown: 0.0
Epoch: 6, Best AUROC test all: 0.8452184185839369, AUPR test all: 0.5193977814063367, AUROC test unknown: 0.0, AUPR test unknown: 0.0
pseudo_counter: Counter({-1: 34637, 0: 4564, 1: 156})
max_probs: 1.0， num of >0.5: 2473
/nas/home/jahin/.local/lib/python3.10/site-packages/sklearn/metrics/_ranking.py:424: UndefinedMetricWarning: Only one class is present in y_true. ROC AUC score is not defined in that case.
  warnings.warn(
/nas/home/jahin/.local/lib/python3.10/site-packages/sklearn/metrics/_ranking.py:1046: UserWarning: No positive class found in y_true, recall is set to one for all thresholds.
  warnings.warn(
AUROC test all: 0.8455411485750224, AUPR test all: 0.47975785215980987, AUROC test unknown: nan, AUPR test unknown: 0.0
Epoch: 7, Best AUROC test all: 0.8455411485750224, AUPR test all: 0.5193977814063367, AUROC test unknown: 0.0, AUPR test unknown: 0.0
pseudo_counter: Counter({-1: 33359, 0: 5724, 1: 274})
max_probs: 0.1722143143415451， num of >0.5: 0
/nas/home/jahin/.local/lib/python3.10/site-packages/sklearn/metrics/_ranking.py:424: UndefinedMetricWarning: Only one class is present in y_true. ROC AUC score is not defined in that case.
  warnings.warn(
/nas/home/jahin/.local/lib/python3.10/site-packages/sklearn/metrics/_ranking.py:1046: UserWarning: No positive class found in y_true, recall is set to one for all thresholds.
  warnings.warn(
AUROC test all: 0.8438665872567842, AUPR test all: 0.49462417269628955, AUROC test unknown: nan, AUPR test unknown: 0.0
Epoch: 8, Best AUROC test all: 0.8455411485750224, AUPR test all: 0.5193977814063367, AUROC test unknown: 0.0, AUPR test unknown: 0.0
pseudo_counter: Counter({-1: 28886, 0: 10299, 1: 172})
max_probs: 0.019105928018689156， num of >0.5: 0
/nas/home/jahin/.local/lib/python3.10/site-packages/sklearn/metrics/_ranking.py:424: UndefinedMetricWarning: Only one class is present in y_true. ROC AUC score is not defined in that case.
  warnings.warn(
/nas/home/jahin/.local/lib/python3.10/site-packages/sklearn/metrics/_ranking.py:1046: UserWarning: No positive class found in y_true, recall is set to one for all thresholds.
  warnings.warn(
AUROC test all: 0.8548217267199795, AUPR test all: 0.5152128471233189, AUROC test unknown: nan, AUPR test unknown: 0.0
Epoch: 9, Best AUROC test all: 0.8548217267199795, AUPR test all: 0.5193977814063367, AUROC test unknown: 0.0, AUPR test unknown: 0.0
pseudo_counter: Counter({-1: 22733, 0: 16513, 1: 111})
max_probs: 0.01851656474173069， num of >0.5: 0
/nas/home/jahin/.local/lib/python3.10/site-packages/sklearn/metrics/_ranking.py:424: UndefinedMetricWarning: Only one class is present in y_true. ROC AUC score is not defined in that case.
  warnings.warn(
/nas/home/jahin/.local/lib/python3.10/site-packages/sklearn/metrics/_ranking.py:1046: UserWarning: No positive class found in y_true, recall is set to one for all thresholds.
  warnings.warn(
AUROC test all: 0.8487904419736372, AUPR test all: 0.5215385318639472, AUROC test unknown: nan, AUPR test unknown: 0.0
Epoch: 10, Best AUROC test all: 0.8548217267199795, AUPR test all: 0.5215385318639472, AUROC test unknown: 0.0, AUPR test unknown: 0.0
pseudo_counter: Counter({0: 21466, -1: 17810, 1: 81})
max_probs: 0.09392933547496796， num of >0.5: 0
/nas/home/jahin/.local/lib/python3.10/site-packages/sklearn/metrics/_ranking.py:424: UndefinedMetricWarning: Only one class is present in y_true. ROC AUC score is not defined in that case.
  warnings.warn(
/nas/home/jahin/.local/lib/python3.10/site-packages/sklearn/metrics/_ranking.py:1046: UserWarning: No positive class found in y_true, recall is set to one for all thresholds.
  warnings.warn(
AUROC test all: 0.857383216305303, AUPR test all: 0.5318935127707555, AUROC test unknown: nan, AUPR test unknown: 0.0
Epoch: 11, Best AUROC test all: 0.857383216305303, AUPR test all: 0.5318935127707555, AUROC test unknown: 0.0, AUPR test unknown: 0.0
pseudo_counter: Counter({0: 24551, -1: 14752, 1: 54})
max_probs: 0.015488466247916222， num of >0.5: 0
/nas/home/jahin/.local/lib/python3.10/site-packages/sklearn/metrics/_ranking.py:424: UndefinedMetricWarning: Only one class is present in y_true. ROC AUC score is not defined in that case.
  warnings.warn(
/nas/home/jahin/.local/lib/python3.10/site-packages/sklearn/metrics/_ranking.py:1046: UserWarning: No positive class found in y_true, recall is set to one for all thresholds.
  warnings.warn(
AUROC test all: 0.8533006843827868, AUPR test all: 0.5240198614531655, AUROC test unknown: nan, AUPR test unknown: 0.0
Epoch: 12, Best AUROC test all: 0.857383216305303, AUPR test all: 0.5318935127707555, AUROC test unknown: 0.0, AUPR test unknown: 0.0
pseudo_counter: Counter({0: 26255, -1: 13066, 1: 36})
max_probs: 0.03390520438551903， num of >0.5: 0
/nas/home/jahin/.local/lib/python3.10/site-packages/sklearn/metrics/_ranking.py:424: UndefinedMetricWarning: Only one class is present in y_true. ROC AUC score is not defined in that case.
  warnings.warn(
/nas/home/jahin/.local/lib/python3.10/site-packages/sklearn/metrics/_ranking.py:1046: UserWarning: No positive class found in y_true, recall is set to one for all thresholds.
  warnings.warn(
AUROC test all: 0.8613171422485222, AUPR test all: 0.5206013885885828, AUROC test unknown: nan, AUPR test unknown: 0.0
Epoch: 13, Best AUROC test all: 0.8613171422485222, AUPR test all: 0.5318935127707555, AUROC test unknown: 0.0, AUPR test unknown: 0.0
pseudo_counter: Counter({0: 27120, -1: 12206, 1: 31})
max_probs: 0.00948378723114729， num of >0.5: 0
/nas/home/jahin/.local/lib/python3.10/site-packages/sklearn/metrics/_ranking.py:424: UndefinedMetricWarning: Only one class is present in y_true. ROC AUC score is not defined in that case.
  warnings.warn(
/nas/home/jahin/.local/lib/python3.10/site-packages/sklearn/metrics/_ranking.py:1046: UserWarning: No positive class found in y_true, recall is set to one for all thresholds.
  warnings.warn(
AUROC test all: 0.8574156848385949, AUPR test all: 0.5254110670100489, AUROC test unknown: nan, AUPR test unknown: 0.0
Epoch: 14, Best AUROC test all: 0.8613171422485222, AUPR test all: 0.5318935127707555, AUROC test unknown: 0.0, AUPR test unknown: 0.0
pseudo_counter: Counter({0: 27480, -1: 11846, 1: 31})
max_probs: 0.06391577422618866， num of >0.5: 0
/nas/home/jahin/.local/lib/python3.10/site-packages/sklearn/metrics/_ranking.py:424: UndefinedMetricWarning: Only one class is present in y_true. ROC AUC score is not defined in that case.
  warnings.warn(
/nas/home/jahin/.local/lib/python3.10/site-packages/sklearn/metrics/_ranking.py:1046: UserWarning: No positive class found in y_true, recall is set to one for all thresholds.
  warnings.warn(
AUROC test all: 0.8584842216401984, AUPR test all: 0.5290006014376115, AUROC test unknown: nan, AUPR test unknown: 0.0
Epoch: 15, Best AUROC test all: 0.8613171422485222, AUPR test all: 0.5318935127707555, AUROC test unknown: 0.0, AUPR test unknown: 0.0
pseudo_counter: Counter({0: 27617, -1: 11709, 1: 31})
max_probs: 0.5369037389755249， num of >0.5: 1
/nas/home/jahin/.local/lib/python3.10/site-packages/sklearn/metrics/_ranking.py:424: UndefinedMetricWarning: Only one class is present in y_true. ROC AUC score is not defined in that case.
  warnings.warn(
/nas/home/jahin/.local/lib/python3.10/site-packages/sklearn/metrics/_ranking.py:1046: UserWarning: No positive class found in y_true, recall is set to one for all thresholds.
  warnings.warn(
AUROC test all: 0.852087682325767, AUPR test all: 0.4902575425036805, AUROC test unknown: nan, AUPR test unknown: 0.0
Epoch: 16, Best AUROC test all: 0.8613171422485222, AUPR test all: 0.5318935127707555, AUROC test unknown: 0.0, AUPR test unknown: 0.0
pseudo_counter: Counter({0: 27662, -1: 11664, 1: 31})
max_probs: 1.0， num of >0.5: 41
/nas/home/jahin/.local/lib/python3.10/site-packages/sklearn/metrics/_ranking.py:424: UndefinedMetricWarning: Only one class is present in y_true. ROC AUC score is not defined in that case.
  warnings.warn(
/nas/home/jahin/.local/lib/python3.10/site-packages/sklearn/metrics/_ranking.py:1046: UserWarning: No positive class found in y_true, recall is set to one for all thresholds.
  warnings.warn(
AUROC test all: 0.7703128632376085, AUPR test all: 0.11537121587497473, AUROC test unknown: nan, AUPR test unknown: 0.0
Epoch: 17, Best AUROC test all: 0.8613171422485222, AUPR test all: 0.5318935127707555, AUROC test unknown: 0.0, AUPR test unknown: 0.0
pseudo_counter: Counter({0: 27667, -1: 11656, 1: 34})
max_probs: 1.0， num of >0.5: 7121
/nas/home/jahin/.local/lib/python3.10/site-packages/sklearn/metrics/_ranking.py:424: UndefinedMetricWarning: Only one class is present in y_true. ROC AUC score is not defined in that case.
  warnings.warn(
/nas/home/jahin/.local/lib/python3.10/site-packages/sklearn/metrics/_ranking.py:1046: UserWarning: No positive class found in y_true, recall is set to one for all thresholds.
  warnings.warn(
AUROC test all: 0.8555743690111905, AUPR test all: 0.5259865330269656, AUROC test unknown: nan, AUPR test unknown: 0.0
Epoch: 18, Best AUROC test all: 0.8613171422485222, AUPR test all: 0.5318935127707555, AUROC test unknown: 0.0, AUPR test unknown: 0.0
pseudo_counter: Counter({0: 26812, -1: 11631, 1: 914})
max_probs: 0.3536451458930969， num of >0.5: 0
/nas/home/jahin/.local/lib/python3.10/site-packages/sklearn/metrics/_ranking.py:424: UndefinedMetricWarning: Only one class is present in y_true. ROC AUC score is not defined in that case.
  warnings.warn(
/nas/home/jahin/.local/lib/python3.10/site-packages/sklearn/metrics/_ranking.py:1046: UserWarning: No positive class found in y_true, recall is set to one for all thresholds.
  warnings.warn(
AUROC test all: 0.8631090569396199, AUPR test all: 0.5445767061593659, AUROC test unknown: nan, AUPR test unknown: 0.0
Epoch: 19, Best AUROC test all: 0.8631090569396199, AUPR test all: 0.5445767061593659, AUROC test unknown: 0.0, AUPR test unknown: 0.0
pseudo_counter: Counter({0: 27350, -1: 11582, 1: 425})
max_probs: 0.11416412144899368， num of >0.5: 0
/nas/home/jahin/.local/lib/python3.10/site-packages/sklearn/metrics/_ranking.py:424: UndefinedMetricWarning: Only one class is present in y_true. ROC AUC score is not defined in that case.
  warnings.warn(
/nas/home/jahin/.local/lib/python3.10/site-packages/sklearn/metrics/_ranking.py:1046: UserWarning: No positive class found in y_true, recall is set to one for all thresholds.
  warnings.warn(
AUROC test all: 0.8656543369054637, AUPR test all: 0.5565105325884903, AUROC test unknown: nan, AUPR test unknown: 0.0
Epoch: 20, Best AUROC test all: 0.8656543369054637, AUPR test all: 0.5565105325884903, AUROC test unknown: 0.0, AUPR test unknown: 0.0
pseudo_counter: Counter({0: 27681, -1: 11441, 1: 235})
max_probs: 0.038102101534605026， num of >0.5: 0
/nas/home/jahin/.local/lib/python3.10/site-packages/sklearn/metrics/_ranking.py:424: UndefinedMetricWarning: Only one class is present in y_true. ROC AUC score is not defined in that case.
  warnings.warn(
/nas/home/jahin/.local/lib/python3.10/site-packages/sklearn/metrics/_ranking.py:1046: UserWarning: No positive class found in y_true, recall is set to one for all thresholds.
  warnings.warn(
AUROC test all: 0.8680924263465454, AUPR test all: 0.5544286796410582, AUROC test unknown: nan, AUPR test unknown: 0.0
Epoch: 21, Best AUROC test all: 0.8680924263465454, AUPR test all: 0.5565105325884903, AUROC test unknown: 0.0, AUPR test unknown: 0.0
pseudo_counter: Counter({0: 28243, -1: 10967, 1: 147})
max_probs: 0.023783639073371887， num of >0.5: 0
/nas/home/jahin/.local/lib/python3.10/site-packages/sklearn/metrics/_ranking.py:424: UndefinedMetricWarning: Only one class is present in y_true. ROC AUC score is not defined in that case.
  warnings.warn(
/nas/home/jahin/.local/lib/python3.10/site-packages/sklearn/metrics/_ranking.py:1046: UserWarning: No positive class found in y_true, recall is set to one for all thresholds.
  warnings.warn(
AUROC test all: 0.8660420286102988, AUPR test all: 0.5611209614286751, AUROC test unknown: nan, AUPR test unknown: 0.0
Epoch: 22, Best AUROC test all: 0.8680924263465454, AUPR test all: 0.5611209614286751, AUROC test unknown: 0.0, AUPR test unknown: 0.0
pseudo_counter: Counter({0: 29206, -1: 10063, 1: 88})
max_probs: 0.0028505383525043726， num of >0.5: 0
/nas/home/jahin/.local/lib/python3.10/site-packages/sklearn/metrics/_ranking.py:424: UndefinedMetricWarning: Only one class is present in y_true. ROC AUC score is not defined in that case.
  warnings.warn(
/nas/home/jahin/.local/lib/python3.10/site-packages/sklearn/metrics/_ranking.py:1046: UserWarning: No positive class found in y_true, recall is set to one for all thresholds.
  warnings.warn(
AUROC test all: 0.8599960212901562, AUPR test all: 0.5609808656448648, AUROC test unknown: nan, AUPR test unknown: 0.0
Epoch: 23, Best AUROC test all: 0.8680924263465454, AUPR test all: 0.5611209614286751, AUROC test unknown: 0.0, AUPR test unknown: 0.0
pseudo_counter: Counter({0: 30320, -1: 8979, 1: 58})
max_probs: 0.012480705045163631， num of >0.5: 0
/nas/home/jahin/.local/lib/python3.10/site-packages/sklearn/metrics/_ranking.py:424: UndefinedMetricWarning: Only one class is present in y_true. ROC AUC score is not defined in that case.
  warnings.warn(
/nas/home/jahin/.local/lib/python3.10/site-packages/sklearn/metrics/_ranking.py:1046: UserWarning: No positive class found in y_true, recall is set to one for all thresholds.
  warnings.warn(
AUROC test all: 0.8563417420919239, AUPR test all: 0.5497727759984361, AUROC test unknown: nan, AUPR test unknown: 0.0
Epoch: 24, Best AUROC test all: 0.8680924263465454, AUPR test all: 0.5611209614286751, AUROC test unknown: 0.0, AUPR test unknown: 0.0
pseudo_counter: Counter({0: 31387, -1: 7929, 1: 41})
max_probs: 0.0026322458870708942， num of >0.5: 0
/nas/home/jahin/.local/lib/python3.10/site-packages/sklearn/metrics/_ranking.py:424: UndefinedMetricWarning: Only one class is present in y_true. ROC AUC score is not defined in that case.
  warnings.warn(
/nas/home/jahin/.local/lib/python3.10/site-packages/sklearn/metrics/_ranking.py:1046: UserWarning: No positive class found in y_true, recall is set to one for all thresholds.
  warnings.warn(
AUROC test all: 0.8577381930051868, AUPR test all: 0.5386167367386393, AUROC test unknown: nan, AUPR test unknown: 0.0
Epoch: 25, Best AUROC test all: 0.8680924263465454, AUPR test all: 0.5611209614286751, AUROC test unknown: 0.0, AUPR test unknown: 0.0
pseudo_counter: Counter({0: 32332, -1: 7000, 1: 25})
max_probs: 0.025426676496863365， num of >0.5: 0
/nas/home/jahin/.local/lib/python3.10/site-packages/sklearn/metrics/_ranking.py:424: UndefinedMetricWarning: Only one class is present in y_true. ROC AUC score is not defined in that case.
  warnings.warn(
/nas/home/jahin/.local/lib/python3.10/site-packages/sklearn/metrics/_ranking.py:1046: UserWarning: No positive class found in y_true, recall is set to one for all thresholds.
  warnings.warn(
AUROC test all: 0.8625861673137698, AUPR test all: 0.5403107301799491, AUROC test unknown: nan, AUPR test unknown: 0.0
Epoch: 26, Best AUROC test all: 0.8680924263465454, AUPR test all: 0.5611209614286751, AUROC test unknown: 0.0, AUPR test unknown: 0.0
pseudo_counter: Counter({0: 33036, -1: 6302, 1: 19})
max_probs: 0.003804911393672228， num of >0.5: 0
/nas/home/jahin/.local/lib/python3.10/site-packages/sklearn/metrics/_ranking.py:424: UndefinedMetricWarning: Only one class is present in y_true. ROC AUC score is not defined in that case.
  warnings.warn(
/nas/home/jahin/.local/lib/python3.10/site-packages/sklearn/metrics/_ranking.py:1046: UserWarning: No positive class found in y_true, recall is set to one for all thresholds.
  warnings.warn(
AUROC test all: 0.8605441249667838, AUPR test all: 0.5484531505375024, AUROC test unknown: nan, AUPR test unknown: 0.0
Epoch: 27, Best AUROC test all: 0.8680924263465454, AUPR test all: 0.5611209614286751, AUROC test unknown: 0.0, AUPR test unknown: 0.0
pseudo_counter: Counter({0: 33573, -1: 5768, 1: 16})
max_probs: 0.002558802254498005， num of >0.5: 0
/nas/home/jahin/.local/lib/python3.10/site-packages/sklearn/metrics/_ranking.py:424: UndefinedMetricWarning: Only one class is present in y_true. ROC AUC score is not defined in that case.
  warnings.warn(
/nas/home/jahin/.local/lib/python3.10/site-packages/sklearn/metrics/_ranking.py:1046: UserWarning: No positive class found in y_true, recall is set to one for all thresholds.
  warnings.warn(
AUROC test all: 0.8645085723171839, AUPR test all: 0.5441020954889132, AUROC test unknown: nan, AUPR test unknown: 0.0
Epoch: 28, Best AUROC test all: 0.8680924263465454, AUPR test all: 0.5611209614286751, AUROC test unknown: 0.0, AUPR test unknown: 0.0
pseudo_counter: Counter({0: 34023, -1: 5319, 1: 15})
max_probs: 0.005868114065378904， num of >0.5: 0
/nas/home/jahin/.local/lib/python3.10/site-packages/sklearn/metrics/_ranking.py:424: UndefinedMetricWarning: Only one class is present in y_true. ROC AUC score is not defined in that case.
  warnings.warn(
/nas/home/jahin/.local/lib/python3.10/site-packages/sklearn/metrics/_ranking.py:1046: UserWarning: No positive class found in y_true, recall is set to one for all thresholds.
  warnings.warn(
AUROC test all: 0.8635593031516626, AUPR test all: 0.5443583289945895, AUROC test unknown: nan, AUPR test unknown: 0.0
Epoch: 29, Best AUROC test all: 0.8680924263465454, AUPR test all: 0.5611209614286751, AUROC test unknown: 0.0, AUPR test unknown: 0.0
pseudo_counter: Counter({0: 34352, -1: 4992, 1: 13})
max_probs: 0.006372278090566397， num of >0.5: 0
/nas/home/jahin/.local/lib/python3.10/site-packages/sklearn/metrics/_ranking.py:424: UndefinedMetricWarning: Only one class is present in y_true. ROC AUC score is not defined in that case.
  warnings.warn(
/nas/home/jahin/.local/lib/python3.10/site-packages/sklearn/metrics/_ranking.py:1046: UserWarning: No positive class found in y_true, recall is set to one for all thresholds.
  warnings.warn(
AUROC test all: 0.8596962213791358, AUPR test all: 0.534561345893296, AUROC test unknown: nan, AUPR test unknown: 0.0
Epoch: 30, Best AUROC test all: 0.8680924263465454, AUPR test all: 0.5611209614286751, AUROC test unknown: 0.0, AUPR test unknown: 0.0
pseudo_counter: Counter({0: 34609, -1: 4736, 1: 12})
max_probs: 0.01414728444069624， num of >0.5: 0
/nas/home/jahin/.local/lib/python3.10/site-packages/sklearn/metrics/_ranking.py:424: UndefinedMetricWarning: Only one class is present in y_true. ROC AUC score is not defined in that case.
  warnings.warn(
/nas/home/jahin/.local/lib/python3.10/site-packages/sklearn/metrics/_ranking.py:1046: UserWarning: No positive class found in y_true, recall is set to one for all thresholds.
  warnings.warn(
AUROC test all: 0.8583764560148975, AUPR test all: 0.5185980567001645, AUROC test unknown: nan, AUPR test unknown: 0.0
Epoch: 31, Best AUROC test all: 0.8680924263465454, AUPR test all: 0.5611209614286751, AUROC test unknown: 0.0, AUPR test unknown: 0.0
pseudo_counter: Counter({0: 34775, -1: 4573, 1: 9})
max_probs: 0.026953617110848427， num of >0.5: 0
/nas/home/jahin/.local/lib/python3.10/site-packages/sklearn/metrics/_ranking.py:424: UndefinedMetricWarning: Only one class is present in y_true. ROC AUC score is not defined in that case.
  warnings.warn(
/nas/home/jahin/.local/lib/python3.10/site-packages/sklearn/metrics/_ranking.py:1046: UserWarning: No positive class found in y_true, recall is set to one for all thresholds.
  warnings.warn(
AUROC test all: 0.8580316010845016, AUPR test all: 0.5076164907591739, AUROC test unknown: nan, AUPR test unknown: 0.0
Epoch: 32, Best AUROC test all: 0.8680924263465454, AUPR test all: 0.5611209614286751, AUROC test unknown: 0.0, AUPR test unknown: 0.0
pseudo_counter: Counter({0: 34878, -1: 4470, 1: 9})
max_probs: 0.19151732325553894， num of >0.5: 0
/nas/home/jahin/.local/lib/python3.10/site-packages/sklearn/metrics/_ranking.py:424: UndefinedMetricWarning: Only one class is present in y_true. ROC AUC score is not defined in that case.
  warnings.warn(
/nas/home/jahin/.local/lib/python3.10/site-packages/sklearn/metrics/_ranking.py:1046: UserWarning: No positive class found in y_true, recall is set to one for all thresholds.
  warnings.warn(
AUROC test all: 0.8341542400585327, AUPR test all: 0.2549429499660446, AUROC test unknown: nan, AUPR test unknown: 0.0
Epoch: 33, Best AUROC test all: 0.8680924263465454, AUPR test all: 0.5611209614286751, AUROC test unknown: 0.0, AUPR test unknown: 0.0
pseudo_counter: Counter({0: 34920, -1: 4429, 1: 8})
max_probs: 1.0， num of >0.5: 36
/nas/home/jahin/.local/lib/python3.10/site-packages/sklearn/metrics/_ranking.py:424: UndefinedMetricWarning: Only one class is present in y_true. ROC AUC score is not defined in that case.
  warnings.warn(
/nas/home/jahin/.local/lib/python3.10/site-packages/sklearn/metrics/_ranking.py:1046: UserWarning: No positive class found in y_true, recall is set to one for all thresholds.
  warnings.warn(
AUROC test all: 0.7368412560169484, AUPR test all: 0.0876849721015235, AUROC test unknown: nan, AUPR test unknown: 0.0
Epoch: 34, Best AUROC test all: 0.8680924263465454, AUPR test all: 0.5611209614286751, AUROC test unknown: 0.0, AUPR test unknown: 0.0
pseudo_counter: Counter({0: 34937, -1: 4409, 1: 11})
max_probs: 1.0， num of >0.5: 897
/nas/home/jahin/.local/lib/python3.10/site-packages/sklearn/metrics/_ranking.py:424: UndefinedMetricWarning: Only one class is present in y_true. ROC AUC score is not defined in that case.
  warnings.warn(
/nas/home/jahin/.local/lib/python3.10/site-packages/sklearn/metrics/_ranking.py:1046: UserWarning: No positive class found in y_true, recall is set to one for all thresholds.
  warnings.warn(
AUROC test all: 0.6646913195507695, AUPR test all: 0.0629953228591614, AUROC test unknown: nan, AUPR test unknown: 0.0
Epoch: 35, Best AUROC test all: 0.8680924263465454, AUPR test all: 0.5611209614286751, AUROC test unknown: 0.0, AUPR test unknown: 0.0
pseudo_counter: Counter({0: 34841, -1: 4407, 1: 109})
max_probs: 1.0， num of >0.5: 3100
/nas/home/jahin/.local/lib/python3.10/site-packages/sklearn/metrics/_ranking.py:424: UndefinedMetricWarning: Only one class is present in y_true. ROC AUC score is not defined in that case.
  warnings.warn(
/nas/home/jahin/.local/lib/python3.10/site-packages/sklearn/metrics/_ranking.py:1046: UserWarning: No positive class found in y_true, recall is set to one for all thresholds.
  warnings.warn(
AUROC test all: 0.7737419905747923, AUPR test all: 0.12267214238584086, AUROC test unknown: nan, AUPR test unknown: 0.0
Epoch: 36, Best AUROC test all: 0.8680924263465454, AUPR test all: 0.5611209614286751, AUROC test unknown: 0.0, AUPR test unknown: 0.0
pseudo_counter: Counter({0: 34469, -1: 4406, 1: 482})
max_probs: 1.0， num of >0.5: 324
/nas/home/jahin/.local/lib/python3.10/site-packages/sklearn/metrics/_ranking.py:424: UndefinedMetricWarning: Only one class is present in y_true. ROC AUC score is not defined in that case.
  warnings.warn(
/nas/home/jahin/.local/lib/python3.10/site-packages/sklearn/metrics/_ranking.py:1046: UserWarning: No positive class found in y_true, recall is set to one for all thresholds.
  warnings.warn(
AUROC test all: 0.839485693174595, AUPR test all: 0.44151453489021225, AUROC test unknown: nan, AUPR test unknown: 0.0
Epoch: 37, Best AUROC test all: 0.8680924263465454, AUPR test all: 0.5611209614286751, AUROC test unknown: 0.0, AUPR test unknown: 0.0
pseudo_counter: Counter({0: 34510, -1: 4405, 1: 442})
max_probs: 0.7278629541397095， num of >0.5: 4
/nas/home/jahin/.local/lib/python3.10/site-packages/sklearn/metrics/_ranking.py:424: UndefinedMetricWarning: Only one class is present in y_true. ROC AUC score is not defined in that case.
  warnings.warn(
/nas/home/jahin/.local/lib/python3.10/site-packages/sklearn/metrics/_ranking.py:1046: UserWarning: No positive class found in y_true, recall is set to one for all thresholds.
  warnings.warn(
AUROC test all: 0.8441346909123796, AUPR test all: 0.46225663478604423, AUROC test unknown: nan, AUPR test unknown: 0.0
Epoch: 38, Best AUROC test all: 0.8680924263465454, AUPR test all: 0.5611209614286751, AUROC test unknown: 0.0, AUPR test unknown: 0.0
pseudo_counter: Counter({0: 34567, -1: 4402, 1: 388})
max_probs: 0.31011325120925903， num of >0.5: 0
/nas/home/jahin/.local/lib/python3.10/site-packages/sklearn/metrics/_ranking.py:424: UndefinedMetricWarning: Only one class is present in y_true. ROC AUC score is not defined in that case.
  warnings.warn(
/nas/home/jahin/.local/lib/python3.10/site-packages/sklearn/metrics/_ranking.py:1046: UserWarning: No positive class found in y_true, recall is set to one for all thresholds.
  warnings.warn(
AUROC test all: 0.846495807254167, AUPR test all: 0.470206080770616, AUROC test unknown: nan, AUPR test unknown: 0.0
Epoch: 39, Best AUROC test all: 0.8680924263465454, AUPR test all: 0.5611209614286751, AUROC test unknown: 0.0, AUPR test unknown: 0.0
pseudo_counter: Counter({0: 34631, -1: 4394, 1: 332})
max_probs: 0.23808260262012482， num of >0.5: 0
/nas/home/jahin/.local/lib/python3.10/site-packages/sklearn/metrics/_ranking.py:424: UndefinedMetricWarning: Only one class is present in y_true. ROC AUC score is not defined in that case.
  warnings.warn(
/nas/home/jahin/.local/lib/python3.10/site-packages/sklearn/metrics/_ranking.py:1046: UserWarning: No positive class found in y_true, recall is set to one for all thresholds.
  warnings.warn(
AUROC test all: 0.8494043289362132, AUPR test all: 0.4836674691546756, AUROC test unknown: nan, AUPR test unknown: 0.0
Epoch: 40, Best AUROC test all: 0.8680924263465454, AUPR test all: 0.5611209614286751, AUROC test unknown: 0.0, AUPR test unknown: 0.0
pseudo_counter: Counter({0: 34668, -1: 4390, 1: 299})
max_probs: 0.3336668312549591， num of >0.5: 0
/nas/home/jahin/.local/lib/python3.10/site-packages/sklearn/metrics/_ranking.py:424: UndefinedMetricWarning: Only one class is present in y_true. ROC AUC score is not defined in that case.
  warnings.warn(
/nas/home/jahin/.local/lib/python3.10/site-packages/sklearn/metrics/_ranking.py:1046: UserWarning: No positive class found in y_true, recall is set to one for all thresholds.
  warnings.warn(
AUROC test all: 0.8504260361224922, AUPR test all: 0.4774361046899352, AUROC test unknown: nan, AUPR test unknown: 0.0
Epoch: 41, Best AUROC test all: 0.8680924263465454, AUPR test all: 0.5611209614286751, AUROC test unknown: 0.0, AUPR test unknown: 0.0
pseudo_counter: Counter({0: 34707, -1: 4383, 1: 267})
max_probs: 0.47234976291656494， num of >0.5: 0
/nas/home/jahin/.local/lib/python3.10/site-packages/sklearn/metrics/_ranking.py:424: UndefinedMetricWarning: Only one class is present in y_true. ROC AUC score is not defined in that case.
  warnings.warn(
/nas/home/jahin/.local/lib/python3.10/site-packages/sklearn/metrics/_ranking.py:1046: UserWarning: No positive class found in y_true, recall is set to one for all thresholds.
  warnings.warn(
AUROC test all: 0.849080752725763, AUPR test all: 0.4910694071280306, AUROC test unknown: nan, AUPR test unknown: 0.0
Epoch: 42, Best AUROC test all: 0.8680924263465454, AUPR test all: 0.5611209614286751, AUROC test unknown: 0.0, AUPR test unknown: 0.0
pseudo_counter: Counter({0: 34747, -1: 4377, 1: 233})
max_probs: 0.13660651445388794， num of >0.5: 0
/nas/home/jahin/.local/lib/python3.10/site-packages/sklearn/metrics/_ranking.py:424: UndefinedMetricWarning: Only one class is present in y_true. ROC AUC score is not defined in that case.
  warnings.warn(
/nas/home/jahin/.local/lib/python3.10/site-packages/sklearn/metrics/_ranking.py:1046: UserWarning: No positive class found in y_true, recall is set to one for all thresholds.
  warnings.warn(
AUROC test all: 0.8431645291658459, AUPR test all: 0.46261288717682725, AUROC test unknown: nan, AUPR test unknown: 0.0
Epoch: 43, Best AUROC test all: 0.8680924263465454, AUPR test all: 0.5611209614286751, AUROC test unknown: 0.0, AUPR test unknown: 0.0
pseudo_counter: Counter({0: 34761, -1: 4375, 1: 221})
max_probs: 0.5991134643554688， num of >0.5: 1
/nas/home/jahin/.local/lib/python3.10/site-packages/sklearn/metrics/_ranking.py:424: UndefinedMetricWarning: Only one class is present in y_true. ROC AUC score is not defined in that case.
  warnings.warn(
/nas/home/jahin/.local/lib/python3.10/site-packages/sklearn/metrics/_ranking.py:1046: UserWarning: No positive class found in y_true, recall is set to one for all thresholds.
  warnings.warn(
AUROC test all: 0.8455624190792463, AUPR test all: 0.46753222110745074, AUROC test unknown: nan, AUPR test unknown: 0.0
Epoch: 44, Best AUROC test all: 0.8680924263465454, AUPR test all: 0.5611209614286751, AUROC test unknown: 0.0, AUPR test unknown: 0.0
pseudo_counter: Counter({0: 34771, -1: 4374, 1: 212})
max_probs: 0.9994083642959595， num of >0.5: 9
/nas/home/jahin/.local/lib/python3.10/site-packages/sklearn/metrics/_ranking.py:424: UndefinedMetricWarning: Only one class is present in y_true. ROC AUC score is not defined in that case.
  warnings.warn(
/nas/home/jahin/.local/lib/python3.10/site-packages/sklearn/metrics/_ranking.py:1046: UserWarning: No positive class found in y_true, recall is set to one for all thresholds.
  warnings.warn(
AUROC test all: 0.8462201615657878, AUPR test all: 0.43802979579215373, AUROC test unknown: nan, AUPR test unknown: 0.0
Epoch: 45, Best AUROC test all: 0.8680924263465454, AUPR test all: 0.5611209614286751, AUROC test unknown: 0.0, AUPR test unknown: 0.0
pseudo_counter: Counter({0: 34774, -1: 4373, 1: 210})
max_probs: 1.0， num of >0.5: 69
/nas/home/jahin/.local/lib/python3.10/site-packages/sklearn/metrics/_ranking.py:424: UndefinedMetricWarning: Only one class is present in y_true. ROC AUC score is not defined in that case.
  warnings.warn(
/nas/home/jahin/.local/lib/python3.10/site-packages/sklearn/metrics/_ranking.py:1046: UserWarning: No positive class found in y_true, recall is set to one for all thresholds.
  warnings.warn(
AUROC test all: 0.8267420731920925, AUPR test all: 0.29932942124349826, AUROC test unknown: nan, AUPR test unknown: 0.0
Epoch: 46, Best AUROC test all: 0.8680924263465454, AUPR test all: 0.5611209614286751, AUROC test unknown: 0.0, AUPR test unknown: 0.0
pseudo_counter: Counter({0: 34771, -1: 4373, 1: 213})
max_probs: 1.0， num of >0.5: 832
/nas/home/jahin/.local/lib/python3.10/site-packages/sklearn/metrics/_ranking.py:424: UndefinedMetricWarning: Only one class is present in y_true. ROC AUC score is not defined in that case.
  warnings.warn(
/nas/home/jahin/.local/lib/python3.10/site-packages/sklearn/metrics/_ranking.py:1046: UserWarning: No positive class found in y_true, recall is set to one for all thresholds.
  warnings.warn(
AUROC test all: 0.815863676787976, AUPR test all: 0.19424983828411302, AUROC test unknown: nan, AUPR test unknown: 0.0
Epoch: 47, Best AUROC test all: 0.8680924263465454, AUPR test all: 0.5611209614286751, AUROC test unknown: 0.0, AUPR test unknown: 0.0
pseudo_counter: Counter({0: 34730, -1: 4373, 1: 254})
max_probs: 1.0， num of >0.5: 1997
/nas/home/jahin/.local/lib/python3.10/site-packages/sklearn/metrics/_ranking.py:424: UndefinedMetricWarning: Only one class is present in y_true. ROC AUC score is not defined in that case.
  warnings.warn(
/nas/home/jahin/.local/lib/python3.10/site-packages/sklearn/metrics/_ranking.py:1046: UserWarning: No positive class found in y_true, recall is set to one for all thresholds.
  warnings.warn(
AUROC test all: 0.8305888631879196, AUPR test all: 0.30061127187828574, AUROC test unknown: nan, AUPR test unknown: 0.0
Epoch: 48, Best AUROC test all: 0.8680924263465454, AUPR test all: 0.5611209614286751, AUROC test unknown: 0.0, AUPR test unknown: 0.0
pseudo_counter: Counter({0: 34637, -1: 4373, 1: 347})
max_probs: 1.0， num of >0.5: 606
/nas/home/jahin/.local/lib/python3.10/site-packages/sklearn/metrics/_ranking.py:424: UndefinedMetricWarning: Only one class is present in y_true. ROC AUC score is not defined in that case.
  warnings.warn(
/nas/home/jahin/.local/lib/python3.10/site-packages/sklearn/metrics/_ranking.py:1046: UserWarning: No positive class found in y_true, recall is set to one for all thresholds.
  warnings.warn(
AUROC test all: 0.848173548056814, AUPR test all: 0.43287317388247737, AUROC test unknown: nan, AUPR test unknown: 0.0
Epoch: 49, Best AUROC test all: 0.8680924263465454, AUPR test all: 0.5611209614286751, AUROC test unknown: 0.0, AUPR test unknown: 0.0
pseudo_counter: Counter({0: 34624, -1: 4373, 1: 360})
max_probs: 0.9999295473098755， num of >0.5: 137
/nas/home/jahin/.local/lib/python3.10/site-packages/sklearn/metrics/_ranking.py:424: UndefinedMetricWarning: Only one class is present in y_true. ROC AUC score is not defined in that case.
  warnings.warn(
/nas/home/jahin/.local/lib/python3.10/site-packages/sklearn/metrics/_ranking.py:1046: UserWarning: No positive class found in y_true, recall is set to one for all thresholds.
  warnings.warn(
AUROC test all: 0.8509155041912998, AUPR test all: 0.4831556046368176, AUROC test unknown: nan, AUPR test unknown: 0.0
Epoch: 50, Best AUROC test all: 0.8680924263465454, AUPR test all: 0.5611209614286751, AUROC test unknown: 0.0, AUPR test unknown: 0.0
pseudo_counter: Counter({0: 34633, -1: 4373, 1: 351})
max_probs: 1.0， num of >0.5: 42
/nas/home/jahin/.local/lib/python3.10/site-packages/sklearn/metrics/_ranking.py:424: UndefinedMetricWarning: Only one class is present in y_true. ROC AUC score is not defined in that case.
  warnings.warn(
/nas/home/jahin/.local/lib/python3.10/site-packages/sklearn/metrics/_ranking.py:1046: UserWarning: No positive class found in y_true, recall is set to one for all thresholds.
  warnings.warn(
AUROC test all: 0.8513991144503311, AUPR test all: 0.49719223939341317, AUROC test unknown: nan, AUPR test unknown: 0.0
Epoch: 51, Best AUROC test all: 0.8680924263465454, AUPR test all: 0.5611209614286751, AUROC test unknown: 0.0, AUPR test unknown: 0.0
pseudo_counter: Counter({0: 34633, -1: 4372, 1: 352})
max_probs: 1.0， num of >0.5: 15
/nas/home/jahin/.local/lib/python3.10/site-packages/sklearn/metrics/_ranking.py:424: UndefinedMetricWarning: Only one class is present in y_true. ROC AUC score is not defined in that case.
  warnings.warn(
/nas/home/jahin/.local/lib/python3.10/site-packages/sklearn/metrics/_ranking.py:1046: UserWarning: No positive class found in y_true, recall is set to one for all thresholds.
  warnings.warn(
AUROC test all: 0.8539328759739492, AUPR test all: 0.4916478892318947, AUROC test unknown: nan, AUPR test unknown: 0.0
Epoch: 52, Best AUROC test all: 0.8680924263465454, AUPR test all: 0.5611209614286751, AUROC test unknown: 0.0, AUPR test unknown: 0.0
pseudo_counter: Counter({0: 34639, -1: 4371, 1: 347})
max_probs: 0.9822604060173035， num of >0.5: 23
/nas/home/jahin/.local/lib/python3.10/site-packages/sklearn/metrics/_ranking.py:424: UndefinedMetricWarning: Only one class is present in y_true. ROC AUC score is not defined in that case.
  warnings.warn(
/nas/home/jahin/.local/lib/python3.10/site-packages/sklearn/metrics/_ranking.py:1046: UserWarning: No positive class found in y_true, recall is set to one for all thresholds.
  warnings.warn(
AUROC test all: 0.8510558862328883, AUPR test all: 0.4822279719838461, AUROC test unknown: nan, AUPR test unknown: 0.0
Epoch: 53, Best AUROC test all: 0.8680924263465454, AUPR test all: 0.5611209614286751, AUROC test unknown: 0.0, AUPR test unknown: 0.0
pseudo_counter: Counter({0: 34640, -1: 4371, 1: 346})
max_probs: 0.999872088432312， num of >0.5: 68
/nas/home/jahin/.local/lib/python3.10/site-packages/sklearn/metrics/_ranking.py:424: UndefinedMetricWarning: Only one class is present in y_true. ROC AUC score is not defined in that case.
  warnings.warn(
/nas/home/jahin/.local/lib/python3.10/site-packages/sklearn/metrics/_ranking.py:1046: UserWarning: No positive class found in y_true, recall is set to one for all thresholds.
  warnings.warn(
AUROC test all: 0.8517819095848623, AUPR test all: 0.476514734503873, AUROC test unknown: nan, AUPR test unknown: 0.0
Epoch: 54, Best AUROC test all: 0.8680924263465454, AUPR test all: 0.5611209614286751, AUROC test unknown: 0.0, AUPR test unknown: 0.0
pseudo_counter: Counter({0: 34638, -1: 4371, 1: 348})
max_probs: 0.9999969005584717， num of >0.5: 166
/nas/home/jahin/.local/lib/python3.10/site-packages/sklearn/metrics/_ranking.py:424: UndefinedMetricWarning: Only one class is present in y_true. ROC AUC score is not defined in that case.
  warnings.warn(
/nas/home/jahin/.local/lib/python3.10/site-packages/sklearn/metrics/_ranking.py:1046: UserWarning: No positive class found in y_true, recall is set to one for all thresholds.
  warnings.warn(
AUROC test all: 0.8464935561463427, AUPR test all: 0.4504231841381602, AUROC test unknown: nan, AUPR test unknown: 0.0
Epoch: 55, Best AUROC test all: 0.8680924263465454, AUPR test all: 0.5611209614286751, AUROC test unknown: 0.0, AUPR test unknown: 0.0
pseudo_counter: Counter({0: 34633, -1: 4371, 1: 353})
max_probs: 1.0， num of >0.5: 350
/nas/home/jahin/.local/lib/python3.10/site-packages/sklearn/metrics/_ranking.py:424: UndefinedMetricWarning: Only one class is present in y_true. ROC AUC score is not defined in that case.
  warnings.warn(
/nas/home/jahin/.local/lib/python3.10/site-packages/sklearn/metrics/_ranking.py:1046: UserWarning: No positive class found in y_true, recall is set to one for all thresholds.
  warnings.warn(
AUROC test all: 0.8469536201461596, AUPR test all: 0.4635908843708917, AUROC test unknown: nan, AUPR test unknown: 0.0
Epoch: 56, Best AUROC test all: 0.8680924263465454, AUPR test all: 0.5611209614286751, AUROC test unknown: 0.0, AUPR test unknown: 0.0
pseudo_counter: Counter({0: 34620, -1: 4371, 1: 366})
max_probs: 1.0， num of >0.5: 238
/nas/home/jahin/.local/lib/python3.10/site-packages/sklearn/metrics/_ranking.py:424: UndefinedMetricWarning: Only one class is present in y_true. ROC AUC score is not defined in that case.
  warnings.warn(
/nas/home/jahin/.local/lib/python3.10/site-packages/sklearn/metrics/_ranking.py:1046: UserWarning: No positive class found in y_true, recall is set to one for all thresholds.
  warnings.warn(
AUROC test all: 0.8531937731925725, AUPR test all: 0.47528132176253723, AUROC test unknown: nan, AUPR test unknown: 0.0
Epoch: 57, Best AUROC test all: 0.8680924263465454, AUPR test all: 0.5611209614286751, AUROC test unknown: 0.0, AUPR test unknown: 0.0
pseudo_counter: Counter({0: 34617, -1: 4371, 1: 369})
max_probs: 0.9999991655349731， num of >0.5: 73
/nas/home/jahin/.local/lib/python3.10/site-packages/sklearn/metrics/_ranking.py:424: UndefinedMetricWarning: Only one class is present in y_true. ROC AUC score is not defined in that case.
  warnings.warn(
/nas/home/jahin/.local/lib/python3.10/site-packages/sklearn/metrics/_ranking.py:1046: UserWarning: No positive class found in y_true, recall is set to one for all thresholds.
  warnings.warn(
AUROC test all: 0.8576873787646986, AUPR test all: 0.495995674263055, AUROC test unknown: nan, AUPR test unknown: 0.0
Epoch: 58, Best AUROC test all: 0.8680924263465454, AUPR test all: 0.5611209614286751, AUROC test unknown: 0.0, AUPR test unknown: 0.0
pseudo_counter: Counter({0: 34622, -1: 4371, 1: 364})
max_probs: 0.9985736608505249， num of >0.5: 29
/nas/home/jahin/.local/lib/python3.10/site-packages/sklearn/metrics/_ranking.py:424: UndefinedMetricWarning: Only one class is present in y_true. ROC AUC score is not defined in that case.
  warnings.warn(
/nas/home/jahin/.local/lib/python3.10/site-packages/sklearn/metrics/_ranking.py:1046: UserWarning: No positive class found in y_true, recall is set to one for all thresholds.
  warnings.warn(
AUROC test all: 0.854967054626204, AUPR test all: 0.487377591970063, AUROC test unknown: nan, AUPR test unknown: 0.0
Epoch: 59, Best AUROC test all: 0.8680924263465454, AUPR test all: 0.5611209614286751, AUROC test unknown: 0.0, AUPR test unknown: 0.0
pseudo_counter: Counter({0: 34623, -1: 4371, 1: 363})
max_probs: 0.968363881111145， num of >0.5: 27
/nas/home/jahin/.local/lib/python3.10/site-packages/sklearn/metrics/_ranking.py:424: UndefinedMetricWarning: Only one class is present in y_true. ROC AUC score is not defined in that case.
  warnings.warn(
/nas/home/jahin/.local/lib/python3.10/site-packages/sklearn/metrics/_ranking.py:1046: UserWarning: No positive class found in y_true, recall is set to one for all thresholds.
  warnings.warn(
AUROC test all: 0.8559384651624797, AUPR test all: 0.49447172733057293, AUROC test unknown: nan, AUPR test unknown: 0.0
Epoch: 60, Best AUROC test all: 0.8680924263465454, AUPR test all: 0.5611209614286751, AUROC test unknown: 0.0, AUPR test unknown: 0.0
pseudo_counter: Counter({0: 34624, -1: 4371, 1: 362})
max_probs: 0.9986143112182617， num of >0.5: 52
/nas/home/jahin/.local/lib/python3.10/site-packages/sklearn/metrics/_ranking.py:424: UndefinedMetricWarning: Only one class is present in y_true. ROC AUC score is not defined in that case.
  warnings.warn(
/nas/home/jahin/.local/lib/python3.10/site-packages/sklearn/metrics/_ranking.py:1046: UserWarning: No positive class found in y_true, recall is set to one for all thresholds.
  warnings.warn(
AUROC test all: 0.8535754920675234, AUPR test all: 0.4733526389148866, AUROC test unknown: nan, AUPR test unknown: 0.0
Epoch: 61, Best AUROC test all: 0.8680924263465454, AUPR test all: 0.5611209614286751, AUROC test unknown: 0.0, AUPR test unknown: 0.0
pseudo_counter: Counter({0: 34623, -1: 4371, 1: 363})
max_probs: 1.0， num of >0.5: 138
/nas/home/jahin/.local/lib/python3.10/site-packages/sklearn/metrics/_ranking.py:424: UndefinedMetricWarning: Only one class is present in y_true. ROC AUC score is not defined in that case.
  warnings.warn(
/nas/home/jahin/.local/lib/python3.10/site-packages/sklearn/metrics/_ranking.py:1046: UserWarning: No positive class found in y_true, recall is set to one for all thresholds.
  warnings.warn(
AUROC test all: 0.8495607891457299, AUPR test all: 0.449557837697705, AUROC test unknown: nan, AUPR test unknown: 0.0
Epoch: 62, Best AUROC test all: 0.8680924263465454, AUPR test all: 0.5611209614286751, AUROC test unknown: 0.0, AUPR test unknown: 0.0
pseudo_counter: Counter({0: 34621, -1: 4371, 1: 365})
max_probs: 0.9999964237213135， num of >0.5: 254
/nas/home/jahin/.local/lib/python3.10/site-packages/sklearn/metrics/_ranking.py:424: UndefinedMetricWarning: Only one class is present in y_true. ROC AUC score is not defined in that case.
  warnings.warn(
/nas/home/jahin/.local/lib/python3.10/site-packages/sklearn/metrics/_ranking.py:1046: UserWarning: No positive class found in y_true, recall is set to one for all thresholds.
  warnings.warn(
AUROC test all: 0.8549805530574284, AUPR test all: 0.463037857772559, AUROC test unknown: nan, AUPR test unknown: 0.0
Epoch: 63, Best AUROC test all: 0.8680924263465454, AUPR test all: 0.5611209614286751, AUROC test unknown: 0.0, AUPR test unknown: 0.0
pseudo_counter: Counter({0: 34614, -1: 4371, 1: 372})
max_probs: 0.9956462979316711， num of >0.5: 159
/nas/home/jahin/.local/lib/python3.10/site-packages/sklearn/metrics/_ranking.py:424: UndefinedMetricWarning: Only one class is present in y_true. ROC AUC score is not defined in that case.
  warnings.warn(
/nas/home/jahin/.local/lib/python3.10/site-packages/sklearn/metrics/_ranking.py:1046: UserWarning: No positive class found in y_true, recall is set to one for all thresholds.
  warnings.warn(
AUROC test all: 0.8541531148332495, AUPR test all: 0.48552988230824934, AUROC test unknown: nan, AUPR test unknown: 0.0
Epoch: 64, Best AUROC test all: 0.8680924263465454, AUPR test all: 0.5611209614286751, AUROC test unknown: 0.0, AUPR test unknown: 0.0
pseudo_counter: Counter({0: 34610, -1: 4371, 1: 376})
max_probs: 0.9764397144317627， num of >0.5: 53
/nas/home/jahin/.local/lib/python3.10/site-packages/sklearn/metrics/_ranking.py:424: UndefinedMetricWarning: Only one class is present in y_true. ROC AUC score is not defined in that case.
  warnings.warn(
/nas/home/jahin/.local/lib/python3.10/site-packages/sklearn/metrics/_ranking.py:1046: UserWarning: No positive class found in y_true, recall is set to one for all thresholds.
  warnings.warn(
AUROC test all: 0.8575460436993594, AUPR test all: 0.5045179324785812, AUROC test unknown: nan, AUPR test unknown: 0.0
Epoch: 65, Best AUROC test all: 0.8680924263465454, AUPR test all: 0.5611209614286751, AUROC test unknown: 0.0, AUPR test unknown: 0.0
pseudo_counter: Counter({0: 34610, -1: 4371, 1: 376})
max_probs: 0.9193660020828247， num of >0.5: 25
/nas/home/jahin/.local/lib/python3.10/site-packages/sklearn/metrics/_ranking.py:424: UndefinedMetricWarning: Only one class is present in y_true. ROC AUC score is not defined in that case.
  warnings.warn(
/nas/home/jahin/.local/lib/python3.10/site-packages/sklearn/metrics/_ranking.py:1046: UserWarning: No positive class found in y_true, recall is set to one for all thresholds.
  warnings.warn(
AUROC test all: 0.8622632319296344, AUPR test all: 0.5167072380180848, AUROC test unknown: nan, AUPR test unknown: 0.0
Epoch: 66, Best AUROC test all: 0.8680924263465454, AUPR test all: 0.5611209614286751, AUROC test unknown: 0.0, AUPR test unknown: 0.0
pseudo_counter: Counter({0: 34609, -1: 4371, 1: 377})
max_probs: 0.9366071820259094， num of >0.5: 45
/nas/home/jahin/.local/lib/python3.10/site-packages/sklearn/metrics/_ranking.py:424: UndefinedMetricWarning: Only one class is present in y_true. ROC AUC score is not defined in that case.
  warnings.warn(
/nas/home/jahin/.local/lib/python3.10/site-packages/sklearn/metrics/_ranking.py:1046: UserWarning: No positive class found in y_true, recall is set to one for all thresholds.
  warnings.warn(
AUROC test all: 0.8651378308955971, AUPR test all: 0.5273378258084199, AUROC test unknown: nan, AUPR test unknown: 0.0
Epoch: 67, Best AUROC test all: 0.8680924263465454, AUPR test all: 0.5611209614286751, AUROC test unknown: 0.0, AUPR test unknown: 0.0
pseudo_counter: Counter({0: 34607, -1: 4371, 1: 379})
max_probs: 0.9865504503250122， num of >0.5: 35
/nas/home/jahin/.local/lib/python3.10/site-packages/sklearn/metrics/_ranking.py:424: UndefinedMetricWarning: Only one class is present in y_true. ROC AUC score is not defined in that case.
  warnings.warn(
/nas/home/jahin/.local/lib/python3.10/site-packages/sklearn/metrics/_ranking.py:1046: UserWarning: No positive class found in y_true, recall is set to one for all thresholds.
  warnings.warn(
AUROC test all: 0.8680926563867609, AUPR test all: 0.5169336714127364, AUROC test unknown: nan, AUPR test unknown: 0.0
Epoch: 68, Best AUROC test all: 0.8680926563867609, AUPR test all: 0.5611209614286751, AUROC test unknown: 0.0, AUPR test unknown: 0.0
pseudo_counter: Counter({0: 34608, -1: 4371, 1: 378})
max_probs: 0.9992449283599854， num of >0.5: 94
/nas/home/jahin/.local/lib/python3.10/site-packages/sklearn/metrics/_ranking.py:424: UndefinedMetricWarning: Only one class is present in y_true. ROC AUC score is not defined in that case.
  warnings.warn(
/nas/home/jahin/.local/lib/python3.10/site-packages/sklearn/metrics/_ranking.py:1046: UserWarning: No positive class found in y_true, recall is set to one for all thresholds.
  warnings.warn(
AUROC test all: 0.8670183028539906, AUPR test all: 0.5054626910753164, AUROC test unknown: nan, AUPR test unknown: 0.0
Epoch: 69, Best AUROC test all: 0.8680926563867609, AUPR test all: 0.5611209614286751, AUROC test unknown: 0.0, AUPR test unknown: 0.0
pseudo_counter: Counter({0: 34604, -1: 4371, 1: 382})
max_probs: 0.9998705387115479， num of >0.5: 130
/nas/home/jahin/.local/lib/python3.10/site-packages/sklearn/metrics/_ranking.py:424: UndefinedMetricWarning: Only one class is present in y_true. ROC AUC score is not defined in that case.
  warnings.warn(
/nas/home/jahin/.local/lib/python3.10/site-packages/sklearn/metrics/_ranking.py:1046: UserWarning: No positive class found in y_true, recall is set to one for all thresholds.
  warnings.warn(
AUROC test all: 0.8699751494127632, AUPR test all: 0.5220881466449063, AUROC test unknown: nan, AUPR test unknown: 0.0
Epoch: 70, Best AUROC test all: 0.8699751494127632, AUPR test all: 0.5611209614286751, AUROC test unknown: 0.0, AUPR test unknown: 0.0
pseudo_counter: Counter({0: 34598, -1: 4371, 1: 388})
max_probs: 0.997417688369751， num of >0.5: 104
/nas/home/jahin/.local/lib/python3.10/site-packages/sklearn/metrics/_ranking.py:424: UndefinedMetricWarning: Only one class is present in y_true. ROC AUC score is not defined in that case.
  warnings.warn(
/nas/home/jahin/.local/lib/python3.10/site-packages/sklearn/metrics/_ranking.py:1046: UserWarning: No positive class found in y_true, recall is set to one for all thresholds.
  warnings.warn(
AUROC test all: 0.8717282037388633, AUPR test all: 0.5419736225459941, AUROC test unknown: nan, AUPR test unknown: 0.0
Epoch: 71, Best AUROC test all: 0.8717282037388633, AUPR test all: 0.5611209614286751, AUROC test unknown: 0.0, AUPR test unknown: 0.0
pseudo_counter: Counter({0: 34597, -1: 4371, 1: 389})
max_probs: 0.9936133027076721， num of >0.5: 40
/nas/home/jahin/.local/lib/python3.10/site-packages/sklearn/metrics/_ranking.py:424: UndefinedMetricWarning: Only one class is present in y_true. ROC AUC score is not defined in that case.
  warnings.warn(
/nas/home/jahin/.local/lib/python3.10/site-packages/sklearn/metrics/_ranking.py:1046: UserWarning: No positive class found in y_true, recall is set to one for all thresholds.
  warnings.warn(
AUROC test all: 0.8691052441216345, AUPR test all: 0.542264537876956, AUROC test unknown: nan, AUPR test unknown: 0.0
Epoch: 72, Best AUROC test all: 0.8717282037388633, AUPR test all: 0.5611209614286751, AUROC test unknown: 0.0, AUPR test unknown: 0.0
pseudo_counter: Counter({0: 34595, -1: 4371, 1: 391})
max_probs: 0.9628807902336121， num of >0.5: 32
/nas/home/jahin/.local/lib/python3.10/site-packages/sklearn/metrics/_ranking.py:424: UndefinedMetricWarning: Only one class is present in y_true. ROC AUC score is not defined in that case.
  warnings.warn(
/nas/home/jahin/.local/lib/python3.10/site-packages/sklearn/metrics/_ranking.py:1046: UserWarning: No positive class found in y_true, recall is set to one for all thresholds.
  warnings.warn(
AUROC test all: 0.8666009441770611, AUPR test all: 0.5426539080561298, AUROC test unknown: nan, AUPR test unknown: 0.0
Epoch: 73, Best AUROC test all: 0.8717282037388633, AUPR test all: 0.5611209614286751, AUROC test unknown: 0.0, AUPR test unknown: 0.0
pseudo_counter: Counter({0: 34593, -1: 4371, 1: 393})
max_probs: 0.9791841506958008， num of >0.5: 31
/nas/home/jahin/.local/lib/python3.10/site-packages/sklearn/metrics/_ranking.py:424: UndefinedMetricWarning: Only one class is present in y_true. ROC AUC score is not defined in that case.
  warnings.warn(
/nas/home/jahin/.local/lib/python3.10/site-packages/sklearn/metrics/_ranking.py:1046: UserWarning: No positive class found in y_true, recall is set to one for all thresholds.
  warnings.warn(
AUROC test all: 0.8742643560375797, AUPR test all: 0.5440632348696244, AUROC test unknown: nan, AUPR test unknown: 0.0
Epoch: 74, Best AUROC test all: 0.8742643560375797, AUPR test all: 0.5611209614286751, AUROC test unknown: 0.0, AUPR test unknown: 0.0
pseudo_counter: Counter({0: 34592, -1: 4371, 1: 394})
max_probs: 0.996688187122345， num of >0.5: 46
/nas/home/jahin/.local/lib/python3.10/site-packages/sklearn/metrics/_ranking.py:424: UndefinedMetricWarning: Only one class is present in y_true. ROC AUC score is not defined in that case.
  warnings.warn(
/nas/home/jahin/.local/lib/python3.10/site-packages/sklearn/metrics/_ranking.py:1046: UserWarning: No positive class found in y_true, recall is set to one for all thresholds.
  warnings.warn(
AUROC test all: 0.8739737988137943, AUPR test all: 0.5436218237439225, AUROC test unknown: nan, AUPR test unknown: 0.0
Epoch: 75, Best AUROC test all: 0.8742643560375797, AUPR test all: 0.5611209614286751, AUROC test unknown: 0.0, AUPR test unknown: 0.0
pseudo_counter: Counter({0: 34593, -1: 4370, 1: 394})
max_probs: 0.9999969005584717， num of >0.5: 80
/nas/home/jahin/.local/lib/python3.10/site-packages/sklearn/metrics/_ranking.py:424: UndefinedMetricWarning: Only one class is present in y_true. ROC AUC score is not defined in that case.
  warnings.warn(
/nas/home/jahin/.local/lib/python3.10/site-packages/sklearn/metrics/_ranking.py:1046: UserWarning: No positive class found in y_true, recall is set to one for all thresholds.
  warnings.warn(
AUROC test all: 0.8716777099115325, AUPR test all: 0.551220143511414, AUROC test unknown: nan, AUPR test unknown: 0.0
Epoch: 76, Best AUROC test all: 0.8742643560375797, AUPR test all: 0.5611209614286751, AUROC test unknown: 0.0, AUPR test unknown: 0.0
pseudo_counter: Counter({0: 34591, -1: 4370, 1: 396})
max_probs: 0.9998795986175537， num of >0.5: 65
/nas/home/jahin/.local/lib/python3.10/site-packages/sklearn/metrics/_ranking.py:424: UndefinedMetricWarning: Only one class is present in y_true. ROC AUC score is not defined in that case.
  warnings.warn(
/nas/home/jahin/.local/lib/python3.10/site-packages/sklearn/metrics/_ranking.py:1046: UserWarning: No positive class found in y_true, recall is set to one for all thresholds.
  warnings.warn(
AUROC test all: 0.8726215813477083, AUPR test all: 0.5382302161209197, AUROC test unknown: nan, AUPR test unknown: 0.0
Epoch: 77, Best AUROC test all: 0.8742643560375797, AUPR test all: 0.5611209614286751, AUROC test unknown: 0.0, AUPR test unknown: 0.0
pseudo_counter: Counter({0: 34589, -1: 4370, 1: 398})
max_probs: 0.9993438124656677， num of >0.5: 44
/nas/home/jahin/.local/lib/python3.10/site-packages/sklearn/metrics/_ranking.py:424: UndefinedMetricWarning: Only one class is present in y_true. ROC AUC score is not defined in that case.
  warnings.warn(
/nas/home/jahin/.local/lib/python3.10/site-packages/sklearn/metrics/_ranking.py:1046: UserWarning: No positive class found in y_true, recall is set to one for all thresholds.
  warnings.warn(
AUROC test all: 0.8749552571780599, AUPR test all: 0.5467151919287896, AUROC test unknown: nan, AUPR test unknown: 0.0
Epoch: 78, Best AUROC test all: 0.8749552571780599, AUPR test all: 0.5611209614286751, AUROC test unknown: 0.0, AUPR test unknown: 0.0
pseudo_counter: Counter({0: 34587, -1: 4370, 1: 400})
max_probs: 0.998645007610321， num of >0.5: 40
/nas/home/jahin/.local/lib/python3.10/site-packages/sklearn/metrics/_ranking.py:424: UndefinedMetricWarning: Only one class is present in y_true. ROC AUC score is not defined in that case.
  warnings.warn(
/nas/home/jahin/.local/lib/python3.10/site-packages/sklearn/metrics/_ranking.py:1046: UserWarning: No positive class found in y_true, recall is set to one for all thresholds.
  warnings.warn(
AUROC test all: 0.8732382287928717, AUPR test all: 0.5454387864903124, AUROC test unknown: nan, AUPR test unknown: 0.0
Epoch: 79, Best AUROC test all: 0.8749552571780599, AUPR test all: 0.5611209614286751, AUROC test unknown: 0.0, AUPR test unknown: 0.0
pseudo_counter: Counter({0: 34587, -1: 4370, 1: 400})
max_probs: 1.0， num of >0.5: 57
/nas/home/jahin/.local/lib/python3.10/site-packages/sklearn/metrics/_ranking.py:424: UndefinedMetricWarning: Only one class is present in y_true. ROC AUC score is not defined in that case.
  warnings.warn(
/nas/home/jahin/.local/lib/python3.10/site-packages/sklearn/metrics/_ranking.py:1046: UserWarning: No positive class found in y_true, recall is set to one for all thresholds.
  warnings.warn(
AUROC test all: 0.8787352862170221, AUPR test all: 0.5663300339076642, AUROC test unknown: nan, AUPR test unknown: 0.0
Epoch: 80, Best AUROC test all: 0.8787352862170221, AUPR test all: 0.5663300339076642, AUROC test unknown: 0.0, AUPR test unknown: 0.0
pseudo_counter: Counter({0: 34586, -1: 4370, 1: 401})
max_probs: 1.0， num of >0.5: 68
/nas/home/jahin/.local/lib/python3.10/site-packages/sklearn/metrics/_ranking.py:424: UndefinedMetricWarning: Only one class is present in y_true. ROC AUC score is not defined in that case.
  warnings.warn(
/nas/home/jahin/.local/lib/python3.10/site-packages/sklearn/metrics/_ranking.py:1046: UserWarning: No positive class found in y_true, recall is set to one for all thresholds.
  warnings.warn(
AUROC test all: 0.873226439231821, AUPR test all: 0.5475854620166892, AUROC test unknown: nan, AUPR test unknown: 0.0
Epoch: 81, Best AUROC test all: 0.8787352862170221, AUPR test all: 0.5663300339076642, AUROC test unknown: 0.0, AUPR test unknown: 0.0
pseudo_counter: Counter({0: 34583, -1: 4370, 1: 404})
max_probs: 0.9950253367424011， num of >0.5: 51
/nas/home/jahin/.local/lib/python3.10/site-packages/sklearn/metrics/_ranking.py:424: UndefinedMetricWarning: Only one class is present in y_true. ROC AUC score is not defined in that case.
  warnings.warn(
/nas/home/jahin/.local/lib/python3.10/site-packages/sklearn/metrics/_ranking.py:1046: UserWarning: No positive class found in y_true, recall is set to one for all thresholds.
  warnings.warn(
AUROC test all: 0.8737696709853101, AUPR test all: 0.5607165821429074, AUROC test unknown: nan, AUPR test unknown: 0.0
Epoch: 82, Best AUROC test all: 0.8787352862170221, AUPR test all: 0.5663300339076642, AUROC test unknown: 0.0, AUPR test unknown: 0.0
pseudo_counter: Counter({0: 34583, -1: 4370, 1: 404})
max_probs: 0.9999996423721313， num of >0.5: 21
/nas/home/jahin/.local/lib/python3.10/site-packages/sklearn/metrics/_ranking.py:424: UndefinedMetricWarning: Only one class is present in y_true. ROC AUC score is not defined in that case.
  warnings.warn(
/nas/home/jahin/.local/lib/python3.10/site-packages/sklearn/metrics/_ranking.py:1046: UserWarning: No positive class found in y_true, recall is set to one for all thresholds.
  warnings.warn(
AUROC test all: 0.8768205300507778, AUPR test all: 0.5596899496142033, AUROC test unknown: nan, AUPR test unknown: 0.0
Epoch: 83, Best AUROC test all: 0.8787352862170221, AUPR test all: 0.5663300339076642, AUROC test unknown: 0.0, AUPR test unknown: 0.0
pseudo_counter: Counter({0: 34583, -1: 4370, 1: 404})
max_probs: 0.9999942779541016， num of >0.5: 43
/nas/home/jahin/.local/lib/python3.10/site-packages/sklearn/metrics/_ranking.py:424: UndefinedMetricWarning: Only one class is present in y_true. ROC AUC score is not defined in that case.
  warnings.warn(
/nas/home/jahin/.local/lib/python3.10/site-packages/sklearn/metrics/_ranking.py:1046: UserWarning: No positive class found in y_true, recall is set to one for all thresholds.
  warnings.warn(
AUROC test all: 0.8754893448329779, AUPR test all: 0.5647525750773039, AUROC test unknown: nan, AUPR test unknown: 0.0
Epoch: 84, Best AUROC test all: 0.8787352862170221, AUPR test all: 0.5663300339076642, AUROC test unknown: 0.0, AUPR test unknown: 0.0
pseudo_counter: Counter({0: 34584, -1: 4370, 1: 403})
max_probs: 1.0， num of >0.5: 48
/nas/home/jahin/.local/lib/python3.10/site-packages/sklearn/metrics/_ranking.py:424: UndefinedMetricWarning: Only one class is present in y_true. ROC AUC score is not defined in that case.
  warnings.warn(
/nas/home/jahin/.local/lib/python3.10/site-packages/sklearn/metrics/_ranking.py:1046: UserWarning: No positive class found in y_true, recall is set to one for all thresholds.
  warnings.warn(
AUROC test all: 0.8696467094948968, AUPR test all: 0.5409092602244989, AUROC test unknown: nan, AUPR test unknown: 0.0
Epoch: 85, Best AUROC test all: 0.8787352862170221, AUPR test all: 0.5663300339076642, AUROC test unknown: 0.0, AUPR test unknown: 0.0
pseudo_counter: Counter({0: 34583, -1: 4370, 1: 404})
max_probs: 0.9952125549316406， num of >0.5: 20
/nas/home/jahin/.local/lib/python3.10/site-packages/sklearn/metrics/_ranking.py:424: UndefinedMetricWarning: Only one class is present in y_true. ROC AUC score is not defined in that case.
  warnings.warn(
/nas/home/jahin/.local/lib/python3.10/site-packages/sklearn/metrics/_ranking.py:1046: UserWarning: No positive class found in y_true, recall is set to one for all thresholds.
  warnings.warn(
AUROC test all: 0.8767936482084369, AUPR test all: 0.5701798632185141, AUROC test unknown: nan, AUPR test unknown: 0.0
Epoch: 86, Best AUROC test all: 0.8787352862170221, AUPR test all: 0.5701798632185141, AUROC test unknown: 0.0, AUPR test unknown: 0.0
pseudo_counter: Counter({0: 34584, -1: 4370, 1: 403})
max_probs: 0.9996204376220703， num of >0.5: 20
/nas/home/jahin/.local/lib/python3.10/site-packages/sklearn/metrics/_ranking.py:424: UndefinedMetricWarning: Only one class is present in y_true. ROC AUC score is not defined in that case.
  warnings.warn(
/nas/home/jahin/.local/lib/python3.10/site-packages/sklearn/metrics/_ranking.py:1046: UserWarning: No positive class found in y_true, recall is set to one for all thresholds.
  warnings.warn(
AUROC test all: 0.8764143036771401, AUPR test all: 0.5596794471183787, AUROC test unknown: nan, AUPR test unknown: 0.0
Epoch: 87, Best AUROC test all: 0.8787352862170221, AUPR test all: 0.5701798632185141, AUROC test unknown: 0.0, AUPR test unknown: 0.0
pseudo_counter: Counter({0: 34586, -1: 4370, 1: 401})
max_probs: 0.9115793108940125， num of >0.5: 13
/nas/home/jahin/.local/lib/python3.10/site-packages/sklearn/metrics/_ranking.py:424: UndefinedMetricWarning: Only one class is present in y_true. ROC AUC score is not defined in that case.
  warnings.warn(
/nas/home/jahin/.local/lib/python3.10/site-packages/sklearn/metrics/_ranking.py:1046: UserWarning: No positive class found in y_true, recall is set to one for all thresholds.
  warnings.warn(
AUROC test all: 0.86902835317956, AUPR test all: 0.565142209534765, AUROC test unknown: nan, AUPR test unknown: 0.0
Epoch: 88, Best AUROC test all: 0.8787352862170221, AUPR test all: 0.5701798632185141, AUROC test unknown: 0.0, AUPR test unknown: 0.0
pseudo_counter: Counter({0: 34587, -1: 4369, 1: 401})
max_probs: 1.0， num of >0.5: 28
/nas/home/jahin/.local/lib/python3.10/site-packages/sklearn/metrics/_ranking.py:424: UndefinedMetricWarning: Only one class is present in y_true. ROC AUC score is not defined in that case.
  warnings.warn(
/nas/home/jahin/.local/lib/python3.10/site-packages/sklearn/metrics/_ranking.py:1046: UserWarning: No positive class found in y_true, recall is set to one for all thresholds.
  warnings.warn(
AUROC test all: 0.8709805648223423, AUPR test all: 0.5557884267499417, AUROC test unknown: nan, AUPR test unknown: 0.0
Epoch: 89, Best AUROC test all: 0.8787352862170221, AUPR test all: 0.5701798632185141, AUROC test unknown: 0.0, AUPR test unknown: 0.0
pseudo_counter: Counter({0: 34587, -1: 4369, 1: 401})
max_probs: 0.9992184638977051， num of >0.5: 24
/nas/home/jahin/.local/lib/python3.10/site-packages/sklearn/metrics/_ranking.py:424: UndefinedMetricWarning: Only one class is present in y_true. ROC AUC score is not defined in that case.
  warnings.warn(
/nas/home/jahin/.local/lib/python3.10/site-packages/sklearn/metrics/_ranking.py:1046: UserWarning: No positive class found in y_true, recall is set to one for all thresholds.
  warnings.warn(
AUROC test all: 0.8715315768645532, AUPR test all: 0.5593954316574319, AUROC test unknown: nan, AUPR test unknown: 0.0
Epoch: 90, Best AUROC test all: 0.8787352862170221, AUPR test all: 0.5701798632185141, AUROC test unknown: 0.0, AUPR test unknown: 0.0
pseudo_counter: Counter({0: 34589, -1: 4368, 1: 400})
max_probs: 0.9929121136665344， num of >0.5: 20
/nas/home/jahin/.local/lib/python3.10/site-packages/sklearn/metrics/_ranking.py:424: UndefinedMetricWarning: Only one class is present in y_true. ROC AUC score is not defined in that case.
  warnings.warn(
/nas/home/jahin/.local/lib/python3.10/site-packages/sklearn/metrics/_ranking.py:1046: UserWarning: No positive class found in y_true, recall is set to one for all thresholds.
  warnings.warn(
AUROC test all: 0.8741919015853781, AUPR test all: 0.5476993815034205, AUROC test unknown: nan, AUPR test unknown: 0.0
Epoch: 91, Best AUROC test all: 0.8787352862170221, AUPR test all: 0.5701798632185141, AUROC test unknown: 0.0, AUPR test unknown: 0.0
pseudo_counter: Counter({0: 34589, -1: 4368, 1: 400})
max_probs: 0.9950377345085144， num of >0.5: 43
/nas/home/jahin/.local/lib/python3.10/site-packages/sklearn/metrics/_ranking.py:424: UndefinedMetricWarning: Only one class is present in y_true. ROC AUC score is not defined in that case.
  warnings.warn(
/nas/home/jahin/.local/lib/python3.10/site-packages/sklearn/metrics/_ranking.py:1046: UserWarning: No positive class found in y_true, recall is set to one for all thresholds.
  warnings.warn(
AUROC test all: 0.8716517564457762, AUPR test all: 0.5585842600229295, AUROC test unknown: nan, AUPR test unknown: 0.0
Epoch: 92, Best AUROC test all: 0.8787352862170221, AUPR test all: 0.5701798632185141, AUROC test unknown: 0.0, AUPR test unknown: 0.0
pseudo_counter: Counter({0: 34589, -1: 4368, 1: 400})
max_probs: 1.0， num of >0.5: 27
/nas/home/jahin/.local/lib/python3.10/site-packages/sklearn/metrics/_ranking.py:424: UndefinedMetricWarning: Only one class is present in y_true. ROC AUC score is not defined in that case.
  warnings.warn(
/nas/home/jahin/.local/lib/python3.10/site-packages/sklearn/metrics/_ranking.py:1046: UserWarning: No positive class found in y_true, recall is set to one for all thresholds.
  warnings.warn(
AUROC test all: 0.8740787628778978, AUPR test all: 0.5587251661802835, AUROC test unknown: nan, AUPR test unknown: 0.0
Epoch: 93, Best AUROC test all: 0.8787352862170221, AUPR test all: 0.5701798632185141, AUROC test unknown: 0.0, AUPR test unknown: 0.0
pseudo_counter: Counter({0: 34591, -1: 4368, 1: 398})
max_probs: 0.9995483756065369， num of >0.5: 45
/nas/home/jahin/.local/lib/python3.10/site-packages/sklearn/metrics/_ranking.py:424: UndefinedMetricWarning: Only one class is present in y_true. ROC AUC score is not defined in that case.
  warnings.warn(
/nas/home/jahin/.local/lib/python3.10/site-packages/sklearn/metrics/_ranking.py:1046: UserWarning: No positive class found in y_true, recall is set to one for all thresholds.
  warnings.warn(
AUROC test all: 0.8715514753432051, AUPR test all: 0.5619457182978427, AUROC test unknown: nan, AUPR test unknown: 0.0
Epoch: 94, Best AUROC test all: 0.8787352862170221, AUPR test all: 0.5701798632185141, AUROC test unknown: 0.0, AUPR test unknown: 0.0
pseudo_counter: Counter({0: 34591, -1: 4368, 1: 398})
max_probs: 1.0， num of >0.5: 35
/nas/home/jahin/.local/lib/python3.10/site-packages/sklearn/metrics/_ranking.py:424: UndefinedMetricWarning: Only one class is present in y_true. ROC AUC score is not defined in that case.
  warnings.warn(
/nas/home/jahin/.local/lib/python3.10/site-packages/sklearn/metrics/_ranking.py:1046: UserWarning: No positive class found in y_true, recall is set to one for all thresholds.
  warnings.warn(
AUROC test all: 0.8668860132985591, AUPR test all: 0.5647927031061235, AUROC test unknown: nan, AUPR test unknown: 0.0
Epoch: 95, Best AUROC test all: 0.8787352862170221, AUPR test all: 0.5701798632185141, AUROC test unknown: 0.0, AUPR test unknown: 0.0
pseudo_counter: Counter({0: 34593, -1: 4368, 1: 396})
max_probs: 0.9999992847442627， num of >0.5: 41
/nas/home/jahin/.local/lib/python3.10/site-packages/sklearn/metrics/_ranking.py:424: UndefinedMetricWarning: Only one class is present in y_true. ROC AUC score is not defined in that case.
  warnings.warn(
/nas/home/jahin/.local/lib/python3.10/site-packages/sklearn/metrics/_ranking.py:1046: UserWarning: No positive class found in y_true, recall is set to one for all thresholds.
  warnings.warn(
AUROC test all: 0.8748798122030551, AUPR test all: 0.5692157433383188, AUROC test unknown: nan, AUPR test unknown: 0.0
Epoch: 96, Best AUROC test all: 0.8787352862170221, AUPR test all: 0.5701798632185141, AUROC test unknown: 0.0, AUPR test unknown: 0.0
pseudo_counter: Counter({0: 34592, -1: 4368, 1: 397})
max_probs: 1.0， num of >0.5: 56
/nas/home/jahin/.local/lib/python3.10/site-packages/sklearn/metrics/_ranking.py:424: UndefinedMetricWarning: Only one class is present in y_true. ROC AUC score is not defined in that case.
  warnings.warn(
/nas/home/jahin/.local/lib/python3.10/site-packages/sklearn/metrics/_ranking.py:1046: UserWarning: No positive class found in y_true, recall is set to one for all thresholds.
  warnings.warn(
AUROC test all: 0.8731527442055992, AUPR test all: 0.5718386090050034, AUROC test unknown: nan, AUPR test unknown: 0.0
Epoch: 97, Best AUROC test all: 0.8787352862170221, AUPR test all: 0.5718386090050034, AUROC test unknown: 0.0, AUPR test unknown: 0.0
pseudo_counter: Counter({0: 34592, -1: 4368, 1: 397})
max_probs: 1.0， num of >0.5: 58
/nas/home/jahin/.local/lib/python3.10/site-packages/sklearn/metrics/_ranking.py:424: UndefinedMetricWarning: Only one class is present in y_true. ROC AUC score is not defined in that case.
  warnings.warn(
/nas/home/jahin/.local/lib/python3.10/site-packages/sklearn/metrics/_ranking.py:1046: UserWarning: No positive class found in y_true, recall is set to one for all thresholds.
  warnings.warn(
AUROC test all: 0.8746439881191459, AUPR test all: 0.5747992711564722, AUROC test unknown: nan, AUPR test unknown: 0.0
Epoch: 98, Best AUROC test all: 0.8787352862170221, AUPR test all: 0.5747992711564722, AUROC test unknown: 0.0, AUPR test unknown: 0.0
pseudo_counter: Counter({0: 34595, -1: 4368, 1: 394})
max_probs: 0.8970527052879333， num of >0.5: 20
/nas/home/jahin/.local/lib/python3.10/site-packages/sklearn/metrics/_ranking.py:424: UndefinedMetricWarning: Only one class is present in y_true. ROC AUC score is not defined in that case.
  warnings.warn(
/nas/home/jahin/.local/lib/python3.10/site-packages/sklearn/metrics/_ranking.py:1046: UserWarning: No positive class found in y_true, recall is set to one for all thresholds.
  warnings.warn(
AUROC test all: 0.8730738075487499, AUPR test all: 0.5710832911669569, AUROC test unknown: nan, AUPR test unknown: 0.0
Epoch: 99, Best AUROC test all: 0.8787352862170221, AUPR test all: 0.5747992711564722, AUROC test unknown: 0.0, AUPR test unknown: 0.0
pseudo_counter: Counter({0: 34597, -1: 4368, 1: 392})
max_probs: 0.9893903136253357， num of >0.5: 34
/nas/home/jahin/.local/lib/python3.10/site-packages/sklearn/metrics/_ranking.py:424: UndefinedMetricWarning: Only one class is present in y_true. ROC AUC score is not defined in that case.
  warnings.warn(
/nas/home/jahin/.local/lib/python3.10/site-packages/sklearn/metrics/_ranking.py:1046: UserWarning: No positive class found in y_true, recall is set to one for all thresholds.
  warnings.warn(
AUROC test all: 0.8803472519494431, AUPR test all: 0.5844991522359221, AUROC test unknown: nan, AUPR test unknown: 0.0
Epoch: 100, Best AUROC test all: 0.8803472519494431, AUPR test all: 0.5844991522359221, AUROC test unknown: 0.0, AUPR test unknown: 0.0
pseudo_counter: Counter({0: 34597, -1: 4368, 1: 392})
max_probs: 1.0， num of >0.5: 49
/nas/home/jahin/.local/lib/python3.10/site-packages/sklearn/metrics/_ranking.py:424: UndefinedMetricWarning: Only one class is present in y_true. ROC AUC score is not defined in that case.
  warnings.warn(
/nas/home/jahin/.local/lib/python3.10/site-packages/sklearn/metrics/_ranking.py:1046: UserWarning: No positive class found in y_true, recall is set to one for all thresholds.
  warnings.warn(
AUROC test all: 0.8802051363905151, AUPR test all: 0.5853107693468724, AUROC test unknown: nan, AUPR test unknown: 0.0
Epoch: 101, Best AUROC test all: 0.8803472519494431, AUPR test all: 0.5853107693468724, AUROC test unknown: 0.0, AUPR test unknown: 0.0
pseudo_counter: Counter({0: 34599, -1: 4367, 1: 391})
max_probs: 1.0， num of >0.5: 46
/nas/home/jahin/.local/lib/python3.10/site-packages/sklearn/metrics/_ranking.py:424: UndefinedMetricWarning: Only one class is present in y_true. ROC AUC score is not defined in that case.
  warnings.warn(
/nas/home/jahin/.local/lib/python3.10/site-packages/sklearn/metrics/_ranking.py:1046: UserWarning: No positive class found in y_true, recall is set to one for all thresholds.
  warnings.warn(
AUROC test all: 0.8782393359435667, AUPR test all: 0.579688118869268, AUROC test unknown: nan, AUPR test unknown: 0.0
Epoch: 102, Best AUROC test all: 0.8803472519494431, AUPR test all: 0.5853107693468724, AUROC test unknown: 0.0, AUPR test unknown: 0.0
pseudo_counter: Counter({0: 34598, -1: 4367, 1: 392})
max_probs: 0.7130188345909119， num of >0.5: 11
/nas/home/jahin/.local/lib/python3.10/site-packages/sklearn/metrics/_ranking.py:424: UndefinedMetricWarning: Only one class is present in y_true. ROC AUC score is not defined in that case.
  warnings.warn(
/nas/home/jahin/.local/lib/python3.10/site-packages/sklearn/metrics/_ranking.py:1046: UserWarning: No positive class found in y_true, recall is set to one for all thresholds.
  warnings.warn(
AUROC test all: 0.8795289578238353, AUPR test all: 0.5892386633998319, AUROC test unknown: nan, AUPR test unknown: 0.0
Epoch: 103, Best AUROC test all: 0.8803472519494431, AUPR test all: 0.5892386633998319, AUROC test unknown: 0.0, AUPR test unknown: 0.0
pseudo_counter: Counter({0: 34600, -1: 4367, 1: 390})
max_probs: 1.0， num of >0.5: 33
/nas/home/jahin/.local/lib/python3.10/site-packages/sklearn/metrics/_ranking.py:424: UndefinedMetricWarning: Only one class is present in y_true. ROC AUC score is not defined in that case.
  warnings.warn(
/nas/home/jahin/.local/lib/python3.10/site-packages/sklearn/metrics/_ranking.py:1046: UserWarning: No positive class found in y_true, recall is set to one for all thresholds.
  warnings.warn(
AUROC test all: 0.8811360680645619, AUPR test all: 0.5808316578178383, AUROC test unknown: nan, AUPR test unknown: 0.0
Epoch: 104, Best AUROC test all: 0.8811360680645619, AUPR test all: 0.5892386633998319, AUROC test unknown: 0.0, AUPR test unknown: 0.0
pseudo_counter: Counter({0: 34600, -1: 4367, 1: 390})
max_probs: 1.0， num of >0.5: 61
/nas/home/jahin/.local/lib/python3.10/site-packages/sklearn/metrics/_ranking.py:424: UndefinedMetricWarning: Only one class is present in y_true. ROC AUC score is not defined in that case.
  warnings.warn(
/nas/home/jahin/.local/lib/python3.10/site-packages/sklearn/metrics/_ranking.py:1046: UserWarning: No positive class found in y_true, recall is set to one for all thresholds.
  warnings.warn(
AUROC test all: 0.8745091599056204, AUPR test all: 0.5819312941723107, AUROC test unknown: nan, AUPR test unknown: 0.0
Epoch: 105, Best AUROC test all: 0.8811360680645619, AUPR test all: 0.5892386633998319, AUROC test unknown: 0.0, AUPR test unknown: 0.0
pseudo_counter: Counter({0: 34598, -1: 4367, 1: 392})
max_probs: 0.8667598962783813， num of >0.5: 13
/nas/home/jahin/.local/lib/python3.10/site-packages/sklearn/metrics/_ranking.py:424: UndefinedMetricWarning: Only one class is present in y_true. ROC AUC score is not defined in that case.
  warnings.warn(
/nas/home/jahin/.local/lib/python3.10/site-packages/sklearn/metrics/_ranking.py:1046: UserWarning: No positive class found in y_true, recall is set to one for all thresholds.
  warnings.warn(
AUROC test all: 0.8748273630338913, AUPR test all: 0.571042220651812, AUROC test unknown: nan, AUPR test unknown: 0.0
Epoch: 106, Best AUROC test all: 0.8811360680645619, AUPR test all: 0.5892386633998319, AUROC test unknown: 0.0, AUPR test unknown: 0.0
pseudo_counter: Counter({0: 34601, -1: 4367, 1: 389})
max_probs: 0.9167430996894836， num of >0.5: 5
/nas/home/jahin/.local/lib/python3.10/site-packages/sklearn/metrics/_ranking.py:424: UndefinedMetricWarning: Only one class is present in y_true. ROC AUC score is not defined in that case.
  warnings.warn(
/nas/home/jahin/.local/lib/python3.10/site-packages/sklearn/metrics/_ranking.py:1046: UserWarning: No positive class found in y_true, recall is set to one for all thresholds.
  warnings.warn(
AUROC test all: 0.881494561093456, AUPR test all: 0.5951978269655852, AUROC test unknown: nan, AUPR test unknown: 0.0
Epoch: 107, Best AUROC test all: 0.881494561093456, AUPR test all: 0.5951978269655852, AUROC test unknown: 0.0, AUPR test unknown: 0.0
pseudo_counter: Counter({0: 34601, -1: 4367, 1: 389})
max_probs: 0.999998927116394， num of >0.5: 9
/nas/home/jahin/.local/lib/python3.10/site-packages/sklearn/metrics/_ranking.py:424: UndefinedMetricWarning: Only one class is present in y_true. ROC AUC score is not defined in that case.
  warnings.warn(
/nas/home/jahin/.local/lib/python3.10/site-packages/sklearn/metrics/_ranking.py:1046: UserWarning: No positive class found in y_true, recall is set to one for all thresholds.
  warnings.warn(
AUROC test all: 0.8823284733065606, AUPR test all: 0.5751302046569307, AUROC test unknown: nan, AUPR test unknown: 0.0
Epoch: 108, Best AUROC test all: 0.8823284733065606, AUPR test all: 0.5951978269655852, AUROC test unknown: 0.0, AUPR test unknown: 0.0
pseudo_counter: Counter({0: 34600, -1: 4367, 1: 390})
max_probs: 1.0， num of >0.5: 243
/nas/home/jahin/.local/lib/python3.10/site-packages/sklearn/metrics/_ranking.py:424: UndefinedMetricWarning: Only one class is present in y_true. ROC AUC score is not defined in that case.
  warnings.warn(
/nas/home/jahin/.local/lib/python3.10/site-packages/sklearn/metrics/_ranking.py:1046: UserWarning: No positive class found in y_true, recall is set to one for all thresholds.
  warnings.warn(
AUROC test all: 0.875783163698392, AUPR test all: 0.583500485452451, AUROC test unknown: nan, AUPR test unknown: 0.0
Epoch: 109, Best AUROC test all: 0.8823284733065606, AUPR test all: 0.5951978269655852, AUROC test unknown: 0.0, AUPR test unknown: 0.0
pseudo_counter: Counter({0: 34592, -1: 4367, 1: 398})
max_probs: 0.6832935810089111， num of >0.5: 5
/nas/home/jahin/.local/lib/python3.10/site-packages/sklearn/metrics/_ranking.py:424: UndefinedMetricWarning: Only one class is present in y_true. ROC AUC score is not defined in that case.
  warnings.warn(
/nas/home/jahin/.local/lib/python3.10/site-packages/sklearn/metrics/_ranking.py:1046: UserWarning: No positive class found in y_true, recall is set to one for all thresholds.
  warnings.warn(
AUROC test all: 0.8732347781896375, AUPR test all: 0.5724510405347756, AUROC test unknown: nan, AUPR test unknown: 0.0
Epoch: 110, Best AUROC test all: 0.8823284733065606, AUPR test all: 0.5951978269655852, AUROC test unknown: 0.0, AUPR test unknown: 0.0
pseudo_counter: Counter({0: 34596, -1: 4367, 1: 394})
max_probs: 0.5458350777626038， num of >0.5: 1
/nas/home/jahin/.local/lib/python3.10/site-packages/sklearn/metrics/_ranking.py:424: UndefinedMetricWarning: Only one class is present in y_true. ROC AUC score is not defined in that case.
  warnings.warn(
/nas/home/jahin/.local/lib/python3.10/site-packages/sklearn/metrics/_ranking.py:1046: UserWarning: No positive class found in y_true, recall is set to one for all thresholds.
  warnings.warn(
AUROC test all: 0.8753737742717895, AUPR test all: 0.5728728690781865, AUROC test unknown: nan, AUPR test unknown: 0.0
Epoch: 111, Best AUROC test all: 0.8823284733065606, AUPR test all: 0.5951978269655852, AUROC test unknown: 0.0, AUPR test unknown: 0.0
pseudo_counter: Counter({0: 34597, -1: 4367, 1: 393})
max_probs: 0.5280007123947144， num of >0.5: 1
/nas/home/jahin/.local/lib/python3.10/site-packages/sklearn/metrics/_ranking.py:424: UndefinedMetricWarning: Only one class is present in y_true. ROC AUC score is not defined in that case.
  warnings.warn(
/nas/home/jahin/.local/lib/python3.10/site-packages/sklearn/metrics/_ranking.py:1046: UserWarning: No positive class found in y_true, recall is set to one for all thresholds.
  warnings.warn(
AUROC test all: 0.8784339499659902, AUPR test all: 0.5911512207770632, AUROC test unknown: nan, AUPR test unknown: 0.0
Epoch: 112, Best AUROC test all: 0.8823284733065606, AUPR test all: 0.5951978269655852, AUROC test unknown: 0.0, AUPR test unknown: 0.0
pseudo_counter: Counter({0: 34599, -1: 4367, 1: 391})
max_probs: 0.5835637450218201， num of >0.5: 5
/nas/home/jahin/.local/lib/python3.10/site-packages/sklearn/metrics/_ranking.py:424: UndefinedMetricWarning: Only one class is present in y_true. ROC AUC score is not defined in that case.
  warnings.warn(
/nas/home/jahin/.local/lib/python3.10/site-packages/sklearn/metrics/_ranking.py:1046: UserWarning: No positive class found in y_true, recall is set to one for all thresholds.
  warnings.warn(
AUROC test all: 0.8801600731554176, AUPR test all: 0.5946762390070589, AUROC test unknown: nan, AUPR test unknown: 0.0
Epoch: 113, Best AUROC test all: 0.8823284733065606, AUPR test all: 0.5951978269655852, AUROC test unknown: 0.0, AUPR test unknown: 0.0
pseudo_counter: Counter({0: 34599, -1: 4367, 1: 391})
max_probs: 0.5873997807502747， num of >0.5: 5
/nas/home/jahin/.local/lib/python3.10/site-packages/sklearn/metrics/_ranking.py:424: UndefinedMetricWarning: Only one class is present in y_true. ROC AUC score is not defined in that case.
  warnings.warn(
/nas/home/jahin/.local/lib/python3.10/site-packages/sklearn/metrics/_ranking.py:1046: UserWarning: No positive class found in y_true, recall is set to one for all thresholds.
  warnings.warn(
AUROC test all: 0.8847224032419633, AUPR test all: 0.6023196629031845, AUROC test unknown: nan, AUPR test unknown: 0.0
Epoch: 114, Best AUROC test all: 0.8847224032419633, AUPR test all: 0.6023196629031845, AUROC test unknown: 0.0, AUPR test unknown: 0.0
pseudo_counter: Counter({0: 34599, -1: 4367, 1: 391})
max_probs: 0.9998390674591064， num of >0.5: 68
/nas/home/jahin/.local/lib/python3.10/site-packages/sklearn/metrics/_ranking.py:424: UndefinedMetricWarning: Only one class is present in y_true. ROC AUC score is not defined in that case.
  warnings.warn(
/nas/home/jahin/.local/lib/python3.10/site-packages/sklearn/metrics/_ranking.py:1046: UserWarning: No positive class found in y_true, recall is set to one for all thresholds.
  warnings.warn(
AUROC test all: 0.8803373684358928, AUPR test all: 0.5628543815886972, AUROC test unknown: nan, AUPR test unknown: 0.0
Epoch: 115, Best AUROC test all: 0.8847224032419633, AUPR test all: 0.6023196629031845, AUROC test unknown: 0.0, AUPR test unknown: 0.0
pseudo_counter: Counter({0: 34597, -1: 4367, 1: 393})
max_probs: 0.9999998807907104， num of >0.5: 318
/nas/home/jahin/.local/lib/python3.10/site-packages/sklearn/metrics/_ranking.py:424: UndefinedMetricWarning: Only one class is present in y_true. ROC AUC score is not defined in that case.
  warnings.warn(
/nas/home/jahin/.local/lib/python3.10/site-packages/sklearn/metrics/_ranking.py:1046: UserWarning: No positive class found in y_true, recall is set to one for all thresholds.
  warnings.warn(
AUROC test all: 0.875343647219264, AUPR test all: 0.5902151469687296, AUROC test unknown: nan, AUPR test unknown: 0.0
Epoch: 116, Best AUROC test all: 0.8847224032419633, AUPR test all: 0.6023196629031845, AUROC test unknown: 0.0, AUPR test unknown: 0.0
pseudo_counter: Counter({0: 34581, -1: 4367, 1: 409})
max_probs: 0.4059237837791443， num of >0.5: 0
/nas/home/jahin/.local/lib/python3.10/site-packages/sklearn/metrics/_ranking.py:424: UndefinedMetricWarning: Only one class is present in y_true. ROC AUC score is not defined in that case.
  warnings.warn(
/nas/home/jahin/.local/lib/python3.10/site-packages/sklearn/metrics/_ranking.py:1046: UserWarning: No positive class found in y_true, recall is set to one for all thresholds.
  warnings.warn(
AUROC test all: 0.8709669924496202, AUPR test all: 0.5629677948729059, AUROC test unknown: nan, AUPR test unknown: 0.0
Epoch: 117, Best AUROC test all: 0.8847224032419633, AUPR test all: 0.6023196629031845, AUROC test unknown: 0.0, AUPR test unknown: 0.0
pseudo_counter: Counter({0: 34796, -1: 4165, 1: 396})
max_probs: 0.280608594417572， num of >0.5: 0
/nas/home/jahin/.local/lib/python3.10/site-packages/sklearn/metrics/_ranking.py:424: UndefinedMetricWarning: Only one class is present in y_true. ROC AUC score is not defined in that case.
  warnings.warn(
/nas/home/jahin/.local/lib/python3.10/site-packages/sklearn/metrics/_ranking.py:1046: UserWarning: No positive class found in y_true, recall is set to one for all thresholds.
  warnings.warn(
AUROC test all: 0.865384450438197, AUPR test all: 0.5584287735882596, AUROC test unknown: nan, AUPR test unknown: 0.0
Epoch: 118, Best AUROC test all: 0.8847224032419633, AUPR test all: 0.6023196629031845, AUROC test unknown: 0.0, AUPR test unknown: 0.0
pseudo_counter: Counter({0: 34821, -1: 4146, 1: 390})
max_probs: 0.29464074969291687， num of >0.5: 0
/nas/home/jahin/.local/lib/python3.10/site-packages/sklearn/metrics/_ranking.py:424: UndefinedMetricWarning: Only one class is present in y_true. ROC AUC score is not defined in that case.
  warnings.warn(
/nas/home/jahin/.local/lib/python3.10/site-packages/sklearn/metrics/_ranking.py:1046: UserWarning: No positive class found in y_true, recall is set to one for all thresholds.
  warnings.warn(
AUROC test all: 0.8680886142515434, AUPR test all: 0.5603278614236562, AUROC test unknown: nan, AUPR test unknown: 0.0
Epoch: 119, Best AUROC test all: 0.8847224032419633, AUPR test all: 0.6023196629031845, AUROC test unknown: 0.0, AUPR test unknown: 0.0
pseudo_counter: Counter({0: 34828, -1: 4142, 1: 387})
max_probs: 0.27170681953430176， num of >0.5: 0
/nas/home/jahin/.local/lib/python3.10/site-packages/sklearn/metrics/_ranking.py:424: UndefinedMetricWarning: Only one class is present in y_true. ROC AUC score is not defined in that case.
  warnings.warn(
/nas/home/jahin/.local/lib/python3.10/site-packages/sklearn/metrics/_ranking.py:1046: UserWarning: No positive class found in y_true, recall is set to one for all thresholds.
  warnings.warn(
AUROC test all: 0.8688367461113838, AUPR test all: 0.5543794467627584, AUROC test unknown: nan, AUPR test unknown: 0.0
Epoch: 120, Best AUROC test all: 0.8847224032419633, AUPR test all: 0.6023196629031845, AUROC test unknown: 0.0, AUPR test unknown: 0.0
pseudo_counter: Counter({0: 34835, -1: 4140, 1: 382})
max_probs: 0.28900426626205444， num of >0.5: 0
/nas/home/jahin/.local/lib/python3.10/site-packages/sklearn/metrics/_ranking.py:424: UndefinedMetricWarning: Only one class is present in y_true. ROC AUC score is not defined in that case.
  warnings.warn(
/nas/home/jahin/.local/lib/python3.10/site-packages/sklearn/metrics/_ranking.py:1046: UserWarning: No positive class found in y_true, recall is set to one for all thresholds.
  warnings.warn(
AUROC test all: 0.8680941598638846, AUPR test all: 0.5533214383270936, AUROC test unknown: nan, AUPR test unknown: 0.0
Epoch: 121, Best AUROC test all: 0.8847224032419633, AUPR test all: 0.6023196629031845, AUROC test unknown: 0.0, AUPR test unknown: 0.0
pseudo_counter: Counter({0: 34840, -1: 4139, 1: 378})
max_probs: 0.2673068642616272， num of >0.5: 0
/nas/home/jahin/.local/lib/python3.10/site-packages/sklearn/metrics/_ranking.py:424: UndefinedMetricWarning: Only one class is present in y_true. ROC AUC score is not defined in that case.
  warnings.warn(
/nas/home/jahin/.local/lib/python3.10/site-packages/sklearn/metrics/_ranking.py:1046: UserWarning: No positive class found in y_true, recall is set to one for all thresholds.
  warnings.warn(
AUROC test all: 0.8676775159547677, AUPR test all: 0.5562756927079607, AUROC test unknown: nan, AUPR test unknown: 0.0
Epoch: 122, Best AUROC test all: 0.8847224032419633, AUPR test all: 0.6023196629031845, AUROC test unknown: 0.0, AUPR test unknown: 0.0
pseudo_counter: Counter({0: 34844, -1: 4135, 1: 378})
max_probs: 0.33875414729118347， num of >0.5: 0
/nas/home/jahin/.local/lib/python3.10/site-packages/sklearn/metrics/_ranking.py:424: UndefinedMetricWarning: Only one class is present in y_true. ROC AUC score is not defined in that case.
  warnings.warn(
/nas/home/jahin/.local/lib/python3.10/site-packages/sklearn/metrics/_ranking.py:1046: UserWarning: No positive class found in y_true, recall is set to one for all thresholds.
  warnings.warn(
AUROC test all: 0.8683282915090644, AUPR test all: 0.5727884166631989, AUROC test unknown: nan, AUPR test unknown: 0.0
Epoch: 123, Best AUROC test all: 0.8847224032419633, AUPR test all: 0.6023196629031845, AUROC test unknown: 0.0, AUPR test unknown: 0.0
pseudo_counter: Counter({0: 34855, -1: 4126, 1: 376})
max_probs: 0.3888820707798004， num of >0.5: 0
/nas/home/jahin/.local/lib/python3.10/site-packages/sklearn/metrics/_ranking.py:424: UndefinedMetricWarning: Only one class is present in y_true. ROC AUC score is not defined in that case.
  warnings.warn(
/nas/home/jahin/.local/lib/python3.10/site-packages/sklearn/metrics/_ranking.py:1046: UserWarning: No positive class found in y_true, recall is set to one for all thresholds.
  warnings.warn(
AUROC test all: 0.869146643144726, AUPR test all: 0.5703039549734209, AUROC test unknown: nan, AUPR test unknown: 0.0
Epoch: 124, Best AUROC test all: 0.8847224032419633, AUPR test all: 0.6023196629031845, AUROC test unknown: 0.0, AUPR test unknown: 0.0
pseudo_counter: Counter({0: 34900, -1: 4085, 1: 372})
max_probs: 0.737897515296936， num of >0.5: 11
/nas/home/jahin/.local/lib/python3.10/site-packages/sklearn/metrics/_ranking.py:424: UndefinedMetricWarning: Only one class is present in y_true. ROC AUC score is not defined in that case.
  warnings.warn(
/nas/home/jahin/.local/lib/python3.10/site-packages/sklearn/metrics/_ranking.py:1046: UserWarning: No positive class found in y_true, recall is set to one for all thresholds.
  warnings.warn(
AUROC test all: 0.8605221889890791, AUPR test all: 0.5163267801823934, AUROC test unknown: nan, AUPR test unknown: 0.0
Epoch: 125, Best AUROC test all: 0.8847224032419633, AUPR test all: 0.6023196629031845, AUROC test unknown: 0.0, AUPR test unknown: 0.0
pseudo_counter: Counter({0: 34902, -1: 4085, 1: 370})
max_probs: 1.0， num of >0.5: 981
/nas/home/jahin/.local/lib/python3.10/site-packages/sklearn/metrics/_ranking.py:424: UndefinedMetricWarning: Only one class is present in y_true. ROC AUC score is not defined in that case.
  warnings.warn(
/nas/home/jahin/.local/lib/python3.10/site-packages/sklearn/metrics/_ranking.py:1046: UserWarning: No positive class found in y_true, recall is set to one for all thresholds.
  warnings.warn(
AUROC test all: 0.869331562615205, AUPR test all: 0.5740686257454634, AUROC test unknown: nan, AUPR test unknown: 0.0
Epoch: 126, Best AUROC test all: 0.8847224032419633, AUPR test all: 0.6023196629031845, AUROC test unknown: 0.0, AUPR test unknown: 0.0
pseudo_counter: Counter({0: 34858, -1: 4085, 1: 414})
max_probs: 0.5092759132385254， num of >0.5: 1
/nas/home/jahin/.local/lib/python3.10/site-packages/sklearn/metrics/_ranking.py:424: UndefinedMetricWarning: Only one class is present in y_true. ROC AUC score is not defined in that case.
  warnings.warn(
/nas/home/jahin/.local/lib/python3.10/site-packages/sklearn/metrics/_ranking.py:1046: UserWarning: No positive class found in y_true, recall is set to one for all thresholds.
  warnings.warn(
AUROC test all: 0.866802722309057, AUPR test all: 0.555624602092166, AUROC test unknown: nan, AUPR test unknown: 0.0
Epoch: 127, Best AUROC test all: 0.8847224032419633, AUPR test all: 0.6023196629031845, AUROC test unknown: 0.0, AUPR test unknown: 0.0
pseudo_counter: Counter({0: 34894, -1: 4085, 1: 378})
max_probs: 0.4593019485473633， num of >0.5: 0
/nas/home/jahin/.local/lib/python3.10/site-packages/sklearn/metrics/_ranking.py:424: UndefinedMetricWarning: Only one class is present in y_true. ROC AUC score is not defined in that case.
  warnings.warn(
/nas/home/jahin/.local/lib/python3.10/site-packages/sklearn/metrics/_ranking.py:1046: UserWarning: No positive class found in y_true, recall is set to one for all thresholds.
  warnings.warn(
AUROC test all: 0.8727583073930127, AUPR test all: 0.559850373988778, AUROC test unknown: nan, AUPR test unknown: 0.0
Epoch: 128, Best AUROC test all: 0.8847224032419633, AUPR test all: 0.6023196629031845, AUROC test unknown: 0.0, AUPR test unknown: 0.0
pseudo_counter: Counter({0: 34916, -1: 4067, 1: 374})
max_probs: 0.44583648443222046， num of >0.5: 0
/nas/home/jahin/.local/lib/python3.10/site-packages/sklearn/metrics/_ranking.py:424: UndefinedMetricWarning: Only one class is present in y_true. ROC AUC score is not defined in that case.
  warnings.warn(
/nas/home/jahin/.local/lib/python3.10/site-packages/sklearn/metrics/_ranking.py:1046: UserWarning: No positive class found in y_true, recall is set to one for all thresholds.
  warnings.warn(
AUROC test all: 0.8706122129270639, AUPR test all: 0.555218486302896, AUROC test unknown: nan, AUPR test unknown: 0.0
Epoch: 129, Best AUROC test all: 0.8847224032419633, AUPR test all: 0.6023196629031845, AUROC test unknown: 0.0, AUPR test unknown: 0.0
pseudo_counter: Counter({0: 34928, -1: 4058, 1: 371})
max_probs: 0.5411319732666016， num of >0.5: 1
/nas/home/jahin/.local/lib/python3.10/site-packages/sklearn/metrics/_ranking.py:424: UndefinedMetricWarning: Only one class is present in y_true. ROC AUC score is not defined in that case.
  warnings.warn(
/nas/home/jahin/.local/lib/python3.10/site-packages/sklearn/metrics/_ranking.py:1046: UserWarning: No positive class found in y_true, recall is set to one for all thresholds.
  warnings.warn(
AUROC test all: 0.8722442989626303, AUPR test all: 0.5549094334727611, AUROC test unknown: nan, AUPR test unknown: 0.0
Epoch: 130, Best AUROC test all: 0.8847224032419633, AUPR test all: 0.6023196629031845, AUROC test unknown: 0.0, AUPR test unknown: 0.0
pseudo_counter: Counter({0: 34931, -1: 4058, 1: 368})
max_probs: 0.3134305775165558， num of >0.5: 0
/nas/home/jahin/.local/lib/python3.10/site-packages/sklearn/metrics/_ranking.py:424: UndefinedMetricWarning: Only one class is present in y_true. ROC AUC score is not defined in that case.
  warnings.warn(
/nas/home/jahin/.local/lib/python3.10/site-packages/sklearn/metrics/_ranking.py:1046: UserWarning: No positive class found in y_true, recall is set to one for all thresholds.
  warnings.warn(
AUROC test all: 0.8693419308563524, AUPR test all: 0.5614671402483578, AUROC test unknown: nan, AUPR test unknown: 0.0
Epoch: 131, Best AUROC test all: 0.8847224032419633, AUPR test all: 0.6023196629031845, AUROC test unknown: 0.0, AUPR test unknown: 0.0
pseudo_counter: Counter({0: 34939, -1: 4054, 1: 364})
max_probs: 0.3169565796852112， num of >0.5: 0
/nas/home/jahin/.local/lib/python3.10/site-packages/sklearn/metrics/_ranking.py:424: UndefinedMetricWarning: Only one class is present in y_true. ROC AUC score is not defined in that case.
  warnings.warn(
/nas/home/jahin/.local/lib/python3.10/site-packages/sklearn/metrics/_ranking.py:1046: UserWarning: No positive class found in y_true, recall is set to one for all thresholds.
  warnings.warn(
AUROC test all: 0.872672296999533, AUPR test all: 0.5646348990849316, AUROC test unknown: nan, AUPR test unknown: 0.0
Epoch: 132, Best AUROC test all: 0.8847224032419633, AUPR test all: 0.6023196629031845, AUROC test unknown: 0.0, AUPR test unknown: 0.0
pseudo_counter: Counter({0: 34945, -1: 4052, 1: 360})
max_probs: 0.5303977131843567， num of >0.5: 2
/nas/home/jahin/.local/lib/python3.10/site-packages/sklearn/metrics/_ranking.py:424: UndefinedMetricWarning: Only one class is present in y_true. ROC AUC score is not defined in that case.
  warnings.warn(
/nas/home/jahin/.local/lib/python3.10/site-packages/sklearn/metrics/_ranking.py:1046: UserWarning: No positive class found in y_true, recall is set to one for all thresholds.
  warnings.warn(
AUROC test all: 0.8732942107224898, AUPR test all: 0.5743834128425801, AUROC test unknown: nan, AUPR test unknown: 0.0
Epoch: 133, Best AUROC test all: 0.8847224032419633, AUPR test all: 0.6023196629031845, AUROC test unknown: 0.0, AUPR test unknown: 0.0
pseudo_counter: Counter({0: 34946, -1: 4051, 1: 360})
max_probs: 0.46396604180336， num of >0.5: 0
/nas/home/jahin/.local/lib/python3.10/site-packages/sklearn/metrics/_ranking.py:424: UndefinedMetricWarning: Only one class is present in y_true. ROC AUC score is not defined in that case.
  warnings.warn(
/nas/home/jahin/.local/lib/python3.10/site-packages/sklearn/metrics/_ranking.py:1046: UserWarning: No positive class found in y_true, recall is set to one for all thresholds.
  warnings.warn(
AUROC test all: 0.8784863909194318, AUPR test all: 0.585839031667201, AUROC test unknown: nan, AUPR test unknown: 0.0
Epoch: 134, Best AUROC test all: 0.8847224032419633, AUPR test all: 0.6023196629031845, AUROC test unknown: 0.0, AUPR test unknown: 0.0
pseudo_counter: Counter({0: 34972, -1: 4027, 1: 358})
max_probs: 0.6028137803077698， num of >0.5: 5
/nas/home/jahin/.local/lib/python3.10/site-packages/sklearn/metrics/_ranking.py:424: UndefinedMetricWarning: Only one class is present in y_true. ROC AUC score is not defined in that case.
  warnings.warn(
/nas/home/jahin/.local/lib/python3.10/site-packages/sklearn/metrics/_ranking.py:1046: UserWarning: No positive class found in y_true, recall is set to one for all thresholds.
  warnings.warn(
AUROC test all: 0.8783646421353096, AUPR test all: 0.5852304859177364, AUROC test unknown: nan, AUPR test unknown: 0.0
Epoch: 135, Best AUROC test all: 0.8847224032419633, AUPR test all: 0.6023196629031845, AUROC test unknown: 0.0, AUPR test unknown: 0.0
pseudo_counter: Counter({0: 34972, -1: 4027, 1: 358})
max_probs: 0.9998393058776855， num of >0.5: 57
/nas/home/jahin/.local/lib/python3.10/site-packages/sklearn/metrics/_ranking.py:424: UndefinedMetricWarning: Only one class is present in y_true. ROC AUC score is not defined in that case.
  warnings.warn(
/nas/home/jahin/.local/lib/python3.10/site-packages/sklearn/metrics/_ranking.py:1046: UserWarning: No positive class found in y_true, recall is set to one for all thresholds.
  warnings.warn(
AUROC test all: 0.8719946231714515, AUPR test all: 0.37090879046660397, AUROC test unknown: nan, AUPR test unknown: 0.0
Epoch: 136, Best AUROC test all: 0.8847224032419633, AUPR test all: 0.6023196629031845, AUROC test unknown: 0.0, AUPR test unknown: 0.0
pseudo_counter: Counter({0: 34969, -1: 4027, 1: 361})
max_probs: 1.0， num of >0.5: 1435
/nas/home/jahin/.local/lib/python3.10/site-packages/sklearn/metrics/_ranking.py:424: UndefinedMetricWarning: Only one class is present in y_true. ROC AUC score is not defined in that case.
  warnings.warn(
/nas/home/jahin/.local/lib/python3.10/site-packages/sklearn/metrics/_ranking.py:1046: UserWarning: No positive class found in y_true, recall is set to one for all thresholds.
  warnings.warn(
AUROC test all: 0.8781045652400954, AUPR test all: 0.5730009307612288, AUROC test unknown: nan, AUPR test unknown: 0.0
Epoch: 137, Best AUROC test all: 0.8847224032419633, AUPR test all: 0.6023196629031845, AUROC test unknown: 0.0, AUPR test unknown: 0.0
pseudo_counter: Counter({0: 34899, -1: 4027, 1: 431})
max_probs: 0.9904665350914001， num of >0.5: 257
/nas/home/jahin/.local/lib/python3.10/site-packages/sklearn/metrics/_ranking.py:424: UndefinedMetricWarning: Only one class is present in y_true. ROC AUC score is not defined in that case.
  warnings.warn(
/nas/home/jahin/.local/lib/python3.10/site-packages/sklearn/metrics/_ranking.py:1046: UserWarning: No positive class found in y_true, recall is set to one for all thresholds.
  warnings.warn(
AUROC test all: 0.8753156891173429, AUPR test all: 0.5977862166312853, AUROC test unknown: nan, AUPR test unknown: 0.0
Epoch: 138, Best AUROC test all: 0.8847224032419633, AUPR test all: 0.6023196629031845, AUROC test unknown: 0.0, AUPR test unknown: 0.0
pseudo_counter: Counter({0: 34888, -1: 4027, 1: 442})
max_probs: 0.8407730460166931， num of >0.5: 45
/nas/home/jahin/.local/lib/python3.10/site-packages/sklearn/metrics/_ranking.py:424: UndefinedMetricWarning: Only one class is present in y_true. ROC AUC score is not defined in that case.
  warnings.warn(
/nas/home/jahin/.local/lib/python3.10/site-packages/sklearn/metrics/_ranking.py:1046: UserWarning: No positive class found in y_true, recall is set to one for all thresholds.
  warnings.warn(
AUROC test all: 0.8787586845932406, AUPR test all: 0.601858857944123, AUROC test unknown: nan, AUPR test unknown: 0.0
Epoch: 139, Best AUROC test all: 0.8847224032419633, AUPR test all: 0.6023196629031845, AUROC test unknown: 0.0, AUPR test unknown: 0.0
pseudo_counter: Counter({0: 34888, -1: 4026, 1: 443})
max_probs: 0.7553429007530212， num of >0.5: 20
/nas/home/jahin/.local/lib/python3.10/site-packages/sklearn/metrics/_ranking.py:424: UndefinedMetricWarning: Only one class is present in y_true. ROC AUC score is not defined in that case.
  warnings.warn(
/nas/home/jahin/.local/lib/python3.10/site-packages/sklearn/metrics/_ranking.py:1046: UserWarning: No positive class found in y_true, recall is set to one for all thresholds.
  warnings.warn(
AUROC test all: 0.8791281045323773, AUPR test all: 0.5940892040437181, AUROC test unknown: nan, AUPR test unknown: 0.0
Epoch: 140, Best AUROC test all: 0.8847224032419633, AUPR test all: 0.6023196629031845, AUROC test unknown: 0.0, AUPR test unknown: 0.0
pseudo_counter: Counter({0: 34891, -1: 4026, 1: 440})
max_probs: 0.8361527323722839， num of >0.5: 26
/nas/home/jahin/.local/lib/python3.10/site-packages/sklearn/metrics/_ranking.py:424: UndefinedMetricWarning: Only one class is present in y_true. ROC AUC score is not defined in that case.
  warnings.warn(
/nas/home/jahin/.local/lib/python3.10/site-packages/sklearn/metrics/_ranking.py:1046: UserWarning: No positive class found in y_true, recall is set to one for all thresholds.
  warnings.warn(
AUROC test all: 0.8734268535539668, AUPR test all: 0.5979491223769153, AUROC test unknown: nan, AUPR test unknown: 0.0
Epoch: 141, Best AUROC test all: 0.8847224032419633, AUPR test all: 0.6023196629031845, AUROC test unknown: 0.0, AUPR test unknown: 0.0
pseudo_counter: Counter({0: 34890, -1: 4026, 1: 441})
max_probs: 0.693899393081665， num of >0.5: 17
/nas/home/jahin/.local/lib/python3.10/site-packages/sklearn/metrics/_ranking.py:424: UndefinedMetricWarning: Only one class is present in y_true. ROC AUC score is not defined in that case.
  warnings.warn(
/nas/home/jahin/.local/lib/python3.10/site-packages/sklearn/metrics/_ranking.py:1046: UserWarning: No positive class found in y_true, recall is set to one for all thresholds.
  warnings.warn(
AUROC test all: 0.8735662414931948, AUPR test all: 0.5922078761455035, AUROC test unknown: nan, AUPR test unknown: 0.0
Epoch: 142, Best AUROC test all: 0.8847224032419633, AUPR test all: 0.6023196629031845, AUROC test unknown: 0.0, AUPR test unknown: 0.0
pseudo_counter: Counter({0: 34892, -1: 4025, 1: 440})
max_probs: 0.8588081002235413， num of >0.5: 31
/nas/home/jahin/.local/lib/python3.10/site-packages/sklearn/metrics/_ranking.py:424: UndefinedMetricWarning: Only one class is present in y_true. ROC AUC score is not defined in that case.
  warnings.warn(
/nas/home/jahin/.local/lib/python3.10/site-packages/sklearn/metrics/_ranking.py:1046: UserWarning: No positive class found in y_true, recall is set to one for all thresholds.
  warnings.warn(
AUROC test all: 0.8742171731462094, AUPR test all: 0.6024282854891093, AUROC test unknown: nan, AUPR test unknown: 0.0
Epoch: 143, Best AUROC test all: 0.8847224032419633, AUPR test all: 0.6024282854891093, AUROC test unknown: 0.0, AUPR test unknown: 0.0
pseudo_counter: Counter({0: 34892, -1: 4025, 1: 440})
max_probs: 0.8635265827178955， num of >0.5: 38
/nas/home/jahin/.local/lib/python3.10/site-packages/sklearn/metrics/_ranking.py:424: UndefinedMetricWarning: Only one class is present in y_true. ROC AUC score is not defined in that case.
  warnings.warn(
/nas/home/jahin/.local/lib/python3.10/site-packages/sklearn/metrics/_ranking.py:1046: UserWarning: No positive class found in y_true, recall is set to one for all thresholds.
  warnings.warn(
AUROC test all: 0.87192204548342, AUPR test all: 0.6073828361209878, AUROC test unknown: nan, AUPR test unknown: 0.0
Epoch: 144, Best AUROC test all: 0.8847224032419633, AUPR test all: 0.6073828361209878, AUROC test unknown: 0.0, AUPR test unknown: 0.0
pseudo_counter: Counter({0: 34893, -1: 4025, 1: 439})
max_probs: 0.904155969619751， num of >0.5: 100
/nas/home/jahin/.local/lib/python3.10/site-packages/sklearn/metrics/_ranking.py:424: UndefinedMetricWarning: Only one class is present in y_true. ROC AUC score is not defined in that case.
  warnings.warn(
/nas/home/jahin/.local/lib/python3.10/site-packages/sklearn/metrics/_ranking.py:1046: UserWarning: No positive class found in y_true, recall is set to one for all thresholds.
  warnings.warn(
AUROC test all: 0.8812412375217151, AUPR test all: 0.6095144122941804, AUROC test unknown: nan, AUPR test unknown: 0.0
Epoch: 145, Best AUROC test all: 0.8847224032419633, AUPR test all: 0.6095144122941804, AUROC test unknown: 0.0, AUPR test unknown: 0.0
pseudo_counter: Counter({0: 34889, -1: 4025, 1: 443})
max_probs: 0.9774166345596313， num of >0.5: 188
/nas/home/jahin/.local/lib/python3.10/site-packages/sklearn/metrics/_ranking.py:424: UndefinedMetricWarning: Only one class is present in y_true. ROC AUC score is not defined in that case.
  warnings.warn(
/nas/home/jahin/.local/lib/python3.10/site-packages/sklearn/metrics/_ranking.py:1046: UserWarning: No positive class found in y_true, recall is set to one for all thresholds.
  warnings.warn(
AUROC test all: 0.8790964329241181, AUPR test all: 0.6070243286941102, AUROC test unknown: nan, AUPR test unknown: 0.0
Epoch: 146, Best AUROC test all: 0.8847224032419633, AUPR test all: 0.6095144122941804, AUROC test unknown: 0.0, AUPR test unknown: 0.0
pseudo_counter: Counter({0: 34882, -1: 4024, 1: 451})
max_probs: 0.9883612990379333， num of >0.5: 274
/nas/home/jahin/.local/lib/python3.10/site-packages/sklearn/metrics/_ranking.py:424: UndefinedMetricWarning: Only one class is present in y_true. ROC AUC score is not defined in that case.
  warnings.warn(
/nas/home/jahin/.local/lib/python3.10/site-packages/sklearn/metrics/_ranking.py:1046: UserWarning: No positive class found in y_true, recall is set to one for all thresholds.
  warnings.warn(
AUROC test all: 0.8773616092851066, AUPR test all: 0.6001659312064167, AUROC test unknown: nan, AUPR test unknown: 0.0
Epoch: 147, Best AUROC test all: 0.8847224032419633, AUPR test all: 0.6095144122941804, AUROC test unknown: 0.0, AUPR test unknown: 0.0
pseudo_counter: Counter({0: 34873, -1: 4023, 1: 461})
max_probs: 0.962800920009613， num of >0.5: 170
/nas/home/jahin/.local/lib/python3.10/site-packages/sklearn/metrics/_ranking.py:424: UndefinedMetricWarning: Only one class is present in y_true. ROC AUC score is not defined in that case.
  warnings.warn(
/nas/home/jahin/.local/lib/python3.10/site-packages/sklearn/metrics/_ranking.py:1046: UserWarning: No positive class found in y_true, recall is set to one for all thresholds.
  warnings.warn(
AUROC test all: 0.8727195866952889, AUPR test all: 0.5964584227674008, AUROC test unknown: nan, AUPR test unknown: 0.0
Epoch: 148, Best AUROC test all: 0.8847224032419633, AUPR test all: 0.6095144122941804, AUROC test unknown: 0.0, AUPR test unknown: 0.0
pseudo_counter: Counter({0: 34866, -1: 4023, 1: 468})
max_probs: 0.9962015748023987， num of >0.5: 89
/nas/home/jahin/.local/lib/python3.10/site-packages/sklearn/metrics/_ranking.py:424: UndefinedMetricWarning: Only one class is present in y_true. ROC AUC score is not defined in that case.
  warnings.warn(
/nas/home/jahin/.local/lib/python3.10/site-packages/sklearn/metrics/_ranking.py:1046: UserWarning: No positive class found in y_true, recall is set to one for all thresholds.
  warnings.warn(
AUROC test all: 0.8771588041878623, AUPR test all: 0.6037356003246486, AUROC test unknown: nan, AUPR test unknown: 0.0
Epoch: 149, Best AUROC test all: 0.8847224032419633, AUPR test all: 0.6095144122941804, AUROC test unknown: 0.0, AUPR test unknown: 0.0
pseudo_counter: Counter({0: 34864, -1: 4023, 1: 470})
max_probs: 0.9999833106994629， num of >0.5: 66
/nas/home/jahin/.local/lib/python3.10/site-packages/sklearn/metrics/_ranking.py:424: UndefinedMetricWarning: Only one class is present in y_true. ROC AUC score is not defined in that case.
  warnings.warn(
/nas/home/jahin/.local/lib/python3.10/site-packages/sklearn/metrics/_ranking.py:1046: UserWarning: No positive class found in y_true, recall is set to one for all thresholds.
  warnings.warn(
AUROC test all: 0.8780937287027947, AUPR test all: 0.6137593093593896, AUROC test unknown: nan, AUPR test unknown: 0.0
Epoch: 150, Best AUROC test all: 0.8847224032419633, AUPR test all: 0.6137593093593896, AUROC test unknown: 0.0, AUPR test unknown: 0.0
pseudo_counter: Counter({0: 34862, -1: 4023, 1: 472})
max_probs: 0.9392136335372925， num of >0.5: 40
/nas/home/jahin/.local/lib/python3.10/site-packages/sklearn/metrics/_ranking.py:424: UndefinedMetricWarning: Only one class is present in y_true. ROC AUC score is not defined in that case.
  warnings.warn(
/nas/home/jahin/.local/lib/python3.10/site-packages/sklearn/metrics/_ranking.py:1046: UserWarning: No positive class found in y_true, recall is set to one for all thresholds.
  warnings.warn(
AUROC test all: 0.8801331913130769, AUPR test all: 0.5995859439980809, AUROC test unknown: nan, AUPR test unknown: 0.0
Epoch: 151, Best AUROC test all: 0.8847224032419633, AUPR test all: 0.6137593093593896, AUROC test unknown: 0.0, AUPR test unknown: 0.0
pseudo_counter: Counter({0: 34860, -1: 4023, 1: 474})
max_probs: 0.9830684065818787， num of >0.5: 39
/nas/home/jahin/.local/lib/python3.10/site-packages/sklearn/metrics/_ranking.py:424: UndefinedMetricWarning: Only one class is present in y_true. ROC AUC score is not defined in that case.
  warnings.warn(
/nas/home/jahin/.local/lib/python3.10/site-packages/sklearn/metrics/_ranking.py:1046: UserWarning: No positive class found in y_true, recall is set to one for all thresholds.
  warnings.warn(
AUROC test all: 0.8833408063540525, AUPR test all: 0.6169585471422298, AUROC test unknown: nan, AUPR test unknown: 0.0
Epoch: 152, Best AUROC test all: 0.8847224032419633, AUPR test all: 0.6169585471422298, AUROC test unknown: 0.0, AUPR test unknown: 0.0
pseudo_counter: Counter({0: 34861, -1: 4023, 1: 473})
max_probs: 0.9999998807907104， num of >0.5: 43
/nas/home/jahin/.local/lib/python3.10/site-packages/sklearn/metrics/_ranking.py:424: UndefinedMetricWarning: Only one class is present in y_true. ROC AUC score is not defined in that case.
  warnings.warn(
/nas/home/jahin/.local/lib/python3.10/site-packages/sklearn/metrics/_ranking.py:1046: UserWarning: No positive class found in y_true, recall is set to one for all thresholds.
  warnings.warn(
AUROC test all: 0.8799635530854931, AUPR test all: 0.606305497017664, AUROC test unknown: nan, AUPR test unknown: 0.0
Epoch: 153, Best AUROC test all: 0.8847224032419633, AUPR test all: 0.6169585471422298, AUROC test unknown: 0.0, AUPR test unknown: 0.0
pseudo_counter: Counter({0: 34860, -1: 4023, 1: 474})
max_probs: 0.9968392848968506， num of >0.5: 107
/nas/home/jahin/.local/lib/python3.10/site-packages/sklearn/metrics/_ranking.py:424: UndefinedMetricWarning: Only one class is present in y_true. ROC AUC score is not defined in that case.
  warnings.warn(
/nas/home/jahin/.local/lib/python3.10/site-packages/sklearn/metrics/_ranking.py:1046: UserWarning: No positive class found in y_true, recall is set to one for all thresholds.
  warnings.warn(
AUROC test all: 0.8833191661423393, AUPR test all: 0.6225082414021152, AUROC test unknown: nan, AUPR test unknown: 0.0
Epoch: 154, Best AUROC test all: 0.8847224032419633, AUPR test all: 0.6225082414021152, AUROC test unknown: 0.0, AUPR test unknown: 0.0
pseudo_counter: Counter({0: 34859, -1: 4023, 1: 475})
max_probs: 0.9999831914901733， num of >0.5: 191
/nas/home/jahin/.local/lib/python3.10/site-packages/sklearn/metrics/_ranking.py:424: UndefinedMetricWarning: Only one class is present in y_true. ROC AUC score is not defined in that case.
  warnings.warn(
/nas/home/jahin/.local/lib/python3.10/site-packages/sklearn/metrics/_ranking.py:1046: UserWarning: No positive class found in y_true, recall is set to one for all thresholds.
  warnings.warn(
AUROC test all: 0.8894069668402286, AUPR test all: 0.6292196018475427, AUROC test unknown: nan, AUPR test unknown: 0.0
Epoch: 155, Best AUROC test all: 0.8894069668402286, AUPR test all: 0.6292196018475427, AUROC test unknown: 0.0, AUPR test unknown: 0.0
pseudo_counter: Counter({0: 34853, -1: 4023, 1: 481})
max_probs: 0.9999997615814209， num of >0.5: 217
/nas/home/jahin/.local/lib/python3.10/site-packages/sklearn/metrics/_ranking.py:424: UndefinedMetricWarning: Only one class is present in y_true. ROC AUC score is not defined in that case.
  warnings.warn(
/nas/home/jahin/.local/lib/python3.10/site-packages/sklearn/metrics/_ranking.py:1046: UserWarning: No positive class found in y_true, recall is set to one for all thresholds.
  warnings.warn(
AUROC test all: 0.8883106362511437, AUPR test all: 0.618670360632932, AUROC test unknown: nan, AUPR test unknown: 0.0
Epoch: 156, Best AUROC test all: 0.8894069668402286, AUPR test all: 0.6292196018475427, AUROC test unknown: 0.0, AUPR test unknown: 0.0
pseudo_counter: Counter({0: 34847, -1: 4023, 1: 487})
max_probs: 1.0， num of >0.5: 99
/nas/home/jahin/.local/lib/python3.10/site-packages/sklearn/metrics/_ranking.py:424: UndefinedMetricWarning: Only one class is present in y_true. ROC AUC score is not defined in that case.
  warnings.warn(
/nas/home/jahin/.local/lib/python3.10/site-packages/sklearn/metrics/_ranking.py:1046: UserWarning: No positive class found in y_true, recall is set to one for all thresholds.
  warnings.warn(
AUROC test all: 0.8847363206750088, AUPR test all: 0.613276473640623, AUROC test unknown: nan, AUPR test unknown: 0.0
Epoch: 157, Best AUROC test all: 0.8894069668402286, AUPR test all: 0.6292196018475427, AUROC test unknown: 0.0, AUPR test unknown: 0.0
pseudo_counter: Counter({0: 34846, -1: 4023, 1: 488})
max_probs: 0.9184751510620117， num of >0.5: 51
/nas/home/jahin/.local/lib/python3.10/site-packages/sklearn/metrics/_ranking.py:424: UndefinedMetricWarning: Only one class is present in y_true. ROC AUC score is not defined in that case.
  warnings.warn(
/nas/home/jahin/.local/lib/python3.10/site-packages/sklearn/metrics/_ranking.py:1046: UserWarning: No positive class found in y_true, recall is set to one for all thresholds.
  warnings.warn(
AUROC test all: 0.8825785927467269, AUPR test all: 0.6105899784608624, AUROC test unknown: nan, AUPR test unknown: 0.0
Epoch: 158, Best AUROC test all: 0.8894069668402286, AUPR test all: 0.6292196018475427, AUROC test unknown: 0.0, AUPR test unknown: 0.0
pseudo_counter: Counter({0: 34846, -1: 4023, 1: 488})
max_probs: 0.935223400592804， num of >0.5: 51
/nas/home/jahin/.local/lib/python3.10/site-packages/sklearn/metrics/_ranking.py:424: UndefinedMetricWarning: Only one class is present in y_true. ROC AUC score is not defined in that case.
  warnings.warn(
/nas/home/jahin/.local/lib/python3.10/site-packages/sklearn/metrics/_ranking.py:1046: UserWarning: No positive class found in y_true, recall is set to one for all thresholds.
  warnings.warn(
AUROC test all: 0.88547275334674, AUPR test all: 0.6278617691360445, AUROC test unknown: nan, AUPR test unknown: 0.0
Epoch: 159, Best AUROC test all: 0.8894069668402286, AUPR test all: 0.6292196018475427, AUROC test unknown: 0.0, AUPR test unknown: 0.0
pseudo_counter: Counter({0: 34848, -1: 4023, 1: 486})
max_probs: 0.9297622442245483， num of >0.5: 46
/nas/home/jahin/.local/lib/python3.10/site-packages/sklearn/metrics/_ranking.py:424: UndefinedMetricWarning: Only one class is present in y_true. ROC AUC score is not defined in that case.
  warnings.warn(
/nas/home/jahin/.local/lib/python3.10/site-packages/sklearn/metrics/_ranking.py:1046: UserWarning: No positive class found in y_true, recall is set to one for all thresholds.
  warnings.warn(
AUROC test all: 0.8839222576462245, AUPR test all: 0.6129879956227005, AUROC test unknown: nan, AUPR test unknown: 0.0
Epoch: 160, Best AUROC test all: 0.8894069668402286, AUPR test all: 0.6292196018475427, AUROC test unknown: 0.0, AUPR test unknown: 0.0
pseudo_counter: Counter({0: 34848, -1: 4023, 1: 486})
max_probs: 0.9666787385940552， num of >0.5: 45
/nas/home/jahin/.local/lib/python3.10/site-packages/sklearn/metrics/_ranking.py:424: UndefinedMetricWarning: Only one class is present in y_true. ROC AUC score is not defined in that case.
  warnings.warn(
/nas/home/jahin/.local/lib/python3.10/site-packages/sklearn/metrics/_ranking.py:1046: UserWarning: No positive class found in y_true, recall is set to one for all thresholds.
  warnings.warn(
AUROC test all: 0.8851661508179145, AUPR test all: 0.6106404071082875, AUROC test unknown: nan, AUPR test unknown: 0.0
Epoch: 161, Best AUROC test all: 0.8894069668402286, AUPR test all: 0.6292196018475427, AUROC test unknown: 0.0, AUPR test unknown: 0.0
pseudo_counter: Counter({0: 34847, -1: 4023, 1: 487})
max_probs: 0.9996988773345947， num of >0.5: 47
/nas/home/jahin/.local/lib/python3.10/site-packages/sklearn/metrics/_ranking.py:424: UndefinedMetricWarning: Only one class is present in y_true. ROC AUC score is not defined in that case.
  warnings.warn(
/nas/home/jahin/.local/lib/python3.10/site-packages/sklearn/metrics/_ranking.py:1046: UserWarning: No positive class found in y_true, recall is set to one for all thresholds.
  warnings.warn(
AUROC test all: 0.8881376624404337, AUPR test all: 0.6165980648386619, AUROC test unknown: nan, AUPR test unknown: 0.0
Epoch: 162, Best AUROC test all: 0.8894069668402286, AUPR test all: 0.6292196018475427, AUROC test unknown: 0.0, AUPR test unknown: 0.0
pseudo_counter: Counter({0: 34846, -1: 4023, 1: 488})
max_probs: 0.9755447506904602， num of >0.5: 77
/nas/home/jahin/.local/lib/python3.10/site-packages/sklearn/metrics/_ranking.py:424: UndefinedMetricWarning: Only one class is present in y_true. ROC AUC score is not defined in that case.
  warnings.warn(
/nas/home/jahin/.local/lib/python3.10/site-packages/sklearn/metrics/_ranking.py:1046: UserWarning: No positive class found in y_true, recall is set to one for all thresholds.
  warnings.warn(
AUROC test all: 0.8902087720118088, AUPR test all: 0.6219880573083632, AUROC test unknown: nan, AUPR test unknown: 0.0
Epoch: 163, Best AUROC test all: 0.8902087720118088, AUPR test all: 0.6292196018475427, AUROC test unknown: 0.0, AUPR test unknown: 0.0
pseudo_counter: Counter({0: 34843, -1: 4023, 1: 491})
max_probs: 0.9998242259025574， num of >0.5: 127
/nas/home/jahin/.local/lib/python3.10/site-packages/sklearn/metrics/_ranking.py:424: UndefinedMetricWarning: Only one class is present in y_true. ROC AUC score is not defined in that case.
  warnings.warn(
/nas/home/jahin/.local/lib/python3.10/site-packages/sklearn/metrics/_ranking.py:1046: UserWarning: No positive class found in y_true, recall is set to one for all thresholds.
  warnings.warn(
AUROC test all: 0.887199821344196, AUPR test all: 0.6421481353200332, AUROC test unknown: nan, AUPR test unknown: 0.0
Epoch: 164, Best AUROC test all: 0.8902087720118088, AUPR test all: 0.6421481353200332, AUROC test unknown: 0.0, AUPR test unknown: 0.0
pseudo_counter: Counter({0: 34836, -1: 4023, 1: 498})
max_probs: 0.9996776580810547， num of >0.5: 136
/nas/home/jahin/.local/lib/python3.10/site-packages/sklearn/metrics/_ranking.py:424: UndefinedMetricWarning: Only one class is present in y_true. ROC AUC score is not defined in that case.
  warnings.warn(
/nas/home/jahin/.local/lib/python3.10/site-packages/sklearn/metrics/_ranking.py:1046: UserWarning: No positive class found in y_true, recall is set to one for all thresholds.
  warnings.warn(
AUROC test all: 0.8914447945218356, AUPR test all: 0.6365722504082371, AUROC test unknown: nan, AUPR test unknown: 0.0
Epoch: 165, Best AUROC test all: 0.8914447945218356, AUPR test all: 0.6421481353200332, AUROC test unknown: 0.0, AUPR test unknown: 0.0
pseudo_counter: Counter({0: 34831, -1: 4023, 1: 503})
max_probs: 0.9809349179267883， num of >0.5: 98
/nas/home/jahin/.local/lib/python3.10/site-packages/sklearn/metrics/_ranking.py:424: UndefinedMetricWarning: Only one class is present in y_true. ROC AUC score is not defined in that case.
  warnings.warn(
/nas/home/jahin/.local/lib/python3.10/site-packages/sklearn/metrics/_ranking.py:1046: UserWarning: No positive class found in y_true, recall is set to one for all thresholds.
  warnings.warn(
AUROC test all: 0.8912859353214986, AUPR test all: 0.641551643518632, AUROC test unknown: nan, AUPR test unknown: 0.0
Epoch: 166, Best AUROC test all: 0.8914447945218356, AUPR test all: 0.6421481353200332, AUROC test unknown: 0.0, AUPR test unknown: 0.0
pseudo_counter: Counter({0: 34830, -1: 4023, 1: 504})
max_probs: 0.9994483590126038， num of >0.5: 103
/nas/home/jahin/.local/lib/python3.10/site-packages/sklearn/metrics/_ranking.py:424: UndefinedMetricWarning: Only one class is present in y_true. ROC AUC score is not defined in that case.
  warnings.warn(
/nas/home/jahin/.local/lib/python3.10/site-packages/sklearn/metrics/_ranking.py:1046: UserWarning: No positive class found in y_true, recall is set to one for all thresholds.
  warnings.warn(
AUROC test all: 0.8891334983181761, AUPR test all: 0.6367763217572756, AUROC test unknown: nan, AUPR test unknown: 0.0
Epoch: 167, Best AUROC test all: 0.8914447945218356, AUPR test all: 0.6421481353200332, AUROC test unknown: 0.0, AUPR test unknown: 0.0
pseudo_counter: Counter({0: 34826, -1: 4023, 1: 508})
max_probs: 1.0， num of >0.5: 75
/nas/home/jahin/.local/lib/python3.10/site-packages/sklearn/metrics/_ranking.py:424: UndefinedMetricWarning: Only one class is present in y_true. ROC AUC score is not defined in that case.
  warnings.warn(
/nas/home/jahin/.local/lib/python3.10/site-packages/sklearn/metrics/_ranking.py:1046: UserWarning: No positive class found in y_true, recall is set to one for all thresholds.
  warnings.warn(
AUROC test all: 0.891758807631893, AUPR test all: 0.6377642886511637, AUROC test unknown: nan, AUPR test unknown: 0.0
Epoch: 168, Best AUROC test all: 0.891758807631893, AUPR test all: 0.6421481353200332, AUROC test unknown: 0.0, AUPR test unknown: 0.0
pseudo_counter: Counter({0: 34825, -1: 4023, 1: 509})
max_probs: 0.9908944368362427， num of >0.5: 84
/nas/home/jahin/.local/lib/python3.10/site-packages/sklearn/metrics/_ranking.py:424: UndefinedMetricWarning: Only one class is present in y_true. ROC AUC score is not defined in that case.
  warnings.warn(
/nas/home/jahin/.local/lib/python3.10/site-packages/sklearn/metrics/_ranking.py:1046: UserWarning: No positive class found in y_true, recall is set to one for all thresholds.
  warnings.warn(
AUROC test all: 0.8947635518498485, AUPR test all: 0.6327525932379612, AUROC test unknown: nan, AUPR test unknown: 0.0
Epoch: 169, Best AUROC test all: 0.8947635518498485, AUPR test all: 0.6421481353200332, AUROC test unknown: 0.0, AUPR test unknown: 0.0
pseudo_counter: Counter({0: 34825, -1: 4023, 1: 509})
max_probs: 0.8844161033630371， num of >0.5: 83
/nas/home/jahin/.local/lib/python3.10/site-packages/sklearn/metrics/_ranking.py:424: UndefinedMetricWarning: Only one class is present in y_true. ROC AUC score is not defined in that case.
  warnings.warn(
/nas/home/jahin/.local/lib/python3.10/site-packages/sklearn/metrics/_ranking.py:1046: UserWarning: No positive class found in y_true, recall is set to one for all thresholds.
  warnings.warn(
AUROC test all: 0.8891824147268854, AUPR test all: 0.6415167062326529, AUROC test unknown: nan, AUPR test unknown: 0.0
Epoch: 170, Best AUROC test all: 0.8947635518498485, AUPR test all: 0.6421481353200332, AUROC test unknown: 0.0, AUPR test unknown: 0.0
pseudo_counter: Counter({0: 34821, -1: 4023, 1: 513})
max_probs: 0.9971693158149719， num of >0.5: 157
/nas/home/jahin/.local/lib/python3.10/site-packages/sklearn/metrics/_ranking.py:424: UndefinedMetricWarning: Only one class is present in y_true. ROC AUC score is not defined in that case.
  warnings.warn(
/nas/home/jahin/.local/lib/python3.10/site-packages/sklearn/metrics/_ranking.py:1046: UserWarning: No positive class found in y_true, recall is set to one for all thresholds.
  warnings.warn(
AUROC test all: 0.8897773315873938, AUPR test all: 0.6390572248505834, AUROC test unknown: nan, AUPR test unknown: 0.0
Epoch: 171, Best AUROC test all: 0.8947635518498485, AUPR test all: 0.6421481353200332, AUROC test unknown: 0.0, AUPR test unknown: 0.0
pseudo_counter: Counter({0: 34814, -1: 4023, 1: 520})
max_probs: 1.0， num of >0.5: 158
/nas/home/jahin/.local/lib/python3.10/site-packages/sklearn/metrics/_ranking.py:424: UndefinedMetricWarning: Only one class is present in y_true. ROC AUC score is not defined in that case.
  warnings.warn(
/nas/home/jahin/.local/lib/python3.10/site-packages/sklearn/metrics/_ranking.py:1046: UserWarning: No positive class found in y_true, recall is set to one for all thresholds.
  warnings.warn(
AUROC test all: 0.8945073445596903, AUPR test all: 0.6411514139068561, AUROC test unknown: nan, AUPR test unknown: 0.0
Epoch: 172, Best AUROC test all: 0.8947635518498485, AUPR test all: 0.6421481353200332, AUROC test unknown: 0.0, AUPR test unknown: 0.0
pseudo_counter: Counter({0: 34809, -1: 4023, 1: 525})
max_probs: 0.9995731711387634， num of >0.5: 130
/nas/home/jahin/.local/lib/python3.10/site-packages/sklearn/metrics/_ranking.py:424: UndefinedMetricWarning: Only one class is present in y_true. ROC AUC score is not defined in that case.
  warnings.warn(
/nas/home/jahin/.local/lib/python3.10/site-packages/sklearn/metrics/_ranking.py:1046: UserWarning: No positive class found in y_true, recall is set to one for all thresholds.
  warnings.warn(
AUROC test all: 0.8903789935556534, AUPR test all: 0.6361473827401909, AUROC test unknown: nan, AUPR test unknown: 0.0
Epoch: 173, Best AUROC test all: 0.8947635518498485, AUPR test all: 0.6421481353200332, AUROC test unknown: 0.0, AUPR test unknown: 0.0
pseudo_counter: Counter({0: 34807, -1: 4023, 1: 527})
max_probs: 0.9951949715614319， num of >0.5: 115
/nas/home/jahin/.local/lib/python3.10/site-packages/sklearn/metrics/_ranking.py:424: UndefinedMetricWarning: Only one class is present in y_true. ROC AUC score is not defined in that case.
  warnings.warn(
/nas/home/jahin/.local/lib/python3.10/site-packages/sklearn/metrics/_ranking.py:1046: UserWarning: No positive class found in y_true, recall is set to one for all thresholds.
  warnings.warn(
AUROC test all: 0.8887143814767411, AUPR test all: 0.6306819902883429, AUROC test unknown: nan, AUPR test unknown: 0.0
Epoch: 174, Best AUROC test all: 0.8947635518498485, AUPR test all: 0.6421481353200332, AUROC test unknown: 0.0, AUPR test unknown: 0.0
pseudo_counter: Counter({0: 34804, -1: 4023, 1: 530})
max_probs: 0.9999727010726929， num of >0.5: 100
/nas/home/jahin/.local/lib/python3.10/site-packages/sklearn/metrics/_ranking.py:424: UndefinedMetricWarning: Only one class is present in y_true. ROC AUC score is not defined in that case.
  warnings.warn(
/nas/home/jahin/.local/lib/python3.10/site-packages/sklearn/metrics/_ranking.py:1046: UserWarning: No positive class found in y_true, recall is set to one for all thresholds.
  warnings.warn(
AUROC test all: 0.8898201683618331, AUPR test all: 0.6483583818613418, AUROC test unknown: nan, AUPR test unknown: 0.0
Epoch: 175, Best AUROC test all: 0.8947635518498485, AUPR test all: 0.6483583818613418, AUROC test unknown: 0.0, AUPR test unknown: 0.0
pseudo_counter: Counter({0: 34803, -1: 4023, 1: 531})
max_probs: 0.9989997744560242， num of >0.5: 103
/nas/home/jahin/.local/lib/python3.10/site-packages/sklearn/metrics/_ranking.py:424: UndefinedMetricWarning: Only one class is present in y_true. ROC AUC score is not defined in that case.
  warnings.warn(
/nas/home/jahin/.local/lib/python3.10/site-packages/sklearn/metrics/_ranking.py:1046: UserWarning: No positive class found in y_true, recall is set to one for all thresholds.
  warnings.warn(
AUROC test all: 0.8924788006439286, AUPR test all: 0.645987722059469, AUROC test unknown: nan, AUPR test unknown: 0.0
Epoch: 176, Best AUROC test all: 0.8947635518498485, AUPR test all: 0.6483583818613418, AUROC test unknown: 0.0, AUPR test unknown: 0.0
pseudo_counter: Counter({0: 34804, -1: 4022, 1: 531})
max_probs: 0.9992923736572266， num of >0.5: 106
/nas/home/jahin/.local/lib/python3.10/site-packages/sklearn/metrics/_ranking.py:424: UndefinedMetricWarning: Only one class is present in y_true. ROC AUC score is not defined in that case.
  warnings.warn(
/nas/home/jahin/.local/lib/python3.10/site-packages/sklearn/metrics/_ranking.py:1046: UserWarning: No positive class found in y_true, recall is set to one for all thresholds.
  warnings.warn(
AUROC test all: 0.8882052038908872, AUPR test all: 0.6364262273084198, AUROC test unknown: nan, AUPR test unknown: 0.0
Epoch: 177, Best AUROC test all: 0.8947635518498485, AUPR test all: 0.6483583818613418, AUROC test unknown: 0.0, AUPR test unknown: 0.0
pseudo_counter: Counter({0: 34800, -1: 4021, 1: 536})
max_probs: 1.0， num of >0.5: 102
/nas/home/jahin/.local/lib/python3.10/site-packages/sklearn/metrics/_ranking.py:424: UndefinedMetricWarning: Only one class is present in y_true. ROC AUC score is not defined in that case.
  warnings.warn(
/nas/home/jahin/.local/lib/python3.10/site-packages/sklearn/metrics/_ranking.py:1046: UserWarning: No positive class found in y_true, recall is set to one for all thresholds.
  warnings.warn(
AUROC test all: 0.8909320595283609, AUPR test all: 0.6442560236325987, AUROC test unknown: nan, AUPR test unknown: 0.0
Epoch: 178, Best AUROC test all: 0.8947635518498485, AUPR test all: 0.6483583818613418, AUROC test unknown: 0.0, AUPR test unknown: 0.0
pseudo_counter: Counter({0: 34799, -1: 4021, 1: 537})
max_probs: 0.9860900640487671， num of >0.5: 133
/nas/home/jahin/.local/lib/python3.10/site-packages/sklearn/metrics/_ranking.py:424: UndefinedMetricWarning: Only one class is present in y_true. ROC AUC score is not defined in that case.
  warnings.warn(
/nas/home/jahin/.local/lib/python3.10/site-packages/sklearn/metrics/_ranking.py:1046: UserWarning: No positive class found in y_true, recall is set to one for all thresholds.
  warnings.warn(
AUROC test all: 0.8944712446772802, AUPR test all: 0.6542852548157745, AUROC test unknown: nan, AUPR test unknown: 0.0
Epoch: 179, Best AUROC test all: 0.8947635518498485, AUPR test all: 0.6542852548157745, AUROC test unknown: 0.0, AUPR test unknown: 0.0
pseudo_counter: Counter({0: 34796, -1: 4021, 1: 540})
max_probs: 0.9999992847442627， num of >0.5: 188
/nas/home/jahin/.local/lib/python3.10/site-packages/sklearn/metrics/_ranking.py:424: UndefinedMetricWarning: Only one class is present in y_true. ROC AUC score is not defined in that case.
  warnings.warn(
/nas/home/jahin/.local/lib/python3.10/site-packages/sklearn/metrics/_ranking.py:1046: UserWarning: No positive class found in y_true, recall is set to one for all thresholds.
  warnings.warn(
AUROC test all: 0.8942042830070411, AUPR test all: 0.6537800240201717, AUROC test unknown: nan, AUPR test unknown: 0.0
Epoch: 180, Best AUROC test all: 0.8947635518498485, AUPR test all: 0.6542852548157745, AUROC test unknown: 0.0, AUPR test unknown: 0.0
pseudo_counter: Counter({0: 34790, -1: 4020, 1: 547})
max_probs: 0.9999990463256836， num of >0.5: 222
/nas/home/jahin/.local/lib/python3.10/site-packages/sklearn/metrics/_ranking.py:424: UndefinedMetricWarning: Only one class is present in y_true. ROC AUC score is not defined in that case.
  warnings.warn(
/nas/home/jahin/.local/lib/python3.10/site-packages/sklearn/metrics/_ranking.py:1046: UserWarning: No positive class found in y_true, recall is set to one for all thresholds.
  warnings.warn(
AUROC test all: 0.8923006509283666, AUPR test all: 0.6496842876913353, AUROC test unknown: nan, AUPR test unknown: 0.0
Epoch: 181, Best AUROC test all: 0.8947635518498485, AUPR test all: 0.6542852548157745, AUROC test unknown: 0.0, AUPR test unknown: 0.0
pseudo_counter: Counter({0: 34786, -1: 4020, 1: 551})
max_probs: 0.9978412389755249， num of >0.5: 182
/nas/home/jahin/.local/lib/python3.10/site-packages/sklearn/metrics/_ranking.py:424: UndefinedMetricWarning: Only one class is present in y_true. ROC AUC score is not defined in that case.
  warnings.warn(
/nas/home/jahin/.local/lib/python3.10/site-packages/sklearn/metrics/_ranking.py:1046: UserWarning: No positive class found in y_true, recall is set to one for all thresholds.
  warnings.warn(
AUROC test all: 0.8909750359700739, AUPR test all: 0.634577775259125, AUROC test unknown: nan, AUPR test unknown: 0.0
Epoch: 182, Best AUROC test all: 0.8947635518498485, AUPR test all: 0.6542852548157745, AUROC test unknown: 0.0, AUPR test unknown: 0.0
pseudo_counter: Counter({0: 34778, -1: 4020, 1: 559})
max_probs: 0.9800800681114197， num of >0.5: 130
/nas/home/jahin/.local/lib/python3.10/site-packages/sklearn/metrics/_ranking.py:424: UndefinedMetricWarning: Only one class is present in y_true. ROC AUC score is not defined in that case.
  warnings.warn(
/nas/home/jahin/.local/lib/python3.10/site-packages/sklearn/metrics/_ranking.py:1046: UserWarning: No positive class found in y_true, recall is set to one for all thresholds.
  warnings.warn(
AUROC test all: 0.8902069974158596, AUPR test all: 0.6412037743017887, AUROC test unknown: nan, AUPR test unknown: 0.0
Epoch: 183, Best AUROC test all: 0.8947635518498485, AUPR test all: 0.6542852548157745, AUROC test unknown: 0.0, AUPR test unknown: 0.0
pseudo_counter: Counter({0: 34776, -1: 4020, 1: 561})
max_probs: 0.9941490888595581， num of >0.5: 137
/nas/home/jahin/.local/lib/python3.10/site-packages/sklearn/metrics/_ranking.py:424: UndefinedMetricWarning: Only one class is present in y_true. ROC AUC score is not defined in that case.
  warnings.warn(
/nas/home/jahin/.local/lib/python3.10/site-packages/sklearn/metrics/_ranking.py:1046: UserWarning: No positive class found in y_true, recall is set to one for all thresholds.
  warnings.warn(
AUROC test all: 0.892928652501316, AUPR test all: 0.6506050177871373, AUROC test unknown: nan, AUPR test unknown: 0.0
Epoch: 184, Best AUROC test all: 0.8947635518498485, AUPR test all: 0.6542852548157745, AUROC test unknown: 0.0, AUPR test unknown: 0.0
pseudo_counter: Counter({0: 34773, -1: 4020, 1: 564})
max_probs: 0.999962329864502， num of >0.5: 107
/nas/home/jahin/.local/lib/python3.10/site-packages/sklearn/metrics/_ranking.py:424: UndefinedMetricWarning: Only one class is present in y_true. ROC AUC score is not defined in that case.
  warnings.warn(
/nas/home/jahin/.local/lib/python3.10/site-packages/sklearn/metrics/_ranking.py:1046: UserWarning: No positive class found in y_true, recall is set to one for all thresholds.
  warnings.warn(
AUROC test all: 0.8926741294341648, AUPR test all: 0.6524599066217504, AUROC test unknown: nan, AUPR test unknown: 0.0
Epoch: 185, Best AUROC test all: 0.8947635518498485, AUPR test all: 0.6542852548157745, AUROC test unknown: 0.0, AUPR test unknown: 0.0
pseudo_counter: Counter({0: 34774, -1: 4020, 1: 563})
max_probs: 0.9999902248382568， num of >0.5: 137
/nas/home/jahin/.local/lib/python3.10/site-packages/sklearn/metrics/_ranking.py:424: UndefinedMetricWarning: Only one class is present in y_true. ROC AUC score is not defined in that case.
  warnings.warn(
/nas/home/jahin/.local/lib/python3.10/site-packages/sklearn/metrics/_ranking.py:1046: UserWarning: No positive class found in y_true, recall is set to one for all thresholds.
  warnings.warn(
AUROC test all: 0.8929731488515966, AUPR test all: 0.6578309664681788, AUROC test unknown: nan, AUPR test unknown: 0.0
Epoch: 186, Best AUROC test all: 0.8947635518498485, AUPR test all: 0.6578309664681788, AUROC test unknown: 0.0, AUPR test unknown: 0.0
pseudo_counter: Counter({0: 34774, -1: 4020, 1: 563})
max_probs: 1.0， num of >0.5: 188
/nas/home/jahin/.local/lib/python3.10/site-packages/sklearn/metrics/_ranking.py:424: UndefinedMetricWarning: Only one class is present in y_true. ROC AUC score is not defined in that case.
  warnings.warn(
/nas/home/jahin/.local/lib/python3.10/site-packages/sklearn/metrics/_ranking.py:1046: UserWarning: No positive class found in y_true, recall is set to one for all thresholds.
  warnings.warn(
AUROC test all: 0.8941229884379817, AUPR test all: 0.6505232594600054, AUROC test unknown: nan, AUPR test unknown: 0.0
Epoch: 187, Best AUROC test all: 0.8947635518498485, AUPR test all: 0.6578309664681788, AUROC test unknown: 0.0, AUPR test unknown: 0.0
pseudo_counter: Counter({0: 34772, -1: 4020, 1: 565})
max_probs: 1.0， num of >0.5: 217
/nas/home/jahin/.local/lib/python3.10/site-packages/sklearn/metrics/_ranking.py:424: UndefinedMetricWarning: Only one class is present in y_true. ROC AUC score is not defined in that case.
  warnings.warn(
/nas/home/jahin/.local/lib/python3.10/site-packages/sklearn/metrics/_ranking.py:1046: UserWarning: No positive class found in y_true, recall is set to one for all thresholds.
  warnings.warn(
AUROC test all: 0.8914280508804262, AUPR test all: 0.6490771011658406, AUROC test unknown: nan, AUPR test unknown: 0.0
Epoch: 188, Best AUROC test all: 0.8947635518498485, AUPR test all: 0.6578309664681788, AUROC test unknown: 0.0, AUPR test unknown: 0.0
pseudo_counter: Counter({0: 34770, -1: 4019, 1: 568})
max_probs: 0.9997653365135193， num of >0.5: 182
/nas/home/jahin/.local/lib/python3.10/site-packages/sklearn/metrics/_ranking.py:424: UndefinedMetricWarning: Only one class is present in y_true. ROC AUC score is not defined in that case.
  warnings.warn(
/nas/home/jahin/.local/lib/python3.10/site-packages/sklearn/metrics/_ranking.py:1046: UserWarning: No positive class found in y_true, recall is set to one for all thresholds.
  warnings.warn(
AUROC test all: 0.8927742873009059, AUPR test all: 0.6505799311763332, AUROC test unknown: nan, AUPR test unknown: 0.0
Epoch: 189, Best AUROC test all: 0.8947635518498485, AUPR test all: 0.6578309664681788, AUROC test unknown: 0.0, AUPR test unknown: 0.0
pseudo_counter: Counter({0: 34767, -1: 4019, 1: 571})
max_probs: 1.0， num of >0.5: 143
/nas/home/jahin/.local/lib/python3.10/site-packages/sklearn/metrics/_ranking.py:424: UndefinedMetricWarning: Only one class is present in y_true. ROC AUC score is not defined in that case.
  warnings.warn(
/nas/home/jahin/.local/lib/python3.10/site-packages/sklearn/metrics/_ranking.py:1046: UserWarning: No positive class found in y_true, recall is set to one for all thresholds.
  warnings.warn(
AUROC test all: 0.8946693339501041, AUPR test all: 0.6556112090957485, AUROC test unknown: nan, AUPR test unknown: 0.0
Epoch: 190, Best AUROC test all: 0.8947635518498485, AUPR test all: 0.6578309664681788, AUROC test unknown: 0.0, AUPR test unknown: 0.0
pseudo_counter: Counter({0: 34768, -1: 4018, 1: 571})
max_probs: 0.9998989105224609， num of >0.5: 118
/nas/home/jahin/.local/lib/python3.10/site-packages/sklearn/metrics/_ranking.py:424: UndefinedMetricWarning: Only one class is present in y_true. ROC AUC score is not defined in that case.
  warnings.warn(
/nas/home/jahin/.local/lib/python3.10/site-packages/sklearn/metrics/_ranking.py:1046: UserWarning: No positive class found in y_true, recall is set to one for all thresholds.
  warnings.warn(
AUROC test all: 0.8882110041906098, AUPR test all: 0.6589892146252796, AUROC test unknown: nan, AUPR test unknown: 0.0
Epoch: 191, Best AUROC test all: 0.8947635518498485, AUPR test all: 0.6589892146252796, AUROC test unknown: 0.0, AUPR test unknown: 0.0
pseudo_counter: Counter({0: 34765, -1: 4018, 1: 574})
max_probs: 0.9251548051834106， num of >0.5: 120
/nas/home/jahin/.local/lib/python3.10/site-packages/sklearn/metrics/_ranking.py:424: UndefinedMetricWarning: Only one class is present in y_true. ROC AUC score is not defined in that case.
  warnings.warn(
/nas/home/jahin/.local/lib/python3.10/site-packages/sklearn/metrics/_ranking.py:1046: UserWarning: No positive class found in y_true, recall is set to one for all thresholds.
  warnings.warn(
AUROC test all: 0.9010875381234147, AUPR test all: 0.6632945222000945, AUROC test unknown: nan, AUPR test unknown: 0.0
Epoch: 192, Best AUROC test all: 0.9010875381234147, AUPR test all: 0.6632945222000945, AUROC test unknown: 0.0, AUPR test unknown: 0.0
pseudo_counter: Counter({0: 34759, -1: 4018, 1: 580})
max_probs: 1.0， num of >0.5: 197
/nas/home/jahin/.local/lib/python3.10/site-packages/sklearn/metrics/_ranking.py:424: UndefinedMetricWarning: Only one class is present in y_true. ROC AUC score is not defined in that case.
  warnings.warn(
/nas/home/jahin/.local/lib/python3.10/site-packages/sklearn/metrics/_ranking.py:1046: UserWarning: No positive class found in y_true, recall is set to one for all thresholds.
  warnings.warn(
AUROC test all: 0.8980217593068192, AUPR test all: 0.6732599869682182, AUROC test unknown: nan, AUPR test unknown: 0.0
Epoch: 193, Best AUROC test all: 0.9010875381234147, AUPR test all: 0.6732599869682182, AUROC test unknown: 0.0, AUPR test unknown: 0.0
pseudo_counter: Counter({0: 34753, -1: 4018, 1: 586})
max_probs: 1.0， num of >0.5: 320
/nas/home/jahin/.local/lib/python3.10/site-packages/sklearn/metrics/_ranking.py:424: UndefinedMetricWarning: Only one class is present in y_true. ROC AUC score is not defined in that case.
  warnings.warn(
/nas/home/jahin/.local/lib/python3.10/site-packages/sklearn/metrics/_ranking.py:1046: UserWarning: No positive class found in y_true, recall is set to one for all thresholds.
  warnings.warn(
AUROC test all: 0.897658977671048, AUPR test all: 0.6587192193151613, AUROC test unknown: nan, AUPR test unknown: 0.0
Epoch: 194, Best AUROC test all: 0.9010875381234147, AUPR test all: 0.6732599869682182, AUROC test unknown: 0.0, AUPR test unknown: 0.0
pseudo_counter: Counter({0: 34741, -1: 4018, 1: 598})
max_probs: 0.9870185852050781， num of >0.5: 146
/nas/home/jahin/.local/lib/python3.10/site-packages/sklearn/metrics/_ranking.py:424: UndefinedMetricWarning: Only one class is present in y_true. ROC AUC score is not defined in that case.
  warnings.warn(
/nas/home/jahin/.local/lib/python3.10/site-packages/sklearn/metrics/_ranking.py:1046: UserWarning: No positive class found in y_true, recall is set to one for all thresholds.
  warnings.warn(
AUROC test all: 0.8959009446174239, AUPR test all: 0.6435997571383755, AUROC test unknown: nan, AUPR test unknown: 0.0
Epoch: 195, Best AUROC test all: 0.9010875381234147, AUPR test all: 0.6732599869682182, AUROC test unknown: 0.0, AUPR test unknown: 0.0
pseudo_counter: Counter({0: 34746, -1: 4018, 1: 593})
max_probs: 0.9993316531181335， num of >0.5: 102
/nas/home/jahin/.local/lib/python3.10/site-packages/sklearn/metrics/_ranking.py:424: UndefinedMetricWarning: Only one class is present in y_true. ROC AUC score is not defined in that case.
  warnings.warn(
/nas/home/jahin/.local/lib/python3.10/site-packages/sklearn/metrics/_ranking.py:1046: UserWarning: No positive class found in y_true, recall is set to one for all thresholds.
  warnings.warn(
AUROC test all: 0.8917214918226289, AUPR test all: 0.6502485653254476, AUROC test unknown: nan, AUPR test unknown: 0.0
Epoch: 196, Best AUROC test all: 0.9010875381234147, AUPR test all: 0.6732599869682182, AUROC test unknown: 0.0, AUPR test unknown: 0.0
pseudo_counter: Counter({0: 34749, -1: 4018, 1: 590})
max_probs: 0.9999991655349731， num of >0.5: 131
/nas/home/jahin/.local/lib/python3.10/site-packages/sklearn/metrics/_ranking.py:424: UndefinedMetricWarning: Only one class is present in y_true. ROC AUC score is not defined in that case.
  warnings.warn(
/nas/home/jahin/.local/lib/python3.10/site-packages/sklearn/metrics/_ranking.py:1046: UserWarning: No positive class found in y_true, recall is set to one for all thresholds.
  warnings.warn(
AUROC test all: 0.8909653085552417, AUPR test all: 0.6567832917645947, AUROC test unknown: nan, AUPR test unknown: 0.0
Epoch: 197, Best AUROC test all: 0.9010875381234147, AUPR test all: 0.6732599869682182, AUROC test unknown: 0.0, AUPR test unknown: 0.0
pseudo_counter: Counter({0: 34746, -1: 4018, 1: 593})
max_probs: 0.9864380359649658， num of >0.5: 120
/nas/home/jahin/.local/lib/python3.10/site-packages/sklearn/metrics/_ranking.py:424: UndefinedMetricWarning: Only one class is present in y_true. ROC AUC score is not defined in that case.
  warnings.warn(
/nas/home/jahin/.local/lib/python3.10/site-packages/sklearn/metrics/_ranking.py:1046: UserWarning: No positive class found in y_true, recall is set to one for all thresholds.
  warnings.warn(
AUROC test all: 0.899088973377183, AUPR test all: 0.6701159428767006, AUROC test unknown: nan, AUPR test unknown: 0.0
Epoch: 198, Best AUROC test all: 0.9010875381234147, AUPR test all: 0.6732599869682182, AUROC test unknown: 0.0, AUPR test unknown: 0.0
pseudo_counter: Counter({0: 34743, -1: 4018, 1: 596})
max_probs: 0.9919331669807434， num of >0.5: 186
/nas/home/jahin/.local/lib/python3.10/site-packages/sklearn/metrics/_ranking.py:424: UndefinedMetricWarning: Only one class is present in y_true. ROC AUC score is not defined in that case.
  warnings.warn(
/nas/home/jahin/.local/lib/python3.10/site-packages/sklearn/metrics/_ranking.py:1046: UserWarning: No positive class found in y_true, recall is set to one for all thresholds.
  warnings.warn(
AUROC test all: 0.8998044066635157, AUPR test all: 0.6710680401074817, AUROC test unknown: nan, AUPR test unknown: 0.0
Epoch: 199, Best AUROC test all: 0.9010875381234147, AUPR test all: 0.6732599869682182, AUROC test unknown: 0.0, AUPR test unknown: 0.0
pseudo_counter: Counter({0: 34738, -1: 4017, 1: 602})
max_probs: 0.9999997615814209， num of >0.5: 314
/nas/home/jahin/.local/lib/python3.10/site-packages/sklearn/metrics/_ranking.py:424: UndefinedMetricWarning: Only one class is present in y_true. ROC AUC score is not defined in that case.
  warnings.warn(
/nas/home/jahin/.local/lib/python3.10/site-packages/sklearn/metrics/_ranking.py:1046: UserWarning: No positive class found in y_true, recall is set to one for all thresholds.
  warnings.warn(
AUROC test all: 0.8987008380233604, AUPR test all: 0.6586992214466421, AUROC test unknown: nan, AUPR test unknown: 0.0
Epoch: 200, Best AUROC test all: 0.9010875381234147, AUPR test all: 0.6732599869682182, AUROC test unknown: 0.0, AUPR test unknown: 0.0
pseudo_counter: Counter({0: 34723, -1: 4017, 1: 617})
max_probs: 0.9879955649375916， num of >0.5: 169
/nas/home/jahin/.local/lib/python3.10/site-packages/sklearn/metrics/_ranking.py:424: UndefinedMetricWarning: Only one class is present in y_true. ROC AUC score is not defined in that case.
  warnings.warn(
/nas/home/jahin/.local/lib/python3.10/site-packages/sklearn/metrics/_ranking.py:1046: UserWarning: No positive class found in y_true, recall is set to one for all thresholds.
  warnings.warn(
AUROC test all: 0.8965454351444007, AUPR test all: 0.6562060363731836, AUROC test unknown: nan, AUPR test unknown: 0.0
Epoch: 201, Best AUROC test all: 0.9010875381234147, AUPR test all: 0.6732599869682182, AUROC test unknown: 0.0, AUPR test unknown: 0.0
pseudo_counter: Counter({0: 34718, -1: 4017, 1: 622})
max_probs: 0.9989744424819946， num of >0.5: 153
/nas/home/jahin/.local/lib/python3.10/site-packages/sklearn/metrics/_ranking.py:424: UndefinedMetricWarning: Only one class is present in y_true. ROC AUC score is not defined in that case.
  warnings.warn(
/nas/home/jahin/.local/lib/python3.10/site-packages/sklearn/metrics/_ranking.py:1046: UserWarning: No positive class found in y_true, recall is set to one for all thresholds.
  warnings.warn(
AUROC test all: 0.9004781369450438, AUPR test all: 0.6711815942536807, AUROC test unknown: nan, AUPR test unknown: 0.0
Epoch: 202, Best AUROC test all: 0.9010875381234147, AUPR test all: 0.6732599869682182, AUROC test unknown: 0.0, AUPR test unknown: 0.0
pseudo_counter: Counter({0: 34716, -1: 4017, 1: 624})
max_probs: 0.9990179538726807， num of >0.5: 141
/nas/home/jahin/.local/lib/python3.10/site-packages/sklearn/metrics/_ranking.py:424: UndefinedMetricWarning: Only one class is present in y_true. ROC AUC score is not defined in that case.
  warnings.warn(
/nas/home/jahin/.local/lib/python3.10/site-packages/sklearn/metrics/_ranking.py:1046: UserWarning: No positive class found in y_true, recall is set to one for all thresholds.
  warnings.warn(
AUROC test all: 0.8988459933994233, AUPR test all: 0.6586581109388984, AUROC test unknown: nan, AUPR test unknown: 0.0
Epoch: 203, Best AUROC test all: 0.9010875381234147, AUPR test all: 0.6732599869682182, AUROC test unknown: 0.0, AUPR test unknown: 0.0
pseudo_counter: Counter({0: 34713, -1: 4017, 1: 627})
max_probs: 0.9992166757583618， num of >0.5: 169
/nas/home/jahin/.local/lib/python3.10/site-packages/sklearn/metrics/_ranking.py:424: UndefinedMetricWarning: Only one class is present in y_true. ROC AUC score is not defined in that case.
  warnings.warn(
/nas/home/jahin/.local/lib/python3.10/site-packages/sklearn/metrics/_ranking.py:1046: UserWarning: No positive class found in y_true, recall is set to one for all thresholds.
  warnings.warn(
AUROC test all: 0.8980616384213431, AUPR test all: 0.6726169438190979, AUROC test unknown: nan, AUPR test unknown: 0.0
Epoch: 204, Best AUROC test all: 0.9010875381234147, AUPR test all: 0.6732599869682182, AUROC test unknown: 0.0, AUPR test unknown: 0.0
pseudo_counter: Counter({0: 34710, -1: 4017, 1: 630})
max_probs: 0.9935232400894165， num of >0.5: 169
/nas/home/jahin/.local/lib/python3.10/site-packages/sklearn/metrics/_ranking.py:424: UndefinedMetricWarning: Only one class is present in y_true. ROC AUC score is not defined in that case.
  warnings.warn(
/nas/home/jahin/.local/lib/python3.10/site-packages/sklearn/metrics/_ranking.py:1046: UserWarning: No positive class found in y_true, recall is set to one for all thresholds.
  warnings.warn(
AUROC test all: 0.898745219353533, AUPR test all: 0.663519807831902, AUROC test unknown: nan, AUPR test unknown: 0.0
Epoch: 205, Best AUROC test all: 0.9010875381234147, AUPR test all: 0.6732599869682182, AUROC test unknown: 0.0, AUPR test unknown: 0.0
pseudo_counter: Counter({0: 34704, -1: 4015, 1: 638})
max_probs: 0.9999179840087891， num of >0.5: 200
/nas/home/jahin/.local/lib/python3.10/site-packages/sklearn/metrics/_ranking.py:424: UndefinedMetricWarning: Only one class is present in y_true. ROC AUC score is not defined in that case.
  warnings.warn(
/nas/home/jahin/.local/lib/python3.10/site-packages/sklearn/metrics/_ranking.py:1046: UserWarning: No positive class found in y_true, recall is set to one for all thresholds.
  warnings.warn(
AUROC test all: 0.9016571094815938, AUPR test all: 0.6725036708898222, AUROC test unknown: nan, AUPR test unknown: 0.0
Epoch: 206, Best AUROC test all: 0.9016571094815938, AUPR test all: 0.6732599869682182, AUROC test unknown: 0.0, AUPR test unknown: 0.0
pseudo_counter: Counter({0: 34698, -1: 4015, 1: 644})
max_probs: 0.9960571527481079， num of >0.5: 228
/nas/home/jahin/.local/lib/python3.10/site-packages/sklearn/metrics/_ranking.py:424: UndefinedMetricWarning: Only one class is present in y_true. ROC AUC score is not defined in that case.
  warnings.warn(
/nas/home/jahin/.local/lib/python3.10/site-packages/sklearn/metrics/_ranking.py:1046: UserWarning: No positive class found in y_true, recall is set to one for all thresholds.
  warnings.warn(
AUROC test all: 0.9008432682773031, AUPR test all: 0.6703728563136256, AUROC test unknown: nan, AUPR test unknown: 0.0
Epoch: 207, Best AUROC test all: 0.9016571094815938, AUPR test all: 0.6732599869682182, AUROC test unknown: 0.0, AUPR test unknown: 0.0
pseudo_counter: Counter({0: 34694, -1: 4015, 1: 648})
max_probs: 0.999297022819519， num of >0.5: 187
/nas/home/jahin/.local/lib/python3.10/site-packages/sklearn/metrics/_ranking.py:424: UndefinedMetricWarning: Only one class is present in y_true. ROC AUC score is not defined in that case.
  warnings.warn(
/nas/home/jahin/.local/lib/python3.10/site-packages/sklearn/metrics/_ranking.py:1046: UserWarning: No positive class found in y_true, recall is set to one for all thresholds.
  warnings.warn(
AUROC test all: 0.8963871592603249, AUPR test all: 0.6714730007124909, AUROC test unknown: nan, AUPR test unknown: 0.0
Epoch: 208, Best AUROC test all: 0.9016571094815938, AUPR test all: 0.6732599869682182, AUROC test unknown: 0.0, AUPR test unknown: 0.0
pseudo_counter: Counter({0: 34693, -1: 4015, 1: 649})
max_probs: 0.9854621887207031， num of >0.5: 184
/nas/home/jahin/.local/lib/python3.10/site-packages/sklearn/metrics/_ranking.py:424: UndefinedMetricWarning: Only one class is present in y_true. ROC AUC score is not defined in that case.
  warnings.warn(
/nas/home/jahin/.local/lib/python3.10/site-packages/sklearn/metrics/_ranking.py:1046: UserWarning: No positive class found in y_true, recall is set to one for all thresholds.
  warnings.warn(
AUROC test all: 0.8973685436830925, AUPR test all: 0.6671299910719416, AUROC test unknown: nan, AUPR test unknown: 0.0
Epoch: 209, Best AUROC test all: 0.9016571094815938, AUPR test all: 0.6732599869682182, AUROC test unknown: 0.0, AUPR test unknown: 0.0
pseudo_counter: Counter({0: 34691, -1: 4015, 1: 651})
max_probs: 0.9947681427001953， num of >0.5: 140
/nas/home/jahin/.local/lib/python3.10/site-packages/sklearn/metrics/_ranking.py:424: UndefinedMetricWarning: Only one class is present in y_true. ROC AUC score is not defined in that case.
  warnings.warn(
/nas/home/jahin/.local/lib/python3.10/site-packages/sklearn/metrics/_ranking.py:1046: UserWarning: No positive class found in y_true, recall is set to one for all thresholds.
  warnings.warn(
AUROC test all: 0.893739831811683, AUPR test all: 0.6669656187609829, AUROC test unknown: nan, AUPR test unknown: 0.0
Epoch: 210, Best AUROC test all: 0.9016571094815938, AUPR test all: 0.6732599869682182, AUROC test unknown: 0.0, AUPR test unknown: 0.0
pseudo_counter: Counter({0: 34687, -1: 4015, 1: 655})
max_probs: 0.9987449645996094， num of >0.5: 158
/nas/home/jahin/.local/lib/python3.10/site-packages/sklearn/metrics/_ranking.py:424: UndefinedMetricWarning: Only one class is present in y_true. ROC AUC score is not defined in that case.
  warnings.warn(
/nas/home/jahin/.local/lib/python3.10/site-packages/sklearn/metrics/_ranking.py:1046: UserWarning: No positive class found in y_true, recall is set to one for all thresholds.
  warnings.warn(
AUROC test all: 0.8945328954550691, AUPR test all: 0.6572174088927392, AUROC test unknown: nan, AUPR test unknown: 0.0
Epoch: 211, Best AUROC test all: 0.9016571094815938, AUPR test all: 0.6732599869682182, AUROC test unknown: 0.0, AUPR test unknown: 0.0
pseudo_counter: Counter({0: 34688, -1: 4015, 1: 654})
max_probs: 0.986423671245575， num of >0.5: 84
/nas/home/jahin/.local/lib/python3.10/site-packages/sklearn/metrics/_ranking.py:424: UndefinedMetricWarning: Only one class is present in y_true. ROC AUC score is not defined in that case.
  warnings.warn(
/nas/home/jahin/.local/lib/python3.10/site-packages/sklearn/metrics/_ranking.py:1046: UserWarning: No positive class found in y_true, recall is set to one for all thresholds.
  warnings.warn(
AUROC test all: 0.8948254080206872, AUPR test all: 0.6557871144378783, AUROC test unknown: nan, AUPR test unknown: 0.0
Epoch: 212, Best AUROC test all: 0.9016571094815938, AUPR test all: 0.6732599869682182, AUROC test unknown: 0.0, AUPR test unknown: 0.0
pseudo_counter: Counter({0: 34687, -1: 4015, 1: 655})
max_probs: 0.994678258895874， num of >0.5: 61
/nas/home/jahin/.local/lib/python3.10/site-packages/sklearn/metrics/_ranking.py:424: UndefinedMetricWarning: Only one class is present in y_true. ROC AUC score is not defined in that case.
  warnings.warn(
/nas/home/jahin/.local/lib/python3.10/site-packages/sklearn/metrics/_ranking.py:1046: UserWarning: No positive class found in y_true, recall is set to one for all thresholds.
  warnings.warn(
AUROC test all: 0.8921080168949421, AUPR test all: 0.6557930793488652, AUROC test unknown: nan, AUPR test unknown: 0.0
Epoch: 213, Best AUROC test all: 0.9016571094815938, AUPR test all: 0.6732599869682182, AUROC test unknown: 0.0, AUPR test unknown: 0.0
pseudo_counter: Counter({0: 34687, -1: 4015, 1: 655})
max_probs: 0.9956027269363403， num of >0.5: 103
/nas/home/jahin/.local/lib/python3.10/site-packages/sklearn/metrics/_ranking.py:424: UndefinedMetricWarning: Only one class is present in y_true. ROC AUC score is not defined in that case.
  warnings.warn(
/nas/home/jahin/.local/lib/python3.10/site-packages/sklearn/metrics/_ranking.py:1046: UserWarning: No positive class found in y_true, recall is set to one for all thresholds.
  warnings.warn(
AUROC test all: 0.8981531040542221, AUPR test all: 0.6725912562656249, AUROC test unknown: nan, AUPR test unknown: 0.0
Epoch: 214, Best AUROC test all: 0.9016571094815938, AUPR test all: 0.6732599869682182, AUROC test unknown: 0.0, AUPR test unknown: 0.0
pseudo_counter: Counter({0: 34688, -1: 4015, 1: 654})
max_probs: 0.9991757273674011， num of >0.5: 149
/nas/home/jahin/.local/lib/python3.10/site-packages/sklearn/metrics/_ranking.py:424: UndefinedMetricWarning: Only one class is present in y_true. ROC AUC score is not defined in that case.
  warnings.warn(
/nas/home/jahin/.local/lib/python3.10/site-packages/sklearn/metrics/_ranking.py:1046: UserWarning: No positive class found in y_true, recall is set to one for all thresholds.
  warnings.warn(
AUROC test all: 0.9003460692141058, AUPR test all: 0.6686393457409221, AUROC test unknown: nan, AUPR test unknown: 0.0
Epoch: 215, Best AUROC test all: 0.9016571094815938, AUPR test all: 0.6732599869682182, AUROC test unknown: 0.0, AUPR test unknown: 0.0
pseudo_counter: Counter({0: 34686, -1: 4014, 1: 657})
max_probs: 0.9812767505645752， num of >0.5: 183
/nas/home/jahin/.local/lib/python3.10/site-packages/sklearn/metrics/_ranking.py:424: UndefinedMetricWarning: Only one class is present in y_true. ROC AUC score is not defined in that case.
  warnings.warn(
/nas/home/jahin/.local/lib/python3.10/site-packages/sklearn/metrics/_ranking.py:1046: UserWarning: No positive class found in y_true, recall is set to one for all thresholds.
  warnings.warn(
AUROC test all: 0.9075137526256625, AUPR test all: 0.689692229434126, AUROC test unknown: nan, AUPR test unknown: 0.0
Epoch: 216, Best AUROC test all: 0.9075137526256625, AUPR test all: 0.689692229434126, AUROC test unknown: 0.0, AUPR test unknown: 0.0
pseudo_counter: Counter({0: 34678, -1: 4014, 1: 665})
max_probs: 0.9999561309814453， num of >0.5: 373
/nas/home/jahin/.local/lib/python3.10/site-packages/sklearn/metrics/_ranking.py:424: UndefinedMetricWarning: Only one class is present in y_true. ROC AUC score is not defined in that case.
  warnings.warn(
/nas/home/jahin/.local/lib/python3.10/site-packages/sklearn/metrics/_ranking.py:1046: UserWarning: No positive class found in y_true, recall is set to one for all thresholds.
  warnings.warn(
AUROC test all: 0.9054113329377956, AUPR test all: 0.6887148585000277, AUROC test unknown: nan, AUPR test unknown: 0.0
Epoch: 217, Best AUROC test all: 0.9075137526256625, AUPR test all: 0.689692229434126, AUROC test unknown: 0.0, AUPR test unknown: 0.0
pseudo_counter: Counter({0: 34665, -1: 4014, 1: 678})
max_probs: 0.998296320438385， num of >0.5: 328
/nas/home/jahin/.local/lib/python3.10/site-packages/sklearn/metrics/_ranking.py:424: UndefinedMetricWarning: Only one class is present in y_true. ROC AUC score is not defined in that case.
  warnings.warn(
/nas/home/jahin/.local/lib/python3.10/site-packages/sklearn/metrics/_ranking.py:1046: UserWarning: No positive class found in y_true, recall is set to one for all thresholds.
  warnings.warn(
AUROC test all: 0.9062340553375542, AUPR test all: 0.6883712621016479, AUROC test unknown: nan, AUPR test unknown: 0.0
Epoch: 218, Best AUROC test all: 0.9075137526256625, AUPR test all: 0.689692229434126, AUROC test unknown: 0.0, AUPR test unknown: 0.0
pseudo_counter: Counter({0: 34658, -1: 4014, 1: 685})
max_probs: 0.9850806593894958， num of >0.5: 210
/nas/home/jahin/.local/lib/python3.10/site-packages/sklearn/metrics/_ranking.py:424: UndefinedMetricWarning: Only one class is present in y_true. ROC AUC score is not defined in that case.
  warnings.warn(
/nas/home/jahin/.local/lib/python3.10/site-packages/sklearn/metrics/_ranking.py:1046: UserWarning: No positive class found in y_true, recall is set to one for all thresholds.
  warnings.warn(
AUROC test all: 0.9021487382852841, AUPR test all: 0.6799684093026527, AUROC test unknown: nan, AUPR test unknown: 0.0
Epoch: 219, Best AUROC test all: 0.9075137526256625, AUPR test all: 0.689692229434126, AUROC test unknown: 0.0, AUPR test unknown: 0.0
pseudo_counter: Counter({0: 34655, -1: 4014, 1: 688})
max_probs: 0.9673439860343933， num of >0.5: 148
/nas/home/jahin/.local/lib/python3.10/site-packages/sklearn/metrics/_ranking.py:424: UndefinedMetricWarning: Only one class is present in y_true. ROC AUC score is not defined in that case.
  warnings.warn(
/nas/home/jahin/.local/lib/python3.10/site-packages/sklearn/metrics/_ranking.py:1046: UserWarning: No positive class found in y_true, recall is set to one for all thresholds.
  warnings.warn(
AUROC test all: 0.8985785880801969, AUPR test all: 0.6683017630619842, AUROC test unknown: nan, AUPR test unknown: 0.0
Epoch: 220, Best AUROC test all: 0.9075137526256625, AUPR test all: 0.689692229434126, AUROC test unknown: 0.0, AUPR test unknown: 0.0
pseudo_counter: Counter({0: 34653, -1: 4014, 1: 690})
max_probs: 0.9983377456665039， num of >0.5: 151
/nas/home/jahin/.local/lib/python3.10/site-packages/sklearn/metrics/_ranking.py:424: UndefinedMetricWarning: Only one class is present in y_true. ROC AUC score is not defined in that case.
  warnings.warn(
/nas/home/jahin/.local/lib/python3.10/site-packages/sklearn/metrics/_ranking.py:1046: UserWarning: No positive class found in y_true, recall is set to one for all thresholds.
  warnings.warn(
AUROC test all: 0.9018196739725467, AUPR test all: 0.6890264639851246, AUROC test unknown: nan, AUPR test unknown: 0.0
Epoch: 221, Best AUROC test all: 0.9075137526256625, AUPR test all: 0.689692229434126, AUROC test unknown: 0.0, AUPR test unknown: 0.0
pseudo_counter: Counter({0: 34651, -1: 4014, 1: 692})
max_probs: 0.9973172545433044， num of >0.5: 164
/nas/home/jahin/.local/lib/python3.10/site-packages/sklearn/metrics/_ranking.py:424: UndefinedMetricWarning: Only one class is present in y_true. ROC AUC score is not defined in that case.
  warnings.warn(
/nas/home/jahin/.local/lib/python3.10/site-packages/sklearn/metrics/_ranking.py:1046: UserWarning: No positive class found in y_true, recall is set to one for all thresholds.
  warnings.warn(
AUROC test all: 0.9079514616459535, AUPR test all: 0.6908560330054871, AUROC test unknown: nan, AUPR test unknown: 0.0
Epoch: 222, Best AUROC test all: 0.9079514616459535, AUPR test all: 0.6908560330054871, AUROC test unknown: 0.0, AUPR test unknown: 0.0
pseudo_counter: Counter({0: 34644, -1: 4014, 1: 699})
max_probs: 0.9951083064079285， num of >0.5: 225
/nas/home/jahin/.local/lib/python3.10/site-packages/sklearn/metrics/_ranking.py:424: UndefinedMetricWarning: Only one class is present in y_true. ROC AUC score is not defined in that case.
  warnings.warn(
/nas/home/jahin/.local/lib/python3.10/site-packages/sklearn/metrics/_ranking.py:1046: UserWarning: No positive class found in y_true, recall is set to one for all thresholds.
  warnings.warn(
AUROC test all: 0.9060090677909455, AUPR test all: 0.6805826798837121, AUROC test unknown: nan, AUPR test unknown: 0.0
Epoch: 223, Best AUROC test all: 0.9079514616459535, AUPR test all: 0.6908560330054871, AUROC test unknown: 0.0, AUPR test unknown: 0.0
pseudo_counter: Counter({0: 34636, -1: 4013, 1: 708})
max_probs: 0.9979021549224854， num of >0.5: 272
/nas/home/jahin/.local/lib/python3.10/site-packages/sklearn/metrics/_ranking.py:424: UndefinedMetricWarning: Only one class is present in y_true. ROC AUC score is not defined in that case.
  warnings.warn(
/nas/home/jahin/.local/lib/python3.10/site-packages/sklearn/metrics/_ranking.py:1046: UserWarning: No positive class found in y_true, recall is set to one for all thresholds.
  warnings.warn(
AUROC test all: 0.9082315438242057, AUPR test all: 0.7010041633511439, AUROC test unknown: nan, AUPR test unknown: 0.0
Epoch: 224, Best AUROC test all: 0.9082315438242057, AUPR test all: 0.7010041633511439, AUROC test unknown: 0.0, AUPR test unknown: 0.0
pseudo_counter: Counter({0: 34631, -1: 4013, 1: 713})
max_probs: 0.9999996423721313， num of >0.5: 421
/nas/home/jahin/.local/lib/python3.10/site-packages/sklearn/metrics/_ranking.py:424: UndefinedMetricWarning: Only one class is present in y_true. ROC AUC score is not defined in that case.
  warnings.warn(
/nas/home/jahin/.local/lib/python3.10/site-packages/sklearn/metrics/_ranking.py:1046: UserWarning: No positive class found in y_true, recall is set to one for all thresholds.
  warnings.warn(
AUROC test all: 0.908506474744772, AUPR test all: 0.6980131955479479, AUROC test unknown: nan, AUPR test unknown: 0.0
Epoch: 225, Best AUROC test all: 0.908506474744772, AUPR test all: 0.7010041633511439, AUROC test unknown: 0.0, AUPR test unknown: 0.0
pseudo_counter: Counter({0: 34615, -1: 4012, 1: 730})
max_probs: 0.9987860321998596， num of >0.5: 338
/nas/home/jahin/.local/lib/python3.10/site-packages/sklearn/metrics/_ranking.py:424: UndefinedMetricWarning: Only one class is present in y_true. ROC AUC score is not defined in that case.
  warnings.warn(
/nas/home/jahin/.local/lib/python3.10/site-packages/sklearn/metrics/_ranking.py:1046: UserWarning: No positive class found in y_true, recall is set to one for all thresholds.
  warnings.warn(
AUROC test all: 0.9015258140285228, AUPR test all: 0.6820779948437667, AUROC test unknown: nan, AUPR test unknown: 0.0
Epoch: 226, Best AUROC test all: 0.908506474744772, AUPR test all: 0.7010041633511439, AUROC test unknown: 0.0, AUPR test unknown: 0.0
pseudo_counter: Counter({0: 34606, -1: 4012, 1: 739})
max_probs: 0.9963215589523315， num of >0.5: 170
/nas/home/jahin/.local/lib/python3.10/site-packages/sklearn/metrics/_ranking.py:424: UndefinedMetricWarning: Only one class is present in y_true. ROC AUC score is not defined in that case.
  warnings.warn(
/nas/home/jahin/.local/lib/python3.10/site-packages/sklearn/metrics/_ranking.py:1046: UserWarning: No positive class found in y_true, recall is set to one for all thresholds.
  warnings.warn(
AUROC test all: 0.8989688430902919, AUPR test all: 0.6731722213549269, AUROC test unknown: nan, AUPR test unknown: 0.0
Epoch: 227, Best AUROC test all: 0.908506474744772, AUPR test all: 0.7010041633511439, AUROC test unknown: 0.0, AUPR test unknown: 0.0
pseudo_counter: Counter({0: 34601, -1: 4012, 1: 744})
max_probs: 0.9998012185096741， num of >0.5: 137
/nas/home/jahin/.local/lib/python3.10/site-packages/sklearn/metrics/_ranking.py:424: UndefinedMetricWarning: Only one class is present in y_true. ROC AUC score is not defined in that case.
  warnings.warn(
/nas/home/jahin/.local/lib/python3.10/site-packages/sklearn/metrics/_ranking.py:1046: UserWarning: No positive class found in y_true, recall is set to one for all thresholds.
  warnings.warn(
AUROC test all: 0.8957956272772749, AUPR test all: 0.6696213779256958, AUROC test unknown: nan, AUPR test unknown: 0.0
Epoch: 228, Best AUROC test all: 0.908506474744772, AUPR test all: 0.7010041633511439, AUROC test unknown: 0.0, AUPR test unknown: 0.0
pseudo_counter: Counter({0: 34599, -1: 4012, 1: 746})
max_probs: 0.8730692267417908， num of >0.5: 93
/nas/home/jahin/.local/lib/python3.10/site-packages/sklearn/metrics/_ranking.py:424: UndefinedMetricWarning: Only one class is present in y_true. ROC AUC score is not defined in that case.
  warnings.warn(
/nas/home/jahin/.local/lib/python3.10/site-packages/sklearn/metrics/_ranking.py:1046: UserWarning: No positive class found in y_true, recall is set to one for all thresholds.
  warnings.warn(
AUROC test all: 0.9019295263912324, AUPR test all: 0.6682459355246347, AUROC test unknown: nan, AUPR test unknown: 0.0
Epoch: 229, Best AUROC test all: 0.908506474744772, AUPR test all: 0.7010041633511439, AUROC test unknown: 0.0, AUPR test unknown: 0.0
pseudo_counter: Counter({0: 34600, -1: 4012, 1: 745})
max_probs: 0.9737103581428528， num of >0.5: 125
/nas/home/jahin/.local/lib/python3.10/site-packages/sklearn/metrics/_ranking.py:424: UndefinedMetricWarning: Only one class is present in y_true. ROC AUC score is not defined in that case.
  warnings.warn(
/nas/home/jahin/.local/lib/python3.10/site-packages/sklearn/metrics/_ranking.py:1046: UserWarning: No positive class found in y_true, recall is set to one for all thresholds.
  warnings.warn(
AUROC test all: 0.8991680497013059, AUPR test all: 0.6753906114034923, AUROC test unknown: nan, AUPR test unknown: 0.0
Epoch: 230, Best AUROC test all: 0.908506474744772, AUPR test all: 0.7010041633511439, AUROC test unknown: 0.0, AUPR test unknown: 0.0
pseudo_counter: Counter({0: 34596, -1: 4012, 1: 749})
max_probs: 0.9999685287475586， num of >0.5: 171
/nas/home/jahin/.local/lib/python3.10/site-packages/sklearn/metrics/_ranking.py:424: UndefinedMetricWarning: Only one class is present in y_true. ROC AUC score is not defined in that case.
  warnings.warn(
/nas/home/jahin/.local/lib/python3.10/site-packages/sklearn/metrics/_ranking.py:1046: UserWarning: No positive class found in y_true, recall is set to one for all thresholds.
  warnings.warn(
AUROC test all: 0.9069620997571366, AUPR test all: 0.6988794021304641, AUROC test unknown: nan, AUPR test unknown: 0.0
Epoch: 231, Best AUROC test all: 0.908506474744772, AUPR test all: 0.7010041633511439, AUROC test unknown: 0.0, AUPR test unknown: 0.0
pseudo_counter: Counter({0: 34595, -1: 4012, 1: 750})
max_probs: 0.9998553991317749， num of >0.5: 218
/nas/home/jahin/.local/lib/python3.10/site-packages/sklearn/metrics/_ranking.py:424: UndefinedMetricWarning: Only one class is present in y_true. ROC AUC score is not defined in that case.
  warnings.warn(
/nas/home/jahin/.local/lib/python3.10/site-packages/sklearn/metrics/_ranking.py:1046: UserWarning: No positive class found in y_true, recall is set to one for all thresholds.
  warnings.warn(
AUROC test all: 0.9083037271575817, AUPR test all: 0.6719010971889308, AUROC test unknown: nan, AUPR test unknown: 0.0
Epoch: 232, Best AUROC test all: 0.908506474744772, AUPR test all: 0.7010041633511439, AUROC test unknown: 0.0, AUPR test unknown: 0.0
pseudo_counter: Counter({0: 34590, -1: 4012, 1: 755})
max_probs: 1.0， num of >0.5: 451
/nas/home/jahin/.local/lib/python3.10/site-packages/sklearn/metrics/_ranking.py:424: UndefinedMetricWarning: Only one class is present in y_true. ROC AUC score is not defined in that case.
  warnings.warn(
/nas/home/jahin/.local/lib/python3.10/site-packages/sklearn/metrics/_ranking.py:1046: UserWarning: No positive class found in y_true, recall is set to one for all thresholds.
  warnings.warn(
AUROC test all: 0.9062520559844272, AUPR test all: 0.6925999304172782, AUROC test unknown: nan, AUPR test unknown: 0.0
Epoch: 233, Best AUROC test all: 0.908506474744772, AUPR test all: 0.7010041633511439, AUROC test unknown: 0.0, AUPR test unknown: 0.0
pseudo_counter: Counter({0: 34580, -1: 4012, 1: 765})
max_probs: 0.9976125955581665， num of >0.5: 207
/nas/home/jahin/.local/lib/python3.10/site-packages/sklearn/metrics/_ranking.py:424: UndefinedMetricWarning: Only one class is present in y_true. ROC AUC score is not defined in that case.
  warnings.warn(
/nas/home/jahin/.local/lib/python3.10/site-packages/sklearn/metrics/_ranking.py:1046: UserWarning: No positive class found in y_true, recall is set to one for all thresholds.
  warnings.warn(
AUROC test all: 0.9026608817467756, AUPR test all: 0.6844081436265396, AUROC test unknown: nan, AUPR test unknown: 0.0
Epoch: 234, Best AUROC test all: 0.908506474744772, AUPR test all: 0.7010041633511439, AUROC test unknown: 0.0, AUPR test unknown: 0.0
pseudo_counter: Counter({0: 34581, -1: 4012, 1: 764})
max_probs: 0.9920693635940552， num of >0.5: 172
/nas/home/jahin/.local/lib/python3.10/site-packages/sklearn/metrics/_ranking.py:424: UndefinedMetricWarning: Only one class is present in y_true. ROC AUC score is not defined in that case.
  warnings.warn(
/nas/home/jahin/.local/lib/python3.10/site-packages/sklearn/metrics/_ranking.py:1046: UserWarning: No positive class found in y_true, recall is set to one for all thresholds.
  warnings.warn(
AUROC test all: 0.9026072988079776, AUPR test all: 0.6730645932598871, AUROC test unknown: nan, AUPR test unknown: 0.0
Epoch: 235, Best AUROC test all: 0.908506474744772, AUPR test all: 0.7010041633511439, AUROC test unknown: 0.0, AUPR test unknown: 0.0
pseudo_counter: Counter({0: 34580, -1: 4012, 1: 765})
max_probs: 0.9965409636497498， num of >0.5: 111
/nas/home/jahin/.local/lib/python3.10/site-packages/sklearn/metrics/_ranking.py:424: UndefinedMetricWarning: Only one class is present in y_true. ROC AUC score is not defined in that case.
  warnings.warn(
/nas/home/jahin/.local/lib/python3.10/site-packages/sklearn/metrics/_ranking.py:1046: UserWarning: No positive class found in y_true, recall is set to one for all thresholds.
  warnings.warn(
AUROC test all: 0.9000703002898967, AUPR test all: 0.6685143516833867, AUROC test unknown: nan, AUPR test unknown: 0.0
Epoch: 236, Best AUROC test all: 0.908506474744772, AUPR test all: 0.7010041633511439, AUROC test unknown: 0.0, AUPR test unknown: 0.0
pseudo_counter: Counter({0: 34579, -1: 4011, 1: 767})
max_probs: 0.9998962879180908， num of >0.5: 162
/nas/home/jahin/.local/lib/python3.10/site-packages/sklearn/metrics/_ranking.py:424: UndefinedMetricWarning: Only one class is present in y_true. ROC AUC score is not defined in that case.
  warnings.warn(
/nas/home/jahin/.local/lib/python3.10/site-packages/sklearn/metrics/_ranking.py:1046: UserWarning: No positive class found in y_true, recall is set to one for all thresholds.
  warnings.warn(
AUROC test all: 0.9023670628813615, AUPR test all: 0.6859339441514112, AUROC test unknown: nan, AUPR test unknown: 0.0
Epoch: 237, Best AUROC test all: 0.908506474744772, AUPR test all: 0.7010041633511439, AUROC test unknown: 0.0, AUPR test unknown: 0.0
pseudo_counter: Counter({0: 34576, -1: 4011, 1: 770})
max_probs: 0.9998981952667236， num of >0.5: 211
/nas/home/jahin/.local/lib/python3.10/site-packages/sklearn/metrics/_ranking.py:424: UndefinedMetricWarning: Only one class is present in y_true. ROC AUC score is not defined in that case.
  warnings.warn(
/nas/home/jahin/.local/lib/python3.10/site-packages/sklearn/metrics/_ranking.py:1046: UserWarning: No positive class found in y_true, recall is set to one for all thresholds.
  warnings.warn(
AUROC test all: 0.9072473907031284, AUPR test all: 0.6925911713211369, AUROC test unknown: nan, AUPR test unknown: 0.0
Epoch: 238, Best AUROC test all: 0.908506474744772, AUPR test all: 0.7010041633511439, AUROC test unknown: 0.0, AUPR test unknown: 0.0
pseudo_counter: Counter({0: 34570, -1: 4011, 1: 776})
max_probs: 0.9958158135414124， num of >0.5: 237
/nas/home/jahin/.local/lib/python3.10/site-packages/sklearn/metrics/_ranking.py:424: UndefinedMetricWarning: Only one class is present in y_true. ROC AUC score is not defined in that case.
  warnings.warn(
/nas/home/jahin/.local/lib/python3.10/site-packages/sklearn/metrics/_ranking.py:1046: UserWarning: No positive class found in y_true, recall is set to one for all thresholds.
  warnings.warn(
AUROC test all: 0.9077310666879356, AUPR test all: 0.6973315627121943, AUROC test unknown: nan, AUPR test unknown: 0.0
Epoch: 239, Best AUROC test all: 0.908506474744772, AUPR test all: 0.7010041633511439, AUROC test unknown: 0.0, AUPR test unknown: 0.0
pseudo_counter: Counter({0: 34568, -1: 4011, 1: 778})
max_probs: 0.9999991655349731， num of >0.5: 360
/nas/home/jahin/.local/lib/python3.10/site-packages/sklearn/metrics/_ranking.py:424: UndefinedMetricWarning: Only one class is present in y_true. ROC AUC score is not defined in that case.
  warnings.warn(
/nas/home/jahin/.local/lib/python3.10/site-packages/sklearn/metrics/_ranking.py:1046: UserWarning: No positive class found in y_true, recall is set to one for all thresholds.
  warnings.warn(
AUROC test all: 0.9089817460459866, AUPR test all: 0.6904146707731686, AUROC test unknown: nan, AUPR test unknown: 0.0
Epoch: 240, Best AUROC test all: 0.9089817460459866, AUPR test all: 0.7010041633511439, AUROC test unknown: 0.0, AUPR test unknown: 0.0
pseudo_counter: Counter({0: 34558, -1: 4010, 1: 789})
max_probs: 0.9989088773727417， num of >0.5: 332
/nas/home/jahin/.local/lib/python3.10/site-packages/sklearn/metrics/_ranking.py:424: UndefinedMetricWarning: Only one class is present in y_true. ROC AUC score is not defined in that case.
  warnings.warn(
/nas/home/jahin/.local/lib/python3.10/site-packages/sklearn/metrics/_ranking.py:1046: UserWarning: No positive class found in y_true, recall is set to one for all thresholds.
  warnings.warn(
AUROC test all: 0.9055816202074162, AUPR test all: 0.6922269759426787, AUROC test unknown: nan, AUPR test unknown: 0.0
Epoch: 241, Best AUROC test all: 0.9089817460459866, AUPR test all: 0.7010041633511439, AUROC test unknown: 0.0, AUPR test unknown: 0.0
pseudo_counter: Counter({0: 34556, -1: 4010, 1: 791})
max_probs: 0.9996123909950256， num of >0.5: 257
/nas/home/jahin/.local/lib/python3.10/site-packages/sklearn/metrics/_ranking.py:424: UndefinedMetricWarning: Only one class is present in y_true. ROC AUC score is not defined in that case.
  warnings.warn(
/nas/home/jahin/.local/lib/python3.10/site-packages/sklearn/metrics/_ranking.py:1046: UserWarning: No positive class found in y_true, recall is set to one for all thresholds.
  warnings.warn(
AUROC test all: 0.9021224315434825, AUPR test all: 0.6916215931264693, AUROC test unknown: nan, AUPR test unknown: 0.0
Epoch: 242, Best AUROC test all: 0.9089817460459866, AUPR test all: 0.7010041633511439, AUROC test unknown: 0.0, AUPR test unknown: 0.0
pseudo_counter: Counter({0: 34556, -1: 4010, 1: 791})
max_probs: 0.9999915361404419， num of >0.5: 208
/nas/home/jahin/.local/lib/python3.10/site-packages/sklearn/metrics/_ranking.py:424: UndefinedMetricWarning: Only one class is present in y_true. ROC AUC score is not defined in that case.
  warnings.warn(
/nas/home/jahin/.local/lib/python3.10/site-packages/sklearn/metrics/_ranking.py:1046: UserWarning: No positive class found in y_true, recall is set to one for all thresholds.
  warnings.warn(
AUROC test all: 0.9068648338245351, AUPR test all: 0.6866496499761802, AUROC test unknown: nan, AUPR test unknown: 0.0
Epoch: 243, Best AUROC test all: 0.9089817460459866, AUPR test all: 0.7010041633511439, AUROC test unknown: 0.0, AUPR test unknown: 0.0
pseudo_counter: Counter({0: 34554, -1: 4009, 1: 794})
max_probs: 0.9999682903289795， num of >0.5: 228
/nas/home/jahin/.local/lib/python3.10/site-packages/sklearn/metrics/_ranking.py:424: UndefinedMetricWarning: Only one class is present in y_true. ROC AUC score is not defined in that case.
  warnings.warn(
/nas/home/jahin/.local/lib/python3.10/site-packages/sklearn/metrics/_ranking.py:1046: UserWarning: No positive class found in y_true, recall is set to one for all thresholds.
  warnings.warn(
AUROC test all: 0.9071228814364184, AUPR test all: 0.6898702176798384, AUROC test unknown: nan, AUPR test unknown: 0.0
Epoch: 244, Best AUROC test all: 0.9089817460459866, AUPR test all: 0.7010041633511439, AUROC test unknown: 0.0, AUPR test unknown: 0.0
pseudo_counter: Counter({0: 34553, -1: 4009, 1: 795})
max_probs: 0.999833345413208， num of >0.5: 224
/nas/home/jahin/.local/lib/python3.10/site-packages/sklearn/metrics/_ranking.py:424: UndefinedMetricWarning: Only one class is present in y_true. ROC AUC score is not defined in that case.
  warnings.warn(
/nas/home/jahin/.local/lib/python3.10/site-packages/sklearn/metrics/_ranking.py:1046: UserWarning: No positive class found in y_true, recall is set to one for all thresholds.
  warnings.warn(
AUROC test all: 0.9059767224934836, AUPR test all: 0.6861619674848513, AUROC test unknown: nan, AUPR test unknown: 0.0
Epoch: 245, Best AUROC test all: 0.9089817460459866, AUPR test all: 0.7010041633511439, AUROC test unknown: 0.0, AUPR test unknown: 0.0
pseudo_counter: Counter({0: 34550, -1: 4009, 1: 798})
max_probs: 0.9974777102470398， num of >0.5: 332
/nas/home/jahin/.local/lib/python3.10/site-packages/sklearn/metrics/_ranking.py:424: UndefinedMetricWarning: Only one class is present in y_true. ROC AUC score is not defined in that case.
  warnings.warn(
/nas/home/jahin/.local/lib/python3.10/site-packages/sklearn/metrics/_ranking.py:1046: UserWarning: No positive class found in y_true, recall is set to one for all thresholds.
  warnings.warn(
AUROC test all: 0.9076823145936659, AUPR test all: 0.6936253322004382, AUROC test unknown: nan, AUPR test unknown: 0.0
Epoch: 246, Best AUROC test all: 0.9089817460459866, AUPR test all: 0.7010041633511439, AUROC test unknown: 0.0, AUPR test unknown: 0.0
pseudo_counter: Counter({0: 34545, -1: 4009, 1: 803})
max_probs: 0.9999996423721313， num of >0.5: 394
/nas/home/jahin/.local/lib/python3.10/site-packages/sklearn/metrics/_ranking.py:424: UndefinedMetricWarning: Only one class is present in y_true. ROC AUC score is not defined in that case.
  warnings.warn(
/nas/home/jahin/.local/lib/python3.10/site-packages/sklearn/metrics/_ranking.py:1046: UserWarning: No positive class found in y_true, recall is set to one for all thresholds.
  warnings.warn(
AUROC test all: 0.9074421279613816, AUPR test all: 0.7041700831788625, AUROC test unknown: nan, AUPR test unknown: 0.0
Epoch: 247, Best AUROC test all: 0.9089817460459866, AUPR test all: 0.7041700831788625, AUROC test unknown: 0.0, AUPR test unknown: 0.0
pseudo_counter: Counter({0: 34538, -1: 4009, 1: 810})
max_probs: 0.9999337196350098， num of >0.5: 316
/nas/home/jahin/.local/lib/python3.10/site-packages/sklearn/metrics/_ranking.py:424: UndefinedMetricWarning: Only one class is present in y_true. ROC AUC score is not defined in that case.
  warnings.warn(
/nas/home/jahin/.local/lib/python3.10/site-packages/sklearn/metrics/_ranking.py:1046: UserWarning: No positive class found in y_true, recall is set to one for all thresholds.
  warnings.warn(
AUROC test all: 0.9031666498080051, AUPR test all: 0.695382934755148, AUROC test unknown: nan, AUPR test unknown: 0.0
Epoch: 248, Best AUROC test all: 0.9089817460459866, AUPR test all: 0.7041700831788625, AUROC test unknown: 0.0, AUPR test unknown: 0.0
pseudo_counter: Counter({0: 34529, -1: 4009, 1: 819})
max_probs: 0.9993388056755066， num of >0.5: 249
/nas/home/jahin/.local/lib/python3.10/site-packages/sklearn/metrics/_ranking.py:424: UndefinedMetricWarning: Only one class is present in y_true. ROC AUC score is not defined in that case.
  warnings.warn(
/nas/home/jahin/.local/lib/python3.10/site-packages/sklearn/metrics/_ranking.py:1046: UserWarning: No positive class found in y_true, recall is set to one for all thresholds.
  warnings.warn(
AUROC test all: 0.9093540825664287, AUPR test all: 0.6918240465772123, AUROC test unknown: nan, AUPR test unknown: 0.0
Epoch: 249, Best AUROC test all: 0.9093540825664287, AUPR test all: 0.7041700831788625, AUROC test unknown: 0.0, AUPR test unknown: 0.0
pseudo_counter: Counter({0: 34525, -1: 4009, 1: 823})
max_probs: 0.990225613117218， num of >0.5: 273
/nas/home/jahin/.local/lib/python3.10/site-packages/sklearn/metrics/_ranking.py:424: UndefinedMetricWarning: Only one class is present in y_true. ROC AUC score is not defined in that case.
  warnings.warn(
/nas/home/jahin/.local/lib/python3.10/site-packages/sklearn/metrics/_ranking.py:1046: UserWarning: No positive class found in y_true, recall is set to one for all thresholds.
  warnings.warn(
AUROC test all: 0.9079857129909163, AUPR test all: 0.6943859160544297, AUROC test unknown: nan, AUPR test unknown: 0.0
Epoch: 250, Best AUROC test all: 0.9093540825664287, AUPR test all: 0.7041700831788625, AUROC test unknown: 0.0, AUPR test unknown: 0.0
pseudo_counter: Counter({0: 34519, -1: 4009, 1: 829})
max_probs: 0.9995105266571045， num of >0.5: 230
/nas/home/jahin/.local/lib/python3.10/site-packages/sklearn/metrics/_ranking.py:424: UndefinedMetricWarning: Only one class is present in y_true. ROC AUC score is not defined in that case.
  warnings.warn(
/nas/home/jahin/.local/lib/python3.10/site-packages/sklearn/metrics/_ranking.py:1046: UserWarning: No positive class found in y_true, recall is set to one for all thresholds.
  warnings.warn(
AUROC test all: 0.9087593628832479, AUPR test all: 0.692900848631298, AUROC test unknown: nan, AUPR test unknown: 0.0
Epoch: 251, Best AUROC test all: 0.9093540825664287, AUPR test all: 0.7041700831788625, AUROC test unknown: 0.0, AUPR test unknown: 0.0
pseudo_counter: Counter({0: 34511, -1: 4009, 1: 837})
max_probs: 0.9937959909439087， num of >0.5: 301
/nas/home/jahin/.local/lib/python3.10/site-packages/sklearn/metrics/_ranking.py:424: UndefinedMetricWarning: Only one class is present in y_true. ROC AUC score is not defined in that case.
  warnings.warn(
/nas/home/jahin/.local/lib/python3.10/site-packages/sklearn/metrics/_ranking.py:1046: UserWarning: No positive class found in y_true, recall is set to one for all thresholds.
  warnings.warn(
AUROC test all: 0.9076682492776245, AUPR test all: 0.7009358175826789, AUROC test unknown: nan, AUPR test unknown: 0.0
Epoch: 252, Best AUROC test all: 0.9093540825664287, AUPR test all: 0.7041700831788625, AUROC test unknown: 0.0, AUPR test unknown: 0.0
pseudo_counter: Counter({0: 34505, -1: 4009, 1: 843})
max_probs: 0.999774158000946， num of >0.5: 317
/nas/home/jahin/.local/lib/python3.10/site-packages/sklearn/metrics/_ranking.py:424: UndefinedMetricWarning: Only one class is present in y_true. ROC AUC score is not defined in that case.
  warnings.warn(
/nas/home/jahin/.local/lib/python3.10/site-packages/sklearn/metrics/_ranking.py:1046: UserWarning: No positive class found in y_true, recall is set to one for all thresholds.
  warnings.warn(
AUROC test all: 0.9054902038688688, AUPR test all: 0.6942542974876004, AUROC test unknown: nan, AUPR test unknown: 0.0
Epoch: 253, Best AUROC test all: 0.9093540825664287, AUPR test all: 0.7041700831788625, AUROC test unknown: 0.0, AUPR test unknown: 0.0
pseudo_counter: Counter({0: 34499, -1: 4009, 1: 849})
max_probs: 0.9996967315673828， num of >0.5: 290
/nas/home/jahin/.local/lib/python3.10/site-packages/sklearn/metrics/_ranking.py:424: UndefinedMetricWarning: Only one class is present in y_true. ROC AUC score is not defined in that case.
  warnings.warn(
/nas/home/jahin/.local/lib/python3.10/site-packages/sklearn/metrics/_ranking.py:1046: UserWarning: No positive class found in y_true, recall is set to one for all thresholds.
  warnings.warn(
AUROC test all: 0.9101375009522022, AUPR test all: 0.7030404314555107, AUROC test unknown: nan, AUPR test unknown: 0.0
Epoch: 254, Best AUROC test all: 0.9101375009522022, AUPR test all: 0.7041700831788625, AUROC test unknown: 0.0, AUPR test unknown: 0.0
pseudo_counter: Counter({0: 34490, -1: 4009, 1: 858})
max_probs: 0.9976670742034912， num of >0.5: 286
/nas/home/jahin/.local/lib/python3.10/site-packages/sklearn/metrics/_ranking.py:424: UndefinedMetricWarning: Only one class is present in y_true. ROC AUC score is not defined in that case.
  warnings.warn(
/nas/home/jahin/.local/lib/python3.10/site-packages/sklearn/metrics/_ranking.py:1046: UserWarning: No positive class found in y_true, recall is set to one for all thresholds.
  warnings.warn(
AUROC test all: 0.9098998529780118, AUPR test all: 0.7011148970428182, AUROC test unknown: nan, AUPR test unknown: 0.0
Epoch: 255, Best AUROC test all: 0.9101375009522022, AUPR test all: 0.7041700831788625, AUROC test unknown: 0.0, AUPR test unknown: 0.0
pseudo_counter: Counter({0: 34487, -1: 4008, 1: 862})
max_probs: 0.9995020627975464， num of >0.5: 214
/nas/home/jahin/.local/lib/python3.10/site-packages/sklearn/metrics/_ranking.py:424: UndefinedMetricWarning: Only one class is present in y_true. ROC AUC score is not defined in that case.
  warnings.warn(
/nas/home/jahin/.local/lib/python3.10/site-packages/sklearn/metrics/_ranking.py:1046: UserWarning: No positive class found in y_true, recall is set to one for all thresholds.
  warnings.warn(
AUROC test all: 0.9113451299270423, AUPR test all: 0.7046377661079258, AUROC test unknown: nan, AUPR test unknown: 0.0
Epoch: 256, Best AUROC test all: 0.9113451299270423, AUPR test all: 0.7046377661079258, AUROC test unknown: 0.0, AUPR test unknown: 0.0
pseudo_counter: Counter({0: 34483, -1: 4008, 1: 866})
max_probs: 0.9998974800109863， num of >0.5: 271
/nas/home/jahin/.local/lib/python3.10/site-packages/sklearn/metrics/_ranking.py:424: UndefinedMetricWarning: Only one class is present in y_true. ROC AUC score is not defined in that case.
  warnings.warn(
/nas/home/jahin/.local/lib/python3.10/site-packages/sklearn/metrics/_ranking.py:1046: UserWarning: No positive class found in y_true, recall is set to one for all thresholds.
  warnings.warn(
AUROC test all: 0.9091902117756798, AUPR test all: 0.7031647314201539, AUROC test unknown: nan, AUPR test unknown: 0.0
Epoch: 257, Best AUROC test all: 0.9113451299270423, AUPR test all: 0.7046377661079258, AUROC test unknown: 0.0, AUPR test unknown: 0.0
pseudo_counter: Counter({0: 34481, -1: 4008, 1: 868})
max_probs: 0.9928780198097229， num of >0.5: 273
/nas/home/jahin/.local/lib/python3.10/site-packages/sklearn/metrics/_ranking.py:424: UndefinedMetricWarning: Only one class is present in y_true. ROC AUC score is not defined in that case.
  warnings.warn(
/nas/home/jahin/.local/lib/python3.10/site-packages/sklearn/metrics/_ranking.py:1046: UserWarning: No positive class found in y_true, recall is set to one for all thresholds.
  warnings.warn(
AUROC test all: 0.90906429762051, AUPR test all: 0.7015906850140917, AUROC test unknown: nan, AUPR test unknown: 0.0
Epoch: 258, Best AUROC test all: 0.9113451299270423, AUPR test all: 0.7046377661079258, AUROC test unknown: 0.0, AUPR test unknown: 0.0
pseudo_counter: Counter({0: 34474, -1: 4008, 1: 875})
max_probs: 0.9967095851898193， num of >0.5: 275
/nas/home/jahin/.local/lib/python3.10/site-packages/sklearn/metrics/_ranking.py:424: UndefinedMetricWarning: Only one class is present in y_true. ROC AUC score is not defined in that case.
  warnings.warn(
/nas/home/jahin/.local/lib/python3.10/site-packages/sklearn/metrics/_ranking.py:1046: UserWarning: No positive class found in y_true, recall is set to one for all thresholds.
  warnings.warn(
AUROC test all: 0.9138134367935916, AUPR test all: 0.7076092783835396, AUROC test unknown: nan, AUPR test unknown: 0.0
Epoch: 259, Best AUROC test all: 0.9138134367935916, AUPR test all: 0.7076092783835396, AUROC test unknown: 0.0, AUPR test unknown: 0.0
pseudo_counter: Counter({0: 34472, -1: 4007, 1: 878})
max_probs: 0.9952812790870667， num of >0.5: 303
/nas/home/jahin/.local/lib/python3.10/site-packages/sklearn/metrics/_ranking.py:424: UndefinedMetricWarning: Only one class is present in y_true. ROC AUC score is not defined in that case.
  warnings.warn(
/nas/home/jahin/.local/lib/python3.10/site-packages/sklearn/metrics/_ranking.py:1046: UserWarning: No positive class found in y_true, recall is set to one for all thresholds.
  warnings.warn(
AUROC test all: 0.9098694465909387, AUPR test all: 0.7194694698821406, AUROC test unknown: nan, AUPR test unknown: 0.0
Epoch: 260, Best AUROC test all: 0.9138134367935916, AUPR test all: 0.7194694698821406, AUROC test unknown: 0.0, AUPR test unknown: 0.0
pseudo_counter: Counter({0: 34464, -1: 4007, 1: 886})
max_probs: 0.9875861406326294， num of >0.5: 256
/nas/home/jahin/.local/lib/python3.10/site-packages/sklearn/metrics/_ranking.py:424: UndefinedMetricWarning: Only one class is present in y_true. ROC AUC score is not defined in that case.
  warnings.warn(
/nas/home/jahin/.local/lib/python3.10/site-packages/sklearn/metrics/_ranking.py:1046: UserWarning: No positive class found in y_true, recall is set to one for all thresholds.
  warnings.warn(
AUROC test all: 0.9110756378144312, AUPR test all: 0.705158058411723, AUROC test unknown: nan, AUPR test unknown: 0.0
Epoch: 261, Best AUROC test all: 0.9138134367935916, AUPR test all: 0.7194694698821406, AUROC test unknown: 0.0, AUPR test unknown: 0.0
pseudo_counter: Counter({0: 34459, -1: 4007, 1: 891})
max_probs: 0.9991089701652527， num of >0.5: 244
/nas/home/jahin/.local/lib/python3.10/site-packages/sklearn/metrics/_ranking.py:424: UndefinedMetricWarning: Only one class is present in y_true. ROC AUC score is not defined in that case.
  warnings.warn(
/nas/home/jahin/.local/lib/python3.10/site-packages/sklearn/metrics/_ranking.py:1046: UserWarning: No positive class found in y_true, recall is set to one for all thresholds.
  warnings.warn(
AUROC test all: 0.910648757115719, AUPR test all: 0.6971770453348722, AUROC test unknown: nan, AUPR test unknown: 0.0
Epoch: 262, Best AUROC test all: 0.9138134367935916, AUPR test all: 0.7194694698821406, AUROC test unknown: 0.0, AUPR test unknown: 0.0
pseudo_counter: Counter({0: 34457, -1: 4007, 1: 893})
max_probs: 0.9995036125183105， num of >0.5: 279
/nas/home/jahin/.local/lib/python3.10/site-packages/sklearn/metrics/_ranking.py:424: UndefinedMetricWarning: Only one class is present in y_true. ROC AUC score is not defined in that case.
  warnings.warn(
/nas/home/jahin/.local/lib/python3.10/site-packages/sklearn/metrics/_ranking.py:1046: UserWarning: No positive class found in y_true, recall is set to one for all thresholds.
  warnings.warn(
AUROC test all: 0.9098844484992867, AUPR test all: 0.7004091348624801, AUROC test unknown: nan, AUPR test unknown: 0.0
Epoch: 263, Best AUROC test all: 0.9138134367935916, AUPR test all: 0.7194694698821406, AUROC test unknown: 0.0, AUPR test unknown: 0.0
pseudo_counter: Counter({0: 34454, -1: 4006, 1: 897})
max_probs: 0.9882213473320007， num of >0.5: 249
/nas/home/jahin/.local/lib/python3.10/site-packages/sklearn/metrics/_ranking.py:424: UndefinedMetricWarning: Only one class is present in y_true. ROC AUC score is not defined in that case.
  warnings.warn(
/nas/home/jahin/.local/lib/python3.10/site-packages/sklearn/metrics/_ranking.py:1046: UserWarning: No positive class found in y_true, recall is set to one for all thresholds.
  warnings.warn(
AUROC test all: 0.9121455959359387, AUPR test all: 0.7114806484354074, AUROC test unknown: nan, AUPR test unknown: 0.0
Epoch: 264, Best AUROC test all: 0.9138134367935916, AUPR test all: 0.7194694698821406, AUROC test unknown: 0.0, AUPR test unknown: 0.0
pseudo_counter: Counter({0: 34446, -1: 4006, 1: 905})
max_probs: 0.9995465874671936， num of >0.5: 285
/nas/home/jahin/.local/lib/python3.10/site-packages/sklearn/metrics/_ranking.py:424: UndefinedMetricWarning: Only one class is present in y_true. ROC AUC score is not defined in that case.
  warnings.warn(
/nas/home/jahin/.local/lib/python3.10/site-packages/sklearn/metrics/_ranking.py:1046: UserWarning: No positive class found in y_true, recall is set to one for all thresholds.
  warnings.warn(
AUROC test all: 0.9128467995917903, AUPR test all: 0.7190993294743928, AUROC test unknown: nan, AUPR test unknown: 0.0
Epoch: 265, Best AUROC test all: 0.9138134367935916, AUPR test all: 0.7194694698821406, AUROC test unknown: 0.0, AUPR test unknown: 0.0
pseudo_counter: Counter({0: 34437, -1: 4005, 1: 915})
max_probs: 0.9985851049423218， num of >0.5: 286
/nas/home/jahin/.local/lib/python3.10/site-packages/sklearn/metrics/_ranking.py:424: UndefinedMetricWarning: Only one class is present in y_true. ROC AUC score is not defined in that case.
  warnings.warn(
/nas/home/jahin/.local/lib/python3.10/site-packages/sklearn/metrics/_ranking.py:1046: UserWarning: No positive class found in y_true, recall is set to one for all thresholds.
  warnings.warn(
AUROC test all: 0.9096704207258084, AUPR test all: 0.7127939037113771, AUROC test unknown: nan, AUPR test unknown: 0.0
Epoch: 266, Best AUROC test all: 0.9138134367935916, AUPR test all: 0.7194694698821406, AUROC test unknown: 0.0, AUPR test unknown: 0.0
pseudo_counter: Counter({0: 34430, -1: 4004, 1: 923})
max_probs: 0.9999998807907104， num of >0.5: 294
/nas/home/jahin/.local/lib/python3.10/site-packages/sklearn/metrics/_ranking.py:424: UndefinedMetricWarning: Only one class is present in y_true. ROC AUC score is not defined in that case.
  warnings.warn(
/nas/home/jahin/.local/lib/python3.10/site-packages/sklearn/metrics/_ranking.py:1046: UserWarning: No positive class found in y_true, recall is set to one for all thresholds.
  warnings.warn(
AUROC test all: 0.9079716887534851, AUPR test all: 0.7010370290131329, AUROC test unknown: nan, AUPR test unknown: 0.0
Epoch: 267, Best AUROC test all: 0.9138134367935916, AUPR test all: 0.7194694698821406, AUROC test unknown: 0.0, AUPR test unknown: 0.0
pseudo_counter: Counter({0: 34426, -1: 4004, 1: 927})
max_probs: 0.9997052550315857， num of >0.5: 199
/nas/home/jahin/.local/lib/python3.10/site-packages/sklearn/metrics/_ranking.py:424: UndefinedMetricWarning: Only one class is present in y_true. ROC AUC score is not defined in that case.
  warnings.warn(
/nas/home/jahin/.local/lib/python3.10/site-packages/sklearn/metrics/_ranking.py:1046: UserWarning: No positive class found in y_true, recall is set to one for all thresholds.
  warnings.warn(
AUROC test all: 0.908958454474154, AUPR test all: 0.6969109603386048, AUROC test unknown: nan, AUPR test unknown: 0.0
Epoch: 268, Best AUROC test all: 0.9138134367935916, AUPR test all: 0.7194694698821406, AUROC test unknown: 0.0, AUPR test unknown: 0.0
pseudo_counter: Counter({0: 34424, -1: 4004, 1: 929})
max_probs: 0.9938020706176758， num of >0.5: 201
/nas/home/jahin/.local/lib/python3.10/site-packages/sklearn/metrics/_ranking.py:424: UndefinedMetricWarning: Only one class is present in y_true. ROC AUC score is not defined in that case.
  warnings.warn(
/nas/home/jahin/.local/lib/python3.10/site-packages/sklearn/metrics/_ranking.py:1046: UserWarning: No positive class found in y_true, recall is set to one for all thresholds.
  warnings.warn(
AUROC test all: 0.9067086940281758, AUPR test all: 0.6999296832488393, AUROC test unknown: nan, AUPR test unknown: 0.0
Epoch: 269, Best AUROC test all: 0.9138134367935916, AUPR test all: 0.7194694698821406, AUROC test unknown: 0.0, AUPR test unknown: 0.0
pseudo_counter: Counter({0: 34421, -1: 4004, 1: 932})
max_probs: 0.9769611954689026， num of >0.5: 184
/nas/home/jahin/.local/lib/python3.10/site-packages/sklearn/metrics/_ranking.py:424: UndefinedMetricWarning: Only one class is present in y_true. ROC AUC score is not defined in that case.
  warnings.warn(
/nas/home/jahin/.local/lib/python3.10/site-packages/sklearn/metrics/_ranking.py:1046: UserWarning: No positive class found in y_true, recall is set to one for all thresholds.
  warnings.warn(
AUROC test all: 0.9099680927648341, AUPR test all: 0.6986116675232297, AUROC test unknown: nan, AUPR test unknown: 0.0
Epoch: 270, Best AUROC test all: 0.9138134367935916, AUPR test all: 0.7194694698821406, AUROC test unknown: 0.0, AUPR test unknown: 0.0
pseudo_counter: Counter({0: 34420, -1: 4004, 1: 933})
max_probs: 0.9841587543487549， num of >0.5: 228
/nas/home/jahin/.local/lib/python3.10/site-packages/sklearn/metrics/_ranking.py:424: UndefinedMetricWarning: Only one class is present in y_true. ROC AUC score is not defined in that case.
  warnings.warn(
/nas/home/jahin/.local/lib/python3.10/site-packages/sklearn/metrics/_ranking.py:1046: UserWarning: No positive class found in y_true, recall is set to one for all thresholds.
  warnings.warn(
AUROC test all: 0.9129750223648384, AUPR test all: 0.7124000485666704, AUROC test unknown: nan, AUPR test unknown: 0.0
Epoch: 271, Best AUROC test all: 0.9138134367935916, AUPR test all: 0.7194694698821406, AUROC test unknown: 0.0, AUPR test unknown: 0.0
pseudo_counter: Counter({0: 34418, -1: 4004, 1: 935})
max_probs: 0.9994016885757446， num of >0.5: 320
/nas/home/jahin/.local/lib/python3.10/site-packages/sklearn/metrics/_ranking.py:424: UndefinedMetricWarning: Only one class is present in y_true. ROC AUC score is not defined in that case.
  warnings.warn(
/nas/home/jahin/.local/lib/python3.10/site-packages/sklearn/metrics/_ranking.py:1046: UserWarning: No positive class found in y_true, recall is set to one for all thresholds.
  warnings.warn(
AUROC test all: 0.9136646418526887, AUPR test all: 0.7066008876922161, AUROC test unknown: nan, AUPR test unknown: 0.0
Epoch: 272, Best AUROC test all: 0.9138134367935916, AUPR test all: 0.7194694698821406, AUROC test unknown: 0.0, AUPR test unknown: 0.0
pseudo_counter: Counter({0: 34412, -1: 4003, 1: 942})
max_probs: 0.9997105002403259， num of >0.5: 367
/nas/home/jahin/.local/lib/python3.10/site-packages/sklearn/metrics/_ranking.py:424: UndefinedMetricWarning: Only one class is present in y_true. ROC AUC score is not defined in that case.
  warnings.warn(
/nas/home/jahin/.local/lib/python3.10/site-packages/sklearn/metrics/_ranking.py:1046: UserWarning: No positive class found in y_true, recall is set to one for all thresholds.
  warnings.warn(
AUROC test all: 0.9159246801668726, AUPR test all: 0.7175928943572542, AUROC test unknown: nan, AUPR test unknown: 0.0
Epoch: 273, Best AUROC test all: 0.9159246801668726, AUPR test all: 0.7194694698821406, AUROC test unknown: 0.0, AUPR test unknown: 0.0
pseudo_counter: Counter({0: 34408, -1: 4003, 1: 946})
max_probs: 0.9931198358535767， num of >0.5: 357
/nas/home/jahin/.local/lib/python3.10/site-packages/sklearn/metrics/_ranking.py:424: UndefinedMetricWarning: Only one class is present in y_true. ROC AUC score is not defined in that case.
  warnings.warn(
/nas/home/jahin/.local/lib/python3.10/site-packages/sklearn/metrics/_ranking.py:1046: UserWarning: No positive class found in y_true, recall is set to one for all thresholds.
  warnings.warn(
AUROC test all: 0.9130454146708213, AUPR test all: 0.7021367877999798, AUROC test unknown: nan, AUPR test unknown: 0.0
Epoch: 274, Best AUROC test all: 0.9159246801668726, AUPR test all: 0.7194694698821406, AUROC test unknown: 0.0, AUPR test unknown: 0.0
pseudo_counter: Counter({0: 34406, -1: 4001, 1: 950})
max_probs: 0.9917231202125549， num of >0.5: 354
/nas/home/jahin/.local/lib/python3.10/site-packages/sklearn/metrics/_ranking.py:424: UndefinedMetricWarning: Only one class is present in y_true. ROC AUC score is not defined in that case.
  warnings.warn(
/nas/home/jahin/.local/lib/python3.10/site-packages/sklearn/metrics/_ranking.py:1046: UserWarning: No positive class found in y_true, recall is set to one for all thresholds.
  warnings.warn(
AUROC test all: 0.9147499140799794, AUPR test all: 0.7156183967742877, AUROC test unknown: nan, AUPR test unknown: 0.0
Epoch: 275, Best AUROC test all: 0.9159246801668726, AUPR test all: 0.7194694698821406, AUROC test unknown: 0.0, AUPR test unknown: 0.0
pseudo_counter: Counter({0: 34402, -1: 4001, 1: 954})
max_probs: 0.9885743856430054， num of >0.5: 289
/nas/home/jahin/.local/lib/python3.10/site-packages/sklearn/metrics/_ranking.py:424: UndefinedMetricWarning: Only one class is present in y_true. ROC AUC score is not defined in that case.
  warnings.warn(
/nas/home/jahin/.local/lib/python3.10/site-packages/sklearn/metrics/_ranking.py:1046: UserWarning: No positive class found in y_true, recall is set to one for all thresholds.
  warnings.warn(
AUROC test all: 0.9106773971225649, AUPR test all: 0.7044523313741484, AUROC test unknown: nan, AUPR test unknown: 0.0
Epoch: 276, Best AUROC test all: 0.9159246801668726, AUPR test all: 0.7194694698821406, AUROC test unknown: 0.0, AUPR test unknown: 0.0
pseudo_counter: Counter({0: 34400, -1: 4000, 1: 957})
max_probs: 0.988814651966095， num of >0.5: 284
/nas/home/jahin/.local/lib/python3.10/site-packages/sklearn/metrics/_ranking.py:424: UndefinedMetricWarning: Only one class is present in y_true. ROC AUC score is not defined in that case.
  warnings.warn(
/nas/home/jahin/.local/lib/python3.10/site-packages/sklearn/metrics/_ranking.py:1046: UserWarning: No positive class found in y_true, recall is set to one for all thresholds.
  warnings.warn(
AUROC test all: 0.9124340335034513, AUPR test all: 0.7070145299197665, AUROC test unknown: nan, AUPR test unknown: 0.0
Epoch: 277, Best AUROC test all: 0.9159246801668726, AUPR test all: 0.7194694698821406, AUROC test unknown: 0.0, AUPR test unknown: 0.0
pseudo_counter: Counter({0: 34395, -1: 4000, 1: 962})
max_probs: 0.9998805522918701， num of >0.5: 286
/nas/home/jahin/.local/lib/python3.10/site-packages/sklearn/metrics/_ranking.py:424: UndefinedMetricWarning: Only one class is present in y_true. ROC AUC score is not defined in that case.
  warnings.warn(
/nas/home/jahin/.local/lib/python3.10/site-packages/sklearn/metrics/_ranking.py:1046: UserWarning: No positive class found in y_true, recall is set to one for all thresholds.
  warnings.warn(
AUROC test all: 0.9117020948316472, AUPR test all: 0.7127683670309047, AUROC test unknown: nan, AUPR test unknown: 0.0
Epoch: 278, Best AUROC test all: 0.9159246801668726, AUPR test all: 0.7194694698821406, AUROC test unknown: 0.0, AUPR test unknown: 0.0
pseudo_counter: Counter({0: 34393, -1: 4000, 1: 964})
max_probs: 0.995376706123352， num of >0.5: 278
/nas/home/jahin/.local/lib/python3.10/site-packages/sklearn/metrics/_ranking.py:424: UndefinedMetricWarning: Only one class is present in y_true. ROC AUC score is not defined in that case.
  warnings.warn(
/nas/home/jahin/.local/lib/python3.10/site-packages/sklearn/metrics/_ranking.py:1046: UserWarning: No positive class found in y_true, recall is set to one for all thresholds.
  warnings.warn(
AUROC test all: 0.917541197409274, AUPR test all: 0.7219826560947944, AUROC test unknown: nan, AUPR test unknown: 0.0
Epoch: 279, Best AUROC test all: 0.917541197409274, AUPR test all: 0.7219826560947944, AUROC test unknown: 0.0, AUPR test unknown: 0.0
pseudo_counter: Counter({0: 34387, -1: 3998, 1: 972})
max_probs: 0.9978469610214233， num of >0.5: 354
/nas/home/jahin/.local/lib/python3.10/site-packages/sklearn/metrics/_ranking.py:424: UndefinedMetricWarning: Only one class is present in y_true. ROC AUC score is not defined in that case.
  warnings.warn(
/nas/home/jahin/.local/lib/python3.10/site-packages/sklearn/metrics/_ranking.py:1046: UserWarning: No positive class found in y_true, recall is set to one for all thresholds.
  warnings.warn(
AUROC test all: 0.9164890181101459, AUPR test all: 0.7108211471175867, AUROC test unknown: nan, AUPR test unknown: 0.0
Epoch: 280, Best AUROC test all: 0.917541197409274, AUPR test all: 0.7219826560947944, AUROC test unknown: 0.0, AUPR test unknown: 0.0
pseudo_counter: Counter({0: 34383, -1: 3998, 1: 976})
max_probs: 0.9999748468399048， num of >0.5: 319
/nas/home/jahin/.local/lib/python3.10/site-packages/sklearn/metrics/_ranking.py:424: UndefinedMetricWarning: Only one class is present in y_true. ROC AUC score is not defined in that case.
  warnings.warn(
/nas/home/jahin/.local/lib/python3.10/site-packages/sklearn/metrics/_ranking.py:1046: UserWarning: No positive class found in y_true, recall is set to one for all thresholds.
  warnings.warn(
AUROC test all: 0.9117691597702253, AUPR test all: 0.7288838751322272, AUROC test unknown: nan, AUPR test unknown: 0.0
Epoch: 281, Best AUROC test all: 0.917541197409274, AUPR test all: 0.7288838751322272, AUROC test unknown: 0.0, AUPR test unknown: 0.0
pseudo_counter: Counter({0: 34382, -1: 3998, 1: 977})
max_probs: 0.9997045397758484， num of >0.5: 301
/nas/home/jahin/.local/lib/python3.10/site-packages/sklearn/metrics/_ranking.py:424: UndefinedMetricWarning: Only one class is present in y_true. ROC AUC score is not defined in that case.
  warnings.warn(
/nas/home/jahin/.local/lib/python3.10/site-packages/sklearn/metrics/_ranking.py:1046: UserWarning: No positive class found in y_true, recall is set to one for all thresholds.
  warnings.warn(
AUROC test all: 0.91593368459817, AUPR test all: 0.7101164993336351, AUROC test unknown: nan, AUPR test unknown: 0.0
Epoch: 282, Best AUROC test all: 0.917541197409274, AUPR test all: 0.7288838751322272, AUROC test unknown: 0.0, AUPR test unknown: 0.0
pseudo_counter: Counter({0: 34377, -1: 3998, 1: 982})
max_probs: 0.9925292134284973， num of >0.5: 256
/nas/home/jahin/.local/lib/python3.10/site-packages/sklearn/metrics/_ranking.py:424: UndefinedMetricWarning: Only one class is present in y_true. ROC AUC score is not defined in that case.
  warnings.warn(
/nas/home/jahin/.local/lib/python3.10/site-packages/sklearn/metrics/_ranking.py:1046: UserWarning: No positive class found in y_true, recall is set to one for all thresholds.
  warnings.warn(
AUROC test all: 0.911701429358166, AUPR test all: 0.7194922685227246, AUROC test unknown: nan, AUPR test unknown: 0.0
Epoch: 283, Best AUROC test all: 0.917541197409274, AUPR test all: 0.7288838751322272, AUROC test unknown: 0.0, AUPR test unknown: 0.0
pseudo_counter: Counter({0: 34374, -1: 3998, 1: 985})
max_probs: 0.9979504942893982， num of >0.5: 182
/nas/home/jahin/.local/lib/python3.10/site-packages/sklearn/metrics/_ranking.py:424: UndefinedMetricWarning: Only one class is present in y_true. ROC AUC score is not defined in that case.
  warnings.warn(
/nas/home/jahin/.local/lib/python3.10/site-packages/sklearn/metrics/_ranking.py:1046: UserWarning: No positive class found in y_true, recall is set to one for all thresholds.
  warnings.warn(
AUROC test all: 0.9139083119510952, AUPR test all: 0.7116912678298131, AUROC test unknown: nan, AUPR test unknown: 0.0
Epoch: 284, Best AUROC test all: 0.917541197409274, AUPR test all: 0.7288838751322272, AUROC test unknown: 0.0, AUPR test unknown: 0.0
pseudo_counter: Counter({0: 34372, -1: 3998, 1: 987})
max_probs: 0.9861794114112854， num of >0.5: 208
/nas/home/jahin/.local/lib/python3.10/site-packages/sklearn/metrics/_ranking.py:424: UndefinedMetricWarning: Only one class is present in y_true. ROC AUC score is not defined in that case.
  warnings.warn(
/nas/home/jahin/.local/lib/python3.10/site-packages/sklearn/metrics/_ranking.py:1046: UserWarning: No positive class found in y_true, recall is set to one for all thresholds.
  warnings.warn(
AUROC test all: 0.9139792793576172, AUPR test all: 0.7083087089979537, AUROC test unknown: nan, AUPR test unknown: 0.0
Epoch: 285, Best AUROC test all: 0.917541197409274, AUPR test all: 0.7288838751322272, AUROC test unknown: 0.0, AUPR test unknown: 0.0
pseudo_counter: Counter({0: 34371, -1: 3998, 1: 988})
max_probs: 0.9861087203025818， num of >0.5: 187
/nas/home/jahin/.local/lib/python3.10/site-packages/sklearn/metrics/_ranking.py:424: UndefinedMetricWarning: Only one class is present in y_true. ROC AUC score is not defined in that case.
  warnings.warn(
/nas/home/jahin/.local/lib/python3.10/site-packages/sklearn/metrics/_ranking.py:1046: UserWarning: No positive class found in y_true, recall is set to one for all thresholds.
  warnings.warn(
AUROC test all: 0.9138259164752895, AUPR test all: 0.7238903289689372, AUROC test unknown: nan, AUPR test unknown: 0.0
Epoch: 286, Best AUROC test all: 0.917541197409274, AUPR test all: 0.7288838751322272, AUROC test unknown: 0.0, AUPR test unknown: 0.0
pseudo_counter: Counter({0: 34375, -1: 3998, 1: 984})
max_probs: 0.9998202919960022， num of >0.5: 333
/nas/home/jahin/.local/lib/python3.10/site-packages/sklearn/metrics/_ranking.py:424: UndefinedMetricWarning: Only one class is present in y_true. ROC AUC score is not defined in that case.
  warnings.warn(
/nas/home/jahin/.local/lib/python3.10/site-packages/sklearn/metrics/_ranking.py:1046: UserWarning: No positive class found in y_true, recall is set to one for all thresholds.
  warnings.warn(
AUROC test all: 0.91666461273617, AUPR test all: 0.7204503423227017, AUROC test unknown: nan, AUPR test unknown: 0.0
Epoch: 287, Best AUROC test all: 0.917541197409274, AUPR test all: 0.7288838751322272, AUROC test unknown: 0.0, AUPR test unknown: 0.0
pseudo_counter: Counter({0: 34370, -1: 3998, 1: 989})
max_probs: 1.0， num of >0.5: 443
/nas/home/jahin/.local/lib/python3.10/site-packages/sklearn/metrics/_ranking.py:424: UndefinedMetricWarning: Only one class is present in y_true. ROC AUC score is not defined in that case.
  warnings.warn(
/nas/home/jahin/.local/lib/python3.10/site-packages/sklearn/metrics/_ranking.py:1046: UserWarning: No positive class found in y_true, recall is set to one for all thresholds.
  warnings.warn(
AUROC test all: 0.9164649049661148, AUPR test all: 0.7183219309228935, AUROC test unknown: nan, AUPR test unknown: 0.0
Epoch: 288, Best AUROC test all: 0.917541197409274, AUPR test all: 0.7288838751322272, AUROC test unknown: 0.0, AUPR test unknown: 0.0
pseudo_counter: Counter({0: 34357, -1: 3998, 1: 1002})
max_probs: 0.9998237490653992， num of >0.5: 237
/nas/home/jahin/.local/lib/python3.10/site-packages/sklearn/metrics/_ranking.py:424: UndefinedMetricWarning: Only one class is present in y_true. ROC AUC score is not defined in that case.
  warnings.warn(
/nas/home/jahin/.local/lib/python3.10/site-packages/sklearn/metrics/_ranking.py:1046: UserWarning: No positive class found in y_true, recall is set to one for all thresholds.
  warnings.warn(
AUROC test all: 0.9175005624483273, AUPR test all: 0.719947719220531, AUROC test unknown: nan, AUPR test unknown: 0.0
Epoch: 289, Best AUROC test all: 0.917541197409274, AUPR test all: 0.7288838751322272, AUROC test unknown: 0.0, AUPR test unknown: 0.0
pseudo_counter: Counter({0: 34361, -1: 3998, 1: 998})
max_probs: 0.9999053478240967， num of >0.5: 190
/nas/home/jahin/.local/lib/python3.10/site-packages/sklearn/metrics/_ranking.py:424: UndefinedMetricWarning: Only one class is present in y_true. ROC AUC score is not defined in that case.
  warnings.warn(
/nas/home/jahin/.local/lib/python3.10/site-packages/sklearn/metrics/_ranking.py:1046: UserWarning: No positive class found in y_true, recall is set to one for all thresholds.
  warnings.warn(
AUROC test all: 0.9112455389451185, AUPR test all: 0.7112322013236603, AUROC test unknown: nan, AUPR test unknown: 0.0
Epoch: 290, Best AUROC test all: 0.917541197409274, AUPR test all: 0.7288838751322272, AUROC test unknown: 0.0, AUPR test unknown: 0.0
pseudo_counter: Counter({0: 34358, -1: 3998, 1: 1001})
max_probs: 0.9873061180114746， num of >0.5: 178
/nas/home/jahin/.local/lib/python3.10/site-packages/sklearn/metrics/_ranking.py:424: UndefinedMetricWarning: Only one class is present in y_true. ROC AUC score is not defined in that case.
  warnings.warn(
/nas/home/jahin/.local/lib/python3.10/site-packages/sklearn/metrics/_ranking.py:1046: UserWarning: No positive class found in y_true, recall is set to one for all thresholds.
  warnings.warn(
AUROC test all: 0.9152358576040549, AUPR test all: 0.714073424587544, AUROC test unknown: nan, AUPR test unknown: 0.0
Epoch: 291, Best AUROC test all: 0.917541197409274, AUPR test all: 0.7288838751322272, AUROC test unknown: 0.0, AUPR test unknown: 0.0
pseudo_counter: Counter({0: 34360, -1: 3997, 1: 1000})
max_probs: 0.9999986886978149， num of >0.5: 212
/nas/home/jahin/.local/lib/python3.10/site-packages/sklearn/metrics/_ranking.py:424: UndefinedMetricWarning: Only one class is present in y_true. ROC AUC score is not defined in that case.
  warnings.warn(
/nas/home/jahin/.local/lib/python3.10/site-packages/sklearn/metrics/_ranking.py:1046: UserWarning: No positive class found in y_true, recall is set to one for all thresholds.
  warnings.warn(
AUROC test all: 0.9131494750055063, AUPR test all: 0.7267195191622695, AUROC test unknown: nan, AUPR test unknown: 0.0
Epoch: 292, Best AUROC test all: 0.917541197409274, AUPR test all: 0.7288838751322272, AUROC test unknown: 0.0, AUPR test unknown: 0.0
pseudo_counter: Counter({0: 34358, -1: 3997, 1: 1002})
max_probs: 1.0， num of >0.5: 317
/nas/home/jahin/.local/lib/python3.10/site-packages/sklearn/metrics/_ranking.py:424: UndefinedMetricWarning: Only one class is present in y_true. ROC AUC score is not defined in that case.
  warnings.warn(
/nas/home/jahin/.local/lib/python3.10/site-packages/sklearn/metrics/_ranking.py:1046: UserWarning: No positive class found in y_true, recall is set to one for all thresholds.
  warnings.warn(
AUROC test all: 0.9197802527695034, AUPR test all: 0.7184591542386605, AUROC test unknown: nan, AUPR test unknown: 0.0
Epoch: 293, Best AUROC test all: 0.9197802527695034, AUPR test all: 0.7288838751322272, AUROC test unknown: 0.0, AUPR test unknown: 0.0
pseudo_counter: Counter({0: 34354, -1: 3996, 1: 1007})
max_probs: 0.9999938011169434， num of >0.5: 434
/nas/home/jahin/.local/lib/python3.10/site-packages/sklearn/metrics/_ranking.py:424: UndefinedMetricWarning: Only one class is present in y_true. ROC AUC score is not defined in that case.
  warnings.warn(
/nas/home/jahin/.local/lib/python3.10/site-packages/sklearn/metrics/_ranking.py:1046: UserWarning: No positive class found in y_true, recall is set to one for all thresholds.
  warnings.warn(
AUROC test all: 0.9189827772834104, AUPR test all: 0.732595682670779, AUROC test unknown: nan, AUPR test unknown: 0.0
Epoch: 294, Best AUROC test all: 0.9197802527695034, AUPR test all: 0.732595682670779, AUROC test unknown: 0.0, AUPR test unknown: 0.0
pseudo_counter: Counter({0: 34348, -1: 3996, 1: 1013})
max_probs: 0.9999954700469971， num of >0.5: 331
/nas/home/jahin/.local/lib/python3.10/site-packages/sklearn/metrics/_ranking.py:424: UndefinedMetricWarning: Only one class is present in y_true. ROC AUC score is not defined in that case.
  warnings.warn(
/nas/home/jahin/.local/lib/python3.10/site-packages/sklearn/metrics/_ranking.py:1046: UserWarning: No positive class found in y_true, recall is set to one for all thresholds.
  warnings.warn(
AUROC test all: 0.9128263835226532, AUPR test all: 0.7175182029787068, AUROC test unknown: nan, AUPR test unknown: 0.0
Epoch: 295, Best AUROC test all: 0.9197802527695034, AUPR test all: 0.732595682670779, AUROC test unknown: 0.0, AUPR test unknown: 0.0
pseudo_counter: Counter({0: 34347, -1: 3996, 1: 1014})
max_probs: 0.9999935626983643， num of >0.5: 241
/nas/home/jahin/.local/lib/python3.10/site-packages/sklearn/metrics/_ranking.py:424: UndefinedMetricWarning: Only one class is present in y_true. ROC AUC score is not defined in that case.
  warnings.warn(
/nas/home/jahin/.local/lib/python3.10/site-packages/sklearn/metrics/_ranking.py:1046: UserWarning: No positive class found in y_true, recall is set to one for all thresholds.
  warnings.warn(
AUROC test all: 0.9104322646256446, AUPR test all: 0.7127001315208529, AUROC test unknown: nan, AUPR test unknown: 0.0
Epoch: 296, Best AUROC test all: 0.9197802527695034, AUPR test all: 0.732595682670779, AUROC test unknown: 0.0, AUPR test unknown: 0.0
pseudo_counter: Counter({0: 34347, -1: 3996, 1: 1014})
max_probs: 0.9971912503242493， num of >0.5: 169
/nas/home/jahin/.local/lib/python3.10/site-packages/sklearn/metrics/_ranking.py:424: UndefinedMetricWarning: Only one class is present in y_true. ROC AUC score is not defined in that case.
  warnings.warn(
/nas/home/jahin/.local/lib/python3.10/site-packages/sklearn/metrics/_ranking.py:1046: UserWarning: No positive class found in y_true, recall is set to one for all thresholds.
  warnings.warn(
AUROC test all: 0.9114433242362286, AUPR test all: 0.7134446751552, AUROC test unknown: nan, AUPR test unknown: 0.0
Epoch: 297, Best AUROC test all: 0.9197802527695034, AUPR test all: 0.732595682670779, AUROC test unknown: 0.0, AUPR test unknown: 0.0
pseudo_counter: Counter({0: 34346, -1: 3996, 1: 1015})
max_probs: 0.9840381145477295， num of >0.5: 173
/nas/home/jahin/.local/lib/python3.10/site-packages/sklearn/metrics/_ranking.py:424: UndefinedMetricWarning: Only one class is present in y_true. ROC AUC score is not defined in that case.
  warnings.warn(
/nas/home/jahin/.local/lib/python3.10/site-packages/sklearn/metrics/_ranking.py:1046: UserWarning: No positive class found in y_true, recall is set to one for all thresholds.
  warnings.warn(
AUROC test all: 0.9137669029442586, AUPR test all: 0.7095535932754551, AUROC test unknown: nan, AUPR test unknown: 0.0
Epoch: 298, Best AUROC test all: 0.9197802527695034, AUPR test all: 0.732595682670779, AUROC test unknown: 0.0, AUPR test unknown: 0.0
pseudo_counter: Counter({0: 34346, -1: 3996, 1: 1015})
max_probs: 0.9999927282333374， num of >0.5: 236
/nas/home/jahin/.local/lib/python3.10/site-packages/sklearn/metrics/_ranking.py:424: UndefinedMetricWarning: Only one class is present in y_true. ROC AUC score is not defined in that case.
  warnings.warn(
/nas/home/jahin/.local/lib/python3.10/site-packages/sklearn/metrics/_ranking.py:1046: UserWarning: No positive class found in y_true, recall is set to one for all thresholds.
  warnings.warn(
AUROC test all: 0.916464781730285, AUPR test all: 0.7211749888302736, AUROC test unknown: nan, AUPR test unknown: 0.0
Epoch: 299, Best AUROC test all: 0.9197802527695034, AUPR test all: 0.732595682670779, AUROC test unknown: 0.0, AUPR test unknown: 0.0
pseudo_counter: Counter({0: 34345, -1: 3996, 1: 1016})
max_probs: 0.999742329120636， num of >0.5: 363
/nas/home/jahin/.local/lib/python3.10/site-packages/sklearn/metrics/_ranking.py:424: UndefinedMetricWarning: Only one class is present in y_true. ROC AUC score is not defined in that case.
  warnings.warn(
/nas/home/jahin/.local/lib/python3.10/site-packages/sklearn/metrics/_ranking.py:1046: UserWarning: No positive class found in y_true, recall is set to one for all thresholds.
  warnings.warn(
AUROC test all: 0.922350426372967, AUPR test all: 0.7380285998145816, AUROC test unknown: nan, AUPR test unknown: 0.0
Epoch: 300, Best AUROC test all: 0.922350426372967, AUPR test all: 0.7380285998145816, AUROC test unknown: 0.0, AUPR test unknown: 0.0
pseudo_counter: Counter({0: 34342, -1: 3995, 1: 1020})
max_probs: 1.0， num of >0.5: 567
/nas/home/jahin/.local/lib/python3.10/site-packages/sklearn/metrics/_ranking.py:424: UndefinedMetricWarning: Only one class is present in y_true. ROC AUC score is not defined in that case.
  warnings.warn(
/nas/home/jahin/.local/lib/python3.10/site-packages/sklearn/metrics/_ranking.py:1046: UserWarning: No positive class found in y_true, recall is set to one for all thresholds.
  warnings.warn(
AUROC test all: 0.9194938691324873, AUPR test all: 0.731800222452828, AUROC test unknown: nan, AUPR test unknown: 0.0
Epoch: 301, Best AUROC test all: 0.922350426372967, AUPR test all: 0.7380285998145816, AUROC test unknown: 0.0, AUPR test unknown: 0.0
pseudo_counter: Counter({0: 34332, -1: 3995, 1: 1030})
max_probs: 0.9999963045120239， num of >0.5: 433
/nas/home/jahin/.local/lib/python3.10/site-packages/sklearn/metrics/_ranking.py:424: UndefinedMetricWarning: Only one class is present in y_true. ROC AUC score is not defined in that case.
  warnings.warn(
/nas/home/jahin/.local/lib/python3.10/site-packages/sklearn/metrics/_ranking.py:1046: UserWarning: No positive class found in y_true, recall is set to one for all thresholds.
  warnings.warn(
AUROC test all: 0.9190406652605294, AUPR test all: 0.7334062817023435, AUROC test unknown: nan, AUPR test unknown: 0.0
Epoch: 302, Best AUROC test all: 0.922350426372967, AUPR test all: 0.7380285998145816, AUROC test unknown: 0.0, AUPR test unknown: 0.0
pseudo_counter: Counter({0: 34329, -1: 3995, 1: 1033})
max_probs: 0.999165415763855， num of >0.5: 328
/nas/home/jahin/.local/lib/python3.10/site-packages/sklearn/metrics/_ranking.py:424: UndefinedMetricWarning: Only one class is present in y_true. ROC AUC score is not defined in that case.
  warnings.warn(
/nas/home/jahin/.local/lib/python3.10/site-packages/sklearn/metrics/_ranking.py:1046: UserWarning: No positive class found in y_true, recall is set to one for all thresholds.
  warnings.warn(
AUROC test all: 0.9129641365332057, AUPR test all: 0.7278150547973246, AUROC test unknown: nan, AUPR test unknown: 0.0
Epoch: 303, Best AUROC test all: 0.922350426372967, AUPR test all: 0.7380285998145816, AUROC test unknown: 0.0, AUPR test unknown: 0.0
pseudo_counter: Counter({0: 34325, -1: 3995, 1: 1037})
max_probs: 0.9999947547912598， num of >0.5: 217
/nas/home/jahin/.local/lib/python3.10/site-packages/sklearn/metrics/_ranking.py:424: UndefinedMetricWarning: Only one class is present in y_true. ROC AUC score is not defined in that case.
  warnings.warn(
/nas/home/jahin/.local/lib/python3.10/site-packages/sklearn/metrics/_ranking.py:1046: UserWarning: No positive class found in y_true, recall is set to one for all thresholds.
  warnings.warn(
AUROC test all: 0.9148182524554657, AUPR test all: 0.7186633945095979, AUROC test unknown: nan, AUPR test unknown: 0.0
Epoch: 304, Best AUROC test all: 0.922350426372967, AUPR test all: 0.7380285998145816, AUROC test unknown: 0.0, AUPR test unknown: 0.0
pseudo_counter: Counter({0: 34323, -1: 3995, 1: 1039})
max_probs: 0.9720754623413086， num of >0.5: 273
/nas/home/jahin/.local/lib/python3.10/site-packages/sklearn/metrics/_ranking.py:424: UndefinedMetricWarning: Only one class is present in y_true. ROC AUC score is not defined in that case.
  warnings.warn(
/nas/home/jahin/.local/lib/python3.10/site-packages/sklearn/metrics/_ranking.py:1046: UserWarning: No positive class found in y_true, recall is set to one for all thresholds.
  warnings.warn(
AUROC test all: 0.9131211389803737, AUPR test all: 0.7142887390442293, AUROC test unknown: nan, AUPR test unknown: 0.0
Epoch: 305, Best AUROC test all: 0.922350426372967, AUPR test all: 0.7380285998145816, AUROC test unknown: 0.0, AUPR test unknown: 0.0
pseudo_counter: Counter({0: 34319, -1: 3995, 1: 1043})
max_probs: 0.9998511075973511， num of >0.5: 262
/nas/home/jahin/.local/lib/python3.10/site-packages/sklearn/metrics/_ranking.py:424: UndefinedMetricWarning: Only one class is present in y_true. ROC AUC score is not defined in that case.
  warnings.warn(
/nas/home/jahin/.local/lib/python3.10/site-packages/sklearn/metrics/_ranking.py:1046: UserWarning: No positive class found in y_true, recall is set to one for all thresholds.
  warnings.warn(
AUROC test all: 0.9197459192673205, AUPR test all: 0.7379056829425102, AUROC test unknown: nan, AUPR test unknown: 0.0
Epoch: 306, Best AUROC test all: 0.922350426372967, AUPR test all: 0.7380285998145816, AUROC test unknown: 0.0, AUPR test unknown: 0.0
pseudo_counter: Counter({0: 34315, -1: 3995, 1: 1047})
max_probs: 0.9924368262290955， num of >0.5: 357
/nas/home/jahin/.local/lib/python3.10/site-packages/sklearn/metrics/_ranking.py:424: UndefinedMetricWarning: Only one class is present in y_true. ROC AUC score is not defined in that case.
  warnings.warn(
/nas/home/jahin/.local/lib/python3.10/site-packages/sklearn/metrics/_ranking.py:1046: UserWarning: No positive class found in y_true, recall is set to one for all thresholds.
  warnings.warn(
AUROC test all: 0.9215057269168938, AUPR test all: 0.7330014924064839, AUROC test unknown: nan, AUPR test unknown: 0.0
Epoch: 307, Best AUROC test all: 0.922350426372967, AUPR test all: 0.7380285998145816, AUROC test unknown: 0.0, AUPR test unknown: 0.0
pseudo_counter: Counter({0: 34311, -1: 3995, 1: 1051})
max_probs: 1.0， num of >0.5: 397
/nas/home/jahin/.local/lib/python3.10/site-packages/sklearn/metrics/_ranking.py:424: UndefinedMetricWarning: Only one class is present in y_true. ROC AUC score is not defined in that case.
  warnings.warn(
/nas/home/jahin/.local/lib/python3.10/site-packages/sklearn/metrics/_ranking.py:1046: UserWarning: No positive class found in y_true, recall is set to one for all thresholds.
  warnings.warn(
AUROC test all: 0.9187189129403602, AUPR test all: 0.7330573123080736, AUROC test unknown: nan, AUPR test unknown: 0.0
Epoch: 308, Best AUROC test all: 0.922350426372967, AUPR test all: 0.7380285998145816, AUROC test unknown: 0.0, AUPR test unknown: 0.0
pseudo_counter: Counter({0: 34307, -1: 3995, 1: 1055})
max_probs: 0.997783362865448， num of >0.5: 404
/nas/home/jahin/.local/lib/python3.10/site-packages/sklearn/metrics/_ranking.py:424: UndefinedMetricWarning: Only one class is present in y_true. ROC AUC score is not defined in that case.
  warnings.warn(
/nas/home/jahin/.local/lib/python3.10/site-packages/sklearn/metrics/_ranking.py:1046: UserWarning: No positive class found in y_true, recall is set to one for all thresholds.
  warnings.warn(
AUROC test all: 0.9183090470018825, AUPR test all: 0.7216498763973085, AUROC test unknown: nan, AUPR test unknown: 0.0
Epoch: 309, Best AUROC test all: 0.922350426372967, AUPR test all: 0.7380285998145816, AUROC test unknown: 0.0, AUPR test unknown: 0.0
pseudo_counter: Counter({0: 34303, -1: 3995, 1: 1059})
max_probs: 0.9997232556343079， num of >0.5: 331
/nas/home/jahin/.local/lib/python3.10/site-packages/sklearn/metrics/_ranking.py:424: UndefinedMetricWarning: Only one class is present in y_true. ROC AUC score is not defined in that case.
  warnings.warn(
/nas/home/jahin/.local/lib/python3.10/site-packages/sklearn/metrics/_ranking.py:1046: UserWarning: No positive class found in y_true, recall is set to one for all thresholds.
  warnings.warn(
AUROC test all: 0.9163019132576186, AUPR test all: 0.7159019483194826, AUROC test unknown: nan, AUPR test unknown: 0.0
Epoch: 310, Best AUROC test all: 0.922350426372967, AUPR test all: 0.7380285998145816, AUROC test unknown: 0.0, AUPR test unknown: 0.0
pseudo_counter: Counter({0: 34299, -1: 3995, 1: 1063})
max_probs: 0.9998857975006104， num of >0.5: 296
/nas/home/jahin/.local/lib/python3.10/site-packages/sklearn/metrics/_ranking.py:424: UndefinedMetricWarning: Only one class is present in y_true. ROC AUC score is not defined in that case.
  warnings.warn(
/nas/home/jahin/.local/lib/python3.10/site-packages/sklearn/metrics/_ranking.py:1046: UserWarning: No positive class found in y_true, recall is set to one for all thresholds.
  warnings.warn(
AUROC test all: 0.9151813052100625, AUPR test all: 0.7146362255718715, AUROC test unknown: nan, AUPR test unknown: 0.0
Epoch: 311, Best AUROC test all: 0.922350426372967, AUPR test all: 0.7380285998145816, AUROC test unknown: 0.0, AUPR test unknown: 0.0
pseudo_counter: Counter({0: 34296, -1: 3995, 1: 1066})
max_probs: 0.9999786615371704， num of >0.5: 311
/nas/home/jahin/.local/lib/python3.10/site-packages/sklearn/metrics/_ranking.py:424: UndefinedMetricWarning: Only one class is present in y_true. ROC AUC score is not defined in that case.
  warnings.warn(
/nas/home/jahin/.local/lib/python3.10/site-packages/sklearn/metrics/_ranking.py:1046: UserWarning: No positive class found in y_true, recall is set to one for all thresholds.
  warnings.warn(
AUROC test all: 0.9152975001661219, AUPR test all: 0.7180366172407925, AUROC test unknown: nan, AUPR test unknown: 0.0
Epoch: 312, Best AUROC test all: 0.922350426372967, AUPR test all: 0.7380285998145816, AUROC test unknown: 0.0, AUPR test unknown: 0.0
pseudo_counter: Counter({0: 34297, -1: 3995, 1: 1065})
max_probs: 0.9999507665634155， num of >0.5: 242
/nas/home/jahin/.local/lib/python3.10/site-packages/sklearn/metrics/_ranking.py:424: UndefinedMetricWarning: Only one class is present in y_true. ROC AUC score is not defined in that case.
  warnings.warn(
/nas/home/jahin/.local/lib/python3.10/site-packages/sklearn/metrics/_ranking.py:1046: UserWarning: No positive class found in y_true, recall is set to one for all thresholds.
  warnings.warn(
AUROC test all: 0.9180391112402843, AUPR test all: 0.7365816542142294, AUROC test unknown: nan, AUPR test unknown: 0.0
Epoch: 313, Best AUROC test all: 0.922350426372967, AUPR test all: 0.7380285998145816, AUROC test unknown: 0.0, AUPR test unknown: 0.0
pseudo_counter: Counter({0: 34300, -1: 3995, 1: 1062})
max_probs: 1.0， num of >0.5: 338
/nas/home/jahin/.local/lib/python3.10/site-packages/sklearn/metrics/_ranking.py:424: UndefinedMetricWarning: Only one class is present in y_true. ROC AUC score is not defined in that case.
  warnings.warn(
/nas/home/jahin/.local/lib/python3.10/site-packages/sklearn/metrics/_ranking.py:1046: UserWarning: No positive class found in y_true, recall is set to one for all thresholds.
  warnings.warn(
AUROC test all: 0.9196105898947541, AUPR test all: 0.742063051130734, AUROC test unknown: nan, AUPR test unknown: 0.0
Epoch: 314, Best AUROC test all: 0.922350426372967, AUPR test all: 0.742063051130734, AUROC test unknown: 0.0, AUPR test unknown: 0.0
pseudo_counter: Counter({0: 34298, -1: 3995, 1: 1064})
max_probs: 0.9999748468399048， num of >0.5: 335
/nas/home/jahin/.local/lib/python3.10/site-packages/sklearn/metrics/_ranking.py:424: UndefinedMetricWarning: Only one class is present in y_true. ROC AUC score is not defined in that case.
  warnings.warn(
/nas/home/jahin/.local/lib/python3.10/site-packages/sklearn/metrics/_ranking.py:1046: UserWarning: No positive class found in y_true, recall is set to one for all thresholds.
  warnings.warn(
AUROC test all: 0.9206064914982722, AUPR test all: 0.7392284231805484, AUROC test unknown: nan, AUPR test unknown: 0.0
Epoch: 315, Best AUROC test all: 0.922350426372967, AUPR test all: 0.742063051130734, AUROC test unknown: 0.0, AUPR test unknown: 0.0
pseudo_counter: Counter({0: 34293, -1: 3995, 1: 1069})
max_probs: 0.9895636439323425， num of >0.5: 320
/nas/home/jahin/.local/lib/python3.10/site-packages/sklearn/metrics/_ranking.py:424: UndefinedMetricWarning: Only one class is present in y_true. ROC AUC score is not defined in that case.
  warnings.warn(
/nas/home/jahin/.local/lib/python3.10/site-packages/sklearn/metrics/_ranking.py:1046: UserWarning: No positive class found in y_true, recall is set to one for all thresholds.
  warnings.warn(
AUROC test all: 0.9230083824682802, AUPR test all: 0.7433588648784943, AUROC test unknown: nan, AUPR test unknown: 0.0
Epoch: 316, Best AUROC test all: 0.9230083824682802, AUPR test all: 0.7433588648784943, AUROC test unknown: 0.0, AUPR test unknown: 0.0
pseudo_counter: Counter({0: 34292, -1: 3995, 1: 1070})
max_probs: 0.9998598098754883， num of >0.5: 275
/nas/home/jahin/.local/lib/python3.10/site-packages/sklearn/metrics/_ranking.py:424: UndefinedMetricWarning: Only one class is present in y_true. ROC AUC score is not defined in that case.
  warnings.warn(
/nas/home/jahin/.local/lib/python3.10/site-packages/sklearn/metrics/_ranking.py:1046: UserWarning: No positive class found in y_true, recall is set to one for all thresholds.
  warnings.warn(
AUROC test all: 0.918645028952533, AUPR test all: 0.7284855406129777, AUROC test unknown: nan, AUPR test unknown: 0.0
Epoch: 317, Best AUROC test all: 0.9230083824682802, AUPR test all: 0.7433588648784943, AUROC test unknown: 0.0, AUPR test unknown: 0.0
pseudo_counter: Counter({0: 34293, -1: 3995, 1: 1069})
max_probs: 0.9998993873596191， num of >0.5: 295
/nas/home/jahin/.local/lib/python3.10/site-packages/sklearn/metrics/_ranking.py:424: UndefinedMetricWarning: Only one class is present in y_true. ROC AUC score is not defined in that case.
  warnings.warn(
/nas/home/jahin/.local/lib/python3.10/site-packages/sklearn/metrics/_ranking.py:1046: UserWarning: No positive class found in y_true, recall is set to one for all thresholds.
  warnings.warn(
AUROC test all: 0.9205420309435639, AUPR test all: 0.7264405933200486, AUROC test unknown: nan, AUPR test unknown: 0.0
Epoch: 318, Best AUROC test all: 0.9230083824682802, AUPR test all: 0.7433588648784943, AUROC test unknown: 0.0, AUPR test unknown: 0.0
pseudo_counter: Counter({0: 34292, -1: 3995, 1: 1070})
max_probs: 0.99982750415802， num of >0.5: 274
/nas/home/jahin/.local/lib/python3.10/site-packages/sklearn/metrics/_ranking.py:424: UndefinedMetricWarning: Only one class is present in y_true. ROC AUC score is not defined in that case.
  warnings.warn(
/nas/home/jahin/.local/lib/python3.10/site-packages/sklearn/metrics/_ranking.py:1046: UserWarning: No positive class found in y_true, recall is set to one for all thresholds.
  warnings.warn(
AUROC test all: 0.9197510212306743, AUPR test all: 0.7312563381152357, AUROC test unknown: nan, AUPR test unknown: 0.0
Epoch: 319, Best AUROC test all: 0.9230083824682802, AUPR test all: 0.7433588648784943, AUROC test unknown: 0.0, AUPR test unknown: 0.0
pseudo_counter: Counter({0: 34289, -1: 3995, 1: 1073})
max_probs: 0.9980475902557373， num of >0.5: 256
/nas/home/jahin/.local/lib/python3.10/site-packages/sklearn/metrics/_ranking.py:424: UndefinedMetricWarning: Only one class is present in y_true. ROC AUC score is not defined in that case.
  warnings.warn(
/nas/home/jahin/.local/lib/python3.10/site-packages/sklearn/metrics/_ranking.py:1046: UserWarning: No positive class found in y_true, recall is set to one for all thresholds.
  warnings.warn(
AUROC test all: 0.9211281569815464, AUPR test all: 0.7418301926909638, AUROC test unknown: nan, AUPR test unknown: 0.0
Epoch: 320, Best AUROC test all: 0.9230083824682802, AUPR test all: 0.7433588648784943, AUROC test unknown: 0.0, AUPR test unknown: 0.0
pseudo_counter: Counter({0: 34287, -1: 3995, 1: 1075})
max_probs: 1.0， num of >0.5: 314
/nas/home/jahin/.local/lib/python3.10/site-packages/sklearn/metrics/_ranking.py:424: UndefinedMetricWarning: Only one class is present in y_true. ROC AUC score is not defined in that case.
  warnings.warn(
/nas/home/jahin/.local/lib/python3.10/site-packages/sklearn/metrics/_ranking.py:1046: UserWarning: No positive class found in y_true, recall is set to one for all thresholds.
  warnings.warn(
AUROC test all: 0.9190137834181886, AUPR test all: 0.7452705750924791, AUROC test unknown: nan, AUPR test unknown: 0.0
Epoch: 321, Best AUROC test all: 0.9230083824682802, AUPR test all: 0.7452705750924791, AUROC test unknown: 0.0, AUPR test unknown: 0.0
pseudo_counter: Counter({0: 34283, -1: 3995, 1: 1079})
max_probs: 0.9999878406524658， num of >0.5: 303
/nas/home/jahin/.local/lib/python3.10/site-packages/sklearn/metrics/_ranking.py:424: UndefinedMetricWarning: Only one class is present in y_true. ROC AUC score is not defined in that case.
  warnings.warn(
/nas/home/jahin/.local/lib/python3.10/site-packages/sklearn/metrics/_ranking.py:1046: UserWarning: No positive class found in y_true, recall is set to one for all thresholds.
  warnings.warn(
AUROC test all: 0.9206229804522998, AUPR test all: 0.7367459846969944, AUROC test unknown: nan, AUPR test unknown: 0.0
Epoch: 322, Best AUROC test all: 0.9230083824682802, AUPR test all: 0.7452705750924791, AUROC test unknown: 0.0, AUPR test unknown: 0.0
pseudo_counter: Counter({0: 34284, -1: 3994, 1: 1079})
max_probs: 0.9999173879623413， num of >0.5: 305
/nas/home/jahin/.local/lib/python3.10/site-packages/sklearn/metrics/_ranking.py:424: UndefinedMetricWarning: Only one class is present in y_true. ROC AUC score is not defined in that case.
  warnings.warn(
/nas/home/jahin/.local/lib/python3.10/site-packages/sklearn/metrics/_ranking.py:1046: UserWarning: No positive class found in y_true, recall is set to one for all thresholds.
  warnings.warn(
AUROC test all: 0.9202406946925318, AUPR test all: 0.7334995373440139, AUROC test unknown: nan, AUPR test unknown: 0.0
Epoch: 323, Best AUROC test all: 0.9230083824682802, AUPR test all: 0.7452705750924791, AUROC test unknown: 0.0, AUPR test unknown: 0.0
pseudo_counter: Counter({0: 34288, -1: 3994, 1: 1075})
max_probs: 0.9929936528205872， num of >0.5: 273
/nas/home/jahin/.local/lib/python3.10/site-packages/sklearn/metrics/_ranking.py:424: UndefinedMetricWarning: Only one class is present in y_true. ROC AUC score is not defined in that case.
  warnings.warn(
/nas/home/jahin/.local/lib/python3.10/site-packages/sklearn/metrics/_ranking.py:1046: UserWarning: No positive class found in y_true, recall is set to one for all thresholds.
  warnings.warn(
AUROC test all: 0.9218303054454264, AUPR test all: 0.7261169611624514, AUROC test unknown: nan, AUPR test unknown: 0.0
Epoch: 324, Best AUROC test all: 0.9230083824682802, AUPR test all: 0.7452705750924791, AUROC test unknown: 0.0, AUPR test unknown: 0.0
pseudo_counter: Counter({0: 34290, -1: 3994, 1: 1073})
max_probs: 0.9993422627449036， num of >0.5: 247
/nas/home/jahin/.local/lib/python3.10/site-packages/sklearn/metrics/_ranking.py:424: UndefinedMetricWarning: Only one class is present in y_true. ROC AUC score is not defined in that case.
  warnings.warn(
/nas/home/jahin/.local/lib/python3.10/site-packages/sklearn/metrics/_ranking.py:1046: UserWarning: No positive class found in y_true, recall is set to one for all thresholds.
  warnings.warn(
AUROC test all: 0.9188991083706969, AUPR test all: 0.7387141191275257, AUROC test unknown: nan, AUPR test unknown: 0.0
Epoch: 325, Best AUROC test all: 0.9230083824682802, AUPR test all: 0.7452705750924791, AUROC test unknown: 0.0, AUPR test unknown: 0.0
pseudo_counter: Counter({0: 34290, -1: 3994, 1: 1073})
max_probs: 0.9999148845672607， num of >0.5: 311
/nas/home/jahin/.local/lib/python3.10/site-packages/sklearn/metrics/_ranking.py:424: UndefinedMetricWarning: Only one class is present in y_true. ROC AUC score is not defined in that case.
  warnings.warn(
/nas/home/jahin/.local/lib/python3.10/site-packages/sklearn/metrics/_ranking.py:1046: UserWarning: No positive class found in y_true, recall is set to one for all thresholds.
  warnings.warn(
AUROC test all: 0.921007007945129, AUPR test all: 0.7337234578401721, AUROC test unknown: nan, AUPR test unknown: 0.0
Epoch: 326, Best AUROC test all: 0.9230083824682802, AUPR test all: 0.7452705750924791, AUROC test unknown: 0.0, AUPR test unknown: 0.0
pseudo_counter: Counter({0: 34286, -1: 3994, 1: 1077})
max_probs: 0.9999420642852783， num of >0.5: 302
/nas/home/jahin/.local/lib/python3.10/site-packages/sklearn/metrics/_ranking.py:424: UndefinedMetricWarning: Only one class is present in y_true. ROC AUC score is not defined in that case.
  warnings.warn(
/nas/home/jahin/.local/lib/python3.10/site-packages/sklearn/metrics/_ranking.py:1046: UserWarning: No positive class found in y_true, recall is set to one for all thresholds.
  warnings.warn(
AUROC test all: 0.9215965845863459, AUPR test all: 0.7322887440960455, AUROC test unknown: nan, AUPR test unknown: 0.0
Epoch: 327, Best AUROC test all: 0.9230083824682802, AUPR test all: 0.7452705750924791, AUROC test unknown: 0.0, AUPR test unknown: 0.0
pseudo_counter: Counter({0: 34283, -1: 3994, 1: 1080})
max_probs: 0.9998666048049927， num of >0.5: 325
/nas/home/jahin/.local/lib/python3.10/site-packages/sklearn/metrics/_ranking.py:424: UndefinedMetricWarning: Only one class is present in y_true. ROC AUC score is not defined in that case.
  warnings.warn(
/nas/home/jahin/.local/lib/python3.10/site-packages/sklearn/metrics/_ranking.py:1046: UserWarning: No positive class found in y_true, recall is set to one for all thresholds.
  warnings.warn(
AUROC test all: 0.9239362168151378, AUPR test all: 0.732604155921588, AUROC test unknown: nan, AUPR test unknown: 0.0
Epoch: 328, Best AUROC test all: 0.9239362168151378, AUPR test all: 0.7452705750924791, AUROC test unknown: 0.0, AUPR test unknown: 0.0
pseudo_counter: Counter({0: 34282, -1: 3993, 1: 1082})
max_probs: 0.9993763566017151， num of >0.5: 365
/nas/home/jahin/.local/lib/python3.10/site-packages/sklearn/metrics/_ranking.py:424: UndefinedMetricWarning: Only one class is present in y_true. ROC AUC score is not defined in that case.
  warnings.warn(
/nas/home/jahin/.local/lib/python3.10/site-packages/sklearn/metrics/_ranking.py:1046: UserWarning: No positive class found in y_true, recall is set to one for all thresholds.
  warnings.warn(
AUROC test all: 0.9223768399191546, AUPR test all: 0.7448315059074945, AUROC test unknown: nan, AUPR test unknown: 0.0
Epoch: 329, Best AUROC test all: 0.9239362168151378, AUPR test all: 0.7452705750924791, AUROC test unknown: 0.0, AUPR test unknown: 0.0
pseudo_counter: Counter({0: 34278, -1: 3993, 1: 1086})
max_probs: 0.9945153594017029， num of >0.5: 334
/nas/home/jahin/.local/lib/python3.10/site-packages/sklearn/metrics/_ranking.py:424: UndefinedMetricWarning: Only one class is present in y_true. ROC AUC score is not defined in that case.
  warnings.warn(
/nas/home/jahin/.local/lib/python3.10/site-packages/sklearn/metrics/_ranking.py:1046: UserWarning: No positive class found in y_true, recall is set to one for all thresholds.
  warnings.warn(
AUROC test all: 0.921391101163734, AUPR test all: 0.7376539961238637, AUROC test unknown: nan, AUPR test unknown: 0.0
Epoch: 330, Best AUROC test all: 0.9239362168151378, AUPR test all: 0.7452705750924791, AUROC test unknown: 0.0, AUPR test unknown: 0.0
pseudo_counter: Counter({0: 34278, -1: 3993, 1: 1086})
max_probs: 0.997740626335144， num of >0.5: 325
/nas/home/jahin/.local/lib/python3.10/site-packages/sklearn/metrics/_ranking.py:424: UndefinedMetricWarning: Only one class is present in y_true. ROC AUC score is not defined in that case.
  warnings.warn(
/nas/home/jahin/.local/lib/python3.10/site-packages/sklearn/metrics/_ranking.py:1046: UserWarning: No positive class found in y_true, recall is set to one for all thresholds.
  warnings.warn(
AUROC test all: 0.9217756544627703, AUPR test all: 0.7431585395956557, AUROC test unknown: nan, AUPR test unknown: 0.0
Epoch: 331, Best AUROC test all: 0.9239362168151378, AUPR test all: 0.7452705750924791, AUROC test unknown: 0.0, AUPR test unknown: 0.0
pseudo_counter: Counter({0: 34273, -1: 3993, 1: 1091})
max_probs: 0.9994494318962097， num of >0.5: 339
/nas/home/jahin/.local/lib/python3.10/site-packages/sklearn/metrics/_ranking.py:424: UndefinedMetricWarning: Only one class is present in y_true. ROC AUC score is not defined in that case.
  warnings.warn(
/nas/home/jahin/.local/lib/python3.10/site-packages/sklearn/metrics/_ranking.py:1046: UserWarning: No positive class found in y_true, recall is set to one for all thresholds.
  warnings.warn(
AUROC test all: 0.9239494852061466, AUPR test all: 0.7372900527509755, AUROC test unknown: nan, AUPR test unknown: 0.0
Epoch: 332, Best AUROC test all: 0.9239494852061466, AUPR test all: 0.7452705750924791, AUROC test unknown: 0.0, AUPR test unknown: 0.0
pseudo_counter: Counter({0: 34269, -1: 3993, 1: 1095})
max_probs: 0.9998241066932678， num of >0.5: 357
/nas/home/jahin/.local/lib/python3.10/site-packages/sklearn/metrics/_ranking.py:424: UndefinedMetricWarning: Only one class is present in y_true. ROC AUC score is not defined in that case.
  warnings.warn(
/nas/home/jahin/.local/lib/python3.10/site-packages/sklearn/metrics/_ranking.py:1046: UserWarning: No positive class found in y_true, recall is set to one for all thresholds.
  warnings.warn(
AUROC test all: 0.9207638143585974, AUPR test all: 0.7383191201607797, AUROC test unknown: nan, AUPR test unknown: 0.0
Epoch: 333, Best AUROC test all: 0.9239494852061466, AUPR test all: 0.7452705750924791, AUROC test unknown: 0.0, AUPR test unknown: 0.0
pseudo_counter: Counter({0: 34266, -1: 3993, 1: 1098})
max_probs: 0.9986491799354553， num of >0.5: 323
/nas/home/jahin/.local/lib/python3.10/site-packages/sklearn/metrics/_ranking.py:424: UndefinedMetricWarning: Only one class is present in y_true. ROC AUC score is not defined in that case.
  warnings.warn(
/nas/home/jahin/.local/lib/python3.10/site-packages/sklearn/metrics/_ranking.py:1046: UserWarning: No positive class found in y_true, recall is set to one for all thresholds.
  warnings.warn(
AUROC test all: 0.9206274169421728, AUPR test all: 0.7437225496393168, AUROC test unknown: nan, AUPR test unknown: 0.0
Epoch: 334, Best AUROC test all: 0.9239494852061466, AUPR test all: 0.7452705750924791, AUROC test unknown: 0.0, AUPR test unknown: 0.0
pseudo_counter: Counter({0: 34262, -1: 3993, 1: 1102})
max_probs: 0.9984227418899536， num of >0.5: 303
/nas/home/jahin/.local/lib/python3.10/site-packages/sklearn/metrics/_ranking.py:424: UndefinedMetricWarning: Only one class is present in y_true. ROC AUC score is not defined in that case.
  warnings.warn(
/nas/home/jahin/.local/lib/python3.10/site-packages/sklearn/metrics/_ranking.py:1046: UserWarning: No positive class found in y_true, recall is set to one for all thresholds.
  warnings.warn(
AUROC test all: 0.9231070039950099, AUPR test all: 0.7386794598775016, AUROC test unknown: nan, AUPR test unknown: 0.0
Epoch: 335, Best AUROC test all: 0.9239494852061466, AUPR test all: 0.7452705750924791, AUROC test unknown: 0.0, AUPR test unknown: 0.0
pseudo_counter: Counter({0: 34263, -1: 3993, 1: 1101})
max_probs: 0.9986703395843506， num of >0.5: 273
/nas/home/jahin/.local/lib/python3.10/site-packages/sklearn/metrics/_ranking.py:424: UndefinedMetricWarning: Only one class is present in y_true. ROC AUC score is not defined in that case.
  warnings.warn(
/nas/home/jahin/.local/lib/python3.10/site-packages/sklearn/metrics/_ranking.py:1046: UserWarning: No positive class found in y_true, recall is set to one for all thresholds.
  warnings.warn(
AUROC test all: 0.9181777515488115, AUPR test all: 0.7275321784477168, AUROC test unknown: nan, AUPR test unknown: 0.0
Epoch: 336, Best AUROC test all: 0.9239494852061466, AUPR test all: 0.7452705750924791, AUROC test unknown: 0.0, AUPR test unknown: 0.0
pseudo_counter: Counter({0: 34261, -1: 3993, 1: 1103})
max_probs: 0.9999845027923584， num of >0.5: 312
/nas/home/jahin/.local/lib/python3.10/site-packages/sklearn/metrics/_ranking.py:424: UndefinedMetricWarning: Only one class is present in y_true. ROC AUC score is not defined in that case.
  warnings.warn(
/nas/home/jahin/.local/lib/python3.10/site-packages/sklearn/metrics/_ranking.py:1046: UserWarning: No positive class found in y_true, recall is set to one for all thresholds.
  warnings.warn(
AUROC test all: 0.9205690031588466, AUPR test all: 0.7332170740649867, AUROC test unknown: nan, AUPR test unknown: 0.0
Epoch: 337, Best AUROC test all: 0.9239494852061466, AUPR test all: 0.7452705750924791, AUROC test unknown: 0.0, AUPR test unknown: 0.0
pseudo_counter: Counter({0: 34260, -1: 3993, 1: 1104})
max_probs: 0.999992847442627， num of >0.5: 246
/nas/home/jahin/.local/lib/python3.10/site-packages/sklearn/metrics/_ranking.py:424: UndefinedMetricWarning: Only one class is present in y_true. ROC AUC score is not defined in that case.
  warnings.warn(
/nas/home/jahin/.local/lib/python3.10/site-packages/sklearn/metrics/_ranking.py:1046: UserWarning: No positive class found in y_true, recall is set to one for all thresholds.
  warnings.warn(
AUROC test all: 0.9220302514714194, AUPR test all: 0.7435404176119663, AUROC test unknown: nan, AUPR test unknown: 0.0
Epoch: 338, Best AUROC test all: 0.9239494852061466, AUPR test all: 0.7452705750924791, AUROC test unknown: 0.0, AUPR test unknown: 0.0
pseudo_counter: Counter({0: 34257, -1: 3993, 1: 1107})
max_probs: 1.0， num of >0.5: 302
/nas/home/jahin/.local/lib/python3.10/site-packages/sklearn/metrics/_ranking.py:424: UndefinedMetricWarning: Only one class is present in y_true. ROC AUC score is not defined in that case.
  warnings.warn(
/nas/home/jahin/.local/lib/python3.10/site-packages/sklearn/metrics/_ranking.py:1046: UserWarning: No positive class found in y_true, recall is set to one for all thresholds.
  warnings.warn(
AUROC test all: 0.9216970300033566, AUPR test all: 0.742038369452672, AUROC test unknown: nan, AUPR test unknown: 0.0
Epoch: 339, Best AUROC test all: 0.9239494852061466, AUPR test all: 0.7452705750924791, AUROC test unknown: 0.0, AUPR test unknown: 0.0
pseudo_counter: Counter({0: 34258, -1: 3992, 1: 1107})
max_probs: 0.9996101260185242， num of >0.5: 294
/nas/home/jahin/.local/lib/python3.10/site-packages/sklearn/metrics/_ranking.py:424: UndefinedMetricWarning: Only one class is present in y_true. ROC AUC score is not defined in that case.
  warnings.warn(
/nas/home/jahin/.local/lib/python3.10/site-packages/sklearn/metrics/_ranking.py:1046: UserWarning: No positive class found in y_true, recall is set to one for all thresholds.
  warnings.warn(
AUROC test all: 0.9222903530137996, AUPR test all: 0.740039695177101, AUROC test unknown: nan, AUPR test unknown: 0.0
Epoch: 340, Best AUROC test all: 0.9239494852061466, AUPR test all: 0.7452705750924791, AUROC test unknown: 0.0, AUPR test unknown: 0.0
pseudo_counter: Counter({0: 34256, -1: 3992, 1: 1109})
max_probs: 0.9985672235488892， num of >0.5: 303
/nas/home/jahin/.local/lib/python3.10/site-packages/sklearn/metrics/_ranking.py:424: UndefinedMetricWarning: Only one class is present in y_true. ROC AUC score is not defined in that case.
  warnings.warn(
/nas/home/jahin/.local/lib/python3.10/site-packages/sklearn/metrics/_ranking.py:1046: UserWarning: No positive class found in y_true, recall is set to one for all thresholds.
  warnings.warn(
AUROC test all: 0.9196443811592857, AUPR test all: 0.7390115722909915, AUROC test unknown: nan, AUPR test unknown: 0.0
Epoch: 341, Best AUROC test all: 0.9239494852061466, AUPR test all: 0.7452705750924791, AUROC test unknown: 0.0, AUPR test unknown: 0.0
pseudo_counter: Counter({0: 34251, -1: 3992, 1: 1114})
max_probs: 0.9967203736305237， num of >0.5: 218
/nas/home/jahin/.local/lib/python3.10/site-packages/sklearn/metrics/_ranking.py:424: UndefinedMetricWarning: Only one class is present in y_true. ROC AUC score is not defined in that case.
  warnings.warn(
/nas/home/jahin/.local/lib/python3.10/site-packages/sklearn/metrics/_ranking.py:1046: UserWarning: No positive class found in y_true, recall is set to one for all thresholds.
  warnings.warn(
AUROC test all: 0.9213454381809314, AUPR test all: 0.7405108955380104, AUROC test unknown: nan, AUPR test unknown: 0.0
Epoch: 342, Best AUROC test all: 0.9239494852061466, AUPR test all: 0.7452705750924791, AUROC test unknown: 0.0, AUPR test unknown: 0.0
pseudo_counter: Counter({0: 34250, -1: 3992, 1: 1115})
max_probs: 0.9810019135475159， num of >0.5: 237
/nas/home/jahin/.local/lib/python3.10/site-packages/sklearn/metrics/_ranking.py:424: UndefinedMetricWarning: Only one class is present in y_true. ROC AUC score is not defined in that case.
  warnings.warn(
/nas/home/jahin/.local/lib/python3.10/site-packages/sklearn/metrics/_ranking.py:1046: UserWarning: No positive class found in y_true, recall is set to one for all thresholds.
  warnings.warn(
AUROC test all: 0.9171099130835768, AUPR test all: 0.734164680189082, AUROC test unknown: nan, AUPR test unknown: 0.0
Epoch: 343, Best AUROC test all: 0.9239494852061466, AUPR test all: 0.7452705750924791, AUROC test unknown: 0.0, AUPR test unknown: 0.0
pseudo_counter: Counter({0: 34250, -1: 3991, 1: 1116})
max_probs: 0.9958886504173279， num of >0.5: 212
/nas/home/jahin/.local/lib/python3.10/site-packages/sklearn/metrics/_ranking.py:424: UndefinedMetricWarning: Only one class is present in y_true. ROC AUC score is not defined in that case.
  warnings.warn(
/nas/home/jahin/.local/lib/python3.10/site-packages/sklearn/metrics/_ranking.py:1046: UserWarning: No positive class found in y_true, recall is set to one for all thresholds.
  warnings.warn(
AUROC test all: 0.9154158394256198, AUPR test all: 0.7374091166332513, AUROC test unknown: nan, AUPR test unknown: 0.0
Epoch: 344, Best AUROC test all: 0.9239494852061466, AUPR test all: 0.7452705750924791, AUROC test unknown: 0.0, AUPR test unknown: 0.0
pseudo_counter: Counter({0: 34249, -1: 3991, 1: 1117})
max_probs: 0.998155415058136， num of >0.5: 256
/nas/home/jahin/.local/lib/python3.10/site-packages/sklearn/metrics/_ranking.py:424: UndefinedMetricWarning: Only one class is present in y_true. ROC AUC score is not defined in that case.
  warnings.warn(
/nas/home/jahin/.local/lib/python3.10/site-packages/sklearn/metrics/_ranking.py:1046: UserWarning: No positive class found in y_true, recall is set to one for all thresholds.
  warnings.warn(
AUROC test all: 0.9193924213973944, AUPR test all: 0.7394437653169161, AUROC test unknown: nan, AUPR test unknown: 0.0
Epoch: 345, Best AUROC test all: 0.9239494852061466, AUPR test all: 0.7452705750924791, AUROC test unknown: 0.0, AUPR test unknown: 0.0
pseudo_counter: Counter({0: 34252, -1: 3991, 1: 1114})
max_probs: 1.0， num of >0.5: 345
/nas/home/jahin/.local/lib/python3.10/site-packages/sklearn/metrics/_ranking.py:424: UndefinedMetricWarning: Only one class is present in y_true. ROC AUC score is not defined in that case.
  warnings.warn(
/nas/home/jahin/.local/lib/python3.10/site-packages/sklearn/metrics/_ranking.py:1046: UserWarning: No positive class found in y_true, recall is set to one for all thresholds.
  warnings.warn(
AUROC test all: 0.9166534968643218, AUPR test all: 0.7188755952432094, AUROC test unknown: nan, AUPR test unknown: 0.0
Epoch: 346, Best AUROC test all: 0.9239494852061466, AUPR test all: 0.7452705750924791, AUROC test unknown: 0.0, AUPR test unknown: 0.0
pseudo_counter: Counter({0: 34247, -1: 3991, 1: 1119})
max_probs: 0.9934452772140503， num of >0.5: 236
/nas/home/jahin/.local/lib/python3.10/site-packages/sklearn/metrics/_ranking.py:424: UndefinedMetricWarning: Only one class is present in y_true. ROC AUC score is not defined in that case.
  warnings.warn(
/nas/home/jahin/.local/lib/python3.10/site-packages/sklearn/metrics/_ranking.py:1046: UserWarning: No positive class found in y_true, recall is set to one for all thresholds.
  warnings.warn(
AUROC test all: 0.9220592694014769, AUPR test all: 0.7477620026450726, AUROC test unknown: nan, AUPR test unknown: 0.0
Epoch: 347, Best AUROC test all: 0.9239494852061466, AUPR test all: 0.7477620026450726, AUROC test unknown: 0.0, AUPR test unknown: 0.0
pseudo_counter: Counter({0: 34248, -1: 3991, 1: 1118})
max_probs: 0.9935916066169739， num of >0.5: 175
/nas/home/jahin/.local/lib/python3.10/site-packages/sklearn/metrics/_ranking.py:424: UndefinedMetricWarning: Only one class is present in y_true. ROC AUC score is not defined in that case.
  warnings.warn(
/nas/home/jahin/.local/lib/python3.10/site-packages/sklearn/metrics/_ranking.py:1046: UserWarning: No positive class found in y_true, recall is set to one for all thresholds.
  warnings.warn(
AUROC test all: 0.9178670329432705, AUPR test all: 0.7450765193712156, AUROC test unknown: nan, AUPR test unknown: 0.0
Epoch: 348, Best AUROC test all: 0.9239494852061466, AUPR test all: 0.7477620026450726, AUROC test unknown: 0.0, AUPR test unknown: 0.0
pseudo_counter: Counter({0: 34249, -1: 3991, 1: 1117})
max_probs: 0.9806615114212036， num of >0.5: 246
/nas/home/jahin/.local/lib/python3.10/site-packages/sklearn/metrics/_ranking.py:424: UndefinedMetricWarning: Only one class is present in y_true. ROC AUC score is not defined in that case.
  warnings.warn(
/nas/home/jahin/.local/lib/python3.10/site-packages/sklearn/metrics/_ranking.py:1046: UserWarning: No positive class found in y_true, recall is set to one for all thresholds.
  warnings.warn(
AUROC test all: 0.9211039041702413, AUPR test all: 0.7376244903603398, AUROC test unknown: nan, AUPR test unknown: 0.0
Epoch: 349, Best AUROC test all: 0.9239494852061466, AUPR test all: 0.7477620026450726, AUROC test unknown: 0.0, AUPR test unknown: 0.0
pseudo_counter: Counter({0: 34248, -1: 3990, 1: 1119})
max_probs: 0.9910287857055664， num of >0.5: 308
/nas/home/jahin/.local/lib/python3.10/site-packages/sklearn/metrics/_ranking.py:424: UndefinedMetricWarning: Only one class is present in y_true. ROC AUC score is not defined in that case.
  warnings.warn(
/nas/home/jahin/.local/lib/python3.10/site-packages/sklearn/metrics/_ranking.py:1046: UserWarning: No positive class found in y_true, recall is set to one for all thresholds.
  warnings.warn(
AUROC test all: 0.9216813461900838, AUPR test all: 0.7397760915124061, AUROC test unknown: nan, AUPR test unknown: 0.0
Epoch: 350, Best AUROC test all: 0.9239494852061466, AUPR test all: 0.7477620026450726, AUROC test unknown: 0.0, AUPR test unknown: 0.0
pseudo_counter: Counter({0: 34246, -1: 3989, 1: 1122})
max_probs: 0.9999955892562866， num of >0.5: 386
/nas/home/jahin/.local/lib/python3.10/site-packages/sklearn/metrics/_ranking.py:424: UndefinedMetricWarning: Only one class is present in y_true. ROC AUC score is not defined in that case.
  warnings.warn(
/nas/home/jahin/.local/lib/python3.10/site-packages/sklearn/metrics/_ranking.py:1046: UserWarning: No positive class found in y_true, recall is set to one for all thresholds.
  warnings.warn(
AUROC test all: 0.9188876392228033, AUPR test all: 0.7311330895110244, AUROC test unknown: nan, AUPR test unknown: 0.0
Epoch: 351, Best AUROC test all: 0.9239494852061466, AUPR test all: 0.7477620026450726, AUROC test unknown: 0.0, AUPR test unknown: 0.0
pseudo_counter: Counter({0: 34243, -1: 3989, 1: 1125})
max_probs: 0.9995495676994324， num of >0.5: 235
/nas/home/jahin/.local/lib/python3.10/site-packages/sklearn/metrics/_ranking.py:424: UndefinedMetricWarning: Only one class is present in y_true. ROC AUC score is not defined in that case.
  warnings.warn(
/nas/home/jahin/.local/lib/python3.10/site-packages/sklearn/metrics/_ranking.py:1046: UserWarning: No positive class found in y_true, recall is set to one for all thresholds.
  warnings.warn(
AUROC test all: 0.920225035526425, AUPR test all: 0.7464827006547926, AUROC test unknown: nan, AUPR test unknown: 0.0
Epoch: 352, Best AUROC test all: 0.9239494852061466, AUPR test all: 0.7477620026450726, AUROC test unknown: 0.0, AUPR test unknown: 0.0
pseudo_counter: Counter({0: 34245, -1: 3988, 1: 1124})
max_probs: 0.9996077418327332， num of >0.5: 227
/nas/home/jahin/.local/lib/python3.10/site-packages/sklearn/metrics/_ranking.py:424: UndefinedMetricWarning: Only one class is present in y_true. ROC AUC score is not defined in that case.
  warnings.warn(
/nas/home/jahin/.local/lib/python3.10/site-packages/sklearn/metrics/_ranking.py:1046: UserWarning: No positive class found in y_true, recall is set to one for all thresholds.
  warnings.warn(
AUROC test all: 0.9162700362563098, AUPR test all: 0.7319472039411684, AUROC test unknown: nan, AUPR test unknown: 0.0
Epoch: 353, Best AUROC test all: 0.9239494852061466, AUPR test all: 0.7477620026450726, AUROC test unknown: 0.0, AUPR test unknown: 0.0
pseudo_counter: Counter({0: 34245, -1: 3988, 1: 1124})
max_probs: 0.9999922513961792， num of >0.5: 232
/nas/home/jahin/.local/lib/python3.10/site-packages/sklearn/metrics/_ranking.py:424: UndefinedMetricWarning: Only one class is present in y_true. ROC AUC score is not defined in that case.
  warnings.warn(
/nas/home/jahin/.local/lib/python3.10/site-packages/sklearn/metrics/_ranking.py:1046: UserWarning: No positive class found in y_true, recall is set to one for all thresholds.
  warnings.warn(
AUROC test all: 0.9209965328995958, AUPR test all: 0.7389135984773847, AUROC test unknown: nan, AUPR test unknown: 0.0
Epoch: 354, Best AUROC test all: 0.9239494852061466, AUPR test all: 0.7477620026450726, AUROC test unknown: 0.0, AUPR test unknown: 0.0
pseudo_counter: Counter({0: 34245, -1: 3987, 1: 1125})
max_probs: 0.9981008172035217， num of >0.5: 334
/nas/home/jahin/.local/lib/python3.10/site-packages/sklearn/metrics/_ranking.py:424: UndefinedMetricWarning: Only one class is present in y_true. ROC AUC score is not defined in that case.
  warnings.warn(
/nas/home/jahin/.local/lib/python3.10/site-packages/sklearn/metrics/_ranking.py:1046: UserWarning: No positive class found in y_true, recall is set to one for all thresholds.
  warnings.warn(
AUROC test all: 0.9255176282774897, AUPR test all: 0.7431663044775723, AUROC test unknown: nan, AUPR test unknown: 0.0
Epoch: 355, Best AUROC test all: 0.9255176282774897, AUPR test all: 0.7477620026450726, AUROC test unknown: 0.0, AUPR test unknown: 0.0
pseudo_counter: Counter({0: 34242, -1: 3987, 1: 1128})
max_probs: 0.9992595314979553， num of >0.5: 465
/nas/home/jahin/.local/lib/python3.10/site-packages/sklearn/metrics/_ranking.py:424: UndefinedMetricWarning: Only one class is present in y_true. ROC AUC score is not defined in that case.
  warnings.warn(
/nas/home/jahin/.local/lib/python3.10/site-packages/sklearn/metrics/_ranking.py:1046: UserWarning: No positive class found in y_true, recall is set to one for all thresholds.
  warnings.warn(
AUROC test all: 0.9233449395194696, AUPR test all: 0.7526058248825894, AUROC test unknown: nan, AUPR test unknown: 0.0
Epoch: 356, Best AUROC test all: 0.9255176282774897, AUPR test all: 0.7526058248825894, AUROC test unknown: 0.0, AUPR test unknown: 0.0
pseudo_counter: Counter({0: 34238, -1: 3987, 1: 1132})
max_probs: 0.9999957084655762， num of >0.5: 398
/nas/home/jahin/.local/lib/python3.10/site-packages/sklearn/metrics/_ranking.py:424: UndefinedMetricWarning: Only one class is present in y_true. ROC AUC score is not defined in that case.
  warnings.warn(
/nas/home/jahin/.local/lib/python3.10/site-packages/sklearn/metrics/_ranking.py:1046: UserWarning: No positive class found in y_true, recall is set to one for all thresholds.
  warnings.warn(
AUROC test all: 0.9238587918511342, AUPR test all: 0.7528812133478876, AUROC test unknown: nan, AUPR test unknown: 0.0
Epoch: 357, Best AUROC test all: 0.9255176282774897, AUPR test all: 0.7528812133478876, AUROC test unknown: 0.0, AUPR test unknown: 0.0
pseudo_counter: Counter({0: 34237, -1: 3987, 1: 1133})
max_probs: 0.9871982932090759， num of >0.5: 269
/nas/home/jahin/.local/lib/python3.10/site-packages/sklearn/metrics/_ranking.py:424: UndefinedMetricWarning: Only one class is present in y_true. ROC AUC score is not defined in that case.
  warnings.warn(
/nas/home/jahin/.local/lib/python3.10/site-packages/sklearn/metrics/_ranking.py:1046: UserWarning: No positive class found in y_true, recall is set to one for all thresholds.
  warnings.warn(
AUROC test all: 0.9229805968965209, AUPR test all: 0.7486145949102738, AUROC test unknown: nan, AUPR test unknown: 0.0
Epoch: 358, Best AUROC test all: 0.9255176282774897, AUPR test all: 0.7528812133478876, AUROC test unknown: 0.0, AUPR test unknown: 0.0
pseudo_counter: Counter({0: 34240, -1: 3987, 1: 1130})
max_probs: 0.997326135635376， num of >0.5: 308
/nas/home/jahin/.local/lib/python3.10/site-packages/sklearn/metrics/_ranking.py:424: UndefinedMetricWarning: Only one class is present in y_true. ROC AUC score is not defined in that case.
  warnings.warn(
/nas/home/jahin/.local/lib/python3.10/site-packages/sklearn/metrics/_ranking.py:1046: UserWarning: No positive class found in y_true, recall is set to one for all thresholds.
  warnings.warn(
AUROC test all: 0.922060419602555, AUPR test all: 0.7507586436212874, AUROC test unknown: nan, AUPR test unknown: 0.0
Epoch: 359, Best AUROC test all: 0.9255176282774897, AUPR test all: 0.7528812133478876, AUROC test unknown: 0.0, AUPR test unknown: 0.0
pseudo_counter: Counter({0: 34236, -1: 3987, 1: 1134})
max_probs: 0.9900147914886475， num of >0.5: 304
/nas/home/jahin/.local/lib/python3.10/site-packages/sklearn/metrics/_ranking.py:424: UndefinedMetricWarning: Only one class is present in y_true. ROC AUC score is not defined in that case.
  warnings.warn(
/nas/home/jahin/.local/lib/python3.10/site-packages/sklearn/metrics/_ranking.py:1046: UserWarning: No positive class found in y_true, recall is set to one for all thresholds.
  warnings.warn(
AUROC test all: 0.9245569063955189, AUPR test all: 0.7469648297730618, AUROC test unknown: nan, AUPR test unknown: 0.0
Epoch: 360, Best AUROC test all: 0.9255176282774897, AUPR test all: 0.7528812133478876, AUROC test unknown: 0.0, AUPR test unknown: 0.0
pseudo_counter: Counter({0: 34232, -1: 3987, 1: 1138})
max_probs: 1.0， num of >0.5: 373
/nas/home/jahin/.local/lib/python3.10/site-packages/sklearn/metrics/_ranking.py:424: UndefinedMetricWarning: Only one class is present in y_true. ROC AUC score is not defined in that case.
  warnings.warn(
/nas/home/jahin/.local/lib/python3.10/site-packages/sklearn/metrics/_ranking.py:1046: UserWarning: No positive class found in y_true, recall is set to one for all thresholds.
  warnings.warn(
AUROC test all: 0.9255414045769195, AUPR test all: 0.7516028114928468, AUROC test unknown: nan, AUPR test unknown: 0.0
Epoch: 361, Best AUROC test all: 0.9255414045769195, AUPR test all: 0.7528812133478876, AUROC test unknown: 0.0, AUPR test unknown: 0.0
pseudo_counter: Counter({0: 34231, -1: 3987, 1: 1139})
max_probs: 0.9999994039535522， num of >0.5: 356
/nas/home/jahin/.local/lib/python3.10/site-packages/sklearn/metrics/_ranking.py:424: UndefinedMetricWarning: Only one class is present in y_true. ROC AUC score is not defined in that case.
  warnings.warn(
/nas/home/jahin/.local/lib/python3.10/site-packages/sklearn/metrics/_ranking.py:1046: UserWarning: No positive class found in y_true, recall is set to one for all thresholds.
  warnings.warn(
AUROC test all: 0.9221217581829084, AUPR test all: 0.744504834954403, AUROC test unknown: nan, AUPR test unknown: 0.0
Epoch: 362, Best AUROC test all: 0.9255414045769195, AUPR test all: 0.7528812133478876, AUROC test unknown: 0.0, AUPR test unknown: 0.0
pseudo_counter: Counter({0: 34231, -1: 3987, 1: 1139})
max_probs: 0.9979367256164551， num of >0.5: 255
/nas/home/jahin/.local/lib/python3.10/site-packages/sklearn/metrics/_ranking.py:424: UndefinedMetricWarning: Only one class is present in y_true. ROC AUC score is not defined in that case.
  warnings.warn(
/nas/home/jahin/.local/lib/python3.10/site-packages/sklearn/metrics/_ranking.py:1046: UserWarning: No positive class found in y_true, recall is set to one for all thresholds.
  warnings.warn(
AUROC test all: 0.9212985510555527, AUPR test all: 0.7473934481576373, AUROC test unknown: nan, AUPR test unknown: 0.0
Epoch: 363, Best AUROC test all: 0.9255414045769195, AUPR test all: 0.7528812133478876, AUROC test unknown: 0.0, AUPR test unknown: 0.0
pseudo_counter: Counter({0: 34227, -1: 3987, 1: 1143})
max_probs: 0.9977611303329468， num of >0.5: 270
/nas/home/jahin/.local/lib/python3.10/site-packages/sklearn/metrics/_ranking.py:424: UndefinedMetricWarning: Only one class is present in y_true. ROC AUC score is not defined in that case.
  warnings.warn(
/nas/home/jahin/.local/lib/python3.10/site-packages/sklearn/metrics/_ranking.py:1046: UserWarning: No positive class found in y_true, recall is set to one for all thresholds.
  warnings.warn(
AUROC test all: 0.9202445725133096, AUPR test all: 0.740192233038885, AUROC test unknown: nan, AUPR test unknown: 0.0
Epoch: 364, Best AUROC test all: 0.9255414045769195, AUPR test all: 0.7528812133478876, AUROC test unknown: 0.0, AUPR test unknown: 0.0
pseudo_counter: Counter({0: 34227, -1: 3987, 1: 1143})
max_probs: 0.9925779700279236， num of >0.5: 307
/nas/home/jahin/.local/lib/python3.10/site-packages/sklearn/metrics/_ranking.py:424: UndefinedMetricWarning: Only one class is present in y_true. ROC AUC score is not defined in that case.
  warnings.warn(
/nas/home/jahin/.local/lib/python3.10/site-packages/sklearn/metrics/_ranking.py:1046: UserWarning: No positive class found in y_true, recall is set to one for all thresholds.
  warnings.warn(
AUROC test all: 0.9194228360001896, AUPR test all: 0.7536761940161829, AUROC test unknown: nan, AUPR test unknown: 0.0
Epoch: 365, Best AUROC test all: 0.9255414045769195, AUPR test all: 0.7536761940161829, AUROC test unknown: 0.0, AUPR test unknown: 0.0
pseudo_counter: Counter({0: 34229, -1: 3987, 1: 1141})
max_probs: 0.99782395362854， num of >0.5: 361
/nas/home/jahin/.local/lib/python3.10/site-packages/sklearn/metrics/_ranking.py:424: UndefinedMetricWarning: Only one class is present in y_true. ROC AUC score is not defined in that case.
  warnings.warn(
/nas/home/jahin/.local/lib/python3.10/site-packages/sklearn/metrics/_ranking.py:1046: UserWarning: No positive class found in y_true, recall is set to one for all thresholds.
  warnings.warn(
AUROC test all: 0.9256757398471257, AUPR test all: 0.7561247173107138, AUROC test unknown: nan, AUPR test unknown: 0.0
Epoch: 366, Best AUROC test all: 0.9256757398471257, AUPR test all: 0.7561247173107138, AUROC test unknown: 0.0, AUPR test unknown: 0.0
pseudo_counter: Counter({0: 34225, -1: 3984, 1: 1148})
max_probs: 1.0， num of >0.5: 330
/nas/home/jahin/.local/lib/python3.10/site-packages/sklearn/metrics/_ranking.py:424: UndefinedMetricWarning: Only one class is present in y_true. ROC AUC score is not defined in that case.
  warnings.warn(
/nas/home/jahin/.local/lib/python3.10/site-packages/sklearn/metrics/_ranking.py:1046: UserWarning: No positive class found in y_true, recall is set to one for all thresholds.
  warnings.warn(
AUROC test all: 0.9220690050320312, AUPR test all: 0.7492773901237163, AUROC test unknown: nan, AUPR test unknown: 0.0
Epoch: 367, Best AUROC test all: 0.9256757398471257, AUPR test all: 0.7561247173107138, AUROC test unknown: 0.0, AUPR test unknown: 0.0
pseudo_counter: Counter({0: 34224, -1: 3984, 1: 1149})
max_probs: 0.9999288320541382， num of >0.5: 239
/nas/home/jahin/.local/lib/python3.10/site-packages/sklearn/metrics/_ranking.py:424: UndefinedMetricWarning: Only one class is present in y_true. ROC AUC score is not defined in that case.
  warnings.warn(
/nas/home/jahin/.local/lib/python3.10/site-packages/sklearn/metrics/_ranking.py:1046: UserWarning: No positive class found in y_true, recall is set to one for all thresholds.
  warnings.warn(
AUROC test all: 0.9209567523737358, AUPR test all: 0.7416158912968306, AUROC test unknown: nan, AUPR test unknown: 0.0
Epoch: 368, Best AUROC test all: 0.9256757398471257, AUPR test all: 0.7561247173107138, AUROC test unknown: 0.0, AUPR test unknown: 0.0
pseudo_counter: Counter({0: 34225, -1: 3984, 1: 1148})
max_probs: 0.9865965247154236， num of >0.5: 243
/nas/home/jahin/.local/lib/python3.10/site-packages/sklearn/metrics/_ranking.py:424: UndefinedMetricWarning: Only one class is present in y_true. ROC AUC score is not defined in that case.
  warnings.warn(
/nas/home/jahin/.local/lib/python3.10/site-packages/sklearn/metrics/_ranking.py:1046: UserWarning: No positive class found in y_true, recall is set to one for all thresholds.
  warnings.warn(
AUROC test all: 0.9228555371764379, AUPR test all: 0.7549455195103518, AUROC test unknown: nan, AUPR test unknown: 0.0
Epoch: 369, Best AUROC test all: 0.9256757398471257, AUPR test all: 0.7561247173107138, AUROC test unknown: 0.0, AUPR test unknown: 0.0
pseudo_counter: Counter({0: 34225, -1: 3984, 1: 1148})
max_probs: 0.9989975094795227， num of >0.5: 257
/nas/home/jahin/.local/lib/python3.10/site-packages/sklearn/metrics/_ranking.py:424: UndefinedMetricWarning: Only one class is present in y_true. ROC AUC score is not defined in that case.
  warnings.warn(
/nas/home/jahin/.local/lib/python3.10/site-packages/sklearn/metrics/_ranking.py:1046: UserWarning: No positive class found in y_true, recall is set to one for all thresholds.
  warnings.warn(
AUROC test all: 0.9236026174238637, AUPR test all: 0.7464548408766897, AUROC test unknown: nan, AUPR test unknown: 0.0
Epoch: 370, Best AUROC test all: 0.9256757398471257, AUPR test all: 0.7561247173107138, AUROC test unknown: 0.0, AUPR test unknown: 0.0
pseudo_counter: Counter({0: 34223, -1: 3984, 1: 1150})
max_probs: 0.9968997240066528， num of >0.5: 332
/nas/home/jahin/.local/lib/python3.10/site-packages/sklearn/metrics/_ranking.py:424: UndefinedMetricWarning: Only one class is present in y_true. ROC AUC score is not defined in that case.
  warnings.warn(
/nas/home/jahin/.local/lib/python3.10/site-packages/sklearn/metrics/_ranking.py:1046: UserWarning: No positive class found in y_true, recall is set to one for all thresholds.
  warnings.warn(
AUROC test all: 0.9293803074796393, AUPR test all: 0.7559737430320648, AUROC test unknown: nan, AUPR test unknown: 0.0
Epoch: 371, Best AUROC test all: 0.9293803074796393, AUPR test all: 0.7561247173107138, AUROC test unknown: 0.0, AUPR test unknown: 0.0
pseudo_counter: Counter({0: 34222, -1: 3983, 1: 1152})
max_probs: 1.0， num of >0.5: 369
/nas/home/jahin/.local/lib/python3.10/site-packages/sklearn/metrics/_ranking.py:424: UndefinedMetricWarning: Only one class is present in y_true. ROC AUC score is not defined in that case.
  warnings.warn(
/nas/home/jahin/.local/lib/python3.10/site-packages/sklearn/metrics/_ranking.py:1046: UserWarning: No positive class found in y_true, recall is set to one for all thresholds.
  warnings.warn(
AUROC test all: 0.9213956608894367, AUPR test all: 0.7440582178048089, AUROC test unknown: nan, AUPR test unknown: 0.0
Epoch: 372, Best AUROC test all: 0.9293803074796393, AUPR test all: 0.7561247173107138, AUROC test unknown: 0.0, AUPR test unknown: 0.0
pseudo_counter: Counter({0: 34217, -1: 3983, 1: 1157})
max_probs: 0.9977017045021057， num of >0.5: 207
/nas/home/jahin/.local/lib/python3.10/site-packages/sklearn/metrics/_ranking.py:424: UndefinedMetricWarning: Only one class is present in y_true. ROC AUC score is not defined in that case.
  warnings.warn(
/nas/home/jahin/.local/lib/python3.10/site-packages/sklearn/metrics/_ranking.py:1046: UserWarning: No positive class found in y_true, recall is set to one for all thresholds.
  warnings.warn(
AUROC test all: 0.9158221150935891, AUPR test all: 0.743935548641235, AUROC test unknown: nan, AUPR test unknown: 0.0
Epoch: 373, Best AUROC test all: 0.9293803074796393, AUPR test all: 0.7561247173107138, AUROC test unknown: 0.0, AUPR test unknown: 0.0
pseudo_counter: Counter({0: 34215, -1: 3983, 1: 1159})
max_probs: 0.9865182042121887， num of >0.5: 170
/nas/home/jahin/.local/lib/python3.10/site-packages/sklearn/metrics/_ranking.py:424: UndefinedMetricWarning: Only one class is present in y_true. ROC AUC score is not defined in that case.
  warnings.warn(
/nas/home/jahin/.local/lib/python3.10/site-packages/sklearn/metrics/_ranking.py:1046: UserWarning: No positive class found in y_true, recall is set to one for all thresholds.
  warnings.warn(
AUROC test all: 0.9178435606255542, AUPR test all: 0.7363394806618554, AUROC test unknown: nan, AUPR test unknown: 0.0
Epoch: 374, Best AUROC test all: 0.9293803074796393, AUPR test all: 0.7561247173107138, AUROC test unknown: 0.0, AUPR test unknown: 0.0
pseudo_counter: Counter({0: 34219, -1: 3983, 1: 1155})
max_probs: 0.9999998807907104， num of >0.5: 161
/nas/home/jahin/.local/lib/python3.10/site-packages/sklearn/metrics/_ranking.py:424: UndefinedMetricWarning: Only one class is present in y_true. ROC AUC score is not defined in that case.
  warnings.warn(
/nas/home/jahin/.local/lib/python3.10/site-packages/sklearn/metrics/_ranking.py:1046: UserWarning: No positive class found in y_true, recall is set to one for all thresholds.
  warnings.warn(
AUROC test all: 0.9222139139364343, AUPR test all: 0.7500905021844313, AUROC test unknown: nan, AUPR test unknown: 0.0
Epoch: 375, Best AUROC test all: 0.9293803074796393, AUPR test all: 0.7561247173107138, AUROC test unknown: 0.0, AUPR test unknown: 0.0
pseudo_counter: Counter({0: 34221, -1: 3982, 1: 1154})
max_probs: 0.999964714050293， num of >0.5: 254
/nas/home/jahin/.local/lib/python3.10/site-packages/sklearn/metrics/_ranking.py:424: UndefinedMetricWarning: Only one class is present in y_true. ROC AUC score is not defined in that case.
  warnings.warn(
/nas/home/jahin/.local/lib/python3.10/site-packages/sklearn/metrics/_ranking.py:1046: UserWarning: No positive class found in y_true, recall is set to one for all thresholds.
  warnings.warn(
AUROC test all: 0.9240701823778548, AUPR test all: 0.7530494176386485, AUROC test unknown: nan, AUPR test unknown: 0.0
Epoch: 376, Best AUROC test all: 0.9293803074796393, AUPR test all: 0.7561247173107138, AUROC test unknown: 0.0, AUPR test unknown: 0.0
pseudo_counter: Counter({0: 34221, -1: 3981, 1: 1155})
max_probs: 0.9998905658721924， num of >0.5: 396
/nas/home/jahin/.local/lib/python3.10/site-packages/sklearn/metrics/_ranking.py:424: UndefinedMetricWarning: Only one class is present in y_true. ROC AUC score is not defined in that case.
  warnings.warn(
/nas/home/jahin/.local/lib/python3.10/site-packages/sklearn/metrics/_ranking.py:1046: UserWarning: No positive class found in y_true, recall is set to one for all thresholds.
  warnings.warn(
AUROC test all: 0.9273360140248289, AUPR test all: 0.7559056277973399, AUROC test unknown: nan, AUPR test unknown: 0.0
Epoch: 377, Best AUROC test all: 0.9293803074796393, AUPR test all: 0.7561247173107138, AUROC test unknown: 0.0, AUPR test unknown: 0.0
pseudo_counter: Counter({0: 34219, -1: 3981, 1: 1157})
max_probs: 0.9999997615814209， num of >0.5: 383
/nas/home/jahin/.local/lib/python3.10/site-packages/sklearn/metrics/_ranking.py:424: UndefinedMetricWarning: Only one class is present in y_true. ROC AUC score is not defined in that case.
  warnings.warn(
/nas/home/jahin/.local/lib/python3.10/site-packages/sklearn/metrics/_ranking.py:1046: UserWarning: No positive class found in y_true, recall is set to one for all thresholds.
  warnings.warn(
AUROC test all: 0.9223817364894588, AUPR test all: 0.7598540099921473, AUROC test unknown: nan, AUPR test unknown: 0.0
Epoch: 378, Best AUROC test all: 0.9293803074796393, AUPR test all: 0.7598540099921473, AUROC test unknown: 0.0, AUPR test unknown: 0.0
pseudo_counter: Counter({0: 34213, -1: 3981, 1: 1163})
max_probs: 0.9876662492752075， num of >0.5: 247
/nas/home/jahin/.local/lib/python3.10/site-packages/sklearn/metrics/_ranking.py:424: UndefinedMetricWarning: Only one class is present in y_true. ROC AUC score is not defined in that case.
  warnings.warn(
/nas/home/jahin/.local/lib/python3.10/site-packages/sklearn/metrics/_ranking.py:1046: UserWarning: No positive class found in y_true, recall is set to one for all thresholds.
  warnings.warn(
AUROC test all: 0.9231679975150398, AUPR test all: 0.7498636651737451, AUROC test unknown: nan, AUPR test unknown: 0.0
Epoch: 379, Best AUROC test all: 0.9293803074796393, AUPR test all: 0.7598540099921473, AUROC test unknown: 0.0, AUPR test unknown: 0.0
pseudo_counter: Counter({0: 34213, -1: 3981, 1: 1163})
max_probs: 0.9951346516609192， num of >0.5: 237
/nas/home/jahin/.local/lib/python3.10/site-packages/sklearn/metrics/_ranking.py:424: UndefinedMetricWarning: Only one class is present in y_true. ROC AUC score is not defined in that case.
  warnings.warn(
/nas/home/jahin/.local/lib/python3.10/site-packages/sklearn/metrics/_ranking.py:1046: UserWarning: No positive class found in y_true, recall is set to one for all thresholds.
  warnings.warn(
AUROC test all: 0.9211546198220659, AUPR test all: 0.7504126172988738, AUROC test unknown: nan, AUPR test unknown: 0.0
Epoch: 380, Best AUROC test all: 0.9293803074796393, AUPR test all: 0.7598540099921473, AUROC test unknown: 0.0, AUPR test unknown: 0.0
pseudo_counter: Counter({0: 34216, -1: 3980, 1: 1161})
max_probs: 0.9697524309158325， num of >0.5: 223
/nas/home/jahin/.local/lib/python3.10/site-packages/sklearn/metrics/_ranking.py:424: UndefinedMetricWarning: Only one class is present in y_true. ROC AUC score is not defined in that case.
  warnings.warn(
/nas/home/jahin/.local/lib/python3.10/site-packages/sklearn/metrics/_ranking.py:1046: UserWarning: No positive class found in y_true, recall is set to one for all thresholds.
  warnings.warn(
AUROC test all: 0.9257385243945491, AUPR test all: 0.7568986419328303, AUROC test unknown: nan, AUPR test unknown: 0.0
Epoch: 381, Best AUROC test all: 0.9293803074796393, AUPR test all: 0.7598540099921473, AUROC test unknown: 0.0, AUPR test unknown: 0.0
pseudo_counter: Counter({0: 34217, -1: 3980, 1: 1160})
max_probs: 0.9982253909111023， num of >0.5: 350
/nas/home/jahin/.local/lib/python3.10/site-packages/sklearn/metrics/_ranking.py:424: UndefinedMetricWarning: Only one class is present in y_true. ROC AUC score is not defined in that case.
  warnings.warn(
/nas/home/jahin/.local/lib/python3.10/site-packages/sklearn/metrics/_ranking.py:1046: UserWarning: No positive class found in y_true, recall is set to one for all thresholds.
  warnings.warn(
AUROC test all: 0.9268300734334375, AUPR test all: 0.7569183634688653, AUROC test unknown: nan, AUPR test unknown: 0.0
Epoch: 382, Best AUROC test all: 0.9293803074796393, AUPR test all: 0.7598540099921473, AUROC test unknown: 0.0, AUPR test unknown: 0.0
pseudo_counter: Counter({0: 34215, -1: 3980, 1: 1162})
max_probs: 0.9994344115257263， num of >0.5: 395
/nas/home/jahin/.local/lib/python3.10/site-packages/sklearn/metrics/_ranking.py:424: UndefinedMetricWarning: Only one class is present in y_true. ROC AUC score is not defined in that case.
  warnings.warn(
/nas/home/jahin/.local/lib/python3.10/site-packages/sklearn/metrics/_ranking.py:1046: UserWarning: No positive class found in y_true, recall is set to one for all thresholds.
  warnings.warn(
AUROC test all: 0.9269138820134251, AUPR test all: 0.762144174759823, AUROC test unknown: nan, AUPR test unknown: 0.0
Epoch: 383, Best AUROC test all: 0.9293803074796393, AUPR test all: 0.762144174759823, AUROC test unknown: 0.0, AUPR test unknown: 0.0
pseudo_counter: Counter({0: 34211, -1: 3980, 1: 1166})
max_probs: 0.9991956353187561， num of >0.5: 365
/nas/home/jahin/.local/lib/python3.10/site-packages/sklearn/metrics/_ranking.py:424: UndefinedMetricWarning: Only one class is present in y_true. ROC AUC score is not defined in that case.
  warnings.warn(
/nas/home/jahin/.local/lib/python3.10/site-packages/sklearn/metrics/_ranking.py:1046: UserWarning: No positive class found in y_true, recall is set to one for all thresholds.
  warnings.warn(
AUROC test all: 0.9229660550686043, AUPR test all: 0.7549908246920551, AUROC test unknown: nan, AUPR test unknown: 0.0
Epoch: 384, Best AUROC test all: 0.9293803074796393, AUPR test all: 0.762144174759823, AUROC test unknown: 0.0, AUPR test unknown: 0.0
pseudo_counter: Counter({0: 34208, -1: 3980, 1: 1169})
max_probs: 0.9999897480010986， num of >0.5: 301
/nas/home/jahin/.local/lib/python3.10/site-packages/sklearn/metrics/_ranking.py:424: UndefinedMetricWarning: Only one class is present in y_true. ROC AUC score is not defined in that case.
  warnings.warn(
/nas/home/jahin/.local/lib/python3.10/site-packages/sklearn/metrics/_ranking.py:1046: UserWarning: No positive class found in y_true, recall is set to one for all thresholds.
  warnings.warn(
AUROC test all: 0.9224370447298739, AUPR test all: 0.7497776430072379, AUROC test unknown: nan, AUPR test unknown: 0.0
Epoch: 385, Best AUROC test all: 0.9293803074796393, AUPR test all: 0.762144174759823, AUROC test unknown: 0.0, AUPR test unknown: 0.0
pseudo_counter: Counter({0: 34205, -1: 3980, 1: 1172})
max_probs: 0.9885784387588501， num of >0.5: 273
/nas/home/jahin/.local/lib/python3.10/site-packages/sklearn/metrics/_ranking.py:424: UndefinedMetricWarning: Only one class is present in y_true. ROC AUC score is not defined in that case.
  warnings.warn(
/nas/home/jahin/.local/lib/python3.10/site-packages/sklearn/metrics/_ranking.py:1046: UserWarning: No positive class found in y_true, recall is set to one for all thresholds.
  warnings.warn(
AUROC test all: 0.9276414499211324, AUPR test all: 0.7620337374277908, AUROC test unknown: nan, AUPR test unknown: 0.0
Epoch: 386, Best AUROC test all: 0.9293803074796393, AUPR test all: 0.762144174759823, AUROC test unknown: 0.0, AUPR test unknown: 0.0
pseudo_counter: Counter({0: 34204, -1: 3979, 1: 1174})
max_probs: 0.9999644756317139， num of >0.5: 332
/nas/home/jahin/.local/lib/python3.10/site-packages/sklearn/metrics/_ranking.py:424: UndefinedMetricWarning: Only one class is present in y_true. ROC AUC score is not defined in that case.
  warnings.warn(
/nas/home/jahin/.local/lib/python3.10/site-packages/sklearn/metrics/_ranking.py:1046: UserWarning: No positive class found in y_true, recall is set to one for all thresholds.
  warnings.warn(
AUROC test all: 0.9287760082646219, AUPR test all: 0.7712705352800528, AUROC test unknown: nan, AUPR test unknown: 0.0
Epoch: 387, Best AUROC test all: 0.9293803074796393, AUPR test all: 0.7712705352800528, AUROC test unknown: 0.0, AUPR test unknown: 0.0
pseudo_counter: Counter({0: 34204, -1: 3979, 1: 1174})
max_probs: 0.99993896484375， num of >0.5: 328
/nas/home/jahin/.local/lib/python3.10/site-packages/sklearn/metrics/_ranking.py:424: UndefinedMetricWarning: Only one class is present in y_true. ROC AUC score is not defined in that case.
  warnings.warn(
/nas/home/jahin/.local/lib/python3.10/site-packages/sklearn/metrics/_ranking.py:1046: UserWarning: No positive class found in y_true, recall is set to one for all thresholds.
  warnings.warn(
AUROC test all: 0.9273214229025804, AUPR test all: 0.766556298956622, AUROC test unknown: nan, AUPR test unknown: 0.0
Epoch: 388, Best AUROC test all: 0.9293803074796393, AUPR test all: 0.7712705352800528, AUROC test unknown: 0.0, AUPR test unknown: 0.0
pseudo_counter: Counter({0: 34200, -1: 3979, 1: 1178})
max_probs: 0.9996708631515503， num of >0.5: 340
/nas/home/jahin/.local/lib/python3.10/site-packages/sklearn/metrics/_ranking.py:424: UndefinedMetricWarning: Only one class is present in y_true. ROC AUC score is not defined in that case.
  warnings.warn(
/nas/home/jahin/.local/lib/python3.10/site-packages/sklearn/metrics/_ranking.py:1046: UserWarning: No positive class found in y_true, recall is set to one for all thresholds.
  warnings.warn(
AUROC test all: 0.9246495222294762, AUPR test all: 0.7562766555206695, AUROC test unknown: nan, AUPR test unknown: 0.0
Epoch: 389, Best AUROC test all: 0.9293803074796393, AUPR test all: 0.7712705352800528, AUROC test unknown: 0.0, AUPR test unknown: 0.0
pseudo_counter: Counter({0: 34199, -1: 3979, 1: 1179})
max_probs: 0.9989985823631287， num of >0.5: 232
/nas/home/jahin/.local/lib/python3.10/site-packages/sklearn/metrics/_ranking.py:424: UndefinedMetricWarning: Only one class is present in y_true. ROC AUC score is not defined in that case.
  warnings.warn(
/nas/home/jahin/.local/lib/python3.10/site-packages/sklearn/metrics/_ranking.py:1046: UserWarning: No positive class found in y_true, recall is set to one for all thresholds.
  warnings.warn(
AUROC test all: 0.9234870879412852, AUPR test all: 0.7476929540492624, AUROC test unknown: nan, AUPR test unknown: 0.0
Epoch: 390, Best AUROC test all: 0.9293803074796393, AUPR test all: 0.7712705352800528, AUROC test unknown: 0.0, AUPR test unknown: 0.0
pseudo_counter: Counter({0: 34201, -1: 3979, 1: 1177})
max_probs: 0.997769832611084， num of >0.5: 231
/nas/home/jahin/.local/lib/python3.10/site-packages/sklearn/metrics/_ranking.py:424: UndefinedMetricWarning: Only one class is present in y_true. ROC AUC score is not defined in that case.
  warnings.warn(
/nas/home/jahin/.local/lib/python3.10/site-packages/sklearn/metrics/_ranking.py:1046: UserWarning: No positive class found in y_true, recall is set to one for all thresholds.
  warnings.warn(
AUROC test all: 0.925048050471612, AUPR test all: 0.7501836586947797, AUROC test unknown: nan, AUPR test unknown: 0.0
Epoch: 391, Best AUROC test all: 0.9293803074796393, AUPR test all: 0.7712705352800528, AUROC test unknown: 0.0, AUPR test unknown: 0.0
pseudo_counter: Counter({0: 34198, -1: 3978, 1: 1181})
max_probs: 0.9999905824661255， num of >0.5: 263
/nas/home/jahin/.local/lib/python3.10/site-packages/sklearn/metrics/_ranking.py:424: UndefinedMetricWarning: Only one class is present in y_true. ROC AUC score is not defined in that case.
  warnings.warn(
/nas/home/jahin/.local/lib/python3.10/site-packages/sklearn/metrics/_ranking.py:1046: UserWarning: No positive class found in y_true, recall is set to one for all thresholds.
  warnings.warn(
AUROC test all: 0.9274048042650245, AUPR test all: 0.7544037410705638, AUROC test unknown: nan, AUPR test unknown: 0.0
Epoch: 392, Best AUROC test all: 0.9293803074796393, AUPR test all: 0.7712705352800528, AUROC test unknown: 0.0, AUPR test unknown: 0.0
pseudo_counter: Counter({0: 34197, -1: 3978, 1: 1182})
max_probs: 0.9999421834945679， num of >0.5: 334
/nas/home/jahin/.local/lib/python3.10/site-packages/sklearn/metrics/_ranking.py:424: UndefinedMetricWarning: Only one class is present in y_true. ROC AUC score is not defined in that case.
  warnings.warn(
/nas/home/jahin/.local/lib/python3.10/site-packages/sklearn/metrics/_ranking.py:1046: UserWarning: No positive class found in y_true, recall is set to one for all thresholds.
  warnings.warn(
AUROC test all: 0.9289526134244503, AUPR test all: 0.7521553324379553, AUROC test unknown: nan, AUPR test unknown: 0.0
Epoch: 393, Best AUROC test all: 0.9293803074796393, AUPR test all: 0.7712705352800528, AUROC test unknown: 0.0, AUPR test unknown: 0.0
pseudo_counter: Counter({0: 34199, -1: 3977, 1: 1181})
max_probs: 0.9986433386802673， num of >0.5: 362
/nas/home/jahin/.local/lib/python3.10/site-packages/sklearn/metrics/_ranking.py:424: UndefinedMetricWarning: Only one class is present in y_true. ROC AUC score is not defined in that case.
  warnings.warn(
/nas/home/jahin/.local/lib/python3.10/site-packages/sklearn/metrics/_ranking.py:1046: UserWarning: No positive class found in y_true, recall is set to one for all thresholds.
  warnings.warn(
AUROC test all: 0.9265395408568182, AUPR test all: 0.7541470969821665, AUROC test unknown: nan, AUPR test unknown: 0.0
Epoch: 394, Best AUROC test all: 0.9293803074796393, AUPR test all: 0.7712705352800528, AUROC test unknown: 0.0, AUPR test unknown: 0.0
pseudo_counter: Counter({0: 34197, -1: 3977, 1: 1183})
max_probs: 0.9941381216049194， num of >0.5: 227
/nas/home/jahin/.local/lib/python3.10/site-packages/sklearn/metrics/_ranking.py:424: UndefinedMetricWarning: Only one class is present in y_true. ROC AUC score is not defined in that case.
  warnings.warn(
/nas/home/jahin/.local/lib/python3.10/site-packages/sklearn/metrics/_ranking.py:1046: UserWarning: No positive class found in y_true, recall is set to one for all thresholds.
  warnings.warn(
AUROC test all: 0.9245552139567896, AUPR test all: 0.7476307866502246, AUROC test unknown: nan, AUPR test unknown: 0.0
Epoch: 395, Best AUROC test all: 0.9293803074796393, AUPR test all: 0.7712705352800528, AUROC test unknown: 0.0, AUPR test unknown: 0.0
pseudo_counter: Counter({0: 34198, -1: 3976, 1: 1183})
max_probs: 0.9937111139297485， num of >0.5: 182
/nas/home/jahin/.local/lib/python3.10/site-packages/sklearn/metrics/_ranking.py:424: UndefinedMetricWarning: Only one class is present in y_true. ROC AUC score is not defined in that case.
  warnings.warn(
/nas/home/jahin/.local/lib/python3.10/site-packages/sklearn/metrics/_ranking.py:1046: UserWarning: No positive class found in y_true, recall is set to one for all thresholds.
  warnings.warn(
AUROC test all: 0.9257803834980716, AUPR test all: 0.7620397999289485, AUROC test unknown: nan, AUPR test unknown: 0.0
Epoch: 396, Best AUROC test all: 0.9293803074796393, AUPR test all: 0.7712705352800528, AUROC test unknown: 0.0, AUPR test unknown: 0.0
pseudo_counter: Counter({0: 34198, -1: 3976, 1: 1183})
max_probs: 0.9990763664245605， num of >0.5: 189
/nas/home/jahin/.local/lib/python3.10/site-packages/sklearn/metrics/_ranking.py:424: UndefinedMetricWarning: Only one class is present in y_true. ROC AUC score is not defined in that case.
  warnings.warn(
/nas/home/jahin/.local/lib/python3.10/site-packages/sklearn/metrics/_ranking.py:1046: UserWarning: No positive class found in y_true, recall is set to one for all thresholds.
  warnings.warn(
AUROC test all: 0.9236183094528586, AUPR test all: 0.7515075602456704, AUROC test unknown: nan, AUPR test unknown: 0.0
Epoch: 397, Best AUROC test all: 0.9293803074796393, AUPR test all: 0.7712705352800528, AUROC test unknown: 0.0, AUPR test unknown: 0.0
pseudo_counter: Counter({0: 34198, -1: 3975, 1: 1184})
max_probs: 0.9948340654373169， num of >0.5: 281
/nas/home/jahin/.local/lib/python3.10/site-packages/sklearn/metrics/_ranking.py:424: UndefinedMetricWarning: Only one class is present in y_true. ROC AUC score is not defined in that case.
  warnings.warn(
/nas/home/jahin/.local/lib/python3.10/site-packages/sklearn/metrics/_ranking.py:1046: UserWarning: No positive class found in y_true, recall is set to one for all thresholds.
  warnings.warn(
AUROC test all: 0.9265345292664064, AUPR test all: 0.7596814665412526, AUROC test unknown: nan, AUPR test unknown: 0.0
Epoch: 398, Best AUROC test all: 0.9293803074796393, AUPR test all: 0.7712705352800528, AUROC test unknown: 0.0, AUPR test unknown: 0.0
pseudo_counter: Counter({0: 34199, -1: 3975, 1: 1183})
max_probs: 0.9993740916252136， num of >0.5: 354
/nas/home/jahin/.local/lib/python3.10/site-packages/sklearn/metrics/_ranking.py:424: UndefinedMetricWarning: Only one class is present in y_true. ROC AUC score is not defined in that case.
  warnings.warn(
/nas/home/jahin/.local/lib/python3.10/site-packages/sklearn/metrics/_ranking.py:1046: UserWarning: No positive class found in y_true, recall is set to one for all thresholds.
  warnings.warn(
AUROC test all: 0.9255794680168844, AUPR test all: 0.762219831885201, AUROC test unknown: nan, AUPR test unknown: 0.0
Epoch: 399, Best AUROC test all: 0.9293803074796393, AUPR test all: 0.7712705352800528, AUROC test unknown: 0.0, AUPR test unknown: 0.0
  rotation 1: ROC 0.9294 PR 0.7713
[tfinance] params 29039, peak GPU 1.30 GB, 52.8 min total

[tfinance] AGGREGATE  best-over-epochs: ROC 0.9294 PR 0.7713
[tfinance] AGGREGATE  val-selected:     ROC 0.9187 PR 0.7331
row appended to results/results.csv
