# gpu=5 cmd=/usr/bin/python3 -u main.py --dataset computers --seed 42 --method demo --tag E400_demo --rotations 3 --set num_epochs=400 mixup=true energy_loss=false
/nas/home/jahin/.local/lib/python3.10/site-packages/requests/__init__.py:113: RequestsDependencyWarning: urllib3 (1.26.5) or chardet (7.2.0)/charset_normalizer (3.4.4) doesn't match a supported version!
  warnings.warn(
[0.03170448 0.15575916 0.10282141 0.03941245 0.37507272 0.02239674
 0.03541303 0.05948226 0.1567772  0.02116056]
[computers] anomaly classes (rotations): [np.int64(0), np.int64(3), np.int64(5), np.int64(6), np.int64(9)]
[computers] running subset: [np.int64(3)]
==================================================================
DEMO variant: FULL published method (mixup ON)
==================================================================
[computers] DEMO mixup ON, PPR (13752, 13752) from data/computers/ppr_matrix.npy
Normal classes: [np.int64(1), np.int64(2), np.int64(4), np.int64(7), np.int64(8)] in computers
using binary cross entropy loss...
Building multi-layer GraphSage
building the dataloader ...
pseudo_counter: Counter({-1: 13752})
AUROC test all: 0.47514620513434014, AUPR test all: 0.14375290860465295, AUROC test unknown: 0.45459136642673625, AUPR test unknown: 0.10894974903379206
Epoch: 0, Best AUROC test all: 0.47514620513434014, AUPR test all: 0.14375290860465295, AUROC test unknown: 0.45459136642673625, AUPR test unknown: 0.10894974903379206
pseudo_counter: Counter({-1: 13752})
AUROC test all: 0.4622161125920359, AUPR test all: 0.14013187502535035, AUROC test unknown: 0.44420080537028334, AUPR test unknown: 0.1064417938812329
Epoch: 1, Best AUROC test all: 0.47514620513434014, AUPR test all: 0.14375290860465295, AUROC test unknown: 0.45459136642673625, AUPR test unknown: 0.10894974903379206
pseudo_counter: Counter({-1: 13752})
AUROC test all: 0.46167854851920576, AUPR test all: 0.14022260567915154, AUROC test unknown: 0.44484300637130364, AUPR test unknown: 0.1069331870530251
Epoch: 2, Best AUROC test all: 0.47514620513434014, AUPR test all: 0.14375290860465295, AUROC test unknown: 0.45459136642673625, AUPR test unknown: 0.10894974903379206
pseudo_counter: Counter({-1: 13752})
AUROC test all: 0.4612821758634052, AUPR test all: 0.14003536542680828, AUROC test unknown: 0.44478114818363546, AUPR test unknown: 0.10701934690865142
Epoch: 3, Best AUROC test all: 0.47514620513434014, AUPR test all: 0.14375290860465295, AUROC test unknown: 0.45459136642673625, AUPR test unknown: 0.10894974903379206
pseudo_counter: Counter({-1: 13752})
AUROC test all: 0.4589299718094226, AUPR test all: 0.13964795256818585, AUROC test unknown: 0.4411555229046906, AUPR test unknown: 0.10619937993644304
Epoch: 4, Best AUROC test all: 0.47514620513434014, AUPR test all: 0.14375290860465295, AUROC test unknown: 0.45459136642673625, AUPR test unknown: 0.10894974903379206
pseudo_counter: Counter({-1: 13752})
AUROC test all: 0.4633774326391254, AUPR test all: 0.14090030683416777, AUROC test unknown: 0.44695252304867766, AUPR test unknown: 0.10775150387488891
Epoch: 5, Best AUROC test all: 0.47514620513434014, AUPR test all: 0.14375290860465295, AUROC test unknown: 0.45459136642673625, AUPR test unknown: 0.10894974903379206
pseudo_counter: Counter({-1: 13752})
max_probs: 0.18525461852550507， num of >0.5: 0
AUROC test all: 0.46492264838768393, AUPR test all: 0.14188533733578737, AUROC test unknown: 0.44816337689138364, AUPR test unknown: 0.10807788864901018
Epoch: 6, Best AUROC test all: 0.47514620513434014, AUPR test all: 0.14375290860465295, AUROC test unknown: 0.45459136642673625, AUPR test unknown: 0.10894974903379206
pseudo_counter: Counter({-1: 7002, 0: 6750})
max_probs: 0.15908417105674744， num of >0.5: 0
AUROC test all: 0.46831183872142046, AUPR test all: 0.14282336784705965, AUROC test unknown: 0.44974289835716136, AUPR test unknown: 0.10861379327103099
Epoch: 7, Best AUROC test all: 0.47514620513434014, AUPR test all: 0.14375290860465295, AUROC test unknown: 0.45459136642673625, AUPR test unknown: 0.10894974903379206
pseudo_counter: Counter({0: 7212, -1: 6540})
max_probs: 0.144459530711174， num of >0.5: 0
AUROC test all: 0.4724368023914652, AUPR test all: 0.14410941630772503, AUROC test unknown: 0.4528177196769908, AUPR test unknown: 0.10941752841177586
Epoch: 8, Best AUROC test all: 0.47514620513434014, AUPR test all: 0.14410941630772503, AUROC test unknown: 0.45459136642673625, AUPR test unknown: 0.10941752841177586
pseudo_counter: Counter({0: 7503, -1: 6249})
max_probs: 0.1376919448375702， num of >0.5: 0
AUROC test all: 0.4741980024763085, AUPR test all: 0.14484306765603716, AUROC test unknown: 0.4546777705651417, AUPR test unknown: 0.10982635177912428
Epoch: 9, Best AUROC test all: 0.47514620513434014, AUPR test all: 0.14484306765603716, AUROC test unknown: 0.4546777705651417, AUPR test unknown: 0.10982635177912428
pseudo_counter: Counter({0: 7704, -1: 6048})
max_probs: 0.1375267654657364， num of >0.5: 0
AUROC test all: 0.4795309600942964, AUPR test all: 0.146701638847809, AUROC test unknown: 0.4579700373170206, AUPR test unknown: 0.11091702919746613
Epoch: 10, Best AUROC test all: 0.4795309600942964, AUPR test all: 0.146701638847809, AUROC test unknown: 0.4579700373170206, AUPR test unknown: 0.11091702919746613
pseudo_counter: Counter({0: 7882, -1: 5870})
max_probs: 0.14065346121788025， num of >0.5: 0
AUROC test all: 0.4842037629760325, AUPR test all: 0.1480835762503061, AUROC test unknown: 0.4621946316301572, AUPR test unknown: 0.11182991633768305
Epoch: 11, Best AUROC test all: 0.4842037629760325, AUPR test all: 0.1480835762503061, AUROC test unknown: 0.4621946316301572, AUPR test unknown: 0.11182991633768305
pseudo_counter: Counter({0: 8109, -1: 5643})
max_probs: 0.14771288633346558， num of >0.5: 0
AUROC test all: 0.4857001259438449, AUPR test all: 0.14950131364723168, AUROC test unknown: 0.4621362116694499, AUPR test unknown: 0.11226609044868513
Epoch: 12, Best AUROC test all: 0.4857001259438449, AUPR test all: 0.14950131364723168, AUROC test unknown: 0.4621946316301572, AUPR test unknown: 0.11226609044868513
pseudo_counter: Counter({0: 8789, -1: 4963})
max_probs: 0.15543542802333832， num of >0.5: 0
AUROC test all: 0.48977158091084705, AUPR test all: 0.15044895593733665, AUROC test unknown: 0.4648440994285009, AUPR test unknown: 0.11297584272141604
Epoch: 13, Best AUROC test all: 0.48977158091084705, AUPR test all: 0.15044895593733665, AUROC test unknown: 0.4648440994285009, AUPR test unknown: 0.11297584272141604
pseudo_counter: Counter({0: 10503, -1: 3249})
max_probs: 0.16358889639377594， num of >0.5: 0
AUROC test all: 0.49665746063153937, AUPR test all: 0.15285543926708095, AUROC test unknown: 0.47015920964071667, AUPR test unknown: 0.11423357777998133
Epoch: 14, Best AUROC test all: 0.49665746063153937, AUPR test all: 0.15285543926708095, AUROC test unknown: 0.47015920964071667, AUPR test unknown: 0.11423357777998133
pseudo_counter: Counter({0: 12286, -1: 1466})
max_probs: 0.17152553796768188， num of >0.5: 0
AUROC test all: 0.5021861504706013, AUPR test all: 0.1540579430604545, AUROC test unknown: 0.4743551620283889, AUPR test unknown: 0.1148431451695642
Epoch: 15, Best AUROC test all: 0.5021861504706013, AUPR test all: 0.1540579430604545, AUROC test unknown: 0.4743551620283889, AUPR test unknown: 0.1148431451695642
pseudo_counter: Counter({0: 12944, -1: 808})
max_probs: 0.17649704217910767， num of >0.5: 0
AUROC test all: 0.5077124091384149, AUPR test all: 0.15689325828937753, AUROC test unknown: 0.47600440475740585, AUPR test unknown: 0.11577458598866315
Epoch: 16, Best AUROC test all: 0.5077124091384149, AUPR test all: 0.15689325828937753, AUROC test unknown: 0.47600440475740585, AUPR test unknown: 0.11577458598866315
pseudo_counter: Counter({0: 12972, -1: 780})
max_probs: 0.18028521537780762， num of >0.5: 0
AUROC test all: 0.5121862000114494, AUPR test all: 0.15949592090213388, AUROC test unknown: 0.4808149626375351, AUPR test unknown: 0.11770289292921321
Epoch: 17, Best AUROC test all: 0.5121862000114494, AUPR test all: 0.15949592090213388, AUROC test unknown: 0.4808149626375351, AUPR test unknown: 0.11770289292921321
pseudo_counter: Counter({0: 12972, -1: 780})
max_probs: 0.18034736812114716， num of >0.5: 0
AUROC test all: 0.5191624229731555, AUPR test all: 0.1618696973500733, AUROC test unknown: 0.4875311652850774, AUPR test unknown: 0.1193592269191246
Epoch: 18, Best AUROC test all: 0.5191624229731555, AUPR test all: 0.1618696973500733, AUROC test unknown: 0.4875311652850774, AUPR test unknown: 0.1193592269191246
pseudo_counter: Counter({0: 12972, -1: 780})
max_probs: 0.17823196947574615， num of >0.5: 0
AUROC test all: 0.5260803207604777, AUPR test all: 0.16563519107863273, AUROC test unknown: 0.49273054178803105, AUPR test unknown: 0.12145036764771107
Epoch: 19, Best AUROC test all: 0.5260803207604777, AUPR test all: 0.16563519107863273, AUROC test unknown: 0.49273054178803105, AUPR test unknown: 0.12145036764771107
pseudo_counter: Counter({0: 12972, -1: 780})
max_probs: 0.17351898550987244， num of >0.5: 0
AUROC test all: 0.5316701797855725, AUPR test all: 0.16801921745556236, AUROC test unknown: 0.4961413227283665, AUPR test unknown: 0.12227728796665609
Epoch: 20, Best AUROC test all: 0.5316701797855725, AUPR test all: 0.16801921745556236, AUROC test unknown: 0.4961413227283665, AUPR test unknown: 0.12227728796665609
pseudo_counter: Counter({0: 12972, -1: 780})
max_probs: 0.1672024130821228， num of >0.5: 0
AUROC test all: 0.5359766326828681, AUPR test all: 0.16999690145860905, AUROC test unknown: 0.5007710597679849, AUPR test unknown: 0.12383221062391436
Epoch: 21, Best AUROC test all: 0.5359766326828681, AUPR test all: 0.16999690145860905, AUROC test unknown: 0.5007710597679849, AUPR test unknown: 0.12383221062391436
pseudo_counter: Counter({0: 12972, -1: 780})
max_probs: 0.15973298251628876， num of >0.5: 0
AUROC test all: 0.5371294895017438, AUPR test all: 0.17078527475108551, AUROC test unknown: 0.5014638774493929, AUPR test unknown: 0.12456482111752798
Epoch: 22, Best AUROC test all: 0.5371294895017438, AUPR test all: 0.17078527475108551, AUROC test unknown: 0.5014638774493929, AUPR test unknown: 0.12456482111752798
pseudo_counter: Counter({0: 12972, -1: 780})
max_probs: 0.15244022011756897， num of >0.5: 0
AUROC test all: 0.540159623364785, AUPR test all: 0.17196989155176912, AUROC test unknown: 0.5045495815049938, AUPR test unknown: 0.1251575937151451
Epoch: 23, Best AUROC test all: 0.540159623364785, AUPR test all: 0.17196989155176912, AUROC test unknown: 0.5045495815049938, AUPR test unknown: 0.1251575937151451
pseudo_counter: Counter({0: 12972, -1: 780})
max_probs: 0.1445441097021103， num of >0.5: 0
AUROC test all: 0.5432904214788566, AUPR test all: 0.17441693228360805, AUROC test unknown: 0.5068972327714334, AUPR test unknown: 0.12645915559128648
Epoch: 24, Best AUROC test all: 0.5432904214788566, AUPR test all: 0.17441693228360805, AUROC test unknown: 0.5068972327714334, AUPR test unknown: 0.12645915559128648
pseudo_counter: Counter({0: 12972, -1: 780})
max_probs: 0.13734324276447296， num of >0.5: 0
AUROC test all: 0.5453729948800451, AUPR test all: 0.175877225643832, AUROC test unknown: 0.5059323167981126, AUPR test unknown: 0.12673166303656008
Epoch: 25, Best AUROC test all: 0.5453729948800451, AUPR test all: 0.175877225643832, AUROC test unknown: 0.5068972327714334, AUPR test unknown: 0.12673166303656008
pseudo_counter: Counter({0: 12972, -1: 780})
max_probs: 0.1308583915233612， num of >0.5: 0
AUROC test all: 0.5552498344968705, AUPR test all: 0.1807912502889909, AUROC test unknown: 0.5156539483761284, AUPR test unknown: 0.1302586956267871
Epoch: 26, Best AUROC test all: 0.5552498344968705, AUPR test all: 0.1807912502889909, AUROC test unknown: 0.5156539483761284, AUPR test unknown: 0.1302586956267871
pseudo_counter: Counter({0: 12972, -1: 780})
max_probs: 0.12640297412872314， num of >0.5: 0
AUROC test all: 0.5572753900516105, AUPR test all: 0.18180059006081878, AUROC test unknown: 0.5165764695161416, AUPR test unknown: 0.13069785158397024
Epoch: 27, Best AUROC test all: 0.5572753900516105, AUPR test all: 0.18180059006081878, AUROC test unknown: 0.5165764695161416, AUPR test unknown: 0.13069785158397024
pseudo_counter: Counter({0: 12972, -1: 780})
max_probs: 0.1241486668586731， num of >0.5: 0
AUROC test all: 0.5648469747422409, AUPR test all: 0.18637013276771303, AUROC test unknown: 0.5225675650464705, AUPR test unknown: 0.13300081463540753
Epoch: 28, Best AUROC test all: 0.5648469747422409, AUPR test all: 0.18637013276771303, AUROC test unknown: 0.5225675650464705, AUPR test unknown: 0.13300081463540753
pseudo_counter: Counter({0: 12972, -1: 780})
max_probs: 0.1223076730966568， num of >0.5: 0
AUROC test all: 0.5759649272813745, AUPR test all: 0.1941373121844454, AUROC test unknown: 0.5312379662056372, AUPR test unknown: 0.1372511899574992
Epoch: 29, Best AUROC test all: 0.5759649272813745, AUPR test all: 0.1941373121844454, AUROC test unknown: 0.5312379662056372, AUPR test unknown: 0.1372511899574992
pseudo_counter: Counter({0: 12972, -1: 780})
max_probs: 0.12207924574613571， num of >0.5: 0
AUROC test all: 0.5884278450391629, AUPR test all: 0.20277088284900702, AUROC test unknown: 0.5394734167054538, AUPR test unknown: 0.14130950209649487
Epoch: 30, Best AUROC test all: 0.5884278450391629, AUPR test all: 0.20277088284900702, AUROC test unknown: 0.5394734167054538, AUPR test unknown: 0.14130950209649487
pseudo_counter: Counter({0: 12972, -1: 780})
max_probs: 0.12277192622423172， num of >0.5: 0
AUROC test all: 0.5960640392524983, AUPR test all: 0.2098178457894085, AUROC test unknown: 0.5455870327060891, AUPR test unknown: 0.14496524312198286
Epoch: 31, Best AUROC test all: 0.5960640392524983, AUPR test all: 0.2098178457894085, AUROC test unknown: 0.5455870327060891, AUPR test unknown: 0.14496524312198286
pseudo_counter: Counter({0: 12972, -1: 780})
max_probs: 0.12326797842979431， num of >0.5: 0
AUROC test all: 0.6067922704533979, AUPR test all: 0.2202038138358972, AUROC test unknown: 0.5545985358773902, AUPR test unknown: 0.15064770581050857
Epoch: 32, Best AUROC test all: 0.6067922704533979, AUPR test all: 0.2202038138358972, AUROC test unknown: 0.5545985358773902, AUPR test unknown: 0.15064770581050857
pseudo_counter: Counter({0: 12972, -1: 780})
max_probs: 0.12444192171096802， num of >0.5: 0
AUROC test all: 0.6162724851230668, AUPR test all: 0.22961307432920638, AUROC test unknown: 0.5620256741675425, AUPR test unknown: 0.155607358016186
Epoch: 33, Best AUROC test all: 0.6162724851230668, AUPR test all: 0.22961307432920638, AUROC test unknown: 0.5620256741675425, AUPR test unknown: 0.155607358016186
pseudo_counter: Counter({0: 12972, -1: 780})
max_probs: 0.12530308961868286， num of >0.5: 0
AUROC test all: 0.6297413573238253, AUPR test all: 0.24297769019476928, AUROC test unknown: 0.572146797820774, AUPR test unknown: 0.16295595953733355
Epoch: 34, Best AUROC test all: 0.6297413573238253, AUPR test all: 0.24297769019476928, AUROC test unknown: 0.572146797820774, AUPR test unknown: 0.16295595953733355
pseudo_counter: Counter({0: 12972, -1: 780})
max_probs: 0.12566176056861877， num of >0.5: 0
AUROC test all: 0.6354446098456381, AUPR test all: 0.2515132398311028, AUROC test unknown: 0.575994951128145, AUPR test unknown: 0.16681701322460202
Epoch: 35, Best AUROC test all: 0.6354446098456381, AUPR test all: 0.2515132398311028, AUROC test unknown: 0.575994951128145, AUPR test unknown: 0.16681701322460202
pseudo_counter: Counter({0: 12972, -1: 780})
max_probs: 0.12611828744411469， num of >0.5: 0
AUROC test all: 0.6410863720833285, AUPR test all: 0.2595271548462921, AUROC test unknown: 0.5820766962597352, AUPR test unknown: 0.17304183866335185
Epoch: 36, Best AUROC test all: 0.6410863720833285, AUPR test all: 0.2595271548462921, AUROC test unknown: 0.5820766962597352, AUPR test unknown: 0.17304183866335185
pseudo_counter: Counter({0: 12972, -1: 780})
max_probs: 0.12595482170581818， num of >0.5: 0
AUROC test all: 0.6472847119878578, AUPR test all: 0.2675036056621022, AUROC test unknown: 0.5870118973415988, AUPR test unknown: 0.17775748929158247
Epoch: 37, Best AUROC test all: 0.6472847119878578, AUPR test all: 0.2675036056621022, AUROC test unknown: 0.5870118973415988, AUPR test unknown: 0.17775748929158247
pseudo_counter: Counter({0: 12972, -1: 780})
max_probs: 0.1257181465625763， num of >0.5: 0
AUROC test all: 0.6526041834860903, AUPR test all: 0.27354822922439537, AUROC test unknown: 0.592097692764344, AUPR test unknown: 0.18121461954276052
Epoch: 38, Best AUROC test all: 0.6526041834860903, AUPR test all: 0.27354822922439537, AUROC test unknown: 0.592097692764344, AUPR test unknown: 0.18121461954276052
pseudo_counter: Counter({0: 12972, -1: 780})
max_probs: 0.12665775418281555， num of >0.5: 0
AUROC test all: 0.6524082219092382, AUPR test all: 0.2765782509833178, AUROC test unknown: 0.5906196139427219, AUPR test unknown: 0.18242994530175904
Epoch: 39, Best AUROC test all: 0.6526041834860903, AUPR test all: 0.2765782509833178, AUROC test unknown: 0.592097692764344, AUPR test unknown: 0.18242994530175904
pseudo_counter: Counter({0: 12972, -1: 780})
max_probs: 0.12616601586341858， num of >0.5: 0
AUROC test all: 0.6536480504391888, AUPR test all: 0.2823309477949541, AUROC test unknown: 0.5918570766723417, AUPR test unknown: 0.1854637585034445
Epoch: 40, Best AUROC test all: 0.6536480504391888, AUPR test all: 0.2823309477949541, AUROC test unknown: 0.592097692764344, AUPR test unknown: 0.1854637585034445
pseudo_counter: Counter({0: 12972, -1: 780})
max_probs: 0.12649443745613098， num of >0.5: 0
AUROC test all: 0.6574184530117899, AUPR test all: 0.28448363194004295, AUROC test unknown: 0.5965205083361756, AUPR test unknown: 0.18756750234375558
Epoch: 41, Best AUROC test all: 0.6574184530117899, AUPR test all: 0.28448363194004295, AUROC test unknown: 0.5965205083361756, AUPR test unknown: 0.18756750234375558
pseudo_counter: Counter({0: 12972, -1: 780})
max_probs: 0.12738747894763947， num of >0.5: 0
AUROC test all: 0.6627651031697335, AUPR test all: 0.29425020589104517, AUROC test unknown: 0.6010542440995242, AUPR test unknown: 0.19231223427174732
Epoch: 42, Best AUROC test all: 0.6627651031697335, AUPR test all: 0.29425020589104517, AUROC test unknown: 0.6010542440995242, AUPR test unknown: 0.19231223427174732
pseudo_counter: Counter({0: 12972, -1: 780})
max_probs: 0.12904039025306702， num of >0.5: 0
AUROC test all: 0.665499505692427, AUPR test all: 0.3038319284778697, AUROC test unknown: 0.6016780580607108, AUPR test unknown: 0.19738444796817362
Epoch: 43, Best AUROC test all: 0.665499505692427, AUPR test all: 0.3038319284778697, AUROC test unknown: 0.6016780580607108, AUPR test unknown: 0.19738444796817362
pseudo_counter: Counter({0: 12972, -1: 780})
max_probs: 0.13030263781547546， num of >0.5: 0
AUROC test all: 0.6729921919953732, AUPR test all: 0.316096106035293, AUROC test unknown: 0.6080619187004627, AUPR test unknown: 0.20438017281213325
Epoch: 44, Best AUROC test all: 0.6729921919953732, AUPR test all: 0.316096106035293, AUROC test unknown: 0.6080619187004627, AUPR test unknown: 0.20438017281213325
pseudo_counter: Counter({0: 12972, -1: 780})
max_probs: 0.13230912387371063， num of >0.5: 0
AUROC test all: 0.6818796825275667, AUPR test all: 0.3372087204358575, AUROC test unknown: 0.6169288967489082, AUPR test unknown: 0.21672854677998696
Epoch: 45, Best AUROC test all: 0.6818796825275667, AUPR test all: 0.3372087204358575, AUROC test unknown: 0.6169288967489082, AUPR test unknown: 0.21672854677998696
pseudo_counter: Counter({0: 12972, -1: 780})
max_probs: 0.13804678618907928， num of >0.5: 0
AUROC test all: 0.6918430810150662, AUPR test all: 0.3680903325963783, AUROC test unknown: 0.625480155869478, AUPR test unknown: 0.23219977216367252
Epoch: 46, Best AUROC test all: 0.6918430810150662, AUPR test all: 0.3680903325963783, AUROC test unknown: 0.625480155869478, AUPR test unknown: 0.23219977216367252
pseudo_counter: Counter({0: 12972, -1: 780})
max_probs: 0.14112155139446259， num of >0.5: 0
AUROC test all: 0.696825537132884, AUPR test all: 0.38725236748275915, AUROC test unknown: 0.6300104534058658, AUPR test unknown: 0.24085967372678518
Epoch: 47, Best AUROC test all: 0.696825537132884, AUPR test all: 0.38725236748275915, AUROC test unknown: 0.6300104534058658, AUPR test unknown: 0.24085967372678518
pseudo_counter: Counter({0: 12972, -1: 780})
max_probs: 0.1438635140657425， num of >0.5: 0
AUROC test all: 0.6969350774525288, AUPR test all: 0.3916933161951176, AUROC test unknown: 0.6294871851600623, AUPR test unknown: 0.24299189596243864
Epoch: 48, Best AUROC test all: 0.6969350774525288, AUPR test all: 0.3916933161951176, AUROC test unknown: 0.6300104534058658, AUPR test unknown: 0.24299189596243864
pseudo_counter: Counter({0: 12972, -1: 780})
max_probs: 0.14780360460281372， num of >0.5: 0
AUROC test all: 0.7009307991415855, AUPR test all: 0.39847660128969, AUROC test unknown: 0.6332058219527025, AUPR test unknown: 0.2455469101525921
Epoch: 49, Best AUROC test all: 0.7009307991415855, AUPR test all: 0.39847660128969, AUROC test unknown: 0.6332058219527025, AUPR test unknown: 0.2455469101525921
pseudo_counter: Counter({0: 12972, -1: 780})
max_probs: 0.1510419249534607， num of >0.5: 0
AUROC test all: 0.6971989283397138, AUPR test all: 0.39051396089760804, AUROC test unknown: 0.6293380558028421, AUPR test unknown: 0.24214232097967384
Epoch: 50, Best AUROC test all: 0.7009307991415855, AUPR test all: 0.39847660128969, AUROC test unknown: 0.6332058219527025, AUPR test unknown: 0.2455469101525921
pseudo_counter: Counter({0: 12972, -1: 780})
max_probs: 0.15083231031894684， num of >0.5: 0
AUROC test all: 0.6968960410990875, AUPR test all: 0.3956232359280108, AUROC test unknown: 0.6282327405790189, AUPR test unknown: 0.24137171662143903
Epoch: 51, Best AUROC test all: 0.7009307991415855, AUPR test all: 0.39847660128969, AUROC test unknown: 0.6332058219527025, AUPR test unknown: 0.2455469101525921
pseudo_counter: Counter({0: 12972, -1: 780})
max_probs: 0.1551421880722046， num of >0.5: 0
AUROC test all: 0.70114731099616, AUPR test all: 0.4003492456148531, AUROC test unknown: 0.6332395464745438, AUPR test unknown: 0.24749398314757454
Epoch: 52, Best AUROC test all: 0.70114731099616, AUPR test all: 0.4003492456148531, AUROC test unknown: 0.6332395464745438, AUPR test unknown: 0.24749398314757454
pseudo_counter: Counter({0: 12972, -1: 780})
max_probs: 0.1589319407939911， num of >0.5: 0
AUROC test all: 0.7075718874402575, AUPR test all: 0.42255124124459054, AUROC test unknown: 0.6393477510049189, AUPR test unknown: 0.26093053144684814
Epoch: 53, Best AUROC test all: 0.7075718874402575, AUPR test all: 0.42255124124459054, AUROC test unknown: 0.6393477510049189, AUPR test unknown: 0.26093053144684814
pseudo_counter: Counter({0: 12972, -1: 780})
max_probs: 0.16787558794021606， num of >0.5: 0
AUROC test all: 0.7105780765600597, AUPR test all: 0.44278150073010547, AUROC test unknown: 0.6425016814424719, AUPR test unknown: 0.27910591499274146
Epoch: 54, Best AUROC test all: 0.7105780765600597, AUPR test all: 0.44278150073010547, AUROC test unknown: 0.6425016814424719, AUPR test unknown: 0.27910591499274146
pseudo_counter: Counter({0: 12972, -1: 780})
max_probs: 0.17065756022930145， num of >0.5: 0
AUROC test all: 0.7141011418615029, AUPR test all: 0.4672912625510652, AUROC test unknown: 0.6443149425463306, AUPR test unknown: 0.300540556088975
Epoch: 55, Best AUROC test all: 0.7141011418615029, AUPR test all: 0.4672912625510652, AUROC test unknown: 0.6443149425463306, AUPR test unknown: 0.300540556088975
pseudo_counter: Counter({0: 12972, -1: 780})
max_probs: 0.1799456775188446， num of >0.5: 0
AUROC test all: 0.7223324913835621, AUPR test all: 0.4893547223182109, AUROC test unknown: 0.6524657528676606, AUPR test unknown: 0.3228947574320709
Epoch: 56, Best AUROC test all: 0.7223324913835621, AUPR test all: 0.4893547223182109, AUROC test unknown: 0.6524657528676606, AUPR test unknown: 0.3228947574320709
pseudo_counter: Counter({0: 12972, -1: 780})
max_probs: 0.1843443065881729， num of >0.5: 0
AUROC test all: 0.7216500203300962, AUPR test all: 0.4932575489195196, AUROC test unknown: 0.6519588087255146, AUPR test unknown: 0.33316059061084924
Epoch: 57, Best AUROC test all: 0.7223324913835621, AUPR test all: 0.4932575489195196, AUROC test unknown: 0.6524657528676606, AUPR test unknown: 0.33316059061084924
pseudo_counter: Counter({0: 12972, -1: 780})
max_probs: 0.19111481308937073， num of >0.5: 0
AUROC test all: 0.7219798339390773, AUPR test all: 0.4975729397486208, AUROC test unknown: 0.6520425220776027, AUPR test unknown: 0.3350095327239
Epoch: 58, Best AUROC test all: 0.7223324913835621, AUPR test all: 0.4975729397486208, AUROC test unknown: 0.6524657528676606, AUPR test unknown: 0.3350095327239
pseudo_counter: Counter({0: 12972, -1: 780})
max_probs: 0.19628290832042694， num of >0.5: 0
AUROC test all: 0.7221287317102528, AUPR test all: 0.49739393409124116, AUROC test unknown: 0.6519708275710643, AUPR test unknown: 0.3334262785566261
Epoch: 59, Best AUROC test all: 0.7223324913835621, AUPR test all: 0.4975729397486208, AUROC test unknown: 0.6524657528676606, AUPR test unknown: 0.3350095327239
pseudo_counter: Counter({0: 12972, -1: 780})
max_probs: 0.20538784563541412， num of >0.5: 0
AUROC test all: 0.7241129114826144, AUPR test all: 0.4948076166869698, AUROC test unknown: 0.654869282796619, AUPR test unknown: 0.334491067835611
Epoch: 60, Best AUROC test all: 0.7241129114826144, AUPR test all: 0.4975729397486208, AUROC test unknown: 0.654869282796619, AUPR test unknown: 0.3350095327239
pseudo_counter: Counter({0: 12972, -1: 780})
max_probs: 0.21384476125240326， num of >0.5: 0
AUROC test all: 0.7251671682524631, AUPR test all: 0.5065472190917296, AUROC test unknown: 0.6556554408656056, AUPR test unknown: 0.3412758999640155
Epoch: 61, Best AUROC test all: 0.7251671682524631, AUPR test all: 0.5065472190917296, AUROC test unknown: 0.6556554408656056, AUPR test unknown: 0.3412758999640155
pseudo_counter: Counter({0: 12972, -1: 780})
max_probs: 0.21933574974536896， num of >0.5: 0
AUROC test all: 0.7254008588548211, AUPR test all: 0.508193472123776, AUROC test unknown: 0.655514473560214, AUPR test unknown: 0.346842776562519
Epoch: 62, Best AUROC test all: 0.7254008588548211, AUPR test all: 0.508193472123776, AUROC test unknown: 0.6556554408656056, AUPR test unknown: 0.346842776562519
pseudo_counter: Counter({0: 12972, -1: 780})
max_probs: 0.22637122869491577， num of >0.5: 0
AUROC test all: 0.7276172384169828, AUPR test all: 0.5180090363468206, AUROC test unknown: 0.6571328619394614, AUPR test unknown: 0.35630872171883204
Epoch: 63, Best AUROC test all: 0.7276172384169828, AUPR test all: 0.5180090363468206, AUROC test unknown: 0.6571328619394614, AUPR test unknown: 0.35630872171883204
pseudo_counter: Counter({0: 12972, -1: 780})
max_probs: 0.23567986488342285， num of >0.5: 0
AUROC test all: 0.7335797547104173, AUPR test all: 0.5341292551985722, AUROC test unknown: 0.6640494384747523, AUPR test unknown: 0.3763303331332004
Epoch: 64, Best AUROC test all: 0.7335797547104173, AUPR test all: 0.5341292551985722, AUROC test unknown: 0.6640494384747523, AUPR test unknown: 0.3763303331332004
pseudo_counter: Counter({0: 12972, -1: 780})
max_probs: 0.24741436541080475， num of >0.5: 0
AUROC test all: 0.7360662007013516, AUPR test all: 0.5439062554885057, AUROC test unknown: 0.6674128017806548, AUPR test unknown: 0.3851695922443127
Epoch: 65, Best AUROC test all: 0.7360662007013516, AUPR test all: 0.5439062554885057, AUROC test unknown: 0.6674128017806548, AUPR test unknown: 0.3851695922443127
pseudo_counter: Counter({0: 12972, -1: 780})
max_probs: 0.25717324018478394， num of >0.5: 0
AUROC test all: 0.7373934825895112, AUPR test all: 0.5451191345886582, AUROC test unknown: 0.6680487242802685, AUPR test unknown: 0.38707895808054654
Epoch: 66, Best AUROC test all: 0.7373934825895112, AUPR test all: 0.5451191345886582, AUROC test unknown: 0.6680487242802685, AUPR test unknown: 0.38707895808054654
pseudo_counter: Counter({0: 12972, -1: 780})
max_probs: 0.26306864619255066， num of >0.5: 0
AUROC test all: 0.7395395646056695, AUPR test all: 0.5517862803001385, AUROC test unknown: 0.6704791022771466, AUPR test unknown: 0.39126831625199854
Epoch: 67, Best AUROC test all: 0.7395395646056695, AUPR test all: 0.5517862803001385, AUROC test unknown: 0.6704791022771466, AUPR test unknown: 0.39126831625199854
pseudo_counter: Counter({0: 12972, -1: 780})
max_probs: 0.27517732977867126， num of >0.5: 0
AUROC test all: 0.7393000713021243, AUPR test all: 0.5505019625374249, AUROC test unknown: 0.6704960243333187, AUPR test unknown: 0.3927102795956891
Epoch: 68, Best AUROC test all: 0.7395395646056695, AUPR test all: 0.5517862803001385, AUROC test unknown: 0.6704960243333187, AUPR test unknown: 0.3927102795956891
pseudo_counter: Counter({0: 12972, -1: 780})
max_probs: 0.2902003824710846， num of >0.5: 0
AUROC test all: 0.7390627568784716, AUPR test all: 0.5507776894917981, AUROC test unknown: 0.669619216663071, AUPR test unknown: 0.3902592236305641
Epoch: 69, Best AUROC test all: 0.7395395646056695, AUPR test all: 0.5517862803001385, AUROC test unknown: 0.6704960243333187, AUPR test unknown: 0.3927102795956891
pseudo_counter: Counter({0: 12972, -1: 780})
max_probs: 0.3006509244441986， num of >0.5: 0
AUROC test all: 0.7410680832535788, AUPR test all: 0.553637129919189, AUROC test unknown: 0.6719994563415734, AUPR test unknown: 0.39392950036385727
Epoch: 70, Best AUROC test all: 0.7410680832535788, AUPR test all: 0.553637129919189, AUROC test unknown: 0.6719994563415734, AUPR test unknown: 0.39392950036385727
pseudo_counter: Counter({0: 12972, -1: 780})
max_probs: 0.31736016273498535， num of >0.5: 0
AUROC test all: 0.740250613389093, AUPR test all: 0.5611741404455983, AUROC test unknown: 0.6707050087372821, AUPR test unknown: 0.40075726689342606
Epoch: 71, Best AUROC test all: 0.7410680832535788, AUPR test all: 0.5611741404455983, AUROC test unknown: 0.6719994563415734, AUPR test unknown: 0.40075726689342606
pseudo_counter: Counter({0: 12972, -1: 780})
max_probs: 0.33045852184295654， num of >0.5: 0
AUROC test all: 0.7460203790865696, AUPR test all: 0.5728232538746394, AUROC test unknown: 0.6769615353889824, AUPR test unknown: 0.4128502182757121
Epoch: 72, Best AUROC test all: 0.7460203790865696, AUPR test all: 0.5728232538746394, AUROC test unknown: 0.6769615353889824, AUPR test unknown: 0.4128502182757121
pseudo_counter: Counter({0: 12972, -1: 780})
max_probs: 0.3545638620853424， num of >0.5: 0
AUROC test all: 0.7512463422340501, AUPR test all: 0.5861491084694919, AUROC test unknown: 0.6827333019368399, AUPR test unknown: 0.42710281375486925
Epoch: 73, Best AUROC test all: 0.7512463422340501, AUPR test all: 0.5861491084694919, AUROC test unknown: 0.6827333019368399, AUPR test unknown: 0.42710281375486925
pseudo_counter: Counter({0: 12972, -1: 780})
max_probs: 0.3834865987300873， num of >0.5: 0
AUROC test all: 0.752733943811137, AUPR test all: 0.5904469859027421, AUROC test unknown: 0.6843386848488879, AUPR test unknown: 0.4316132044265619
Epoch: 74, Best AUROC test all: 0.752733943811137, AUPR test all: 0.5904469859027421, AUROC test unknown: 0.6843386848488879, AUPR test unknown: 0.4316132044265619
pseudo_counter: Counter({0: 12972, -1: 780})
max_probs: 0.40900757908821106， num of >0.5: 0
AUROC test all: 0.7533937315781438, AUPR test all: 0.593503066780493, AUROC test unknown: 0.6850242075096139, AUPR test unknown: 0.4332674482508268
Epoch: 75, Best AUROC test all: 0.7533937315781438, AUPR test all: 0.593503066780493, AUROC test unknown: 0.6850242075096139, AUPR test unknown: 0.4332674482508268
pseudo_counter: Counter({0: 12972, -1: 780})
max_probs: 0.4306974411010742， num of >0.5: 0
AUROC test all: 0.7544936301478445, AUPR test all: 0.5913205923291407, AUROC test unknown: 0.6863014340814756, AUPR test unknown: 0.4318051083115739
Epoch: 76, Best AUROC test all: 0.7544936301478445, AUPR test all: 0.593503066780493, AUROC test unknown: 0.6863014340814756, AUPR test unknown: 0.4332674482508268
pseudo_counter: Counter({0: 12972, -1: 780})
max_probs: 0.4436624348163605， num of >0.5: 0
AUROC test all: 0.7517267737825428, AUPR test all: 0.591628654778841, AUROC test unknown: 0.6828091522133571, AUPR test unknown: 0.4323568829721691
Epoch: 77, Best AUROC test all: 0.7544936301478445, AUPR test all: 0.593503066780493, AUROC test unknown: 0.6863014340814756, AUPR test unknown: 0.4332674482508268
pseudo_counter: Counter({0: 12972, -1: 780})
max_probs: 0.45548054575920105， num of >0.5: 0
AUROC test all: 0.7518818870953063, AUPR test all: 0.5909601461029635, AUROC test unknown: 0.683194861483104, AUPR test unknown: 0.4314874829664745
Epoch: 78, Best AUROC test all: 0.7544936301478445, AUPR test all: 0.593503066780493, AUROC test unknown: 0.6863014340814756, AUPR test unknown: 0.4332674482508268
pseudo_counter: Counter({0: 12972, -1: 780})
max_probs: 0.4638642370700836， num of >0.5: 0
AUROC test all: 0.7562929491630165, AUPR test all: 0.5998738799280287, AUROC test unknown: 0.6888681153541291, AUPR test unknown: 0.43898574412534963
Epoch: 79, Best AUROC test all: 0.7562929491630165, AUPR test all: 0.5998738799280287, AUROC test unknown: 0.6888681153541291, AUPR test unknown: 0.43898574412534963
pseudo_counter: Counter({0: 12972, -1: 780})
max_probs: 0.47206100821495056， num of >0.5: 0
AUROC test all: 0.7627709425678452, AUPR test all: 0.6121130467567769, AUROC test unknown: 0.6957975777661163, AUPR test unknown: 0.45281688056605596
Epoch: 80, Best AUROC test all: 0.7627709425678452, AUPR test all: 0.6121130467567769, AUROC test unknown: 0.6957975777661163, AUPR test unknown: 0.45281688056605596
pseudo_counter: Counter({0: 12972, -1: 780})
max_probs: 0.4811351001262665， num of >0.5: 0
AUROC test all: 0.7652904387264112, AUPR test all: 0.6149110190980049, AUROC test unknown: 0.6989759644615294, AUPR test unknown: 0.4565216676382944
Epoch: 81, Best AUROC test all: 0.7652904387264112, AUPR test all: 0.6149110190980049, AUROC test unknown: 0.6989759644615294, AUPR test unknown: 0.4565216676382944
pseudo_counter: Counter({0: 12972, -1: 780})
max_probs: 0.4932943284511566， num of >0.5: 0
AUROC test all: 0.7628340612779925, AUPR test all: 0.6131675626768325, AUROC test unknown: 0.6956921587377366, AUPR test unknown: 0.4529055162597422
Epoch: 82, Best AUROC test all: 0.7652904387264112, AUPR test all: 0.6149110190980049, AUROC test unknown: 0.6989759644615294, AUPR test unknown: 0.4565216676382944
pseudo_counter: Counter({0: 12972, -1: 780})
max_probs: 0.5040838718414307， num of >0.5: 4
AUROC test all: 0.7625875038164801, AUPR test all: 0.6127495160077534, AUROC test unknown: 0.6953179600539018, AUPR test unknown: 0.4522521679072987
Epoch: 83, Best AUROC test all: 0.7652904387264112, AUPR test all: 0.6149110190980049, AUROC test unknown: 0.6989759644615294, AUPR test unknown: 0.4565216676382944
pseudo_counter: Counter({0: 12971, -1: 780, 1: 1})
max_probs: 0.5175725817680359， num of >0.5: 47
AUROC test all: 0.7632810986251864, AUPR test all: 0.6146973820737778, AUROC test unknown: 0.6964697062905083, AUPR test unknown: 0.45510218142756353
Epoch: 84, Best AUROC test all: 0.7652904387264112, AUPR test all: 0.6149110190980049, AUROC test unknown: 0.6989759644615294, AUPR test unknown: 0.4565216676382944
pseudo_counter: Counter({0: 12968, -1: 780, 1: 4})
max_probs: 0.5364671349525452， num of >0.5: 126
AUROC test all: 0.766051326520427, AUPR test all: 0.6168225823924581, AUROC test unknown: 0.699629317276953, AUPR test unknown: 0.4572495072513514
Epoch: 85, Best AUROC test all: 0.766051326520427, AUPR test all: 0.6168225823924581, AUROC test unknown: 0.699629317276953, AUPR test unknown: 0.4572495072513514
pseudo_counter: Counter({0: 12962, -1: 780, 1: 10})
max_probs: 0.5498964786529541， num of >0.5: 198
AUROC test all: 0.7700479885681741, AUPR test all: 0.6248408541251862, AUROC test unknown: 0.7040185279174462, AUPR test unknown: 0.4657383197793022
Epoch: 86, Best AUROC test all: 0.7700479885681741, AUPR test all: 0.6248408541251862, AUROC test unknown: 0.7040185279174462, AUPR test unknown: 0.4657383197793022
pseudo_counter: Counter({0: 12953, -1: 780, 1: 19})
max_probs: 0.5627836585044861， num of >0.5: 327
AUROC test all: 0.7808532374393766, AUPR test all: 0.6378582979717504, AUROC test unknown: 0.7178850766359861, AUPR test unknown: 0.48246832515414045
Epoch: 87, Best AUROC test all: 0.7808532374393766, AUPR test all: 0.6378582979717504, AUROC test unknown: 0.7178850766359861, AUPR test unknown: 0.48246832515414045
pseudo_counter: Counter({0: 12938, -1: 780, 1: 34})
max_probs: 0.6068665385246277， num of >0.5: 439
AUROC test all: 0.7773067549129843, AUPR test all: 0.6338834471043301, AUROC test unknown: 0.7131156877865089, AUPR test unknown: 0.4768963775458011
Epoch: 88, Best AUROC test all: 0.7808532374393766, AUPR test all: 0.6378582979717504, AUROC test unknown: 0.7178850766359861, AUPR test unknown: 0.48246832515414045
pseudo_counter: Counter({0: 12923, -1: 780, 1: 49})
max_probs: 0.6183539032936096， num of >0.5: 432
AUROC test all: 0.769929916213582, AUPR test all: 0.6257639183006714, AUROC test unknown: 0.7039996326179748, AUPR test unknown: 0.4673995679319279
Epoch: 89, Best AUROC test all: 0.7808532374393766, AUPR test all: 0.6378582979717504, AUROC test unknown: 0.7178850766359861, AUPR test unknown: 0.48246832515414045
pseudo_counter: Counter({0: 12905, -1: 780, 1: 67})
max_probs: 0.6255804896354675， num of >0.5: 381
AUROC test all: 0.7699420032630906, AUPR test all: 0.6251568017952641, AUROC test unknown: 0.7041169807990272, AUPR test unknown: 0.4646452482517326
Epoch: 90, Best AUROC test all: 0.7808532374393766, AUPR test all: 0.6378582979717504, AUROC test unknown: 0.7178850766359861, AUPR test unknown: 0.48246832515414045
pseudo_counter: Counter({0: 12895, -1: 780, 1: 77})
max_probs: 0.6538457870483398， num of >0.5: 402
AUROC test all: 0.7765611651493711, AUPR test all: 0.631365516971134, AUROC test unknown: 0.7123718946532042, AUPR test unknown: 0.472915871670521
Epoch: 91, Best AUROC test all: 0.7808532374393766, AUPR test all: 0.6378582979717504, AUROC test unknown: 0.7178850766359861, AUPR test unknown: 0.48246832515414045
pseudo_counter: Counter({0: 12887, -1: 780, 1: 85})
max_probs: 0.6843634843826294， num of >0.5: 530
AUROC test all: 0.7869774954275632, AUPR test all: 0.6394832625358897, AUROC test unknown: 0.7255077752961419, AUPR test unknown: 0.4823701675080362
Epoch: 92, Best AUROC test all: 0.7869774954275632, AUPR test all: 0.6394832625358897, AUROC test unknown: 0.7255077752961419, AUPR test unknown: 0.48246832515414045
pseudo_counter: Counter({0: 12872, -1: 780, 1: 100})
max_probs: 0.7134082913398743， num of >0.5: 700
AUROC test all: 0.785510994582066, AUPR test all: 0.6402914161469943, AUROC test unknown: 0.7234297109210526, AUPR test unknown: 0.4837927886603914
Epoch: 93, Best AUROC test all: 0.7869774954275632, AUPR test all: 0.6402914161469943, AUROC test unknown: 0.7255077752961419, AUPR test unknown: 0.4837927886603914
pseudo_counter: Counter({0: 12853, -1: 780, 1: 119})
max_probs: 0.7554624080657959， num of >0.5: 715
AUROC test all: 0.7755549584150451, AUPR test all: 0.6339980411810544, AUROC test unknown: 0.7106147812904964, AUPR test unknown: 0.47504135536353487
Epoch: 94, Best AUROC test all: 0.7869774954275632, AUPR test all: 0.6402914161469943, AUROC test unknown: 0.7255077752961419, AUPR test unknown: 0.4837927886603914
pseudo_counter: Counter({0: 12840, -1: 780, 1: 132})
max_probs: 0.7795606851577759， num of >0.5: 586
AUROC test all: 0.7685771299628921, AUPR test all: 0.6279737006652527, AUROC test unknown: 0.7020881578135413, AUPR test unknown: 0.4678927897661497
Epoch: 95, Best AUROC test all: 0.7869774954275632, AUPR test all: 0.6402914161469943, AUROC test unknown: 0.7255077752961419, AUPR test unknown: 0.4837927886603914
pseudo_counter: Counter({0: 12826, -1: 780, 1: 146})
max_probs: 0.7883259057998657， num of >0.5: 495
AUROC test all: 0.7762530027258476, AUPR test all: 0.6348594306538937, AUROC test unknown: 0.7115662134346057, AUPR test unknown: 0.4755674402461384
Epoch: 96, Best AUROC test all: 0.7869774954275632, AUPR test all: 0.6402914161469943, AUROC test unknown: 0.7255077752961419, AUPR test unknown: 0.4837927886603914
pseudo_counter: Counter({0: 12820, -1: 780, 1: 152})
max_probs: 0.8552986979484558， num of >0.5: 603
AUROC test all: 0.7845282738794227, AUPR test all: 0.6397260047346947, AUROC test unknown: 0.7220680235564589, AUPR test unknown: 0.480856887428073
Epoch: 97, Best AUROC test all: 0.7869774954275632, AUPR test all: 0.6402914161469943, AUROC test unknown: 0.7255077752961419, AUPR test unknown: 0.4837927886603914
pseudo_counter: Counter({0: 12812, -1: 780, 1: 160})
max_probs: 0.8571850061416626， num of >0.5: 755
AUROC test all: 0.7828420960696125, AUPR test all: 0.6402597706509436, AUROC test unknown: 0.7197633351782161, AUPR test unknown: 0.48270526473646685
Epoch: 98, Best AUROC test all: 0.7869774954275632, AUPR test all: 0.6402914161469943, AUROC test unknown: 0.7255077752961419, AUPR test unknown: 0.4837927886603914
pseudo_counter: Counter({0: 12798, -1: 780, 1: 174})
max_probs: 0.92391037940979， num of >0.5: 774
AUROC test all: 0.7739861878280705, AUPR test all: 0.6334714625957604, AUROC test unknown: 0.7085661062815152, AUPR test unknown: 0.47379318818860544
Epoch: 99, Best AUROC test all: 0.7869774954275632, AUPR test all: 0.6402914161469943, AUROC test unknown: 0.7255077752961419, AUPR test unknown: 0.4837927886603914
pseudo_counter: Counter({0: 12787, -1: 780, 1: 185})
max_probs: 0.9311831593513489， num of >0.5: 623
AUROC test all: 0.7670471663735806, AUPR test all: 0.6269063084051355, AUROC test unknown: 0.6998449090562061, AUPR test unknown: 0.4635392011386579
Epoch: 100, Best AUROC test all: 0.7869774954275632, AUPR test all: 0.6402914161469943, AUROC test unknown: 0.7255077752961419, AUPR test unknown: 0.4837927886603914
pseudo_counter: Counter({0: 12782, -1: 780, 1: 190})
max_probs: 0.8953456282615662， num of >0.5: 563
AUROC test all: 0.767326200613279, AUPR test all: 0.6292322383037701, AUROC test unknown: 0.7002312461760938, AUPR test unknown: 0.46809807328302716
Epoch: 101, Best AUROC test all: 0.7869774954275632, AUPR test all: 0.6402914161469943, AUROC test unknown: 0.7255077752961419, AUPR test unknown: 0.4837927886603914
pseudo_counter: Counter({0: 12778, -1: 780, 1: 194})
max_probs: 0.9570730924606323， num of >0.5: 601
AUROC test all: 0.7751236778098101, AUPR test all: 0.6360705409721986, AUROC test unknown: 0.7100161710278132, AUPR test unknown: 0.4770696307695154
Epoch: 102, Best AUROC test all: 0.7869774954275632, AUPR test all: 0.6402914161469943, AUROC test unknown: 0.7255077752961419, AUPR test unknown: 0.4837927886603914
pseudo_counter: Counter({0: 12770, -1: 780, 1: 202})
max_probs: 0.9564228653907776， num of >0.5: 694
AUROC test all: 0.7762737594237702, AUPR test all: 0.6370515701713528, AUROC test unknown: 0.7112639783359412, AUPR test unknown: 0.47738174434443725
Epoch: 103, Best AUROC test all: 0.7869774954275632, AUPR test all: 0.6402914161469943, AUROC test unknown: 0.7255077752961419, AUPR test unknown: 0.4837927886603914
pseudo_counter: Counter({0: 12761, -1: 780, 1: 211})
max_probs: 0.965700626373291， num of >0.5: 775
AUROC test all: 0.77125091375342, AUPR test all: 0.6321587380293188, AUROC test unknown: 0.7048104562282017, AUPR test unknown: 0.4707639273095021
Epoch: 104, Best AUROC test all: 0.7869774954275632, AUPR test all: 0.6402914161469943, AUROC test unknown: 0.7255077752961419, AUPR test unknown: 0.4837927886603914
pseudo_counter: Counter({0: 12755, -1: 780, 1: 217})
max_probs: 0.9821532368659973， num of >0.5: 748
AUROC test all: 0.765065692999401, AUPR test all: 0.6264313187847239, AUROC test unknown: 0.6971210260673811, AUPR test unknown: 0.4625447113923288
Epoch: 105, Best AUROC test all: 0.7869774954275632, AUPR test all: 0.6402914161469943, AUROC test unknown: 0.7255077752961419, AUPR test unknown: 0.4837927886603914
pseudo_counter: Counter({0: 12743, -1: 780, 1: 229})
max_probs: 0.9791476726531982， num of >0.5: 646
AUROC test all: 0.7572390876190448, AUPR test all: 0.6197215307843882, AUROC test unknown: 0.6874964122849105, AUPR test unknown: 0.4551457465736394
Epoch: 106, Best AUROC test all: 0.7869774954275632, AUPR test all: 0.6402914161469943, AUROC test unknown: 0.7255077752961419, AUPR test unknown: 0.4837927886603914
pseudo_counter: Counter({0: 12736, -1: 780, 1: 236})
max_probs: 0.984716534614563， num of >0.5: 546
AUROC test all: 0.756841270021842, AUPR test all: 0.6217273967936252, AUROC test unknown: 0.6865394789776638, AUPR test unknown: 0.45724809805877714
Epoch: 107, Best AUROC test all: 0.7869774954275632, AUPR test all: 0.6402914161469943, AUROC test unknown: 0.7255077752961419, AUPR test unknown: 0.4837927886603914
pseudo_counter: Counter({0: 12733, -1: 780, 1: 239})
max_probs: 0.9910628795623779， num of >0.5: 586
AUROC test all: 0.7623130796279225, AUPR test all: 0.6279030594835195, AUROC test unknown: 0.6936486859156351, AUPR test unknown: 0.4660035284046622
Epoch: 108, Best AUROC test all: 0.7869774954275632, AUPR test all: 0.6402914161469943, AUROC test unknown: 0.7255077752961419, AUPR test unknown: 0.4837927886603914
pseudo_counter: Counter({0: 12730, -1: 780, 1: 242})
max_probs: 0.9926623106002808， num of >0.5: 679
AUROC test all: 0.7708093809449017, AUPR test all: 0.6334027796960199, AUROC test unknown: 0.7040417583726507, AUPR test unknown: 0.47137730044010717
Epoch: 109, Best AUROC test all: 0.7869774954275632, AUPR test all: 0.6402914161469943, AUROC test unknown: 0.7255077752961419, AUPR test unknown: 0.4837927886603914
pseudo_counter: Counter({0: 12721, -1: 780, 1: 251})
max_probs: 0.9968673586845398， num of >0.5: 780
AUROC test all: 0.7718238903583968, AUPR test all: 0.634192948121954, AUROC test unknown: 0.7054839899410036, AUPR test unknown: 0.4718630039779341
Epoch: 110, Best AUROC test all: 0.7869774954275632, AUPR test all: 0.6402914161469943, AUROC test unknown: 0.7255077752961419, AUPR test unknown: 0.4837927886603914
pseudo_counter: Counter({0: 12718, -1: 780, 1: 254})
max_probs: 0.9938716888427734， num of >0.5: 820
AUROC test all: 0.7718758394421481, AUPR test all: 0.6342936720268381, AUROC test unknown: 0.7052172134264736, AUPR test unknown: 0.47054153160609885
Epoch: 111, Best AUROC test all: 0.7869774954275632, AUPR test all: 0.6402914161469943, AUROC test unknown: 0.7255077752961419, AUPR test unknown: 0.4837927886603914
pseudo_counter: Counter({0: 12711, -1: 780, 1: 261})
max_probs: 0.9959051609039307， num of >0.5: 874
AUROC test all: 0.7645119593442113, AUPR test all: 0.6274440965331852, AUROC test unknown: 0.6961356900156759, AUPR test unknown: 0.4614312545610269
Epoch: 112, Best AUROC test all: 0.7869774954275632, AUPR test all: 0.6402914161469943, AUROC test unknown: 0.7255077752961419, AUPR test unknown: 0.4837927886603914
pseudo_counter: Counter({0: 12703, -1: 780, 1: 269})
max_probs: 0.997238278388977， num of >0.5: 755
AUROC test all: 0.7652210127323649, AUPR test all: 0.6287179450552953, AUROC test unknown: 0.69699270545768, AUPR test unknown: 0.4624476738736594
Epoch: 113, Best AUROC test all: 0.7869774954275632, AUPR test all: 0.6402914161469943, AUROC test unknown: 0.7255077752961419, AUPR test unknown: 0.4837927886603914
pseudo_counter: Counter({0: 12697, -1: 780, 1: 275})
max_probs: 0.9948881268501282， num of >0.5: 736
AUROC test all: 0.7675534004471154, AUPR test all: 0.630666502213157, AUROC test unknown: 0.6997281289300429, AUPR test unknown: 0.4653118456064849
Epoch: 114, Best AUROC test all: 0.7869774954275632, AUPR test all: 0.6402914161469943, AUROC test unknown: 0.7255077752961419, AUPR test unknown: 0.4837927886603914
pseudo_counter: Counter({0: 12693, -1: 780, 1: 279})
max_probs: 0.9953206181526184， num of >0.5: 748
AUROC test all: 0.7673915899456298, AUPR test all: 0.6313137938327352, AUROC test unknown: 0.6994580038814293, AUPR test unknown: 0.46525831016685776
Epoch: 115, Best AUROC test all: 0.7869774954275632, AUPR test all: 0.6402914161469943, AUROC test unknown: 0.7255077752961419, AUPR test unknown: 0.4837927886603914
pseudo_counter: Counter({0: 12687, -1: 780, 1: 285})
max_probs: 0.9968734383583069， num of >0.5: 713
AUROC test all: 0.767348883899738, AUPR test all: 0.6275573707800888, AUROC test unknown: 0.6998090618029368, AUPR test unknown: 0.4589802805950747
Epoch: 116, Best AUROC test all: 0.7869774954275632, AUPR test all: 0.6402914161469943, AUROC test unknown: 0.7255077752961419, AUPR test unknown: 0.4837927886603914
pseudo_counter: Counter({0: 12682, -1: 780, 1: 290})
max_probs: 0.9933551549911499， num of >0.5: 603
AUROC test all: 0.7649408546493536, AUPR test all: 0.6240889664135886, AUROC test unknown: 0.6967164214981628, AUPR test unknown: 0.452867777201214
Epoch: 117, Best AUROC test all: 0.7869774954275632, AUPR test all: 0.6402914161469943, AUROC test unknown: 0.7255077752961419, AUPR test unknown: 0.4837927886603914
pseudo_counter: Counter({0: 12681, -1: 780, 1: 291})
max_probs: 0.9896404147148132， num of >0.5: 547
AUROC test all: 0.7647768882035533, AUPR test all: 0.6228228719435276, AUROC test unknown: 0.6962556691877939, AUPR test unknown: 0.45072685118765204
Epoch: 118, Best AUROC test all: 0.7869774954275632, AUPR test all: 0.6402914161469943, AUROC test unknown: 0.7255077752961419, AUPR test unknown: 0.4837927886603914
pseudo_counter: Counter({0: 12679, -1: 780, 1: 293})
max_probs: 0.9939121007919312， num of >0.5: 556
AUROC test all: 0.7724198484123443, AUPR test all: 0.6329913988783977, AUROC test unknown: 0.7059435164487169, AUPR test unknown: 0.4644012322636661
Epoch: 119, Best AUROC test all: 0.7869774954275632, AUPR test all: 0.6402914161469943, AUROC test unknown: 0.7255077752961419, AUPR test unknown: 0.4837927886603914
pseudo_counter: Counter({0: 12678, -1: 780, 1: 294})
max_probs: 0.9917623996734619， num of >0.5: 702
AUROC test all: 0.7783999104228073, AUPR test all: 0.6356751383645529, AUROC test unknown: 0.7137911947426102, AUPR test unknown: 0.46899133313569785
Epoch: 120, Best AUROC test all: 0.7869774954275632, AUPR test all: 0.6402914161469943, AUROC test unknown: 0.7255077752961419, AUPR test unknown: 0.4837927886603914
pseudo_counter: Counter({0: 12676, -1: 780, 1: 296})
max_probs: 0.9968104958534241， num of >0.5: 764
AUROC test all: 0.7736330716720293, AUPR test all: 0.6321121877067085, AUROC test unknown: 0.7073987235866436, AUPR test unknown: 0.46200268960418855
Epoch: 121, Best AUROC test all: 0.7869774954275632, AUPR test all: 0.6402914161469943, AUROC test unknown: 0.7255077752961419, AUPR test unknown: 0.4837927886603914
pseudo_counter: Counter({0: 12675, -1: 780, 1: 297})
max_probs: 0.9945805668830872， num of >0.5: 684
AUROC test all: 0.7663886859345093, AUPR test all: 0.6260845582923127, AUROC test unknown: 0.6983710756974398, AUPR test unknown: 0.4545741654224511
Epoch: 122, Best AUROC test all: 0.7869774954275632, AUPR test all: 0.6402914161469943, AUROC test unknown: 0.7255077752961419, AUPR test unknown: 0.4837927886603914
pseudo_counter: Counter({0: 12672, -1: 780, 1: 300})
max_probs: 0.9942544102668762， num of >0.5: 605
AUROC test all: 0.7621036548668929, AUPR test all: 0.6187826120006437, AUROC test unknown: 0.6931939729256669, AUPR test unknown: 0.4422720601399604
Epoch: 123, Best AUROC test all: 0.7869774954275632, AUPR test all: 0.6402914161469943, AUROC test unknown: 0.7255077752961419, AUPR test unknown: 0.4837927886603914
pseudo_counter: Counter({0: 12670, -1: 780, 1: 302})
max_probs: 0.9913437366485596， num of >0.5: 506
AUROC test all: 0.7603852525702526, AUPR test all: 0.6175785354367029, AUROC test unknown: 0.6906289659200552, AUPR test unknown: 0.44107217573266927
Epoch: 124, Best AUROC test all: 0.7869774954275632, AUPR test all: 0.6402914161469943, AUROC test unknown: 0.7255077752961419, AUPR test unknown: 0.4837927886603914
pseudo_counter: Counter({0: 12670, -1: 780, 1: 302})
max_probs: 0.997541069984436， num of >0.5: 511
AUROC test all: 0.7615355176688352, AUPR test all: 0.6236782283885641, AUROC test unknown: 0.6920181889979607, AUPR test unknown: 0.4506739777883594
Epoch: 125, Best AUROC test all: 0.7869774954275632, AUPR test all: 0.6402914161469943, AUROC test unknown: 0.7255077752961419, AUPR test unknown: 0.4837927886603914
pseudo_counter: Counter({0: 12669, -1: 780, 1: 303})
max_probs: 0.9966002106666565， num of >0.5: 615
AUROC test all: 0.7686078636371643, AUPR test all: 0.6326535071214153, AUROC test unknown: 0.7010424584554552, AUPR test unknown: 0.4633027546827069
Epoch: 126, Best AUROC test all: 0.7869774954275632, AUPR test all: 0.6402914161469943, AUROC test unknown: 0.7255077752961419, AUPR test unknown: 0.4837927886603914
pseudo_counter: Counter({0: 12666, -1: 780, 1: 306})
max_probs: 0.9981561303138733， num of >0.5: 793
AUROC test all: 0.7760379358126754, AUPR test all: 0.6380852360212821, AUROC test unknown: 0.7104587156841031, AUPR test unknown: 0.4710005105394852
Epoch: 127, Best AUROC test all: 0.7869774954275632, AUPR test all: 0.6402914161469943, AUROC test unknown: 0.7255077752961419, AUPR test unknown: 0.4837927886603914
pseudo_counter: Counter({0: 12664, -1: 780, 1: 308})
max_probs: 0.9995015859603882， num of >0.5: 879
AUROC test all: 0.7763418092831477, AUPR test all: 0.6399279265206552, AUROC test unknown: 0.7110526320195439, AUPR test unknown: 0.47310731737222417
Epoch: 128, Best AUROC test all: 0.7869774954275632, AUPR test all: 0.6402914161469943, AUROC test unknown: 0.7255077752961419, AUPR test unknown: 0.4837927886603914
pseudo_counter: Counter({0: 12658, -1: 780, 1: 314})
max_probs: 0.9989240765571594， num of >0.5: 828
AUROC test all: 0.7676871148657773, AUPR test all: 0.630163888133804, AUROC test unknown: 0.7004810109415742, AUPR test unknown: 0.459299563747382
Epoch: 129, Best AUROC test all: 0.7869774954275632, AUPR test all: 0.6402914161469943, AUROC test unknown: 0.7255077752961419, AUPR test unknown: 0.4837927886603914
pseudo_counter: Counter({0: 12655, -1: 780, 1: 317})
max_probs: 0.9990330934524536， num of >0.5: 633
AUROC test all: 0.7716028143238371, AUPR test all: 0.6319180560470036, AUROC test unknown: 0.7051594512135326, AUPR test unknown: 0.45853413609154736
Epoch: 130, Best AUROC test all: 0.7869774954275632, AUPR test all: 0.6402914161469943, AUROC test unknown: 0.7255077752961419, AUPR test unknown: 0.4837927886603914
pseudo_counter: Counter({0: 12654, -1: 780, 1: 318})
max_probs: 0.9962204098701477， num of >0.5: 605
AUROC test all: 0.7726271401646371, AUPR test all: 0.6328383455964055, AUROC test unknown: 0.7062702377028673, AUPR test unknown: 0.4603917810737077
Epoch: 131, Best AUROC test all: 0.7869774954275632, AUPR test all: 0.6402914161469943, AUROC test unknown: 0.7255077752961419, AUPR test unknown: 0.4837927886603914
pseudo_counter: Counter({0: 12652, -1: 780, 1: 320})
max_probs: 0.9977327585220337， num of >0.5: 626
AUROC test all: 0.7763958684400578, AUPR test all: 0.6379635079090035, AUROC test unknown: 0.711158379921807, AUPR test unknown: 0.4664909797577512
Epoch: 132, Best AUROC test all: 0.7869774954275632, AUPR test all: 0.6402914161469943, AUROC test unknown: 0.7255077752961419, AUPR test unknown: 0.4837927886603914
pseudo_counter: Counter({0: 12652, -1: 780, 1: 320})
max_probs: 0.999422550201416， num of >0.5: 645
AUROC test all: 0.7812813299992954, AUPR test all: 0.6422127757275132, AUROC test unknown: 0.7174243243256172, AUPR test unknown: 0.4728274176980915
Epoch: 133, Best AUROC test all: 0.7869774954275632, AUPR test all: 0.6422127757275132, AUROC test unknown: 0.7255077752961419, AUPR test unknown: 0.4837927886603914
pseudo_counter: Counter({0: 12651, -1: 780, 1: 321})
max_probs: 0.9992626309394836， num of >0.5: 700
AUROC test all: 0.7802763388505937, AUPR test all: 0.6395940438227783, AUROC test unknown: 0.7159659779369874, AUPR test unknown: 0.4672463588798255
Epoch: 134, Best AUROC test all: 0.7869774954275632, AUPR test all: 0.6422127757275132, AUROC test unknown: 0.7255077752961419, AUPR test unknown: 0.4837927886603914
pseudo_counter: Counter({0: 12651, -1: 780, 1: 321})
max_probs: 0.9990230798721313， num of >0.5: 733
AUROC test all: 0.7861389477670656, AUPR test all: 0.645692510581115, AUROC test unknown: 0.7235254132210649, AUPR test unknown: 0.47528950406671805
Epoch: 135, Best AUROC test all: 0.7869774954275632, AUPR test all: 0.645692510581115, AUROC test unknown: 0.7255077752961419, AUPR test unknown: 0.4837927886603914
pseudo_counter: Counter({0: 12650, -1: 780, 1: 322})
max_probs: 0.9992212057113647， num of >0.5: 813
AUROC test all: 0.7904864553486501, AUPR test all: 0.6501598945456798, AUROC test unknown: 0.7291900266782493, AUPR test unknown: 0.4827662241178389
Epoch: 136, Best AUROC test all: 0.7904864553486501, AUPR test all: 0.6501598945456798, AUROC test unknown: 0.7291900266782493, AUPR test unknown: 0.4837927886603914
pseudo_counter: Counter({0: 12650, -1: 780, 1: 322})
max_probs: 0.9988161325454712， num of >0.5: 856
AUROC test all: 0.7942618120060594, AUPR test all: 0.6527422075699237, AUROC test unknown: 0.7339648269979866, AUPR test unknown: 0.4845622983429191
Epoch: 137, Best AUROC test all: 0.7942618120060594, AUPR test all: 0.6527422075699237, AUROC test unknown: 0.7339648269979866, AUPR test unknown: 0.4845622983429191
pseudo_counter: Counter({0: 12650, -1: 780, 1: 322})
max_probs: 0.9992914199829102， num of >0.5: 870
AUROC test all: 0.7896544213922521, AUPR test all: 0.6483312390952595, AUROC test unknown: 0.7283484982063817, AUPR test unknown: 0.4770052670977193
Epoch: 138, Best AUROC test all: 0.7942618120060594, AUPR test all: 0.6527422075699237, AUROC test unknown: 0.7339648269979866, AUPR test unknown: 0.4845622983429191
pseudo_counter: Counter({0: 12648, -1: 780, 1: 324})
max_probs: 0.9990418553352356， num of >0.5: 743
AUROC test all: 0.7869934356541446, AUPR test all: 0.6424821359204237, AUROC test unknown: 0.7248877284357993, AUPR test unknown: 0.4659320199731203
Epoch: 139, Best AUROC test all: 0.7942618120060594, AUPR test all: 0.6527422075699237, AUROC test unknown: 0.7339648269979866, AUPR test unknown: 0.4845622983429191
pseudo_counter: Counter({0: 12648, -1: 780, 1: 324})
max_probs: 0.9983306527137756， num of >0.5: 626
AUROC test all: 0.7928269163867914, AUPR test all: 0.6468078164187169, AUROC test unknown: 0.732492907087268, AUPR test unknown: 0.4714841125001815
Epoch: 140, Best AUROC test all: 0.7942618120060594, AUPR test all: 0.6527422075699237, AUROC test unknown: 0.7339648269979866, AUPR test unknown: 0.4845622983429191
pseudo_counter: Counter({0: 12648, -1: 780, 1: 324})
max_probs: 0.9982484579086304， num of >0.5: 634
AUROC test all: 0.7927340272966403, AUPR test all: 0.6444431503082311, AUROC test unknown: 0.7324135587885386, AUPR test unknown: 0.4630851463343552
Epoch: 141, Best AUROC test all: 0.7942618120060594, AUPR test all: 0.6527422075699237, AUROC test unknown: 0.7339648269979866, AUPR test unknown: 0.4845622983429191
pseudo_counter: Counter({0: 12648, -1: 780, 1: 324})
max_probs: 0.9960759282112122， num of >0.5: 559
AUROC test all: 0.7917666046243996, AUPR test all: 0.6426326798703893, AUROC test unknown: 0.7310406000190388, AUPR test unknown: 0.4598656653355133
Epoch: 142, Best AUROC test all: 0.7942618120060594, AUPR test all: 0.6527422075699237, AUROC test unknown: 0.7339648269979866, AUPR test unknown: 0.4845622983429191
pseudo_counter: Counter({0: 12648, -1: 780, 1: 324})
max_probs: 0.9990977048873901， num of >0.5: 584
AUROC test all: 0.7927756783059525, AUPR test all: 0.6453207690042599, AUROC test unknown: 0.7320891695491965, AUPR test unknown: 0.46403272611256435
Epoch: 143, Best AUROC test all: 0.7942618120060594, AUPR test all: 0.6527422075699237, AUROC test unknown: 0.7339648269979866, AUPR test unknown: 0.4845622983429191
pseudo_counter: Counter({0: 12647, -1: 780, 1: 325})
max_probs: 0.9974205493927002， num of >0.5: 616
AUROC test all: 0.7900858625465317, AUPR test all: 0.6443623477128926, AUROC test unknown: 0.7288546351126326, AUPR test unknown: 0.4640767325484702
Epoch: 144, Best AUROC test all: 0.7942618120060594, AUPR test all: 0.6527422075699237, AUROC test unknown: 0.7339648269979866, AUPR test unknown: 0.4845622983429191
pseudo_counter: Counter({0: 12644, -1: 780, 1: 328})
max_probs: 0.9997721314430237， num of >0.5: 655
AUROC test all: 0.7862075939514661, AUPR test all: 0.6391915882858406, AUROC test unknown: 0.7238324319398488, AUPR test unknown: 0.45463697618011123
Epoch: 145, Best AUROC test all: 0.7942618120060594, AUPR test all: 0.6527422075699237, AUROC test unknown: 0.7339648269979866, AUPR test unknown: 0.4845622983429191
pseudo_counter: Counter({0: 12644, -1: 780, 1: 328})
max_probs: 0.9985432624816895， num of >0.5: 581
AUROC test all: 0.7788711906757518, AUPR test all: 0.6292943722118598, AUROC test unknown: 0.7146428585096057, AUPR test unknown: 0.4440753452142168
Epoch: 146, Best AUROC test all: 0.7942618120060594, AUPR test all: 0.6527422075699237, AUROC test unknown: 0.7339648269979866, AUPR test unknown: 0.4845622983429191
pseudo_counter: Counter({0: 12644, -1: 780, 1: 328})
max_probs: 0.9983124732971191， num of >0.5: 529
AUROC test all: 0.7776206282953839, AUPR test all: 0.6260754902090339, AUROC test unknown: 0.7133254794263674, AUPR test unknown: 0.43810070269964685
Epoch: 147, Best AUROC test all: 0.7942618120060594, AUPR test all: 0.6527422075699237, AUROC test unknown: 0.7339648269979866, AUPR test unknown: 0.4845622983429191
pseudo_counter: Counter({0: 12644, -1: 780, 1: 328})
max_probs: 0.9986481070518494， num of >0.5: 534
AUROC test all: 0.7736380257568374, AUPR test all: 0.624413929222957, AUROC test unknown: 0.7081573459423182, AUPR test unknown: 0.43530503512246205
Epoch: 148, Best AUROC test all: 0.7942618120060594, AUPR test all: 0.6527422075699237, AUROC test unknown: 0.7339648269979866, AUPR test unknown: 0.4845622983429191
pseudo_counter: Counter({0: 12644, -1: 780, 1: 328})
max_probs: 0.9995427131652832， num of >0.5: 527
AUROC test all: 0.7746198061007903, AUPR test all: 0.6251363120198813, AUROC test unknown: 0.709236949208, AUPR test unknown: 0.4361267832623075
Epoch: 149, Best AUROC test all: 0.7942618120060594, AUPR test all: 0.6527422075699237, AUROC test unknown: 0.7339648269979866, AUPR test unknown: 0.4845622983429191
pseudo_counter: Counter({0: 12644, -1: 780, 1: 328})
max_probs: 0.999589741230011， num of >0.5: 587
AUROC test all: 0.7736734153534061, AUPR test all: 0.6282490710864084, AUROC test unknown: 0.7076986864657514, AUPR test unknown: 0.4437898956437666
Epoch: 150, Best AUROC test all: 0.7942618120060594, AUPR test all: 0.6527422075699237, AUROC test unknown: 0.7339648269979866, AUPR test unknown: 0.4845622983429191
pseudo_counter: Counter({0: 12644, -1: 780, 1: 328})
max_probs: 0.9997679591178894， num of >0.5: 636
AUROC test all: 0.7738269690468781, AUPR test all: 0.6256391874495183, AUROC test unknown: 0.7079444748470078, AUPR test unknown: 0.43813824893276476
Epoch: 151, Best AUROC test all: 0.7942618120060594, AUPR test all: 0.6527422075699237, AUROC test unknown: 0.7339648269979866, AUPR test unknown: 0.4845622983429191
pseudo_counter: Counter({0: 12644, -1: 780, 1: 328})
max_probs: 0.9997572302818298， num of >0.5: 599
AUROC test all: 0.7766701779507263, AUPR test all: 0.628116547436761, AUROC test unknown: 0.7118832777556401, AUPR test unknown: 0.44178854909343035
Epoch: 152, Best AUROC test all: 0.7942618120060594, AUPR test all: 0.6527422075699237, AUROC test unknown: 0.7339648269979866, AUPR test unknown: 0.4845622983429191
pseudo_counter: Counter({0: 12644, -1: 780, 1: 328})
max_probs: 0.9998598098754883， num of >0.5: 600
AUROC test all: 0.7795546938302196, AUPR test all: 0.6279884935535082, AUROC test unknown: 0.7153652150452505, AUPR test unknown: 0.4385528118953317
Epoch: 153, Best AUROC test all: 0.7942618120060594, AUPR test all: 0.6527422075699237, AUROC test unknown: 0.7339648269979866, AUPR test unknown: 0.4845622983429191
pseudo_counter: Counter({0: 12644, -1: 780, 1: 328})
max_probs: 0.9997372031211853， num of >0.5: 607
AUROC test all: 0.7830126908974013, AUPR test all: 0.6338430968619568, AUROC test unknown: 0.7198547621177469, AUPR test unknown: 0.44676907664036997
Epoch: 154, Best AUROC test all: 0.7942618120060594, AUPR test all: 0.6527422075699237, AUROC test unknown: 0.7339648269979866, AUPR test unknown: 0.4845622983429191
pseudo_counter: Counter({0: 12644, -1: 780, 1: 328})
max_probs: 0.9998095631599426， num of >0.5: 627
AUROC test all: 0.78651869212895, AUPR test all: 0.6366055896052685, AUROC test unknown: 0.7241260864199245, AUPR test unknown: 0.45007067181256916
Epoch: 155, Best AUROC test all: 0.7942618120060594, AUPR test all: 0.6527422075699237, AUROC test unknown: 0.7339648269979866, AUPR test unknown: 0.4845622983429191
pseudo_counter: Counter({0: 12643, -1: 780, 1: 329})
max_probs: 0.9995643496513367， num of >0.5: 579
AUROC test all: 0.7875357932627381, AUPR test all: 0.637696286502863, AUROC test unknown: 0.7255461638475995, AUPR test unknown: 0.45196943367218095
Epoch: 156, Best AUROC test all: 0.7942618120060594, AUPR test all: 0.6527422075699237, AUROC test unknown: 0.7339648269979866, AUPR test unknown: 0.4845622983429191
pseudo_counter: Counter({0: 12643, -1: 780, 1: 329})
max_probs: 0.9996761083602905， num of >0.5: 564
AUROC test all: 0.7910954178752186, AUPR test all: 0.6404219094697953, AUROC test unknown: 0.7302817384823583, AUPR test unknown: 0.45192541364629046
Epoch: 157, Best AUROC test all: 0.7942618120060594, AUPR test all: 0.6527422075699237, AUROC test unknown: 0.7339648269979866, AUPR test unknown: 0.4845622983429191
pseudo_counter: Counter({0: 12642, -1: 780, 1: 330})
max_probs: 0.9994679093360901， num of >0.5: 543
AUROC test all: 0.790374093952934, AUPR test all: 0.6359390433328366, AUROC test unknown: 0.7296945491127103, AUPR test unknown: 0.4475439679332805
Epoch: 158, Best AUROC test all: 0.7942618120060594, AUPR test all: 0.6527422075699237, AUROC test unknown: 0.7339648269979866, AUPR test unknown: 0.4845622983429191
pseudo_counter: Counter({0: 12642, -1: 780, 1: 330})
max_probs: 0.9997068047523499， num of >0.5: 471
AUROC test all: 0.7939463331332127, AUPR test all: 0.6447043539572315, AUROC test unknown: 0.7341948892281006, AUPR test unknown: 0.4600467088639601
Epoch: 159, Best AUROC test all: 0.7942618120060594, AUPR test all: 0.6527422075699237, AUROC test unknown: 0.7341948892281006, AUPR test unknown: 0.4845622983429191
pseudo_counter: Counter({0: 12642, -1: 780, 1: 330})
max_probs: 0.9995707869529724， num of >0.5: 540
AUROC test all: 0.7996459388981528, AUPR test all: 0.6510351840831045, AUROC test unknown: 0.7412129084075473, AUPR test unknown: 0.4699185368499799
Epoch: 160, Best AUROC test all: 0.7996459388981528, AUPR test all: 0.6527422075699237, AUROC test unknown: 0.7412129084075473, AUPR test unknown: 0.4845622983429191
pseudo_counter: Counter({0: 12641, -1: 780, 1: 331})
max_probs: 0.9996861219406128， num of >0.5: 615
AUROC test all: 0.8020129134642484, AUPR test all: 0.6522260394517331, AUROC test unknown: 0.7444140770937786, AUPR test unknown: 0.4700261150659316
Epoch: 161, Best AUROC test all: 0.8020129134642484, AUPR test all: 0.6527422075699237, AUROC test unknown: 0.7444140770937786, AUPR test unknown: 0.4845622983429191
pseudo_counter: Counter({0: 12640, -1: 780, 1: 332})
max_probs: 0.999721348285675， num of >0.5: 646
AUROC test all: 0.8005437750273026, AUPR test all: 0.652214979250807, AUROC test unknown: 0.7424248983600316, AUPR test unknown: 0.46977193767790293
Epoch: 162, Best AUROC test all: 0.8020129134642484, AUPR test all: 0.6527422075699237, AUROC test unknown: 0.7444140770937786, AUPR test unknown: 0.4845622983429191
pseudo_counter: Counter({0: 12640, -1: 780, 1: 332})
max_probs: 0.9998650550842285， num of >0.5: 626
AUROC test all: 0.7976111861767088, AUPR test all: 0.6522948910745923, AUROC test unknown: 0.7384769168802952, AUPR test unknown: 0.47066514701540474
Epoch: 163, Best AUROC test all: 0.8020129134642484, AUPR test all: 0.6527422075699237, AUROC test unknown: 0.7444140770937786, AUPR test unknown: 0.4845622983429191
pseudo_counter: Counter({0: 12640, -1: 780, 1: 332})
max_probs: 0.9998393058776855， num of >0.5: 619
AUROC test all: 0.7993345884293129, AUPR test all: 0.6519817646120509, AUROC test unknown: 0.7408175721023101, AUPR test unknown: 0.47024547719349735
Epoch: 164, Best AUROC test all: 0.8020129134642484, AUPR test all: 0.6527422075699237, AUROC test unknown: 0.7444140770937786, AUPR test unknown: 0.4845622983429191
pseudo_counter: Counter({0: 12640, -1: 780, 1: 332})
max_probs: 0.9998190999031067， num of >0.5: 668
AUROC test all: 0.8049670158868325, AUPR test all: 0.6595382725544087, AUROC test unknown: 0.7479889959994585, AUPR test unknown: 0.4824351076337675
Epoch: 165, Best AUROC test all: 0.8049670158868325, AUPR test all: 0.6595382725544087, AUROC test unknown: 0.7479889959994585, AUPR test unknown: 0.4845622983429191
pseudo_counter: Counter({0: 12640, -1: 780, 1: 332})
max_probs: 0.9999809265136719， num of >0.5: 795
AUROC test all: 0.8082660005930223, AUPR test all: 0.6626542758739751, AUROC test unknown: 0.7523272311880551, AUPR test unknown: 0.48780971592865324
Epoch: 166, Best AUROC test all: 0.8082660005930223, AUPR test all: 0.6626542758739751, AUROC test unknown: 0.7523272311880551, AUPR test unknown: 0.48780971592865324
pseudo_counter: Counter({0: 12638, -1: 780, 1: 334})
max_probs: 0.9999629259109497， num of >0.5: 836
AUROC test all: 0.7972594690909144, AUPR test all: 0.6496252718564314, AUROC test unknown: 0.7382561229141622, AUPR test unknown: 0.4674016986104101
Epoch: 167, Best AUROC test all: 0.8082660005930223, AUPR test all: 0.6626542758739751, AUROC test unknown: 0.7523272311880551, AUPR test unknown: 0.48780971592865324
pseudo_counter: Counter({0: 12637, -1: 780, 1: 335})
max_probs: 0.9999475479125977， num of >0.5: 618
AUROC test all: 0.7858380100505536, AUPR test all: 0.6313503219656464, AUROC test unknown: 0.7235242472136609, AUPR test unknown: 0.442268689212254
Epoch: 168, Best AUROC test all: 0.8082660005930223, AUPR test all: 0.6626542758739751, AUROC test unknown: 0.7523272311880551, AUPR test unknown: 0.48780971592865324
pseudo_counter: Counter({0: 12637, -1: 780, 1: 335})
max_probs: 0.9999419450759888， num of >0.5: 462
AUROC test all: 0.7797233391338939, AUPR test all: 0.6286175047592448, AUROC test unknown: 0.715633008079056, AUPR test unknown: 0.4381177909966497
Epoch: 169, Best AUROC test all: 0.8082660005930223, AUPR test all: 0.6626542758739751, AUROC test unknown: 0.7523272311880551, AUPR test unknown: 0.48780971592865324
pseudo_counter: Counter({0: 12637, -1: 780, 1: 335})
max_probs: 0.999985933303833， num of >0.5: 391
AUROC test all: 0.7852937258534237, AUPR test all: 0.6371224745177398, AUROC test unknown: 0.7228366317191327, AUPR test unknown: 0.45040051473261195
Epoch: 170, Best AUROC test all: 0.8082660005930223, AUPR test all: 0.6626542758739751, AUROC test unknown: 0.7523272311880551, AUPR test unknown: 0.48780971592865324
pseudo_counter: Counter({0: 12637, -1: 780, 1: 335})
max_probs: 0.9999566078186035， num of >0.5: 552
AUROC test all: 0.7951788452138402, AUPR test all: 0.6513362382958663, AUROC test unknown: 0.7353643049615229, AUPR test unknown: 0.47346429720562844
Epoch: 171, Best AUROC test all: 0.8082660005930223, AUPR test all: 0.6626542758739751, AUROC test unknown: 0.7523272311880551, AUPR test unknown: 0.48780971592865324
pseudo_counter: Counter({0: 12637, -1: 780, 1: 335})
max_probs: 0.9999762773513794， num of >0.5: 766
AUROC test all: 0.8002520574130725, AUPR test all: 0.6563873108582506, AUROC test unknown: 0.7417510357733463, AUPR test unknown: 0.4813151303833711
Epoch: 172, Best AUROC test all: 0.8082660005930223, AUPR test all: 0.6626542758739751, AUROC test unknown: 0.7523272311880551, AUPR test unknown: 0.48780971592865324
pseudo_counter: Counter({0: 12637, -1: 780, 1: 335})
max_probs: 0.9999903440475464， num of >0.5: 868
AUROC test all: 0.807884123222401, AUPR test all: 0.6609756310820768, AUROC test unknown: 0.751697945961357, AUPR test unknown: 0.4845201919269744
Epoch: 173, Best AUROC test all: 0.8082660005930223, AUPR test all: 0.6626542758739751, AUROC test unknown: 0.7523272311880551, AUPR test unknown: 0.48780971592865324
pseudo_counter: Counter({0: 12637, -1: 780, 1: 335})
max_probs: 0.9999947547912598， num of >0.5: 982
AUROC test all: 0.8027480675399556, AUPR test all: 0.6595784025600426, AUROC test unknown: 0.7452640964913582, AUPR test unknown: 0.4847805713676454
Epoch: 174, Best AUROC test all: 0.8082660005930223, AUPR test all: 0.6626542758739751, AUROC test unknown: 0.7523272311880551, AUPR test unknown: 0.48780971592865324
pseudo_counter: Counter({0: 12636, -1: 780, 1: 336})
max_probs: 0.9999966621398926， num of >0.5: 771
AUROC test all: 0.79694743055474, AUPR test all: 0.6500682356061708, AUROC test unknown: 0.7379252458900332, AUPR test unknown: 0.4666684014331871
Epoch: 175, Best AUROC test all: 0.8082660005930223, AUPR test all: 0.6626542758739751, AUROC test unknown: 0.7523272311880551, AUPR test unknown: 0.48780971592865324
pseudo_counter: Counter({0: 12635, -1: 780, 1: 337})
max_probs: 0.9999094009399414， num of >0.5: 545
AUROC test all: 0.7939909887032186, AUPR test all: 0.6449549973160701, AUROC test unknown: 0.7338607832603912, AUPR test unknown: 0.45873934636921326
Epoch: 176, Best AUROC test all: 0.8082660005930223, AUPR test all: 0.6626542758739751, AUROC test unknown: 0.7523272311880551, AUPR test unknown: 0.48780971592865324
pseudo_counter: Counter({0: 12634, -1: 780, 1: 338})
max_probs: 0.999840497970581， num of >0.5: 424
AUROC test all: 0.7953547840312599, AUPR test all: 0.6458406343366645, AUROC test unknown: 0.7364705470117443, AUPR test unknown: 0.4584434665194671
Epoch: 177, Best AUROC test all: 0.8082660005930223, AUPR test all: 0.6626542758739751, AUROC test unknown: 0.7523272311880551, AUPR test unknown: 0.48780971592865324
pseudo_counter: Counter({0: 12634, -1: 780, 1: 338})
max_probs: 0.9999145269393921， num of >0.5: 416
AUROC test all: 0.8033435210111911, AUPR test all: 0.6582296851264235, AUROC test unknown: 0.7464522281384972, AUPR test unknown: 0.4811679101532828
Epoch: 178, Best AUROC test all: 0.8082660005930223, AUPR test all: 0.6626542758739751, AUROC test unknown: 0.7523272311880551, AUPR test unknown: 0.48780971592865324
pseudo_counter: Counter({0: 12634, -1: 780, 1: 338})
max_probs: 0.9999356269836426， num of >0.5: 569
AUROC test all: 0.809459545126942, AUPR test all: 0.6643415570589474, AUROC test unknown: 0.7543411053606682, AUPR test unknown: 0.48729425375211927
Epoch: 179, Best AUROC test all: 0.809459545126942, AUPR test all: 0.6643415570589474, AUROC test unknown: 0.7543411053606682, AUPR test unknown: 0.48780971592865324
pseudo_counter: Counter({0: 12634, -1: 780, 1: 338})
max_probs: 0.9999972581863403， num of >0.5: 699
AUROC test all: 0.8118850512876217, AUPR test all: 0.6644105203821, AUROC test unknown: 0.7577306888843497, AUPR test unknown: 0.48633641727845855
Epoch: 180, Best AUROC test all: 0.8118850512876217, AUPR test all: 0.6644105203821, AUROC test unknown: 0.7577306888843497, AUPR test unknown: 0.48780971592865324
pseudo_counter: Counter({0: 12634, -1: 780, 1: 338})
max_probs: 0.9999839067459106， num of >0.5: 737
AUROC test all: 0.8112709741272004, AUPR test all: 0.6626502779452907, AUROC test unknown: 0.7562022624609717, AUPR test unknown: 0.4841355553619503
Epoch: 181, Best AUROC test all: 0.8118850512876217, AUPR test all: 0.6644105203821, AUROC test unknown: 0.7577306888843497, AUPR test unknown: 0.48780971592865324
pseudo_counter: Counter({0: 12634, -1: 780, 1: 338})
max_probs: 0.9999656677246094， num of >0.5: 698
AUROC test all: 0.8039811300744507, AUPR test all: 0.6541513339225438, AUROC test unknown: 0.7477756166445104, AUPR test unknown: 0.4765179639407785
Epoch: 182, Best AUROC test all: 0.8118850512876217, AUPR test all: 0.6644105203821, AUROC test unknown: 0.7577306888843497, AUPR test unknown: 0.48780971592865324
pseudo_counter: Counter({0: 12633, -1: 780, 1: 339})
max_probs: 0.9999668598175049， num of >0.5: 612
AUROC test all: 0.8045206436713952, AUPR test all: 0.6562597818006695, AUROC test unknown: 0.7479331472345654, AUPR test unknown: 0.47648212917647675
Epoch: 183, Best AUROC test all: 0.8118850512876217, AUPR test all: 0.6644105203821, AUROC test unknown: 0.7577306888843497, AUPR test unknown: 0.48780971592865324
pseudo_counter: Counter({0: 12633, -1: 780, 1: 339})
max_probs: 0.9999880790710449， num of >0.5: 634
AUROC test all: 0.8041423901220686, AUPR test all: 0.6570103553326931, AUROC test unknown: 0.7476804525017616, AUPR test unknown: 0.48136755357928307
Epoch: 184, Best AUROC test all: 0.8118850512876217, AUPR test all: 0.6644105203821, AUROC test unknown: 0.7577306888843497, AUPR test unknown: 0.48780971592865324
pseudo_counter: Counter({0: 12633, -1: 780, 1: 339})
max_probs: 0.9999861717224121， num of >0.5: 652
AUROC test all: 0.8073869257665254, AUPR test all: 0.6644175550251957, AUROC test unknown: 0.7514627114419887, AUPR test unknown: 0.4934892326854717
Epoch: 185, Best AUROC test all: 0.8118850512876217, AUPR test all: 0.6644175550251957, AUROC test unknown: 0.7577306888843497, AUPR test unknown: 0.4934892326854717
pseudo_counter: Counter({0: 12633, -1: 780, 1: 339})
max_probs: 0.9999973773956299， num of >0.5: 770
AUROC test all: 0.8126357098139319, AUPR test all: 0.669018252603046, AUROC test unknown: 0.7581722768166156, AUPR test unknown: 0.4987977613849498
Epoch: 186, Best AUROC test all: 0.8126357098139319, AUPR test all: 0.669018252603046, AUROC test unknown: 0.7581722768166156, AUPR test unknown: 0.4987977613849498
pseudo_counter: Counter({0: 12633, -1: 780, 1: 339})
max_probs: 0.9999969005584717， num of >0.5: 879
AUROC test all: 0.8196874596333831, AUPR test all: 0.6733178170635304, AUROC test unknown: 0.7674496894712998, AUPR test unknown: 0.5076935227517143
Epoch: 187, Best AUROC test all: 0.8196874596333831, AUPR test all: 0.6733178170635304, AUROC test unknown: 0.7674496894712998, AUPR test unknown: 0.5076935227517143
pseudo_counter: Counter({0: 12633, -1: 780, 1: 339})
max_probs: 0.9999977350234985， num of >0.5: 1049
AUROC test all: 0.8213654494419131, AUPR test all: 0.6773599488136401, AUROC test unknown: 0.7695240166431712, AUPR test unknown: 0.5119768584975264
Epoch: 188, Best AUROC test all: 0.8213654494419131, AUPR test all: 0.6773599488136401, AUROC test unknown: 0.7695240166431712, AUPR test unknown: 0.5119768584975264
pseudo_counter: Counter({0: 12633, -1: 780, 1: 339})
max_probs: 0.9999959468841553， num of >0.5: 939
AUROC test all: 0.8129314411542797, AUPR test all: 0.6652571839354664, AUROC test unknown: 0.7588027280507179, AUPR test unknown: 0.4917890795179047
Epoch: 189, Best AUROC test all: 0.8213654494419131, AUPR test all: 0.6773599488136401, AUROC test unknown: 0.7695240166431712, AUPR test unknown: 0.5119768584975264
pseudo_counter: Counter({0: 12632, -1: 780, 1: 340})
max_probs: 0.9999791383743286， num of >0.5: 689
AUROC test all: 0.8078215779016991, AUPR test all: 0.6525218587034496, AUROC test unknown: 0.7530520393290112, AUPR test unknown: 0.47066169073642283
Epoch: 190, Best AUROC test all: 0.8213654494419131, AUPR test all: 0.6773599488136401, AUROC test unknown: 0.7695240166431712, AUPR test unknown: 0.5119768584975264
pseudo_counter: Counter({0: 12632, -1: 780, 1: 340})
max_probs: 0.9999662637710571， num of >0.5: 459
AUROC test all: 0.8053811177442841, AUPR test all: 0.6518997937717441, AUROC test unknown: 0.7495239700028751, AUPR test unknown: 0.46894170641782196
Epoch: 191, Best AUROC test all: 0.8213654494419131, AUPR test all: 0.6773599488136401, AUROC test unknown: 0.7695240166431712, AUPR test unknown: 0.5119768584975264
pseudo_counter: Counter({0: 12632, -1: 780, 1: 340})
max_probs: 0.9999184608459473， num of >0.5: 391
AUROC test all: 0.8077709820170391, AUPR test all: 0.6524597754908074, AUROC test unknown: 0.7523468739281701, AUPR test unknown: 0.4689593959028145
Epoch: 192, Best AUROC test all: 0.8213654494419131, AUPR test all: 0.6773599488136401, AUROC test unknown: 0.7695240166431712, AUPR test unknown: 0.5119768584975264
pseudo_counter: Counter({0: 12633, -1: 780, 1: 339})
max_probs: 0.999543309211731， num of >0.5: 355
AUROC test all: 0.8164360891867375, AUPR test all: 0.6629708922850295, AUROC test unknown: 0.7636980456998365, AUPR test unknown: 0.48245992309522234
Epoch: 193, Best AUROC test all: 0.8213654494419131, AUPR test all: 0.6773599488136401, AUROC test unknown: 0.7695240166431712, AUPR test unknown: 0.5119768584975264
pseudo_counter: Counter({0: 12632, -1: 780, 1: 340})
max_probs: 0.999650239944458， num of >0.5: 476
AUROC test all: 0.822620002612821, AUPR test all: 0.6713780078990101, AUROC test unknown: 0.7711957423867489, AUPR test unknown: 0.4951553551409235
Epoch: 194, Best AUROC test all: 0.822620002612821, AUPR test all: 0.6773599488136401, AUROC test unknown: 0.7711957423867489, AUPR test unknown: 0.5119768584975264
pseudo_counter: Counter({0: 12632, -1: 780, 1: 340})
max_probs: 0.9999295473098755， num of >0.5: 586
AUROC test all: 0.8290166664587174, AUPR test all: 0.6808059123262897, AUROC test unknown: 0.7793260130391917, AUPR test unknown: 0.5078285214093433
Epoch: 195, Best AUROC test all: 0.8290166664587174, AUPR test all: 0.6808059123262897, AUROC test unknown: 0.7793260130391917, AUPR test unknown: 0.5119768584975264
pseudo_counter: Counter({0: 12632, -1: 780, 1: 340})
max_probs: 0.999981164932251， num of >0.5: 789
AUROC test all: 0.8231760527613701, AUPR test all: 0.6704532081116754, AUROC test unknown: 0.7718209615363456, AUPR test unknown: 0.4934000771355733
Epoch: 196, Best AUROC test all: 0.8290166664587174, AUPR test all: 0.6808059123262897, AUROC test unknown: 0.7793260130391917, AUPR test unknown: 0.5119768584975264
pseudo_counter: Counter({0: 12631, -1: 780, 1: 341})
max_probs: 0.9999822378158569， num of >0.5: 753
AUROC test all: 0.8155606611171131, AUPR test all: 0.6635212631540446, AUROC test unknown: 0.7622201761615944, AUPR test unknown: 0.4844588703092465
Epoch: 197, Best AUROC test all: 0.8290166664587174, AUPR test all: 0.6808059123262897, AUROC test unknown: 0.7793260130391917, AUPR test unknown: 0.5119768584975264
pseudo_counter: Counter({0: 12630, -1: 780, 1: 342})
max_probs: 0.9999852180480957， num of >0.5: 688
AUROC test all: 0.801487780474594, AUPR test all: 0.6502903396803734, AUROC test unknown: 0.7442355284728245, AUPR test unknown: 0.46764631809842466
Epoch: 198, Best AUROC test all: 0.8290166664587174, AUPR test all: 0.6808059123262897, AUROC test unknown: 0.7793260130391917, AUPR test unknown: 0.5119768584975264
pseudo_counter: Counter({0: 12630, -1: 780, 1: 342})
max_probs: 0.999992847442627， num of >0.5: 551
AUROC test all: 0.7969330040762944, AUPR test all: 0.644424719525182, AUROC test unknown: 0.7384313230010329, AUPR test unknown: 0.45844662498346
Epoch: 199, Best AUROC test all: 0.8290166664587174, AUPR test all: 0.6808059123262897, AUROC test unknown: 0.7793260130391917, AUPR test unknown: 0.5119768584975264
pseudo_counter: Counter({0: 12630, -1: 780, 1: 342})
max_probs: 0.9999889135360718， num of >0.5: 510
AUROC test all: 0.7957663859107296, AUPR test all: 0.6481667336993846, AUROC test unknown: 0.7366632073120504, AUPR test unknown: 0.4657595250911204
Epoch: 200, Best AUROC test all: 0.8290166664587174, AUPR test all: 0.6808059123262897, AUROC test unknown: 0.7793260130391917, AUPR test unknown: 0.5119768584975264
pseudo_counter: Counter({0: 12630, -1: 780, 1: 342})
max_probs: 0.999982476234436， num of >0.5: 588
AUROC test all: 0.8020659405201569, AUPR test all: 0.6531272637010911, AUROC test unknown: 0.7445407533340636, AUPR test unknown: 0.4740229125799675
Epoch: 201, Best AUROC test all: 0.8290166664587174, AUPR test all: 0.6808059123262897, AUROC test unknown: 0.7793260130391917, AUPR test unknown: 0.5119768584975264
pseudo_counter: Counter({0: 12630, -1: 780, 1: 342})
max_probs: 0.9999884366989136， num of >0.5: 751
AUROC test all: 0.8103986194250032, AUPR test all: 0.6624527359338981, AUROC test unknown: 0.7551496567513384, AUPR test unknown: 0.4872875790516499
Epoch: 202, Best AUROC test all: 0.8290166664587174, AUPR test all: 0.6808059123262897, AUROC test unknown: 0.7793260130391917, AUPR test unknown: 0.5119768584975264
pseudo_counter: Counter({0: 12630, -1: 780, 1: 342})
max_probs: 0.9999978542327881， num of >0.5: 869
AUROC test all: 0.8151018348829222, AUPR test all: 0.6660947685514321, AUROC test unknown: 0.7615402742545087, AUPR test unknown: 0.491221667591549
Epoch: 203, Best AUROC test all: 0.8290166664587174, AUPR test all: 0.6808059123262897, AUROC test unknown: 0.7793260130391917, AUPR test unknown: 0.5119768584975264
pseudo_counter: Counter({0: 12629, -1: 780, 1: 343})
max_probs: 0.9999911785125732， num of >0.5: 885
AUROC test all: 0.8133894187720915, AUPR test all: 0.664456005904465, AUROC test unknown: 0.7592229690782012, AUPR test unknown: 0.4863579945485091
Epoch: 204, Best AUROC test all: 0.8290166664587174, AUPR test all: 0.6808059123262897, AUROC test unknown: 0.7793260130391917, AUPR test unknown: 0.5119768584975264
pseudo_counter: Counter({0: 12628, -1: 780, 1: 344})
max_probs: 0.9999728202819824， num of >0.5: 729
AUROC test all: 0.8077476106632455, AUPR test all: 0.6561840653528739, AUROC test unknown: 0.7527014896671413, AUPR test unknown: 0.47297742388501757
Epoch: 205, Best AUROC test all: 0.8290166664587174, AUPR test all: 0.6808059123262897, AUROC test unknown: 0.7793260130391917, AUPR test unknown: 0.5119768584975264
pseudo_counter: Counter({0: 12628, -1: 780, 1: 344})
max_probs: 0.999993085861206， num of >0.5: 547
AUROC test all: 0.8009428999524408, AUPR test all: 0.6445345025349057, AUROC test unknown: 0.7436906442436068, AUPR test unknown: 0.4554893360441067
Epoch: 206, Best AUROC test all: 0.8290166664587174, AUPR test all: 0.6808059123262897, AUROC test unknown: 0.7793260130391917, AUPR test unknown: 0.5119768584975264
pseudo_counter: Counter({0: 12628, -1: 780, 1: 344})
max_probs: 0.9998822212219238， num of >0.5: 424
AUROC test all: 0.7992252545298683, AUPR test all: 0.6426747138232781, AUROC test unknown: 0.7412960238071207, AUPR test unknown: 0.44947150523099216
Epoch: 207, Best AUROC test all: 0.8290166664587174, AUPR test all: 0.6808059123262897, AUROC test unknown: 0.7793260130391917, AUPR test unknown: 0.5119768584975264
pseudo_counter: Counter({0: 12628, -1: 780, 1: 344})
max_probs: 0.9998587369918823， num of >0.5: 353
AUROC test all: 0.801587871336179, AUPR test all: 0.6428025859195767, AUROC test unknown: 0.7444377560133694, AUPR test unknown: 0.45040425683811824
Epoch: 208, Best AUROC test all: 0.8290166664587174, AUPR test all: 0.6808059123262897, AUROC test unknown: 0.7793260130391917, AUPR test unknown: 0.5119768584975264
pseudo_counter: Counter({0: 12628, -1: 780, 1: 344})
max_probs: 0.9999339580535889， num of >0.5: 393
AUROC test all: 0.8107589832236339, AUPR test all: 0.6562085801730866, AUROC test unknown: 0.756287261410967, AUPR test unknown: 0.47058854668037525
Epoch: 209, Best AUROC test all: 0.8290166664587174, AUPR test all: 0.6808059123262897, AUROC test unknown: 0.7793260130391917, AUPR test unknown: 0.5119768584975264
pseudo_counter: Counter({0: 12628, -1: 780, 1: 344})
max_probs: 0.9999594688415527， num of >0.5: 502
AUROC test all: 0.8159304055670702, AUPR test all: 0.6650256092067868, AUROC test unknown: 0.7632687157941264, AUPR test unknown: 0.4863551068293838
Epoch: 210, Best AUROC test all: 0.8290166664587174, AUPR test all: 0.6808059123262897, AUROC test unknown: 0.7793260130391917, AUPR test unknown: 0.5119768584975264
pseudo_counter: Counter({0: 12628, -1: 780, 1: 344})
max_probs: 0.9999819993972778， num of >0.5: 658
AUROC test all: 0.8230482098506289, AUPR test all: 0.6744062829486233, AUROC test unknown: 0.7718851218411963, AUPR test unknown: 0.49853278955772534
Epoch: 211, Best AUROC test all: 0.8290166664587174, AUPR test all: 0.6808059123262897, AUROC test unknown: 0.7793260130391917, AUPR test unknown: 0.5119768584975264
pseudo_counter: Counter({0: 12628, -1: 780, 1: 344})
max_probs: 0.9999847412109375， num of >0.5: 740
AUROC test all: 0.8249345464480313, AUPR test all: 0.6785464108488463, AUROC test unknown: 0.7744307551853247, AUPR test unknown: 0.5036738816790943
Epoch: 212, Best AUROC test all: 0.8290166664587174, AUPR test all: 0.6808059123262897, AUROC test unknown: 0.7793260130391917, AUPR test unknown: 0.5119768584975264
pseudo_counter: Counter({0: 12628, -1: 780, 1: 344})
max_probs: 0.9999908208847046， num of >0.5: 843
AUROC test all: 0.8242082455053608, AUPR test all: 0.67270921478053, AUROC test unknown: 0.774032070346004, AUPR test unknown: 0.4961088481365614
Epoch: 213, Best AUROC test all: 0.8290166664587174, AUPR test all: 0.6808059123262897, AUROC test unknown: 0.7793260130391917, AUPR test unknown: 0.5119768584975264
pseudo_counter: Counter({0: 12627, -1: 780, 1: 345})
max_probs: 0.9999796152114868， num of >0.5: 765
AUROC test all: 0.8176251383474054, AUPR test all: 0.6665452795523175, AUROC test unknown: 0.7654802730681709, AUPR test unknown: 0.48786723009991084
Epoch: 214, Best AUROC test all: 0.8290166664587174, AUPR test all: 0.6808059123262897, AUROC test unknown: 0.7793260130391917, AUPR test unknown: 0.5119768584975264
pseudo_counter: Counter({0: 12627, -1: 780, 1: 345})
max_probs: 0.9999792575836182， num of >0.5: 680
AUROC test all: 0.8052943753889874, AUPR test all: 0.6515809044545016, AUROC test unknown: 0.7494567601401984, AUPR test unknown: 0.4661770176229463
Epoch: 215, Best AUROC test all: 0.8290166664587174, AUPR test all: 0.6808059123262897, AUROC test unknown: 0.7793260130391917, AUPR test unknown: 0.5119768584975264
pseudo_counter: Counter({0: 12627, -1: 780, 1: 345})
max_probs: 0.9999809265136719， num of >0.5: 517
AUROC test all: 0.8061206295797763, AUPR test all: 0.6497469525618694, AUROC test unknown: 0.7502300622301141, AUPR test unknown: 0.46251233027759836
Epoch: 216, Best AUROC test all: 0.8290166664587174, AUPR test all: 0.6808059123262897, AUROC test unknown: 0.7793260130391917, AUPR test unknown: 0.5119768584975264
pseudo_counter: Counter({0: 12627, -1: 780, 1: 345})
max_probs: 0.9999769926071167， num of >0.5: 487
AUROC test all: 0.8036037480770811, AUPR test all: 0.6479921295216533, AUROC test unknown: 0.7476541724887309, AUPR test unknown: 0.45914496943839106
Epoch: 217, Best AUROC test all: 0.8290166664587174, AUPR test all: 0.6808059123262897, AUROC test unknown: 0.7793260130391917, AUPR test unknown: 0.5119768584975264
pseudo_counter: Counter({0: 12627, -1: 780, 1: 345})
max_probs: 0.9999874830245972， num of >0.5: 495
AUROC test all: 0.8128783452916378, AUPR test all: 0.6604606792599141, AUROC test unknown: 0.7593656106506346, AUPR test unknown: 0.48013143649323875
Epoch: 218, Best AUROC test all: 0.8290166664587174, AUPR test all: 0.6808059123262897, AUROC test unknown: 0.7793260130391917, AUPR test unknown: 0.5119768584975264
pseudo_counter: Counter({0: 12627, -1: 780, 1: 345})
max_probs: 0.9999873638153076， num of >0.5: 588
AUROC test all: 0.8210747868642624, AUPR test all: 0.6694393488893265, AUROC test unknown: 0.7696276119163804, AUPR test unknown: 0.4912178678191082
Epoch: 219, Best AUROC test all: 0.8290166664587174, AUPR test all: 0.6808059123262897, AUROC test unknown: 0.7793260130391917, AUPR test unknown: 0.5119768584975264
pseudo_counter: Counter({0: 12627, -1: 780, 1: 345})
max_probs: 0.9999940395355225， num of >0.5: 657
AUROC test all: 0.8222781019543314, AUPR test all: 0.6727994250313004, AUROC test unknown: 0.7712934179300607, AUPR test unknown: 0.49632966889708346
Epoch: 220, Best AUROC test all: 0.8290166664587174, AUPR test all: 0.6808059123262897, AUROC test unknown: 0.7793260130391917, AUPR test unknown: 0.5119768584975264
pseudo_counter: Counter({0: 12627, -1: 780, 1: 345})
max_probs: 0.9999885559082031， num of >0.5: 731
AUROC test all: 0.8241888878776847, AUPR test all: 0.6719573502705635, AUROC test unknown: 0.774068665039917, AUPR test unknown: 0.49488877021277755
Epoch: 221, Best AUROC test all: 0.8290166664587174, AUPR test all: 0.6808059123262897, AUROC test unknown: 0.7793260130391917, AUPR test unknown: 0.5119768584975264
pseudo_counter: Counter({0: 12627, -1: 780, 1: 345})
max_probs: 0.9999899864196777， num of >0.5: 754
AUROC test all: 0.8282694941402351, AUPR test all: 0.6786974749105802, AUROC test unknown: 0.779104501530041, AUPR test unknown: 0.5061329693475978
Epoch: 222, Best AUROC test all: 0.8290166664587174, AUPR test all: 0.6808059123262897, AUROC test unknown: 0.7793260130391917, AUPR test unknown: 0.5119768584975264
pseudo_counter: Counter({0: 12627, -1: 780, 1: 345})
max_probs: 0.9999933242797852， num of >0.5: 826
AUROC test all: 0.8288129067854082, AUPR test all: 0.6783152825827816, AUROC test unknown: 0.7794062881643192, AUPR test unknown: 0.5044366077079044
Epoch: 223, Best AUROC test all: 0.8290166664587174, AUPR test all: 0.6808059123262897, AUROC test unknown: 0.7794062881643192, AUPR test unknown: 0.5119768584975264
pseudo_counter: Counter({0: 12627, -1: 780, 1: 345})
max_probs: 0.999990701675415， num of >0.5: 809
AUROC test all: 0.8290566202352713, AUPR test all: 0.6802214495370169, AUROC test unknown: 0.7797163564409293, AUPR test unknown: 0.5081575978012288
Epoch: 224, Best AUROC test all: 0.8290566202352713, AUPR test all: 0.6808059123262897, AUROC test unknown: 0.7797163564409293, AUPR test unknown: 0.5119768584975264
pseudo_counter: Counter({0: 12626, -1: 780, 1: 346})
max_probs: 0.999982476234436， num of >0.5: 802
AUROC test all: 0.8261540769916154, AUPR test all: 0.678004768536626, AUROC test unknown: 0.7758110089755065, AUPR test unknown: 0.504766980012616
Epoch: 225, Best AUROC test all: 0.8290566202352713, AUPR test all: 0.6808059123262897, AUROC test unknown: 0.7797163564409293, AUPR test unknown: 0.5119768584975264
pseudo_counter: Counter({0: 12626, -1: 780, 1: 346})
max_probs: 0.9999876022338867， num of >0.5: 772
AUROC test all: 0.8255289219471096, AUPR test all: 0.6758947331979139, AUROC test unknown: 0.7752518336811823, AUPR test unknown: 0.5009523610603448
Epoch: 226, Best AUROC test all: 0.8290566202352713, AUPR test all: 0.6808059123262897, AUROC test unknown: 0.7797163564409293, AUPR test unknown: 0.5119768584975264
pseudo_counter: Counter({0: 12625, -1: 780, 1: 347})
max_probs: 0.9999902248382568， num of >0.5: 700
AUROC test all: 0.8214488661384266, AUPR test all: 0.6716028598193446, AUROC test unknown: 0.7704926100244587, AUPR test unknown: 0.49662442232508697
Epoch: 227, Best AUROC test all: 0.8290566202352713, AUPR test all: 0.6808059123262897, AUROC test unknown: 0.7797163564409293, AUPR test unknown: 0.5119768584975264
pseudo_counter: Counter({0: 12625, -1: 780, 1: 347})
max_probs: 0.9999744892120361， num of >0.5: 654
AUROC test all: 0.8209817372250667, AUPR test all: 0.6718778954108475, AUROC test unknown: 0.7699403709793076, AUPR test unknown: 0.497337716005437
Epoch: 228, Best AUROC test all: 0.8290566202352713, AUPR test all: 0.6808059123262897, AUROC test unknown: 0.7797163564409293, AUPR test unknown: 0.5119768584975264
pseudo_counter: Counter({0: 12625, -1: 780, 1: 347})
max_probs: 0.999966025352478， num of >0.5: 584
AUROC test all: 0.8165094142290124, AUPR test all: 0.6709133392963709, AUROC test unknown: 0.7636291914677438, AUPR test unknown: 0.49758652849345947
Epoch: 229, Best AUROC test all: 0.8290566202352713, AUPR test all: 0.6808059123262897, AUROC test unknown: 0.7797163564409293, AUPR test unknown: 0.5119768584975264
pseudo_counter: Counter({0: 12625, -1: 780, 1: 347})
max_probs: 0.9999692440032959， num of >0.5: 567
AUROC test all: 0.8079156367063188, AUPR test all: 0.6623914065670482, AUROC test unknown: 0.7531318958873783, AUPR test unknown: 0.48648548098709266
Epoch: 230, Best AUROC test all: 0.8290566202352713, AUPR test all: 0.6808059123262897, AUROC test unknown: 0.7797163564409293, AUPR test unknown: 0.5119768584975264
pseudo_counter: Counter({0: 12625, -1: 780, 1: 347})
max_probs: 0.9999759197235107， num of >0.5: 523
AUROC test all: 0.8066363131113707, AUPR test all: 0.6597757141227583, AUROC test unknown: 0.7506519775246392, AUPR test unknown: 0.4806502622389432
Epoch: 231, Best AUROC test all: 0.8290566202352713, AUPR test all: 0.6808059123262897, AUROC test unknown: 0.7797163564409293, AUPR test unknown: 0.5119768584975264
pseudo_counter: Counter({0: 12625, -1: 780, 1: 347})
max_probs: 0.9999843835830688， num of >0.5: 531
AUROC test all: 0.8064456496529939, AUPR test all: 0.6606339833374613, AUROC test unknown: 0.7513720618407274, AUPR test unknown: 0.48217046903855265
Epoch: 232, Best AUROC test all: 0.8290566202352713, AUPR test all: 0.6808059123262897, AUROC test unknown: 0.7797163564409293, AUPR test unknown: 0.5119768584975264
pseudo_counter: Counter({0: 12625, -1: 780, 1: 347})
max_probs: 0.9999768733978271， num of >0.5: 590
AUROC test all: 0.8075557774904001, AUPR test all: 0.6660892099130477, AUROC test unknown: 0.7519222977449537, AUPR test unknown: 0.4901067653502882
Epoch: 233, Best AUROC test all: 0.8290566202352713, AUPR test all: 0.6808059123262897, AUROC test unknown: 0.7797163564409293, AUPR test unknown: 0.5119768584975264
pseudo_counter: Counter({0: 12625, -1: 780, 1: 347})
max_probs: 0.9999984502792358， num of >0.5: 650
AUROC test all: 0.8106658877132825, AUPR test all: 0.666295581686256, AUROC test unknown: 0.755995430686062, AUPR test unknown: 0.49253771205724656
Epoch: 234, Best AUROC test all: 0.8290566202352713, AUPR test all: 0.6808059123262897, AUROC test unknown: 0.7797163564409293, AUPR test unknown: 0.5119768584975264
pseudo_counter: Counter({0: 12625, -1: 780, 1: 347})
max_probs: 0.9999977350234985， num of >0.5: 743
AUROC test all: 0.8153481400530784, AUPR test all: 0.6696448376137342, AUROC test unknown: 0.7618218201961571, AUPR test unknown: 0.49562523261701513
Epoch: 235, Best AUROC test all: 0.8290566202352713, AUPR test all: 0.6808059123262897, AUROC test unknown: 0.7797163564409293, AUPR test unknown: 0.5119768584975264
pseudo_counter: Counter({0: 12624, -1: 780, 1: 348})
max_probs: 0.9999996423721313， num of >0.5: 794
AUROC test all: 0.8223686057443899, AUPR test all: 0.6755795447653482, AUROC test unknown: 0.7710508584923847, AUPR test unknown: 0.505151512276059
Epoch: 236, Best AUROC test all: 0.8290566202352713, AUPR test all: 0.6808059123262897, AUROC test unknown: 0.7797163564409293, AUPR test unknown: 0.5119768584975264
pseudo_counter: Counter({0: 12624, -1: 780, 1: 348})
max_probs: 0.9999978542327881， num of >0.5: 909
AUROC test all: 0.8296790918171729, AUPR test all: 0.6824663542655902, AUROC test unknown: 0.7805030227695533, AUPR test unknown: 0.5117938696194559
Epoch: 237, Best AUROC test all: 0.8296790918171729, AUPR test all: 0.6824663542655902, AUROC test unknown: 0.7805030227695533, AUPR test unknown: 0.5119768584975264
pseudo_counter: Counter({0: 12624, -1: 780, 1: 348})
max_probs: 0.999996542930603， num of >0.5: 960
AUROC test all: 0.8315434790666064, AUPR test all: 0.686374205838253, AUROC test unknown: 0.7829674840597818, AUPR test unknown: 0.5164932328022297
Epoch: 238, Best AUROC test all: 0.8315434790666064, AUPR test all: 0.686374205838253, AUROC test unknown: 0.7829674840597818, AUPR test unknown: 0.5164932328022297
pseudo_counter: Counter({0: 12623, -1: 780, 1: 349})
max_probs: 0.9999945163726807， num of >0.5: 912
AUROC test all: 0.8178642876172834, AUPR test all: 0.6737003125814135, AUROC test unknown: 0.7662145587564884, AUPR test unknown: 0.5008446141517088
Epoch: 239, Best AUROC test all: 0.8315434790666064, AUPR test all: 0.686374205838253, AUROC test unknown: 0.7829674840597818, AUPR test unknown: 0.5164932328022297
pseudo_counter: Counter({0: 12623, -1: 780, 1: 349})
max_probs: 0.9999880790710449， num of >0.5: 654
AUROC test all: 0.8097105291549725, AUPR test all: 0.659383778123642, AUROC test unknown: 0.7560349553472979, AUPR test unknown: 0.479028522709898
Epoch: 240, Best AUROC test all: 0.8315434790666064, AUPR test all: 0.686374205838253, AUROC test unknown: 0.7829674840597818, AUPR test unknown: 0.5164932328022297
pseudo_counter: Counter({0: 12623, -1: 780, 1: 349})
max_probs: 0.9999653100967407， num of >0.5: 476
AUROC test all: 0.8008020296335006, AUPR test all: 0.64749048937431, AUROC test unknown: 0.7445294520315318, AUPR test unknown: 0.4615264568941635
Epoch: 241, Best AUROC test all: 0.8315434790666064, AUPR test all: 0.686374205838253, AUROC test unknown: 0.7829674840597818, AUPR test unknown: 0.5164932328022297
pseudo_counter: Counter({0: 12623, -1: 780, 1: 349})
max_probs: 0.9999696016311646， num of >0.5: 355
AUROC test all: 0.7996741496588654, AUPR test all: 0.6478622455520261, AUROC test unknown: 0.7431224099686816, AUPR test unknown: 0.4636326649998691
Epoch: 242, Best AUROC test all: 0.8315434790666064, AUPR test all: 0.686374205838253, AUROC test unknown: 0.7829674840597818, AUPR test unknown: 0.5164932328022297
pseudo_counter: Counter({0: 12623, -1: 780, 1: 349})
max_probs: 0.9999526739120483， num of >0.5: 370
AUROC test all: 0.7976873552306327, AUPR test all: 0.6456543498702253, AUROC test unknown: 0.7409150383622416, AUPR test unknown: 0.45969676712984703
Epoch: 243, Best AUROC test all: 0.8315434790666064, AUPR test all: 0.686374205838253, AUROC test unknown: 0.7829674840597818, AUPR test unknown: 0.5164932328022297
pseudo_counter: Counter({0: 12623, -1: 780, 1: 349})
max_probs: 0.9999792575836182， num of >0.5: 433
AUROC test all: 0.8000251328061698, AUPR test all: 0.6529281419630814, AUROC test unknown: 0.7428518962509334, AUPR test unknown: 0.4710694335457497
Epoch: 244, Best AUROC test all: 0.8315434790666064, AUPR test all: 0.686374205838253, AUROC test unknown: 0.7829674840597818, AUPR test unknown: 0.5164932328022297
pseudo_counter: Counter({0: 12623, -1: 780, 1: 349})
max_probs: 0.9999959468841553， num of >0.5: 584
AUROC test all: 0.8040783539888089, AUPR test all: 0.6629295069053724, AUROC test unknown: 0.7485876062621414, AUPR test unknown: 0.48602925903197514
Epoch: 245, Best AUROC test all: 0.8315434790666064, AUPR test all: 0.686374205838253, AUROC test unknown: 0.7829674840597818, AUPR test unknown: 0.5164932328022297
pseudo_counter: Counter({0: 12623, -1: 780, 1: 349})
max_probs: 0.9999990463256836， num of >0.5: 689
AUROC test all: 0.8113151251144944, AUPR test all: 0.6727161877611629, AUROC test unknown: 0.7573577160031707, AUPR test unknown: 0.5013247093576753
Epoch: 246, Best AUROC test all: 0.8315434790666064, AUPR test all: 0.686374205838253, AUROC test unknown: 0.7829674840597818, AUPR test unknown: 0.5164932328022297
pseudo_counter: Counter({0: 12623, -1: 780, 1: 349})
max_probs: 1.0， num of >0.5: 889
AUROC test all: 0.8268956989002665, AUPR test all: 0.6828396532109884, AUROC test unknown: 0.7771987670697503, AUPR test unknown: 0.5162872302090771
Epoch: 247, Best AUROC test all: 0.8315434790666064, AUPR test all: 0.686374205838253, AUROC test unknown: 0.7829674840597818, AUPR test unknown: 0.5164932328022297
pseudo_counter: Counter({0: 12623, -1: 780, 1: 349})
max_probs: 0.9999998807907104， num of >0.5: 1271
AUROC test all: 0.8157068983612621, AUPR test all: 0.6763713940173742, AUROC test unknown: 0.7635249683443939, AUPR test unknown: 0.5085300969400561
Epoch: 248, Best AUROC test all: 0.8315434790666064, AUPR test all: 0.686374205838253, AUROC test unknown: 0.7829674840597818, AUPR test unknown: 0.5164932328022297
pseudo_counter: Counter({0: 12622, -1: 780, 1: 350})
max_probs: 0.9999992847442627， num of >0.5: 968
AUROC test all: 0.8042122289565157, AUPR test all: 0.6635261560230562, AUROC test unknown: 0.7484224517775215, AUPR test unknown: 0.4912184527735901
Epoch: 249, Best AUROC test all: 0.8315434790666064, AUPR test all: 0.686374205838253, AUROC test unknown: 0.7829674840597818, AUPR test unknown: 0.5164932328022297
pseudo_counter: Counter({0: 12621, -1: 780, 1: 351})
max_probs: 0.9999986886978149， num of >0.5: 728
AUROC test all: 0.7952265512156957, AUPR test all: 0.6523276395899553, AUROC test unknown: 0.7370853318899556, AUPR test unknown: 0.4739593338182734
Epoch: 250, Best AUROC test all: 0.8315434790666064, AUPR test all: 0.686374205838253, AUROC test unknown: 0.7829674840597818, AUPR test unknown: 0.5164932328022297
pseudo_counter: Counter({0: 12621, -1: 780, 1: 351})
max_probs: 0.9999991655349731， num of >0.5: 513
AUROC test all: 0.7845781358255928, AUPR test all: 0.6346068390244723, AUROC test unknown: 0.7239690341918815, AUPR test unknown: 0.4486689121735706
Epoch: 251, Best AUROC test all: 0.8315434790666064, AUPR test all: 0.686374205838253, AUROC test unknown: 0.7829674840597818, AUPR test unknown: 0.5164932328022297
pseudo_counter: Counter({0: 12620, -1: 780, 1: 352})
max_probs: 0.9999910593032837， num of >0.5: 368
AUROC test all: 0.7869543075583922, AUPR test all: 0.6353897766723519, AUROC test unknown: 0.7269784694042049, AUPR test unknown: 0.4490734364769732
Epoch: 252, Best AUROC test all: 0.8315434790666064, AUPR test all: 0.686374205838253, AUROC test unknown: 0.7829674840597818, AUPR test unknown: 0.5164932328022297
pseudo_counter: Counter({0: 12620, -1: 780, 1: 352})
max_probs: 0.9999922513961792， num of >0.5: 331
AUROC test all: 0.799144291940181, AUPR test all: 0.6553607748058148, AUROC test unknown: 0.7418194714386785, AUPR test unknown: 0.48169238946755816
Epoch: 253, Best AUROC test all: 0.8315434790666064, AUPR test all: 0.686374205838253, AUROC test unknown: 0.7829674840597818, AUPR test unknown: 0.5164932328022297
pseudo_counter: Counter({0: 12620, -1: 780, 1: 352})
max_probs: 0.9999916553497314， num of >0.5: 479
AUROC test all: 0.8133035938399075, AUPR test all: 0.6701933495779533, AUROC test unknown: 0.7597752978162295, AUPR test unknown: 0.5024908069834708
Epoch: 254, Best AUROC test all: 0.8315434790666064, AUPR test all: 0.686374205838253, AUROC test unknown: 0.7829674840597818, AUPR test unknown: 0.5164932328022297
pseudo_counter: Counter({0: 12620, -1: 780, 1: 352})
max_probs: 0.9999991655349731， num of >0.5: 689
AUROC test all: 0.8303211503825287, AUPR test all: 0.681966245932483, AUROC test unknown: 0.7819989803713715, AUPR test unknown: 0.5204014527540216
Epoch: 255, Best AUROC test all: 0.8315434790666064, AUPR test all: 0.686374205838253, AUROC test unknown: 0.7829674840597818, AUPR test unknown: 0.5204014527540216
pseudo_counter: Counter({0: 12620, -1: 780, 1: 352})
max_probs: 0.9999996423721313， num of >0.5: 940
AUROC test all: 0.8448590039940932, AUPR test all: 0.690412785248973, AUROC test unknown: 0.800521845118818, AUPR test unknown: 0.5331672517755999
Epoch: 256, Best AUROC test all: 0.8448590039940932, AUPR test all: 0.690412785248973, AUROC test unknown: 0.800521845118818, AUPR test unknown: 0.5331672517755999
pseudo_counter: Counter({0: 12619, -1: 780, 1: 353})
max_probs: 0.9999984502792358， num of >0.5: 1278
AUROC test all: 0.8392655211477037, AUPR test all: 0.6903700539946912, AUROC test unknown: 0.7932509518208133, AUPR test unknown: 0.5284342981105273
Epoch: 257, Best AUROC test all: 0.8448590039940932, AUPR test all: 0.690412785248973, AUROC test unknown: 0.800521845118818, AUPR test unknown: 0.5331672517755999
pseudo_counter: Counter({0: 12617, -1: 780, 1: 355})
max_probs: 0.9999983310699463， num of >0.5: 1028
AUROC test all: 0.8291613211479972, AUPR test all: 0.6836678384163323, AUROC test unknown: 0.7799012134609157, AUPR test unknown: 0.5176739095078431
Epoch: 258, Best AUROC test all: 0.8448590039940932, AUPR test all: 0.690412785248973, AUROC test unknown: 0.800521845118818, AUPR test unknown: 0.5331672517755999
pseudo_counter: Counter({0: 12617, -1: 780, 1: 355})
max_probs: 0.9999879598617554， num of >0.5: 764
AUROC test all: 0.817822636607971, AUPR test all: 0.6720969613375682, AUROC test unknown: 0.7658380579554713, AUPR test unknown: 0.49881385820780755
Epoch: 259, Best AUROC test all: 0.8448590039940932, AUPR test all: 0.690412785248973, AUROC test unknown: 0.800521845118818, AUPR test unknown: 0.5331672517755999
pseudo_counter: Counter({0: 12617, -1: 780, 1: 355})
max_probs: 0.9999583959579468， num of >0.5: 502
AUROC test all: 0.8043511268157637, AUPR test all: 0.6576245749163183, AUROC test unknown: 0.7490180423800041, AUPR test unknown: 0.48161947051385423
Epoch: 260, Best AUROC test all: 0.8448590039940932, AUPR test all: 0.690412785248973, AUROC test unknown: 0.800521845118818, AUPR test unknown: 0.5331672517755999
pseudo_counter: Counter({0: 12617, -1: 780, 1: 355})
max_probs: 0.9998784065246582， num of >0.5: 364
AUROC test all: 0.8023750662379487, AUPR test all: 0.6532140384414354, AUROC test unknown: 0.7463214858211107, AUPR test unknown: 0.47430381666366184
Epoch: 261, Best AUROC test all: 0.8448590039940932, AUPR test all: 0.690412785248973, AUROC test unknown: 0.800521845118818, AUPR test unknown: 0.5331672517755999
pseudo_counter: Counter({0: 12617, -1: 780, 1: 355})
max_probs: 0.9999361038208008， num of >0.5: 340
AUROC test all: 0.8045270885687612, AUPR test all: 0.6561880338988125, AUROC test unknown: 0.7487691745432958, AUPR test unknown: 0.47793921370159365
Epoch: 262, Best AUROC test all: 0.8448590039940932, AUPR test all: 0.690412785248973, AUROC test unknown: 0.800521845118818, AUPR test unknown: 0.5331672517755999
pseudo_counter: Counter({0: 12618, -1: 780, 1: 354})
max_probs: 0.9999203681945801， num of >0.5: 385
AUROC test all: 0.8145440875016148, AUPR test all: 0.6704577000226847, AUROC test unknown: 0.7616972367896743, AUPR test unknown: 0.4996119584305502
Epoch: 263, Best AUROC test all: 0.8448590039940932, AUPR test all: 0.690412785248973, AUROC test unknown: 0.800521845118818, AUPR test unknown: 0.5331672517755999
pseudo_counter: Counter({0: 12618, -1: 780, 1: 354})
max_probs: 0.9999650716781616， num of >0.5: 578
AUROC test all: 0.8280868581340936, AUPR test all: 0.6818083488288417, AUROC test unknown: 0.7789066689404808, AUPR test unknown: 0.5136244960012947
Epoch: 264, Best AUROC test all: 0.8448590039940932, AUPR test all: 0.690412785248973, AUROC test unknown: 0.800521845118818, AUPR test unknown: 0.5331672517755999
pseudo_counter: Counter({0: 12618, -1: 780, 1: 354})
max_probs: 0.9999934434890747， num of >0.5: 774
AUROC test all: 0.8399098962064186, AUPR test all: 0.6946549104363509, AUROC test unknown: 0.7937234538981002, AUPR test unknown: 0.5322176545594913
Epoch: 265, Best AUROC test all: 0.8448590039940932, AUPR test all: 0.6946549104363509, AUROC test unknown: 0.800521845118818, AUPR test unknown: 0.5331672517755999
pseudo_counter: Counter({0: 12618, -1: 780, 1: 354})
max_probs: 0.9999911785125732， num of >0.5: 1057
AUROC test all: 0.8435347725377832, AUPR test all: 0.6942058686763094, AUROC test unknown: 0.798686041205147, AUPR test unknown: 0.5313553541167938
Epoch: 266, Best AUROC test all: 0.8448590039940932, AUPR test all: 0.6946549104363509, AUROC test unknown: 0.800521845118818, AUPR test unknown: 0.5331672517755999
pseudo_counter: Counter({0: 12617, -1: 780, 1: 355})
max_probs: 0.9999994039535522， num of >0.5: 1228
AUROC test all: 0.8377364520459268, AUPR test all: 0.6904024360257237, AUROC test unknown: 0.7915208958094052, AUPR test unknown: 0.526239364104379
Epoch: 267, Best AUROC test all: 0.8448590039940932, AUPR test all: 0.6946549104363509, AUROC test unknown: 0.800521845118818, AUPR test unknown: 0.5331672517755999
pseudo_counter: Counter({0: 12617, -1: 780, 1: 355})
max_probs: 0.9999990463256836， num of >0.5: 1039
AUROC test all: 0.8279959873747902, AUPR test all: 0.6834574434827259, AUROC test unknown: 0.7784885207467995, AUPR test unknown: 0.5196426322036284
Epoch: 268, Best AUROC test all: 0.8448590039940932, AUPR test all: 0.6946549104363509, AUROC test unknown: 0.800521845118818, AUPR test unknown: 0.5331672517755999
pseudo_counter: Counter({0: 12617, -1: 780, 1: 355})
max_probs: 0.9999972581863403， num of >0.5: 844
AUROC test all: 0.8192973942614817, AUPR test all: 0.6768115505476686, AUROC test unknown: 0.7674922337927362, AUPR test unknown: 0.5098241246786105
Epoch: 269, Best AUROC test all: 0.8448590039940932, AUPR test all: 0.6946549104363509, AUROC test unknown: 0.800521845118818, AUPR test unknown: 0.5331672517755999
pseudo_counter: Counter({0: 12617, -1: 780, 1: 355})
max_probs: 0.9999910593032837， num of >0.5: 682
AUROC test all: 0.8137014573082659, AUPR test all: 0.6690056566871261, AUROC test unknown: 0.7604035366260267, AUPR test unknown: 0.4986597182848044
Epoch: 270, Best AUROC test all: 0.8448590039940932, AUPR test all: 0.6946549104363509, AUROC test unknown: 0.800521845118818, AUPR test unknown: 0.5331672517755999
pseudo_counter: Counter({0: 12617, -1: 780, 1: 355})
max_probs: 0.9999836683273315， num of >0.5: 600
AUROC test all: 0.8126088063811547, AUPR test all: 0.6704142182331745, AUROC test unknown: 0.7586402942500409, AUPR test unknown: 0.5016968575847495
Epoch: 271, Best AUROC test all: 0.8448590039940932, AUPR test all: 0.6946549104363509, AUROC test unknown: 0.800521845118818, AUPR test unknown: 0.5331672517755999
pseudo_counter: Counter({0: 12617, -1: 780, 1: 355})
max_probs: 0.9999977350234985， num of >0.5: 561
AUROC test all: 0.8177348621516728, AUPR test all: 0.6711638293439669, AUROC test unknown: 0.7653819696747186, AUPR test unknown: 0.5003523357324615
Epoch: 272, Best AUROC test all: 0.8448590039940932, AUPR test all: 0.6946549104363509, AUROC test unknown: 0.800521845118818, AUPR test unknown: 0.5331672517755999
pseudo_counter: Counter({0: 12616, -1: 780, 1: 356})
max_probs: 0.9999948740005493， num of >0.5: 592
AUROC test all: 0.821694437370093, AUPR test all: 0.6751627736686481, AUROC test unknown: 0.770455865842417, AUPR test unknown: 0.5050928109469988
Epoch: 273, Best AUROC test all: 0.8448590039940932, AUPR test all: 0.6946549104363509, AUROC test unknown: 0.800521845118818, AUPR test unknown: 0.5331672517755999
pseudo_counter: Counter({0: 12616, -1: 780, 1: 356})
max_probs: 0.9999953508377075， num of >0.5: 660
AUROC test all: 0.8267268701119697, AUPR test all: 0.6829789334476908, AUROC test unknown: 0.7769207490479401, AUPR test unknown: 0.517123614667206
Epoch: 274, Best AUROC test all: 0.8448590039940932, AUPR test all: 0.6946549104363509, AUROC test unknown: 0.800521845118818, AUPR test unknown: 0.5331672517755999
pseudo_counter: Counter({0: 12616, -1: 780, 1: 356})
max_probs: 0.9999892711639404， num of >0.5: 727
AUROC test all: 0.8398944146913936, AUPR test all: 0.6933143527457858, AUROC test unknown: 0.7937266230464294, AUPR test unknown: 0.5291512905693327
Epoch: 275, Best AUROC test all: 0.8448590039940932, AUPR test all: 0.6946549104363509, AUROC test unknown: 0.800521845118818, AUPR test unknown: 0.5331672517755999
pseudo_counter: Counter({0: 12616, -1: 780, 1: 356})
max_probs: 0.9999905824661255， num of >0.5: 860
AUROC test all: 0.8454769113960098, AUPR test all: 0.6959229803787097, AUROC test unknown: 0.8012574463026683, AUPR test unknown: 0.5353399271510948
Epoch: 276, Best AUROC test all: 0.8454769113960098, AUPR test all: 0.6959229803787097, AUROC test unknown: 0.8012574463026683, AUPR test unknown: 0.5353399271510948
pseudo_counter: Counter({0: 12616, -1: 780, 1: 356})
max_probs: 0.9999916553497314， num of >0.5: 955
AUROC test all: 0.8451022128612445, AUPR test all: 0.6951520154941009, AUROC test unknown: 0.8008010590456582, AUPR test unknown: 0.5314611286699559
Epoch: 277, Best AUROC test all: 0.8454769113960098, AUPR test all: 0.6959229803787097, AUROC test unknown: 0.8012574463026683, AUPR test unknown: 0.5353399271510948
pseudo_counter: Counter({0: 12615, -1: 780, 1: 357})
max_probs: 0.9999899864196777， num of >0.5: 938
AUROC test all: 0.8423193015914722, AUPR test all: 0.6968184615527493, AUROC test unknown: 0.7973496771295601, AUPR test unknown: 0.5363132871860656
Epoch: 278, Best AUROC test all: 0.8454769113960098, AUPR test all: 0.6968184615527493, AUROC test unknown: 0.8012574463026683, AUPR test unknown: 0.5363132871860656
pseudo_counter: Counter({0: 12614, -1: 780, 1: 358})
max_probs: 0.999995231628418， num of >0.5: 851
AUROC test all: 0.8366107280156065, AUPR test all: 0.6923891129450985, AUROC test unknown: 0.7899463074518756, AUPR test unknown: 0.5309133531116447
Epoch: 279, Best AUROC test all: 0.8454769113960098, AUPR test all: 0.6968184615527493, AUROC test unknown: 0.8012574463026683, AUPR test unknown: 0.5363132871860656
pseudo_counter: Counter({0: 12614, -1: 780, 1: 358})
max_probs: 0.999972939491272， num of >0.5: 774
AUROC test all: 0.830282045222354, AUPR test all: 0.6848052319050758, AUROC test unknown: 0.7815176584944894, AUPR test unknown: 0.5189420449737316
Epoch: 280, Best AUROC test all: 0.8454769113960098, AUPR test all: 0.6968184615527493, AUROC test unknown: 0.8012574463026683, AUPR test unknown: 0.5363132871860656
pseudo_counter: Counter({0: 12614, -1: 780, 1: 358})
max_probs: 0.9999858140945435， num of >0.5: 630
AUROC test all: 0.8283040580560024, AUPR test all: 0.6820407968897456, AUROC test unknown: 0.7792236435686379, AUPR test unknown: 0.5162186028493261
Epoch: 281, Best AUROC test all: 0.8454769113960098, AUPR test all: 0.6968184615527493, AUROC test unknown: 0.8012574463026683, AUPR test unknown: 0.5363132871860656
pseudo_counter: Counter({0: 12614, -1: 780, 1: 358})
max_probs: 0.9999877214431763， num of >0.5: 568
AUROC test all: 0.8222499141291966, AUPR test all: 0.6749578605117927, AUROC test unknown: 0.771442876161164, AUPR test unknown: 0.506390069136443
Epoch: 282, Best AUROC test all: 0.8454769113960098, AUPR test all: 0.6968184615527493, AUROC test unknown: 0.8012574463026683, AUPR test unknown: 0.5363132871860656
pseudo_counter: Counter({0: 12614, -1: 780, 1: 358})
max_probs: 0.9998877048492432， num of >0.5: 534
AUROC test all: 0.8266779485244901, AUPR test all: 0.6774728789059081, AUROC test unknown: 0.7773926830703379, AUPR test unknown: 0.5085560915960596
Epoch: 283, Best AUROC test all: 0.8454769113960098, AUPR test all: 0.6968184615527493, AUROC test unknown: 0.8012574463026683, AUPR test unknown: 0.5363132871860656
pseudo_counter: Counter({0: 12613, -1: 780, 1: 359})
max_probs: 0.9999911785125732， num of >0.5: 558
AUROC test all: 0.8272086548595535, AUPR test all: 0.6814983693055607, AUROC test unknown: 0.7779165193710305, AUPR test unknown: 0.5154952025561805
Epoch: 284, Best AUROC test all: 0.8454769113960098, AUPR test all: 0.6968184615527493, AUROC test unknown: 0.8012574463026683, AUPR test unknown: 0.5363132871860656
pseudo_counter: Counter({0: 12613, -1: 780, 1: 359})
max_probs: 0.999988317489624， num of >0.5: 603
AUROC test all: 0.8330424566902898, AUPR test all: 0.6853224631438095, AUROC test unknown: 0.7857288885689178, AUPR test unknown: 0.5192399907431351
Epoch: 285, Best AUROC test all: 0.8454769113960098, AUPR test all: 0.6968184615527493, AUROC test unknown: 0.8012574463026683, AUPR test unknown: 0.5363132871860656
pseudo_counter: Counter({0: 12612, -1: 780, 1: 360})
max_probs: 0.999991774559021， num of >0.5: 681
AUROC test all: 0.839025477390291, AUPR test all: 0.6937817856617526, AUROC test unknown: 0.7931841306272713, AUPR test unknown: 0.5317742851708979
Epoch: 286, Best AUROC test all: 0.8454769113960098, AUPR test all: 0.6968184615527493, AUROC test unknown: 0.8012574463026683, AUPR test unknown: 0.5363132871860656
pseudo_counter: Counter({0: 12612, -1: 780, 1: 360})
max_probs: 0.9999977350234985， num of >0.5: 770
AUROC test all: 0.8410487852584051, AUPR test all: 0.6931307095987109, AUROC test unknown: 0.7957616946356961, AUPR test unknown: 0.5304862855722191
Epoch: 287, Best AUROC test all: 0.8454769113960098, AUPR test all: 0.6968184615527493, AUROC test unknown: 0.8012574463026683, AUPR test unknown: 0.5363132871860656
pseudo_counter: Counter({0: 12612, -1: 780, 1: 360})
max_probs: 0.9999985694885254， num of >0.5: 863
AUROC test all: 0.8445147180355108, AUPR test all: 0.6969177543298852, AUROC test unknown: 0.7998725284828702, AUPR test unknown: 0.5343123820907243
Epoch: 288, Best AUROC test all: 0.8454769113960098, AUPR test all: 0.6969177543298852, AUROC test unknown: 0.8012574463026683, AUPR test unknown: 0.5363132871860656
pseudo_counter: Counter({0: 12612, -1: 780, 1: 360})
max_probs: 0.999988317489624， num of >0.5: 931
AUROC test all: 0.8471269427351832, AUPR test all: 0.7020027527995112, AUROC test unknown: 0.8034494206318492, AUPR test unknown: 0.5445419821908546
Epoch: 289, Best AUROC test all: 0.8471269427351832, AUPR test all: 0.7020027527995112, AUROC test unknown: 0.8034494206318492, AUPR test unknown: 0.5445419821908546
pseudo_counter: Counter({0: 12612, -1: 780, 1: 360})
max_probs: 0.9999953508377075， num of >0.5: 991
AUROC test all: 0.8469104767517645, AUPR test all: 0.7002182071841981, AUROC test unknown: 0.8036061439860089, AUPR test unknown: 0.5404646559644195
Epoch: 290, Best AUROC test all: 0.8471269427351832, AUPR test all: 0.7020027527995112, AUROC test unknown: 0.8036061439860089, AUPR test unknown: 0.5445419821908546
pseudo_counter: Counter({0: 12611, -1: 780, 1: 361})
max_probs: 0.9999929666519165， num of >0.5: 974
AUROC test all: 0.8428553748517444, AUPR test all: 0.6964868544578411, AUROC test unknown: 0.7980119992327074, AUPR test unknown: 0.5338423119750348
Epoch: 291, Best AUROC test all: 0.8471269427351832, AUPR test all: 0.7020027527995112, AUROC test unknown: 0.8036061439860089, AUPR test unknown: 0.5445419821908546
pseudo_counter: Counter({0: 12610, -1: 780, 1: 362})
max_probs: 0.9999997615814209， num of >0.5: 924
AUROC test all: 0.845988902299576, AUPR test all: 0.7008083027551215, AUROC test unknown: 0.8022379688366285, AUPR test unknown: 0.5414684561288734
Epoch: 292, Best AUROC test all: 0.8471269427351832, AUPR test all: 0.7020027527995112, AUROC test unknown: 0.8036061439860089, AUPR test unknown: 0.5445419821908546
pseudo_counter: Counter({0: 12609, -1: 780, 1: 363})
max_probs: 0.9999936819076538， num of >0.5: 884
AUROC test all: 0.8471801074045587, AUPR test all: 0.7003034358939719, AUROC test unknown: 0.8035654832149945, AUPR test unknown: 0.5414792501293563
Epoch: 293, Best AUROC test all: 0.8471801074045587, AUPR test all: 0.7020027527995112, AUROC test unknown: 0.8036061439860089, AUPR test unknown: 0.5445419821908546
pseudo_counter: Counter({0: 12609, -1: 780, 1: 363})
max_probs: 0.9999982118606567， num of >0.5: 890
AUROC test all: 0.8508915884777528, AUPR test all: 0.7020069588906909, AUROC test unknown: 0.8090361208763401, AUPR test unknown: 0.5430777861585548
Epoch: 294, Best AUROC test all: 0.8508915884777528, AUPR test all: 0.7020069588906909, AUROC test unknown: 0.8090361208763401, AUPR test unknown: 0.5445419821908546
pseudo_counter: Counter({0: 12608, -1: 780, 1: 364})
max_probs: 0.9999936819076538， num of >0.5: 896
AUROC test all: 0.8486875253208779, AUPR test all: 0.7014829392462518, AUROC test unknown: 0.8062858083863558, AUPR test unknown: 0.5436774712372807
Epoch: 295, Best AUROC test all: 0.8508915884777528, AUPR test all: 0.7020069588906909, AUROC test unknown: 0.8090361208763401, AUPR test unknown: 0.5445419821908546
pseudo_counter: Counter({0: 12607, -1: 780, 1: 365})
max_probs: 0.9999814033508301， num of >0.5: 853
AUROC test all: 0.844240821365243, AUPR test all: 0.6961203174057161, AUROC test unknown: 0.8005470189196959, AUPR test unknown: 0.5350557785123602
Epoch: 296, Best AUROC test all: 0.8508915884777528, AUPR test all: 0.7020069588906909, AUROC test unknown: 0.8090361208763401, AUPR test unknown: 0.5445419821908546
pseudo_counter: Counter({0: 12606, -1: 780, 1: 366})
max_probs: 0.9999914169311523， num of >0.5: 722
AUROC test all: 0.8401521417793018, AUPR test all: 0.6941495617934895, AUROC test unknown: 0.7950043578779287, AUPR test unknown: 0.5349058133709854
Epoch: 297, Best AUROC test all: 0.8508915884777528, AUPR test all: 0.7020069588906909, AUROC test unknown: 0.8090361208763401, AUPR test unknown: 0.5445419821908546
pseudo_counter: Counter({0: 12606, -1: 780, 1: 366})
max_probs: 0.9999916553497314， num of >0.5: 606
AUROC test all: 0.8362916023858873, AUPR test all: 0.6911245933315109, AUROC test unknown: 0.7898835224378093, AUPR test unknown: 0.5305476410253854
Epoch: 298, Best AUROC test all: 0.8508915884777528, AUPR test all: 0.7020069588906909, AUROC test unknown: 0.8090361208763401, AUPR test unknown: 0.5445419821908546
pseudo_counter: Counter({0: 12606, -1: 780, 1: 366})
max_probs: 0.9999949932098389， num of >0.5: 572
AUROC test all: 0.8390382295715562, AUPR test all: 0.6932015487243819, AUROC test unknown: 0.7934814625153136, AUPR test unknown: 0.5331326844173683
Epoch: 299, Best AUROC test all: 0.8508915884777528, AUPR test all: 0.7020069588906909, AUROC test unknown: 0.8090361208763401, AUPR test unknown: 0.5445419821908546
pseudo_counter: Counter({0: 12606, -1: 780, 1: 366})
max_probs: 0.9999779462814331， num of >0.5: 684
AUROC test all: 0.8403832177257887, AUPR test all: 0.6939791813323054, AUROC test unknown: 0.7953996941831658, AUPR test unknown: 0.5326204349228227
Epoch: 300, Best AUROC test all: 0.8508915884777528, AUPR test all: 0.7020069588906909, AUROC test unknown: 0.8090361208763401, AUPR test unknown: 0.5445419821908546
pseudo_counter: Counter({0: 12606, -1: 780, 1: 366})
max_probs: 0.999996542930603， num of >0.5: 801
AUROC test all: 0.8406661051425602, AUPR test all: 0.6980645951809199, AUROC test unknown: 0.7954445406217845, AUPR test unknown: 0.539235505180175
Epoch: 301, Best AUROC test all: 0.8508915884777528, AUPR test all: 0.7020069588906909, AUROC test unknown: 0.8090361208763401, AUPR test unknown: 0.5445419821908546
pseudo_counter: Counter({0: 12606, -1: 780, 1: 366})
max_probs: 0.9999896287918091， num of >0.5: 835
AUROC test all: 0.8410717667073757, AUPR test all: 0.6970526998721445, AUROC test unknown: 0.7957283886806155, AUPR test unknown: 0.5380807621992131
Epoch: 302, Best AUROC test all: 0.8508915884777528, AUPR test all: 0.7020069588906909, AUROC test unknown: 0.8090361208763401, AUPR test unknown: 0.5445419821908546
pseudo_counter: Counter({0: 12606, -1: 780, 1: 366})
max_probs: 0.999997615814209， num of >0.5: 853
AUROC test all: 0.8354114954583887, AUPR test all: 0.6883437666525044, AUROC test unknown: 0.7890596036675058, AUPR test unknown: 0.5264279323556479
Epoch: 303, Best AUROC test all: 0.8508915884777528, AUPR test all: 0.7020069588906909, AUROC test unknown: 0.8090361208763401, AUPR test unknown: 0.5445419821908546
pseudo_counter: Counter({0: 12606, -1: 780, 1: 366})
max_probs: 0.9999985694885254， num of >0.5: 809
AUROC test all: 0.8379609684171588, AUPR test all: 0.6941401415271378, AUROC test unknown: 0.7919338119185809, AUPR test unknown: 0.5341224280032089
Epoch: 304, Best AUROC test all: 0.8508915884777528, AUPR test all: 0.7020069588906909, AUROC test unknown: 0.8090361208763401, AUPR test unknown: 0.5445419821908546
pseudo_counter: Counter({0: 12606, -1: 780, 1: 366})
max_probs: 0.9999991655349731， num of >0.5: 859
AUROC test all: 0.8380797517746633, AUPR test all: 0.6930718197312342, AUROC test unknown: 0.7919195806487258, AUPR test unknown: 0.5324139809668307
Epoch: 305, Best AUROC test all: 0.8508915884777528, AUPR test all: 0.7020069588906909, AUROC test unknown: 0.8090361208763401, AUPR test unknown: 0.5445419821908546
pseudo_counter: Counter({0: 12606, -1: 780, 1: 366})
max_probs: 0.9999998807907104， num of >0.5: 896
AUROC test all: 0.8417479763480983, AUPR test all: 0.6967141394904819, AUROC test unknown: 0.796689806631724, AUPR test unknown: 0.5389022601405156
Epoch: 306, Best AUROC test all: 0.8508915884777528, AUPR test all: 0.7020069588906909, AUROC test unknown: 0.8090361208763401, AUPR test unknown: 0.5445419821908546
pseudo_counter: Counter({0: 12606, -1: 780, 1: 366})
max_probs: 0.9999994039535522， num of >0.5: 926
AUROC test all: 0.8416119683716548, AUPR test all: 0.6957734858722608, AUROC test unknown: 0.7969188224449371, AUPR test unknown: 0.5370532186618222
Epoch: 307, Best AUROC test all: 0.8508915884777528, AUPR test all: 0.7020069588906909, AUROC test unknown: 0.8090361208763401, AUPR test unknown: 0.5445419821908546
pseudo_counter: Counter({0: 12606, -1: 780, 1: 366})
max_probs: 0.9999994039535522， num of >0.5: 941
AUROC test all: 0.8471101768278004, AUPR test all: 0.6995751303543347, AUROC test unknown: 0.8037220271833996, AUPR test unknown: 0.5424040717719538
Epoch: 308, Best AUROC test all: 0.8508915884777528, AUPR test all: 0.7020069588906909, AUROC test unknown: 0.8090361208763401, AUPR test unknown: 0.5445419821908546
pseudo_counter: Counter({0: 12606, -1: 780, 1: 366})
max_probs: 0.9999960660934448， num of >0.5: 916
AUROC test all: 0.8514646338894629, AUPR test all: 0.7034051867155344, AUROC test unknown: 0.809374890873666, AUPR test unknown: 0.5441102770699997
Epoch: 309, Best AUROC test all: 0.8514646338894629, AUPR test all: 0.7034051867155344, AUROC test unknown: 0.809374890873666, AUPR test unknown: 0.5445419821908546
pseudo_counter: Counter({0: 12606, -1: 780, 1: 366})
max_probs: 0.9999926090240479， num of >0.5: 966
AUROC test all: 0.8539222498590839, AUPR test all: 0.7043789761270844, AUROC test unknown: 0.8124342551209849, AUPR test unknown: 0.5458224378296179
Epoch: 310, Best AUROC test all: 0.8539222498590839, AUPR test all: 0.7043789761270844, AUROC test unknown: 0.8124342551209849, AUPR test unknown: 0.5458224378296179
pseudo_counter: Counter({0: 12606, -1: 780, 1: 366})
max_probs: 0.9999966621398926， num of >0.5: 995
AUROC test all: 0.8538888097866293, AUPR test all: 0.7059657640719107, AUROC test unknown: 0.8133841624861814, AUPR test unknown: 0.5509904537809623
Epoch: 311, Best AUROC test all: 0.8539222498590839, AUPR test all: 0.7059657640719107, AUROC test unknown: 0.8133841624861814, AUPR test unknown: 0.5509904537809623
pseudo_counter: Counter({0: 12606, -1: 780, 1: 366})
max_probs: 0.9999961853027344， num of >0.5: 949
AUROC test all: 0.8551754727664784, AUPR test all: 0.7074329065872164, AUROC test unknown: 0.8139065637008381, AUPR test unknown: 0.5507467183121539
Epoch: 312, Best AUROC test all: 0.8551754727664784, AUPR test all: 0.7074329065872164, AUROC test unknown: 0.8139065637008381, AUPR test unknown: 0.5509904537809623
pseudo_counter: Counter({0: 12606, -1: 780, 1: 366})
max_probs: 0.9999841451644897， num of >0.5: 977
AUROC test all: 0.8582455833416512, AUPR test all: 0.708968367848441, AUROC test unknown: 0.8180501952434552, AUPR test unknown: 0.5519152448171439
Epoch: 313, Best AUROC test all: 0.8582455833416512, AUPR test all: 0.708968367848441, AUROC test unknown: 0.8180501952434552, AUPR test unknown: 0.5519152448171439
pseudo_counter: Counter({0: 12605, -1: 780, 1: 367})
max_probs: 0.999997615814209， num of >0.5: 1042
AUROC test all: 0.8518658459521824, AUPR test all: 0.7042884742094948, AUROC test unknown: 0.8099441416678667, AUPR test unknown: 0.548635014657542
Epoch: 314, Best AUROC test all: 0.8582455833416512, AUPR test all: 0.708968367848441, AUROC test unknown: 0.8180501952434552, AUPR test unknown: 0.5519152448171439
pseudo_counter: Counter({0: 12605, -1: 780, 1: 367})
max_probs: 0.9999974966049194， num of >0.5: 909
AUROC test all: 0.8472285244093263, AUPR test all: 0.7039837338779749, AUROC test unknown: 0.8043276633881329, AUPR test unknown: 0.5506508971600514
Epoch: 315, Best AUROC test all: 0.8582455833416512, AUPR test all: 0.708968367848441, AUROC test unknown: 0.8180501952434552, AUPR test unknown: 0.5519152448171439
pseudo_counter: Counter({0: 12605, -1: 780, 1: 367})
max_probs: 0.9999855756759644， num of >0.5: 802
AUROC test all: 0.8459466320296628, AUPR test all: 0.7015456716872895, AUROC test unknown: 0.8024622608249735, AUPR test unknown: 0.545592414177042
Epoch: 316, Best AUROC test all: 0.8582455833416512, AUPR test all: 0.708968367848441, AUROC test unknown: 0.8180501952434552, AUPR test unknown: 0.5519152448171439
pseudo_counter: Counter({0: 12605, -1: 780, 1: 367})
max_probs: 0.9999973773956299， num of >0.5: 775
AUROC test all: 0.844742560065526, AUPR test all: 0.7040430548931899, AUROC test unknown: 0.8008734411975889, AUPR test unknown: 0.5506833639881819
Epoch: 317, Best AUROC test all: 0.8582455833416512, AUPR test all: 0.708968367848441, AUROC test unknown: 0.8180501952434552, AUPR test unknown: 0.5519152448171439
pseudo_counter: Counter({0: 12605, -1: 780, 1: 367})
max_probs: 0.9999873638153076， num of >0.5: 768
AUROC test all: 0.8486865390910319, AUPR test all: 0.7050194091705839, AUROC test unknown: 0.8063921542411336, AUPR test unknown: 0.5520585247630638
Epoch: 318, Best AUROC test all: 0.8582455833416512, AUPR test all: 0.708968367848441, AUROC test unknown: 0.8180501952434552, AUPR test unknown: 0.5520585247630638
pseudo_counter: Counter({0: 12605, -1: 780, 1: 367})
max_probs: 0.9999979734420776， num of >0.5: 851
AUROC test all: 0.8530671427114036, AUPR test all: 0.7076852735645416, AUROC test unknown: 0.8121668507563143, AUPR test unknown: 0.5532040717114886
Epoch: 319, Best AUROC test all: 0.8582455833416512, AUPR test all: 0.708968367848441, AUROC test unknown: 0.8180501952434552, AUPR test unknown: 0.5532040717114886
pseudo_counter: Counter({0: 12605, -1: 780, 1: 367})
max_probs: 0.9999899864196777， num of >0.5: 949
AUROC test all: 0.8552377657958241, AUPR test all: 0.7096567112222985, AUROC test unknown: 0.8142579205986031, AUPR test unknown: 0.5563655992968284
Epoch: 320, Best AUROC test all: 0.8582455833416512, AUPR test all: 0.7096567112222985, AUROC test unknown: 0.8180501952434552, AUPR test unknown: 0.5563655992968284
pseudo_counter: Counter({0: 12604, -1: 780, 1: 368})
max_probs: 0.9999973773956299， num of >0.5: 996
AUROC test all: 0.8507170716661578, AUPR test all: 0.7071230996946091, AUROC test unknown: 0.8088962597831011, AUPR test unknown: 0.5546213459105511
Epoch: 321, Best AUROC test all: 0.8582455833416512, AUPR test all: 0.7096567112222985, AUROC test unknown: 0.8180501952434552, AUPR test unknown: 0.5563655992968284
pseudo_counter: Counter({0: 12604, -1: 780, 1: 368})
max_probs: 0.9999837875366211， num of >0.5: 985
AUROC test all: 0.8427350089393708, AUPR test all: 0.7007657489548137, AUROC test unknown: 0.7988133751931985, AUPR test unknown: 0.545790859574108
Epoch: 322, Best AUROC test all: 0.8582455833416512, AUPR test all: 0.7096567112222985, AUROC test unknown: 0.8180501952434552, AUPR test unknown: 0.5563655992968284
pseudo_counter: Counter({0: 12604, -1: 780, 1: 368})
max_probs: 0.9999874830245972， num of >0.5: 854
AUROC test all: 0.842915099096375, AUPR test all: 0.7019122051245802, AUROC test unknown: 0.7986560837841497, AUPR test unknown: 0.5469549733787877
Epoch: 323, Best AUROC test all: 0.8582455833416512, AUPR test all: 0.7096567112222985, AUROC test unknown: 0.8180501952434552, AUPR test unknown: 0.5563655992968284
pseudo_counter: Counter({0: 12604, -1: 780, 1: 368})
max_probs: 0.9999977350234985， num of >0.5: 866
AUROC test all: 0.845911265368672, AUPR test all: 0.7057633531604446, AUROC test unknown: 0.8024064718553319, AUPR test unknown: 0.5508458129577681
Epoch: 324, Best AUROC test all: 0.8582455833416512, AUPR test all: 0.7096567112222985, AUROC test unknown: 0.8180501952434552, AUPR test unknown: 0.5563655992968284
pseudo_counter: Counter({0: 12603, -1: 780, 1: 369})
max_probs: 0.9999988079071045， num of >0.5: 911
AUROC test all: 0.8500880175734233, AUPR test all: 0.706743100880113, AUROC test unknown: 0.8075723929150759, AUPR test unknown: 0.5540051264885173
Epoch: 325, Best AUROC test all: 0.8582455833416512, AUPR test all: 0.7096567112222985, AUROC test unknown: 0.8180501952434552, AUPR test unknown: 0.5563655992968284
pseudo_counter: Counter({0: 12603, -1: 780, 1: 369})
max_probs: 0.9999985694885254， num of >0.5: 1017
AUROC test all: 0.8604916415415058, AUPR test all: 0.7133846263464013, AUROC test unknown: 0.8213472755130791, AUPR test unknown: 0.5621165329731643
Epoch: 326, Best AUROC test all: 0.8604916415415058, AUPR test all: 0.7133846263464013, AUROC test unknown: 0.8213472755130791, AUPR test unknown: 0.5621165329731643
pseudo_counter: Counter({0: 12603, -1: 780, 1: 369})
max_probs: 0.9999982118606567， num of >0.5: 1263
AUROC test all: 0.8619920411710136, AUPR test all: 0.7111707474649206, AUROC test unknown: 0.8233530175314894, AUPR test unknown: 0.5567349927210766
Epoch: 327, Best AUROC test all: 0.8619920411710136, AUPR test all: 0.7133846263464013, AUROC test unknown: 0.8233530175314894, AUPR test unknown: 0.5621165329731643
pseudo_counter: Counter({0: 12603, -1: 780, 1: 369})
max_probs: 0.9999997615814209， num of >0.5: 1326
AUROC test all: 0.8498398087503082, AUPR test all: 0.7082591404991259, AUROC test unknown: 0.8072512625169401, AUPR test unknown: 0.5546189037138742
Epoch: 328, Best AUROC test all: 0.8619920411710136, AUPR test all: 0.7133846263464013, AUROC test unknown: 0.8233530175314894, AUPR test unknown: 0.5621165329731643
pseudo_counter: Counter({0: 12603, -1: 780, 1: 369})
max_probs: 0.9999932050704956， num of >0.5: 1014
AUROC test all: 0.8343006795536481, AUPR test all: 0.6978366354116554, AUROC test unknown: 0.7872227832345595, AUPR test unknown: 0.543753540922639
Epoch: 329, Best AUROC test all: 0.8619920411710136, AUPR test all: 0.7133846263464013, AUROC test unknown: 0.8233530175314894, AUPR test unknown: 0.5621165329731643
pseudo_counter: Counter({0: 12602, -1: 780, 1: 370})
max_probs: 0.9999967813491821， num of >0.5: 764
AUROC test all: 0.8276062201654004, AUPR test all: 0.6930578813758302, AUROC test unknown: 0.7794324784844726, AUPR test unknown: 0.5384734439689206
Epoch: 330, Best AUROC test all: 0.8619920411710136, AUPR test all: 0.7133846263464013, AUROC test unknown: 0.8233530175314894, AUPR test unknown: 0.5621165329731643
pseudo_counter: Counter({0: 12602, -1: 780, 1: 370})
max_probs: 0.9999943971633911， num of >0.5: 657
AUROC test all: 0.8281009176432942, AUPR test all: 0.6946810686029554, AUROC test unknown: 0.7796746791506395, AUPR test unknown: 0.5435190826252664
Epoch: 331, Best AUROC test all: 0.8619920411710136, AUPR test all: 0.7133846263464013, AUROC test unknown: 0.8233530175314894, AUPR test unknown: 0.5621165329731643
pseudo_counter: Counter({0: 12602, -1: 780, 1: 370})
max_probs: 0.999992847442627， num of >0.5: 645
AUROC test all: 0.829704252146036, AUPR test all: 0.6946337781947213, AUROC test unknown: 0.7823747038341193, AUPR test unknown: 0.542980844059674
Epoch: 332, Best AUROC test all: 0.8619920411710136, AUPR test all: 0.7133846263464013, AUROC test unknown: 0.8233530175314894, AUPR test unknown: 0.5621165329731643
pseudo_counter: Counter({0: 12602, -1: 780, 1: 370})
max_probs: 0.9999964237213135， num of >0.5: 724
AUROC test all: 0.8385165139829962, AUPR test all: 0.7040260554759411, AUROC test unknown: 0.7928105298959516, AUPR test unknown: 0.5534375433556101
Epoch: 333, Best AUROC test all: 0.8619920411710136, AUPR test all: 0.7133846263464013, AUROC test unknown: 0.8233530175314894, AUPR test unknown: 0.5621165329731643
pseudo_counter: Counter({0: 12602, -1: 780, 1: 370})
max_probs: 0.9999958276748657， num of >0.5: 849
AUROC test all: 0.8475995303160633, AUPR test all: 0.7102033901889183, AUROC test unknown: 0.8053021764993181, AUPR test unknown: 0.5637557036578572
Epoch: 334, Best AUROC test all: 0.8619920411710136, AUPR test all: 0.7133846263464013, AUROC test unknown: 0.8233530175314894, AUPR test unknown: 0.5637557036578572
pseudo_counter: Counter({0: 12602, -1: 780, 1: 370})
max_probs: 0.9999988079071045， num of >0.5: 1048
AUROC test all: 0.8543960759611657, AUPR test all: 0.7124966731066098, AUROC test unknown: 0.8131985879231769, AUPR test unknown: 0.5655133476710589
Epoch: 335, Best AUROC test all: 0.8619920411710136, AUPR test all: 0.7133846263464013, AUROC test unknown: 0.8233530175314894, AUPR test unknown: 0.5655133476710589
pseudo_counter: Counter({0: 12602, -1: 780, 1: 370})
max_probs: 0.9999991655349731， num of >0.5: 1180
AUROC test all: 0.8562685365339902, AUPR test all: 0.7110888097496683, AUROC test unknown: 0.8160775498967456, AUPR test unknown: 0.5613748043826723
Epoch: 336, Best AUROC test all: 0.8619920411710136, AUPR test all: 0.7133846263464013, AUROC test unknown: 0.8233530175314894, AUPR test unknown: 0.5655133476710589
pseudo_counter: Counter({0: 12601, -1: 780, 1: 371})
max_probs: 0.9999998807907104， num of >0.5: 1197
AUROC test all: 0.8500457473035099, AUPR test all: 0.7077841521857968, AUROC test unknown: 0.8084386766210612, AUPR test unknown: 0.5581394998735335
Epoch: 337, Best AUROC test all: 0.8619920411710136, AUPR test all: 0.7133846263464013, AUROC test unknown: 0.8233530175314894, AUPR test unknown: 0.5655133476710589
pseudo_counter: Counter({0: 12601, -1: 780, 1: 371})
max_probs: 0.9999990463256836， num of >0.5: 1090
AUROC test all: 0.844423388564651, AUPR test all: 0.7053452125318874, AUROC test unknown: 0.8010606601300093, AUPR test unknown: 0.5573058418195029
Epoch: 338, Best AUROC test all: 0.8619920411710136, AUPR test all: 0.7133846263464013, AUROC test unknown: 0.8233530175314894, AUPR test unknown: 0.5655133476710589
pseudo_counter: Counter({0: 12601, -1: 780, 1: 371})
max_probs: 0.9999995231628418， num of >0.5: 954
AUROC test all: 0.8435003232999048, AUPR test all: 0.7020172401941029, AUROC test unknown: 0.7997780519855133, AUPR test unknown: 0.5499904848331905
Epoch: 339, Best AUROC test all: 0.8619920411710136, AUPR test all: 0.7133846263464013, AUROC test unknown: 0.8233530175314894, AUPR test unknown: 0.5655133476710589
pseudo_counter: Counter({0: 12601, -1: 780, 1: 371})
max_probs: 0.999998927116394， num of >0.5: 873
AUROC test all: 0.8403536537659851, AUPR test all: 0.7005033328990258, AUROC test unknown: 0.7953638469298965, AUPR test unknown: 0.5463818025566244
Epoch: 340, Best AUROC test all: 0.8619920411710136, AUPR test all: 0.7133846263464013, AUROC test unknown: 0.8233530175314894, AUPR test unknown: 0.5655133476710589
pseudo_counter: Counter({0: 12601, -1: 780, 1: 371})
max_probs: 0.9999978542327881， num of >0.5: 801
AUROC test all: 0.8391991226499289, AUPR test all: 0.6961104193285185, AUROC test unknown: 0.7946844532824484, AUPR test unknown: 0.5412430885078009
Epoch: 341, Best AUROC test all: 0.8619920411710136, AUPR test all: 0.7133846263464013, AUROC test unknown: 0.8233530175314894, AUPR test unknown: 0.5655133476710589
pseudo_counter: Counter({0: 12601, -1: 780, 1: 371})
max_probs: 0.9999966621398926， num of >0.5: 773
AUROC test all: 0.8388233461430066, AUPR test all: 0.699836090720511, AUROC test unknown: 0.7941508404581368, AUPR test unknown: 0.548792944841652
Epoch: 342, Best AUROC test all: 0.8619920411710136, AUPR test all: 0.7133846263464013, AUROC test unknown: 0.8233530175314894, AUPR test unknown: 0.5655133476710589
pseudo_counter: Counter({0: 12601, -1: 780, 1: 371})
max_probs: 0.9999982118606567， num of >0.5: 753
AUROC test all: 0.836999646608617, AUPR test all: 0.696120692860161, AUROC test unknown: 0.791437152559691, AUPR test unknown: 0.5400749628137826
Epoch: 343, Best AUROC test all: 0.8619920411710136, AUPR test all: 0.7133846263464013, AUROC test unknown: 0.8233530175314894, AUPR test unknown: 0.5655133476710589
pseudo_counter: Counter({0: 12601, -1: 780, 1: 371})
max_probs: 0.999997615814209， num of >0.5: 769
AUROC test all: 0.8440811438724943, AUPR test all: 0.7018317197267347, AUROC test unknown: 0.8002129727472378, AUPR test unknown: 0.5485635327269718
Epoch: 344, Best AUROC test all: 0.8619920411710136, AUPR test all: 0.7133846263464013, AUROC test unknown: 0.8233530175314894, AUPR test unknown: 0.5655133476710589
pseudo_counter: Counter({0: 12601, -1: 780, 1: 371})
max_probs: 0.9999998807907104， num of >0.5: 844
AUROC test all: 0.856048263244654, AUPR test all: 0.7109732564905624, AUROC test unknown: 0.8157536091217895, AUPR test unknown: 0.5590862988598959
Epoch: 345, Best AUROC test all: 0.8619920411710136, AUPR test all: 0.7133846263464013, AUROC test unknown: 0.8233530175314894, AUPR test unknown: 0.5655133476710589
pseudo_counter: Counter({0: 12601, -1: 780, 1: 371})
max_probs: 0.9999994039535522， num of >0.5: 1017
AUROC test all: 0.8678125862377726, AUPR test all: 0.7166827955708166, AUROC test unknown: 0.830973623357843, AUPR test unknown: 0.5651375517839273
Epoch: 346, Best AUROC test all: 0.8678125862377726, AUPR test all: 0.7166827955708166, AUROC test unknown: 0.830973623357843, AUPR test unknown: 0.5655133476710589
pseudo_counter: Counter({0: 12600, -1: 780, 1: 372})
max_probs: 0.999998927116394， num of >0.5: 1276
AUROC test all: 0.8711048966908181, AUPR test all: 0.7217466323625944, AUROC test unknown: 0.8356478480645713, AUPR test unknown: 0.5708228200332428
Epoch: 347, Best AUROC test all: 0.8711048966908181, AUPR test all: 0.7217466323625944, AUROC test unknown: 0.8356478480645713, AUPR test unknown: 0.5708228200332428
pseudo_counter: Counter({0: 12599, -1: 780, 1: 373})
max_probs: 0.9999991655349731， num of >0.5: 1411
AUROC test all: 0.8612411991600808, AUPR test all: 0.7166168197594759, AUROC test unknown: 0.822793872134791, AUPR test unknown: 0.5688030045996711
Epoch: 348, Best AUROC test all: 0.8711048966908181, AUPR test all: 0.7217466323625944, AUROC test unknown: 0.8356478480645713, AUPR test unknown: 0.5708228200332428
pseudo_counter: Counter({0: 12599, -1: 780, 1: 373})
max_probs: 0.9999945163726807， num of >0.5: 1008
AUROC test all: 0.8417312333762932, AUPR test all: 0.7013679178512267, AUROC test unknown: 0.7981191224257547, AUPR test unknown: 0.5483950441363064
Epoch: 349, Best AUROC test all: 0.8711048966908181, AUPR test all: 0.7217466323625944, AUROC test unknown: 0.8356478480645713, AUPR test unknown: 0.5708228200332428
pseudo_counter: Counter({0: 12598, -1: 780, 1: 374})
max_probs: 0.9999843835830688， num of >0.5: 691
AUROC test all: 0.8259992847769415, AUPR test all: 0.6831123094659156, AUROC test unknown: 0.7775863000946678, AUPR test unknown: 0.5249554839662924
Epoch: 350, Best AUROC test all: 0.8711048966908181, AUPR test all: 0.7217466323625944, AUROC test unknown: 0.8356478480645713, AUPR test unknown: 0.5708228200332428
pseudo_counter: Counter({0: 12598, -1: 780, 1: 374})
max_probs: 0.999998927116394， num of >0.5: 459
AUROC test all: 0.824206479465869, AUPR test all: 0.6837875567320681, AUROC test unknown: 0.7748464517736946, AUPR test unknown: 0.5248250984840737
Epoch: 351, Best AUROC test all: 0.8711048966908181, AUPR test all: 0.7217466323625944, AUROC test unknown: 0.8356478480645713, AUPR test unknown: 0.5708228200332428
pseudo_counter: Counter({0: 12598, -1: 780, 1: 374})
max_probs: 0.9999831914901733， num of >0.5: 467
AUROC test all: 0.8327161292891365, AUPR test all: 0.6942873504655163, AUROC test unknown: 0.7861253908815589, AUPR test unknown: 0.5387038197196136
Epoch: 352, Best AUROC test all: 0.8711048966908181, AUPR test all: 0.7217466323625944, AUROC test unknown: 0.8356478480645713, AUPR test unknown: 0.5708228200332428
pseudo_counter: Counter({0: 12598, -1: 780, 1: 374})
max_probs: 0.9999911785125732， num of >0.5: 628
AUROC test all: 0.8454820489654403, AUPR test all: 0.7033785839568402, AUROC test unknown: 0.8022796760245439, AUPR test unknown: 0.5519576625422008
Epoch: 353, Best AUROC test all: 0.8711048966908181, AUPR test all: 0.7217466323625944, AUROC test unknown: 0.8356478480645713, AUPR test unknown: 0.5708228200332428
pseudo_counter: Counter({0: 12598, -1: 780, 1: 374})
max_probs: 0.9999942779541016， num of >0.5: 817
AUROC test all: 0.8550275841607267, AUPR test all: 0.7135862417204181, AUROC test unknown: 0.8144457075859125, AUPR test unknown: 0.5657476383416996
Epoch: 354, Best AUROC test all: 0.8711048966908181, AUPR test all: 0.7217466323625944, AUROC test unknown: 0.8356478480645713, AUPR test unknown: 0.5708228200332428
pseudo_counter: Counter({0: 12598, -1: 780, 1: 374})
max_probs: 0.999998927116394， num of >0.5: 1117
AUROC test all: 0.860867578597473, AUPR test all: 0.7169604613371818, AUROC test unknown: 0.8220801859106124, AUPR test unknown: 0.5677487760219652
Epoch: 355, Best AUROC test all: 0.8711048966908181, AUPR test all: 0.7217466323625944, AUROC test unknown: 0.8356478480645713, AUPR test unknown: 0.5708228200332428
pseudo_counter: Counter({0: 12599, -1: 780, 1: 373})
max_probs: 0.9999996423721313， num of >0.5: 1298
AUROC test all: 0.8584725767552872, AUPR test all: 0.7127673139418915, AUROC test unknown: 0.8188336924237503, AUPR test unknown: 0.5653551562445888
Epoch: 356, Best AUROC test all: 0.8711048966908181, AUPR test all: 0.7217466323625944, AUROC test unknown: 0.8356478480645713, AUPR test unknown: 0.5708228200332428
pseudo_counter: Counter({0: 12598, -1: 780, 1: 374})
max_probs: 0.9999983310699463， num of >0.5: 1249
AUROC test all: 0.849129585647686, AUPR test all: 0.7103169992331677, AUROC test unknown: 0.8070601568931726, AUPR test unknown: 0.5603505246948612
Epoch: 357, Best AUROC test all: 0.8711048966908181, AUPR test all: 0.7217466323625944, AUROC test unknown: 0.8356478480645713, AUPR test unknown: 0.5708228200332428
pseudo_counter: Counter({0: 12597, -1: 780, 1: 375})
max_probs: 0.9999995231628418， num of >0.5: 960
AUROC test all: 0.8392910484458118, AUPR test all: 0.6989691143510618, AUROC test unknown: 0.7944840195994484, AUPR test unknown: 0.5433784707830488
Epoch: 358, Best AUROC test all: 0.8711048966908181, AUPR test all: 0.7217466323625944, AUROC test unknown: 0.8356478480645713, AUPR test unknown: 0.5708228200332428
pseudo_counter: Counter({0: 12597, -1: 780, 1: 375})
max_probs: 0.9999960660934448， num of >0.5: 757
AUROC test all: 0.8340093289086628, AUPR test all: 0.690264483886226, AUROC test unknown: 0.7878703658082141, AUPR test unknown: 0.5300027186032179
Epoch: 359, Best AUROC test all: 0.8711048966908181, AUPR test all: 0.7217466323625944, AUROC test unknown: 0.8356478480645713, AUPR test unknown: 0.5708228200332428
pseudo_counter: Counter({0: 12597, -1: 780, 1: 375})
max_probs: 0.9999967813491821， num of >0.5: 595
AUROC test all: 0.8276129861608559, AUPR test all: 0.6790909789204499, AUROC test unknown: 0.7794751722940376, AUPR test unknown: 0.5134545261379928
Epoch: 360, Best AUROC test all: 0.8711048966908181, AUPR test all: 0.7217466323625944, AUROC test unknown: 0.8356478480645713, AUPR test unknown: 0.5708228200332428
pseudo_counter: Counter({0: 12597, -1: 780, 1: 375})
max_probs: 0.9999901056289673， num of >0.5: 534
AUROC test all: 0.8298611085627134, AUPR test all: 0.6859057561783115, AUROC test unknown: 0.7822805562106457, AUPR test unknown: 0.5269920916005161
Epoch: 361, Best AUROC test all: 0.8711048966908181, AUPR test all: 0.7217466323625944, AUROC test unknown: 0.8356478480645713, AUPR test unknown: 0.5708228200332428
pseudo_counter: Counter({0: 12597, -1: 780, 1: 375})
max_probs: 0.9999762773513794， num of >0.5: 524
AUROC test all: 0.8286878849507382, AUPR test all: 0.6828159773902351, AUROC test unknown: 0.7807996969098293, AUPR test unknown: 0.5198389378194957
Epoch: 362, Best AUROC test all: 0.8711048966908181, AUPR test all: 0.7217466323625944, AUROC test unknown: 0.8356478480645713, AUPR test unknown: 0.5708228200332428
pseudo_counter: Counter({0: 12598, -1: 780, 1: 374})
max_probs: 0.9999866485595703， num of >0.5: 575
AUROC test all: 0.8387898601993964, AUPR test all: 0.6968603924654183, AUROC test unknown: 0.7941701543243685, AUPR test unknown: 0.542495640788982
Epoch: 363, Best AUROC test all: 0.8711048966908181, AUPR test all: 0.7217466323625944, AUROC test unknown: 0.8356478480645713, AUPR test unknown: 0.5708228200332428
pseudo_counter: Counter({0: 12598, -1: 780, 1: 374})
max_probs: 0.9999856948852539， num of >0.5: 698
AUROC test all: 0.8454280586152635, AUPR test all: 0.7041710408730759, AUROC test unknown: 0.8024825015176035, AUPR test unknown: 0.5508425533122998
Epoch: 364, Best AUROC test all: 0.8711048966908181, AUPR test all: 0.7217466323625944, AUROC test unknown: 0.8356478480645713, AUPR test unknown: 0.5708228200332428
pseudo_counter: Counter({0: 12598, -1: 780, 1: 374})
max_probs: 0.9999990463256836， num of >0.5: 820
AUROC test all: 0.8529561574503564, AUPR test all: 0.7114619712354825, AUROC test unknown: 0.8122582179005935, AUPR test unknown: 0.5643815036184114
Epoch: 365, Best AUROC test all: 0.8711048966908181, AUPR test all: 0.7217466323625944, AUROC test unknown: 0.8356478480645713, AUPR test unknown: 0.5708228200332428
pseudo_counter: Counter({0: 12599, -1: 780, 1: 373})
max_probs: 0.9999997615814209， num of >0.5: 967
AUROC test all: 0.8567698394582947, AUPR test all: 0.7151901976893507, AUROC test unknown: 0.8175725208769142, AUPR test unknown: 0.5685300158975398
Epoch: 366, Best AUROC test all: 0.8711048966908181, AUPR test all: 0.7217466323625944, AUROC test unknown: 0.8356478480645713, AUPR test unknown: 0.5708228200332428
pseudo_counter: Counter({0: 12599, -1: 780, 1: 373})
max_probs: 0.9999972581863403， num of >0.5: 1081
AUROC test all: 0.8649078182430686, AUPR test all: 0.7177938621689423, AUROC test unknown: 0.8274495603135568, AUPR test unknown: 0.5739387734747373
Epoch: 367, Best AUROC test all: 0.8711048966908181, AUPR test all: 0.7217466323625944, AUROC test unknown: 0.8356478480645713, AUPR test unknown: 0.5739387734747373
pseudo_counter: Counter({0: 12599, -1: 780, 1: 373})
max_probs: 0.9999985694885254， num of >0.5: 1214
AUROC test all: 0.8676135971646489, AUPR test all: 0.7210238532749303, AUROC test unknown: 0.8313859116168779, AUPR test unknown: 0.573634252689506
Epoch: 368, Best AUROC test all: 0.8711048966908181, AUPR test all: 0.7217466323625944, AUROC test unknown: 0.8356478480645713, AUPR test unknown: 0.5739387734747373
pseudo_counter: Counter({0: 12599, -1: 780, 1: 373})
max_probs: 0.9999967813491821， num of >0.5: 1190
AUROC test all: 0.868995373985697, AUPR test all: 0.7209969442296134, AUROC test unknown: 0.8331595583666235, AUPR test unknown: 0.5742906371093996
Epoch: 369, Best AUROC test all: 0.8711048966908181, AUPR test all: 0.7217466323625944, AUROC test unknown: 0.8356478480645713, AUPR test unknown: 0.5742906371093996
pseudo_counter: Counter({0: 12598, -1: 780, 1: 374})
max_probs: 0.9999945163726807， num of >0.5: 1170
AUROC test all: 0.8659965471863734, AUPR test all: 0.7228626542139668, AUROC test unknown: 0.8293802293937192, AUPR test unknown: 0.5763946006106887
Epoch: 370, Best AUROC test all: 0.8711048966908181, AUPR test all: 0.7228626542139668, AUROC test unknown: 0.8356478480645713, AUPR test unknown: 0.5763946006106887
pseudo_counter: Counter({0: 12598, -1: 780, 1: 374})
max_probs: 0.9999555349349976， num of >0.5: 1045
AUROC test all: 0.8633631529483777, AUPR test all: 0.7187103622982983, AUROC test unknown: 0.8253424055486168, AUPR test unknown: 0.5682696283634825
Epoch: 371, Best AUROC test all: 0.8711048966908181, AUPR test all: 0.7228626542139668, AUROC test unknown: 0.8356478480645713, AUPR test unknown: 0.5763946006106887
pseudo_counter: Counter({0: 12598, -1: 780, 1: 374})
max_probs: 0.9999394416809082， num of >0.5: 902
AUROC test all: 0.8580764793264206, AUPR test all: 0.7155915145457871, AUROC test unknown: 0.8190389396244955, AUPR test unknown: 0.567842365457841
Epoch: 372, Best AUROC test all: 0.8711048966908181, AUPR test all: 0.7228626542139668, AUROC test unknown: 0.8356478480645713, AUPR test unknown: 0.5763946006106887
pseudo_counter: Counter({0: 12597, -1: 780, 1: 375})
max_probs: 0.9999186992645264， num of >0.5: 773
AUROC test all: 0.851145622937633, AUPR test all: 0.706092681549288, AUROC test unknown: 0.8099441715654923, AUPR test unknown: 0.5548412403484689
Epoch: 373, Best AUROC test all: 0.8711048966908181, AUPR test all: 0.7228626542139668, AUROC test unknown: 0.8356478480645713, AUPR test unknown: 0.5763946006106887
pseudo_counter: Counter({0: 12597, -1: 780, 1: 375})
max_probs: 0.9999158382415771， num of >0.5: 635
AUROC test all: 0.8484094543754477, AUPR test all: 0.7044388330741309, AUROC test unknown: 0.8067834842645207, AUPR test unknown: 0.5546619563435831
Epoch: 374, Best AUROC test all: 0.8711048966908181, AUPR test all: 0.7228626542139668, AUROC test unknown: 0.8356478480645713, AUPR test unknown: 0.5763946006106887
pseudo_counter: Counter({0: 12597, -1: 780, 1: 375})
max_probs: 0.9999114274978638， num of >0.5: 606
AUROC test all: 0.8504443905815141, AUPR test all: 0.7075265480548879, AUROC test unknown: 0.809410768024561, AUPR test unknown: 0.5570798624664972
Epoch: 375, Best AUROC test all: 0.8711048966908181, AUPR test all: 0.7228626542139668, AUROC test unknown: 0.8356478480645713, AUPR test unknown: 0.5763946006106887
pseudo_counter: Counter({0: 12597, -1: 780, 1: 375})
max_probs: 0.9999321699142456， num of >0.5: 623
AUROC test all: 0.8571286436376341, AUPR test all: 0.7111783037142687, AUROC test unknown: 0.8177882023490446, AUPR test unknown: 0.5605837496601075
Epoch: 376, Best AUROC test all: 0.8711048966908181, AUPR test all: 0.7228626542139668, AUROC test unknown: 0.8356478480645713, AUPR test unknown: 0.5763946006106887
pseudo_counter: Counter({0: 12597, -1: 780, 1: 375})
max_probs: 0.9998641014099121， num of >0.5: 763
AUROC test all: 0.86385555686849, AUPR test all: 0.7183390622168084, AUROC test unknown: 0.8268503520983589, AUPR test unknown: 0.5689843693113974
Epoch: 377, Best AUROC test all: 0.8711048966908181, AUPR test all: 0.7228626542139668, AUROC test unknown: 0.8356478480645713, AUPR test unknown: 0.5763946006106887
pseudo_counter: Counter({0: 12597, -1: 780, 1: 375})
max_probs: 0.9999823570251465， num of >0.5: 941
AUROC test all: 0.8668176408721537, AUPR test all: 0.716722482801879, AUROC test unknown: 0.8304207265649254, AUPR test unknown: 0.5654317702288695
Epoch: 378, Best AUROC test all: 0.8711048966908181, AUPR test all: 0.7228626542139668, AUROC test unknown: 0.8356478480645713, AUPR test unknown: 0.5763946006106887
pseudo_counter: Counter({0: 12597, -1: 780, 1: 375})
max_probs: 0.9999951124191284， num of >0.5: 1070
AUROC test all: 0.8739377845846495, AUPR test all: 0.7255139457265354, AUROC test unknown: 0.8390746840299319, AUPR test unknown: 0.577321356018428
Epoch: 379, Best AUROC test all: 0.8739377845846495, AUPR test all: 0.7255139457265354, AUROC test unknown: 0.8390746840299319, AUPR test unknown: 0.577321356018428
pseudo_counter: Counter({0: 12597, -1: 780, 1: 375})
max_probs: 0.9999980926513672， num of >0.5: 1239
AUROC test all: 0.8735036370321875, AUPR test all: 0.7235095782823162, AUROC test unknown: 0.8385382907264263, AUPR test unknown: 0.573009048316155
Epoch: 380, Best AUROC test all: 0.8739377845846495, AUPR test all: 0.7255139457265354, AUROC test unknown: 0.8390746840299319, AUPR test unknown: 0.577321356018428
pseudo_counter: Counter({0: 12597, -1: 780, 1: 375})
max_probs: 0.9999936819076538， num of >0.5: 1346
AUROC test all: 0.8728877938322744, AUPR test all: 0.7224417038799733, AUROC test unknown: 0.8379551375362538, AUPR test unknown: 0.5711165209406845
Epoch: 381, Best AUROC test all: 0.8739377845846495, AUPR test all: 0.7255139457265354, AUROC test unknown: 0.8390746840299319, AUPR test unknown: 0.577321356018428
pseudo_counter: Counter({0: 12595, -1: 780, 1: 377})
max_probs: 0.9999958276748657， num of >0.5: 1187
AUROC test all: 0.8732901756094624, AUPR test all: 0.725657030626204, AUROC test unknown: 0.8379942137331036, AUPR test unknown: 0.5777319725236945
Epoch: 382, Best AUROC test all: 0.8739377845846495, AUPR test all: 0.725657030626204, AUROC test unknown: 0.8390746840299319, AUPR test unknown: 0.5777319725236945
pseudo_counter: Counter({0: 12595, -1: 780, 1: 377})
max_probs: 0.9999895095825195， num of >0.5: 1064
AUROC test all: 0.8673759616429066, AUPR test all: 0.7190076695295404, AUROC test unknown: 0.83027078997181, AUPR test unknown: 0.5694418406399216
Epoch: 383, Best AUROC test all: 0.8739377845846495, AUPR test all: 0.725657030626204, AUROC test unknown: 0.8390746840299319, AUPR test unknown: 0.5777319725236945
pseudo_counter: Counter({0: 12595, -1: 780, 1: 377})
max_probs: 0.9999984502792358， num of >0.5: 915
AUROC test all: 0.8585758556621885, AUPR test all: 0.7140715536953031, AUROC test unknown: 0.8183450456285606, AUPR test unknown: 0.5640240898943396
Epoch: 384, Best AUROC test all: 0.8739377845846495, AUPR test all: 0.725657030626204, AUROC test unknown: 0.8390746840299319, AUPR test unknown: 0.5777319725236945
pseudo_counter: Counter({0: 12595, -1: 780, 1: 377})
max_probs: 0.999991774559021， num of >0.5: 753
AUROC test all: 0.8445947861376633, AUPR test all: 0.7018605676988443, AUROC test unknown: 0.8008711988756578, AUPR test unknown: 0.5495069544655125
Epoch: 385, Best AUROC test all: 0.8739377845846495, AUPR test all: 0.725657030626204, AUROC test unknown: 0.8390746840299319, AUPR test unknown: 0.5777319725236945
pseudo_counter: Counter({0: 12595, -1: 780, 1: 377})
max_probs: 0.9999798536300659， num of >0.5: 621
AUROC test all: 0.8351689746585719, AUPR test all: 0.6931900055229084, AUROC test unknown: 0.7892747768799985, AUPR test unknown: 0.5375520199848234
Epoch: 386, Best AUROC test all: 0.8739377845846495, AUPR test all: 0.725657030626204, AUROC test unknown: 0.8390746840299319, AUPR test unknown: 0.5777319725236945
pseudo_counter: Counter({0: 12595, -1: 780, 1: 377})
max_probs: 0.9999935626983643， num of >0.5: 547
AUROC test all: 0.8290035243726293, AUPR test all: 0.6869651225054935, AUROC test unknown: 0.7805240408004528, AUPR test unknown: 0.5283846452358614
Epoch: 387, Best AUROC test all: 0.8739377845846495, AUPR test all: 0.725657030626204, AUROC test unknown: 0.8390746840299319, AUPR test unknown: 0.5777319725236945
pseudo_counter: Counter({0: 12595, -1: 780, 1: 377})
max_probs: 0.9999747276306152， num of >0.5: 529
AUROC test all: 0.8382852316163087, AUPR test all: 0.6985718879466231, AUROC test unknown: 0.7930210689764536, AUPR test unknown: 0.5456518017860893
Epoch: 388, Best AUROC test all: 0.8739377845846495, AUPR test all: 0.725657030626204, AUROC test unknown: 0.8390746840299319, AUPR test unknown: 0.5777319725236945
pseudo_counter: Counter({0: 12595, -1: 780, 1: 377})
max_probs: 0.9999959468841553， num of >0.5: 632
AUROC test all: 0.8556365925584509, AUPR test all: 0.7124931306110425, AUROC test unknown: 0.8148255270233877, AUPR test unknown: 0.5633010061890983
Epoch: 389, Best AUROC test all: 0.8739377845846495, AUPR test all: 0.725657030626204, AUROC test unknown: 0.8390746840299319, AUPR test unknown: 0.5777319725236945
pseudo_counter: Counter({0: 12595, -1: 780, 1: 377})
max_probs: 0.9999967813491821， num of >0.5: 843
AUROC test all: 0.8716018647909156, AUPR test all: 0.7206768167365967, AUROC test unknown: 0.8360120908390326, AUPR test unknown: 0.5734115756884008
Epoch: 390, Best AUROC test all: 0.8739377845846495, AUPR test all: 0.725657030626204, AUROC test unknown: 0.8390746840299319, AUPR test unknown: 0.5777319725236945
pseudo_counter: Counter({0: 12595, -1: 780, 1: 377})
max_probs: 0.9999996423721313， num of >0.5: 1208
AUROC test all: 0.8786808620768112, AUPR test all: 0.7245335405529866, AUROC test unknown: 0.8455861178387414, AUPR test unknown: 0.5803719075614865
Epoch: 391, Best AUROC test all: 0.8786808620768112, AUPR test all: 0.725657030626204, AUROC test unknown: 0.8455861178387414, AUPR test unknown: 0.5803719075614865
pseudo_counter: Counter({0: 12595, -1: 780, 1: 377})
max_probs: 1.0， num of >0.5: 1829
AUROC test all: 0.8756678610903977, AUPR test all: 0.7254627075775865, AUROC test unknown: 0.8413963841572242, AUPR test unknown: 0.5786246947335986
Epoch: 392, Best AUROC test all: 0.8786808620768112, AUPR test all: 0.725657030626204, AUROC test unknown: 0.8455861178387414, AUPR test unknown: 0.5803719075614865
pseudo_counter: Counter({0: 12592, -1: 780, 1: 380})
max_probs: 0.9999979734420776， num of >0.5: 1186
AUROC test all: 0.8666771375224587, AUPR test all: 0.7189265767164248, AUROC test unknown: 0.8293875244144012, AUPR test unknown: 0.5671735720186425
Epoch: 393, Best AUROC test all: 0.8786808620768112, AUPR test all: 0.725657030626204, AUROC test unknown: 0.8455861178387414, AUPR test unknown: 0.5803719075614865
pseudo_counter: Counter({0: 12592, -1: 780, 1: 380})
max_probs: 0.9999977350234985， num of >0.5: 831
AUROC test all: 0.8571290106068791, AUPR test all: 0.7099613079839259, AUROC test unknown: 0.8175575122687897, AUPR test unknown: 0.5570931765292843
Epoch: 394, Best AUROC test all: 0.8786808620768112, AUPR test all: 0.725657030626204, AUROC test unknown: 0.8455861178387414, AUPR test unknown: 0.5803719075614865
pseudo_counter: Counter({0: 12592, -1: 780, 1: 380})
max_probs: 0.9999927282333374， num of >0.5: 589
AUROC test all: 0.8526959303844663, AUPR test all: 0.7030398061725106, AUROC test unknown: 0.8117968975353355, AUPR test unknown: 0.5475371181854988
Epoch: 395, Best AUROC test all: 0.8786808620768112, AUPR test all: 0.725657030626204, AUROC test unknown: 0.8455861178387414, AUPR test unknown: 0.5803719075614865
pseudo_counter: Counter({0: 12592, -1: 780, 1: 380})
max_probs: 0.9999129772186279， num of >0.5: 424
AUROC test all: 0.8478293906769262, AUPR test all: 0.6981466630932205, AUROC test unknown: 0.8056286286748369, AUPR test unknown: 0.541243222750453
Epoch: 396, Best AUROC test all: 0.8786808620768112, AUPR test all: 0.725657030626204, AUROC test unknown: 0.8455861178387414, AUPR test unknown: 0.5803719075614865
pseudo_counter: Counter({0: 12592, -1: 780, 1: 380})
max_probs: 0.9999593496322632， num of >0.5: 361
AUROC test all: 0.8521011420449875, AUPR test all: 0.7036254919433038, AUROC test unknown: 0.8110530147091535, AUPR test unknown: 0.5493937389392944
Epoch: 397, Best AUROC test all: 0.8786808620768112, AUPR test all: 0.725657030626204, AUROC test unknown: 0.8455861178387414, AUPR test unknown: 0.5803719075614865
pseudo_counter: Counter({0: 12592, -1: 780, 1: 380})
max_probs: 0.9999054670333862， num of >0.5: 383
AUROC test all: 0.8547584351550663, AUPR test all: 0.7083869641217728, AUROC test unknown: 0.8147531747690827, AUPR test unknown: 0.5553685945111122
Epoch: 398, Best AUROC test all: 0.8786808620768112, AUPR test all: 0.725657030626204, AUROC test unknown: 0.8455861178387414, AUPR test unknown: 0.5803719075614865
pseudo_counter: Counter({0: 12592, -1: 780, 1: 380})
max_probs: 0.9999428987503052， num of >0.5: 485
AUROC test all: 0.8622107777766362, AUPR test all: 0.7166503549728243, AUROC test unknown: 0.8243050775257396, AUPR test unknown: 0.5670291138148618
Epoch: 399, Best AUROC test all: 0.8786808620768112, AUPR test all: 0.725657030626204, AUROC test unknown: 0.8455861178387414, AUPR test unknown: 0.5803719075614865
  rotation 3: ROC 0.8787 PR 0.7257
[computers] params 763329, peak GPU 5.71 GB, 18.6 min total
[computers] ran 1/5 rotations; no results.csv row written. Merge the shards with:
    python analysis/scripts/merge_rotations.py
