/nas/home/jahin/.local/lib/python3.10/site-packages/requests/__init__.py:113: RequestsDependencyWarning: urllib3 (1.26.5) or chardet (7.2.0)/charset_normalizer (3.4.4) doesn't match a supported version!
  warnings.warn(
[ogbn-arxiv] anomaly classes (rotations): [np.int64(4), np.int64(8), np.int64(10), np.int64(34)]
[ogbn-arxiv] running subset: [np.int64(34)]
==================================================================
DEMO variant: FULL published method (mixup ON)
==================================================================
[ogbn-arxiv] DEMO mixup ON, PPR (169343, 169343) from data/ogbn_arxiv/ppr_matrix.npy
Normal classes: [np.int64(0), np.int64(1), np.int64(2), np.int64(3), np.int64(5), np.int64(6), np.int64(7), np.int64(9), np.int64(11), np.int64(12), np.int64(13), np.int64(14), np.int64(15), np.int64(16), np.int64(17), np.int64(18), np.int64(19), np.int64(20), np.int64(21), np.int64(22), np.int64(23), np.int64(24), np.int64(25), np.int64(26), np.int64(27), np.int64(28), np.int64(29), np.int64(30), np.int64(31), np.int64(32), np.int64(33), np.int64(35), np.int64(36), np.int64(37), np.int64(38), np.int64(39)] in ogbn-arxiv
using binary cross entropy loss...
Building multi-layer GraphSage
building the dataloader ...
pseudo_counter: Counter({-1: 169343})
AUROC test all: 0.5075799931096383, AUPR test all: 0.1776335429974104, AUROC test unknown: 0.5008116846300295, AUPR test unknown: 0.1395760945687652
Epoch: 0, Best AUROC test all: 0.5075799931096383, AUPR test all: 0.1776335429974104, AUROC test unknown: 0.5008116846300295, AUPR test unknown: 0.1395760945687652
pseudo_counter: Counter({-1: 169343})
AUROC test all: 0.47399410370881473, AUPR test all: 0.16092734949480994, AUROC test unknown: 0.49849298154443494, AUPR test unknown: 0.13064899851863712
Epoch: 1, Best AUROC test all: 0.5075799931096383, AUPR test all: 0.1776335429974104, AUROC test unknown: 0.5008116846300295, AUPR test unknown: 0.1395760945687652
pseudo_counter: Counter({-1: 169343})
AUROC test all: 0.4696277048343533, AUPR test all: 0.16016785796630972, AUROC test unknown: 0.4953880353763278, AUPR test unknown: 0.13065406104567892
Epoch: 2, Best AUROC test all: 0.5075799931096383, AUPR test all: 0.1776335429974104, AUROC test unknown: 0.5008116846300295, AUPR test unknown: 0.1395760945687652
pseudo_counter: Counter({-1: 169343})
AUROC test all: 0.4696552971636077, AUPR test all: 0.15995009730646012, AUROC test unknown: 0.49958784003897205, AUPR test unknown: 0.13131203160902838
Epoch: 3, Best AUROC test all: 0.5075799931096383, AUPR test all: 0.1776335429974104, AUROC test unknown: 0.5008116846300295, AUPR test unknown: 0.1395760945687652
pseudo_counter: Counter({-1: 169343})
AUROC test all: 0.4686383724334605, AUPR test all: 0.1600143337133778, AUROC test unknown: 0.504661404320123, AUPR test unknown: 0.13256761298557307
Epoch: 4, Best AUROC test all: 0.5075799931096383, AUPR test all: 0.1776335429974104, AUROC test unknown: 0.504661404320123, AUPR test unknown: 0.1395760945687652
pseudo_counter: Counter({-1: 169343})
AUROC test all: 0.4716615945234154, AUPR test all: 0.16132365101390453, AUROC test unknown: 0.5113776168161537, AUPR test unknown: 0.13447022908086548
Epoch: 5, Best AUROC test all: 0.5075799931096383, AUPR test all: 0.1776335429974104, AUROC test unknown: 0.5113776168161537, AUPR test unknown: 0.1395760945687652
pseudo_counter: Counter({-1: 169343})
max_probs: 0.26033738255500793， num of >0.5: 0
AUROC test all: 0.4817419798635378, AUPR test all: 0.1644545716563526, AUROC test unknown: 0.5224270538242606, AUPR test unknown: 0.13755911247581196
Epoch: 6, Best AUROC test all: 0.5075799931096383, AUPR test all: 0.1776335429974104, AUROC test unknown: 0.5224270538242606, AUPR test unknown: 0.1395760945687652
pseudo_counter: Counter({0: 160773, -1: 8570})
max_probs: 0.21773914992809296， num of >0.5: 0
AUROC test all: 0.4868105107881838, AUPR test all: 0.1664322385923586, AUROC test unknown: 0.5292369625829841, AUPR test unknown: 0.13981467128073555
Epoch: 7, Best AUROC test all: 0.5075799931096383, AUPR test all: 0.1776335429974104, AUROC test unknown: 0.5292369625829841, AUPR test unknown: 0.13981467128073555
pseudo_counter: Counter({0: 160773, -1: 8570})
max_probs: 0.177812397480011， num of >0.5: 0
AUROC test all: 0.4918286870799895, AUPR test all: 0.16814542690587728, AUROC test unknown: 0.5343273742967419, AUPR test unknown: 0.14134726442537196
Epoch: 8, Best AUROC test all: 0.5075799931096383, AUPR test all: 0.1776335429974104, AUROC test unknown: 0.5343273742967419, AUPR test unknown: 0.14134726442537196
pseudo_counter: Counter({0: 160773, -1: 8570})
max_probs: 0.1413673460483551， num of >0.5: 0
AUROC test all: 0.4935754239614324, AUPR test all: 0.16910745458065748, AUROC test unknown: 0.5365212742421046, AUPR test unknown: 0.14237001319479167
Epoch: 9, Best AUROC test all: 0.5075799931096383, AUPR test all: 0.1776335429974104, AUROC test unknown: 0.5365212742421046, AUPR test unknown: 0.14237001319479167
pseudo_counter: Counter({0: 160773, -1: 8570})
max_probs: 0.10926699638366699， num of >0.5: 0
AUROC test all: 0.49550313814863556, AUPR test all: 0.17018039288190784, AUROC test unknown: 0.5387495866096857, AUPR test unknown: 0.14352946903084637
Epoch: 10, Best AUROC test all: 0.5075799931096383, AUPR test all: 0.1776335429974104, AUROC test unknown: 0.5387495866096857, AUPR test unknown: 0.14352946903084637
pseudo_counter: Counter({0: 160773, -1: 8570})
max_probs: 0.08234606683254242， num of >0.5: 0
AUROC test all: 0.4965315349855166, AUPR test all: 0.17098615069990372, AUROC test unknown: 0.5398253194140048, AUPR test unknown: 0.14433569957533002
Epoch: 11, Best AUROC test all: 0.5075799931096383, AUPR test all: 0.1776335429974104, AUROC test unknown: 0.5398253194140048, AUPR test unknown: 0.14433569957533002
pseudo_counter: Counter({0: 160773, -1: 8570})
max_probs: 0.061070580035448074， num of >0.5: 0
AUROC test all: 0.4974866520745955, AUPR test all: 0.17177149624429489, AUROC test unknown: 0.5409934549578937, AUPR test unknown: 0.14513281985697177
Epoch: 12, Best AUROC test all: 0.5075799931096383, AUPR test all: 0.1776335429974104, AUROC test unknown: 0.5409934549578937, AUPR test unknown: 0.14513281985697177
pseudo_counter: Counter({0: 160773, -1: 8570})
max_probs: 0.04440321773290634， num of >0.5: 0
AUROC test all: 0.4987505693826706, AUPR test all: 0.17259513310600935, AUROC test unknown: 0.5417856966362112, AUPR test unknown: 0.1458139869399369
Epoch: 13, Best AUROC test all: 0.5075799931096383, AUPR test all: 0.1776335429974104, AUROC test unknown: 0.5417856966362112, AUPR test unknown: 0.1458139869399369
pseudo_counter: Counter({0: 160773, -1: 8570})
max_probs: 0.03184492513537407， num of >0.5: 0
AUROC test all: 0.5001464056239546, AUPR test all: 0.1733908831224614, AUROC test unknown: 0.5427010845401341, AUPR test unknown: 0.14647571027698472
Epoch: 14, Best AUROC test all: 0.5075799931096383, AUPR test all: 0.1776335429974104, AUROC test unknown: 0.5427010845401341, AUPR test unknown: 0.14647571027698472
pseudo_counter: Counter({0: 160773, -1: 8570})
max_probs: 0.02248135209083557， num of >0.5: 0
AUROC test all: 0.5007136023960633, AUPR test all: 0.17398023334699642, AUROC test unknown: 0.5433231703123238, AUPR test unknown: 0.14701032510077525
Epoch: 15, Best AUROC test all: 0.5075799931096383, AUPR test all: 0.1776335429974104, AUROC test unknown: 0.5433231703123238, AUPR test unknown: 0.14701032510077525
pseudo_counter: Counter({0: 160773, -1: 8570})
max_probs: 0.01593783125281334， num of >0.5: 0
AUROC test all: 0.5020779382932694, AUPR test all: 0.17463294132211987, AUROC test unknown: 0.5438214753359207, AUPR test unknown: 0.14741018680015874
Epoch: 16, Best AUROC test all: 0.5075799931096383, AUPR test all: 0.1776335429974104, AUROC test unknown: 0.5438214753359207, AUPR test unknown: 0.14741018680015874
pseudo_counter: Counter({0: 160773, -1: 8570})
max_probs: 0.011184832081198692， num of >0.5: 0
AUROC test all: 0.502270421703813, AUPR test all: 0.1749984637937633, AUROC test unknown: 0.5432523793880545, AUPR test unknown: 0.14755455153216024
Epoch: 17, Best AUROC test all: 0.5075799931096383, AUPR test all: 0.1776335429974104, AUROC test unknown: 0.5438214753359207, AUPR test unknown: 0.14755455153216024
pseudo_counter: Counter({0: 160773, -1: 8570})
max_probs: 0.008137976750731468， num of >0.5: 0
AUROC test all: 0.5040721728471667, AUPR test all: 0.1756818299477054, AUROC test unknown: 0.5439995317122442, AUPR test unknown: 0.14788038242297388
Epoch: 18, Best AUROC test all: 0.5075799931096383, AUPR test all: 0.1776335429974104, AUROC test unknown: 0.5439995317122442, AUPR test unknown: 0.14788038242297388
pseudo_counter: Counter({0: 160773, -1: 8570})
max_probs: 0.0058158221654593945， num of >0.5: 0
AUROC test all: 0.50423271041728, AUPR test all: 0.17596543748899673, AUROC test unknown: 0.5429451296125967, AUPR test unknown: 0.14780270343624685
Epoch: 19, Best AUROC test all: 0.5075799931096383, AUPR test all: 0.1776335429974104, AUROC test unknown: 0.5439995317122442, AUPR test unknown: 0.14788038242297388
pseudo_counter: Counter({0: 160773, -1: 8570})
max_probs: 0.004356777295470238， num of >0.5: 0
AUROC test all: 0.505339873962052, AUPR test all: 0.17647570539020144, AUROC test unknown: 0.5427913338555469, AUPR test unknown: 0.14785089565599613
Epoch: 20, Best AUROC test all: 0.5075799931096383, AUPR test all: 0.1776335429974104, AUROC test unknown: 0.5439995317122442, AUPR test unknown: 0.14788038242297388
pseudo_counter: Counter({0: 160773, -1: 8570})
max_probs: 0.003300037467852235， num of >0.5: 0
AUROC test all: 0.5060751791687044, AUPR test all: 0.17680808695679645, AUROC test unknown: 0.5421785507175555, AUPR test unknown: 0.14772802075192798
Epoch: 21, Best AUROC test all: 0.5075799931096383, AUPR test all: 0.1776335429974104, AUROC test unknown: 0.5439995317122442, AUPR test unknown: 0.14788038242297388
pseudo_counter: Counter({0: 160773, -1: 8570})
max_probs: 0.0025693303905427456， num of >0.5: 0
AUROC test all: 0.506678322308687, AUPR test all: 0.17712300353370783, AUROC test unknown: 0.541245659016891, AUPR test unknown: 0.14752237307160224
Epoch: 22, Best AUROC test all: 0.5075799931096383, AUPR test all: 0.1776335429974104, AUROC test unknown: 0.5439995317122442, AUPR test unknown: 0.14788038242297388
pseudo_counter: Counter({0: 160773, -1: 8570})
max_probs: 0.0020384988747537136， num of >0.5: 0
AUROC test all: 0.5082282420441686, AUPR test all: 0.1776232082903315, AUROC test unknown: 0.5412745691645494, AUPR test unknown: 0.14746341205473631
Epoch: 23, Best AUROC test all: 0.5082282420441686, AUPR test all: 0.1776335429974104, AUROC test unknown: 0.5439995317122442, AUPR test unknown: 0.14788038242297388
pseudo_counter: Counter({0: 160773, -1: 8570})
max_probs: 0.0016895890003070235， num of >0.5: 0
AUROC test all: 0.5093712976412058, AUPR test all: 0.17798750379674724, AUROC test unknown: 0.5406765504538794, AUPR test unknown: 0.14721644656567517
Epoch: 24, Best AUROC test all: 0.5093712976412058, AUPR test all: 0.17798750379674724, AUROC test unknown: 0.5439995317122442, AUPR test unknown: 0.14788038242297388
pseudo_counter: Counter({0: 160773, -1: 8570})
max_probs: 0.0014113365905359387， num of >0.5: 0
AUROC test all: 0.5100576211402309, AUPR test all: 0.1783182806084172, AUROC test unknown: 0.5393343592293465, AUPR test unknown: 0.14687488205779
Epoch: 25, Best AUROC test all: 0.5100576211402309, AUPR test all: 0.1783182806084172, AUROC test unknown: 0.5439995317122442, AUPR test unknown: 0.14788038242297388
pseudo_counter: Counter({0: 160773, -1: 8570})
max_probs: 0.001252485322766006， num of >0.5: 0
AUROC test all: 0.5106686181005209, AUPR test all: 0.17862003507610513, AUROC test unknown: 0.5385957499946276, AUPR test unknown: 0.14660236468622223
Epoch: 26, Best AUROC test all: 0.5106686181005209, AUPR test all: 0.17862003507610513, AUROC test unknown: 0.5439995317122442, AUPR test unknown: 0.14788038242297388
pseudo_counter: Counter({0: 160773, -1: 8570})
max_probs: 0.0011125883320346475， num of >0.5: 0
AUROC test all: 0.5117405996240032, AUPR test all: 0.17897874294396102, AUROC test unknown: 0.5368974066657252, AUPR test unknown: 0.1460673827150133
Epoch: 27, Best AUROC test all: 0.5117405996240032, AUPR test all: 0.17897874294396102, AUROC test unknown: 0.5439995317122442, AUPR test unknown: 0.14788038242297388
pseudo_counter: Counter({0: 160773, -1: 8570})
max_probs: 0.001016124035231769， num of >0.5: 0
AUROC test all: 0.5129367386375572, AUPR test all: 0.1793421529037726, AUROC test unknown: 0.5357869987805625, AUPR test unknown: 0.14560564573130896
Epoch: 28, Best AUROC test all: 0.5129367386375572, AUPR test all: 0.1793421529037726, AUROC test unknown: 0.5439995317122442, AUPR test unknown: 0.14788038242297388
pseudo_counter: Counter({0: 160773, -1: 8570})
max_probs: 0.0009677868220023811， num of >0.5: 0
AUROC test all: 0.5142073012775071, AUPR test all: 0.17978361860362435, AUROC test unknown: 0.534703968961886, AUPR test unknown: 0.145165909436041
Epoch: 29, Best AUROC test all: 0.5142073012775071, AUPR test all: 0.17978361860362435, AUROC test unknown: 0.5439995317122442, AUPR test unknown: 0.14788038242297388
pseudo_counter: Counter({0: 160773, -1: 8570})
max_probs: 0.0009291950264014304， num of >0.5: 0
AUROC test all: 0.5152353249485475, AUPR test all: 0.18009800781111102, AUROC test unknown: 0.5331406880873245, AUPR test unknown: 0.14452594179279238
Epoch: 30, Best AUROC test all: 0.5152353249485475, AUPR test all: 0.18009800781111102, AUROC test unknown: 0.5439995317122442, AUPR test unknown: 0.14788038242297388
pseudo_counter: Counter({0: 160773, -1: 8570})
max_probs: 0.0009066620841622353， num of >0.5: 0
AUROC test all: 0.5173833567899557, AUPR test all: 0.18070739465920443, AUROC test unknown: 0.532144919300875, AUPR test unknown: 0.1439992624247752
Epoch: 31, Best AUROC test all: 0.5173833567899557, AUPR test all: 0.18070739465920443, AUROC test unknown: 0.5439995317122442, AUPR test unknown: 0.14788038242297388
pseudo_counter: Counter({0: 160773, -1: 8570})
max_probs: 0.0009143627830781043， num of >0.5: 0
AUROC test all: 0.5189697419392284, AUPR test all: 0.1812091771658032, AUROC test unknown: 0.5304325761730941, AUPR test unknown: 0.14332251149298497
Epoch: 32, Best AUROC test all: 0.5189697419392284, AUPR test all: 0.1812091771658032, AUROC test unknown: 0.5439995317122442, AUPR test unknown: 0.14788038242297388
pseudo_counter: Counter({0: 160773, -1: 8570})
max_probs: 0.000928280467633158， num of >0.5: 0
AUROC test all: 0.5200589639954561, AUPR test all: 0.18156048549215176, AUROC test unknown: 0.528156761381175, AUPR test unknown: 0.14246576355795268
Epoch: 33, Best AUROC test all: 0.5200589639954561, AUPR test all: 0.18156048549215176, AUROC test unknown: 0.5439995317122442, AUPR test unknown: 0.14788038242297388
pseudo_counter: Counter({0: 160773, -1: 8570})
max_probs: 0.0009840796701610088， num of >0.5: 0
AUROC test all: 0.5222967321305203, AUPR test all: 0.18222454290145698, AUROC test unknown: 0.5272010660163933, AUPR test unknown: 0.14188254921561616
Epoch: 34, Best AUROC test all: 0.5222967321305203, AUPR test all: 0.18222454290145698, AUROC test unknown: 0.5439995317122442, AUPR test unknown: 0.14788038242297388
pseudo_counter: Counter({0: 160773, -1: 8570})
max_probs: 0.0010363468900322914， num of >0.5: 0
AUROC test all: 0.5237759119485739, AUPR test all: 0.18274637785852904, AUROC test unknown: 0.5248942966701098, AUPR test unknown: 0.1410249299312748
Epoch: 35, Best AUROC test all: 0.5237759119485739, AUPR test all: 0.18274637785852904, AUROC test unknown: 0.5439995317122442, AUPR test unknown: 0.14788038242297388
pseudo_counter: Counter({0: 160773, -1: 8570})
max_probs: 0.001126522896811366， num of >0.5: 0
AUROC test all: 0.5244110868045375, AUPR test all: 0.1830493784669694, AUROC test unknown: 0.5218542062827658, AUPR test unknown: 0.13996685536290107
Epoch: 36, Best AUROC test all: 0.5244110868045375, AUPR test all: 0.1830493784669694, AUROC test unknown: 0.5439995317122442, AUPR test unknown: 0.14788038242297388
pseudo_counter: Counter({0: 160773, -1: 8570})
max_probs: 0.0012211714638397098， num of >0.5: 0
AUROC test all: 0.526807179792047, AUPR test all: 0.1838149454107057, AUROC test unknown: 0.5202068622212063, AUPR test unknown: 0.13920155533966327
Epoch: 37, Best AUROC test all: 0.526807179792047, AUPR test all: 0.1838149454107057, AUROC test unknown: 0.5439995317122442, AUPR test unknown: 0.14788038242297388
pseudo_counter: Counter({0: 160773, -1: 8570})
max_probs: 0.0013464224757626653， num of >0.5: 0
AUROC test all: 0.5280666942850024, AUPR test all: 0.18437235202968877, AUROC test unknown: 0.5175887362106204, AUPR test unknown: 0.1382660588805804
Epoch: 38, Best AUROC test all: 0.5280666942850024, AUPR test all: 0.18437235202968877, AUROC test unknown: 0.5439995317122442, AUPR test unknown: 0.14788038242297388
pseudo_counter: Counter({0: 160773, -1: 8570})
max_probs: 0.0015171798877418041， num of >0.5: 0
AUROC test all: 0.5293574930786541, AUPR test all: 0.18489279021116223, AUROC test unknown: 0.5149278546478151, AUPR test unknown: 0.1372842946961724
Epoch: 39, Best AUROC test all: 0.5293574930786541, AUPR test all: 0.18489279021116223, AUROC test unknown: 0.5439995317122442, AUPR test unknown: 0.14788038242297388
pseudo_counter: Counter({0: 160773, -1: 8570})
max_probs: 0.0016878077294677496， num of >0.5: 0
AUROC test all: 0.5311977661791604, AUPR test all: 0.185527539398538, AUROC test unknown: 0.5128283666392924, AUPR test unknown: 0.13641365211929593
Epoch: 40, Best AUROC test all: 0.5311977661791604, AUPR test all: 0.185527539398538, AUROC test unknown: 0.5439995317122442, AUPR test unknown: 0.14788038242297388
pseudo_counter: Counter({0: 160773, -1: 8570})
max_probs: 0.0019487879471853375， num of >0.5: 0
AUROC test all: 0.5317268522215186, AUPR test all: 0.1858564700662914, AUROC test unknown: 0.5100444503160477, AUPR test unknown: 0.13542472669410854
Epoch: 41, Best AUROC test all: 0.5317268522215186, AUPR test all: 0.1858564700662914, AUROC test unknown: 0.5439995317122442, AUPR test unknown: 0.14788038242297388
pseudo_counter: Counter({0: 160773, -1: 8570})
max_probs: 0.0022094587329775095， num of >0.5: 0
AUROC test all: 0.5333446869209707, AUPR test all: 0.18647437436940595, AUROC test unknown: 0.508266152760135, AUPR test unknown: 0.13465311055854626
Epoch: 42, Best AUROC test all: 0.5333446869209707, AUPR test all: 0.18647437436940595, AUROC test unknown: 0.5439995317122442, AUPR test unknown: 0.14788038242297388
pseudo_counter: Counter({0: 160773, -1: 8570})
max_probs: 0.0025210368912667036， num of >0.5: 0
AUROC test all: 0.5336283589243153, AUPR test all: 0.18676946978502162, AUROC test unknown: 0.505381189686686, AUPR test unknown: 0.1337026628381327
Epoch: 43, Best AUROC test all: 0.5336283589243153, AUPR test all: 0.18676946978502162, AUROC test unknown: 0.5439995317122442, AUPR test unknown: 0.14788038242297388
pseudo_counter: Counter({0: 160773, -1: 8570})
max_probs: 0.0029132887721061707， num of >0.5: 0
AUROC test all: 0.5346445977336576, AUPR test all: 0.18722915786970926, AUROC test unknown: 0.5038859675218321, AUPR test unknown: 0.1330312580026533
Epoch: 44, Best AUROC test all: 0.5346445977336576, AUPR test all: 0.18722915786970926, AUROC test unknown: 0.5439995317122442, AUPR test unknown: 0.14788038242297388
pseudo_counter: Counter({0: 160773, -1: 8570})
max_probs: 0.0033314195461571217， num of >0.5: 0
AUROC test all: 0.5346534903230513, AUPR test all: 0.18747819674071592, AUROC test unknown: 0.5014108413397905, AUPR test unknown: 0.13225010048077632
Epoch: 45, Best AUROC test all: 0.5346534903230513, AUPR test all: 0.18747819674071592, AUROC test unknown: 0.5439995317122442, AUPR test unknown: 0.14788038242297388
pseudo_counter: Counter({0: 160773, -1: 8570})
max_probs: 0.0038448739796876907， num of >0.5: 0
AUROC test all: 0.5347011295818044, AUPR test all: 0.18769936239382803, AUROC test unknown: 0.49917592258999405, AUPR test unknown: 0.13152055738165855
Epoch: 46, Best AUROC test all: 0.5347011295818044, AUPR test all: 0.18769936239382803, AUROC test unknown: 0.5439995317122442, AUPR test unknown: 0.14788038242297388
pseudo_counter: Counter({0: 160773, -1: 8570})
max_probs: 0.004370678216218948， num of >0.5: 0
AUROC test all: 0.5350886308152496, AUPR test all: 0.1879955688033926, AUROC test unknown: 0.49797356724021213, AUPR test unknown: 0.1309946770404528
Epoch: 47, Best AUROC test all: 0.5350886308152496, AUPR test all: 0.1879955688033926, AUROC test unknown: 0.5439995317122442, AUPR test unknown: 0.14788038242297388
pseudo_counter: Counter({0: 160773, -1: 8570})
max_probs: 0.004966272972524166， num of >0.5: 0
AUROC test all: 0.5352176650613764, AUPR test all: 0.18822950132025973, AUROC test unknown: 0.49615318951307597, AUPR test unknown: 0.13040229274614848
Epoch: 48, Best AUROC test all: 0.5352176650613764, AUPR test all: 0.18822950132025973, AUROC test unknown: 0.5439995317122442, AUPR test unknown: 0.14788038242297388
pseudo_counter: Counter({0: 160773, -1: 8570})
max_probs: 0.005596534349024296， num of >0.5: 0
AUROC test all: 0.534969155439014, AUPR test all: 0.18835024484279606, AUROC test unknown: 0.4948423819461386, AUPR test unknown: 0.12993343586392195
Epoch: 49, Best AUROC test all: 0.5352176650613764, AUPR test all: 0.18835024484279606, AUROC test unknown: 0.5439995317122442, AUPR test unknown: 0.14788038242297388
pseudo_counter: Counter({0: 160773, -1: 8570})
max_probs: 0.006277257110923529， num of >0.5: 0
AUROC test all: 0.5349250725658565, AUPR test all: 0.18850019942058588, AUROC test unknown: 0.49363737911038386, AUPR test unknown: 0.12949460891409884
Epoch: 50, Best AUROC test all: 0.5352176650613764, AUPR test all: 0.18850019942058588, AUROC test unknown: 0.5439995317122442, AUPR test unknown: 0.14788038242297388
pseudo_counter: Counter({0: 160773, -1: 8570})
max_probs: 0.0068708606995642185， num of >0.5: 0
AUROC test all: 0.5346361511824176, AUPR test all: 0.18860093722602214, AUROC test unknown: 0.492348504385956, AUPR test unknown: 0.12907764747312087
Epoch: 51, Best AUROC test all: 0.5352176650613764, AUPR test all: 0.18860093722602214, AUROC test unknown: 0.5439995317122442, AUPR test unknown: 0.14788038242297388
pseudo_counter: Counter({0: 160773, -1: 8570})
max_probs: 0.007453965954482555， num of >0.5: 0
AUROC test all: 0.5349301255428767, AUPR test all: 0.18882354266385418, AUROC test unknown: 0.4919440613165148, AUPR test unknown: 0.12882464679298367
Epoch: 52, Best AUROC test all: 0.5352176650613764, AUPR test all: 0.18882354266385418, AUROC test unknown: 0.5439995317122442, AUPR test unknown: 0.14788038242297388
pseudo_counter: Counter({0: 160773, -1: 8570})
max_probs: 0.007960853166878223， num of >0.5: 0
AUROC test all: 0.5345636856269453, AUPR test all: 0.18886867919355987, AUROC test unknown: 0.490690989504591, AUPR test unknown: 0.128436800720086
Epoch: 53, Best AUROC test all: 0.5352176650613764, AUPR test all: 0.18886867919355987, AUROC test unknown: 0.5439995317122442, AUPR test unknown: 0.14788038242297388
pseudo_counter: Counter({0: 160773, -1: 8570})
max_probs: 0.00838002935051918， num of >0.5: 0
AUROC test all: 0.5349826510392127, AUPR test all: 0.18909554599373068, AUROC test unknown: 0.4907443118415543, AUPR test unknown: 0.12829512306778382
Epoch: 54, Best AUROC test all: 0.5352176650613764, AUPR test all: 0.18909554599373068, AUROC test unknown: 0.5439995317122442, AUPR test unknown: 0.14788038242297388
pseudo_counter: Counter({0: 160773, -1: 8570})
max_probs: 0.00861395988613367， num of >0.5: 0
AUROC test all: 0.5348208506650581, AUPR test all: 0.18914784324911718, AUROC test unknown: 0.4899529364659863, AUPR test unknown: 0.12800749361660158
Epoch: 55, Best AUROC test all: 0.5352176650613764, AUPR test all: 0.18914784324911718, AUROC test unknown: 0.5439995317122442, AUPR test unknown: 0.14788038242297388
pseudo_counter: Counter({0: 160773, -1: 8570})
max_probs: 0.008683674968779087， num of >0.5: 0
AUROC test all: 0.5348009631606754, AUPR test all: 0.1892312049138664, AUROC test unknown: 0.4895209468143099, AUPR test unknown: 0.127794058985461
Epoch: 56, Best AUROC test all: 0.5352176650613764, AUPR test all: 0.1892312049138664, AUROC test unknown: 0.5439995317122442, AUPR test unknown: 0.14788038242297388
pseudo_counter: Counter({0: 160773, -1: 8570})
max_probs: 0.008623762056231499， num of >0.5: 0
AUROC test all: 0.5344001254812468, AUPR test all: 0.18923974163764742, AUROC test unknown: 0.4885683502564511, AUPR test unknown: 0.12752878324862196
Epoch: 57, Best AUROC test all: 0.5352176650613764, AUPR test all: 0.18923974163764742, AUROC test unknown: 0.5439995317122442, AUPR test unknown: 0.14788038242297388
pseudo_counter: Counter({0: 160773, -1: 8570})
max_probs: 0.00846277829259634， num of >0.5: 0
AUROC test all: 0.5343447081189576, AUPR test all: 0.1893061549010874, AUROC test unknown: 0.4881911462986104, AUPR test unknown: 0.12734976682203586
Epoch: 58, Best AUROC test all: 0.5352176650613764, AUPR test all: 0.1893061549010874, AUROC test unknown: 0.5439995317122442, AUPR test unknown: 0.14788038242297388
pseudo_counter: Counter({0: 160773, -1: 8570})
max_probs: 0.008169161155819893， num of >0.5: 0
AUROC test all: 0.5343929262927031, AUPR test all: 0.1893738768736969, AUROC test unknown: 0.48789002070555454, AUPR test unknown: 0.12717873274501984
Epoch: 59, Best AUROC test all: 0.5352176650613764, AUPR test all: 0.1893738768736969, AUROC test unknown: 0.5439995317122442, AUPR test unknown: 0.14788038242297388
pseudo_counter: Counter({0: 160773, -1: 8570})
max_probs: 0.007839415222406387， num of >0.5: 0
AUROC test all: 0.5342911789351878, AUPR test all: 0.18937906737960797, AUROC test unknown: 0.4875780182211195, AUPR test unknown: 0.1270178281353057
Epoch: 60, Best AUROC test all: 0.5352176650613764, AUPR test all: 0.18937906737960797, AUROC test unknown: 0.5439995317122442, AUPR test unknown: 0.14788038242297388
pseudo_counter: Counter({0: 160773, -1: 8570})
max_probs: 0.0074884770438075066， num of >0.5: 0
AUROC test all: 0.5341485187855814, AUPR test all: 0.18942202472965997, AUROC test unknown: 0.4870165984951173, AUPR test unknown: 0.12683157674469087
Epoch: 61, Best AUROC test all: 0.5352176650613764, AUPR test all: 0.18942202472965997, AUROC test unknown: 0.5439995317122442, AUPR test unknown: 0.14788038242297388
pseudo_counter: Counter({0: 160773, -1: 8570})
max_probs: 0.007079109083861113， num of >0.5: 0
AUROC test all: 0.5343235471099524, AUPR test all: 0.18951052494435508, AUROC test unknown: 0.4869880590821066, AUPR test unknown: 0.12673691368190623
Epoch: 62, Best AUROC test all: 0.5352176650613764, AUPR test all: 0.18951052494435508, AUROC test unknown: 0.5439995317122442, AUPR test unknown: 0.14788038242297388
pseudo_counter: Counter({0: 160773, -1: 8570})
max_probs: 0.006705361884087324， num of >0.5: 0
AUROC test all: 0.5343589765991155, AUPR test all: 0.18955479452110216, AUROC test unknown: 0.48674022155800706, AUPR test unknown: 0.12660375940046628
Epoch: 63, Best AUROC test all: 0.5352176650613764, AUPR test all: 0.18955479452110216, AUROC test unknown: 0.5439995317122442, AUPR test unknown: 0.14788038242297388
pseudo_counter: Counter({0: 160773, -1: 8570})
max_probs: 0.00635048933327198， num of >0.5: 0
AUROC test all: 0.5343687280794698, AUPR test all: 0.18961331161336015, AUROC test unknown: 0.48653683171018913, AUPR test unknown: 0.1264891680846828
Epoch: 64, Best AUROC test all: 0.5352176650613764, AUPR test all: 0.18961331161336015, AUROC test unknown: 0.5439995317122442, AUPR test unknown: 0.14788038242297388
pseudo_counter: Counter({0: 160773, -1: 8570})
max_probs: 0.006027076859027147， num of >0.5: 0
AUROC test all: 0.5343981113338593, AUPR test all: 0.18967885433995416, AUROC test unknown: 0.48634085900303897, AUPR test unknown: 0.12637879364259166
Epoch: 65, Best AUROC test all: 0.5352176650613764, AUPR test all: 0.18967885433995416, AUROC test unknown: 0.5439995317122442, AUPR test unknown: 0.14788038242297388
pseudo_counter: Counter({0: 160773, -1: 8570})
max_probs: 0.005734660197049379， num of >0.5: 0
AUROC test all: 0.5344865739874423, AUPR test all: 0.1897215693357707, AUROC test unknown: 0.48623550992337866, AUPR test unknown: 0.12627509696386496
Epoch: 66, Best AUROC test all: 0.5352176650613764, AUPR test all: 0.1897215693357707, AUROC test unknown: 0.5439995317122442, AUPR test unknown: 0.14788038242297388
pseudo_counter: Counter({0: 160773, -1: 8570})
max_probs: 0.0054269712418317795， num of >0.5: 0
AUROC test all: 0.5345550567594726, AUPR test all: 0.18977007046262626, AUROC test unknown: 0.4860746628648791, AUPR test unknown: 0.12615732068062874
Epoch: 67, Best AUROC test all: 0.5352176650613764, AUPR test all: 0.18977007046262626, AUROC test unknown: 0.5439995317122442, AUPR test unknown: 0.14788038242297388
pseudo_counter: Counter({0: 160773, -1: 8570})
max_probs: 0.005241975653916597， num of >0.5: 0
AUROC test all: 0.5348991080794604, AUPR test all: 0.18993044544897056, AUROC test unknown: 0.4862951639336438, AUPR test unknown: 0.12614783234396895
Epoch: 68, Best AUROC test all: 0.5352176650613764, AUPR test all: 0.18993044544897056, AUROC test unknown: 0.5439995317122442, AUPR test unknown: 0.14788038242297388
pseudo_counter: Counter({0: 160773, -1: 8570})
max_probs: 0.005072715692222118， num of >0.5: 0
AUROC test all: 0.5348244838510281, AUPR test all: 0.18990392488874108, AUROC test unknown: 0.48586848958877454, AUPR test unknown: 0.12595692846719525
Epoch: 69, Best AUROC test all: 0.5352176650613764, AUPR test all: 0.18993044544897056, AUROC test unknown: 0.5439995317122442, AUPR test unknown: 0.14788038242297388
pseudo_counter: Counter({0: 160773, -1: 8570})
max_probs: 0.004923395812511444， num of >0.5: 0
AUROC test all: 0.5347379612534661, AUPR test all: 0.1899698610825467, AUROC test unknown: 0.4856007496957258, AUPR test unknown: 0.12587033411985463
Epoch: 70, Best AUROC test all: 0.5352176650613764, AUPR test all: 0.1899698610825467, AUROC test unknown: 0.5439995317122442, AUPR test unknown: 0.14788038242297388
pseudo_counter: Counter({0: 160773, -1: 8570})
max_probs: 0.0047972179017961025， num of >0.5: 0
AUROC test all: 0.5350366178632118, AUPR test all: 0.19009320458986606, AUROC test unknown: 0.48555081631403063, AUPR test unknown: 0.1257773156131605
Epoch: 71, Best AUROC test all: 0.5352176650613764, AUPR test all: 0.19009320458986606, AUROC test unknown: 0.5439995317122442, AUPR test unknown: 0.14788038242297388
pseudo_counter: Counter({0: 160773, -1: 8570})
max_probs: 0.004706212319433689， num of >0.5: 0
AUROC test all: 0.5352052922095095, AUPR test all: 0.1901741404014757, AUROC test unknown: 0.4854586884716601, AUPR test unknown: 0.12567540411182807
Epoch: 72, Best AUROC test all: 0.5352176650613764, AUPR test all: 0.1901741404014757, AUROC test unknown: 0.5439995317122442, AUPR test unknown: 0.14788038242297388
pseudo_counter: Counter({0: 160773, -1: 8570})
max_probs: 0.0046555763110518456， num of >0.5: 0
AUROC test all: 0.5355184803440819, AUPR test all: 0.19032411240676014, AUROC test unknown: 0.4854569918287399, AUPR test unknown: 0.12558868503281115
Epoch: 73, Best AUROC test all: 0.5355184803440819, AUPR test all: 0.19032411240676014, AUROC test unknown: 0.5439995317122442, AUPR test unknown: 0.14788038242297388
pseudo_counter: Counter({0: 160773, -1: 8570})
max_probs: 0.004632364492863417， num of >0.5: 0
AUROC test all: 0.5353056406353355, AUPR test all: 0.19033366059973464, AUROC test unknown: 0.4848875249579403, AUPR test unknown: 0.12543626884282758
Epoch: 74, Best AUROC test all: 0.5355184803440819, AUPR test all: 0.19033366059973464, AUROC test unknown: 0.5439995317122442, AUPR test unknown: 0.14788038242297388
pseudo_counter: Counter({0: 160773, -1: 8570})
max_probs: 0.004638130310922861， num of >0.5: 0
AUROC test all: 0.5355854680146419, AUPR test all: 0.1904480185410343, AUROC test unknown: 0.4849346210616235, AUPR test unknown: 0.12535893215424732
Epoch: 75, Best AUROC test all: 0.5355854680146419, AUPR test all: 0.1904480185410343, AUROC test unknown: 0.5439995317122442, AUPR test unknown: 0.14788038242297388
pseudo_counter: Counter({0: 160773, -1: 8570})
max_probs: 0.004658111371099949， num of >0.5: 0
AUROC test all: 0.5355534056868714, AUPR test all: 0.19055476587258754, AUROC test unknown: 0.4843933705054825, AUPR test unknown: 0.1251718586001633
Epoch: 76, Best AUROC test all: 0.5355854680146419, AUPR test all: 0.19055476587258754, AUROC test unknown: 0.5439995317122442, AUPR test unknown: 0.14788038242297388
pseudo_counter: Counter({0: 160773, -1: 8570})
max_probs: 0.004690725356340408， num of >0.5: 0
AUROC test all: 0.5356921881625429, AUPR test all: 0.19064480395117173, AUROC test unknown: 0.48404703223113066, AUPR test unknown: 0.1250373317176754
Epoch: 77, Best AUROC test all: 0.5356921881625429, AUPR test all: 0.19064480395117173, AUROC test unknown: 0.5439995317122442, AUPR test unknown: 0.14788038242297388
pseudo_counter: Counter({0: 160773, -1: 8570})
max_probs: 0.004747211001813412， num of >0.5: 0
AUROC test all: 0.5360290801164034, AUPR test all: 0.19080890909775705, AUROC test unknown: 0.48401513059942863, AUPR test unknown: 0.12493547149402315
Epoch: 78, Best AUROC test all: 0.5360290801164034, AUPR test all: 0.19080890909775705, AUROC test unknown: 0.5439995317122442, AUPR test unknown: 0.14788038242297388
pseudo_counter: Counter({0: 160773, -1: 8570})
max_probs: 0.00481463223695755， num of >0.5: 0
AUROC test all: 0.5364518294709315, AUPR test all: 0.19106698898626834, AUROC test unknown: 0.48381053271021934, AUPR test unknown: 0.12481525121752521
Epoch: 79, Best AUROC test all: 0.5364518294709315, AUPR test all: 0.19106698898626834, AUROC test unknown: 0.5439995317122442, AUPR test unknown: 0.14788038242297388
pseudo_counter: Counter({0: 160773, -1: 8570})
max_probs: 0.0049004266038537025， num of >0.5: 0
AUROC test all: 0.5365701411928154, AUPR test all: 0.19117330590366455, AUROC test unknown: 0.48349265684000536, AUPR test unknown: 0.12465348131824491
Epoch: 80, Best AUROC test all: 0.5365701411928154, AUPR test all: 0.19117330590366455, AUROC test unknown: 0.5439995317122442, AUPR test unknown: 0.14788038242297388
pseudo_counter: Counter({0: 160773, -1: 8570})
max_probs: 0.004994171671569347， num of >0.5: 0
AUROC test all: 0.5370460747389549, AUPR test all: 0.19139222408718554, AUROC test unknown: 0.4834783269762019, AUPR test unknown: 0.12454476870976197
Epoch: 81, Best AUROC test all: 0.5370460747389549, AUPR test all: 0.19139222408718554, AUROC test unknown: 0.5439995317122442, AUPR test unknown: 0.14788038242297388
pseudo_counter: Counter({0: 160773, -1: 8570})
max_probs: 0.0051075126975774765， num of >0.5: 0
AUROC test all: 0.5375091440191911, AUPR test all: 0.19161580536463102, AUROC test unknown: 0.48348238208646427, AUPR test unknown: 0.12443955067877667
Epoch: 82, Best AUROC test all: 0.5375091440191911, AUPR test all: 0.19161580536463102, AUROC test unknown: 0.5439995317122442, AUPR test unknown: 0.14788038242297388
pseudo_counter: Counter({0: 160773, -1: 8570})
max_probs: 0.005195787642151117， num of >0.5: 0
AUROC test all: 0.5373266488562941, AUPR test all: 0.1916764581827446, AUROC test unknown: 0.4825371473132619, AUPR test unknown: 0.12415739152981058
Epoch: 83, Best AUROC test all: 0.5375091440191911, AUPR test all: 0.1916764581827446, AUROC test unknown: 0.5439995317122442, AUPR test unknown: 0.14788038242297388
pseudo_counter: Counter({0: 160773, -1: 8570})
max_probs: 0.005331684369593859， num of >0.5: 0
AUROC test all: 0.5378897987769236, AUPR test all: 0.1920010261137964, AUROC test unknown: 0.4826067870584374, AUPR test unknown: 0.1240967139374218
Epoch: 84, Best AUROC test all: 0.5378897987769236, AUPR test all: 0.1920010261137964, AUROC test unknown: 0.5439995317122442, AUPR test unknown: 0.14788038242297388
pseudo_counter: Counter({0: 160773, -1: 8570})
max_probs: 0.005425427574664354， num of >0.5: 0
AUROC test all: 0.5383196064515835, AUPR test all: 0.1922997183990879, AUROC test unknown: 0.4824137706258951, AUPR test unknown: 0.12396179780912883
Epoch: 85, Best AUROC test all: 0.5383196064515835, AUPR test all: 0.1922997183990879, AUROC test unknown: 0.5439995317122442, AUPR test unknown: 0.14788038242297388
pseudo_counter: Counter({0: 160773, -1: 8570})
max_probs: 0.005537430290132761， num of >0.5: 0
AUROC test all: 0.5386304852923558, AUPR test all: 0.1924709255000773, AUROC test unknown: 0.48212179138986266, AUPR test unknown: 0.1237915349012081
Epoch: 86, Best AUROC test all: 0.5386304852923558, AUPR test all: 0.1924709255000773, AUROC test unknown: 0.5439995317122442, AUPR test unknown: 0.14788038242297388
pseudo_counter: Counter({0: 160773, -1: 8570})
max_probs: 0.005676533095538616， num of >0.5: 0
AUROC test all: 0.5386560850108357, AUPR test all: 0.1926070564392062, AUROC test unknown: 0.4815816831633851, AUPR test unknown: 0.12359501021139983
Epoch: 87, Best AUROC test all: 0.5386560850108357, AUPR test all: 0.1926070564392062, AUROC test unknown: 0.5439995317122442, AUPR test unknown: 0.14788038242297388
pseudo_counter: Counter({0: 160773, -1: 8570})
max_probs: 0.0057210419327020645， num of >0.5: 0
AUROC test all: 0.5390201663290227, AUPR test all: 0.19287142429786588, AUROC test unknown: 0.4813490724964163, AUPR test unknown: 0.12344331361500942
Epoch: 88, Best AUROC test all: 0.5390201663290227, AUPR test all: 0.19287142429786588, AUROC test unknown: 0.5439995317122442, AUPR test unknown: 0.14788038242297388
pseudo_counter: Counter({0: 160773, -1: 8570})
max_probs: 0.005784009583294392， num of >0.5: 0
AUROC test all: 0.5396474896673358, AUPR test all: 0.1931928278052081, AUROC test unknown: 0.4813464464750192, AUPR test unknown: 0.12333642068161173
Epoch: 89, Best AUROC test all: 0.5396474896673358, AUPR test all: 0.1931928278052081, AUROC test unknown: 0.5439995317122442, AUPR test unknown: 0.14788038242297388
pseudo_counter: Counter({0: 160773, -1: 8570})
max_probs: 0.005876448005437851， num of >0.5: 0
AUROC test all: 0.5402596046351938, AUPR test all: 0.19349737239192386, AUROC test unknown: 0.4813736443520398, AUPR test unknown: 0.12321265562492315
Epoch: 90, Best AUROC test all: 0.5402596046351938, AUPR test all: 0.19349737239192386, AUROC test unknown: 0.5439995317122442, AUPR test unknown: 0.14788038242297388
pseudo_counter: Counter({0: 160773, -1: 8570})
max_probs: 0.0058974758721888065， num of >0.5: 0
AUROC test all: 0.5404724390613748, AUPR test all: 0.19373213661820562, AUROC test unknown: 0.48100338343134075, AUPR test unknown: 0.12305089408062848
Epoch: 91, Best AUROC test all: 0.5404724390613748, AUPR test all: 0.19373213661820562, AUROC test unknown: 0.5439995317122442, AUPR test unknown: 0.14788038242297388
pseudo_counter: Counter({0: 160773, -1: 8570})
max_probs: 0.005942697171121836， num of >0.5: 0
AUROC test all: 0.5407898181666477, AUPR test all: 0.19394458119396069, AUROC test unknown: 0.48069278650005187, AUPR test unknown: 0.12290868186081927
Epoch: 92, Best AUROC test all: 0.5407898181666477, AUPR test all: 0.19394458119396069, AUROC test unknown: 0.5439995317122442, AUPR test unknown: 0.14788038242297388
pseudo_counter: Counter({0: 160773, -1: 8570})
max_probs: 0.0059660691767930984， num of >0.5: 0
AUROC test all: 0.540723153545282, AUPR test all: 0.19404924516461622, AUROC test unknown: 0.48018358180249965, AUPR test unknown: 0.1227087196215059
Epoch: 93, Best AUROC test all: 0.5407898181666477, AUPR test all: 0.19404924516461622, AUROC test unknown: 0.5439995317122442, AUPR test unknown: 0.14788038242297388
pseudo_counter: Counter({0: 160773, -1: 8570})
max_probs: 0.006008921656757593， num of >0.5: 0
AUROC test all: 0.5412403091167666, AUPR test all: 0.19429527007289998, AUROC test unknown: 0.48031462379115686, AUPR test unknown: 0.12262674233016393
Epoch: 94, Best AUROC test all: 0.5412403091167666, AUPR test all: 0.19429527007289998, AUROC test unknown: 0.5439995317122442, AUPR test unknown: 0.14788038242297388
pseudo_counter: Counter({0: 160773, -1: 8570})
max_probs: 0.005963445641100407， num of >0.5: 0
AUROC test all: 0.5417202102759037, AUPR test all: 0.1946291029249127, AUROC test unknown: 0.4802225565767988, AUPR test unknown: 0.12252808601980505
Epoch: 95, Best AUROC test all: 0.5417202102759037, AUPR test all: 0.1946291029249127, AUROC test unknown: 0.5439995317122442, AUPR test unknown: 0.14788038242297388
pseudo_counter: Counter({0: 160773, -1: 8570})
max_probs: 0.005948852282017469， num of >0.5: 0
AUROC test all: 0.5417742591828426, AUPR test all: 0.19479665877866845, AUROC test unknown: 0.47971276348626835, AUPR test unknown: 0.12235468827539182
Epoch: 96, Best AUROC test all: 0.5417742591828426, AUPR test all: 0.19479665877866845, AUROC test unknown: 0.5439995317122442, AUPR test unknown: 0.14788038242297388
pseudo_counter: Counter({0: 160773, -1: 8570})
max_probs: 0.005951664876192808， num of >0.5: 0
AUROC test all: 0.5421174191037749, AUPR test all: 0.19507717821040993, AUROC test unknown: 0.47959935765923734, AUPR test unknown: 0.12226566636838873
Epoch: 97, Best AUROC test all: 0.5421174191037749, AUPR test all: 0.19507717821040993, AUROC test unknown: 0.5439995317122442, AUPR test unknown: 0.14788038242297388
pseudo_counter: Counter({0: 160773, -1: 8570})
max_probs: 0.0059164538979530334， num of >0.5: 0
AUROC test all: 0.5424403556033424, AUPR test all: 0.19523313002120946, AUROC test unknown: 0.4796507896072405, AUPR test unknown: 0.12217938944156459
Epoch: 98, Best AUROC test all: 0.5424403556033424, AUPR test all: 0.19523313002120946, AUROC test unknown: 0.5439995317122442, AUPR test unknown: 0.14788038242297388
pseudo_counter: Counter({0: 160773, -1: 8570})
max_probs: 0.0058838683180511， num of >0.5: 0
AUROC test all: 0.542366279000861, AUPR test all: 0.19526133757146444, AUROC test unknown: 0.47952247606743004, AUPR test unknown: 0.122083887886868
Epoch: 99, Best AUROC test all: 0.5424403556033424, AUPR test all: 0.19526133757146444, AUROC test unknown: 0.5439995317122442, AUPR test unknown: 0.14788038242297388
pseudo_counter: Counter({0: 160773, -1: 8570})
max_probs: 0.005808504298329353， num of >0.5: 0
AUROC test all: 0.5425935766848692, AUPR test all: 0.19556515636174854, AUROC test unknown: 0.47930458181491553, AUPR test unknown: 0.12199856750221545
Epoch: 100, Best AUROC test all: 0.5425935766848692, AUPR test all: 0.19556515636174854, AUROC test unknown: 0.5439995317122442, AUPR test unknown: 0.14788038242297388
pseudo_counter: Counter({0: 160773, -1: 8570})
max_probs: 0.005786033812910318， num of >0.5: 0
AUROC test all: 0.5425577346138001, AUPR test all: 0.19550553090621434, AUROC test unknown: 0.47890317748924194, AUPR test unknown: 0.1218563953364613
Epoch: 101, Best AUROC test all: 0.5425935766848692, AUPR test all: 0.19556515636174854, AUROC test unknown: 0.5439995317122442, AUPR test unknown: 0.14788038242297388
pseudo_counter: Counter({0: 160773, -1: 8570})
max_probs: 0.005763994064182043， num of >0.5: 0
AUROC test all: 0.5427020548434589, AUPR test all: 0.19549893857270936, AUROC test unknown: 0.4789328904873511, AUPR test unknown: 0.12177398191563768
Epoch: 102, Best AUROC test all: 0.5427020548434589, AUPR test all: 0.19556515636174854, AUROC test unknown: 0.5439995317122442, AUPR test unknown: 0.14788038242297388
pseudo_counter: Counter({0: 160773, -1: 8570})
max_probs: 0.005744483787566423， num of >0.5: 0
AUROC test all: 0.5431773689749377, AUPR test all: 0.19595385018440234, AUROC test unknown: 0.4788143497312642, AUPR test unknown: 0.12165959073817836
Epoch: 103, Best AUROC test all: 0.5431773689749377, AUPR test all: 0.19595385018440234, AUROC test unknown: 0.5439995317122442, AUPR test unknown: 0.14788038242297388
pseudo_counter: Counter({0: 160773, -1: 8570})
max_probs: 0.0056624636054039， num of >0.5: 0
AUROC test all: 0.5434216326337388, AUPR test all: 0.19611751273520153, AUROC test unknown: 0.47876137779408723, AUPR test unknown: 0.12155684512260245
Epoch: 104, Best AUROC test all: 0.5434216326337388, AUPR test all: 0.19611751273520153, AUROC test unknown: 0.5439995317122442, AUPR test unknown: 0.14788038242297388
pseudo_counter: Counter({0: 160773, -1: 8570})
max_probs: 0.005689744371920824， num of >0.5: 0
AUROC test all: 0.5436661566282007, AUPR test all: 0.19620546587154283, AUROC test unknown: 0.4784318300900448, AUPR test unknown: 0.12136739275402625
Epoch: 105, Best AUROC test all: 0.5436661566282007, AUPR test all: 0.19620546587154283, AUROC test unknown: 0.5439995317122442, AUPR test unknown: 0.14788038242297388
pseudo_counter: Counter({0: 160773, -1: 8570})
max_probs: 0.005637357477098703， num of >0.5: 0
AUROC test all: 0.5442910173428654, AUPR test all: 0.19683056323917408, AUROC test unknown: 0.4782573974613234, AUPR test unknown: 0.12123228922474794
Epoch: 106, Best AUROC test all: 0.5442910173428654, AUPR test all: 0.19683056323917408, AUROC test unknown: 0.5439995317122442, AUPR test unknown: 0.14788038242297388
pseudo_counter: Counter({0: 160773, -1: 8570})
max_probs: 0.005633399821817875， num of >0.5: 0
AUROC test all: 0.5445654463466421, AUPR test all: 0.1970974627052521, AUROC test unknown: 0.47785061343511503, AUPR test unknown: 0.12103935581493828
Epoch: 107, Best AUROC test all: 0.5445654463466421, AUPR test all: 0.1970974627052521, AUROC test unknown: 0.5439995317122442, AUPR test unknown: 0.14788038242297388
pseudo_counter: Counter({0: 160773, -1: 8570})
max_probs: 0.005637248046696186， num of >0.5: 0
AUROC test all: 0.5448829321868269, AUPR test all: 0.19748919961989803, AUROC test unknown: 0.4773357917969794, AUPR test unknown: 0.12076034852111933
Epoch: 108, Best AUROC test all: 0.5448829321868269, AUPR test all: 0.19748919961989803, AUROC test unknown: 0.5439995317122442, AUPR test unknown: 0.14788038242297388
pseudo_counter: Counter({0: 160773, -1: 8570})
max_probs: 0.005591102410107851， num of >0.5: 0
AUROC test all: 0.5450941077520091, AUPR test all: 0.19774824361829454, AUROC test unknown: 0.4767634324804422, AUPR test unknown: 0.12052381178971082
Epoch: 109, Best AUROC test all: 0.5450941077520091, AUPR test all: 0.19774824361829454, AUROC test unknown: 0.5439995317122442, AUPR test unknown: 0.14788038242297388
pseudo_counter: Counter({0: 160773, -1: 8570})
max_probs: 0.005645004566758871， num of >0.5: 0
AUROC test all: 0.5457559941033024, AUPR test all: 0.19839739444033727, AUROC test unknown: 0.4763108955811126, AUPR test unknown: 0.1202779501719652
Epoch: 110, Best AUROC test all: 0.5457559941033024, AUPR test all: 0.19839739444033727, AUROC test unknown: 0.5439995317122442, AUPR test unknown: 0.14788038242297388
pseudo_counter: Counter({0: 160773, -1: 8570})
max_probs: 0.005664012860506773， num of >0.5: 0
AUROC test all: 0.5464673476164421, AUPR test all: 0.19914242951538647, AUROC test unknown: 0.4758314592376809, AUPR test unknown: 0.11996738836633919
Epoch: 111, Best AUROC test all: 0.5464673476164421, AUPR test all: 0.19914242951538647, AUROC test unknown: 0.5439995317122442, AUPR test unknown: 0.14788038242297388
pseudo_counter: Counter({0: 160773, -1: 8570})
max_probs: 0.005660034716129303， num of >0.5: 0
AUROC test all: 0.5468516079282639, AUPR test all: 0.19969799110774053, AUROC test unknown: 0.47507596943206265, AUPR test unknown: 0.11965804910522423
Epoch: 112, Best AUROC test all: 0.5468516079282639, AUPR test all: 0.19969799110774053, AUROC test unknown: 0.5439995317122442, AUPR test unknown: 0.14788038242297388
pseudo_counter: Counter({0: 160773, -1: 8570})
max_probs: 0.005731303710490465， num of >0.5: 0
AUROC test all: 0.5477664508738684, AUPR test all: 0.20071726454234, AUROC test unknown: 0.4744402882987918, AUPR test unknown: 0.11932702507030161
Epoch: 113, Best AUROC test all: 0.5477664508738684, AUPR test all: 0.20071726454234, AUROC test unknown: 0.5439995317122442, AUPR test unknown: 0.14788038242297388
pseudo_counter: Counter({0: 160773, -1: 8570})
max_probs: 0.005753010977059603， num of >0.5: 0
AUROC test all: 0.5480019586127252, AUPR test all: 0.20101788100525914, AUROC test unknown: 0.473437292540285, AUPR test unknown: 0.11888441539373681
Epoch: 114, Best AUROC test all: 0.5480019586127252, AUPR test all: 0.20101788100525914, AUROC test unknown: 0.5439995317122442, AUPR test unknown: 0.14788038242297388
pseudo_counter: Counter({0: 160773, -1: 8570})
max_probs: 0.005815014708787203， num of >0.5: 0
AUROC test all: 0.5489615420431595, AUPR test all: 0.20215040636852094, AUROC test unknown: 0.47283851993346, AUPR test unknown: 0.11859077959783647
Epoch: 115, Best AUROC test all: 0.5489615420431595, AUPR test all: 0.20215040636852094, AUROC test unknown: 0.5439995317122442, AUPR test unknown: 0.14788038242297388
pseudo_counter: Counter({0: 160773, -1: 8570})
max_probs: 0.0058214860036969185， num of >0.5: 0
AUROC test all: 0.5498069371326628, AUPR test all: 0.202880608457368, AUROC test unknown: 0.4723669403779294, AUPR test unknown: 0.11822277795548129
Epoch: 116, Best AUROC test all: 0.5498069371326628, AUPR test all: 0.202880608457368, AUROC test unknown: 0.5439995317122442, AUPR test unknown: 0.14788038242297388
pseudo_counter: Counter({0: 160773, -1: 8570})
max_probs: 0.005876083392649889， num of >0.5: 0
AUROC test all: 0.5504246271033669, AUPR test all: 0.20427954146355007, AUROC test unknown: 0.47103565617049625, AUPR test unknown: 0.11773473062203355
Epoch: 117, Best AUROC test all: 0.5504246271033669, AUPR test all: 0.20427954146355007, AUROC test unknown: 0.5439995317122442, AUPR test unknown: 0.14788038242297388
pseudo_counter: Counter({0: 160773, -1: 8570})
max_probs: 0.00600360706448555， num of >0.5: 0
AUROC test all: 0.5509363581573952, AUPR test all: 0.20495629094164997, AUROC test unknown: 0.4701574345562151, AUPR test unknown: 0.11734624450285133
Epoch: 118, Best AUROC test all: 0.5509363581573952, AUPR test all: 0.20495629094164997, AUROC test unknown: 0.5439995317122442, AUPR test unknown: 0.14788038242297388
pseudo_counter: Counter({0: 160773, -1: 8570})
max_probs: 0.006138659082353115， num of >0.5: 0
AUROC test all: 0.551251716749112, AUPR test all: 0.20587404437506202, AUROC test unknown: 0.4691027242327897, AUPR test unknown: 0.1169278587708574
Epoch: 119, Best AUROC test all: 0.551251716749112, AUPR test all: 0.20587404437506202, AUROC test unknown: 0.5439995317122442, AUPR test unknown: 0.14788038242297388
pseudo_counter: Counter({0: 160773, -1: 8570})
max_probs: 0.006147421896457672， num of >0.5: 0
AUROC test all: 0.5520396835797481, AUPR test all: 0.2066472295238887, AUROC test unknown: 0.46844541132592865, AUPR test unknown: 0.11661747609191214
Epoch: 120, Best AUROC test all: 0.5520396835797481, AUPR test all: 0.2066472295238887, AUROC test unknown: 0.5439995317122442, AUPR test unknown: 0.14788038242297388
pseudo_counter: Counter({0: 160773, -1: 8570})
max_probs: 0.00633340934291482， num of >0.5: 0
AUROC test all: 0.5525176240944041, AUPR test all: 0.20769454330867398, AUROC test unknown: 0.46766685369128175, AUPR test unknown: 0.11630188481219643
Epoch: 121, Best AUROC test all: 0.5525176240944041, AUPR test all: 0.20769454330867398, AUROC test unknown: 0.5439995317122442, AUPR test unknown: 0.14788038242297388
pseudo_counter: Counter({0: 160773, -1: 8570})
max_probs: 0.006323805078864098， num of >0.5: 0
AUROC test all: 0.553260851659264, AUPR test all: 0.20858266895462932, AUROC test unknown: 0.46696962251021307, AUPR test unknown: 0.11591229199584911
Epoch: 122, Best AUROC test all: 0.553260851659264, AUPR test all: 0.20858266895462932, AUROC test unknown: 0.5439995317122442, AUPR test unknown: 0.14788038242297388
pseudo_counter: Counter({0: 160773, -1: 8570})
max_probs: 0.006393510848283768， num of >0.5: 0
AUROC test all: 0.5535952410316092, AUPR test all: 0.20932304038572072, AUROC test unknown: 0.4661307531831658, AUPR test unknown: 0.11559027780456209
Epoch: 123, Best AUROC test all: 0.5535952410316092, AUPR test all: 0.20932304038572072, AUROC test unknown: 0.5439995317122442, AUPR test unknown: 0.14788038242297388
pseudo_counter: Counter({0: 160773, -1: 8570})
max_probs: 0.0064508249051868916， num of >0.5: 0
AUROC test all: 0.5540910344502505, AUPR test all: 0.21022229182682603, AUROC test unknown: 0.46516916503917266, AUPR test unknown: 0.11527551274823307
Epoch: 124, Best AUROC test all: 0.5540910344502505, AUPR test all: 0.21022229182682603, AUROC test unknown: 0.5439995317122442, AUPR test unknown: 0.14788038242297388
pseudo_counter: Counter({0: 160773, -1: 8570})
max_probs: 0.006473887711763382， num of >0.5: 0
AUROC test all: 0.5540344087349793, AUPR test all: 0.21067888197070672, AUROC test unknown: 0.46454008840525984, AUPR test unknown: 0.11501451305111961
Epoch: 125, Best AUROC test all: 0.5540910344502505, AUPR test all: 0.21067888197070672, AUROC test unknown: 0.5439995317122442, AUPR test unknown: 0.14788038242297388
pseudo_counter: Counter({0: 160773, -1: 8570})
max_probs: 0.006802236661314964， num of >0.5: 0
AUROC test all: 0.5551080588718892, AUPR test all: 0.21170845507261857, AUROC test unknown: 0.46390435097454885, AUPR test unknown: 0.11472594874935299
Epoch: 126, Best AUROC test all: 0.5551080588718892, AUPR test all: 0.21170845507261857, AUROC test unknown: 0.5439995317122442, AUPR test unknown: 0.14788038242297388
pseudo_counter: Counter({0: 160773, -1: 8570})
max_probs: 0.00668999133631587， num of >0.5: 0
AUROC test all: 0.5554013772460809, AUPR test all: 0.21239892635958868, AUROC test unknown: 0.4634334707123049, AUPR test unknown: 0.11448629589278078
Epoch: 127, Best AUROC test all: 0.5554013772460809, AUPR test all: 0.21239892635958868, AUROC test unknown: 0.5439995317122442, AUPR test unknown: 0.14788038242297388
pseudo_counter: Counter({0: 160773, -1: 8570})
max_probs: 0.006832475773990154， num of >0.5: 0
AUROC test all: 0.5556332909441319, AUPR test all: 0.21300916554856253, AUROC test unknown: 0.46253379732561317, AUPR test unknown: 0.11417139271068194
Epoch: 128, Best AUROC test all: 0.5556332909441319, AUPR test all: 0.21300916554856253, AUROC test unknown: 0.5439995317122442, AUPR test unknown: 0.14788038242297388
pseudo_counter: Counter({0: 160773, -1: 8570})
max_probs: 0.006919935345649719， num of >0.5: 0
AUROC test all: 0.5564092156927681, AUPR test all: 0.21371424810894546, AUROC test unknown: 0.46215799044805966, AUPR test unknown: 0.11405156064445227
Epoch: 129, Best AUROC test all: 0.5564092156927681, AUPR test all: 0.21371424810894546, AUROC test unknown: 0.5439995317122442, AUPR test unknown: 0.14788038242297388
pseudo_counter: Counter({0: 160773, -1: 8570})
max_probs: 0.0071092876605689526， num of >0.5: 0
AUROC test all: 0.556190087834841, AUPR test all: 0.2143707021784192, AUROC test unknown: 0.4610430561733948, AUPR test unknown: 0.11367500899199193
Epoch: 130, Best AUROC test all: 0.5564092156927681, AUPR test all: 0.2143707021784192, AUROC test unknown: 0.5439995317122442, AUPR test unknown: 0.14788038242297388
pseudo_counter: Counter({0: 160773, -1: 8570})
max_probs: 0.0071532693691551685， num of >0.5: 0
AUROC test all: 0.5568099922840682, AUPR test all: 0.21488757652535054, AUROC test unknown: 0.4606368853938841, AUPR test unknown: 0.11348898374745209
Epoch: 131, Best AUROC test all: 0.5568099922840682, AUPR test all: 0.21488757652535054, AUROC test unknown: 0.5439995317122442, AUPR test unknown: 0.14788038242297388
pseudo_counter: Counter({0: 160773, -1: 8570})
max_probs: 0.007421982940286398， num of >0.5: 0
AUROC test all: 0.5568785601189472, AUPR test all: 0.2153592976112937, AUROC test unknown: 0.459561859225996, AUPR test unknown: 0.11309397685079949
Epoch: 132, Best AUROC test all: 0.5568785601189472, AUPR test all: 0.2153592976112937, AUROC test unknown: 0.5439995317122442, AUPR test unknown: 0.14788038242297388
pseudo_counter: Counter({0: 160773, -1: 8570})
max_probs: 0.007513446733355522， num of >0.5: 0
AUROC test all: 0.5574371693359538, AUPR test all: 0.2162894207913123, AUROC test unknown: 0.45890879988258076, AUPR test unknown: 0.11285741222320549
Epoch: 133, Best AUROC test all: 0.5574371693359538, AUPR test all: 0.2162894207913123, AUROC test unknown: 0.5439995317122442, AUPR test unknown: 0.14788038242297388
pseudo_counter: Counter({0: 160773, -1: 8570})
max_probs: 0.007745814975351095， num of >0.5: 0
AUROC test all: 0.5578186781084324, AUPR test all: 0.21677661939691742, AUROC test unknown: 0.4583956649082204, AUPR test unknown: 0.11264412667628393
Epoch: 134, Best AUROC test all: 0.5578186781084324, AUPR test all: 0.21677661939691742, AUROC test unknown: 0.5439995317122442, AUPR test unknown: 0.14788038242297388
pseudo_counter: Counter({0: 160773, -1: 8570})
max_probs: 0.007615287788212299， num of >0.5: 0
AUROC test all: 0.5581396439401898, AUPR test all: 0.21770003560103962, AUROC test unknown: 0.4574431850875286, AUPR test unknown: 0.1123977381085886
Epoch: 135, Best AUROC test all: 0.5581396439401898, AUPR test all: 0.21770003560103962, AUROC test unknown: 0.5439995317122442, AUPR test unknown: 0.14788038242297388
pseudo_counter: Counter({0: 160773, -1: 8570})
max_probs: 0.008107656612992287， num of >0.5: 0
AUROC test all: 0.5584757803517416, AUPR test all: 0.21806941163667665, AUROC test unknown: 0.4566115771888314, AUPR test unknown: 0.11208654417612875
Epoch: 136, Best AUROC test all: 0.5584757803517416, AUPR test all: 0.21806941163667665, AUROC test unknown: 0.5439995317122442, AUPR test unknown: 0.14788038242297388
pseudo_counter: Counter({0: 160773, -1: 8570})
max_probs: 0.008042254485189915， num of >0.5: 0
AUROC test all: 0.5588431444457245, AUPR test all: 0.21880323851509617, AUROC test unknown: 0.45582365422083043, AUPR test unknown: 0.11184411367490373
Epoch: 137, Best AUROC test all: 0.5588431444457245, AUPR test all: 0.21880323851509617, AUROC test unknown: 0.5439995317122442, AUPR test unknown: 0.14788038242297388
pseudo_counter: Counter({0: 160773, -1: 8570})
max_probs: 0.008287650533020496， num of >0.5: 0
AUROC test all: 0.5595942554945283, AUPR test all: 0.21940279226626086, AUROC test unknown: 0.45564320096687116, AUPR test unknown: 0.11173730515835346
Epoch: 138, Best AUROC test all: 0.5595942554945283, AUPR test all: 0.21940279226626086, AUROC test unknown: 0.5439995317122442, AUPR test unknown: 0.14788038242297388
pseudo_counter: Counter({0: 160773, -1: 8570})
max_probs: 0.008364644832909107， num of >0.5: 0
AUROC test all: 0.5593055521862269, AUPR test all: 0.22016246119398775, AUROC test unknown: 0.45393495098307474, AUPR test unknown: 0.11131687101260801
Epoch: 139, Best AUROC test all: 0.5595942554945283, AUPR test all: 0.22016246119398775, AUROC test unknown: 0.5439995317122442, AUPR test unknown: 0.14788038242297388
pseudo_counter: Counter({0: 160773, -1: 8570})
max_probs: 0.008463114500045776， num of >0.5: 0
AUROC test all: 0.5596049356227971, AUPR test all: 0.2203414045135847, AUROC test unknown: 0.45367030161237576, AUPR test unknown: 0.11111179783778956
Epoch: 140, Best AUROC test all: 0.5596049356227971, AUPR test all: 0.2203414045135847, AUROC test unknown: 0.5439995317122442, AUPR test unknown: 0.14788038242297388
pseudo_counter: Counter({0: 160773, -1: 8570})
max_probs: 0.008527123369276524， num of >0.5: 0
AUROC test all: 0.5598190965147056, AUPR test all: 0.22100693165039573, AUROC test unknown: 0.4526701548055976, AUPR test unknown: 0.1109192095555063
Epoch: 141, Best AUROC test all: 0.5598190965147056, AUPR test all: 0.22100693165039573, AUROC test unknown: 0.5439995317122442, AUPR test unknown: 0.14788038242297388
pseudo_counter: Counter({0: 160773, -1: 8570})
max_probs: 0.009046693332493305， num of >0.5: 0
AUROC test all: 0.5600674513172653, AUPR test all: 0.22103507891693946, AUROC test unknown: 0.452457669061338, AUPR test unknown: 0.1107542192848966
Epoch: 142, Best AUROC test all: 0.5600674513172653, AUPR test all: 0.22103507891693946, AUROC test unknown: 0.5439995317122442, AUPR test unknown: 0.14788038242297388
pseudo_counter: Counter({0: 160773, -1: 8570})
max_probs: 0.009053466841578484， num of >0.5: 0
AUROC test all: 0.5599936178482444, AUPR test all: 0.2213605453549421, AUROC test unknown: 0.4516978533905446, AUPR test unknown: 0.11058276865063636
Epoch: 143, Best AUROC test all: 0.5600674513172653, AUPR test all: 0.2213605453549421, AUROC test unknown: 0.5439995317122442, AUPR test unknown: 0.14788038242297388
pseudo_counter: Counter({0: 160773, -1: 8570})
max_probs: 0.00927953515201807， num of >0.5: 0
AUROC test all: 0.5603087106862845, AUPR test all: 0.22162212836176423, AUROC test unknown: 0.4520359027611921, AUPR test unknown: 0.11067894974160242
Epoch: 144, Best AUROC test all: 0.5603087106862845, AUPR test all: 0.22162212836176423, AUROC test unknown: 0.5439995317122442, AUPR test unknown: 0.14788038242297388
pseudo_counter: Counter({0: 160773, -1: 8570})
max_probs: 0.009446055628359318， num of >0.5: 0
AUROC test all: 0.5603040670403607, AUPR test all: 0.22176108025089408, AUROC test unknown: 0.45173461072353066, AUPR test unknown: 0.11053711162075802
Epoch: 145, Best AUROC test all: 0.5603087106862845, AUPR test all: 0.22176108025089408, AUROC test unknown: 0.5439995317122442, AUPR test unknown: 0.14788038242297388
pseudo_counter: Counter({0: 160773, -1: 8570})
max_probs: 0.00962548516690731， num of >0.5: 0
AUROC test all: 0.5607025482892514, AUPR test all: 0.2216440105813233, AUROC test unknown: 0.45175090685545255, AUPR test unknown: 0.11054189498074928
Epoch: 146, Best AUROC test all: 0.5607025482892514, AUPR test all: 0.22176108025089408, AUROC test unknown: 0.5439995317122442, AUPR test unknown: 0.14788038242297388
pseudo_counter: Counter({0: 160773, -1: 8570})
max_probs: 0.009587639011442661， num of >0.5: 0
AUROC test all: 0.5603484817669884, AUPR test all: 0.22181105369732795, AUROC test unknown: 0.451259581019862, AUPR test unknown: 0.11040300384635542
Epoch: 147, Best AUROC test all: 0.5607025482892514, AUPR test all: 0.22181105369732795, AUROC test unknown: 0.5439995317122442, AUPR test unknown: 0.14788038242297388
pseudo_counter: Counter({0: 160773, -1: 8570})
max_probs: 0.009792527183890343， num of >0.5: 0
AUROC test all: 0.5605117632912225, AUPR test all: 0.2223078976963504, AUROC test unknown: 0.4508381884669358, AUPR test unknown: 0.11030463233317327
Epoch: 148, Best AUROC test all: 0.5607025482892514, AUPR test all: 0.2223078976963504, AUROC test unknown: 0.5439995317122442, AUPR test unknown: 0.14788038242297388
pseudo_counter: Counter({0: 160773, -1: 8570})
max_probs: 0.009834475815296173， num of >0.5: 0
AUROC test all: 0.5605641984421443, AUPR test all: 0.22281220834626325, AUROC test unknown: 0.45035334079096295, AUPR test unknown: 0.11016143607665208
Epoch: 149, Best AUROC test all: 0.5607025482892514, AUPR test all: 0.22281220834626325, AUROC test unknown: 0.5439995317122442, AUPR test unknown: 0.14788038242297388
pseudo_counter: Counter({0: 160773, -1: 8570})
max_probs: 0.010081660002470016， num of >0.5: 0
AUROC test all: 0.5604612011483755, AUPR test all: 0.2223062025359245, AUROC test unknown: 0.4498858572037031, AUPR test unknown: 0.11004486772677358
Epoch: 150, Best AUROC test all: 0.5607025482892514, AUPR test all: 0.22281220834626325, AUROC test unknown: 0.5439995317122442, AUPR test unknown: 0.14788038242297388
pseudo_counter: Counter({0: 160773, -1: 8570})
max_probs: 0.010345498099923134， num of >0.5: 0
AUROC test all: 0.5607744435985568, AUPR test all: 0.2225673500099925, AUROC test unknown: 0.44977098858465686, AUPR test unknown: 0.11003126378332144
Epoch: 151, Best AUROC test all: 0.5607744435985568, AUPR test all: 0.22281220834626325, AUROC test unknown: 0.5439995317122442, AUPR test unknown: 0.14788038242297388
pseudo_counter: Counter({0: 160773, -1: 8570})
max_probs: 0.01062683667987585， num of >0.5: 0
AUROC test all: 0.5604548053161301, AUPR test all: 0.22231857670368754, AUROC test unknown: 0.44936380388636626, AUPR test unknown: 0.10989023618201184
Epoch: 152, Best AUROC test all: 0.5607744435985568, AUPR test all: 0.22281220834626325, AUROC test unknown: 0.5439995317122442, AUPR test unknown: 0.14788038242297388
pseudo_counter: Counter({0: 160773, -1: 8570})
max_probs: 0.010752621106803417， num of >0.5: 0
AUROC test all: 0.5608033680824551, AUPR test all: 0.22289429933015997, AUROC test unknown: 0.4492767181481752, AUPR test unknown: 0.10984797216683614
Epoch: 153, Best AUROC test all: 0.5608033680824551, AUPR test all: 0.22289429933015997, AUROC test unknown: 0.5439995317122442, AUPR test unknown: 0.14788038242297388
pseudo_counter: Counter({0: 160773, -1: 8570})
max_probs: 0.011061436496675014， num of >0.5: 0
AUROC test all: 0.561063651459583, AUPR test all: 0.22336025936419174, AUROC test unknown: 0.4493801141397197, AUPR test unknown: 0.10988318307519761
Epoch: 154, Best AUROC test all: 0.561063651459583, AUPR test all: 0.22336025936419174, AUROC test unknown: 0.5439995317122442, AUPR test unknown: 0.14788038242297388
pseudo_counter: Counter({0: 160773, -1: 8570})
max_probs: 0.011274315416812897， num of >0.5: 0
AUROC test all: 0.5608310834006691, AUPR test all: 0.22284165702174263, AUROC test unknown: 0.4490016066796109, AUPR test unknown: 0.109803477716426
Epoch: 155, Best AUROC test all: 0.561063651459583, AUPR test all: 0.22336025936419174, AUROC test unknown: 0.5439995317122442, AUPR test unknown: 0.14788038242297388
pseudo_counter: Counter({0: 160773, -1: 8570})
max_probs: 0.01158678438514471， num of >0.5: 0
AUROC test all: 0.5611789206946737, AUPR test all: 0.2236743388014652, AUROC test unknown: 0.44924930110653816, AUPR test unknown: 0.10983737387210658
Epoch: 156, Best AUROC test all: 0.5611789206946737, AUPR test all: 0.2236743388014652, AUROC test unknown: 0.5439995317122442, AUPR test unknown: 0.14788038242297388
pseudo_counter: Counter({0: 160773, -1: 8570})
max_probs: 0.011965139769017696， num of >0.5: 0
AUROC test all: 0.561233200002736, AUPR test all: 0.22397036531538347, AUROC test unknown: 0.44880835827902094, AUPR test unknown: 0.10969519868301895
Epoch: 157, Best AUROC test all: 0.561233200002736, AUPR test all: 0.22397036531538347, AUROC test unknown: 0.5439995317122442, AUPR test unknown: 0.14788038242297388
pseudo_counter: Counter({0: 160773, -1: 8570})
max_probs: 0.012340441346168518， num of >0.5: 0
AUROC test all: 0.5612384476219752, AUPR test all: 0.2238693096258265, AUROC test unknown: 0.44828409335722935, AUPR test unknown: 0.10958294195948978
Epoch: 158, Best AUROC test all: 0.5612384476219752, AUPR test all: 0.22397036531538347, AUROC test unknown: 0.5439995317122442, AUPR test unknown: 0.14788038242297388
pseudo_counter: Counter({0: 160773, -1: 8570})
max_probs: 0.012795571237802505， num of >0.5: 0
AUROC test all: 0.5612850501433979, AUPR test all: 0.22440685514166525, AUROC test unknown: 0.4479996926227551, AUPR test unknown: 0.10952686447791407
Epoch: 159, Best AUROC test all: 0.5612850501433979, AUPR test all: 0.22440685514166525, AUROC test unknown: 0.5439995317122442, AUPR test unknown: 0.14788038242297388
pseudo_counter: Counter({0: 160773, -1: 8570})
max_probs: 0.01322786882519722， num of >0.5: 0
AUROC test all: 0.5610797366004512, AUPR test all: 0.2245425212414544, AUROC test unknown: 0.44732496384859877, AUPR test unknown: 0.1093348097449182
Epoch: 160, Best AUROC test all: 0.5612850501433979, AUPR test all: 0.2245425212414544, AUROC test unknown: 0.5439995317122442, AUPR test unknown: 0.14788038242297388
pseudo_counter: Counter({0: 160773, -1: 8570})
max_probs: 0.013696412555873394， num of >0.5: 0
AUROC test all: 0.5611898530315796, AUPR test all: 0.224279156809344, AUROC test unknown: 0.44699808716624845, AUPR test unknown: 0.10925277855599067
Epoch: 161, Best AUROC test all: 0.5612850501433979, AUPR test all: 0.2245425212414544, AUROC test unknown: 0.5439995317122442, AUPR test unknown: 0.14788038242297388
pseudo_counter: Counter({0: 160773, -1: 8570})
max_probs: 0.014185949228703976， num of >0.5: 0
AUROC test all: 0.5614214505884065, AUPR test all: 0.22449870087817508, AUROC test unknown: 0.4470884780725476, AUPR test unknown: 0.10929511060294538
Epoch: 162, Best AUROC test all: 0.5614214505884065, AUPR test all: 0.2245425212414544, AUROC test unknown: 0.5439995317122442, AUPR test unknown: 0.14788038242297388
pseudo_counter: Counter({0: 160773, -1: 8570})
max_probs: 0.014721632935106754， num of >0.5: 0
AUROC test all: 0.561589407047606, AUPR test all: 0.22521516405492875, AUROC test unknown: 0.4472891903086721, AUPR test unknown: 0.10931906890193994
Epoch: 163, Best AUROC test all: 0.561589407047606, AUPR test all: 0.22521516405492875, AUROC test unknown: 0.5439995317122442, AUPR test unknown: 0.14788038242297388
pseudo_counter: Counter({0: 160773, -1: 8570})
max_probs: 0.015206677839159966， num of >0.5: 0
AUROC test all: 0.5615522386462599, AUPR test all: 0.22489055841260155, AUROC test unknown: 0.44706340970739333, AUPR test unknown: 0.1092478876834415
Epoch: 164, Best AUROC test all: 0.561589407047606, AUPR test all: 0.22521516405492875, AUROC test unknown: 0.5439995317122442, AUPR test unknown: 0.14788038242297388
pseudo_counter: Counter({0: 160773, -1: 8570})
max_probs: 0.01574118807911873， num of >0.5: 0
AUROC test all: 0.5621382496138139, AUPR test all: 0.22540272578253362, AUROC test unknown: 0.4478349149108759, AUPR test unknown: 0.10942593050529696
Epoch: 165, Best AUROC test all: 0.5621382496138139, AUPR test all: 0.22540272578253362, AUROC test unknown: 0.5439995317122442, AUPR test unknown: 0.14788038242297388
pseudo_counter: Counter({0: 160773, -1: 8570})
max_probs: 0.01634540967643261， num of >0.5: 0
AUROC test all: 0.5617255678808643, AUPR test all: 0.22514607269300996, AUROC test unknown: 0.44721845737641486, AUPR test unknown: 0.10927977732692414
Epoch: 166, Best AUROC test all: 0.5621382496138139, AUPR test all: 0.22540272578253362, AUROC test unknown: 0.5439995317122442, AUPR test unknown: 0.14788038242297388
pseudo_counter: Counter({0: 160773, -1: 8570})
max_probs: 0.01712469570338726， num of >0.5: 0
AUROC test all: 0.5619644205672487, AUPR test all: 0.225366709213665, AUROC test unknown: 0.447407396480976, AUPR test unknown: 0.1093581253943668
Epoch: 167, Best AUROC test all: 0.5621382496138139, AUPR test all: 0.22540272578253362, AUROC test unknown: 0.5439995317122442, AUPR test unknown: 0.14788038242297388
pseudo_counter: Counter({0: 160773, -1: 8570})
max_probs: 0.018036294728517532， num of >0.5: 0
AUROC test all: 0.5618816995204988, AUPR test all: 0.22592286851863683, AUROC test unknown: 0.4466046529764992, AUPR test unknown: 0.1091713287458804
Epoch: 168, Best AUROC test all: 0.5621382496138139, AUPR test all: 0.22592286851863683, AUROC test unknown: 0.5439995317122442, AUPR test unknown: 0.14788038242297388
pseudo_counter: Counter({0: 160773, -1: 8570})
max_probs: 0.01910327933728695， num of >0.5: 0
AUROC test all: 0.5624438155482562, AUPR test all: 0.22609384392808984, AUROC test unknown: 0.4466113621627358, AUPR test unknown: 0.10915433272558375
Epoch: 169, Best AUROC test all: 0.5624438155482562, AUPR test all: 0.22609384392808984, AUROC test unknown: 0.5439995317122442, AUPR test unknown: 0.14788038242297388
pseudo_counter: Counter({0: 160773, -1: 8570})
max_probs: 0.02055724710226059， num of >0.5: 0
AUROC test all: 0.5619196902411986, AUPR test all: 0.22638796144360968, AUROC test unknown: 0.4455987248556752, AUPR test unknown: 0.10888449042114137
Epoch: 170, Best AUROC test all: 0.5624438155482562, AUPR test all: 0.22638796144360968, AUROC test unknown: 0.5439995317122442, AUPR test unknown: 0.14788038242297388
pseudo_counter: Counter({0: 160773, -1: 8570})
max_probs: 0.021813763305544853， num of >0.5: 0
AUROC test all: 0.5619778053690234, AUPR test all: 0.22661925511692652, AUROC test unknown: 0.44545095123014933, AUPR test unknown: 0.10887672557914886
Epoch: 171, Best AUROC test all: 0.5624438155482562, AUPR test all: 0.22661925511692652, AUROC test unknown: 0.5439995317122442, AUPR test unknown: 0.14788038242297388
pseudo_counter: Counter({0: 160773, -1: 8570})
max_probs: 0.023365607485175133， num of >0.5: 0
AUROC test all: 0.5620449753558163, AUPR test all: 0.22695593051552018, AUROC test unknown: 0.4449449140638198, AUPR test unknown: 0.10871803183617162
Epoch: 172, Best AUROC test all: 0.5624438155482562, AUPR test all: 0.22695593051552018, AUROC test unknown: 0.5439995317122442, AUPR test unknown: 0.14788038242297388
pseudo_counter: Counter({0: 160773, -1: 8570})
max_probs: 0.02482566051185131， num of >0.5: 0
AUROC test all: 0.5624142444241675, AUPR test all: 0.22711979395364285, AUROC test unknown: 0.445428584577265, AUPR test unknown: 0.10884454387750428
Epoch: 173, Best AUROC test all: 0.5624438155482562, AUPR test all: 0.22711979395364285, AUROC test unknown: 0.5439995317122442, AUPR test unknown: 0.14788038242297388
pseudo_counter: Counter({0: 160773, -1: 8570})
max_probs: 0.02651578187942505， num of >0.5: 0
AUROC test all: 0.5620970615865183, AUPR test all: 0.22746003717135796, AUROC test unknown: 0.4444115539987296, AUPR test unknown: 0.10856742031975987
Epoch: 174, Best AUROC test all: 0.5624438155482562, AUPR test all: 0.22746003717135796, AUROC test unknown: 0.5439995317122442, AUPR test unknown: 0.14788038242297388
pseudo_counter: Counter({0: 160773, -1: 8570})
max_probs: 0.02881479077041149， num of >0.5: 0
AUROC test all: 0.5620837331321082, AUPR test all: 0.22704867555192032, AUROC test unknown: 0.44385087498887976, AUPR test unknown: 0.10842419506709795
Epoch: 175, Best AUROC test all: 0.5624438155482562, AUPR test all: 0.22746003717135796, AUROC test unknown: 0.5439995317122442, AUPR test unknown: 0.14788038242297388
pseudo_counter: Counter({0: 160773, -1: 8570})
max_probs: 0.03145839273929596， num of >0.5: 0
AUROC test all: 0.5621978108100658, AUPR test all: 0.22835107053205608, AUROC test unknown: 0.44350436669249294, AUPR test unknown: 0.1083820353547318
Epoch: 176, Best AUROC test all: 0.5624438155482562, AUPR test all: 0.22835107053205608, AUROC test unknown: 0.5439995317122442, AUPR test unknown: 0.14788038242297388
pseudo_counter: Counter({0: 160773, -1: 8570})
max_probs: 0.03473513573408127， num of >0.5: 0
AUROC test all: 0.5621429394483228, AUPR test all: 0.22836737036744814, AUROC test unknown: 0.44296838135914873, AUPR test unknown: 0.10820262353712759
Epoch: 177, Best AUROC test all: 0.5624438155482562, AUPR test all: 0.22836737036744814, AUROC test unknown: 0.5439995317122442, AUPR test unknown: 0.14788038242297388
pseudo_counter: Counter({0: 160773, -1: 8570})
max_probs: 0.038113635033369064， num of >0.5: 0
AUROC test all: 0.562293992104461, AUPR test all: 0.22819708658665872, AUROC test unknown: 0.4430648956947069, AUPR test unknown: 0.10824363663333898
Epoch: 178, Best AUROC test all: 0.5624438155482562, AUPR test all: 0.22836737036744814, AUROC test unknown: 0.5439995317122442, AUPR test unknown: 0.14788038242297388
pseudo_counter: Counter({0: 160773, -1: 8570})
max_probs: 0.04261736571788788， num of >0.5: 0
AUROC test all: 0.5625762084224004, AUPR test all: 0.22865925062993736, AUROC test unknown: 0.4434340063777408, AUPR test unknown: 0.10836381361770726
Epoch: 179, Best AUROC test all: 0.5625762084224004, AUPR test all: 0.22865925062993736, AUROC test unknown: 0.5439995317122442, AUPR test unknown: 0.14788038242297388
pseudo_counter: Counter({0: 160773, -1: 8570})
max_probs: 0.04813859611749649， num of >0.5: 0
AUROC test all: 0.5622430528677118, AUPR test all: 0.22905080836329986, AUROC test unknown: 0.44296595303779235, AUPR test unknown: 0.10821964110686208
Epoch: 180, Best AUROC test all: 0.5625762084224004, AUPR test all: 0.22905080836329986, AUROC test unknown: 0.5439995317122442, AUPR test unknown: 0.14788038242297388
pseudo_counter: Counter({0: 160773, -1: 8570})
max_probs: 0.05557982623577118， num of >0.5: 0
AUROC test all: 0.562532663693666, AUPR test all: 0.2294002533545464, AUROC test unknown: 0.4428967922915725, AUPR test unknown: 0.10820003161204661
Epoch: 181, Best AUROC test all: 0.5625762084224004, AUPR test all: 0.2294002533545464, AUROC test unknown: 0.5439995317122442, AUPR test unknown: 0.14788038242297388
pseudo_counter: Counter({0: 160773, -1: 8570})
max_probs: 0.058397095650434494， num of >0.5: 0
AUROC test all: 0.5631856594873216, AUPR test all: 0.22967963191570986, AUROC test unknown: 0.44362753551238854, AUPR test unknown: 0.10833010844585576
Epoch: 182, Best AUROC test all: 0.5631856594873216, AUPR test all: 0.22967963191570986, AUROC test unknown: 0.5439995317122442, AUPR test unknown: 0.14788038242297388
pseudo_counter: Counter({0: 160773, -1: 8570})
max_probs: 0.07387716323137283， num of >0.5: 0
AUROC test all: 0.5631542851121121, AUPR test all: 0.23031240244181145, AUROC test unknown: 0.4433507371917631, AUPR test unknown: 0.10830680696995992
Epoch: 183, Best AUROC test all: 0.5631856594873216, AUPR test all: 0.23031240244181145, AUROC test unknown: 0.5439995317122442, AUPR test unknown: 0.14788038242297388
pseudo_counter: Counter({0: 160773, -1: 8570})
max_probs: 0.07996536046266556， num of >0.5: 0
AUROC test all: 0.563407391514561, AUPR test all: 0.23090404066129702, AUROC test unknown: 0.44333307354041707, AUPR test unknown: 0.10824776144914636
Epoch: 184, Best AUROC test all: 0.563407391514561, AUPR test all: 0.23090404066129702, AUROC test unknown: 0.5439995317122442, AUPR test unknown: 0.14788038242297388
pseudo_counter: Counter({0: 160773, -1: 8570})
max_probs: 0.08932852745056152， num of >0.5: 0
AUROC test all: 0.5634441375815725, AUPR test all: 0.23144271156647037, AUROC test unknown: 0.4432848917810821, AUPR test unknown: 0.10823879861478355
Epoch: 185, Best AUROC test all: 0.5634441375815725, AUPR test all: 0.23144271156647037, AUROC test unknown: 0.5439995317122442, AUPR test unknown: 0.14788038242297388
pseudo_counter: Counter({0: 160773, -1: 8570})
max_probs: 0.10514397919178009， num of >0.5: 0
AUROC test all: 0.5634206303008089, AUPR test all: 0.23225957416375317, AUROC test unknown: 0.44327156453891337, AUPR test unknown: 0.10824758499932546
Epoch: 186, Best AUROC test all: 0.5634441375815725, AUPR test all: 0.23225957416375317, AUROC test unknown: 0.5439995317122442, AUPR test unknown: 0.14788038242297388
pseudo_counter: Counter({0: 160773, -1: 8570})
max_probs: 0.12314552068710327， num of >0.5: 0
AUROC test all: 0.5640713963100468, AUPR test all: 0.2329735965374099, AUROC test unknown: 0.44372134229881854, AUPR test unknown: 0.1083370941355031
Epoch: 187, Best AUROC test all: 0.5640713963100468, AUPR test all: 0.2329735965374099, AUROC test unknown: 0.5439995317122442, AUPR test unknown: 0.14788038242297388
pseudo_counter: Counter({0: 160773, -1: 8570})
max_probs: 0.14214903116226196， num of >0.5: 0
AUROC test all: 0.5642388796410132, AUPR test all: 0.23358253515338379, AUROC test unknown: 0.4440254219070532, AUPR test unknown: 0.10842353797241491
Epoch: 188, Best AUROC test all: 0.5642388796410132, AUPR test all: 0.23358253515338379, AUROC test unknown: 0.5439995317122442, AUPR test unknown: 0.14788038242297388
pseudo_counter: Counter({0: 160773, -1: 8570})
max_probs: 0.1561480313539505， num of >0.5: 0
AUROC test all: 0.5649613434728791, AUPR test all: 0.23458847396354005, AUROC test unknown: 0.4447790891065825, AUPR test unknown: 0.10856197038933123
Epoch: 189, Best AUROC test all: 0.5649613434728791, AUPR test all: 0.23458847396354005, AUROC test unknown: 0.5439995317122442, AUPR test unknown: 0.14788038242297388
pseudo_counter: Counter({0: 160773, -1: 8570})
max_probs: 0.16068033874034882， num of >0.5: 0
AUROC test all: 0.5649645345487568, AUPR test all: 0.23554331882959015, AUROC test unknown: 0.44453972237022454, AUPR test unknown: 0.108551780139434
Epoch: 190, Best AUROC test all: 0.5649645345487568, AUPR test all: 0.23554331882959015, AUROC test unknown: 0.5439995317122442, AUPR test unknown: 0.14788038242297388
pseudo_counter: Counter({0: 160773, -1: 8570})
max_probs: 0.17763681709766388， num of >0.5: 0
AUROC test all: 0.5651183621771565, AUPR test all: 0.23581737409187203, AUROC test unknown: 0.4447633216810548, AUPR test unknown: 0.10861139422574821
Epoch: 191, Best AUROC test all: 0.5651183621771565, AUPR test all: 0.23581737409187203, AUROC test unknown: 0.5439995317122442, AUPR test unknown: 0.14788038242297388
pseudo_counter: Counter({0: 160773, -1: 8570})
max_probs: 0.164044588804245， num of >0.5: 0
AUROC test all: 0.565455201440813, AUPR test all: 0.23701083749097432, AUROC test unknown: 0.4451590343167011, AUPR test unknown: 0.10868619525735196
Epoch: 192, Best AUROC test all: 0.565455201440813, AUPR test all: 0.23701083749097432, AUROC test unknown: 0.5439995317122442, AUPR test unknown: 0.14788038242297388
pseudo_counter: Counter({0: 160773, -1: 8570})
max_probs: 0.18841694295406342， num of >0.5: 0
AUROC test all: 0.5658304410271664, AUPR test all: 0.23813506280354668, AUROC test unknown: 0.44564241750608713, AUPR test unknown: 0.1088248871611833
Epoch: 193, Best AUROC test all: 0.5658304410271664, AUPR test all: 0.23813506280354668, AUROC test unknown: 0.5439995317122442, AUPR test unknown: 0.14788038242297388
pseudo_counter: Counter({0: 160773, -1: 8570})
max_probs: 0.16308185458183289， num of >0.5: 0
AUROC test all: 0.5663083734147987, AUPR test all: 0.2391655726855682, AUROC test unknown: 0.4456571531256884, AUPR test unknown: 0.10884360243690326
Epoch: 194, Best AUROC test all: 0.5663083734147987, AUPR test all: 0.2391655726855682, AUROC test unknown: 0.5439995317122442, AUPR test unknown: 0.14788038242297388
pseudo_counter: Counter({0: 160773, -1: 8570})
max_probs: 0.19263628125190735， num of >0.5: 0
AUROC test all: 0.5659239379656149, AUPR test all: 0.23973968728840364, AUROC test unknown: 0.44462205464629534, AUPR test unknown: 0.10861883615474124
Epoch: 195, Best AUROC test all: 0.5663083734147987, AUPR test all: 0.23973968728840364, AUROC test unknown: 0.5439995317122442, AUPR test unknown: 0.14788038242297388
pseudo_counter: Counter({0: 160773, -1: 8570})
max_probs: 0.18240651488304138， num of >0.5: 0
AUROC test all: 0.5660017292952049, AUPR test all: 0.24084901816702542, AUROC test unknown: 0.4444137030923143, AUPR test unknown: 0.10854098972106842
Epoch: 196, Best AUROC test all: 0.5663083734147987, AUPR test all: 0.24084901816702542, AUROC test unknown: 0.5439995317122442, AUPR test unknown: 0.14788038242297388
pseudo_counter: Counter({0: 160773, -1: 8570})
max_probs: 0.18337798118591309， num of >0.5: 0
AUROC test all: 0.5661324012720689, AUPR test all: 0.24212259105371092, AUROC test unknown: 0.44396586994766607, AUPR test unknown: 0.10849461894997163
Epoch: 197, Best AUROC test all: 0.5663083734147987, AUPR test all: 0.24212259105371092, AUROC test unknown: 0.5439995317122442, AUPR test unknown: 0.14788038242297388
pseudo_counter: Counter({0: 160773, -1: 8570})
max_probs: 0.17077340185642242， num of >0.5: 0
AUROC test all: 0.5663385875219167, AUPR test all: 0.24344166583783122, AUROC test unknown: 0.4440059573024797, AUPR test unknown: 0.10855314172304886
Epoch: 198, Best AUROC test all: 0.5663385875219167, AUPR test all: 0.24344166583783122, AUROC test unknown: 0.5439995317122442, AUPR test unknown: 0.14788038242297388
pseudo_counter: Counter({0: 160773, -1: 8570})
max_probs: 0.19231386482715607， num of >0.5: 0
AUROC test all: 0.5664527281843084, AUPR test all: 0.24347326693731217, AUROC test unknown: 0.44413380445848, AUPR test unknown: 0.10855986797382464
Epoch: 199, Best AUROC test all: 0.5664527281843084, AUPR test all: 0.24347326693731217, AUROC test unknown: 0.5439995317122442, AUPR test unknown: 0.14788038242297388
pseudo_counter: Counter({0: 160773, -1: 8570})
max_probs: 0.18193526566028595， num of >0.5: 0
AUROC test all: 0.5667187461248488, AUPR test all: 0.24528467023131137, AUROC test unknown: 0.44410363128999053, AUPR test unknown: 0.10854223970517607
Epoch: 200, Best AUROC test all: 0.5667187461248488, AUPR test all: 0.24528467023131137, AUROC test unknown: 0.5439995317122442, AUPR test unknown: 0.14788038242297388
pseudo_counter: Counter({0: 160773, -1: 8570})
max_probs: 0.18561264872550964， num of >0.5: 0
AUROC test all: 0.5668153865960861, AUPR test all: 0.24595095456823451, AUROC test unknown: 0.44377204539267195, AUPR test unknown: 0.10848634781938563
Epoch: 201, Best AUROC test all: 0.5668153865960861, AUPR test all: 0.24595095456823451, AUROC test unknown: 0.5439995317122442, AUPR test unknown: 0.14788038242297388
pseudo_counter: Counter({0: 160773, -1: 8570})
max_probs: 0.19263069331645966， num of >0.5: 0
AUROC test all: 0.5670778490991838, AUPR test all: 0.2477837154652596, AUROC test unknown: 0.4434861944813281, AUPR test unknown: 0.10843777147369452
Epoch: 202, Best AUROC test all: 0.5670778490991838, AUPR test all: 0.2477837154652596, AUROC test unknown: 0.5439995317122442, AUPR test unknown: 0.14788038242297388
pseudo_counter: Counter({0: 160773, -1: 8570})
max_probs: 0.24880288541316986， num of >0.5: 0
AUROC test all: 0.5671473599397192, AUPR test all: 0.24884323751435422, AUROC test unknown: 0.44354853984814663, AUPR test unknown: 0.10844514539955072
Epoch: 203, Best AUROC test all: 0.5671473599397192, AUPR test all: 0.24884323751435422, AUROC test unknown: 0.5439995317122442, AUPR test unknown: 0.14788038242297388
pseudo_counter: Counter({0: 160773, -1: 8570})
max_probs: 0.2370017021894455， num of >0.5: 0
AUROC test all: 0.5674164501661401, AUPR test all: 0.2506395568027514, AUROC test unknown: 0.44328741179760023, AUPR test unknown: 0.1084101462226006
Epoch: 204, Best AUROC test all: 0.5674164501661401, AUPR test all: 0.2506395568027514, AUROC test unknown: 0.5439995317122442, AUPR test unknown: 0.14788038242297388
pseudo_counter: Counter({0: 160773, -1: 8570})
max_probs: 0.2958395779132843， num of >0.5: 0
AUROC test all: 0.5679951457287106, AUPR test all: 0.25141173535735256, AUROC test unknown: 0.44392453425831013, AUPR test unknown: 0.10856851911931308
Epoch: 205, Best AUROC test all: 0.5679951457287106, AUPR test all: 0.25141173535735256, AUROC test unknown: 0.5439995317122442, AUPR test unknown: 0.14788038242297388
pseudo_counter: Counter({0: 160773, -1: 8570})
max_probs: 0.24270443618297577， num of >0.5: 0
AUROC test all: 0.5679143880354498, AUPR test all: 0.2526190440692479, AUROC test unknown: 0.44406230614463676, AUPR test unknown: 0.10866210929147341
Epoch: 206, Best AUROC test all: 0.5679951457287106, AUPR test all: 0.2526190440692479, AUROC test unknown: 0.5439995317122442, AUPR test unknown: 0.14788038242297388
pseudo_counter: Counter({0: 160773, -1: 8570})
max_probs: 0.2322370857000351， num of >0.5: 0
AUROC test all: 0.5682689902640288, AUPR test all: 0.25410773951435217, AUROC test unknown: 0.444185985972066, AUPR test unknown: 0.10873426012443685
Epoch: 207, Best AUROC test all: 0.5682689902640288, AUPR test all: 0.25410773951435217, AUROC test unknown: 0.5439995317122442, AUPR test unknown: 0.14788038242297388
pseudo_counter: Counter({0: 160773, -1: 8570})
max_probs: 0.3408178985118866， num of >0.5: 0
AUROC test all: 0.5686491954618971, AUPR test all: 0.2556572256304558, AUROC test unknown: 0.44419920024278287, AUPR test unknown: 0.10874173325939719
Epoch: 208, Best AUROC test all: 0.5686491954618971, AUPR test all: 0.2556572256304558, AUROC test unknown: 0.5439995317122442, AUPR test unknown: 0.14788038242297388
pseudo_counter: Counter({0: 160773, -1: 8570})
max_probs: 0.3347927927970886， num of >0.5: 0
AUROC test all: 0.5682540312577524, AUPR test all: 0.2567047667513056, AUROC test unknown: 0.44330858132966705, AUPR test unknown: 0.10853527605180122
Epoch: 209, Best AUROC test all: 0.5686491954618971, AUPR test all: 0.2567047667513056, AUROC test unknown: 0.5439995317122442, AUPR test unknown: 0.14788038242297388
pseudo_counter: Counter({0: 160773, -1: 8570})
max_probs: 0.41725853085517883， num of >0.5: 0
AUROC test all: 0.5687569000632757, AUPR test all: 0.25772198692481135, AUROC test unknown: 0.44364122991177557, AUPR test unknown: 0.10863951204988118
Epoch: 210, Best AUROC test all: 0.5687569000632757, AUPR test all: 0.25772198692481135, AUROC test unknown: 0.5439995317122442, AUPR test unknown: 0.14788038242297388
pseudo_counter: Counter({0: 160773, -1: 8570})
max_probs: 0.4184592366218567， num of >0.5: 0
AUROC test all: 0.5692855361394186, AUPR test all: 0.2595414055610498, AUROC test unknown: 0.44367486094811887, AUPR test unknown: 0.10869428157724513
Epoch: 211, Best AUROC test all: 0.5692855361394186, AUPR test all: 0.2595414055610498, AUROC test unknown: 0.5439995317122442, AUPR test unknown: 0.14788038242297388
pseudo_counter: Counter({0: 160773, -1: 8570})
max_probs: 0.45669904351234436， num of >0.5: 0
AUROC test all: 0.5692859372080409, AUPR test all: 0.2604768598993526, AUROC test unknown: 0.4434004109274048, AUPR test unknown: 0.10865390288148552
Epoch: 212, Best AUROC test all: 0.5692859372080409, AUPR test all: 0.2604768598993526, AUROC test unknown: 0.5439995317122442, AUPR test unknown: 0.14788038242297388
pseudo_counter: Counter({0: 160773, -1: 8570})
max_probs: 0.49786150455474854， num of >0.5: 0
AUROC test all: 0.5694154570438371, AUPR test all: 0.26195553271767247, AUROC test unknown: 0.44335279722618665, AUPR test unknown: 0.10867392385505735
Epoch: 213, Best AUROC test all: 0.5694154570438371, AUPR test all: 0.26195553271767247, AUROC test unknown: 0.5439995317122442, AUPR test unknown: 0.14788038242297388
pseudo_counter: Counter({0: 160773, -1: 8570})
max_probs: 0.45145756006240845， num of >0.5: 0
AUROC test all: 0.5695526091030929, AUPR test all: 0.2628752573522143, AUROC test unknown: 0.44299168548679735, AUPR test unknown: 0.10862390633536562
Epoch: 214, Best AUROC test all: 0.5695526091030929, AUPR test all: 0.2628752573522143, AUROC test unknown: 0.5439995317122442, AUPR test unknown: 0.14788038242297388
pseudo_counter: Counter({0: 160773, -1: 8570})
max_probs: 0.4442664384841919， num of >0.5: 0
AUROC test all: 0.5699430952569131, AUPR test all: 0.2641611571027397, AUROC test unknown: 0.44328218329052516, AUPR test unknown: 0.10872387082177565
Epoch: 215, Best AUROC test all: 0.5699430952569131, AUPR test all: 0.2641611571027397, AUROC test unknown: 0.5439995317122442, AUPR test unknown: 0.14788038242297388
pseudo_counter: Counter({0: 160773, -1: 8570})
max_probs: 0.4677051603794098， num of >0.5: 0
AUROC test all: 0.5697581408566276, AUPR test all: 0.2647113311756237, AUROC test unknown: 0.4429719849601754, AUPR test unknown: 0.1086904456558832
Epoch: 216, Best AUROC test all: 0.5699430952569131, AUPR test all: 0.2647113311756237, AUROC test unknown: 0.5439995317122442, AUPR test unknown: 0.14788038242297388
pseudo_counter: Counter({0: 160773, -1: 8570})
max_probs: 0.5222788453102112， num of >0.5: 1
AUROC test all: 0.5694879425105175, AUPR test all: 0.26605334020586097, AUROC test unknown: 0.44223417273904886, AUPR test unknown: 0.10857510800804747
Epoch: 217, Best AUROC test all: 0.5699430952569131, AUPR test all: 0.26605334020586097, AUROC test unknown: 0.5439995317122442, AUPR test unknown: 0.14788038242297388
pseudo_counter: Counter({0: 160772, -1: 8570, 1: 1})
max_probs: 0.6617120504379272， num of >0.5: 2
AUROC test all: 0.5701821530151969, AUPR test all: 0.2670230409424579, AUROC test unknown: 0.4427514336191146, AUPR test unknown: 0.10872648641827284
Epoch: 218, Best AUROC test all: 0.5701821530151969, AUPR test all: 0.2670230409424579, AUROC test unknown: 0.5439995317122442, AUPR test unknown: 0.14788038242297388
pseudo_counter: Counter({0: 160771, -1: 8570, 1: 2})
max_probs: 0.5196481347084045， num of >0.5: 2
AUROC test all: 0.5705382904385634, AUPR test all: 0.2685420513877749, AUROC test unknown: 0.44289183491598183, AUPR test unknown: 0.10883514695093024
Epoch: 219, Best AUROC test all: 0.5705382904385634, AUPR test all: 0.2685420513877749, AUROC test unknown: 0.5439995317122442, AUPR test unknown: 0.14788038242297388
pseudo_counter: Counter({0: 160770, -1: 8570, 1: 3})
max_probs: 0.4974123239517212， num of >0.5: 0
AUROC test all: 0.5706307571413004, AUPR test all: 0.26956026211560846, AUROC test unknown: 0.44267050783761874, AUPR test unknown: 0.10887134762622638
Epoch: 220, Best AUROC test all: 0.5706307571413004, AUPR test all: 0.26956026211560846, AUROC test unknown: 0.5439995317122442, AUPR test unknown: 0.14788038242297388
pseudo_counter: Counter({0: 160773, -1: 8570})
max_probs: 0.6446150541305542， num of >0.5: 2
AUROC test all: 0.5709530307466304, AUPR test all: 0.2707767347207841, AUROC test unknown: 0.4429090129783709, AUPR test unknown: 0.10896498353170504
Epoch: 221, Best AUROC test all: 0.5709530307466304, AUPR test all: 0.2707767347207841, AUROC test unknown: 0.5439995317122442, AUPR test unknown: 0.14788038242297388
pseudo_counter: Counter({0: 160772, -1: 8570, 1: 1})
max_probs: 0.5674832463264465， num of >0.5: 3
AUROC test all: 0.571603670109748, AUPR test all: 0.27206529335810514, AUROC test unknown: 0.4434494235917678, AUPR test unknown: 0.10915600302038948
Epoch: 222, Best AUROC test all: 0.571603670109748, AUPR test all: 0.27206529335810514, AUROC test unknown: 0.5439995317122442, AUPR test unknown: 0.14788038242297388
pseudo_counter: Counter({0: 160771, -1: 8570, 1: 2})
max_probs: 0.6216243505477905， num of >0.5: 5
AUROC test all: 0.5713652319015753, AUPR test all: 0.27285517547764093, AUROC test unknown: 0.44278887141681206, AUPR test unknown: 0.10907123220648998
Epoch: 223, Best AUROC test all: 0.571603670109748, AUPR test all: 0.27285517547764093, AUROC test unknown: 0.5439995317122442, AUPR test unknown: 0.14788038242297388
pseudo_counter: Counter({0: 160770, -1: 8570, 1: 3})
max_probs: 0.5887407660484314， num of >0.5: 1
AUROC test all: 0.5713991979846607, AUPR test all: 0.27308980395083793, AUROC test unknown: 0.44290059359263984, AUPR test unknown: 0.10913689617709404
Epoch: 224, Best AUROC test all: 0.571603670109748, AUPR test all: 0.27308980395083793, AUROC test unknown: 0.5439995317122442, AUPR test unknown: 0.14788038242297388
pseudo_counter: Counter({0: 160769, -1: 8570, 1: 4})
max_probs: 0.5842128396034241， num of >0.5: 4
AUROC test all: 0.5716304659906744, AUPR test all: 0.27426729665484123, AUROC test unknown: 0.4426791853631171, AUPR test unknown: 0.1091337026213493
Epoch: 225, Best AUROC test all: 0.5716304659906744, AUPR test all: 0.27426729665484123, AUROC test unknown: 0.5439995317122442, AUPR test unknown: 0.14788038242297388
pseudo_counter: Counter({0: 160768, -1: 8570, 1: 5})
max_probs: 0.6130078434944153， num of >0.5: 9
AUROC test all: 0.5710852511924207, AUPR test all: 0.27426448450195023, AUROC test unknown: 0.44215338723043895, AUPR test unknown: 0.10908910926975526
Epoch: 226, Best AUROC test all: 0.5716304659906744, AUPR test all: 0.27426729665484123, AUROC test unknown: 0.5439995317122442, AUPR test unknown: 0.14788038242297388
pseudo_counter: Counter({0: 160767, -1: 8570, 1: 6})
max_probs: 0.7948355078697205， num of >0.5: 4
AUROC test all: 0.5710203735681284, AUPR test all: 0.27474707320912006, AUROC test unknown: 0.44183281077766956, AUPR test unknown: 0.10900765997135115
Epoch: 227, Best AUROC test all: 0.5716304659906744, AUPR test all: 0.27474707320912006, AUROC test unknown: 0.5439995317122442, AUPR test unknown: 0.14788038242297388
pseudo_counter: Counter({0: 160766, -1: 8570, 1: 7})
max_probs: 0.5659216642379761， num of >0.5: 2
AUROC test all: 0.5714712478428678, AUPR test all: 0.27528460708376357, AUROC test unknown: 0.4425271771910063, AUPR test unknown: 0.10921964267933924
Epoch: 228, Best AUROC test all: 0.5716304659906744, AUPR test all: 0.27528460708376357, AUROC test unknown: 0.5439995317122442, AUPR test unknown: 0.14788038242297388
pseudo_counter: Counter({0: 160766, -1: 8570, 1: 7})
max_probs: 0.5223476886749268， num of >0.5: 2
AUROC test all: 0.5710766518531342, AUPR test all: 0.27554933557978234, AUROC test unknown: 0.44219724971460017, AUPR test unknown: 0.10918613316680631
Epoch: 229, Best AUROC test all: 0.5716304659906744, AUPR test all: 0.27554933557978234, AUROC test unknown: 0.5439995317122442, AUPR test unknown: 0.14788038242297388
pseudo_counter: Counter({0: 160765, -1: 8570, 1: 8})
max_probs: 0.6871953010559082， num of >0.5: 5
AUROC test all: 0.5713547418102118, AUPR test all: 0.27555340845008075, AUROC test unknown: 0.44233142496647293, AUPR test unknown: 0.10931792816635852
Epoch: 230, Best AUROC test all: 0.5716304659906744, AUPR test all: 0.27555340845008075, AUROC test unknown: 0.5439995317122442, AUPR test unknown: 0.14788038242297388
pseudo_counter: Counter({0: 160765, -1: 8570, 1: 8})
max_probs: 0.6643974184989929， num of >0.5: 11
AUROC test all: 0.5712914176665107, AUPR test all: 0.27569647057974483, AUROC test unknown: 0.44228195457944447, AUPR test unknown: 0.10937528505112092
Epoch: 231, Best AUROC test all: 0.5716304659906744, AUPR test all: 0.27569647057974483, AUROC test unknown: 0.5439995317122442, AUPR test unknown: 0.14788038242297388
pseudo_counter: Counter({0: 160765, -1: 8570, 1: 8})
max_probs: 0.7308408617973328， num of >0.5: 11
AUROC test all: 0.5716694398103478, AUPR test all: 0.2762036909385443, AUROC test unknown: 0.44295117674846857, AUPR test unknown: 0.10961070131297976
Epoch: 232, Best AUROC test all: 0.5716694398103478, AUPR test all: 0.2762036909385443, AUROC test unknown: 0.5439995317122442, AUPR test unknown: 0.14788038242297388
pseudo_counter: Counter({0: 160765, -1: 8570, 1: 8})
max_probs: 0.689864993095398， num of >0.5: 13
AUROC test all: 0.5721003310881754, AUPR test all: 0.2760403392123118, AUROC test unknown: 0.44396386959982626, AUPR test unknown: 0.10999214222506086
Epoch: 233, Best AUROC test all: 0.5721003310881754, AUPR test all: 0.2762036909385443, AUROC test unknown: 0.5439995317122442, AUPR test unknown: 0.14788038242297388
pseudo_counter: Counter({0: 160764, -1: 8570, 1: 9})
max_probs: 0.6794864535331726， num of >0.5: 23
AUROC test all: 0.5723514234786873, AUPR test all: 0.2767781711106277, AUROC test unknown: 0.4443983894354515, AUPR test unknown: 0.11021287176316767
Epoch: 234, Best AUROC test all: 0.5723514234786873, AUPR test all: 0.2767781711106277, AUROC test unknown: 0.5439995317122442, AUPR test unknown: 0.14788038242297388
pseudo_counter: Counter({0: 160763, -1: 8570, 1: 10})
max_probs: 0.8150313496589661， num of >0.5: 22
AUROC test all: 0.5717563783760757, AUPR test all: 0.2756553742033284, AUROC test unknown: 0.44398006575201343, AUPR test unknown: 0.11014859686384881
Epoch: 235, Best AUROC test all: 0.5723514234786873, AUPR test all: 0.2767781711106277, AUROC test unknown: 0.5439995317122442, AUPR test unknown: 0.14788038242297388
pseudo_counter: Counter({0: 160762, -1: 8570, 1: 11})
max_probs: 0.7137525677680969， num of >0.5: 26
AUROC test all: 0.5718479263187772, AUPR test all: 0.27634759604993897, AUROC test unknown: 0.4438885643363431, AUPR test unknown: 0.11006854871299246
Epoch: 236, Best AUROC test all: 0.5723514234786873, AUPR test all: 0.2767781711106277, AUROC test unknown: 0.5439995317122442, AUPR test unknown: 0.14788038242297388
pseudo_counter: Counter({0: 160761, -1: 8570, 1: 12})
max_probs: 0.753572940826416， num of >0.5: 28
AUROC test all: 0.5707644344915495, AUPR test all: 0.27572850670643534, AUROC test unknown: 0.44225604627154613, AUPR test unknown: 0.10964289578712368
Epoch: 237, Best AUROC test all: 0.5723514234786873, AUPR test all: 0.2767781711106277, AUROC test unknown: 0.5439995317122442, AUPR test unknown: 0.14788038242297388
pseudo_counter: Counter({0: 160761, -1: 8570, 1: 12})
max_probs: 0.6675337553024292， num of >0.5: 50
AUROC test all: 0.5703132956821868, AUPR test all: 0.2756800988896396, AUROC test unknown: 0.44154232314137243, AUPR test unknown: 0.10947636399411123
Epoch: 238, Best AUROC test all: 0.5723514234786873, AUPR test all: 0.2767781711106277, AUROC test unknown: 0.5439995317122442, AUPR test unknown: 0.14788038242297388
pseudo_counter: Counter({0: 160758, -1: 8570, 1: 15})
max_probs: 0.7334383726119995， num of >0.5: 42
AUROC test all: 0.5701281026183035, AUPR test all: 0.27590474736547077, AUROC test unknown: 0.44148801550506367, AUPR test unknown: 0.10944360427018664
Epoch: 239, Best AUROC test all: 0.5723514234786873, AUPR test all: 0.2767781711106277, AUROC test unknown: 0.5439995317122442, AUPR test unknown: 0.14788038242297388
pseudo_counter: Counter({0: 160756, -1: 8570, 1: 17})
max_probs: 0.728216826915741， num of >0.5: 27
AUROC test all: 0.5693438927752994, AUPR test all: 0.2765714166694301, AUROC test unknown: 0.440241355952744, AUPR test unknown: 0.10914151057316057
Epoch: 240, Best AUROC test all: 0.5723514234786873, AUPR test all: 0.2767781711106277, AUROC test unknown: 0.5439995317122442, AUPR test unknown: 0.14788038242297388
pseudo_counter: Counter({0: 160754, -1: 8570, 1: 19})
max_probs: 0.7212119698524475， num of >0.5: 25
AUROC test all: 0.5689188083913959, AUPR test all: 0.27632278334613947, AUROC test unknown: 0.43926383356204607, AUPR test unknown: 0.10894928199684176
Epoch: 241, Best AUROC test all: 0.5723514234786873, AUPR test all: 0.2767781711106277, AUROC test unknown: 0.5439995317122442, AUPR test unknown: 0.14788038242297388
pseudo_counter: Counter({0: 160753, -1: 8570, 1: 20})
max_probs: 0.8908251523971558， num of >0.5: 37
AUROC test all: 0.5681657820739934, AUPR test all: 0.2758108250670829, AUROC test unknown: 0.4384750589775843, AUPR test unknown: 0.10888814869353901
Epoch: 242, Best AUROC test all: 0.5723514234786873, AUPR test all: 0.2767781711106277, AUROC test unknown: 0.5439995317122442, AUPR test unknown: 0.14788038242297388
pseudo_counter: Counter({0: 160752, -1: 8570, 1: 21})
max_probs: 0.7817084789276123， num of >0.5: 51
AUROC test all: 0.5685697624735084, AUPR test all: 0.27573467291969467, AUROC test unknown: 0.4393785184141974, AUPR test unknown: 0.10919063417721381
Epoch: 243, Best AUROC test all: 0.5723514234786873, AUPR test all: 0.2767781711106277, AUROC test unknown: 0.5439995317122442, AUPR test unknown: 0.14788038242297388
pseudo_counter: Counter({0: 160749, -1: 8570, 1: 24})
max_probs: 0.8069373965263367， num of >0.5: 17
AUROC test all: 0.5685124795529162, AUPR test all: 0.27424358801248844, AUROC test unknown: 0.4396428518414027, AUPR test unknown: 0.10928480527784322
Epoch: 244, Best AUROC test all: 0.5723514234786873, AUPR test all: 0.2767781711106277, AUROC test unknown: 0.5439995317122442, AUPR test unknown: 0.14788038242297388
pseudo_counter: Counter({0: 160749, -1: 8570, 1: 24})
max_probs: 0.7207089066505432， num of >0.5: 21
AUROC test all: 0.5678211124229482, AUPR test all: 0.27489184317834203, AUROC test unknown: 0.43880767856368685, AUPR test unknown: 0.10912043257773067
Epoch: 245, Best AUROC test all: 0.5723514234786873, AUPR test all: 0.2767781711106277, AUROC test unknown: 0.5439995317122442, AUPR test unknown: 0.14788038242297388
pseudo_counter: Counter({0: 160749, -1: 8570, 1: 24})
max_probs: 0.9290309548377991， num of >0.5: 55
AUROC test all: 0.5674093126075265, AUPR test all: 0.2737508215757147, AUROC test unknown: 0.4385212707030856, AUPR test unknown: 0.10905891129602137
Epoch: 246, Best AUROC test all: 0.5723514234786873, AUPR test all: 0.2767781711106277, AUROC test unknown: 0.5439995317122442, AUPR test unknown: 0.14788038242297388
pseudo_counter: Counter({0: 160748, -1: 8570, 1: 25})
max_probs: 0.9050513505935669， num of >0.5: 71
AUROC test all: 0.567427672231443, AUPR test all: 0.2736782417347762, AUROC test unknown: 0.43902599081057303, AUPR test unknown: 0.10922352354277924
Epoch: 247, Best AUROC test all: 0.5723514234786873, AUPR test all: 0.2767781711106277, AUROC test unknown: 0.5439995317122442, AUPR test unknown: 0.14788038242297388
pseudo_counter: Counter({0: 160747, -1: 8570, 1: 26})
max_probs: 0.7561272978782654， num of >0.5: 62
AUROC test all: 0.5672234710071475, AUPR test all: 0.27255187414309734, AUROC test unknown: 0.4392593173399747, AUPR test unknown: 0.10929635666579648
Epoch: 248, Best AUROC test all: 0.5723514234786873, AUPR test all: 0.2767781711106277, AUROC test unknown: 0.5439995317122442, AUPR test unknown: 0.14788038242297388
pseudo_counter: Counter({0: 160746, -1: 8570, 1: 27})
max_probs: 0.9216874241828918， num of >0.5: 48
AUROC test all: 0.566559250439181, AUPR test all: 0.2723121943153741, AUROC test unknown: 0.4385008482888867, AUPR test unknown: 0.10910696103264253
Epoch: 249, Best AUROC test all: 0.5723514234786873, AUPR test all: 0.2767781711106277, AUROC test unknown: 0.5439995317122442, AUPR test unknown: 0.14788038242297388
pseudo_counter: Counter({0: 160745, -1: 8570, 1: 28})
max_probs: 0.8752825260162354， num of >0.5: 69
AUROC test all: 0.5652414370122134, AUPR test all: 0.27259454217226287, AUROC test unknown: 0.43627728975999736, AUPR test unknown: 0.10851695314231564
Epoch: 250, Best AUROC test all: 0.5723514234786873, AUPR test all: 0.2767781711106277, AUROC test unknown: 0.5439995317122442, AUPR test unknown: 0.14788038242297388
pseudo_counter: Counter({0: 160743, -1: 8570, 1: 30})
max_probs: 0.8549901247024536， num of >0.5: 129
AUROC test all: 0.5656617704734798, AUPR test all: 0.2719357896724752, AUROC test unknown: 0.4369365101898222, AUPR test unknown: 0.10867950183219924
Epoch: 251, Best AUROC test all: 0.5723514234786873, AUPR test all: 0.2767781711106277, AUROC test unknown: 0.5439995317122442, AUPR test unknown: 0.14788038242297388
pseudo_counter: Counter({0: 160740, -1: 8570, 1: 33})
max_probs: 0.8169503808021545， num of >0.5: 104
AUROC test all: 0.5650250234447705, AUPR test all: 0.27098863347270097, AUROC test unknown: 0.43625845930184, AUPR test unknown: 0.10849164730368506
Epoch: 252, Best AUROC test all: 0.5723514234786873, AUPR test all: 0.2767781711106277, AUROC test unknown: 0.5439995317122442, AUPR test unknown: 0.14788038242297388
pseudo_counter: Counter({0: 160738, -1: 8570, 1: 35})
max_probs: 0.9465636610984802， num of >0.5: 78
AUROC test all: 0.564717570009061, AUPR test all: 0.2714481363730495, AUROC test unknown: 0.43562814318281523, AUPR test unknown: 0.10837798260947079
Epoch: 253, Best AUROC test all: 0.5723514234786873, AUPR test all: 0.2767781711106277, AUROC test unknown: 0.5439995317122442, AUPR test unknown: 0.14788038242297388
pseudo_counter: Counter({0: 160738, -1: 8570, 1: 35})
max_probs: 0.8723105788230896， num of >0.5: 82
AUROC test all: 0.5636076094136129, AUPR test all: 0.2714307980584084, AUROC test unknown: 0.4340211171261167, AUPR test unknown: 0.10804634148705468
Epoch: 254, Best AUROC test all: 0.5723514234786873, AUPR test all: 0.2767781711106277, AUROC test unknown: 0.5439995317122442, AUPR test unknown: 0.14788038242297388
pseudo_counter: Counter({0: 160737, -1: 8570, 1: 36})
max_probs: 0.7948375940322876， num of >0.5: 216
AUROC test all: 0.5635301246082689, AUPR test all: 0.2717775915064441, AUROC test unknown: 0.43387474792402236, AUPR test unknown: 0.10800835263773323
Epoch: 255, Best AUROC test all: 0.5723514234786873, AUPR test all: 0.2767781711106277, AUROC test unknown: 0.5439995317122442, AUPR test unknown: 0.14788038242297388
pseudo_counter: Counter({0: 160732, -1: 8570, 1: 41})
max_probs: 0.8739785552024841， num of >0.5: 211
AUROC test all: 0.5636662388465911, AUPR test all: 0.27160554171789364, AUROC test unknown: 0.43439777354898773, AUPR test unknown: 0.10821427881909579
Epoch: 256, Best AUROC test all: 0.5723514234786873, AUPR test all: 0.2767781711106277, AUROC test unknown: 0.5439995317122442, AUPR test unknown: 0.14788038242297388
pseudo_counter: Counter({0: 160727, -1: 8570, 1: 46})
max_probs: 0.7942940592765808， num of >0.5: 145
AUROC test all: 0.5635399579006625, AUPR test all: 0.27094677494529984, AUROC test unknown: 0.434545700062545, AUPR test unknown: 0.10825910581363667
Epoch: 257, Best AUROC test all: 0.5723514234786873, AUPR test all: 0.2767781711106277, AUROC test unknown: 0.5439995317122442, AUPR test unknown: 0.14788038242297388
pseudo_counter: Counter({0: 160724, -1: 8570, 1: 49})
max_probs: 0.84136563539505， num of >0.5: 126
AUROC test all: 0.5633588313285659, AUPR test all: 0.2717299799035036, AUROC test unknown: 0.4343072555498053, AUPR test unknown: 0.10825173331924352
Epoch: 258, Best AUROC test all: 0.5723514234786873, AUPR test all: 0.2767781711106277, AUROC test unknown: 0.5439995317122442, AUPR test unknown: 0.14788038242297388
pseudo_counter: Counter({0: 160721, -1: 8570, 1: 52})
max_probs: 0.9363452792167664， num of >0.5: 242
AUROC test all: 0.5628233207384783, AUPR test all: 0.27122366968950035, AUROC test unknown: 0.43356336377000015, AUPR test unknown: 0.10812387673976502
Epoch: 259, Best AUROC test all: 0.5723514234786873, AUPR test all: 0.2767781711106277, AUROC test unknown: 0.5439995317122442, AUPR test unknown: 0.14788038242297388
pseudo_counter: Counter({0: 160716, -1: 8570, 1: 57})
max_probs: 0.9094274640083313， num of >0.5: 442
AUROC test all: 0.5636066650534525, AUPR test all: 0.2708051264938418, AUROC test unknown: 0.4350097141082344, AUPR test unknown: 0.10844410299128296
Epoch: 260, Best AUROC test all: 0.5723514234786873, AUPR test all: 0.2767781711106277, AUROC test unknown: 0.5439995317122442, AUPR test unknown: 0.14788038242297388
pseudo_counter: Counter({0: 160705, -1: 8570, 1: 68})
max_probs: 0.9181239008903503， num of >0.5: 339
AUROC test all: 0.5633683548459039, AUPR test all: 0.27002533159547615, AUROC test unknown: 0.43519960160813337, AUPR test unknown: 0.10846092659050789
Epoch: 261, Best AUROC test all: 0.5723514234786873, AUPR test all: 0.2767781711106277, AUROC test unknown: 0.5439995317122442, AUPR test unknown: 0.14788038242297388
pseudo_counter: Counter({0: 160698, -1: 8570, 1: 75})
max_probs: 0.9465786218643188， num of >0.5: 263
AUROC test all: 0.563480074603369, AUPR test all: 0.26981526896126024, AUROC test unknown: 0.43558319824386, AUPR test unknown: 0.10856443399660902
Epoch: 262, Best AUROC test all: 0.5723514234786873, AUPR test all: 0.2767781711106277, AUROC test unknown: 0.5439995317122442, AUPR test unknown: 0.14788038242297388
pseudo_counter: Counter({0: 160696, -1: 8570, 1: 77})
max_probs: 0.862175464630127， num of >0.5: 248
AUROC test all: 0.563216171991662, AUPR test all: 0.2697213309103919, AUROC test unknown: 0.43508754578995124, AUPR test unknown: 0.10844043727156047
Epoch: 263, Best AUROC test all: 0.5723514234786873, AUPR test all: 0.2767781711106277, AUROC test unknown: 0.5439995317122442, AUPR test unknown: 0.14788038242297388
pseudo_counter: Counter({0: 160694, -1: 8570, 1: 79})
max_probs: 0.8900207877159119， num of >0.5: 343
AUROC test all: 0.5631532598880651, AUPR test all: 0.26911512933540355, AUROC test unknown: 0.4353914180955718, AUPR test unknown: 0.10855121637232552
Epoch: 264, Best AUROC test all: 0.5723514234786873, AUPR test all: 0.2767781711106277, AUROC test unknown: 0.5439995317122442, AUPR test unknown: 0.14788038242297388
pseudo_counter: Counter({0: 160691, -1: 8570, 1: 82})
max_probs: 0.9089166522026062， num of >0.5: 340
AUROC test all: 0.5629487487532638, AUPR test all: 0.268128932567363, AUROC test unknown: 0.4352139088776465, AUPR test unknown: 0.10851344744758369
Epoch: 265, Best AUROC test all: 0.5723514234786873, AUPR test all: 0.2767781711106277, AUROC test unknown: 0.5439995317122442, AUPR test unknown: 0.14788038242297388
pseudo_counter: Counter({0: 160688, -1: 8570, 1: 85})
max_probs: 0.9415604472160339， num of >0.5: 254
AUROC test all: 0.5629669878263279, AUPR test all: 0.26824751012240966, AUROC test unknown: 0.43521034820577154, AUPR test unknown: 0.10850998527899536
Epoch: 266, Best AUROC test all: 0.5723514234786873, AUPR test all: 0.2767781711106277, AUROC test unknown: 0.5439995317122442, AUPR test unknown: 0.14788038242297388
pseudo_counter: Counter({0: 160682, -1: 8570, 1: 91})
max_probs: 0.910805881023407， num of >0.5: 211
AUROC test all: 0.5623651787372947, AUPR test all: 0.2675619946787143, AUROC test unknown: 0.4343950174221353, AUPR test unknown: 0.10825394800198737
Epoch: 267, Best AUROC test all: 0.5723514234786873, AUPR test all: 0.2767781711106277, AUROC test unknown: 0.5439995317122442, AUPR test unknown: 0.14788038242297388
pseudo_counter: Counter({0: 160681, -1: 8570, 1: 92})
max_probs: 0.9064909219741821， num of >0.5: 316
AUROC test all: 0.5621612238972695, AUPR test all: 0.2672341101719212, AUROC test unknown: 0.4340738465512438, AUPR test unknown: 0.10816114764679068
Epoch: 268, Best AUROC test all: 0.5723514234786873, AUPR test all: 0.2767781711106277, AUROC test unknown: 0.5439995317122442, AUPR test unknown: 0.14788038242297388
pseudo_counter: Counter({0: 160680, -1: 8570, 1: 93})
max_probs: 0.9245610237121582， num of >0.5: 246
AUROC test all: 0.5625837442051782, AUPR test all: 0.26714927394831106, AUROC test unknown: 0.43474747818431736, AUPR test unknown: 0.10832434254575556
Epoch: 269, Best AUROC test all: 0.5723514234786873, AUPR test all: 0.2767781711106277, AUROC test unknown: 0.5439995317122442, AUPR test unknown: 0.14788038242297388
pseudo_counter: Counter({0: 160679, -1: 8570, 1: 94})
max_probs: 0.9257312417030334， num of >0.5: 199
AUROC test all: 0.5627383605612334, AUPR test all: 0.26753478746429843, AUROC test unknown: 0.4348779931611519, AUPR test unknown: 0.10832126759242106
Epoch: 270, Best AUROC test all: 0.5723514234786873, AUPR test all: 0.2767781711106277, AUROC test unknown: 0.5439995317122442, AUPR test unknown: 0.14788038242297388
pseudo_counter: Counter({0: 160679, -1: 8570, 1: 94})
max_probs: 0.9685386419296265， num of >0.5: 186
AUROC test all: 0.5624525264986688, AUPR test all: 0.267223667165711, AUROC test unknown: 0.43485602247320604, AUPR test unknown: 0.10841431634720257
Epoch: 271, Best AUROC test all: 0.5723514234786873, AUPR test all: 0.2767781711106277, AUROC test unknown: 0.5439995317122442, AUPR test unknown: 0.14788038242297388
pseudo_counter: Counter({0: 160675, -1: 8570, 1: 98})
max_probs: 0.9273973703384399， num of >0.5: 282
AUROC test all: 0.5627918874423463, AUPR test all: 0.2669873442612967, AUROC test unknown: 0.43544497578972646, AUPR test unknown: 0.1085451067475295
Epoch: 272, Best AUROC test all: 0.5723514234786873, AUPR test all: 0.2767781711106277, AUROC test unknown: 0.5439995317122442, AUPR test unknown: 0.14788038242297388
pseudo_counter: Counter({0: 160673, -1: 8570, 1: 100})
max_probs: 0.9269307255744934， num of >0.5: 381
AUROC test all: 0.5631596492186917, AUPR test all: 0.2669604419747872, AUROC test unknown: 0.43657425668562666, AUPR test unknown: 0.10885996682329951
Epoch: 273, Best AUROC test all: 0.5723514234786873, AUPR test all: 0.2767781711106277, AUROC test unknown: 0.5439995317122442, AUPR test unknown: 0.14788038242297388
pseudo_counter: Counter({0: 160666, -1: 8570, 1: 107})
max_probs: 0.9119837284088135， num of >0.5: 283
AUROC test all: 0.5640511146450119, AUPR test all: 0.26661065063745315, AUROC test unknown: 0.4381380101574282, AUPR test unknown: 0.10918074871132706
Epoch: 274, Best AUROC test all: 0.5723514234786873, AUPR test all: 0.2767781711106277, AUROC test unknown: 0.5439995317122442, AUPR test unknown: 0.14788038242297388
pseudo_counter: Counter({0: 160663, -1: 8570, 1: 110})
max_probs: 0.9454298615455627， num of >0.5: 286
AUROC test all: 0.563090853285346, AUPR test all: 0.26657441041020735, AUROC test unknown: 0.4367717401976589, AUPR test unknown: 0.10888211816827893
Epoch: 275, Best AUROC test all: 0.5723514234786873, AUPR test all: 0.2767781711106277, AUROC test unknown: 0.5439995317122442, AUPR test unknown: 0.14788038242297388
pseudo_counter: Counter({0: 160661, -1: 8570, 1: 112})
max_probs: 0.9744420051574707， num of >0.5: 392
AUROC test all: 0.5636086487245009, AUPR test all: 0.2667718648077373, AUROC test unknown: 0.43749193885144977, AUPR test unknown: 0.10905770261755247
Epoch: 276, Best AUROC test all: 0.5723514234786873, AUPR test all: 0.2767781711106277, AUROC test unknown: 0.5439995317122442, AUPR test unknown: 0.14788038242297388
pseudo_counter: Counter({0: 160654, -1: 8570, 1: 119})
max_probs: 0.9608426690101624， num of >0.5: 403
AUROC test all: 0.5637754661813208, AUPR test all: 0.2671891826285149, AUROC test unknown: 0.437768806649518, AUPR test unknown: 0.10908426251387053
Epoch: 277, Best AUROC test all: 0.5723514234786873, AUPR test all: 0.2767781711106277, AUROC test unknown: 0.5439995317122442, AUPR test unknown: 0.14788038242297388
pseudo_counter: Counter({0: 160651, -1: 8570, 1: 122})
max_probs: 0.9798833727836609， num of >0.5: 385
AUROC test all: 0.5635666295735757, AUPR test all: 0.2657876858915209, AUROC test unknown: 0.4376254285548959, AUPR test unknown: 0.10902692674246514
Epoch: 278, Best AUROC test all: 0.5723514234786873, AUPR test all: 0.2767781711106277, AUROC test unknown: 0.5439995317122442, AUPR test unknown: 0.14788038242297388
pseudo_counter: Counter({0: 160647, -1: 8570, 1: 126})
max_probs: 0.9070194363594055， num of >0.5: 357
AUROC test all: 0.5633177140063769, AUPR test all: 0.2661882089191525, AUROC test unknown: 0.4372716834955927, AUPR test unknown: 0.10888412454094532
Epoch: 279, Best AUROC test all: 0.5723514234786873, AUPR test all: 0.2767781711106277, AUROC test unknown: 0.5439995317122442, AUPR test unknown: 0.14788038242297388
pseudo_counter: Counter({0: 160639, -1: 8570, 1: 134})
max_probs: 0.913372814655304， num of >0.5: 277
AUROC test all: 0.563031562989886, AUPR test all: 0.26618858654788335, AUROC test unknown: 0.43659266293598253, AUPR test unknown: 0.1086941779393985
Epoch: 280, Best AUROC test all: 0.5723514234786873, AUPR test all: 0.2767781711106277, AUROC test unknown: 0.5439995317122442, AUPR test unknown: 0.14788038242297388
pseudo_counter: Counter({0: 160637, -1: 8570, 1: 136})
max_probs: 0.9439762234687805， num of >0.5: 293
AUROC test all: 0.5624116468919248, AUPR test all: 0.26576857359111217, AUROC test unknown: 0.4359368267542821, AUPR test unknown: 0.10859310612849368
Epoch: 281, Best AUROC test all: 0.5723514234786873, AUPR test all: 0.2767781711106277, AUROC test unknown: 0.5439995317122442, AUPR test unknown: 0.14788038242297388
pseudo_counter: Counter({0: 160636, -1: 8570, 1: 137})
max_probs: 0.9306982159614563， num of >0.5: 371
AUROC test all: 0.5620780220016142, AUPR test all: 0.26571230204664, AUROC test unknown: 0.43526165324917726, AUPR test unknown: 0.10835351274801648
Epoch: 282, Best AUROC test all: 0.5723514234786873, AUPR test all: 0.2767781711106277, AUROC test unknown: 0.5439995317122442, AUPR test unknown: 0.14788038242297388
pseudo_counter: Counter({0: 160634, -1: 8570, 1: 139})
max_probs: 0.9769374132156372， num of >0.5: 364
AUROC test all: 0.5621537307813665, AUPR test all: 0.2646844459761466, AUROC test unknown: 0.43588495402933114, AUPR test unknown: 0.10860163888176845
Epoch: 283, Best AUROC test all: 0.5723514234786873, AUPR test all: 0.2767781711106277, AUROC test unknown: 0.5439995317122442, AUPR test unknown: 0.14788038242297388
pseudo_counter: Counter({0: 160632, -1: 8570, 1: 141})
max_probs: 0.9769454002380371， num of >0.5: 254
AUROC test all: 0.5624665391130288, AUPR test all: 0.2646660884046563, AUROC test unknown: 0.4364330657183114, AUPR test unknown: 0.10880837691430302
Epoch: 284, Best AUROC test all: 0.5723514234786873, AUPR test all: 0.2767781711106277, AUROC test unknown: 0.5439995317122442, AUPR test unknown: 0.14788038242297388
pseudo_counter: Counter({0: 160631, -1: 8570, 1: 142})
max_probs: 0.9625297784805298， num of >0.5: 295
AUROC test all: 0.561743218692859, AUPR test all: 0.26371168660815253, AUROC test unknown: 0.43573230756851766, AUPR test unknown: 0.10869190105264431
Epoch: 285, Best AUROC test all: 0.5723514234786873, AUPR test all: 0.2767781711106277, AUROC test unknown: 0.5439995317122442, AUPR test unknown: 0.14788038242297388
pseudo_counter: Counter({0: 160629, -1: 8570, 1: 144})
max_probs: 0.961665689945221， num of >0.5: 527
AUROC test all: 0.5612720064057202, AUPR test all: 0.26311622029855464, AUROC test unknown: 0.4355529921253637, AUPR test unknown: 0.10871748280128929
Epoch: 286, Best AUROC test all: 0.5723514234786873, AUPR test all: 0.2767781711106277, AUROC test unknown: 0.5439995317122442, AUPR test unknown: 0.14788038242297388
pseudo_counter: Counter({0: 160623, -1: 8570, 1: 150})
max_probs: 0.9823850989341736， num of >0.5: 452
AUROC test all: 0.5613204506461763, AUPR test all: 0.2617552538876248, AUROC test unknown: 0.4361979787171192, AUPR test unknown: 0.10885965699330737
Epoch: 287, Best AUROC test all: 0.5723514234786873, AUPR test all: 0.2767781711106277, AUROC test unknown: 0.5439995317122442, AUPR test unknown: 0.14788038242297388
pseudo_counter: Counter({0: 160619, -1: 8570, 1: 154})
max_probs: 0.9761528968811035， num of >0.5: 272
AUROC test all: 0.5608569047159968, AUPR test all: 0.2623189184709252, AUROC test unknown: 0.4355398433780889, AUPR test unknown: 0.10872986317971436
Epoch: 288, Best AUROC test all: 0.5723514234786873, AUPR test all: 0.2767781711106277, AUROC test unknown: 0.5439995317122442, AUPR test unknown: 0.14788038242297388
pseudo_counter: Counter({0: 160616, -1: 8570, 1: 157})
max_probs: 0.9673723578453064， num of >0.5: 426
AUROC test all: 0.5608626973876292, AUPR test all: 0.2630020315597872, AUROC test unknown: 0.4349059149968928, AUPR test unknown: 0.10854335486460165
Epoch: 289, Best AUROC test all: 0.5723514234786873, AUPR test all: 0.2767781711106277, AUROC test unknown: 0.5439995317122442, AUPR test unknown: 0.14788038242297388
pseudo_counter: Counter({0: 160611, -1: 8570, 1: 162})
max_probs: 0.9884330630302429， num of >0.5: 665
AUROC test all: 0.5607008557011037, AUPR test all: 0.26212286066136475, AUROC test unknown: 0.43546324929862645, AUPR test unknown: 0.10868537919847984
Epoch: 290, Best AUROC test all: 0.5723514234786873, AUPR test all: 0.2767781711106277, AUROC test unknown: 0.5439995317122442, AUPR test unknown: 0.14788038242297388
pseudo_counter: Counter({0: 160603, -1: 8570, 1: 170})
max_probs: 0.9825875163078308， num of >0.5: 348
AUROC test all: 0.5606151609763617, AUPR test all: 0.2612047146344516, AUROC test unknown: 0.43534321920223334, AUPR test unknown: 0.10857557715715292
Epoch: 291, Best AUROC test all: 0.5723514234786873, AUPR test all: 0.2767781711106277, AUROC test unknown: 0.5439995317122442, AUPR test unknown: 0.14788038242297388
pseudo_counter: Counter({0: 160601, -1: 8570, 1: 172})
max_probs: 0.96049964427948， num of >0.5: 346
AUROC test all: 0.5599804303976965, AUPR test all: 0.26178170519038174, AUROC test unknown: 0.4344013506017232, AUPR test unknown: 0.10835444685622461
Epoch: 292, Best AUROC test all: 0.5723514234786873, AUPR test all: 0.2767781711106277, AUROC test unknown: 0.5439995317122442, AUPR test unknown: 0.14788038242297388
pseudo_counter: Counter({0: 160600, -1: 8570, 1: 173})
max_probs: 0.9699183106422424， num of >0.5: 511
AUROC test all: 0.5595082386687448, AUPR test all: 0.2612266851152334, AUROC test unknown: 0.43383352125211744, AUPR test unknown: 0.10821425153794063
Epoch: 293, Best AUROC test all: 0.5723514234786873, AUPR test all: 0.2767781711106277, AUROC test unknown: 0.5439995317122442, AUPR test unknown: 0.14788038242297388
pseudo_counter: Counter({0: 160593, -1: 8570, 1: 180})
max_probs: 0.9883049726486206， num of >0.5: 567
AUROC test all: 0.5595821676302946, AUPR test all: 0.2606699442823091, AUROC test unknown: 0.4344532540172519, AUPR test unknown: 0.1084453052732807
Epoch: 294, Best AUROC test all: 0.5723514234786873, AUPR test all: 0.2767781711106277, AUROC test unknown: 0.5439995317122442, AUPR test unknown: 0.14788038242297388
pseudo_counter: Counter({0: 160586, -1: 8570, 1: 187})
max_probs: 0.9603498578071594， num of >0.5: 346
AUROC test all: 0.5590342430114199, AUPR test all: 0.25990305379724354, AUROC test unknown: 0.43376501837631853, AUPR test unknown: 0.10829993493320869
Epoch: 295, Best AUROC test all: 0.5723514234786873, AUPR test all: 0.2767781711106277, AUROC test unknown: 0.5439995317122442, AUPR test unknown: 0.14788038242297388
pseudo_counter: Counter({0: 160583, -1: 8570, 1: 190})
max_probs: 0.9834926128387451， num of >0.5: 340
AUROC test all: 0.5584749023622753, AUPR test all: 0.259483114194634, AUROC test unknown: 0.4332510310323544, AUPR test unknown: 0.10819814189782936
Epoch: 296, Best AUROC test all: 0.5723514234786873, AUPR test all: 0.2767781711106277, AUROC test unknown: 0.5439995317122442, AUPR test unknown: 0.14788038242297388
pseudo_counter: Counter({0: 160581, -1: 8570, 1: 192})
max_probs: 0.990041196346283， num of >0.5: 550
AUROC test all: 0.5587585403675703, AUPR test all: 0.25936839889719493, AUROC test unknown: 0.43361620691972214, AUPR test unknown: 0.10824236573121478
Epoch: 297, Best AUROC test all: 0.5723514234786873, AUPR test all: 0.2767781711106277, AUROC test unknown: 0.5439995317122442, AUPR test unknown: 0.14788038242297388
pseudo_counter: Counter({0: 160575, -1: 8570, 1: 198})
max_probs: 0.9548428058624268， num of >0.5: 454
AUROC test all: 0.5583675281244123, AUPR test all: 0.25836460703191716, AUROC test unknown: 0.4334444692249834, AUPR test unknown: 0.10822775468566832
Epoch: 298, Best AUROC test all: 0.5723514234786873, AUPR test all: 0.2767781711106277, AUROC test unknown: 0.5439995317122442, AUPR test unknown: 0.14788038242297388
pseudo_counter: Counter({0: 160572, -1: 8570, 1: 201})
max_probs: 0.965876579284668， num of >0.5: 382
AUROC test all: 0.5577258099307218, AUPR test all: 0.2584483376425145, AUROC test unknown: 0.43234267108244806, AUPR test unknown: 0.10803330357717476
Epoch: 299, Best AUROC test all: 0.5723514234786873, AUPR test all: 0.2767781711106277, AUROC test unknown: 0.5439995317122442, AUPR test unknown: 0.14788038242297388
pseudo_counter: Counter({0: 160570, -1: 8570, 1: 203})
max_probs: 0.982030987739563， num of >0.5: 558
AUROC test all: 0.557390782993363, AUPR test all: 0.2580343023134716, AUROC test unknown: 0.432441544073634, AUPR test unknown: 0.10805697638452254
Epoch: 300, Best AUROC test all: 0.5723514234786873, AUPR test all: 0.2767781711106277, AUROC test unknown: 0.5439995317122442, AUPR test unknown: 0.14788038242297388
pseudo_counter: Counter({0: 160563, -1: 8570, 1: 210})
max_probs: 0.9708603024482727， num of >0.5: 409
AUROC test all: 0.556987912745293, AUPR test all: 0.2574591270529435, AUROC test unknown: 0.43214815570702614, AUPR test unknown: 0.10797385516481652
Epoch: 301, Best AUROC test all: 0.5723514234786873, AUPR test all: 0.2767781711106277, AUROC test unknown: 0.5439995317122442, AUPR test unknown: 0.14788038242297388
pseudo_counter: Counter({0: 160558, -1: 8570, 1: 215})
max_probs: 0.9511142373085022， num of >0.5: 354
AUROC test all: 0.5571688746097081, AUPR test all: 0.2579831312276025, AUROC test unknown: 0.43192883575479, AUPR test unknown: 0.10785824843859596
Epoch: 302, Best AUROC test all: 0.5723514234786873, AUPR test all: 0.2767781711106277, AUROC test unknown: 0.5439995317122442, AUPR test unknown: 0.14788038242297388
pseudo_counter: Counter({0: 160557, -1: 8570, 1: 216})
max_probs: 0.975562572479248， num of >0.5: 522
AUROC test all: 0.5564707594764652, AUPR test all: 0.25719298066677293, AUROC test unknown: 0.4311615319595998, AUPR test unknown: 0.10770683886436787
Epoch: 303, Best AUROC test all: 0.5723514234786873, AUPR test all: 0.2767781711106277, AUROC test unknown: 0.5439995317122442, AUPR test unknown: 0.14788038242297388
pseudo_counter: Counter({0: 160554, -1: 8570, 1: 219})
max_probs: 0.9639816880226135， num of >0.5: 502
AUROC test all: 0.5567966722275827, AUPR test all: 0.25680060036527425, AUROC test unknown: 0.43205567727658356, AUPR test unknown: 0.1079391210991087
Epoch: 304, Best AUROC test all: 0.5723514234786873, AUPR test all: 0.2767781711106277, AUROC test unknown: 0.5439995317122442, AUPR test unknown: 0.14788038242297388
pseudo_counter: Counter({0: 160552, -1: 8570, 1: 221})
max_probs: 0.9865233302116394， num of >0.5: 286
AUROC test all: 0.5566994574466666, AUPR test all: 0.25654453615836476, AUROC test unknown: 0.4320860667854032, AUPR test unknown: 0.1079406685552129
Epoch: 305, Best AUROC test all: 0.5723514234786873, AUPR test all: 0.2767781711106277, AUROC test unknown: 0.5439995317122442, AUPR test unknown: 0.14788038242297388
pseudo_counter: Counter({0: 160551, -1: 8570, 1: 222})
max_probs: 0.9929719567298889， num of >0.5: 333
AUROC test all: 0.556289543371657, AUPR test all: 0.25712425478496664, AUROC test unknown: 0.4313781933170036, AUPR test unknown: 0.1078289613905888
Epoch: 306, Best AUROC test all: 0.5723514234786873, AUPR test all: 0.2767781711106277, AUROC test unknown: 0.5439995317122442, AUPR test unknown: 0.14788038242297388
pseudo_counter: Counter({0: 160547, -1: 8570, 1: 226})
max_probs: 0.9767640829086304， num of >0.5: 598
AUROC test all: 0.5562000874603207, AUPR test all: 0.25619589216981525, AUROC test unknown: 0.4315639144297603, AUPR test unknown: 0.10792048663037668
Epoch: 307, Best AUROC test all: 0.5723514234786873, AUPR test all: 0.2767781711106277, AUROC test unknown: 0.5439995317122442, AUPR test unknown: 0.14788038242297388
pseudo_counter: Counter({0: 160540, -1: 8570, 1: 233})
max_probs: 0.9804596900939941， num of >0.5: 584
AUROC test all: 0.5564977029983232, AUPR test all: 0.25640487038151016, AUROC test unknown: 0.43241172111664505, AUPR test unknown: 0.10812223781476508
Epoch: 308, Best AUROC test all: 0.5723514234786873, AUPR test all: 0.2767781711106277, AUROC test unknown: 0.5439995317122442, AUPR test unknown: 0.14788038242297388
pseudo_counter: Counter({0: 160532, -1: 8570, 1: 241})
max_probs: 0.9730374217033386， num of >0.5: 406
AUROC test all: 0.5567544352724209, AUPR test all: 0.2559625072602435, AUROC test unknown: 0.43310801425809226, AUPR test unknown: 0.10837931827393371
Epoch: 309, Best AUROC test all: 0.5723514234786873, AUPR test all: 0.2767781711106277, AUROC test unknown: 0.5439995317122442, AUPR test unknown: 0.14788038242297388
pseudo_counter: Counter({0: 160530, -1: 8570, 1: 243})
max_probs: 0.9838405251502991， num of >0.5: 445
AUROC test all: 0.5565156160422844, AUPR test all: 0.2558274577393987, AUROC test unknown: 0.43287138500829725, AUPR test unknown: 0.10825390333696133
Epoch: 310, Best AUROC test all: 0.5723514234786873, AUPR test all: 0.2767781711106277, AUROC test unknown: 0.5439995317122442, AUPR test unknown: 0.14788038242297388
pseudo_counter: Counter({0: 160527, -1: 8570, 1: 246})
max_probs: 0.9748623967170715， num of >0.5: 619
AUROC test all: 0.5564573013960263, AUPR test all: 0.25641286992274864, AUROC test unknown: 0.432846091829954, AUPR test unknown: 0.10831961148772487
Epoch: 311, Best AUROC test all: 0.5723514234786873, AUPR test all: 0.2767781711106277, AUROC test unknown: 0.5439995317122442, AUPR test unknown: 0.14788038242297388
pseudo_counter: Counter({0: 160519, -1: 8570, 1: 254})
max_probs: 0.9870080351829529， num of >0.5: 610
AUROC test all: 0.5563876477907735, AUPR test all: 0.25593654105018754, AUROC test unknown: 0.43321393610301323, AUPR test unknown: 0.1083996240301162
Epoch: 312, Best AUROC test all: 0.5723514234786873, AUPR test all: 0.2767781711106277, AUROC test unknown: 0.5439995317122442, AUPR test unknown: 0.14788038242297388
pseudo_counter: Counter({0: 160515, -1: 8570, 1: 258})
max_probs: 0.9820349216461182， num of >0.5: 435
AUROC test all: 0.5560403463385354, AUPR test all: 0.2556625640603135, AUROC test unknown: 0.4328796063174162, AUPR test unknown: 0.10830047007826643
Epoch: 313, Best AUROC test all: 0.5723514234786873, AUPR test all: 0.2767781711106277, AUROC test unknown: 0.5439995317122442, AUPR test unknown: 0.14788038242297388
pseudo_counter: Counter({0: 160515, -1: 8570, 1: 258})
max_probs: 0.9879300594329834， num of >0.5: 448
AUROC test all: 0.5554821081201632, AUPR test all: 0.25472488416803485, AUROC test unknown: 0.4319312693481475, AUPR test unknown: 0.10807194626376142
Epoch: 314, Best AUROC test all: 0.5723514234786873, AUPR test all: 0.2767781711106277, AUROC test unknown: 0.5439995317122442, AUPR test unknown: 0.14788038242297388
pseudo_counter: Counter({0: 160510, -1: 8570, 1: 263})
max_probs: 0.9887402653694153， num of >0.5: 765
AUROC test all: 0.5556835391129611, AUPR test all: 0.25464977496240815, AUROC test unknown: 0.432570846678505, AUPR test unknown: 0.10821785481269723
Epoch: 315, Best AUROC test all: 0.5723514234786873, AUPR test all: 0.2767781711106277, AUROC test unknown: 0.5439995317122442, AUPR test unknown: 0.14788038242297388
pseudo_counter: Counter({0: 160506, -1: 8570, 1: 267})
max_probs: 0.9854452013969421， num of >0.5: 514
AUROC test all: 0.5555657725789207, AUPR test all: 0.25339641606732766, AUROC test unknown: 0.43282751781699225, AUPR test unknown: 0.10827689561848854
Epoch: 316, Best AUROC test all: 0.5723514234786873, AUPR test all: 0.2767781711106277, AUROC test unknown: 0.5439995317122442, AUPR test unknown: 0.14788038242297388
pseudo_counter: Counter({0: 160505, -1: 8570, 1: 268})
max_probs: 0.9856768846511841， num of >0.5: 325
AUROC test all: 0.5546481572346122, AUPR test all: 0.25399965150800335, AUROC test unknown: 0.43113354064641607, AUPR test unknown: 0.10789042427031036
Epoch: 317, Best AUROC test all: 0.5723514234786873, AUPR test all: 0.2767781711106277, AUROC test unknown: 0.5439995317122442, AUPR test unknown: 0.14788038242297388
pseudo_counter: Counter({0: 160504, -1: 8570, 1: 269})
max_probs: 0.9828474521636963， num of >0.5: 679
AUROC test all: 0.5539999940401825, AUPR test all: 0.25402110291995433, AUROC test unknown: 0.43001048334779546, AUPR test unknown: 0.10769123530716215
Epoch: 318, Best AUROC test all: 0.5723514234786873, AUPR test all: 0.2767781711106277, AUROC test unknown: 0.5439995317122442, AUPR test unknown: 0.14788038242297388
pseudo_counter: Counter({0: 160498, -1: 8570, 1: 275})
max_probs: 0.9897210001945496， num of >0.5: 794
AUROC test all: 0.5539042732771335, AUPR test all: 0.2528500361916626, AUROC test unknown: 0.4302660019891885, AUPR test unknown: 0.1077453271292265
Epoch: 319, Best AUROC test all: 0.5723514234786873, AUPR test all: 0.2767781711106277, AUROC test unknown: 0.5439995317122442, AUPR test unknown: 0.14788038242297388
pseudo_counter: Counter({0: 160490, -1: 8570, 1: 283})
max_probs: 0.9870837926864624， num of >0.5: 403
AUROC test all: 0.5536465778152704, AUPR test all: 0.2519077450375778, AUROC test unknown: 0.43032849308917986, AUPR test unknown: 0.10780493360002769
Epoch: 320, Best AUROC test all: 0.5723514234786873, AUPR test all: 0.2767781711106277, AUROC test unknown: 0.5439995317122442, AUPR test unknown: 0.14788038242297388
pseudo_counter: Counter({0: 160487, -1: 8570, 1: 286})
max_probs: 0.985009491443634， num of >0.5: 270
AUROC test all: 0.5530349805388258, AUPR test all: 0.25286351494401815, AUROC test unknown: 0.4292148186344884, AUPR test unknown: 0.10758253313694645
Epoch: 321, Best AUROC test all: 0.5723514234786873, AUPR test all: 0.2767781711106277, AUROC test unknown: 0.5439995317122442, AUPR test unknown: 0.14788038242297388
pseudo_counter: Counter({0: 160487, -1: 8570, 1: 286})
max_probs: 0.9896181225776672， num of >0.5: 497
AUROC test all: 0.5529404665033542, AUPR test all: 0.25318233177492855, AUROC test unknown: 0.42862774328006836, AUPR test unknown: 0.10729837788338671
Epoch: 322, Best AUROC test all: 0.5723514234786873, AUPR test all: 0.2767781711106277, AUROC test unknown: 0.5439995317122442, AUPR test unknown: 0.14788038242297388
pseudo_counter: Counter({0: 160486, -1: 8570, 1: 287})
max_probs: 0.9852455258369446， num of >0.5: 723
AUROC test all: 0.5531567798375042, AUPR test all: 0.25291731853904537, AUROC test unknown: 0.4293811116701076, AUPR test unknown: 0.10755761920390229
Epoch: 323, Best AUROC test all: 0.5723514234786873, AUPR test all: 0.2767781711106277, AUROC test unknown: 0.5439995317122442, AUPR test unknown: 0.14788038242297388
pseudo_counter: Counter({0: 160482, -1: 8570, 1: 291})
max_probs: 0.9855722784996033， num of >0.5: 405
AUROC test all: 0.5528215508081546, AUPR test all: 0.2532012147739672, AUROC test unknown: 0.4288597452191978, AUPR test unknown: 0.10748685729920299
Epoch: 324, Best AUROC test all: 0.5723514234786873, AUPR test all: 0.2767781711106277, AUROC test unknown: 0.5439995317122442, AUPR test unknown: 0.14788038242297388
pseudo_counter: Counter({0: 160481, -1: 8570, 1: 292})
max_probs: 0.9761693477630615， num of >0.5: 414
AUROC test all: 0.5526923649930348, AUPR test all: 0.25293026679435954, AUROC test unknown: 0.4286051514374234, AUPR test unknown: 0.1073895117201543
Epoch: 325, Best AUROC test all: 0.5723514234786873, AUPR test all: 0.2767781711106277, AUROC test unknown: 0.5439995317122442, AUPR test unknown: 0.14788038242297388
pseudo_counter: Counter({0: 160480, -1: 8570, 1: 293})
max_probs: 0.9829035401344299， num of >0.5: 543
AUROC test all: 0.5529817683089824, AUPR test all: 0.2534964904080171, AUROC test unknown: 0.42895622528674887, AUPR test unknown: 0.10747521608018662
Epoch: 326, Best AUROC test all: 0.5723514234786873, AUPR test all: 0.2767781711106277, AUROC test unknown: 0.5439995317122442, AUPR test unknown: 0.14788038242297388
pseudo_counter: Counter({0: 160480, -1: 8570, 1: 293})
max_probs: 0.9763726592063904， num of >0.5: 603
AUROC test all: 0.5531057793771761, AUPR test all: 0.2526757978832853, AUROC test unknown: 0.42966505411705913, AUPR test unknown: 0.10757813945692328
Epoch: 327, Best AUROC test all: 0.5723514234786873, AUPR test all: 0.2767781711106277, AUROC test unknown: 0.5439995317122442, AUPR test unknown: 0.14788038242297388
pseudo_counter: Counter({0: 160476, -1: 8570, 1: 297})
max_probs: 0.971595287322998， num of >0.5: 404
AUROC test all: 0.5530795224533751, AUPR test all: 0.2524001581375257, AUROC test unknown: 0.4293121860927933, AUPR test unknown: 0.10752180386491779
Epoch: 328, Best AUROC test all: 0.5723514234786873, AUPR test all: 0.2767781711106277, AUROC test unknown: 0.5439995317122442, AUPR test unknown: 0.14788038242297388
pseudo_counter: Counter({0: 160475, -1: 8570, 1: 298})
max_probs: 0.9854279160499573， num of >0.5: 430
AUROC test all: 0.5534028108530713, AUPR test all: 0.2528926968927397, AUROC test unknown: 0.42979930468323313, AUPR test unknown: 0.10757128144089492
Epoch: 329, Best AUROC test all: 0.5723514234786873, AUPR test all: 0.2767781711106277, AUROC test unknown: 0.5439995317122442, AUPR test unknown: 0.14788038242297388
pseudo_counter: Counter({0: 160473, -1: 8570, 1: 300})
max_probs: 0.9963425993919373， num of >0.5: 622
AUROC test all: 0.5531977061746349, AUPR test all: 0.2526583723594222, AUROC test unknown: 0.42969006957391676, AUPR test unknown: 0.10758864042155601
Epoch: 330, Best AUROC test all: 0.5723514234786873, AUPR test all: 0.2767781711106277, AUROC test unknown: 0.5439995317122442, AUPR test unknown: 0.14788038242297388
pseudo_counter: Counter({0: 160472, -1: 8570, 1: 301})
max_probs: 0.9908664226531982， num of >0.5: 593
AUROC test all: 0.5534300944908734, AUPR test all: 0.25191553558445035, AUROC test unknown: 0.4307018189253662, AUPR test unknown: 0.10784830469368464
Epoch: 331, Best AUROC test all: 0.5723514234786873, AUPR test all: 0.2767781711106277, AUROC test unknown: 0.5439995317122442, AUPR test unknown: 0.14788038242297388
pseudo_counter: Counter({0: 160466, -1: 8570, 1: 307})
max_probs: 0.9908626079559326， num of >0.5: 395
AUROC test all: 0.5531187222043089, AUPR test all: 0.25184304118599327, AUROC test unknown: 0.4301255334743075, AUPR test unknown: 0.10775501039153602
Epoch: 332, Best AUROC test all: 0.5723514234786873, AUPR test all: 0.2767781711106277, AUROC test unknown: 0.5439995317122442, AUPR test unknown: 0.14788038242297388
pseudo_counter: Counter({0: 160464, -1: 8570, 1: 309})
max_probs: 0.9851701855659485， num of >0.5: 551
AUROC test all: 0.5528414991297651, AUPR test all: 0.25185858025677865, AUROC test unknown: 0.429871229464307, AUPR test unknown: 0.10773247862446893
Epoch: 333, Best AUROC test all: 0.5723514234786873, AUPR test all: 0.2767781711106277, AUROC test unknown: 0.5439995317122442, AUPR test unknown: 0.14788038242297388
pseudo_counter: Counter({0: 160462, -1: 8570, 1: 311})
max_probs: 0.9848997592926025， num of >0.5: 787
AUROC test all: 0.5530573218625812, AUPR test all: 0.25068579747026637, AUROC test unknown: 0.43056374295754846, AUPR test unknown: 0.10785605685772344
Epoch: 334, Best AUROC test all: 0.5723514234786873, AUPR test all: 0.2767781711106277, AUROC test unknown: 0.5439995317122442, AUPR test unknown: 0.14788038242297388
pseudo_counter: Counter({0: 160461, -1: 8570, 1: 312})
max_probs: 0.9879018068313599， num of >0.5: 476
AUROC test all: 0.5530380727359144, AUPR test all: 0.25016557706348586, AUROC test unknown: 0.43099444096895934, AUPR test unknown: 0.10800730629087534
Epoch: 335, Best AUROC test all: 0.5723514234786873, AUPR test all: 0.2767781711106277, AUROC test unknown: 0.5439995317122442, AUPR test unknown: 0.14788038242297388
pseudo_counter: Counter({0: 160460, -1: 8570, 1: 313})
max_probs: 0.9838809370994568， num of >0.5: 336
AUROC test all: 0.5527725504083728, AUPR test all: 0.24981210067204965, AUROC test unknown: 0.43058620017588006, AUPR test unknown: 0.10782284975180101
Epoch: 336, Best AUROC test all: 0.5723514234786873, AUPR test all: 0.2767781711106277, AUROC test unknown: 0.5439995317122442, AUPR test unknown: 0.14788038242297388
pseudo_counter: Counter({0: 160458, -1: 8570, 1: 315})
max_probs: 0.9907513856887817， num of >0.5: 488
AUROC test all: 0.5523067706302635, AUPR test all: 0.25047383550843083, AUROC test unknown: 0.4294114595677759, AUPR test unknown: 0.10762390838548135
Epoch: 337, Best AUROC test all: 0.5723514234786873, AUPR test all: 0.2767781711106277, AUROC test unknown: 0.5439995317122442, AUPR test unknown: 0.14788038242297388
pseudo_counter: Counter({0: 160456, -1: 8570, 1: 317})
max_probs: 0.989639163017273， num of >0.5: 716
AUROC test all: 0.5527078108080341, AUPR test all: 0.2500360072161406, AUROC test unknown: 0.43014472261682424, AUPR test unknown: 0.1077458379427416
Epoch: 338, Best AUROC test all: 0.5723514234786873, AUPR test all: 0.2767781711106277, AUROC test unknown: 0.5439995317122442, AUPR test unknown: 0.14788038242297388
pseudo_counter: Counter({0: 160453, -1: 8570, 1: 320})
max_probs: 0.9836836457252502， num of >0.5: 458
AUROC test all: 0.5526769229706466, AUPR test all: 0.25038709890154054, AUROC test unknown: 0.429950008599933, AUPR test unknown: 0.10762210284412473
Epoch: 339, Best AUROC test all: 0.5723514234786873, AUPR test all: 0.2767781711106277, AUROC test unknown: 0.5439995317122442, AUPR test unknown: 0.14788038242297388
pseudo_counter: Counter({0: 160450, -1: 8570, 1: 323})
max_probs: 0.9922752976417542， num of >0.5: 408
AUROC test all: 0.5525564082835231, AUPR test all: 0.25066020427541, AUROC test unknown: 0.4298305636956602, AUPR test unknown: 0.10765267673391288
Epoch: 340, Best AUROC test all: 0.5723514234786873, AUPR test all: 0.2767781711106277, AUROC test unknown: 0.5439995317122442, AUPR test unknown: 0.14788038242297388
pseudo_counter: Counter({0: 160450, -1: 8570, 1: 323})
max_probs: 0.9881119728088379， num of >0.5: 510
AUROC test all: 0.5523430644284031, AUPR test all: 0.250410175929736, AUROC test unknown: 0.4299140753936877, AUPR test unknown: 0.10765404539472143
Epoch: 341, Best AUROC test all: 0.5723514234786873, AUPR test all: 0.2767781711106277, AUROC test unknown: 0.5439995317122442, AUPR test unknown: 0.14788038242297388
pseudo_counter: Counter({0: 160446, -1: 8570, 1: 327})
max_probs: 0.9957643747329712， num of >0.5: 651
AUROC test all: 0.5525133055294306, AUPR test all: 0.24965976614886298, AUROC test unknown: 0.43028114826001695, AUPR test unknown: 0.10770283010742007
Epoch: 342, Best AUROC test all: 0.5723514234786873, AUPR test all: 0.2767781711106277, AUROC test unknown: 0.5439995317122442, AUPR test unknown: 0.14788038242297388
pseudo_counter: Counter({0: 160441, -1: 8570, 1: 332})
max_probs: 0.995973527431488， num of >0.5: 596
AUROC test all: 0.5528563329798755, AUPR test all: 0.24997429524484613, AUROC test unknown: 0.43083696780286773, AUPR test unknown: 0.10787559814770499
Epoch: 343, Best AUROC test all: 0.5723514234786873, AUPR test all: 0.2767781711106277, AUROC test unknown: 0.5439995317122442, AUPR test unknown: 0.14788038242297388
pseudo_counter: Counter({0: 160438, -1: 8570, 1: 335})
max_probs: 0.9906079769134521， num of >0.5: 459
AUROC test all: 0.5527570527158718, AUPR test all: 0.24939525656620198, AUROC test unknown: 0.43065688208269837, AUPR test unknown: 0.1077738898456299
Epoch: 344, Best AUROC test all: 0.5723514234786873, AUPR test all: 0.2767781711106277, AUROC test unknown: 0.5439995317122442, AUPR test unknown: 0.14788038242297388
pseudo_counter: Counter({0: 160436, -1: 8570, 1: 337})
max_probs: 0.9844390749931335， num of >0.5: 428
AUROC test all: 0.5534639667068345, AUPR test all: 0.25071119839712286, AUROC test unknown: 0.4313302627308631, AUPR test unknown: 0.10792799953117742
Epoch: 345, Best AUROC test all: 0.5723514234786873, AUPR test all: 0.2767781711106277, AUROC test unknown: 0.5439995317122442, AUPR test unknown: 0.14788038242297388
pseudo_counter: Counter({0: 160434, -1: 8570, 1: 339})
max_probs: 0.9940811991691589， num of >0.5: 574
AUROC test all: 0.5536953777484663, AUPR test all: 0.25129176457908803, AUROC test unknown: 0.4311014494109608, AUPR test unknown: 0.10782339136053375
Epoch: 346, Best AUROC test all: 0.5723514234786873, AUPR test all: 0.2767781711106277, AUROC test unknown: 0.5439995317122442, AUPR test unknown: 0.14788038242297388
pseudo_counter: Counter({0: 160433, -1: 8570, 1: 340})
max_probs: 0.9943095445632935， num of >0.5: 671
AUROC test all: 0.5537923804140624, AUPR test all: 0.25059097639874556, AUROC test unknown: 0.4315320216474886, AUPR test unknown: 0.10790984864908207
Epoch: 347, Best AUROC test all: 0.5723514234786873, AUPR test all: 0.2767781711106277, AUROC test unknown: 0.5439995317122442, AUPR test unknown: 0.14788038242297388
pseudo_counter: Counter({0: 160427, -1: 8570, 1: 346})
max_probs: 0.99429851770401， num of >0.5: 470
AUROC test all: 0.5541437136827859, AUPR test all: 0.25117379407784846, AUROC test unknown: 0.43232452880871797, AUPR test unknown: 0.10815296530371157
Epoch: 348, Best AUROC test all: 0.5723514234786873, AUPR test all: 0.2767781711106277, AUROC test unknown: 0.5439995317122442, AUPR test unknown: 0.14788038242297388
pseudo_counter: Counter({0: 160423, -1: 8570, 1: 350})
max_probs: 0.9951382875442505， num of >0.5: 403
AUROC test all: 0.5542825706561753, AUPR test all: 0.25039444569619235, AUROC test unknown: 0.4328263977050476, AUPR test unknown: 0.10826366103988103
Epoch: 349, Best AUROC test all: 0.5723514234786873, AUPR test all: 0.2767781711106277, AUROC test unknown: 0.5439995317122442, AUPR test unknown: 0.14788038242297388
pseudo_counter: Counter({0: 160422, -1: 8570, 1: 351})
max_probs: 0.9827101230621338， num of >0.5: 477
AUROC test all: 0.5542289698191459, AUPR test all: 0.24992544673454922, AUROC test unknown: 0.4329796809482777, AUPR test unknown: 0.10838605362803674
Epoch: 350, Best AUROC test all: 0.5723514234786873, AUPR test all: 0.2767781711106277, AUROC test unknown: 0.5439995317122442, AUPR test unknown: 0.14788038242297388
pseudo_counter: Counter({0: 160420, -1: 8570, 1: 353})
max_probs: 0.9932732582092285， num of >0.5: 546
AUROC test all: 0.5543003345692505, AUPR test all: 0.2493128702222077, AUROC test unknown: 0.4336910821385455, AUPR test unknown: 0.10854053907193349
Epoch: 351, Best AUROC test all: 0.5723514234786873, AUPR test all: 0.2767781711106277, AUROC test unknown: 0.5439995317122442, AUPR test unknown: 0.14788038242297388
pseudo_counter: Counter({0: 160418, -1: 8570, 1: 355})
max_probs: 0.9910081028938293， num of >0.5: 519
AUROC test all: 0.5546495461429721, AUPR test all: 0.24892528187725524, AUROC test unknown: 0.43426074783910024, AUPR test unknown: 0.10870059847583859
Epoch: 352, Best AUROC test all: 0.5723514234786873, AUPR test all: 0.2767781711106277, AUROC test unknown: 0.5439995317122442, AUPR test unknown: 0.14788038242297388
pseudo_counter: Counter({0: 160416, -1: 8570, 1: 357})
max_probs: 0.9892955422401428， num of >0.5: 411
AUROC test all: 0.554503225175515, AUPR test all: 0.24880094157280813, AUROC test unknown: 0.43415688791146045, AUPR test unknown: 0.1086714927366362
Epoch: 353, Best AUROC test all: 0.5723514234786873, AUPR test all: 0.2767781711106277, AUROC test unknown: 0.5439995317122442, AUPR test unknown: 0.14788038242297388
pseudo_counter: Counter({0: 160416, -1: 8570, 1: 357})
max_probs: 0.9928723573684692， num of >0.5: 512
AUROC test all: 0.5551033358520334, AUPR test all: 0.24983520613456603, AUROC test unknown: 0.43441636977966835, AUPR test unknown: 0.1086730846716512
Epoch: 354, Best AUROC test all: 0.5723514234786873, AUPR test all: 0.2767781711106277, AUROC test unknown: 0.5439995317122442, AUPR test unknown: 0.14788038242297388
pseudo_counter: Counter({0: 160415, -1: 8570, 1: 358})
max_probs: 0.9946410655975342， num of >0.5: 469
AUROC test all: 0.5552471778063442, AUPR test all: 0.25012675742120366, AUROC test unknown: 0.43448616015344615, AUPR test unknown: 0.1085810915263802
Epoch: 355, Best AUROC test all: 0.5723514234786873, AUPR test all: 0.2767781711106277, AUROC test unknown: 0.5439995317122442, AUPR test unknown: 0.14788038242297388
pseudo_counter: Counter({0: 160414, -1: 8570, 1: 359})
max_probs: 0.9949136972427368， num of >0.5: 463
AUROC test all: 0.5551722377075887, AUPR test all: 0.24970287622233767, AUROC test unknown: 0.4343791031337204, AUPR test unknown: 0.10852232067382868
Epoch: 356, Best AUROC test all: 0.5723514234786873, AUPR test all: 0.2767781711106277, AUROC test unknown: 0.5439995317122442, AUPR test unknown: 0.14788038242297388
pseudo_counter: Counter({0: 160410, -1: 8570, 1: 363})
max_probs: 0.9939701557159424， num of >0.5: 499
AUROC test all: 0.5551710728341838, AUPR test all: 0.2504771609960252, AUROC test unknown: 0.43435483140558717, AUPR test unknown: 0.10851236952373615
Epoch: 357, Best AUROC test all: 0.5723514234786873, AUPR test all: 0.2767781711106277, AUROC test unknown: 0.5439995317122442, AUPR test unknown: 0.14788038242297388
pseudo_counter: Counter({0: 160408, -1: 8570, 1: 365})
max_probs: 0.9962910413742065， num of >0.5: 497
AUROC test all: 0.5558284469264375, AUPR test all: 0.2500119406894172, AUROC test unknown: 0.43530767198178183, AUPR test unknown: 0.10873095153923776
Epoch: 358, Best AUROC test all: 0.5723514234786873, AUPR test all: 0.2767781711106277, AUROC test unknown: 0.5439995317122442, AUPR test unknown: 0.14788038242297388
pseudo_counter: Counter({0: 160404, -1: 8570, 1: 369})
max_probs: 0.9945681095123291， num of >0.5: 449
AUROC test all: 0.5553223377410924, AUPR test all: 0.24989826588120012, AUROC test unknown: 0.4351316554933062, AUPR test unknown: 0.10870666112915622
Epoch: 359, Best AUROC test all: 0.5723514234786873, AUPR test all: 0.2767781711106277, AUROC test unknown: 0.5439995317122442, AUPR test unknown: 0.14788038242297388
pseudo_counter: Counter({0: 160403, -1: 8570, 1: 370})
max_probs: 0.9993718266487122， num of >0.5: 448
AUROC test all: 0.5550872075024891, AUPR test all: 0.24973318860751728, AUROC test unknown: 0.43485645232958015, AUPR test unknown: 0.10866993638685843
Epoch: 360, Best AUROC test all: 0.5723514234786873, AUPR test all: 0.2767781711106277, AUROC test unknown: 0.5439995317122442, AUPR test unknown: 0.14788038242297388
pseudo_counter: Counter({0: 160402, -1: 8570, 1: 371})
max_probs: 0.9922405481338501， num of >0.5: 492
AUROC test all: 0.554710639283202, AUPR test all: 0.24990729986493135, AUROC test unknown: 0.43451390179972144, AUPR test unknown: 0.10870377815080967
Epoch: 361, Best AUROC test all: 0.5723514234786873, AUPR test all: 0.2767781711106277, AUROC test unknown: 0.5439995317122442, AUPR test unknown: 0.14788038242297388
pseudo_counter: Counter({0: 160400, -1: 8570, 1: 373})
max_probs: 0.990532398223877， num of >0.5: 496
AUROC test all: 0.5540282220381452, AUPR test all: 0.2487648351804873, AUROC test unknown: 0.43384416862316366, AUPR test unknown: 0.10857205346678386
Epoch: 362, Best AUROC test all: 0.5723514234786873, AUPR test all: 0.2767781711106277, AUROC test unknown: 0.5439995317122442, AUPR test unknown: 0.14788038242297388
pseudo_counter: Counter({0: 160399, -1: 8570, 1: 374})
max_probs: 0.9952288866043091， num of >0.5: 511
AUROC test all: 0.5541480999729573, AUPR test all: 0.24839701584497048, AUROC test unknown: 0.4345224256840454, AUPR test unknown: 0.10873984174377976
Epoch: 363, Best AUROC test all: 0.5723514234786873, AUPR test all: 0.2767781711106277, AUROC test unknown: 0.5439995317122442, AUPR test unknown: 0.14788038242297388
pseudo_counter: Counter({0: 160397, -1: 8570, 1: 376})
max_probs: 0.9928005933761597， num of >0.5: 451
AUROC test all: 0.5536232268442638, AUPR test all: 0.24712671584885368, AUROC test unknown: 0.4340882470222046, AUPR test unknown: 0.10863235183413382
Epoch: 364, Best AUROC test all: 0.5723514234786873, AUPR test all: 0.2767781711106277, AUROC test unknown: 0.5439995317122442, AUPR test unknown: 0.14788038242297388
pseudo_counter: Counter({0: 160395, -1: 8570, 1: 378})
max_probs: 0.9955769777297974， num of >0.5: 478
AUROC test all: 0.5535755913781217, AUPR test all: 0.24729347833043613, AUROC test unknown: 0.43394138469972326, AUPR test unknown: 0.10854313322481572
Epoch: 365, Best AUROC test all: 0.5723514234786873, AUPR test all: 0.2767781711106277, AUROC test unknown: 0.5439995317122442, AUPR test unknown: 0.14788038242297388
pseudo_counter: Counter({0: 160391, -1: 8570, 1: 382})
max_probs: 0.9916417598724365， num of >0.5: 560
AUROC test all: 0.5534459000621244, AUPR test all: 0.24764701332987427, AUROC test unknown: 0.4334662766691814, AUPR test unknown: 0.10846930998444487
Epoch: 366, Best AUROC test all: 0.5723514234786873, AUPR test all: 0.2767781711106277, AUROC test unknown: 0.5439995317122442, AUPR test unknown: 0.14788038242297388
pseudo_counter: Counter({0: 160388, -1: 8570, 1: 385})
max_probs: 0.9949076771736145， num of >0.5: 393
AUROC test all: 0.5532614717511766, AUPR test all: 0.24766627117392312, AUROC test unknown: 0.43324348905823235, AUPR test unknown: 0.10841017870007885
Epoch: 367, Best AUROC test all: 0.5723514234786873, AUPR test all: 0.2767781711106277, AUROC test unknown: 0.5439995317122442, AUPR test unknown: 0.14788038242297388
pseudo_counter: Counter({0: 160385, -1: 8570, 1: 388})
max_probs: 0.9949330687522888， num of >0.5: 388
AUROC test all: 0.5529468271184966, AUPR test all: 0.2481926968793841, AUROC test unknown: 0.4326712278385724, AUPR test unknown: 0.10831619659785237
Epoch: 368, Best AUROC test all: 0.5723514234786873, AUPR test all: 0.2767781711106277, AUROC test unknown: 0.5439995317122442, AUPR test unknown: 0.14788038242297388
pseudo_counter: Counter({0: 160383, -1: 8570, 1: 390})
max_probs: 0.9968258142471313， num of >0.5: 472
AUROC test all: 0.553145790340531, AUPR test all: 0.2488452719145684, AUROC test unknown: 0.4323679446790731, AUPR test unknown: 0.10819301508535856
Epoch: 369, Best AUROC test all: 0.5723514234786873, AUPR test all: 0.2767781711106277, AUROC test unknown: 0.5439995317122442, AUPR test unknown: 0.14788038242297388
pseudo_counter: Counter({0: 160383, -1: 8570, 1: 390})
max_probs: 0.9950829744338989， num of >0.5: 430
AUROC test all: 0.5529534920906789, AUPR test all: 0.24820649844021397, AUROC test unknown: 0.43228030651048277, AUPR test unknown: 0.10820419109898076
Epoch: 370, Best AUROC test all: 0.5723514234786873, AUPR test all: 0.2767781711106277, AUROC test unknown: 0.5439995317122442, AUPR test unknown: 0.14788038242297388
pseudo_counter: Counter({0: 160383, -1: 8570, 1: 390})
max_probs: 0.9955664277076721， num of >0.5: 509
AUROC test all: 0.5529091064858864, AUPR test all: 0.24821473025177898, AUROC test unknown: 0.4325818734453436, AUPR test unknown: 0.10836393145831201
Epoch: 371, Best AUROC test all: 0.5723514234786873, AUPR test all: 0.2767781711106277, AUROC test unknown: 0.5439995317122442, AUPR test unknown: 0.14788038242297388
pseudo_counter: Counter({0: 160381, -1: 8570, 1: 392})
max_probs: 0.9914116859436035， num of >0.5: 444
AUROC test all: 0.5525235057569466, AUPR test all: 0.24747580021045917, AUROC test unknown: 0.43249934667008993, AUPR test unknown: 0.10835582664807068
Epoch: 372, Best AUROC test all: 0.5723514234786873, AUPR test all: 0.2767781711106277, AUROC test unknown: 0.5439995317122442, AUPR test unknown: 0.14788038242297388
pseudo_counter: Counter({0: 160379, -1: 8570, 1: 394})
max_probs: 0.9888520836830139， num of >0.5: 319
AUROC test all: 0.5528629525761751, AUPR test all: 0.24849529763834327, AUROC test unknown: 0.43264360311774985, AUPR test unknown: 0.1084141827757271
Epoch: 373, Best AUROC test all: 0.5723514234786873, AUPR test all: 0.2767781711106277, AUROC test unknown: 0.5439995317122442, AUPR test unknown: 0.14788038242297388
pseudo_counter: Counter({0: 160377, -1: 8570, 1: 396})
max_probs: 0.9916101098060608， num of >0.5: 554
AUROC test all: 0.5527733742176809, AUPR test all: 0.24956349690487709, AUROC test unknown: 0.4324172036212009, AUPR test unknown: 0.10837452864265734
Epoch: 374, Best AUROC test all: 0.5723514234786873, AUPR test all: 0.2767781711106277, AUROC test unknown: 0.5439995317122442, AUPR test unknown: 0.14788038242297388
pseudo_counter: Counter({0: 160377, -1: 8570, 1: 396})
max_probs: 0.993985116481781， num of >0.5: 669
AUROC test all: 0.5526195781492235, AUPR test all: 0.24905081610602098, AUROC test unknown: 0.4320658584521054, AUPR test unknown: 0.10832582524183845
Epoch: 375, Best AUROC test all: 0.5723514234786873, AUPR test all: 0.2767781711106277, AUROC test unknown: 0.5439995317122442, AUPR test unknown: 0.14788038242297388
pseudo_counter: Counter({0: 160374, -1: 8570, 1: 399})
max_probs: 0.9913384914398193， num of >0.5: 433
AUROC test all: 0.5523098464378543, AUPR test all: 0.24831059266457517, AUROC test unknown: 0.43172254103437474, AUPR test unknown: 0.1081534617145978
Epoch: 376, Best AUROC test all: 0.5723514234786873, AUPR test all: 0.2767781711106277, AUROC test unknown: 0.5439995317122442, AUPR test unknown: 0.14788038242297388
pseudo_counter: Counter({0: 160369, -1: 8570, 1: 404})
max_probs: 0.998153030872345， num of >0.5: 401
AUROC test all: 0.5521960844947696, AUPR test all: 0.24854606136363594, AUROC test unknown: 0.4312713422818917, AUPR test unknown: 0.10807956566586822
Epoch: 377, Best AUROC test all: 0.5723514234786873, AUPR test all: 0.2767781711106277, AUROC test unknown: 0.5439995317122442, AUPR test unknown: 0.14788038242297388
pseudo_counter: Counter({0: 160369, -1: 8570, 1: 404})
max_probs: 0.9979346990585327， num of >0.5: 534
AUROC test all: 0.5522862419037066, AUPR test all: 0.24866674109336526, AUROC test unknown: 0.43192514347117367, AUPR test unknown: 0.10823569433668735
Epoch: 378, Best AUROC test all: 0.5723514234786873, AUPR test all: 0.2767781711106277, AUROC test unknown: 0.5439995317122442, AUPR test unknown: 0.14788038242297388
pseudo_counter: Counter({0: 160365, -1: 8570, 1: 408})
max_probs: 0.987337589263916， num of >0.5: 500
AUROC test all: 0.5521304720520797, AUPR test all: 0.24780733864652196, AUROC test unknown: 0.43195480977441614, AUPR test unknown: 0.10823879309918708
Epoch: 379, Best AUROC test all: 0.5723514234786873, AUPR test all: 0.2767781711106277, AUROC test unknown: 0.5439995317122442, AUPR test unknown: 0.14788038242297388
pseudo_counter: Counter({0: 160362, -1: 8570, 1: 411})
max_probs: 0.9941431879997253， num of >0.5: 471
AUROC test all: 0.5522648439919589, AUPR test all: 0.24811754550772636, AUROC test unknown: 0.43205009460400723, AUPR test unknown: 0.10822965426206116
Epoch: 380, Best AUROC test all: 0.5723514234786873, AUPR test all: 0.2767781711106277, AUROC test unknown: 0.5439995317122442, AUPR test unknown: 0.14788038242297388
pseudo_counter: Counter({0: 160361, -1: 8570, 1: 412})
max_probs: 0.99898761510849， num of >0.5: 479
AUROC test all: 0.5517489864416185, AUPR test all: 0.2479876685301672, AUROC test unknown: 0.431301927231323, AUPR test unknown: 0.10811964140164129
Epoch: 381, Best AUROC test all: 0.5723514234786873, AUPR test all: 0.2767781711106277, AUROC test unknown: 0.5439995317122442, AUPR test unknown: 0.14788038242297388
pseudo_counter: Counter({0: 160359, -1: 8570, 1: 414})
max_probs: 0.9959851503372192， num of >0.5: 569
AUROC test all: 0.5513029243130955, AUPR test all: 0.2479589067821232, AUROC test unknown: 0.4307405035513199, AUPR test unknown: 0.10803425770832857
Epoch: 382, Best AUROC test all: 0.5723514234786873, AUPR test all: 0.2767781711106277, AUROC test unknown: 0.5439995317122442, AUPR test unknown: 0.14788038242297388
pseudo_counter: Counter({0: 160356, -1: 8570, 1: 417})
max_probs: 0.9937682151794434， num of >0.5: 448
AUROC test all: 0.5511485765551755, AUPR test all: 0.24757952298336838, AUROC test unknown: 0.43087511619099694, AUPR test unknown: 0.10812547121164941
Epoch: 383, Best AUROC test all: 0.5723514234786873, AUPR test all: 0.2767781711106277, AUROC test unknown: 0.5439995317122442, AUPR test unknown: 0.14788038242297388
pseudo_counter: Counter({0: 160355, -1: 8570, 1: 418})
max_probs: 0.9913761019706726， num of >0.5: 364
AUROC test all: 0.5513109757555305, AUPR test all: 0.24822040149758695, AUROC test unknown: 0.4309958565012504, AUPR test unknown: 0.1081278917440686
Epoch: 384, Best AUROC test all: 0.5723514234786873, AUPR test all: 0.2767781711106277, AUROC test unknown: 0.5439995317122442, AUPR test unknown: 0.14788038242297388
pseudo_counter: Counter({0: 160355, -1: 8570, 1: 418})
max_probs: 0.9949396848678589， num of >0.5: 421
AUROC test all: 0.5507182721839134, AUPR test all: 0.2473259654255557, AUROC test unknown: 0.43017598445353755, AUPR test unknown: 0.10791005218068477
Epoch: 385, Best AUROC test all: 0.5723514234786873, AUPR test all: 0.2767781711106277, AUROC test unknown: 0.5439995317122442, AUPR test unknown: 0.14788038242297388
pseudo_counter: Counter({0: 160354, -1: 8570, 1: 419})
max_probs: 0.9945715069770813， num of >0.5: 468
AUROC test all: 0.5514978966246642, AUPR test all: 0.24788815784245508, AUROC test unknown: 0.4314564448759497, AUPR test unknown: 0.1081497943714311
Epoch: 386, Best AUROC test all: 0.5723514234786873, AUPR test all: 0.2767781711106277, AUROC test unknown: 0.5439995317122442, AUPR test unknown: 0.14788038242297388
pseudo_counter: Counter({0: 160352, -1: 8570, 1: 421})
max_probs: 0.9937233328819275， num of >0.5: 449
AUROC test all: 0.5518353689834712, AUPR test all: 0.24817271140599462, AUROC test unknown: 0.4321682401482984, AUPR test unknown: 0.10848261214072415
Epoch: 387, Best AUROC test all: 0.5723514234786873, AUPR test all: 0.2767781711106277, AUROC test unknown: 0.5439995317122442, AUPR test unknown: 0.14788038242297388
pseudo_counter: Counter({0: 160352, -1: 8570, 1: 421})
max_probs: 0.9940400123596191， num of >0.5: 371
AUROC test all: 0.5519986349309098, AUPR test all: 0.2475310828757544, AUROC test unknown: 0.43251588361949, AUPR test unknown: 0.10851400372743561
Epoch: 388, Best AUROC test all: 0.5723514234786873, AUPR test all: 0.2767781711106277, AUROC test unknown: 0.5439995317122442, AUPR test unknown: 0.14788038242297388
pseudo_counter: Counter({0: 160352, -1: 8570, 1: 421})
max_probs: 0.9910481572151184， num of >0.5: 331
AUROC test all: 0.5520219543419742, AUPR test all: 0.24736043154016374, AUROC test unknown: 0.4328785833609201, AUPR test unknown: 0.10863827225384522
Epoch: 389, Best AUROC test all: 0.5723514234786873, AUPR test all: 0.2767781711106277, AUROC test unknown: 0.5439995317122442, AUPR test unknown: 0.14788038242297388
pseudo_counter: Counter({0: 160352, -1: 8570, 1: 421})
max_probs: 0.9973828196525574， num of >0.5: 391
AUROC test all: 0.5525011958576831, AUPR test all: 0.2482057874641836, AUROC test unknown: 0.43318795266909943, AUPR test unknown: 0.10865833990429653
Epoch: 390, Best AUROC test all: 0.5723514234786873, AUPR test all: 0.2767781711106277, AUROC test unknown: 0.5439995317122442, AUPR test unknown: 0.14788038242297388
pseudo_counter: Counter({0: 160351, -1: 8570, 1: 422})
max_probs: 0.9933475852012634， num of >0.5: 596
AUROC test all: 0.5524273585960512, AUPR test all: 0.2479792417683416, AUROC test unknown: 0.43324274457636497, AUPR test unknown: 0.10864162593443878
Epoch: 391, Best AUROC test all: 0.5723514234786873, AUPR test all: 0.2767781711106277, AUROC test unknown: 0.5439995317122442, AUPR test unknown: 0.14788038242297388
pseudo_counter: Counter({0: 160349, -1: 8570, 1: 424})
max_probs: 0.9939642548561096， num of >0.5: 320
AUROC test all: 0.5523208596386467, AUPR test all: 0.24832125883559977, AUROC test unknown: 0.4331212763533905, AUPR test unknown: 0.10867249360142918
Epoch: 392, Best AUROC test all: 0.5723514234786873, AUPR test all: 0.2767781711106277, AUROC test unknown: 0.5439995317122442, AUPR test unknown: 0.14788038242297388
pseudo_counter: Counter({0: 160347, -1: 8570, 1: 426})
max_probs: 0.9954109787940979， num of >0.5: 361
AUROC test all: 0.552412424241747, AUPR test all: 0.24813729441746496, AUROC test unknown: 0.43337042359318784, AUPR test unknown: 0.10878481939029226
Epoch: 393, Best AUROC test all: 0.5723514234786873, AUPR test all: 0.2767781711106277, AUROC test unknown: 0.5439995317122442, AUPR test unknown: 0.14788038242297388
pseudo_counter: Counter({0: 160345, -1: 8570, 1: 428})
max_probs: 0.9942846894264221， num of >0.5: 411
AUROC test all: 0.5521480253397892, AUPR test all: 0.24711851821458375, AUROC test unknown: 0.4334144528985262, AUPR test unknown: 0.10868519896223536
Epoch: 394, Best AUROC test all: 0.5723514234786873, AUPR test all: 0.2767781711106277, AUROC test unknown: 0.5439995317122442, AUPR test unknown: 0.14788038242297388
pseudo_counter: Counter({0: 160344, -1: 8570, 1: 429})
max_probs: 0.9934740662574768， num of >0.5: 482
AUROC test all: 0.552345695552344, AUPR test all: 0.24652793487925195, AUROC test unknown: 0.43398667759075, AUPR test unknown: 0.10882660595990966
Epoch: 395, Best AUROC test all: 0.5723514234786873, AUPR test all: 0.2767781711106277, AUROC test unknown: 0.5439995317122442, AUPR test unknown: 0.14788038242297388
pseudo_counter: Counter({0: 160341, -1: 8570, 1: 432})
max_probs: 0.9884844422340393， num of >0.5: 248
AUROC test all: 0.5525310533239086, AUPR test all: 0.24669829866671827, AUROC test unknown: 0.43424588776261636, AUPR test unknown: 0.10889775415683933
Epoch: 396, Best AUROC test all: 0.5723514234786873, AUPR test all: 0.2767781711106277, AUROC test unknown: 0.5439995317122442, AUPR test unknown: 0.14788038242297388
pseudo_counter: Counter({0: 160341, -1: 8570, 1: 432})
max_probs: 0.9894892573356628， num of >0.5: 295
AUROC test all: 0.5518829726187702, AUPR test all: 0.2455941670088383, AUROC test unknown: 0.4338468680760045, AUPR test unknown: 0.10872577328363804
Epoch: 397, Best AUROC test all: 0.5723514234786873, AUPR test all: 0.2767781711106277, AUROC test unknown: 0.5439995317122442, AUPR test unknown: 0.14788038242297388
pseudo_counter: Counter({0: 160340, -1: 8570, 1: 433})
max_probs: 0.9966351389884949， num of >0.5: 518
AUROC test all: 0.5517805565426503, AUPR test all: 0.2451358769676442, AUROC test unknown: 0.4340526890694651, AUPR test unknown: 0.1087595670042445
Epoch: 398, Best AUROC test all: 0.5723514234786873, AUPR test all: 0.2767781711106277, AUROC test unknown: 0.5439995317122442, AUPR test unknown: 0.14788038242297388
pseudo_counter: Counter({0: 160336, -1: 8570, 1: 437})
max_probs: 0.995441198348999， num of >0.5: 473
AUROC test all: 0.5521019728824244, AUPR test all: 0.24524569694397258, AUROC test unknown: 0.4346911846981717, AUPR test unknown: 0.10901769206438007
Epoch: 399, Best AUROC test all: 0.5723514234786873, AUPR test all: 0.2767781711106277, AUROC test unknown: 0.5439995317122442, AUPR test unknown: 0.14788038242297388
  rotation 34: ROC 0.5724 PR 0.2768
[ogbn-arxiv] params 68097, peak GPU 3.37 GB, 28.8 min total
[ogbn-arxiv] ran 1/4 rotations; no results.csv row written. Merge the shards with:
    python analysis/scripts/merge_rotations.py
