/nas/home/jahin/.local/lib/python3.10/site-packages/requests/__init__.py:113: RequestsDependencyWarning: urllib3 (1.26.5) or chardet (7.2.0)/charset_normalizer (3.4.4) doesn't match a supported version!
  warnings.warn(
[ogbn-arxiv] anomaly classes (rotations): [np.int64(4), np.int64(8), np.int64(10), np.int64(34)]
[ogbn-arxiv] running subset: [np.int64(4)]
==================================================================
DEMO variant: FULL published method (mixup ON)
==================================================================
[ogbn-arxiv] DEMO mixup ON, PPR (169343, 169343) from data/ogbn_arxiv/ppr_matrix.npy
Normal classes: [np.int64(0), np.int64(1), np.int64(2), np.int64(3), np.int64(5), np.int64(6), np.int64(7), np.int64(9), np.int64(11), np.int64(12), np.int64(13), np.int64(14), np.int64(15), np.int64(16), np.int64(17), np.int64(18), np.int64(19), np.int64(20), np.int64(21), np.int64(22), np.int64(23), np.int64(24), np.int64(25), np.int64(26), np.int64(27), np.int64(28), np.int64(29), np.int64(30), np.int64(31), np.int64(32), np.int64(33), np.int64(35), np.int64(36), np.int64(37), np.int64(38), np.int64(39)] in ogbn-arxiv
using binary cross entropy loss...
Building multi-layer GraphSage
building the dataloader ...
pseudo_counter: Counter({-1: 169343})
AUROC test all: 0.44963922299422177, AUPR test all: 0.1478150444644228, AUROC test unknown: 0.4549780324625997, AUPR test unknown: 0.12269662880151226
Epoch: 0, Best AUROC test all: 0.44963922299422177, AUPR test all: 0.1478150444644228, AUROC test unknown: 0.4549780324625997, AUPR test unknown: 0.12269662880151226
pseudo_counter: Counter({-1: 169343})
AUROC test all: 0.45750313476237564, AUPR test all: 0.15130440989796193, AUROC test unknown: 0.45437273108677556, AUPR test unknown: 0.12370834657912848
Epoch: 1, Best AUROC test all: 0.45750313476237564, AUPR test all: 0.15130440989796193, AUROC test unknown: 0.4549780324625997, AUPR test unknown: 0.12370834657912848
pseudo_counter: Counter({-1: 169343})
AUROC test all: 0.4608745942668046, AUPR test all: 0.15240612414661867, AUROC test unknown: 0.45563998472102957, AUPR test unknown: 0.12431020936236888
Epoch: 2, Best AUROC test all: 0.4608745942668046, AUPR test all: 0.15240612414661867, AUROC test unknown: 0.45563998472102957, AUPR test unknown: 0.12431020936236888
pseudo_counter: Counter({-1: 169343})
AUROC test all: 0.46750897904060895, AUPR test all: 0.15408597051570305, AUROC test unknown: 0.4576700810489108, AUPR test unknown: 0.12458265590622086
Epoch: 3, Best AUROC test all: 0.46750897904060895, AUPR test all: 0.15408597051570305, AUROC test unknown: 0.4576700810489108, AUPR test unknown: 0.12458265590622086
pseudo_counter: Counter({-1: 169343})
AUROC test all: 0.47493609578997825, AUPR test all: 0.1571467491817795, AUROC test unknown: 0.4623604990323646, AUPR test unknown: 0.126395521644887
Epoch: 4, Best AUROC test all: 0.47493609578997825, AUPR test all: 0.1571467491817795, AUROC test unknown: 0.4623604990323646, AUPR test unknown: 0.126395521644887
pseudo_counter: Counter({-1: 169343})
AUROC test all: 0.47763941086392087, AUPR test all: 0.15859906079254796, AUROC test unknown: 0.4646342316608075, AUPR test unknown: 0.127380257928923
Epoch: 5, Best AUROC test all: 0.47763941086392087, AUPR test all: 0.15859906079254796, AUROC test unknown: 0.4646342316608075, AUPR test unknown: 0.127380257928923
pseudo_counter: Counter({-1: 169343})
max_probs: 0.09591998904943466， num of >0.5: 0
AUROC test all: 0.4841028703767478, AUPR test all: 0.1618728776815394, AUROC test unknown: 0.46986249784200473, AUPR test unknown: 0.12950307274726408
Epoch: 6, Best AUROC test all: 0.4841028703767478, AUPR test all: 0.1618728776815394, AUROC test unknown: 0.46986249784200473, AUPR test unknown: 0.12950307274726408
pseudo_counter: Counter({0: 160773, -1: 8570})
max_probs: 0.06584684550762177， num of >0.5: 0
AUROC test all: 0.48914638456141807, AUPR test all: 0.16558696936537565, AUROC test unknown: 0.4736605550908268, AUPR test unknown: 0.13205612057932475
Epoch: 7, Best AUROC test all: 0.48914638456141807, AUPR test all: 0.16558696936537565, AUROC test unknown: 0.4736605550908268, AUPR test unknown: 0.13205612057932475
pseudo_counter: Counter({0: 160773, -1: 8570})
max_probs: 0.04347190260887146， num of >0.5: 0
AUROC test all: 0.49229184413208227, AUPR test all: 0.16785408721107334, AUROC test unknown: 0.47617438154310715, AUPR test unknown: 0.13337716972263547
Epoch: 8, Best AUROC test all: 0.49229184413208227, AUPR test all: 0.16785408721107334, AUROC test unknown: 0.47617438154310715, AUPR test unknown: 0.13337716972263547
pseudo_counter: Counter({0: 160773, -1: 8570})
max_probs: 0.02728217840194702， num of >0.5: 0
AUROC test all: 0.49432205756194847, AUPR test all: 0.16988595897299538, AUROC test unknown: 0.4769071934309845, AUPR test unknown: 0.13436716963845435
Epoch: 9, Best AUROC test all: 0.49432205756194847, AUPR test all: 0.16988595897299538, AUROC test unknown: 0.4769071934309845, AUPR test unknown: 0.13436716963845435
pseudo_counter: Counter({0: 160773, -1: 8570})
max_probs: 0.016819095239043236， num of >0.5: 0
AUROC test all: 0.4965216448039569, AUPR test all: 0.17156530092612016, AUROC test unknown: 0.47836507881827284, AUPR test unknown: 0.13523187951710472
Epoch: 10, Best AUROC test all: 0.4965216448039569, AUPR test all: 0.17156530092612016, AUROC test unknown: 0.47836507881827284, AUPR test unknown: 0.13523187951710472
pseudo_counter: Counter({0: 160773, -1: 8570})
max_probs: 0.01032400131225586， num of >0.5: 0
AUROC test all: 0.49894833915126646, AUPR test all: 0.17304957255046885, AUROC test unknown: 0.4802298942421771, AUPR test unknown: 0.1359959755988947
Epoch: 11, Best AUROC test all: 0.49894833915126646, AUPR test all: 0.17304957255046885, AUROC test unknown: 0.4802298942421771, AUPR test unknown: 0.1359959755988947
pseudo_counter: Counter({0: 160773, -1: 8570})
max_probs: 0.00639324402436614， num of >0.5: 0
AUROC test all: 0.5008651843923488, AUPR test all: 0.17441690750394193, AUROC test unknown: 0.48150919476114895, AUPR test unknown: 0.1366390850546765
Epoch: 12, Best AUROC test all: 0.5008651843923488, AUPR test all: 0.17441690750394193, AUROC test unknown: 0.48150919476114895, AUPR test unknown: 0.1366390850546765
pseudo_counter: Counter({0: 160773, -1: 8570})
max_probs: 0.00402604416012764， num of >0.5: 0
AUROC test all: 0.5029126976822338, AUPR test all: 0.17571550260942198, AUROC test unknown: 0.48282821057800085, AUPR test unknown: 0.13724203277422642
Epoch: 13, Best AUROC test all: 0.5029126976822338, AUPR test all: 0.17571550260942198, AUROC test unknown: 0.48282821057800085, AUPR test unknown: 0.13724203277422642
pseudo_counter: Counter({0: 160773, -1: 8570})
max_probs: 0.0026052251923829317， num of >0.5: 0
AUROC test all: 0.5039577283695369, AUPR test all: 0.17701302363138438, AUROC test unknown: 0.48304647361526376, AUPR test unknown: 0.1376875157186049
Epoch: 14, Best AUROC test all: 0.5039577283695369, AUPR test all: 0.17701302363138438, AUROC test unknown: 0.48304647361526376, AUPR test unknown: 0.1376875157186049
pseudo_counter: Counter({0: 160773, -1: 8570})
max_probs: 0.0017462274990975857， num of >0.5: 0
AUROC test all: 0.5062852460723957, AUPR test all: 0.17820314899339662, AUROC test unknown: 0.4851354280296604, AUPR test unknown: 0.13837808805080185
Epoch: 15, Best AUROC test all: 0.5062852460723957, AUPR test all: 0.17820314899339662, AUROC test unknown: 0.4851354280296604, AUPR test unknown: 0.13837808805080185
pseudo_counter: Counter({0: 160773, -1: 8570})
max_probs: 0.0012342851841822267， num of >0.5: 0
AUROC test all: 0.5073028240798025, AUPR test all: 0.1792423245938769, AUROC test unknown: 0.4856591210351999, AUPR test unknown: 0.13878730376451953
Epoch: 16, Best AUROC test all: 0.5073028240798025, AUPR test all: 0.1792423245938769, AUROC test unknown: 0.4856591210351999, AUPR test unknown: 0.13878730376451953
pseudo_counter: Counter({0: 160773, -1: 8570})
max_probs: 0.0009136817534454167， num of >0.5: 0
AUROC test all: 0.5093465061552385, AUPR test all: 0.18058731707327189, AUROC test unknown: 0.48686411834442334, AUPR test unknown: 0.13936255730979702
Epoch: 17, Best AUROC test all: 0.5093465061552385, AUPR test all: 0.18058731707327189, AUROC test unknown: 0.48686411834442334, AUPR test unknown: 0.13936255730979702
pseudo_counter: Counter({0: 160773, -1: 8570})
max_probs: 0.0007119518704712391， num of >0.5: 0
AUROC test all: 0.511716637771711, AUPR test all: 0.18215707471767487, AUROC test unknown: 0.4882016529442781, AUPR test unknown: 0.1399189170399492
Epoch: 18, Best AUROC test all: 0.511716637771711, AUPR test all: 0.18215707471767487, AUROC test unknown: 0.4882016529442781, AUPR test unknown: 0.1399189170399492
pseudo_counter: Counter({0: 160773, -1: 8570})
max_probs: 0.0005854213959537446， num of >0.5: 0
AUROC test all: 0.5133733243854801, AUPR test all: 0.18350803415557554, AUROC test unknown: 0.4891465769567561, AUPR test unknown: 0.14044069442672502
Epoch: 19, Best AUROC test all: 0.5133733243854801, AUPR test all: 0.18350803415557554, AUROC test unknown: 0.4891465769567561, AUPR test unknown: 0.14044069442672502
pseudo_counter: Counter({0: 160773, -1: 8570})
max_probs: 0.0005154440295882523， num of >0.5: 0
AUROC test all: 0.5153112050730508, AUPR test all: 0.18499821189420496, AUROC test unknown: 0.490314503848567, AUPR test unknown: 0.14103291728817718
Epoch: 20, Best AUROC test all: 0.5153112050730508, AUPR test all: 0.18499821189420496, AUROC test unknown: 0.490314503848567, AUPR test unknown: 0.14103291728817718
pseudo_counter: Counter({0: 160773, -1: 8570})
max_probs: 0.00046169341658242047， num of >0.5: 0
AUROC test all: 0.5170897944696009, AUPR test all: 0.18661520807767107, AUROC test unknown: 0.4913718517066243, AUPR test unknown: 0.14174368057349038
Epoch: 21, Best AUROC test all: 0.5170897944696009, AUPR test all: 0.18661520807767107, AUROC test unknown: 0.4913718517066243, AUPR test unknown: 0.14174368057349038
pseudo_counter: Counter({0: 160773, -1: 8570})
max_probs: 0.00044284260366111994， num of >0.5: 0
AUROC test all: 0.5193918982919231, AUPR test all: 0.18853305747073407, AUROC test unknown: 0.49311207303635407, AUPR test unknown: 0.1426816654237212
Epoch: 22, Best AUROC test all: 0.5193918982919231, AUPR test all: 0.18853305747073407, AUROC test unknown: 0.49311207303635407, AUPR test unknown: 0.1426816654237212
pseudo_counter: Counter({0: 160773, -1: 8570})
max_probs: 0.00044995793723501265， num of >0.5: 0
AUROC test all: 0.5214135577583854, AUPR test all: 0.19025565292444177, AUROC test unknown: 0.4942001737467116, AUPR test unknown: 0.1433205427584474
Epoch: 23, Best AUROC test all: 0.5214135577583854, AUPR test all: 0.19025565292444177, AUROC test unknown: 0.4942001737467116, AUPR test unknown: 0.1433205427584474
pseudo_counter: Counter({0: 160773, -1: 8570})
max_probs: 0.0004663941217586398， num of >0.5: 0
AUROC test all: 0.5235361451074674, AUPR test all: 0.19208511833689407, AUROC test unknown: 0.4954602898994862, AUPR test unknown: 0.14404415237166895
Epoch: 24, Best AUROC test all: 0.5235361451074674, AUPR test all: 0.19208511833689407, AUROC test unknown: 0.4954602898994862, AUPR test unknown: 0.14404415237166895
pseudo_counter: Counter({0: 160773, -1: 8570})
max_probs: 0.0005076748202554882， num of >0.5: 0
AUROC test all: 0.5264952474180954, AUPR test all: 0.1941228331031791, AUROC test unknown: 0.49750191022719, AUPR test unknown: 0.1448979642029338
Epoch: 25, Best AUROC test all: 0.5264952474180954, AUPR test all: 0.1941228331031791, AUROC test unknown: 0.49750191022719, AUPR test unknown: 0.1448979642029338
pseudo_counter: Counter({0: 160773, -1: 8570})
max_probs: 0.0005660636816173792， num of >0.5: 0
AUROC test all: 0.527627744385869, AUPR test all: 0.19544145188239545, AUROC test unknown: 0.49760521352979287, AUPR test unknown: 0.14510551674234187
Epoch: 26, Best AUROC test all: 0.527627744385869, AUPR test all: 0.19544145188239545, AUROC test unknown: 0.49760521352979287, AUPR test unknown: 0.14510551674234187
pseudo_counter: Counter({0: 160773, -1: 8570})
max_probs: 0.0006598167819902301， num of >0.5: 0
AUROC test all: 0.5295287279792366, AUPR test all: 0.19729121240516403, AUROC test unknown: 0.4989227825159271, AUPR test unknown: 0.14583548931730564
Epoch: 27, Best AUROC test all: 0.5295287279792366, AUPR test all: 0.19729121240516403, AUROC test unknown: 0.4989227825159271, AUPR test unknown: 0.14583548931730564
pseudo_counter: Counter({0: 160773, -1: 8570})
max_probs: 0.0008083027205429971， num of >0.5: 0
AUROC test all: 0.5325441001769456, AUPR test all: 0.1993949378582631, AUROC test unknown: 0.5012696052474737, AUPR test unknown: 0.14674448866610956
Epoch: 28, Best AUROC test all: 0.5325441001769456, AUPR test all: 0.1993949378582631, AUROC test unknown: 0.5012696052474737, AUPR test unknown: 0.14674448866610956
pseudo_counter: Counter({0: 160773, -1: 8570})
max_probs: 0.0009998659370467067， num of >0.5: 0
AUROC test all: 0.5340900245320984, AUPR test all: 0.20114086362605604, AUROC test unknown: 0.5019770425032435, AUPR test unknown: 0.14733327145230848
Epoch: 29, Best AUROC test all: 0.5340900245320984, AUPR test all: 0.20114086362605604, AUROC test unknown: 0.5019770425032435, AUPR test unknown: 0.14733327145230848
pseudo_counter: Counter({0: 160773, -1: 8570})
max_probs: 0.001280863769352436， num of >0.5: 0
AUROC test all: 0.5355399095448711, AUPR test all: 0.20286970155961404, AUROC test unknown: 0.5029052155490593, AUPR test unknown: 0.14796046083494482
Epoch: 30, Best AUROC test all: 0.5355399095448711, AUPR test all: 0.20286970155961404, AUROC test unknown: 0.5029052155490593, AUPR test unknown: 0.14796046083494482
pseudo_counter: Counter({0: 160773, -1: 8570})
max_probs: 0.0016700044507160783， num of >0.5: 0
AUROC test all: 0.5377091889480874, AUPR test all: 0.2047254731493372, AUROC test unknown: 0.5043427067144263, AUPR test unknown: 0.14865659585485827
Epoch: 31, Best AUROC test all: 0.5377091889480874, AUPR test all: 0.2047254731493372, AUROC test unknown: 0.5043427067144263, AUPR test unknown: 0.14865659585485827
pseudo_counter: Counter({0: 160773, -1: 8570})
max_probs: 0.0022153446916490793， num of >0.5: 0
AUROC test all: 0.5389760310365619, AUPR test all: 0.20611961671209175, AUROC test unknown: 0.504779836091354, AUPR test unknown: 0.1490032232001311
Epoch: 32, Best AUROC test all: 0.5389760310365619, AUPR test all: 0.20611961671209175, AUROC test unknown: 0.504779836091354, AUPR test unknown: 0.1490032232001311
pseudo_counter: Counter({0: 160773, -1: 8570})
max_probs: 0.0028862375766038895， num of >0.5: 0
AUROC test all: 0.5403749796570437, AUPR test all: 0.20765841053461323, AUROC test unknown: 0.5056008191024735, AUPR test unknown: 0.1495027047927744
Epoch: 33, Best AUROC test all: 0.5403749796570437, AUPR test all: 0.20765841053461323, AUROC test unknown: 0.5056008191024735, AUPR test unknown: 0.1495027047927744
pseudo_counter: Counter({0: 160773, -1: 8570})
max_probs: 0.0037401767913252115， num of >0.5: 0
AUROC test all: 0.5419045631409809, AUPR test all: 0.2092096573181199, AUROC test unknown: 0.5065016623441607, AUPR test unknown: 0.15004186278240123
Epoch: 34, Best AUROC test all: 0.5419045631409809, AUPR test all: 0.2092096573181199, AUROC test unknown: 0.5065016623441607, AUPR test unknown: 0.15004186278240123
pseudo_counter: Counter({0: 160773, -1: 8570})
max_probs: 0.004848065786063671， num of >0.5: 0
AUROC test all: 0.5439844528681046, AUPR test all: 0.21087191596364963, AUROC test unknown: 0.5080018293744021, AUPR test unknown: 0.15069687860378617
Epoch: 35, Best AUROC test all: 0.5439844528681046, AUPR test all: 0.21087191596364963, AUROC test unknown: 0.5080018293744021, AUPR test unknown: 0.15069687860378617
pseudo_counter: Counter({0: 160773, -1: 8570})
max_probs: 0.006199279334396124， num of >0.5: 0
AUROC test all: 0.5452520274723203, AUPR test all: 0.21217674405853826, AUROC test unknown: 0.5090384928231091, AUPR test unknown: 0.15117354391961046
Epoch: 36, Best AUROC test all: 0.5452520274723203, AUPR test all: 0.21217674405853826, AUROC test unknown: 0.5090384928231091, AUPR test unknown: 0.15117354391961046
pseudo_counter: Counter({0: 160773, -1: 8570})
max_probs: 0.0076849013566970825， num of >0.5: 0
AUROC test all: 0.5462230419680184, AUPR test all: 0.2134390227927864, AUROC test unknown: 0.5094143645920001, AUPR test unknown: 0.15157834414402668
Epoch: 37, Best AUROC test all: 0.5462230419680184, AUPR test all: 0.2134390227927864, AUROC test unknown: 0.5094143645920001, AUPR test unknown: 0.15157834414402668
pseudo_counter: Counter({0: 160773, -1: 8570})
max_probs: 0.009118745103478432， num of >0.5: 0
AUROC test all: 0.5478196778678048, AUPR test all: 0.21477210220447068, AUROC test unknown: 0.5107766797610185, AUPR test unknown: 0.15210909773406395
Epoch: 38, Best AUROC test all: 0.5478196778678048, AUPR test all: 0.21477210220447068, AUROC test unknown: 0.5107766797610185, AUPR test unknown: 0.15210909773406395
pseudo_counter: Counter({0: 160773, -1: 8570})
max_probs: 0.010157118551433086， num of >0.5: 0
AUROC test all: 0.5486061930765478, AUPR test all: 0.21590775481727326, AUROC test unknown: 0.5112359747693309, AUPR test unknown: 0.15248601568944295
Epoch: 39, Best AUROC test all: 0.5486061930765478, AUPR test all: 0.21590775481727326, AUROC test unknown: 0.5112359747693309, AUPR test unknown: 0.15248601568944295
pseudo_counter: Counter({0: 160773, -1: 8570})
max_probs: 0.010612523183226585， num of >0.5: 0
AUROC test all: 0.549558951432432, AUPR test all: 0.2169710853043709, AUROC test unknown: 0.5119902121053285, AUPR test unknown: 0.1528634401158164
Epoch: 40, Best AUROC test all: 0.549558951432432, AUPR test all: 0.2169710853043709, AUROC test unknown: 0.5119902121053285, AUPR test unknown: 0.1528634401158164
pseudo_counter: Counter({0: 160773, -1: 8570})
max_probs: 0.010452387854456902， num of >0.5: 0
AUROC test all: 0.5502307317578963, AUPR test all: 0.21781178556306502, AUROC test unknown: 0.5123803778293979, AUPR test unknown: 0.15313017998423065
Epoch: 41, Best AUROC test all: 0.5502307317578963, AUPR test all: 0.21781178556306502, AUROC test unknown: 0.5123803778293979, AUPR test unknown: 0.15313017998423065
pseudo_counter: Counter({0: 160773, -1: 8570})
max_probs: 0.009823471307754517， num of >0.5: 0
AUROC test all: 0.5513889716152182, AUPR test all: 0.2187252045388462, AUROC test unknown: 0.5132683248406149, AUPR test unknown: 0.1534911569089101
Epoch: 42, Best AUROC test all: 0.5513889716152182, AUPR test all: 0.2187252045388462, AUROC test unknown: 0.5132683248406149, AUPR test unknown: 0.1534911569089101
pseudo_counter: Counter({0: 160773, -1: 8570})
max_probs: 0.008940843865275383， num of >0.5: 0
AUROC test all: 0.5526146734903867, AUPR test all: 0.2198063570438057, AUROC test unknown: 0.5143756059818448, AUPR test unknown: 0.15396920306970913
Epoch: 43, Best AUROC test all: 0.5526146734903867, AUPR test all: 0.2198063570438057, AUROC test unknown: 0.5143756059818448, AUPR test unknown: 0.15396920306970913
pseudo_counter: Counter({0: 160773, -1: 8570})
max_probs: 0.007974686101078987， num of >0.5: 0
AUROC test all: 0.5530254915613387, AUPR test all: 0.22066201762706814, AUROC test unknown: 0.514450359187429, AUPR test unknown: 0.1541993291224114
Epoch: 44, Best AUROC test all: 0.5530254915613387, AUPR test all: 0.22066201762706814, AUROC test unknown: 0.514450359187429, AUPR test unknown: 0.1541993291224114
pseudo_counter: Counter({0: 160773, -1: 8570})
max_probs: 0.007057159207761288， num of >0.5: 0
AUROC test all: 0.5537685285474915, AUPR test all: 0.2215968970223669, AUROC test unknown: 0.5152293255911655, AUPR test unknown: 0.15457460495999933
Epoch: 45, Best AUROC test all: 0.5537685285474915, AUPR test all: 0.2215968970223669, AUROC test unknown: 0.5152293255911655, AUPR test unknown: 0.15457460495999933
pseudo_counter: Counter({0: 160773, -1: 8570})
max_probs: 0.006188252475112677， num of >0.5: 0
AUROC test all: 0.5548900537622939, AUPR test all: 0.22263322773873573, AUROC test unknown: 0.5163419382419938, AUPR test unknown: 0.15501091956189658
Epoch: 46, Best AUROC test all: 0.5548900537622939, AUPR test all: 0.22263322773873573, AUROC test unknown: 0.5163419382419938, AUPR test unknown: 0.15501091956189658
pseudo_counter: Counter({0: 160773, -1: 8570})
max_probs: 0.005500959698110819， num of >0.5: 0
AUROC test all: 0.5555627605684663, AUPR test all: 0.22352303819046315, AUROC test unknown: 0.5167325912619342, AUPR test unknown: 0.1553039019678321
Epoch: 47, Best AUROC test all: 0.5555627605684663, AUPR test all: 0.22352303819046315, AUROC test unknown: 0.5167325912619342, AUPR test unknown: 0.1553039019678321
pseudo_counter: Counter({0: 160773, -1: 8570})
max_probs: 0.004952782299369574， num of >0.5: 0
AUROC test all: 0.5560800216558093, AUPR test all: 0.22432678144392926, AUROC test unknown: 0.5172487624929726, AUPR test unknown: 0.15560060407738577
Epoch: 48, Best AUROC test all: 0.5560800216558093, AUPR test all: 0.22432678144392926, AUROC test unknown: 0.5172487624929726, AUPR test unknown: 0.15560060407738577
pseudo_counter: Counter({0: 160773, -1: 8570})
max_probs: 0.004505303222686052， num of >0.5: 0
AUROC test all: 0.5571421854636938, AUPR test all: 0.2252559105682658, AUROC test unknown: 0.5179705002057621, AUPR test unknown: 0.1559210888443721
Epoch: 49, Best AUROC test all: 0.5571421854636938, AUPR test all: 0.2252559105682658, AUROC test unknown: 0.5179705002057621, AUPR test unknown: 0.1559210888443721
pseudo_counter: Counter({0: 160773, -1: 8570})
max_probs: 0.004200269002467394， num of >0.5: 0
AUROC test all: 0.5573078629699816, AUPR test all: 0.22592436721258224, AUROC test unknown: 0.5180854623358372, AUPR test unknown: 0.15611040820116817
Epoch: 50, Best AUROC test all: 0.5573078629699816, AUPR test all: 0.22592436721258224, AUROC test unknown: 0.5180854623358372, AUPR test unknown: 0.15611040820116817
pseudo_counter: Counter({0: 160773, -1: 8570})
max_probs: 0.0039671980775892735， num of >0.5: 0
AUROC test all: 0.558039699291994, AUPR test all: 0.22676151179699333, AUROC test unknown: 0.5186593724812382, AUPR test unknown: 0.15642234282826004
Epoch: 51, Best AUROC test all: 0.558039699291994, AUPR test all: 0.22676151179699333, AUROC test unknown: 0.5186593724812382, AUPR test unknown: 0.15642234282826004
pseudo_counter: Counter({0: 160773, -1: 8570})
max_probs: 0.003833938390016556， num of >0.5: 0
AUROC test all: 0.5590524144947365, AUPR test all: 0.2276322560496227, AUROC test unknown: 0.5195676769276449, AUPR test unknown: 0.1567525896214978
Epoch: 52, Best AUROC test all: 0.5590524144947365, AUPR test all: 0.2276322560496227, AUROC test unknown: 0.5195676769276449, AUPR test unknown: 0.1567525896214978
pseudo_counter: Counter({0: 160773, -1: 8570})
max_probs: 0.003779201302677393， num of >0.5: 0
AUROC test all: 0.5600464944320066, AUPR test all: 0.22847967938478134, AUROC test unknown: 0.5205028512584817, AUPR test unknown: 0.15710156799944616
Epoch: 53, Best AUROC test all: 0.5600464944320066, AUPR test all: 0.22847967938478134, AUROC test unknown: 0.5205028512584817, AUPR test unknown: 0.15710156799944616
pseudo_counter: Counter({0: 160773, -1: 8570})
max_probs: 0.0037945567164570093， num of >0.5: 0
AUROC test all: 0.5603584245033016, AUPR test all: 0.22921899818937477, AUROC test unknown: 0.5205306153171471, AUPR test unknown: 0.15731976711970214
Epoch: 54, Best AUROC test all: 0.5603584245033016, AUPR test all: 0.22921899818937477, AUROC test unknown: 0.5205306153171471, AUPR test unknown: 0.15731976711970214
pseudo_counter: Counter({0: 160773, -1: 8570})
max_probs: 0.003864468075335026， num of >0.5: 0
AUROC test all: 0.5605910216840506, AUPR test all: 0.2298907715847736, AUROC test unknown: 0.5206166572585712, AUPR test unknown: 0.15750655146390793
Epoch: 55, Best AUROC test all: 0.5605910216840506, AUPR test all: 0.2298907715847736, AUROC test unknown: 0.5206166572585712, AUPR test unknown: 0.15750655146390793
pseudo_counter: Counter({0: 160773, -1: 8570})
max_probs: 0.003975948318839073， num of >0.5: 0
AUROC test all: 0.5615356415028953, AUPR test all: 0.23071032688493684, AUROC test unknown: 0.5215528179871243, AUPR test unknown: 0.15783508761383624
Epoch: 56, Best AUROC test all: 0.5615356415028953, AUPR test all: 0.23071032688493684, AUROC test unknown: 0.5215528179871243, AUPR test unknown: 0.15783508761383624
pseudo_counter: Counter({0: 160773, -1: 8570})
max_probs: 0.004142689052969217， num of >0.5: 0
AUROC test all: 0.5619998435547928, AUPR test all: 0.23129353020427287, AUROC test unknown: 0.5217687838213106, AUPR test unknown: 0.1579487148985854
Epoch: 57, Best AUROC test all: 0.5619998435547928, AUPR test all: 0.23129353020427287, AUROC test unknown: 0.5217687838213106, AUPR test unknown: 0.1579487148985854
pseudo_counter: Counter({0: 160773, -1: 8570})
max_probs: 0.004359907936304808， num of >0.5: 0
AUROC test all: 0.5628091072511812, AUPR test all: 0.23190023157954237, AUROC test unknown: 0.522507777248943, AUPR test unknown: 0.15817718581734538
Epoch: 58, Best AUROC test all: 0.5628091072511812, AUPR test all: 0.23190023157954237, AUROC test unknown: 0.522507777248943, AUPR test unknown: 0.15817718581734538
pseudo_counter: Counter({0: 160773, -1: 8570})
max_probs: 0.004606158006936312， num of >0.5: 0
AUROC test all: 0.5637692792135859, AUPR test all: 0.2326462868293344, AUROC test unknown: 0.5233007696635696, AUPR test unknown: 0.15847253344230194
Epoch: 59, Best AUROC test all: 0.5637692792135859, AUPR test all: 0.2326462868293344, AUROC test unknown: 0.5233007696635696, AUPR test unknown: 0.15847253344230194
pseudo_counter: Counter({0: 160773, -1: 8570})
max_probs: 0.004904437344521284， num of >0.5: 0
AUROC test all: 0.5643143413592433, AUPR test all: 0.23337040566368727, AUROC test unknown: 0.5237883642769223, AUPR test unknown: 0.15873073673421828
Epoch: 60, Best AUROC test all: 0.5643143413592433, AUPR test all: 0.23337040566368727, AUROC test unknown: 0.5237883642769223, AUPR test unknown: 0.15873073673421828
pseudo_counter: Counter({0: 160773, -1: 8570})
max_probs: 0.005201875697821379， num of >0.5: 0
AUROC test all: 0.5649231791047717, AUPR test all: 0.23404480444387876, AUROC test unknown: 0.5243007238892403, AUPR test unknown: 0.15897522996433014
Epoch: 61, Best AUROC test all: 0.5649231791047717, AUPR test all: 0.23404480444387876, AUROC test unknown: 0.5243007238892403, AUPR test unknown: 0.15897522996433014
pseudo_counter: Counter({0: 160773, -1: 8570})
max_probs: 0.005493826698511839， num of >0.5: 0
AUROC test all: 0.565548254508314, AUPR test all: 0.234745423936621, AUROC test unknown: 0.5247971033452539, AUPR test unknown: 0.15922813297022745
Epoch: 62, Best AUROC test all: 0.565548254508314, AUPR test all: 0.234745423936621, AUROC test unknown: 0.5247971033452539, AUPR test unknown: 0.15922813297022745
pseudo_counter: Counter({0: 160773, -1: 8570})
max_probs: 0.0057768626138567924， num of >0.5: 0
AUROC test all: 0.5658992517246053, AUPR test all: 0.23530551419578216, AUROC test unknown: 0.524870327933805, AUPR test unknown: 0.15936459000379335
Epoch: 63, Best AUROC test all: 0.5658992517246053, AUPR test all: 0.23530551419578216, AUROC test unknown: 0.524870327933805, AUPR test unknown: 0.15936459000379335
pseudo_counter: Counter({0: 160773, -1: 8570})
max_probs: 0.00603063777089119， num of >0.5: 0
AUROC test all: 0.5663676608658003, AUPR test all: 0.23592106890518236, AUROC test unknown: 0.5251875957012817, AUPR test unknown: 0.1595482264453158
Epoch: 64, Best AUROC test all: 0.5663676608658003, AUPR test all: 0.23592106890518236, AUROC test unknown: 0.5251875957012817, AUPR test unknown: 0.1595482264453158
pseudo_counter: Counter({0: 160773, -1: 8570})
max_probs: 0.006249492987990379， num of >0.5: 0
AUROC test all: 0.5668763804511758, AUPR test all: 0.23651518230470642, AUROC test unknown: 0.5256540961182017, AUPR test unknown: 0.15974880426710908
Epoch: 65, Best AUROC test all: 0.5668763804511758, AUPR test all: 0.23651518230470642, AUROC test unknown: 0.5256540961182017, AUPR test unknown: 0.15974880426710908
pseudo_counter: Counter({0: 160773, -1: 8570})
max_probs: 0.006398079916834831， num of >0.5: 0
AUROC test all: 0.5674988084767296, AUPR test all: 0.23713484275834984, AUROC test unknown: 0.5262013889243639, AUPR test unknown: 0.15998331089695222
Epoch: 66, Best AUROC test all: 0.5674988084767296, AUPR test all: 0.23713484275834984, AUROC test unknown: 0.5262013889243639, AUPR test unknown: 0.15998331089695222
pseudo_counter: Counter({0: 160773, -1: 8570})
max_probs: 0.006492029409855604， num of >0.5: 0
AUROC test all: 0.5675267577177774, AUPR test all: 0.23754973486096656, AUROC test unknown: 0.5259793726138484, AUPR test unknown: 0.1600416417429063
Epoch: 67, Best AUROC test all: 0.5675267577177774, AUPR test all: 0.23754973486096656, AUROC test unknown: 0.5262013889243639, AUPR test unknown: 0.1600416417429063
pseudo_counter: Counter({0: 160773, -1: 8570})
max_probs: 0.006512208841741085， num of >0.5: 0
AUROC test all: 0.5678834495396142, AUPR test all: 0.2379958832681615, AUROC test unknown: 0.5262686528646517, AUPR test unknown: 0.16016416398741878
Epoch: 68, Best AUROC test all: 0.5678834495396142, AUPR test all: 0.2379958832681615, AUROC test unknown: 0.5262686528646517, AUPR test unknown: 0.16016416398741878
pseudo_counter: Counter({0: 160773, -1: 8570})
max_probs: 0.006445860490202904， num of >0.5: 0
AUROC test all: 0.5684008147883117, AUPR test all: 0.23847081789714686, AUROC test unknown: 0.5268154183372907, AUPR test unknown: 0.16034477020172622
Epoch: 69, Best AUROC test all: 0.5684008147883117, AUPR test all: 0.23847081789714686, AUROC test unknown: 0.5268154183372907, AUPR test unknown: 0.16034477020172622
pseudo_counter: Counter({0: 160773, -1: 8570})
max_probs: 0.006381457205861807， num of >0.5: 0
AUROC test all: 0.5689605151937079, AUPR test all: 0.23893108725340362, AUROC test unknown: 0.5273165621028282, AUPR test unknown: 0.16051680261447146
Epoch: 70, Best AUROC test all: 0.5689605151937079, AUPR test all: 0.23893108725340362, AUROC test unknown: 0.5273165621028282, AUPR test unknown: 0.16051680261447146
pseudo_counter: Counter({0: 160773, -1: 8570})
max_probs: 0.006257380824536085， num of >0.5: 0
AUROC test all: 0.5690315933307747, AUPR test all: 0.23926705280168667, AUROC test unknown: 0.5272950546972915, AUPR test unknown: 0.1605903429849892
Epoch: 71, Best AUROC test all: 0.5690315933307747, AUPR test all: 0.23926705280168667, AUROC test unknown: 0.5273165621028282, AUPR test unknown: 0.1605903429849892
pseudo_counter: Counter({0: 160773, -1: 8570})
max_probs: 0.00609118165448308， num of >0.5: 0
AUROC test all: 0.5697224126993415, AUPR test all: 0.23970473359575936, AUROC test unknown: 0.5280683242906277, AUPR test unknown: 0.1607757316538275
Epoch: 72, Best AUROC test all: 0.5697224126993415, AUPR test all: 0.23970473359575936, AUROC test unknown: 0.5280683242906277, AUPR test unknown: 0.1607757316538275
pseudo_counter: Counter({0: 160773, -1: 8570})
max_probs: 0.00591244176030159， num of >0.5: 0
AUROC test all: 0.5696397540952243, AUPR test all: 0.23996843351464334, AUROC test unknown: 0.5278125194524815, AUPR test unknown: 0.1607922610459337
Epoch: 73, Best AUROC test all: 0.5697224126993415, AUPR test all: 0.23996843351464334, AUROC test unknown: 0.5280683242906277, AUPR test unknown: 0.1607922610459337
pseudo_counter: Counter({0: 160773, -1: 8570})
max_probs: 0.005727546755224466， num of >0.5: 0
AUROC test all: 0.5691471632657442, AUPR test all: 0.24023643939468056, AUROC test unknown: 0.5271045445971237, AUPR test unknown: 0.16071218428918468
Epoch: 74, Best AUROC test all: 0.5697224126993415, AUPR test all: 0.24023643939468056, AUROC test unknown: 0.5280683242906277, AUPR test unknown: 0.1607922610459337
pseudo_counter: Counter({0: 160773, -1: 8570})
max_probs: 0.005578832700848579， num of >0.5: 0
AUROC test all: 0.5697398806533016, AUPR test all: 0.24064735884997207, AUROC test unknown: 0.5278000973430993, AUPR test unknown: 0.1608860536005709
Epoch: 75, Best AUROC test all: 0.5697398806533016, AUPR test all: 0.24064735884997207, AUROC test unknown: 0.5280683242906277, AUPR test unknown: 0.1608860536005709
pseudo_counter: Counter({0: 160773, -1: 8570})
max_probs: 0.005471333861351013， num of >0.5: 0
AUROC test all: 0.5703989868852186, AUPR test all: 0.2410863300397839, AUROC test unknown: 0.5282529433806711, AUPR test unknown: 0.16103904476293007
Epoch: 76, Best AUROC test all: 0.5703989868852186, AUPR test all: 0.2410863300397839, AUROC test unknown: 0.5282529433806711, AUPR test unknown: 0.16103904476293007
pseudo_counter: Counter({0: 160773, -1: 8570})
max_probs: 0.0053818486630916595， num of >0.5: 0
AUROC test all: 0.5706735753141111, AUPR test all: 0.24146184325792958, AUROC test unknown: 0.5285429236059858, AUPR test unknown: 0.1611697332458412
Epoch: 77, Best AUROC test all: 0.5706735753141111, AUPR test all: 0.24146184325792958, AUROC test unknown: 0.5285429236059858, AUPR test unknown: 0.1611697332458412
pseudo_counter: Counter({0: 160773, -1: 8570})
max_probs: 0.005310270935297012， num of >0.5: 0
AUROC test all: 0.5708652411460647, AUPR test all: 0.24191569746672162, AUROC test unknown: 0.5284584222586701, AUPR test unknown: 0.1612338832973148
Epoch: 78, Best AUROC test all: 0.5708652411460647, AUPR test all: 0.24191569746672162, AUROC test unknown: 0.5285429236059858, AUPR test unknown: 0.1612338832973148
pseudo_counter: Counter({0: 160773, -1: 8570})
max_probs: 0.005278846714645624， num of >0.5: 0
AUROC test all: 0.5717152327447539, AUPR test all: 0.24246409078833944, AUROC test unknown: 0.5292582816439714, AUPR test unknown: 0.16147442055552175
Epoch: 79, Best AUROC test all: 0.5717152327447539, AUPR test all: 0.24246409078833944, AUROC test unknown: 0.5292582816439714, AUPR test unknown: 0.16147442055552175
pseudo_counter: Counter({0: 160773, -1: 8570})
max_probs: 0.005268753506243229， num of >0.5: 0
AUROC test all: 0.572055388917706, AUPR test all: 0.24300100203069555, AUROC test unknown: 0.5294390649900425, AUPR test unknown: 0.1615883185499141
Epoch: 80, Best AUROC test all: 0.572055388917706, AUPR test all: 0.24300100203069555, AUROC test unknown: 0.5294390649900425, AUPR test unknown: 0.1615883185499141
pseudo_counter: Counter({0: 160773, -1: 8570})
max_probs: 0.005294963717460632， num of >0.5: 0
AUROC test all: 0.5728900590448593, AUPR test all: 0.24357847533829227, AUROC test unknown: 0.530134521577212, AUPR test unknown: 0.16178190513706567
Epoch: 81, Best AUROC test all: 0.5728900590448593, AUPR test all: 0.24357847533829227, AUROC test unknown: 0.530134521577212, AUPR test unknown: 0.16178190513706567
pseudo_counter: Counter({0: 160773, -1: 8570})
max_probs: 0.005329949781298637， num of >0.5: 0
AUROC test all: 0.5729521919023284, AUPR test all: 0.244110139849872, AUROC test unknown: 0.529701010474786, AUPR test unknown: 0.16179122358397072
Epoch: 82, Best AUROC test all: 0.5729521919023284, AUPR test all: 0.244110139849872, AUROC test unknown: 0.530134521577212, AUPR test unknown: 0.16179122358397072
pseudo_counter: Counter({0: 160773, -1: 8570})
max_probs: 0.005375200882554054， num of >0.5: 0
AUROC test all: 0.5737037372051016, AUPR test all: 0.24485587310736645, AUROC test unknown: 0.5304999366748064, AUPR test unknown: 0.16205563178236396
Epoch: 83, Best AUROC test all: 0.5737037372051016, AUPR test all: 0.24485587310736645, AUROC test unknown: 0.5304999366748064, AUPR test unknown: 0.16205563178236396
pseudo_counter: Counter({0: 160773, -1: 8570})
max_probs: 0.005512571893632412， num of >0.5: 0
AUROC test all: 0.574173435156814, AUPR test all: 0.24540903157205, AUROC test unknown: 0.5306474105762663, AUPR test unknown: 0.16207140800102554
Epoch: 84, Best AUROC test all: 0.574173435156814, AUPR test all: 0.24540903157205, AUROC test unknown: 0.5306474105762663, AUPR test unknown: 0.16207140800102554
pseudo_counter: Counter({0: 160773, -1: 8570})
max_probs: 0.005582508165389299， num of >0.5: 0
AUROC test all: 0.5747660004335767, AUPR test all: 0.2462408731694687, AUROC test unknown: 0.5307208673489805, AUPR test unknown: 0.16223380293901707
Epoch: 85, Best AUROC test all: 0.5747660004335767, AUPR test all: 0.2462408731694687, AUROC test unknown: 0.5307208673489805, AUPR test unknown: 0.16223380293901707
pseudo_counter: Counter({0: 160773, -1: 8570})
max_probs: 0.005683206487447023， num of >0.5: 0
AUROC test all: 0.5754319450141826, AUPR test all: 0.24703008951461303, AUROC test unknown: 0.5312240357535769, AUPR test unknown: 0.16241663255915428
Epoch: 86, Best AUROC test all: 0.5754319450141826, AUPR test all: 0.24703008951461303, AUROC test unknown: 0.5312240357535769, AUPR test unknown: 0.16241663255915428
pseudo_counter: Counter({0: 160773, -1: 8570})
max_probs: 0.005844624247401953， num of >0.5: 0
AUROC test all: 0.5764967167839904, AUPR test all: 0.247846030451428, AUROC test unknown: 0.5319739320841181, AUPR test unknown: 0.16257604371408108
Epoch: 87, Best AUROC test all: 0.5764967167839904, AUPR test all: 0.247846030451428, AUROC test unknown: 0.5319739320841181, AUPR test unknown: 0.16257604371408108
pseudo_counter: Counter({0: 160773, -1: 8570})
max_probs: 0.005951193626970053， num of >0.5: 0
AUROC test all: 0.5764866551222294, AUPR test all: 0.24839140845676172, AUROC test unknown: 0.5317304655158259, AUPR test unknown: 0.16258741878734045
Epoch: 88, Best AUROC test all: 0.5764967167839904, AUPR test all: 0.24839140845676172, AUROC test unknown: 0.5319739320841181, AUPR test unknown: 0.16258741878734045
pseudo_counter: Counter({0: 160773, -1: 8570})
max_probs: 0.0061701824888587， num of >0.5: 0
AUROC test all: 0.5774644302180894, AUPR test all: 0.24925583944899835, AUROC test unknown: 0.5322978055509231, AUPR test unknown: 0.16271770533196467
Epoch: 89, Best AUROC test all: 0.5774644302180894, AUPR test all: 0.24925583944899835, AUROC test unknown: 0.5322978055509231, AUPR test unknown: 0.16271770533196467
pseudo_counter: Counter({0: 160773, -1: 8570})
max_probs: 0.006168249528855085， num of >0.5: 0
AUROC test all: 0.578157806754681, AUPR test all: 0.2497892564741617, AUROC test unknown: 0.532638753023226, AUPR test unknown: 0.1628257423339996
Epoch: 90, Best AUROC test all: 0.578157806754681, AUPR test all: 0.2497892564741617, AUROC test unknown: 0.532638753023226, AUPR test unknown: 0.1628257423339996
pseudo_counter: Counter({0: 160773, -1: 8570})
max_probs: 0.006252854596823454， num of >0.5: 0
AUROC test all: 0.5789741081827413, AUPR test all: 0.2507690441880578, AUROC test unknown: 0.533139685821134, AUPR test unknown: 0.1629789438942456
Epoch: 91, Best AUROC test all: 0.5789741081827413, AUPR test all: 0.2507690441880578, AUROC test unknown: 0.533139685821134, AUPR test unknown: 0.1629789438942456
pseudo_counter: Counter({0: 160773, -1: 8570})
max_probs: 0.006292188540101051， num of >0.5: 0
AUROC test all: 0.579304960403447, AUPR test all: 0.2511632396569909, AUROC test unknown: 0.5331865363761796, AUPR test unknown: 0.16301142404359475
Epoch: 92, Best AUROC test all: 0.579304960403447, AUPR test all: 0.2511632396569909, AUROC test unknown: 0.5331865363761796, AUPR test unknown: 0.16301142404359475
pseudo_counter: Counter({0: 160773, -1: 8570})
max_probs: 0.00632575573399663， num of >0.5: 0
AUROC test all: 0.579832298187545, AUPR test all: 0.25213308698154996, AUROC test unknown: 0.533450182776742, AUPR test unknown: 0.16318066298179737
Epoch: 93, Best AUROC test all: 0.579832298187545, AUPR test all: 0.25213308698154996, AUROC test unknown: 0.533450182776742, AUPR test unknown: 0.16318066298179737
pseudo_counter: Counter({0: 160773, -1: 8570})
max_probs: 0.006424346007406712， num of >0.5: 0
AUROC test all: 0.5799525674385511, AUPR test all: 0.2524450834912839, AUROC test unknown: 0.5333429836736884, AUPR test unknown: 0.16305366037520885
Epoch: 94, Best AUROC test all: 0.5799525674385511, AUPR test all: 0.2524450834912839, AUROC test unknown: 0.533450182776742, AUPR test unknown: 0.16318066298179737
pseudo_counter: Counter({0: 160773, -1: 8570})
max_probs: 0.006436251103878021， num of >0.5: 0
AUROC test all: 0.580174343080818, AUPR test all: 0.2529235652413904, AUROC test unknown: 0.533369578769787, AUPR test unknown: 0.16309675456053432
Epoch: 95, Best AUROC test all: 0.580174343080818, AUPR test all: 0.2529235652413904, AUROC test unknown: 0.533450182776742, AUPR test unknown: 0.16318066298179737
pseudo_counter: Counter({0: 160773, -1: 8570})
max_probs: 0.006362940650433302， num of >0.5: 0
AUROC test all: 0.5803611019512781, AUPR test all: 0.2534238408544475, AUROC test unknown: 0.533268872781552, AUPR test unknown: 0.1630539054150375
Epoch: 96, Best AUROC test all: 0.5803611019512781, AUPR test all: 0.2534238408544475, AUROC test unknown: 0.533450182776742, AUPR test unknown: 0.16318066298179737
pseudo_counter: Counter({0: 160773, -1: 8570})
max_probs: 0.006386644672602415， num of >0.5: 0
AUROC test all: 0.5807407576268901, AUPR test all: 0.2539114161945999, AUROC test unknown: 0.5336516002284465, AUPR test unknown: 0.16316849014853205
Epoch: 97, Best AUROC test all: 0.5807407576268901, AUPR test all: 0.2539114161945999, AUROC test unknown: 0.5336516002284465, AUPR test unknown: 0.16318066298179737
pseudo_counter: Counter({0: 160773, -1: 8570})
max_probs: 0.006472554057836533， num of >0.5: 0
AUROC test all: 0.5808752161195724, AUPR test all: 0.2542865442749765, AUROC test unknown: 0.5333469160897699, AUPR test unknown: 0.16318789206069256
Epoch: 98, Best AUROC test all: 0.5808752161195724, AUPR test all: 0.2542865442749765, AUROC test unknown: 0.5336516002284465, AUPR test unknown: 0.16318789206069256
pseudo_counter: Counter({0: 160773, -1: 8570})
max_probs: 0.006543104071170092， num of >0.5: 0
AUROC test all: 0.581259347753518, AUPR test all: 0.2548978751158917, AUROC test unknown: 0.5335700674848386, AUPR test unknown: 0.16326957287802824
Epoch: 99, Best AUROC test all: 0.581259347753518, AUPR test all: 0.2548978751158917, AUROC test unknown: 0.5336516002284465, AUPR test unknown: 0.16326957287802824
pseudo_counter: Counter({0: 160773, -1: 8570})
max_probs: 0.006458635441958904， num of >0.5: 0
AUROC test all: 0.5819357462602315, AUPR test all: 0.2559646090671101, AUROC test unknown: 0.5340320518598991, AUPR test unknown: 0.1634165810861546
Epoch: 100, Best AUROC test all: 0.5819357462602315, AUPR test all: 0.2559646090671101, AUROC test unknown: 0.5340320518598991, AUPR test unknown: 0.1634165810861546
pseudo_counter: Counter({0: 160773, -1: 8570})
max_probs: 0.006750770378857851， num of >0.5: 0
AUROC test all: 0.5827078909946685, AUPR test all: 0.25670836690927323, AUROC test unknown: 0.5344236734830434, AUPR test unknown: 0.1635377399893326
Epoch: 101, Best AUROC test all: 0.5827078909946685, AUPR test all: 0.25670836690927323, AUROC test unknown: 0.5344236734830434, AUPR test unknown: 0.1635377399893326
pseudo_counter: Counter({0: 160773, -1: 8570})
max_probs: 0.006673390045762062， num of >0.5: 0
AUROC test all: 0.5835725628427191, AUPR test all: 0.25806584293728174, AUROC test unknown: 0.534687280530358, AUPR test unknown: 0.16376091923776329
Epoch: 102, Best AUROC test all: 0.5835725628427191, AUPR test all: 0.25806584293728174, AUROC test unknown: 0.534687280530358, AUPR test unknown: 0.16376091923776329
pseudo_counter: Counter({0: 160773, -1: 8570})
max_probs: 0.006700314115732908， num of >0.5: 0
AUROC test all: 0.5850357944602549, AUPR test all: 0.25988698397127896, AUROC test unknown: 0.5355634805970474, AUPR test unknown: 0.16410844237979977
Epoch: 103, Best AUROC test all: 0.5850357944602549, AUPR test all: 0.25988698397127896, AUROC test unknown: 0.5355634805970474, AUPR test unknown: 0.16410844237979977
pseudo_counter: Counter({0: 160773, -1: 8570})
max_probs: 0.0067092664539813995， num of >0.5: 0
AUROC test all: 0.5856634092878201, AUPR test all: 0.26087410981071574, AUROC test unknown: 0.535589575222492, AUPR test unknown: 0.1641252602090611
Epoch: 104, Best AUROC test all: 0.5856634092878201, AUPR test all: 0.26087410981071574, AUROC test unknown: 0.535589575222492, AUPR test unknown: 0.1641252602090611
pseudo_counter: Counter({0: 160773, -1: 8570})
max_probs: 0.006950792390853167， num of >0.5: 0
AUROC test all: 0.5868036993941236, AUPR test all: 0.26173718246741484, AUROC test unknown: 0.5362490947657913, AUPR test unknown: 0.16430580259737426
Epoch: 105, Best AUROC test all: 0.5868036993941236, AUPR test all: 0.26173718246741484, AUROC test unknown: 0.5362490947657913, AUPR test unknown: 0.16430580259737426
pseudo_counter: Counter({0: 160773, -1: 8570})
max_probs: 0.007105186115950346， num of >0.5: 0
AUROC test all: 0.5875932011486464, AUPR test all: 0.2635244200969193, AUROC test unknown: 0.5366061933243762, AUPR test unknown: 0.1645331867378487
Epoch: 106, Best AUROC test all: 0.5875932011486464, AUPR test all: 0.2635244200969193, AUROC test unknown: 0.5366061933243762, AUPR test unknown: 0.1645331867378487
pseudo_counter: Counter({0: 160773, -1: 8570})
max_probs: 0.007534561678767204， num of >0.5: 0
AUROC test all: 0.5885865508728322, AUPR test all: 0.2648231103971893, AUROC test unknown: 0.5370269012753185, AUPR test unknown: 0.16460958937751097
Epoch: 107, Best AUROC test all: 0.5885865508728322, AUPR test all: 0.2648231103971893, AUROC test unknown: 0.5370269012753185, AUPR test unknown: 0.16460958937751097
pseudo_counter: Counter({0: 160773, -1: 8570})
max_probs: 0.007382487878203392， num of >0.5: 0
AUROC test all: 0.588553177385229, AUPR test all: 0.2650153527910939, AUROC test unknown: 0.5367764607981778, AUPR test unknown: 0.16465854654710732
Epoch: 108, Best AUROC test all: 0.5885865508728322, AUPR test all: 0.2650153527910939, AUROC test unknown: 0.5370269012753185, AUPR test unknown: 0.16465854654710732
pseudo_counter: Counter({0: 160773, -1: 8570})
max_probs: 0.007108948193490505， num of >0.5: 0
AUROC test all: 0.5896773433409503, AUPR test all: 0.2665300579399604, AUROC test unknown: 0.5374231465629005, AUPR test unknown: 0.16492928067148951
Epoch: 109, Best AUROC test all: 0.5896773433409503, AUPR test all: 0.2665300579399604, AUROC test unknown: 0.5374231465629005, AUPR test unknown: 0.16492928067148951
pseudo_counter: Counter({0: 160773, -1: 8570})
max_probs: 0.007617006544023752， num of >0.5: 0
AUROC test all: 0.5901123552907229, AUPR test all: 0.2675804854362651, AUROC test unknown: 0.5375184464414668, AUPR test unknown: 0.16500179294671635
Epoch: 110, Best AUROC test all: 0.5901123552907229, AUPR test all: 0.2675804854362651, AUROC test unknown: 0.5375184464414668, AUPR test unknown: 0.16500179294671635
pseudo_counter: Counter({0: 160773, -1: 8570})
max_probs: 0.007951629348099232， num of >0.5: 0
AUROC test all: 0.590258034087853, AUPR test all: 0.26849924531930547, AUROC test unknown: 0.5372256199497155, AUPR test unknown: 0.1650004321054635
Epoch: 111, Best AUROC test all: 0.590258034087853, AUPR test all: 0.26849924531930547, AUROC test unknown: 0.5375184464414668, AUPR test unknown: 0.16500179294671635
pseudo_counter: Counter({0: 160773, -1: 8570})
max_probs: 0.007590588182210922， num of >0.5: 0
AUROC test all: 0.5908184590174171, AUPR test all: 0.2691854988307887, AUROC test unknown: 0.5375896285964468, AUPR test unknown: 0.16497424056818244
Epoch: 112, Best AUROC test all: 0.5908184590174171, AUPR test all: 0.2691854988307887, AUROC test unknown: 0.5375896285964468, AUPR test unknown: 0.16500179294671635
pseudo_counter: Counter({0: 160773, -1: 8570})
max_probs: 0.008488569408655167， num of >0.5: 0
AUROC test all: 0.5907834651367274, AUPR test all: 0.26941551721552626, AUROC test unknown: 0.5370975307738156, AUPR test unknown: 0.1649238689588479
Epoch: 113, Best AUROC test all: 0.5908184590174171, AUPR test all: 0.26941551721552626, AUROC test unknown: 0.5375896285964468, AUPR test unknown: 0.16500179294671635
pseudo_counter: Counter({0: 160773, -1: 8570})
max_probs: 0.008204782381653786， num of >0.5: 0
AUROC test all: 0.5920656041802159, AUPR test all: 0.27091603089425753, AUROC test unknown: 0.5378549817302649, AUPR test unknown: 0.1651388022302551
Epoch: 114, Best AUROC test all: 0.5920656041802159, AUPR test all: 0.27091603089425753, AUROC test unknown: 0.5378549817302649, AUPR test unknown: 0.1651388022302551
pseudo_counter: Counter({0: 160773, -1: 8570})
max_probs: 0.008192789740860462， num of >0.5: 0
AUROC test all: 0.5923117645509113, AUPR test all: 0.2720518030263819, AUROC test unknown: 0.5376840291677458, AUPR test unknown: 0.16516701815126217
Epoch: 115, Best AUROC test all: 0.5923117645509113, AUPR test all: 0.2720518030263819, AUROC test unknown: 0.5378549817302649, AUPR test unknown: 0.16516701815126217
pseudo_counter: Counter({0: 160773, -1: 8570})
max_probs: 0.008781038224697113， num of >0.5: 0
AUROC test all: 0.5932532788985282, AUPR test all: 0.2730274542646798, AUROC test unknown: 0.5383396679674893, AUPR test unknown: 0.1654194186853054
Epoch: 116, Best AUROC test all: 0.5932532788985282, AUPR test all: 0.2730274542646798, AUROC test unknown: 0.5383396679674893, AUPR test unknown: 0.1654194186853054
pseudo_counter: Counter({0: 160773, -1: 8570})
max_probs: 0.00844014622271061， num of >0.5: 0
AUROC test all: 0.5936512188876366, AUPR test all: 0.27364204317914986, AUROC test unknown: 0.5383563183267175, AUPR test unknown: 0.16531082404869318
Epoch: 117, Best AUROC test all: 0.5936512188876366, AUPR test all: 0.27364204317914986, AUROC test unknown: 0.5383563183267175, AUPR test unknown: 0.1654194186853054
pseudo_counter: Counter({0: 160773, -1: 8570})
max_probs: 0.008748638443648815， num of >0.5: 0
AUROC test all: 0.5945845918537559, AUPR test all: 0.27518760554764665, AUROC test unknown: 0.5387897904180976, AUPR test unknown: 0.16548458373942726
Epoch: 118, Best AUROC test all: 0.5945845918537559, AUPR test all: 0.27518760554764665, AUROC test unknown: 0.5387897904180976, AUPR test unknown: 0.16548458373942726
pseudo_counter: Counter({0: 160773, -1: 8570})
max_probs: 0.00911764707416296， num of >0.5: 0
AUROC test all: 0.5947449542865072, AUPR test all: 0.2761531398500168, AUROC test unknown: 0.5385749184331046, AUPR test unknown: 0.1655756911851046
Epoch: 119, Best AUROC test all: 0.5947449542865072, AUPR test all: 0.2761531398500168, AUROC test unknown: 0.5387897904180976, AUPR test unknown: 0.1655756911851046
pseudo_counter: Counter({0: 160773, -1: 8570})
max_probs: 0.009465193375945091， num of >0.5: 0
AUROC test all: 0.5957912159470086, AUPR test all: 0.2770881347951396, AUROC test unknown: 0.5390544500792456, AUPR test unknown: 0.16559829991206568
Epoch: 120, Best AUROC test all: 0.5957912159470086, AUPR test all: 0.2770881347951396, AUROC test unknown: 0.5390544500792456, AUPR test unknown: 0.16559829991206568
pseudo_counter: Counter({0: 160773, -1: 8570})
max_probs: 0.00959152914583683， num of >0.5: 0
AUROC test all: 0.5963715648171118, AUPR test all: 0.2780038736809919, AUROC test unknown: 0.539458359839628, AUPR test unknown: 0.16572913561120634
Epoch: 121, Best AUROC test all: 0.5963715648171118, AUPR test all: 0.2780038736809919, AUROC test unknown: 0.539458359839628, AUPR test unknown: 0.16572913561120634
pseudo_counter: Counter({0: 160773, -1: 8570})
max_probs: 0.00965806283056736， num of >0.5: 0
AUROC test all: 0.597512475015328, AUPR test all: 0.2800438469000937, AUROC test unknown: 0.5398611810549505, AUPR test unknown: 0.16599891605796532
Epoch: 122, Best AUROC test all: 0.597512475015328, AUPR test all: 0.2800438469000937, AUROC test unknown: 0.5398611810549505, AUPR test unknown: 0.16599891605796532
pseudo_counter: Counter({0: 160773, -1: 8570})
max_probs: 0.010206048376858234， num of >0.5: 0
AUROC test all: 0.5982643145163612, AUPR test all: 0.2811551709871164, AUROC test unknown: 0.5401574013365891, AUPR test unknown: 0.16623590074681024
Epoch: 123, Best AUROC test all: 0.5982643145163612, AUPR test all: 0.2811551709871164, AUROC test unknown: 0.5401574013365891, AUPR test unknown: 0.16623590074681024
pseudo_counter: Counter({0: 160773, -1: 8570})
max_probs: 0.010694676078855991， num of >0.5: 0
AUROC test all: 0.5988726382276369, AUPR test all: 0.2823467434365969, AUROC test unknown: 0.5405963467803614, AUPR test unknown: 0.16621156775192888
Epoch: 124, Best AUROC test all: 0.5988726382276369, AUPR test all: 0.2823467434365969, AUROC test unknown: 0.5405963467803614, AUPR test unknown: 0.16623590074681024
pseudo_counter: Counter({0: 160773, -1: 8570})
max_probs: 0.010954312048852444， num of >0.5: 0
AUROC test all: 0.5998744857033123, AUPR test all: 0.28392209856114997, AUROC test unknown: 0.5411602307447787, AUPR test unknown: 0.16662580026014728
Epoch: 125, Best AUROC test all: 0.5998744857033123, AUPR test all: 0.28392209856114997, AUROC test unknown: 0.5411602307447787, AUPR test unknown: 0.16662580026014728
pseudo_counter: Counter({0: 160773, -1: 8570})
max_probs: 0.011135782115161419， num of >0.5: 0
AUROC test all: 0.6010474881638366, AUPR test all: 0.28538935219503236, AUROC test unknown: 0.5415115173419375, AUPR test unknown: 0.16662103236689796
Epoch: 126, Best AUROC test all: 0.6010474881638366, AUPR test all: 0.28538935219503236, AUROC test unknown: 0.5415115173419375, AUPR test unknown: 0.16662580026014728
pseudo_counter: Counter({0: 160773, -1: 8570})
max_probs: 0.01136153843253851， num of >0.5: 0
AUROC test all: 0.6025208950860154, AUPR test all: 0.2880723027577953, AUROC test unknown: 0.5423819586596361, AUPR test unknown: 0.1671804624321031
Epoch: 127, Best AUROC test all: 0.6025208950860154, AUPR test all: 0.2880723027577953, AUROC test unknown: 0.5423819586596361, AUPR test unknown: 0.1671804624321031
pseudo_counter: Counter({0: 160773, -1: 8570})
max_probs: 0.011373847723007202， num of >0.5: 0
AUROC test all: 0.6035342585543528, AUPR test all: 0.29012445664064074, AUROC test unknown: 0.5427319313716148, AUPR test unknown: 0.16726007297076662
Epoch: 128, Best AUROC test all: 0.6035342585543528, AUPR test all: 0.29012445664064074, AUROC test unknown: 0.5427319313716148, AUPR test unknown: 0.16726007297076662
pseudo_counter: Counter({0: 160773, -1: 8570})
max_probs: 0.011716015636920929， num of >0.5: 0
AUROC test all: 0.6050604662080723, AUPR test all: 0.29289367250195547, AUROC test unknown: 0.5433206710185692, AUPR test unknown: 0.1677256477214656
Epoch: 129, Best AUROC test all: 0.6050604662080723, AUPR test all: 0.29289367250195547, AUROC test unknown: 0.5433206710185692, AUPR test unknown: 0.1677256477214656
pseudo_counter: Counter({0: 160773, -1: 8570})
max_probs: 0.012175348587334156， num of >0.5: 0
AUROC test all: 0.6065468003805885, AUPR test all: 0.2948580847106421, AUROC test unknown: 0.5443289643685919, AUPR test unknown: 0.16822921854055747
Epoch: 130, Best AUROC test all: 0.6065468003805885, AUPR test all: 0.2948580847106421, AUROC test unknown: 0.5443289643685919, AUPR test unknown: 0.16822921854055747
pseudo_counter: Counter({0: 160773, -1: 8570})
max_probs: 0.01257745549082756， num of >0.5: 0
AUROC test all: 0.6079239466344404, AUPR test all: 0.2972416252194563, AUROC test unknown: 0.5450835919861489, AUPR test unknown: 0.1686252446652658
Epoch: 131, Best AUROC test all: 0.6079239466344404, AUPR test all: 0.2972416252194563, AUROC test unknown: 0.5450835919861489, AUPR test unknown: 0.1686252446652658
pseudo_counter: Counter({0: 160773, -1: 8570})
max_probs: 0.012481926940381527， num of >0.5: 0
AUROC test all: 0.6092972851067617, AUPR test all: 0.29950207557469605, AUROC test unknown: 0.5458073372278895, AUPR test unknown: 0.16905718507252404
Epoch: 132, Best AUROC test all: 0.6092972851067617, AUPR test all: 0.29950207557469605, AUROC test unknown: 0.5458073372278895, AUPR test unknown: 0.16905718507252404
pseudo_counter: Counter({0: 160773, -1: 8570})
max_probs: 0.013413196429610252， num of >0.5: 0
AUROC test all: 0.6099169457452762, AUPR test all: 0.3010756425071476, AUROC test unknown: 0.5458052725511783, AUPR test unknown: 0.1692844601415612
Epoch: 133, Best AUROC test all: 0.6099169457452762, AUPR test all: 0.3010756425071476, AUROC test unknown: 0.5458073372278895, AUPR test unknown: 0.1692844601415612
pseudo_counter: Counter({0: 160773, -1: 8570})
max_probs: 0.013883642852306366， num of >0.5: 0
AUROC test all: 0.6108256988410796, AUPR test all: 0.30242902663895155, AUROC test unknown: 0.5462382455407131, AUPR test unknown: 0.16947233288582658
Epoch: 134, Best AUROC test all: 0.6108256988410796, AUPR test all: 0.30242902663895155, AUROC test unknown: 0.5462382455407131, AUPR test unknown: 0.16947233288582658
pseudo_counter: Counter({0: 160773, -1: 8570})
max_probs: 0.014447207562625408， num of >0.5: 0
AUROC test all: 0.6117322195789077, AUPR test all: 0.3041528894843006, AUROC test unknown: 0.5466994755311195, AUPR test unknown: 0.1697573548316624
Epoch: 135, Best AUROC test all: 0.6117322195789077, AUPR test all: 0.3041528894843006, AUROC test unknown: 0.5466994755311195, AUPR test unknown: 0.1697573548316624
pseudo_counter: Counter({0: 160773, -1: 8570})
max_probs: 0.014885345473885536， num of >0.5: 0
AUROC test all: 0.6125698781481466, AUPR test all: 0.3054076854936206, AUROC test unknown: 0.5471807518949554, AUPR test unknown: 0.16986554618962366
Epoch: 136, Best AUROC test all: 0.6125698781481466, AUPR test all: 0.3054076854936206, AUROC test unknown: 0.5471807518949554, AUPR test unknown: 0.16986554618962366
pseudo_counter: Counter({0: 160773, -1: 8570})
max_probs: 0.015414439141750336， num of >0.5: 0
AUROC test all: 0.6135806260693386, AUPR test all: 0.3077002934751433, AUROC test unknown: 0.5476293269074118, AUPR test unknown: 0.17055170314850643
Epoch: 137, Best AUROC test all: 0.6135806260693386, AUPR test all: 0.3077002934751433, AUROC test unknown: 0.5476293269074118, AUPR test unknown: 0.17055170314850643
pseudo_counter: Counter({0: 160773, -1: 8570})
max_probs: 0.016264088451862335， num of >0.5: 0
AUROC test all: 0.6145510185768186, AUPR test all: 0.30932020457395426, AUROC test unknown: 0.5482365442731103, AUPR test unknown: 0.17083541253619308
Epoch: 138, Best AUROC test all: 0.6145510185768186, AUPR test all: 0.30932020457395426, AUROC test unknown: 0.5482365442731103, AUPR test unknown: 0.17083541253619308
pseudo_counter: Counter({0: 160773, -1: 8570})
max_probs: 0.016913874074816704， num of >0.5: 0
AUROC test all: 0.6159673124332018, AUPR test all: 0.3109928419320939, AUROC test unknown: 0.5489916444718455, AUPR test unknown: 0.17113203393535714
Epoch: 139, Best AUROC test all: 0.6159673124332018, AUPR test all: 0.3109928419320939, AUROC test unknown: 0.5489916444718455, AUPR test unknown: 0.17113203393535714
pseudo_counter: Counter({0: 160773, -1: 8570})
max_probs: 0.01777278073132038， num of >0.5: 0
AUROC test all: 0.6170011539696482, AUPR test all: 0.3130008597605497, AUROC test unknown: 0.5493777313173104, AUPR test unknown: 0.17143603497760215
Epoch: 140, Best AUROC test all: 0.6170011539696482, AUPR test all: 0.3130008597605497, AUROC test unknown: 0.5493777313173104, AUPR test unknown: 0.17143603497760215
pseudo_counter: Counter({0: 160773, -1: 8570})
max_probs: 0.018590133637189865， num of >0.5: 0
AUROC test all: 0.6181264934675998, AUPR test all: 0.31549985540033976, AUROC test unknown: 0.5499087956995033, AUPR test unknown: 0.17202480432256004
Epoch: 141, Best AUROC test all: 0.6181264934675998, AUPR test all: 0.31549985540033976, AUROC test unknown: 0.5499087956995033, AUPR test unknown: 0.17202480432256004
pseudo_counter: Counter({0: 160773, -1: 8570})
max_probs: 0.019644491374492645， num of >0.5: 0
AUROC test all: 0.6202944634718388, AUPR test all: 0.317979457551614, AUROC test unknown: 0.5517026276167795, AUPR test unknown: 0.1727491083848396
Epoch: 142, Best AUROC test all: 0.6202944634718388, AUPR test all: 0.317979457551614, AUROC test unknown: 0.5517026276167795, AUPR test unknown: 0.1727491083848396
pseudo_counter: Counter({0: 160773, -1: 8570})
max_probs: 0.020777152851223946， num of >0.5: 0
AUROC test all: 0.6222876432735029, AUPR test all: 0.3206439599790262, AUROC test unknown: 0.5529500896471096, AUPR test unknown: 0.17344642573149302
Epoch: 143, Best AUROC test all: 0.6222876432735029, AUPR test all: 0.3206439599790262, AUROC test unknown: 0.5529500896471096, AUPR test unknown: 0.17344642573149302
pseudo_counter: Counter({0: 160773, -1: 8570})
max_probs: 0.022077247500419617， num of >0.5: 0
AUROC test all: 0.6239722924024587, AUPR test all: 0.32317641893898674, AUROC test unknown: 0.5541032710479964, AUPR test unknown: 0.17411828837587182
Epoch: 144, Best AUROC test all: 0.6239722924024587, AUPR test all: 0.32317641893898674, AUROC test unknown: 0.5541032710479964, AUPR test unknown: 0.17411828837587182
pseudo_counter: Counter({0: 160773, -1: 8570})
max_probs: 0.02347395196557045， num of >0.5: 0
AUROC test all: 0.6257692811098914, AUPR test all: 0.325377746572403, AUROC test unknown: 0.5554251314202744, AUPR test unknown: 0.17494613144970145
Epoch: 145, Best AUROC test all: 0.6257692811098914, AUPR test all: 0.325377746572403, AUROC test unknown: 0.5554251314202744, AUPR test unknown: 0.17494613144970145
pseudo_counter: Counter({0: 160773, -1: 8570})
max_probs: 0.02522364817559719， num of >0.5: 0
AUROC test all: 0.6270106046146731, AUPR test all: 0.3273031956257774, AUROC test unknown: 0.5561634621734308, AUPR test unknown: 0.17546119880219707
Epoch: 146, Best AUROC test all: 0.6270106046146731, AUPR test all: 0.3273031956257774, AUROC test unknown: 0.5561634621734308, AUPR test unknown: 0.17546119880219707
pseudo_counter: Counter({0: 160773, -1: 8570})
max_probs: 0.02692495845258236， num of >0.5: 0
AUROC test all: 0.6282969159367076, AUPR test all: 0.32930438787468663, AUROC test unknown: 0.5569792668104168, AUPR test unknown: 0.17599723874160572
Epoch: 147, Best AUROC test all: 0.6282969159367076, AUPR test all: 0.32930438787468663, AUROC test unknown: 0.5569792668104168, AUPR test unknown: 0.17599723874160572
pseudo_counter: Counter({0: 160773, -1: 8570})
max_probs: 0.028933271765708923， num of >0.5: 0
AUROC test all: 0.6292003160328639, AUPR test all: 0.3304538673815164, AUROC test unknown: 0.5576610303493945, AUPR test unknown: 0.1762933247177945
Epoch: 148, Best AUROC test all: 0.6292003160328639, AUPR test all: 0.3304538673815164, AUROC test unknown: 0.5576610303493945, AUPR test unknown: 0.1762933247177945
pseudo_counter: Counter({0: 160773, -1: 8570})
max_probs: 0.031258225440979004， num of >0.5: 0
AUROC test all: 0.6307370331473532, AUPR test all: 0.33167511387496335, AUROC test unknown: 0.5590475857503715, AUPR test unknown: 0.1769389263494803
Epoch: 149, Best AUROC test all: 0.6307370331473532, AUPR test all: 0.33167511387496335, AUROC test unknown: 0.5590475857503715, AUPR test unknown: 0.1769389263494803
pseudo_counter: Counter({0: 160773, -1: 8570})
max_probs: 0.0340326651930809， num of >0.5: 0
AUROC test all: 0.6324936484261714, AUPR test all: 0.33374811854337255, AUROC test unknown: 0.5602691485526883, AUPR test unknown: 0.17770072162313674
Epoch: 150, Best AUROC test all: 0.6324936484261714, AUPR test all: 0.33374811854337255, AUROC test unknown: 0.5602691485526883, AUPR test unknown: 0.17770072162313674
pseudo_counter: Counter({0: 160773, -1: 8570})
max_probs: 0.03762436285614967， num of >0.5: 0
AUROC test all: 0.6338029082960861, AUPR test all: 0.33583867979896476, AUROC test unknown: 0.5613549031250608, AUPR test unknown: 0.17849886403872203
Epoch: 151, Best AUROC test all: 0.6338029082960861, AUPR test all: 0.33583867979896476, AUROC test unknown: 0.5613549031250608, AUPR test unknown: 0.17849886403872203
pseudo_counter: Counter({0: 160773, -1: 8570})
max_probs: 0.04223153740167618， num of >0.5: 0
AUROC test all: 0.6351102212020099, AUPR test all: 0.3365155731644923, AUROC test unknown: 0.5621518898943592, AUPR test unknown: 0.17856225794744812
Epoch: 152, Best AUROC test all: 0.6351102212020099, AUPR test all: 0.3365155731644923, AUROC test unknown: 0.5621518898943592, AUPR test unknown: 0.17856225794744812
pseudo_counter: Counter({0: 160773, -1: 8570})
max_probs: 0.0482272207736969， num of >0.5: 0
AUROC test all: 0.6363117054945384, AUPR test all: 0.3378475399819505, AUROC test unknown: 0.5629667002629793, AUPR test unknown: 0.17920792873577093
Epoch: 153, Best AUROC test all: 0.6363117054945384, AUPR test all: 0.3378475399819505, AUROC test unknown: 0.5629667002629793, AUPR test unknown: 0.17920792873577093
pseudo_counter: Counter({0: 160773, -1: 8570})
max_probs: 0.054615769535303116， num of >0.5: 0
AUROC test all: 0.6379764998981075, AUPR test all: 0.3393130168974898, AUROC test unknown: 0.5644480646535291, AUPR test unknown: 0.17982949850189228
Epoch: 154, Best AUROC test all: 0.6379764998981075, AUPR test all: 0.3393130168974898, AUROC test unknown: 0.5644480646535291, AUPR test unknown: 0.17982949850189228
pseudo_counter: Counter({0: 160773, -1: 8570})
max_probs: 0.062281880527734756， num of >0.5: 0
AUROC test all: 0.6393394326646621, AUPR test all: 0.3401147922790044, AUROC test unknown: 0.5655889751983868, AUPR test unknown: 0.18041037820784392
Epoch: 155, Best AUROC test all: 0.6393394326646621, AUPR test all: 0.3401147922790044, AUROC test unknown: 0.5655889751983868, AUPR test unknown: 0.18041037820784392
pseudo_counter: Counter({0: 160773, -1: 8570})
max_probs: 0.07141168415546417， num of >0.5: 0
AUROC test all: 0.6408034841634445, AUPR test all: 0.34105336067617026, AUROC test unknown: 0.5669337446362344, AUPR test unknown: 0.18066571042463023
Epoch: 156, Best AUROC test all: 0.6408034841634445, AUPR test all: 0.34105336067617026, AUROC test unknown: 0.5669337446362344, AUPR test unknown: 0.18066571042463023
pseudo_counter: Counter({0: 160773, -1: 8570})
max_probs: 0.08170675486326218， num of >0.5: 0
AUROC test all: 0.6418220569185591, AUPR test all: 0.34164779897882164, AUROC test unknown: 0.5677637884760538, AUPR test unknown: 0.18120073952005986
Epoch: 157, Best AUROC test all: 0.6418220569185591, AUPR test all: 0.34164779897882164, AUROC test unknown: 0.5677637884760538, AUPR test unknown: 0.18120073952005986
pseudo_counter: Counter({0: 160773, -1: 8570})
max_probs: 0.09555596113204956， num of >0.5: 0
AUROC test all: 0.642893608928836, AUPR test all: 0.34234207053026083, AUROC test unknown: 0.5686528175304898, AUPR test unknown: 0.18142305504451472
Epoch: 158, Best AUROC test all: 0.642893608928836, AUPR test all: 0.34234207053026083, AUROC test unknown: 0.5686528175304898, AUPR test unknown: 0.18142305504451472
pseudo_counter: Counter({0: 160773, -1: 8570})
max_probs: 0.10359648615121841， num of >0.5: 0
AUROC test all: 0.6438785914757138, AUPR test all: 0.3432501486189633, AUROC test unknown: 0.5695455743641176, AUPR test unknown: 0.18189066383173336
Epoch: 159, Best AUROC test all: 0.6438785914757138, AUPR test all: 0.3432501486189633, AUROC test unknown: 0.5695455743641176, AUPR test unknown: 0.18189066383173336
pseudo_counter: Counter({0: 160773, -1: 8570})
max_probs: 0.12240136414766312， num of >0.5: 0
AUROC test all: 0.6444639543131232, AUPR test all: 0.34236006610587516, AUROC test unknown: 0.570185466218326, AUPR test unknown: 0.18146465249177032
Epoch: 160, Best AUROC test all: 0.6444639543131232, AUPR test all: 0.3432501486189633, AUROC test unknown: 0.570185466218326, AUPR test unknown: 0.18189066383173336
pseudo_counter: Counter({0: 160773, -1: 8570})
max_probs: 0.13787871599197388， num of >0.5: 0
AUROC test all: 0.6449291412248496, AUPR test all: 0.34323424255532425, AUROC test unknown: 0.5705301250441174, AUPR test unknown: 0.18174088194055987
Epoch: 161, Best AUROC test all: 0.6449291412248496, AUPR test all: 0.3432501486189633, AUROC test unknown: 0.5705301250441174, AUPR test unknown: 0.18189066383173336
pseudo_counter: Counter({0: 160773, -1: 8570})
max_probs: 0.17992256581783295， num of >0.5: 0
AUROC test all: 0.645232755589987, AUPR test all: 0.34323182071192965, AUROC test unknown: 0.5706533907095203, AUPR test unknown: 0.18127803405717077
Epoch: 162, Best AUROC test all: 0.645232755589987, AUPR test all: 0.3432501486189633, AUROC test unknown: 0.5706533907095203, AUPR test unknown: 0.18189066383173336
pseudo_counter: Counter({0: 160773, -1: 8570})
max_probs: 0.20503881573677063， num of >0.5: 0
AUROC test all: 0.644770679838405, AUPR test all: 0.3420102486044375, AUROC test unknown: 0.5700618799095025, AUPR test unknown: 0.18047709618935903
Epoch: 163, Best AUROC test all: 0.645232755589987, AUPR test all: 0.3432501486189633, AUROC test unknown: 0.5706533907095203, AUPR test unknown: 0.18189066383173336
pseudo_counter: Counter({0: 160773, -1: 8570})
max_probs: 0.24143780767917633， num of >0.5: 0
AUROC test all: 0.6447271738484837, AUPR test all: 0.34309988470483266, AUROC test unknown: 0.5697742454799708, AUPR test unknown: 0.18046231138898433
Epoch: 164, Best AUROC test all: 0.645232755589987, AUPR test all: 0.3432501486189633, AUROC test unknown: 0.5706533907095203, AUPR test unknown: 0.18189066383173336
pseudo_counter: Counter({0: 160773, -1: 8570})
max_probs: 0.35486510396003723， num of >0.5: 0
AUROC test all: 0.6445666075628864, AUPR test all: 0.34254291896389033, AUROC test unknown: 0.5694005639759826, AUPR test unknown: 0.17994100228526713
Epoch: 165, Best AUROC test all: 0.645232755589987, AUPR test all: 0.3432501486189633, AUROC test unknown: 0.5706533907095203, AUPR test unknown: 0.18189066383173336
pseudo_counter: Counter({0: 160773, -1: 8570})
max_probs: 0.35465389490127563， num of >0.5: 0
AUROC test all: 0.6444600784000436, AUPR test all: 0.34330372868324355, AUROC test unknown: 0.5690623495012026, AUPR test unknown: 0.17947246591028534
Epoch: 166, Best AUROC test all: 0.645232755589987, AUPR test all: 0.34330372868324355, AUROC test unknown: 0.5706533907095203, AUPR test unknown: 0.18189066383173336
pseudo_counter: Counter({0: 160773, -1: 8570})
max_probs: 0.47760775685310364， num of >0.5: 0
AUROC test all: 0.6439292541227545, AUPR test all: 0.34248768408266206, AUROC test unknown: 0.5684281313587491, AUPR test unknown: 0.17860282367501676
Epoch: 167, Best AUROC test all: 0.645232755589987, AUPR test all: 0.34330372868324355, AUROC test unknown: 0.5706533907095203, AUPR test unknown: 0.18189066383173336
pseudo_counter: Counter({0: 160773, -1: 8570})
max_probs: 0.5938124656677246， num of >0.5: 3
AUROC test all: 0.6433471411466946, AUPR test all: 0.3420273675750318, AUROC test unknown: 0.5676185130523486, AUPR test unknown: 0.17782893764189714
Epoch: 168, Best AUROC test all: 0.645232755589987, AUPR test all: 0.34330372868324355, AUROC test unknown: 0.5706533907095203, AUPR test unknown: 0.18189066383173336
pseudo_counter: Counter({0: 160772, -1: 8570, 1: 1})
max_probs: 0.5544131994247437， num of >0.5: 9
AUROC test all: 0.642704767779439, AUPR test all: 0.3419598503276773, AUROC test unknown: 0.5668856554804833, AUPR test unknown: 0.17727940255399602
Epoch: 169, Best AUROC test all: 0.645232755589987, AUPR test all: 0.34330372868324355, AUROC test unknown: 0.5706533907095203, AUPR test unknown: 0.18189066383173336
pseudo_counter: Counter({0: 160771, -1: 8570, 1: 2})
max_probs: 0.6513054370880127， num of >0.5: 23
AUROC test all: 0.6423775442748402, AUPR test all: 0.34177843817484654, AUROC test unknown: 0.5662976009222463, AUPR test unknown: 0.17658549435415385
Epoch: 170, Best AUROC test all: 0.645232755589987, AUPR test all: 0.34330372868324355, AUROC test unknown: 0.5706533907095203, AUPR test unknown: 0.18189066383173336
pseudo_counter: Counter({0: 160769, -1: 8570, 1: 4})
max_probs: 0.8368228077888489， num of >0.5: 74
AUROC test all: 0.6412333538743858, AUPR test all: 0.3411773256942227, AUROC test unknown: 0.5648908377995232, AUPR test unknown: 0.17525058114245998
Epoch: 171, Best AUROC test all: 0.645232755589987, AUPR test all: 0.34330372868324355, AUROC test unknown: 0.5706533907095203, AUPR test unknown: 0.18189066383173336
pseudo_counter: Counter({0: 160767, -1: 8570, 1: 6})
max_probs: 0.7573103904724121， num of >0.5: 147
AUROC test all: 0.6408731709540441, AUPR test all: 0.3405409367504587, AUROC test unknown: 0.5643293643070963, AUPR test unknown: 0.17436089109572506
Epoch: 172, Best AUROC test all: 0.645232755589987, AUPR test all: 0.34330372868324355, AUROC test unknown: 0.5706533907095203, AUPR test unknown: 0.18189066383173336
pseudo_counter: Counter({0: 160762, -1: 8570, 1: 11})
max_probs: 0.7850592732429504， num of >0.5: 264
AUROC test all: 0.640187077314341, AUPR test all: 0.34027739059997086, AUROC test unknown: 0.5635667074292401, AUPR test unknown: 0.1737539548350152
Epoch: 173, Best AUROC test all: 0.645232755589987, AUPR test all: 0.34330372868324355, AUROC test unknown: 0.5706533907095203, AUPR test unknown: 0.18189066383173336
pseudo_counter: Counter({0: 160750, -1: 8570, 1: 23})
max_probs: 0.7731159329414368， num of >0.5: 342
AUROC test all: 0.6394742029641558, AUPR test all: 0.3392790562980919, AUROC test unknown: 0.5627691235171786, AUPR test unknown: 0.17255594515993636
Epoch: 174, Best AUROC test all: 0.645232755589987, AUPR test all: 0.34330372868324355, AUROC test unknown: 0.5706533907095203, AUPR test unknown: 0.18189066383173336
pseudo_counter: Counter({0: 160734, -1: 8570, 1: 39})
max_probs: 0.9091435074806213， num of >0.5: 400
AUROC test all: 0.639341709314917, AUPR test all: 0.33888567992044893, AUROC test unknown: 0.5625456095589251, AUPR test unknown: 0.17197078067460583
Epoch: 175, Best AUROC test all: 0.645232755589987, AUPR test all: 0.34330372868324355, AUROC test unknown: 0.5706533907095203, AUPR test unknown: 0.18189066383173336
pseudo_counter: Counter({0: 160719, -1: 8570, 1: 54})
max_probs: 0.8295421600341797， num of >0.5: 405
AUROC test all: 0.6390387871013026, AUPR test all: 0.3390426747518842, AUROC test unknown: 0.5621318472851534, AUPR test unknown: 0.171445775568417
Epoch: 176, Best AUROC test all: 0.645232755589987, AUPR test all: 0.34330372868324355, AUROC test unknown: 0.5706533907095203, AUPR test unknown: 0.18189066383173336
pseudo_counter: Counter({0: 160709, -1: 8570, 1: 64})
max_probs: 0.884829580783844， num of >0.5: 381
AUROC test all: 0.6389877158004174, AUPR test all: 0.3376737026486114, AUROC test unknown: 0.5619881577973425, AUPR test unknown: 0.17070863819392093
Epoch: 177, Best AUROC test all: 0.645232755589987, AUPR test all: 0.34330372868324355, AUROC test unknown: 0.5706533907095203, AUPR test unknown: 0.18189066383173336
pseudo_counter: Counter({0: 160700, -1: 8570, 1: 73})
max_probs: 0.8643220663070679， num of >0.5: 365
AUROC test all: 0.6394012533089685, AUPR test all: 0.3379687260449687, AUROC test unknown: 0.5624781502212057, AUPR test unknown: 0.17043328987341583
Epoch: 178, Best AUROC test all: 0.645232755589987, AUPR test all: 0.34330372868324355, AUROC test unknown: 0.5706533907095203, AUPR test unknown: 0.18189066383173336
pseudo_counter: Counter({0: 160695, -1: 8570, 1: 78})
max_probs: 0.829301118850708， num of >0.5: 377
AUROC test all: 0.6398242086835488, AUPR test all: 0.3378503077267939, AUROC test unknown: 0.5626317539898951, AUPR test unknown: 0.1700399182241927
Epoch: 179, Best AUROC test all: 0.645232755589987, AUPR test all: 0.34330372868324355, AUROC test unknown: 0.5706533907095203, AUPR test unknown: 0.18189066383173336
pseudo_counter: Counter({0: 160685, -1: 8570, 1: 88})
max_probs: 0.8942639231681824， num of >0.5: 401
AUROC test all: 0.6400568498856765, AUPR test all: 0.3376782593407822, AUROC test unknown: 0.5628097355558099, AUPR test unknown: 0.16978528750537217
Epoch: 180, Best AUROC test all: 0.645232755589987, AUPR test all: 0.34330372868324355, AUROC test unknown: 0.5706533907095203, AUPR test unknown: 0.18189066383173336
pseudo_counter: Counter({0: 160679, -1: 8570, 1: 94})
max_probs: 0.863589882850647， num of >0.5: 318
AUROC test all: 0.6403974269030088, AUPR test all: 0.33735052686395883, AUROC test unknown: 0.5630386005291846, AUPR test unknown: 0.16920783340744208
Epoch: 181, Best AUROC test all: 0.645232755589987, AUPR test all: 0.34330372868324355, AUROC test unknown: 0.5706533907095203, AUPR test unknown: 0.18189066383173336
pseudo_counter: Counter({0: 160672, -1: 8570, 1: 101})
max_probs: 0.871195912361145， num of >0.5: 303
AUROC test all: 0.6409660544376495, AUPR test all: 0.33674075211968935, AUROC test unknown: 0.5636659287734189, AUPR test unknown: 0.1687526295415417
Epoch: 182, Best AUROC test all: 0.645232755589987, AUPR test all: 0.34330372868324355, AUROC test unknown: 0.5706533907095203, AUPR test unknown: 0.18189066383173336
pseudo_counter: Counter({0: 160670, -1: 8570, 1: 103})
max_probs: 0.8787746429443359， num of >0.5: 344
AUROC test all: 0.6415437972421352, AUPR test all: 0.33670979949606084, AUROC test unknown: 0.5640281634441708, AUPR test unknown: 0.16855918983163676
Epoch: 183, Best AUROC test all: 0.645232755589987, AUPR test all: 0.34330372868324355, AUROC test unknown: 0.5706533907095203, AUPR test unknown: 0.18189066383173336
pseudo_counter: Counter({0: 160666, -1: 8570, 1: 107})
max_probs: 0.8974719047546387， num of >0.5: 366
AUROC test all: 0.642075598794031, AUPR test all: 0.33771311596556175, AUROC test unknown: 0.5645193296214309, AUPR test unknown: 0.16861375184150063
Epoch: 184, Best AUROC test all: 0.645232755589987, AUPR test all: 0.34330372868324355, AUROC test unknown: 0.5706533907095203, AUPR test unknown: 0.18189066383173336
pseudo_counter: Counter({0: 160663, -1: 8570, 1: 110})
max_probs: 0.8312035202980042， num of >0.5: 317
AUROC test all: 0.6411230754445838, AUPR test all: 0.3364205232692056, AUROC test unknown: 0.5635172835139775, AUPR test unknown: 0.16757648263504668
Epoch: 185, Best AUROC test all: 0.645232755589987, AUPR test all: 0.34330372868324355, AUROC test unknown: 0.5706533907095203, AUPR test unknown: 0.18189066383173336
pseudo_counter: Counter({0: 160661, -1: 8570, 1: 112})
max_probs: 0.8338366150856018， num of >0.5: 235
AUROC test all: 0.641483858274729, AUPR test all: 0.3356166317428606, AUROC test unknown: 0.5640102525832992, AUPR test unknown: 0.16742153208312333
Epoch: 186, Best AUROC test all: 0.645232755589987, AUPR test all: 0.34330372868324355, AUROC test unknown: 0.5706533907095203, AUPR test unknown: 0.18189066383173336
pseudo_counter: Counter({0: 160659, -1: 8570, 1: 114})
max_probs: 0.8921903371810913， num of >0.5: 244
AUROC test all: 0.6412864641100811, AUPR test all: 0.33506850630870066, AUROC test unknown: 0.5637662970081254, AUPR test unknown: 0.16692261749875423
Epoch: 187, Best AUROC test all: 0.645232755589987, AUPR test all: 0.34330372868324355, AUROC test unknown: 0.5706533907095203, AUPR test unknown: 0.18189066383173336
pseudo_counter: Counter({0: 160656, -1: 8570, 1: 117})
max_probs: 0.875606119632721， num of >0.5: 294
AUROC test all: 0.6408569643141709, AUPR test all: 0.3348219141067082, AUROC test unknown: 0.5630944267045934, AUPR test unknown: 0.16641137007460793
Epoch: 188, Best AUROC test all: 0.645232755589987, AUPR test all: 0.34330372868324355, AUROC test unknown: 0.5706533907095203, AUPR test unknown: 0.18189066383173336
pseudo_counter: Counter({0: 160655, -1: 8570, 1: 118})
max_probs: 0.8553106188774109， num of >0.5: 339
AUROC test all: 0.6401702469253945, AUPR test all: 0.33433852299095423, AUROC test unknown: 0.5622781561593714, AUPR test unknown: 0.1658417570234132
Epoch: 189, Best AUROC test all: 0.645232755589987, AUPR test all: 0.34330372868324355, AUROC test unknown: 0.5706533907095203, AUPR test unknown: 0.18189066383173336
pseudo_counter: Counter({0: 160654, -1: 8570, 1: 119})
max_probs: 0.8625832796096802， num of >0.5: 353
AUROC test all: 0.6387896519690118, AUPR test all: 0.33261528131421664, AUROC test unknown: 0.5605861420451366, AUPR test unknown: 0.16497349281538087
Epoch: 190, Best AUROC test all: 0.645232755589987, AUPR test all: 0.34330372868324355, AUROC test unknown: 0.5706533907095203, AUPR test unknown: 0.18189066383173336
pseudo_counter: Counter({0: 160651, -1: 8570, 1: 122})
max_probs: 0.8283530473709106， num of >0.5: 289
AUROC test all: 0.637735905184181, AUPR test all: 0.3316506472124451, AUROC test unknown: 0.5595161939614746, AUPR test unknown: 0.16425051491896633
Epoch: 191, Best AUROC test all: 0.645232755589987, AUPR test all: 0.34330372868324355, AUROC test unknown: 0.5706533907095203, AUPR test unknown: 0.18189066383173336
pseudo_counter: Counter({0: 160650, -1: 8570, 1: 123})
max_probs: 0.8724811673164368， num of >0.5: 280
AUROC test all: 0.6378587364794261, AUPR test all: 0.33173127464560737, AUROC test unknown: 0.5596972876849016, AUPR test unknown: 0.16417166035164854
Epoch: 192, Best AUROC test all: 0.645232755589987, AUPR test all: 0.34330372868324355, AUROC test unknown: 0.5706533907095203, AUPR test unknown: 0.18189066383173336
pseudo_counter: Counter({0: 160646, -1: 8570, 1: 127})
max_probs: 0.8229249119758606， num of >0.5: 350
AUROC test all: 0.636612077041747, AUPR test all: 0.33047915108334697, AUROC test unknown: 0.5580965987711854, AUPR test unknown: 0.16344792367187647
Epoch: 193, Best AUROC test all: 0.645232755589987, AUPR test all: 0.34330372868324355, AUROC test unknown: 0.5706533907095203, AUPR test unknown: 0.18189066383173336
pseudo_counter: Counter({0: 160644, -1: 8570, 1: 129})
max_probs: 0.8321341872215271， num of >0.5: 363
AUROC test all: 0.6361394201761357, AUPR test all: 0.3302548836534227, AUROC test unknown: 0.557647459638474, AUPR test unknown: 0.16332640243871213
Epoch: 194, Best AUROC test all: 0.645232755589987, AUPR test all: 0.34330372868324355, AUROC test unknown: 0.5706533907095203, AUPR test unknown: 0.18189066383173336
pseudo_counter: Counter({0: 160643, -1: 8570, 1: 130})
max_probs: 0.7613296508789062， num of >0.5: 394
AUROC test all: 0.6353184226828483, AUPR test all: 0.32945774997805216, AUROC test unknown: 0.5567607690224745, AUPR test unknown: 0.16291105177721762
Epoch: 195, Best AUROC test all: 0.645232755589987, AUPR test all: 0.34330372868324355, AUROC test unknown: 0.5706533907095203, AUPR test unknown: 0.18189066383173336
pseudo_counter: Counter({0: 160639, -1: 8570, 1: 134})
max_probs: 0.7997031807899475， num of >0.5: 330
AUROC test all: 0.6350098576057395, AUPR test all: 0.32881322111456035, AUROC test unknown: 0.5562674437207078, AUPR test unknown: 0.16252988410023614
Epoch: 196, Best AUROC test all: 0.645232755589987, AUPR test all: 0.34330372868324355, AUROC test unknown: 0.5706533907095203, AUPR test unknown: 0.18189066383173336
pseudo_counter: Counter({0: 160632, -1: 8570, 1: 141})
max_probs: 0.847683846950531， num of >0.5: 303
AUROC test all: 0.634528742133803, AUPR test all: 0.32832365985954093, AUROC test unknown: 0.5557743968003956, AUPR test unknown: 0.16218491178437833
Epoch: 197, Best AUROC test all: 0.645232755589987, AUPR test all: 0.34330372868324355, AUROC test unknown: 0.5706533907095203, AUPR test unknown: 0.18189066383173336
pseudo_counter: Counter({0: 160629, -1: 8570, 1: 144})
max_probs: 0.8684205412864685， num of >0.5: 314
AUROC test all: 0.6349507763102405, AUPR test all: 0.3284168064395754, AUROC test unknown: 0.5560520394402604, AUPR test unknown: 0.16231854346093402
Epoch: 198, Best AUROC test all: 0.645232755589987, AUPR test all: 0.34330372868324355, AUROC test unknown: 0.5706533907095203, AUPR test unknown: 0.18189066383173336
pseudo_counter: Counter({0: 160626, -1: 8570, 1: 147})
max_probs: 0.8528324365615845， num of >0.5: 339
AUROC test all: 0.6347470872238921, AUPR test all: 0.3285554061148192, AUROC test unknown: 0.5559610720120964, AUPR test unknown: 0.16227988411840238
Epoch: 199, Best AUROC test all: 0.645232755589987, AUPR test all: 0.34330372868324355, AUROC test unknown: 0.5706533907095203, AUPR test unknown: 0.18189066383173336
pseudo_counter: Counter({0: 160626, -1: 8570, 1: 147})
max_probs: 0.831808865070343， num of >0.5: 319
AUROC test all: 0.6347428695694635, AUPR test all: 0.32834855944053437, AUROC test unknown: 0.5558739834453766, AUPR test unknown: 0.16226164914533137
Epoch: 200, Best AUROC test all: 0.645232755589987, AUPR test all: 0.34330372868324355, AUROC test unknown: 0.5706533907095203, AUPR test unknown: 0.18189066383173336
pseudo_counter: Counter({0: 160624, -1: 8570, 1: 149})
max_probs: 0.8282530307769775， num of >0.5: 265
AUROC test all: 0.6340050234488339, AUPR test all: 0.32753395146829994, AUROC test unknown: 0.5551506223255567, AUPR test unknown: 0.16199198997224337
Epoch: 201, Best AUROC test all: 0.645232755589987, AUPR test all: 0.34330372868324355, AUROC test unknown: 0.5706533907095203, AUPR test unknown: 0.18189066383173336
pseudo_counter: Counter({0: 160624, -1: 8570, 1: 149})
max_probs: 0.8790929913520813， num of >0.5: 234
AUROC test all: 0.6344478945014793, AUPR test all: 0.3276218454642272, AUROC test unknown: 0.5556034286676785, AUPR test unknown: 0.16197544838929184
Epoch: 202, Best AUROC test all: 0.645232755589987, AUPR test all: 0.34330372868324355, AUROC test unknown: 0.5706533907095203, AUPR test unknown: 0.18189066383173336
pseudo_counter: Counter({0: 160624, -1: 8570, 1: 149})
max_probs: 0.8411463499069214， num of >0.5: 281
AUROC test all: 0.6343245043379006, AUPR test all: 0.3268952158463321, AUROC test unknown: 0.5553936914260439, AUPR test unknown: 0.16172471421039872
Epoch: 203, Best AUROC test all: 0.645232755589987, AUPR test all: 0.34330372868324355, AUROC test unknown: 0.5706533907095203, AUPR test unknown: 0.18189066383173336
pseudo_counter: Counter({0: 160623, -1: 8570, 1: 150})
max_probs: 0.8037522435188293， num of >0.5: 350
AUROC test all: 0.633260790435685, AUPR test all: 0.32637632011704676, AUROC test unknown: 0.5540742769436797, AUPR test unknown: 0.1611956311726546
Epoch: 204, Best AUROC test all: 0.645232755589987, AUPR test all: 0.34330372868324355, AUROC test unknown: 0.5706533907095203, AUPR test unknown: 0.18189066383173336
pseudo_counter: Counter({0: 160621, -1: 8570, 1: 152})
max_probs: 0.8575608730316162， num of >0.5: 297
AUROC test all: 0.6317630215407442, AUPR test all: 0.3258443009121373, AUROC test unknown: 0.5523737755315592, AUPR test unknown: 0.16065243607115773
Epoch: 205, Best AUROC test all: 0.645232755589987, AUPR test all: 0.34330372868324355, AUROC test unknown: 0.5706533907095203, AUPR test unknown: 0.18189066383173336
pseudo_counter: Counter({0: 160620, -1: 8570, 1: 153})
max_probs: 0.8509237766265869， num of >0.5: 192
AUROC test all: 0.6312438487065131, AUPR test all: 0.3254329572560071, AUROC test unknown: 0.5518345116434942, AUPR test unknown: 0.160510104810083
Epoch: 206, Best AUROC test all: 0.645232755589987, AUPR test all: 0.34330372868324355, AUROC test unknown: 0.5706533907095203, AUPR test unknown: 0.18189066383173336
pseudo_counter: Counter({0: 160619, -1: 8570, 1: 154})
max_probs: 0.8240138292312622， num of >0.5: 215
AUROC test all: 0.6308901572463963, AUPR test all: 0.3247720041155935, AUROC test unknown: 0.5514220071337487, AUPR test unknown: 0.16022070342188266
Epoch: 207, Best AUROC test all: 0.645232755589987, AUPR test all: 0.34330372868324355, AUROC test unknown: 0.5706533907095203, AUPR test unknown: 0.18189066383173336
pseudo_counter: Counter({0: 160616, -1: 8570, 1: 157})
max_probs: 0.7705307602882385， num of >0.5: 211
AUROC test all: 0.6298082137526444, AUPR test all: 0.32360998296218063, AUROC test unknown: 0.5504142568585484, AUPR test unknown: 0.15985690757494095
Epoch: 208, Best AUROC test all: 0.645232755589987, AUPR test all: 0.34330372868324355, AUROC test unknown: 0.5706533907095203, AUPR test unknown: 0.18189066383173336
pseudo_counter: Counter({0: 160616, -1: 8570, 1: 157})
max_probs: 0.8692452907562256， num of >0.5: 177
AUROC test all: 0.6292857275308281, AUPR test all: 0.3230361795411433, AUROC test unknown: 0.5497851756837674, AUPR test unknown: 0.15957831020033764
Epoch: 209, Best AUROC test all: 0.645232755589987, AUPR test all: 0.34330372868324355, AUROC test unknown: 0.5706533907095203, AUPR test unknown: 0.18189066383173336
pseudo_counter: Counter({0: 160615, -1: 8570, 1: 158})
max_probs: 0.7824567556381226， num of >0.5: 227
AUROC test all: 0.6283474745578442, AUPR test all: 0.3226496923934818, AUROC test unknown: 0.5487720015043864, AUPR test unknown: 0.15920478283451156
Epoch: 210, Best AUROC test all: 0.645232755589987, AUPR test all: 0.34330372868324355, AUROC test unknown: 0.5706533907095203, AUPR test unknown: 0.18189066383173336
pseudo_counter: Counter({0: 160613, -1: 8570, 1: 160})
max_probs: 0.8852885365486145， num of >0.5: 211
AUROC test all: 0.628102019612811, AUPR test all: 0.32260628021822035, AUROC test unknown: 0.5484938291355833, AUPR test unknown: 0.15916529943587826
Epoch: 211, Best AUROC test all: 0.645232755589987, AUPR test all: 0.34330372868324355, AUROC test unknown: 0.5706533907095203, AUPR test unknown: 0.18189066383173336
pseudo_counter: Counter({0: 160613, -1: 8570, 1: 160})
max_probs: 0.8952990174293518， num of >0.5: 218
AUROC test all: 0.6275421065502931, AUPR test all: 0.3223439635276421, AUROC test unknown: 0.5478195459646458, AUPR test unknown: 0.15890635634243191
Epoch: 212, Best AUROC test all: 0.645232755589987, AUPR test all: 0.34330372868324355, AUROC test unknown: 0.5706533907095203, AUPR test unknown: 0.18189066383173336
pseudo_counter: Counter({0: 160613, -1: 8570, 1: 160})
max_probs: 0.8831893801689148， num of >0.5: 274
AUROC test all: 0.626794576268156, AUPR test all: 0.3211178064746746, AUROC test unknown: 0.5472307868121684, AUPR test unknown: 0.15850733952668605
Epoch: 213, Best AUROC test all: 0.645232755589987, AUPR test all: 0.34330372868324355, AUROC test unknown: 0.5706533907095203, AUPR test unknown: 0.18189066383173336
pseudo_counter: Counter({0: 160612, -1: 8570, 1: 161})
max_probs: 0.8969498872756958， num of >0.5: 269
AUROC test all: 0.6263035623521855, AUPR test all: 0.3208830381406902, AUROC test unknown: 0.5466906385026298, AUPR test unknown: 0.1583848193403116
Epoch: 214, Best AUROC test all: 0.645232755589987, AUPR test all: 0.34330372868324355, AUROC test unknown: 0.5706533907095203, AUPR test unknown: 0.18189066383173336
pseudo_counter: Counter({0: 160612, -1: 8570, 1: 161})
max_probs: 0.8631430864334106， num of >0.5: 232
AUROC test all: 0.6268563787621094, AUPR test all: 0.32116989621609693, AUROC test unknown: 0.5473669023396494, AUPR test unknown: 0.15876369284127118
Epoch: 215, Best AUROC test all: 0.645232755589987, AUPR test all: 0.34330372868324355, AUROC test unknown: 0.5706533907095203, AUPR test unknown: 0.18189066383173336
pseudo_counter: Counter({0: 160610, -1: 8570, 1: 163})
max_probs: 0.8776137828826904， num of >0.5: 279
AUROC test all: 0.6270451475809948, AUPR test all: 0.3214968609090128, AUROC test unknown: 0.5476545780045408, AUPR test unknown: 0.15892553657853287
Epoch: 216, Best AUROC test all: 0.645232755589987, AUPR test all: 0.34330372868324355, AUROC test unknown: 0.5706533907095203, AUPR test unknown: 0.18189066383173336
pseudo_counter: Counter({0: 160610, -1: 8570, 1: 163})
max_probs: 0.9155092239379883， num of >0.5: 449
AUROC test all: 0.6277686428676257, AUPR test all: 0.32143256216135735, AUROC test unknown: 0.5485531110394695, AUPR test unknown: 0.15908325474822657
Epoch: 217, Best AUROC test all: 0.645232755589987, AUPR test all: 0.34330372868324355, AUROC test unknown: 0.5706533907095203, AUPR test unknown: 0.18189066383173336
pseudo_counter: Counter({0: 160609, -1: 8570, 1: 164})
max_probs: 0.8948434591293335， num of >0.5: 459
AUROC test all: 0.6277342685370471, AUPR test all: 0.3216592826952044, AUROC test unknown: 0.5485132321689585, AUPR test unknown: 0.15927066316366445
Epoch: 218, Best AUROC test all: 0.645232755589987, AUPR test all: 0.34330372868324355, AUROC test unknown: 0.5706533907095203, AUPR test unknown: 0.18189066383173336
pseudo_counter: Counter({0: 160607, -1: 8570, 1: 166})
max_probs: 0.940220296382904， num of >0.5: 323
AUROC test all: 0.6287201099748855, AUPR test all: 0.32232798582060396, AUROC test unknown: 0.5497398060085541, AUPR test unknown: 0.15976372673800615
Epoch: 219, Best AUROC test all: 0.645232755589987, AUPR test all: 0.34330372868324355, AUROC test unknown: 0.5706533907095203, AUPR test unknown: 0.18189066383173336
pseudo_counter: Counter({0: 160606, -1: 8570, 1: 167})
max_probs: 0.8258495926856995， num of >0.5: 311
AUROC test all: 0.6303830630657721, AUPR test all: 0.3228813857357449, AUROC test unknown: 0.5515488428231494, AUPR test unknown: 0.16033240809953675
Epoch: 220, Best AUROC test all: 0.645232755589987, AUPR test all: 0.34330372868324355, AUROC test unknown: 0.5706533907095203, AUPR test unknown: 0.18189066383173336
pseudo_counter: Counter({0: 160603, -1: 8570, 1: 170})
max_probs: 0.8795657157897949， num of >0.5: 529
AUROC test all: 0.6306751076644403, AUPR test all: 0.3227647990781683, AUROC test unknown: 0.5518534485975322, AUPR test unknown: 0.1605746745730556
Epoch: 221, Best AUROC test all: 0.645232755589987, AUPR test all: 0.34330372868324355, AUROC test unknown: 0.5706533907095203, AUPR test unknown: 0.18189066383173336
pseudo_counter: Counter({0: 160600, -1: 8570, 1: 173})
max_probs: 0.8666970133781433， num of >0.5: 509
AUROC test all: 0.629943886829027, AUPR test all: 0.3224980792075625, AUROC test unknown: 0.5511846954134437, AUPR test unknown: 0.16021026487481524
Epoch: 222, Best AUROC test all: 0.645232755589987, AUPR test all: 0.34330372868324355, AUROC test unknown: 0.5706533907095203, AUPR test unknown: 0.18189066383173336
pseudo_counter: Counter({0: 160597, -1: 8570, 1: 176})
max_probs: 0.8705178499221802， num of >0.5: 241
AUROC test all: 0.6306193600740859, AUPR test all: 0.3226701873616804, AUROC test unknown: 0.5520419030893458, AUPR test unknown: 0.1605734558928847
Epoch: 223, Best AUROC test all: 0.645232755589987, AUPR test all: 0.34330372868324355, AUROC test unknown: 0.5706533907095203, AUPR test unknown: 0.18189066383173336
pseudo_counter: Counter({0: 160596, -1: 8570, 1: 177})
max_probs: 0.9001042246818542， num of >0.5: 228
AUROC test all: 0.6317452508551492, AUPR test all: 0.32245165767496586, AUROC test unknown: 0.553122508203667, AUPR test unknown: 0.16066296078126283
Epoch: 224, Best AUROC test all: 0.645232755589987, AUPR test all: 0.34330372868324355, AUROC test unknown: 0.5706533907095203, AUPR test unknown: 0.18189066383173336
pseudo_counter: Counter({0: 160594, -1: 8570, 1: 179})
max_probs: 0.9242710471153259， num of >0.5: 479
AUROC test all: 0.6319563624877443, AUPR test all: 0.3231389472856442, AUROC test unknown: 0.5535664450080944, AUPR test unknown: 0.16093452383546122
Epoch: 225, Best AUROC test all: 0.645232755589987, AUPR test all: 0.34330372868324355, AUROC test unknown: 0.5706533907095203, AUPR test unknown: 0.18189066383173336
pseudo_counter: Counter({0: 160594, -1: 8570, 1: 179})
max_probs: 0.9159091114997864， num of >0.5: 658
AUROC test all: 0.6314532815669011, AUPR test all: 0.3227844018240377, AUROC test unknown: 0.5530980761673998, AUPR test unknown: 0.16076232031269044
Epoch: 226, Best AUROC test all: 0.645232755589987, AUPR test all: 0.34330372868324355, AUROC test unknown: 0.5706533907095203, AUPR test unknown: 0.18189066383173336
pseudo_counter: Counter({0: 160589, -1: 8570, 1: 184})
max_probs: 0.9355506896972656， num of >0.5: 467
AUROC test all: 0.6301618991174932, AUPR test all: 0.3212494791971868, AUROC test unknown: 0.5517633519027554, AUPR test unknown: 0.1601199999650162
Epoch: 227, Best AUROC test all: 0.645232755589987, AUPR test all: 0.34330372868324355, AUROC test unknown: 0.5706533907095203, AUPR test unknown: 0.18189066383173336
pseudo_counter: Counter({0: 160587, -1: 8570, 1: 186})
max_probs: 0.8521780371665955， num of >0.5: 339
AUROC test all: 0.6307276678360778, AUPR test all: 0.3216657816217807, AUROC test unknown: 0.5525774347495909, AUPR test unknown: 0.16051448897863196
Epoch: 228, Best AUROC test all: 0.645232755589987, AUPR test all: 0.34330372868324355, AUROC test unknown: 0.5706533907095203, AUPR test unknown: 0.18189066383173336
pseudo_counter: Counter({0: 160586, -1: 8570, 1: 187})
max_probs: 0.8884039521217346， num of >0.5: 451
AUROC test all: 0.6316012137168178, AUPR test all: 0.32162338293772896, AUROC test unknown: 0.553520213838952, AUPR test unknown: 0.1606945601380059
Epoch: 229, Best AUROC test all: 0.645232755589987, AUPR test all: 0.34330372868324355, AUROC test unknown: 0.5706533907095203, AUPR test unknown: 0.18189066383173336
pseudo_counter: Counter({0: 160585, -1: 8570, 1: 188})
max_probs: 0.9433922171592712， num of >0.5: 726
AUROC test all: 0.6310685019382614, AUPR test all: 0.32101634514354815, AUROC test unknown: 0.5529107177490934, AUPR test unknown: 0.1604230703380489
Epoch: 230, Best AUROC test all: 0.645232755589987, AUPR test all: 0.34330372868324355, AUROC test unknown: 0.5706533907095203, AUPR test unknown: 0.18189066383173336
pseudo_counter: Counter({0: 160584, -1: 8570, 1: 189})
max_probs: 0.9363973736763， num of >0.5: 566
AUROC test all: 0.6295882760367999, AUPR test all: 0.3202654805603225, AUROC test unknown: 0.5513534421408618, AUPR test unknown: 0.15978353832591044
Epoch: 231, Best AUROC test all: 0.645232755589987, AUPR test all: 0.34330372868324355, AUROC test unknown: 0.5706533907095203, AUPR test unknown: 0.18189066383173336
pseudo_counter: Counter({0: 160580, -1: 8570, 1: 193})
max_probs: 0.8554126024246216， num of >0.5: 384
AUROC test all: 0.6296678635740903, AUPR test all: 0.3199539309471366, AUROC test unknown: 0.5515273872612394, AUPR test unknown: 0.15979886861142548
Epoch: 232, Best AUROC test all: 0.645232755589987, AUPR test all: 0.34330372868324355, AUROC test unknown: 0.5706533907095203, AUPR test unknown: 0.18189066383173336
pseudo_counter: Counter({0: 160580, -1: 8570, 1: 193})
max_probs: 0.8551191091537476， num of >0.5: 426
AUROC test all: 0.6303309659990384, AUPR test all: 0.3198144803709958, AUROC test unknown: 0.5524226242049967, AUPR test unknown: 0.1601580083486963
Epoch: 233, Best AUROC test all: 0.645232755589987, AUPR test all: 0.34330372868324355, AUROC test unknown: 0.5706533907095203, AUPR test unknown: 0.18189066383173336
pseudo_counter: Counter({0: 160580, -1: 8570, 1: 193})
max_probs: 0.9415280222892761， num of >0.5: 521
AUROC test all: 0.6302477943088214, AUPR test all: 0.3197878081654453, AUROC test unknown: 0.552378528548412, AUPR test unknown: 0.16000065746706046
Epoch: 234, Best AUROC test all: 0.645232755589987, AUPR test all: 0.34330372868324355, AUROC test unknown: 0.5706533907095203, AUPR test unknown: 0.18189066383173336
pseudo_counter: Counter({0: 160578, -1: 8570, 1: 195})
max_probs: 0.9108070731163025， num of >0.5: 623
AUROC test all: 0.6305746753948194, AUPR test all: 0.3198498154295239, AUROC test unknown: 0.5527995417436778, AUPR test unknown: 0.16006933383244487
Epoch: 235, Best AUROC test all: 0.645232755589987, AUPR test all: 0.34330372868324355, AUROC test unknown: 0.5706533907095203, AUPR test unknown: 0.18189066383173336
pseudo_counter: Counter({0: 160575, -1: 8570, 1: 198})
max_probs: 0.9106044173240662， num of >0.5: 559
AUROC test all: 0.6297197116829962, AUPR test all: 0.31912537892187187, AUROC test unknown: 0.5519980586091441, AUPR test unknown: 0.15982781915369768
Epoch: 236, Best AUROC test all: 0.645232755589987, AUPR test all: 0.34330372868324355, AUROC test unknown: 0.5706533907095203, AUPR test unknown: 0.18189066383173336
pseudo_counter: Counter({0: 160572, -1: 8570, 1: 201})
max_probs: 0.9253672957420349， num of >0.5: 394
AUROC test all: 0.6296045532463295, AUPR test all: 0.3180697390359676, AUROC test unknown: 0.5521665675060633, AUPR test unknown: 0.1597401669818399
Epoch: 237, Best AUROC test all: 0.645232755589987, AUPR test all: 0.34330372868324355, AUROC test unknown: 0.5706533907095203, AUPR test unknown: 0.18189066383173336
pseudo_counter: Counter({0: 160571, -1: 8570, 1: 202})
max_probs: 0.8574243783950806， num of >0.5: 356
AUROC test all: 0.6303431733305214, AUPR test all: 0.31876667310359214, AUROC test unknown: 0.5528861898962223, AUPR test unknown: 0.16006165525883917
Epoch: 238, Best AUROC test all: 0.645232755589987, AUPR test all: 0.34330372868324355, AUROC test unknown: 0.5706533907095203, AUPR test unknown: 0.18189066383173336
pseudo_counter: Counter({0: 160570, -1: 8570, 1: 203})
max_probs: 0.9022896885871887， num of >0.5: 459
AUROC test all: 0.6311601762561823, AUPR test all: 0.31926300699815946, AUROC test unknown: 0.5537771843887442, AUPR test unknown: 0.16030032409126466
Epoch: 239, Best AUROC test all: 0.645232755589987, AUPR test all: 0.34330372868324355, AUROC test unknown: 0.5706533907095203, AUPR test unknown: 0.18189066383173336
pseudo_counter: Counter({0: 160569, -1: 8570, 1: 204})
max_probs: 0.9094032049179077， num of >0.5: 553
AUROC test all: 0.6312736590360009, AUPR test all: 0.3195809960827329, AUROC test unknown: 0.5540187255566027, AUPR test unknown: 0.16056051381336905
Epoch: 240, Best AUROC test all: 0.645232755589987, AUPR test all: 0.34330372868324355, AUROC test unknown: 0.5706533907095203, AUPR test unknown: 0.18189066383173336
pseudo_counter: Counter({0: 160568, -1: 8570, 1: 205})
max_probs: 0.9420623183250427， num of >0.5: 436
AUROC test all: 0.6309771363117926, AUPR test all: 0.3201498173019279, AUROC test unknown: 0.5536701057408496, AUPR test unknown: 0.16061715089257214
Epoch: 241, Best AUROC test all: 0.645232755589987, AUPR test all: 0.34330372868324355, AUROC test unknown: 0.5706533907095203, AUPR test unknown: 0.18189066383173336
pseudo_counter: Counter({0: 160568, -1: 8570, 1: 205})
max_probs: 0.8662106990814209， num of >0.5: 384
AUROC test all: 0.6313706256717917, AUPR test all: 0.31962654967662285, AUROC test unknown: 0.5541461535979362, AUPR test unknown: 0.16063477303274865
Epoch: 242, Best AUROC test all: 0.645232755589987, AUPR test all: 0.34330372868324355, AUROC test unknown: 0.5706533907095203, AUPR test unknown: 0.18189066383173336
pseudo_counter: Counter({0: 160567, -1: 8570, 1: 206})
max_probs: 0.8848634362220764， num of >0.5: 381
AUROC test all: 0.6324876692393437, AUPR test all: 0.3211701959159496, AUROC test unknown: 0.5554831923468662, AUPR test unknown: 0.16121687141679342
Epoch: 243, Best AUROC test all: 0.645232755589987, AUPR test all: 0.34330372868324355, AUROC test unknown: 0.5706533907095203, AUPR test unknown: 0.18189066383173336
pseudo_counter: Counter({0: 160566, -1: 8570, 1: 207})
max_probs: 0.9386143088340759， num of >0.5: 571
AUROC test all: 0.632048221830906, AUPR test all: 0.3207002501508713, AUROC test unknown: 0.5548119845467091, AUPR test unknown: 0.16101824853845134
Epoch: 244, Best AUROC test all: 0.645232755589987, AUPR test all: 0.34330372868324355, AUROC test unknown: 0.5706533907095203, AUPR test unknown: 0.18189066383173336
pseudo_counter: Counter({0: 160566, -1: 8570, 1: 207})
max_probs: 0.9366812109947205， num of >0.5: 579
AUROC test all: 0.6314195057916219, AUPR test all: 0.3199182529332212, AUROC test unknown: 0.5545103600375139, AUPR test unknown: 0.16106177356244344
Epoch: 245, Best AUROC test all: 0.645232755589987, AUPR test all: 0.34330372868324355, AUROC test unknown: 0.5706533907095203, AUPR test unknown: 0.18189066383173336
pseudo_counter: Counter({0: 160563, -1: 8570, 1: 210})
max_probs: 0.9028594493865967， num of >0.5: 389
AUROC test all: 0.6314098760811735, AUPR test all: 0.32005787194484303, AUROC test unknown: 0.5544787804248037, AUPR test unknown: 0.16116336892964475
Epoch: 246, Best AUROC test all: 0.645232755589987, AUPR test all: 0.34330372868324355, AUROC test unknown: 0.5706533907095203, AUPR test unknown: 0.18189066383173336
pseudo_counter: Counter({0: 160563, -1: 8570, 1: 210})
max_probs: 0.8803121447563171， num of >0.5: 414
AUROC test all: 0.6316917696208195, AUPR test all: 0.31955643572035336, AUROC test unknown: 0.5549507897831402, AUPR test unknown: 0.16105605765027664
Epoch: 247, Best AUROC test all: 0.645232755589987, AUPR test all: 0.34330372868324355, AUROC test unknown: 0.5706533907095203, AUPR test unknown: 0.18189066383173336
pseudo_counter: Counter({0: 160563, -1: 8570, 1: 210})
max_probs: 0.9220491647720337， num of >0.5: 552
AUROC test all: 0.6314370425543832, AUPR test all: 0.3197228159442693, AUROC test unknown: 0.5546224964332817, AUPR test unknown: 0.1611088084616807
Epoch: 248, Best AUROC test all: 0.645232755589987, AUPR test all: 0.34330372868324355, AUROC test unknown: 0.5706533907095203, AUPR test unknown: 0.18189066383173336
pseudo_counter: Counter({0: 160561, -1: 8570, 1: 212})
max_probs: 0.9397781491279602， num of >0.5: 701
AUROC test all: 0.6310539024173358, AUPR test all: 0.3189619716792717, AUROC test unknown: 0.5543795298223404, AUPR test unknown: 0.16098723329752557
Epoch: 249, Best AUROC test all: 0.645232755589987, AUPR test all: 0.34330372868324355, AUROC test unknown: 0.5706533907095203, AUPR test unknown: 0.18189066383173336
pseudo_counter: Counter({0: 160554, -1: 8570, 1: 219})
max_probs: 0.9495869278907776， num of >0.5: 574
AUROC test all: 0.6306542250059988, AUPR test all: 0.3183242208118914, AUROC test unknown: 0.5540156645583127, AUPR test unknown: 0.16076537656958495
Epoch: 250, Best AUROC test all: 0.645232755589987, AUPR test all: 0.34330372868324355, AUROC test unknown: 0.5706533907095203, AUPR test unknown: 0.18189066383173336
pseudo_counter: Counter({0: 160551, -1: 8570, 1: 222})
max_probs: 0.9389374256134033， num of >0.5: 457
AUROC test all: 0.6308841137206307, AUPR test all: 0.31875940185699436, AUROC test unknown: 0.5542775932751506, AUPR test unknown: 0.16091957968282175
Epoch: 251, Best AUROC test all: 0.645232755589987, AUPR test all: 0.34330372868324355, AUROC test unknown: 0.5706533907095203, AUPR test unknown: 0.18189066383173336
pseudo_counter: Counter({0: 160550, -1: 8570, 1: 223})
max_probs: 0.9221636056900024， num of >0.5: 562
AUROC test all: 0.6311212276302824, AUPR test all: 0.319248312190507, AUROC test unknown: 0.5544247294230817, AUPR test unknown: 0.16108887039895037
Epoch: 252, Best AUROC test all: 0.645232755589987, AUPR test all: 0.34330372868324355, AUROC test unknown: 0.5706533907095203, AUPR test unknown: 0.18189066383173336
pseudo_counter: Counter({0: 160550, -1: 8570, 1: 223})
max_probs: 0.9291550517082214， num of >0.5: 758
AUROC test all: 0.631469096077878, AUPR test all: 0.31939452770092736, AUROC test unknown: 0.5548407693944071, AUPR test unknown: 0.16108390483891763
Epoch: 253, Best AUROC test all: 0.645232755589987, AUPR test all: 0.34330372868324355, AUROC test unknown: 0.5706533907095203, AUPR test unknown: 0.18189066383173336
pseudo_counter: Counter({0: 160547, -1: 8570, 1: 226})
max_probs: 0.9186332821846008， num of >0.5: 754
AUROC test all: 0.6310902593353599, AUPR test all: 0.3191552757818845, AUROC test unknown: 0.5544647181404851, AUPR test unknown: 0.16101534494542857
Epoch: 254, Best AUROC test all: 0.645232755589987, AUPR test all: 0.34330372868324355, AUROC test unknown: 0.5706533907095203, AUPR test unknown: 0.18189066383173336
pseudo_counter: Counter({0: 160545, -1: 8570, 1: 228})
max_probs: 0.9523727893829346， num of >0.5: 588
AUROC test all: 0.6311925581114368, AUPR test all: 0.31911583822831857, AUROC test unknown: 0.5547202358710218, AUPR test unknown: 0.16094314226934228
Epoch: 255, Best AUROC test all: 0.645232755589987, AUPR test all: 0.34330372868324355, AUROC test unknown: 0.5706533907095203, AUPR test unknown: 0.18189066383173336
pseudo_counter: Counter({0: 160543, -1: 8570, 1: 230})
max_probs: 0.9526305198669434， num of >0.5: 688
AUROC test all: 0.6319629418552762, AUPR test all: 0.31940084116201456, AUROC test unknown: 0.5556291051220879, AUPR test unknown: 0.16135171851595195
Epoch: 256, Best AUROC test all: 0.645232755589987, AUPR test all: 0.34330372868324355, AUROC test unknown: 0.5706533907095203, AUPR test unknown: 0.18189066383173336
pseudo_counter: Counter({0: 160541, -1: 8570, 1: 232})
max_probs: 0.9502583742141724， num of >0.5: 1002
AUROC test all: 0.6311681166292925, AUPR test all: 0.3184443280825767, AUROC test unknown: 0.5548915219095424, AUPR test unknown: 0.16102812457070065
Epoch: 257, Best AUROC test all: 0.645232755589987, AUPR test all: 0.34330372868324355, AUROC test unknown: 0.5706533907095203, AUPR test unknown: 0.18189066383173336
pseudo_counter: Counter({0: 160532, -1: 8570, 1: 241})
max_probs: 0.9539764523506165， num of >0.5: 904
AUROC test all: 0.6300594629947148, AUPR test all: 0.3170963976231056, AUROC test unknown: 0.5537378119774248, AUPR test unknown: 0.16048532211182923
Epoch: 258, Best AUROC test all: 0.645232755589987, AUPR test all: 0.34330372868324355, AUROC test unknown: 0.5706533907095203, AUPR test unknown: 0.18189066383173336
pseudo_counter: Counter({0: 160528, -1: 8570, 1: 245})
max_probs: 0.9291993975639343， num of >0.5: 616
AUROC test all: 0.6300126060974486, AUPR test all: 0.31693113808464735, AUROC test unknown: 0.5536573196994738, AUPR test unknown: 0.1605688132157429
Epoch: 259, Best AUROC test all: 0.645232755589987, AUPR test all: 0.34330372868324355, AUROC test unknown: 0.5706533907095203, AUPR test unknown: 0.18189066383173336
pseudo_counter: Counter({0: 160526, -1: 8570, 1: 247})
max_probs: 0.9620549082756042， num of >0.5: 754
AUROC test all: 0.6297931030419246, AUPR test all: 0.31725308667072616, AUROC test unknown: 0.5534608749584067, AUPR test unknown: 0.16059690016752995
Epoch: 260, Best AUROC test all: 0.645232755589987, AUPR test all: 0.34330372868324355, AUROC test unknown: 0.5706533907095203, AUPR test unknown: 0.18189066383173336
pseudo_counter: Counter({0: 160525, -1: 8570, 1: 248})
max_probs: 0.931092381477356， num of >0.5: 951
AUROC test all: 0.6293954988343478, AUPR test all: 0.31659959328142717, AUROC test unknown: 0.553247359291661, AUPR test unknown: 0.16040159585739217
Epoch: 261, Best AUROC test all: 0.645232755589987, AUPR test all: 0.34330372868324355, AUROC test unknown: 0.5706533907095203, AUPR test unknown: 0.18189066383173336
pseudo_counter: Counter({0: 160521, -1: 8570, 1: 252})
max_probs: 0.9634802341461182， num of >0.5: 876
AUROC test all: 0.6282262590503722, AUPR test all: 0.31526011244803087, AUROC test unknown: 0.5517457943656103, AUPR test unknown: 0.16005418763577914
Epoch: 262, Best AUROC test all: 0.645232755589987, AUPR test all: 0.34330372868324355, AUROC test unknown: 0.5706533907095203, AUPR test unknown: 0.18189066383173336
pseudo_counter: Counter({0: 160516, -1: 8570, 1: 257})
max_probs: 0.948817789554596， num of >0.5: 759
AUROC test all: 0.6281821328330879, AUPR test all: 0.31558015888668556, AUROC test unknown: 0.5516495460737671, AUPR test unknown: 0.16004166229102854
Epoch: 263, Best AUROC test all: 0.645232755589987, AUPR test all: 0.34330372868324355, AUROC test unknown: 0.5706533907095203, AUPR test unknown: 0.18189066383173336
pseudo_counter: Counter({0: 160515, -1: 8570, 1: 258})
max_probs: 0.9401152729988098， num of >0.5: 696
AUROC test all: 0.6283473384301963, AUPR test all: 0.31616908511682684, AUROC test unknown: 0.5518848875651561, AUPR test unknown: 0.16030481034732924
Epoch: 264, Best AUROC test all: 0.645232755589987, AUPR test all: 0.34330372868324355, AUROC test unknown: 0.5706533907095203, AUPR test unknown: 0.18189066383173336
pseudo_counter: Counter({0: 160513, -1: 8570, 1: 260})
max_probs: 0.9346644878387451， num of >0.5: 754
AUROC test all: 0.6294894128245654, AUPR test all: 0.3175306942229147, AUROC test unknown: 0.5530132254316824, AUPR test unknown: 0.16090173841927363
Epoch: 265, Best AUROC test all: 0.645232755589987, AUPR test all: 0.34330372868324355, AUROC test unknown: 0.5706533907095203, AUPR test unknown: 0.18189066383173336
pseudo_counter: Counter({0: 160513, -1: 8570, 1: 260})
max_probs: 0.9508671760559082， num of >0.5: 817
AUROC test all: 0.629008934782192, AUPR test all: 0.31685712195282734, AUROC test unknown: 0.5523793123624515, AUPR test unknown: 0.16088425495752604
Epoch: 266, Best AUROC test all: 0.645232755589987, AUPR test all: 0.34330372868324355, AUROC test unknown: 0.5706533907095203, AUPR test unknown: 0.18189066383173336
pseudo_counter: Counter({0: 160511, -1: 8570, 1: 262})
max_probs: 0.9311748743057251， num of >0.5: 627
AUROC test all: 0.6293861713137328, AUPR test all: 0.3179633662168797, AUROC test unknown: 0.5527442974830363, AUPR test unknown: 0.1610964602999228
Epoch: 267, Best AUROC test all: 0.645232755589987, AUPR test all: 0.34330372868324355, AUROC test unknown: 0.5706533907095203, AUPR test unknown: 0.18189066383173336
pseudo_counter: Counter({0: 160510, -1: 8570, 1: 263})
max_probs: 0.9592455625534058， num of >0.5: 793
AUROC test all: 0.6302802949540731, AUPR test all: 0.31878694679470987, AUROC test unknown: 0.5536852877106242, AUPR test unknown: 0.16143311118807743
Epoch: 268, Best AUROC test all: 0.645232755589987, AUPR test all: 0.34330372868324355, AUROC test unknown: 0.5706533907095203, AUPR test unknown: 0.18189066383173336
pseudo_counter: Counter({0: 160508, -1: 8570, 1: 265})
max_probs: 0.9471370577812195， num of >0.5: 927
AUROC test all: 0.6303529658523457, AUPR test all: 0.31907628686991074, AUROC test unknown: 0.5537499572452625, AUPR test unknown: 0.16154004793549967
Epoch: 269, Best AUROC test all: 0.645232755589987, AUPR test all: 0.34330372868324355, AUROC test unknown: 0.5706533907095203, AUPR test unknown: 0.18189066383173336
pseudo_counter: Counter({0: 160506, -1: 8570, 1: 267})
max_probs: 0.9412519931793213， num of >0.5: 656
AUROC test all: 0.6300510172561773, AUPR test all: 0.3187873326841496, AUROC test unknown: 0.5534781823457755, AUPR test unknown: 0.16145121244106872
Epoch: 270, Best AUROC test all: 0.645232755589987, AUPR test all: 0.34330372868324355, AUROC test unknown: 0.5706533907095203, AUPR test unknown: 0.18189066383173336
pseudo_counter: Counter({0: 160504, -1: 8570, 1: 269})
max_probs: 0.9432384371757507， num of >0.5: 699
AUROC test all: 0.6297786002325818, AUPR test all: 0.31830055904612703, AUROC test unknown: 0.5531295813511411, AUPR test unknown: 0.16136812805043607
Epoch: 271, Best AUROC test all: 0.645232755589987, AUPR test all: 0.34330372868324355, AUROC test unknown: 0.5706533907095203, AUPR test unknown: 0.18189066383173336
pseudo_counter: Counter({0: 160501, -1: 8570, 1: 272})
max_probs: 0.9618560075759888， num of >0.5: 822
AUROC test all: 0.6291859511120241, AUPR test all: 0.31790345232849937, AUROC test unknown: 0.5526026511132008, AUPR test unknown: 0.16104937134924038
Epoch: 272, Best AUROC test all: 0.645232755589987, AUPR test all: 0.34330372868324355, AUROC test unknown: 0.5706533907095203, AUPR test unknown: 0.18189066383173336
pseudo_counter: Counter({0: 160500, -1: 8570, 1: 273})
max_probs: 0.9449315667152405， num of >0.5: 762
AUROC test all: 0.6280185351676297, AUPR test all: 0.31602215016499235, AUROC test unknown: 0.5515631056379315, AUPR test unknown: 0.16047059842887992
Epoch: 273, Best AUROC test all: 0.645232755589987, AUPR test all: 0.34330372868324355, AUROC test unknown: 0.5706533907095203, AUPR test unknown: 0.18189066383173336
pseudo_counter: Counter({0: 160498, -1: 8570, 1: 275})
max_probs: 0.9750291705131531， num of >0.5: 590
AUROC test all: 0.6282023971604721, AUPR test all: 0.31585557849959567, AUROC test unknown: 0.551810364319421, AUPR test unknown: 0.1604885032231436
Epoch: 274, Best AUROC test all: 0.645232755589987, AUPR test all: 0.34330372868324355, AUROC test unknown: 0.5706533907095203, AUPR test unknown: 0.18189066383173336
pseudo_counter: Counter({0: 160497, -1: 8570, 1: 276})
max_probs: 0.9655379056930542， num of >0.5: 769
AUROC test all: 0.6278875387870675, AUPR test all: 0.31594235104435653, AUROC test unknown: 0.5513905484895008, AUPR test unknown: 0.1604143634310973
Epoch: 275, Best AUROC test all: 0.645232755589987, AUPR test all: 0.34330372868324355, AUROC test unknown: 0.5706533907095203, AUPR test unknown: 0.18189066383173336
pseudo_counter: Counter({0: 160496, -1: 8570, 1: 277})
max_probs: 0.9758568406105042， num of >0.5: 948
AUROC test all: 0.6281227184650653, AUPR test all: 0.3161093616681384, AUROC test unknown: 0.5516126832019626, AUPR test unknown: 0.16054617612293548
Epoch: 276, Best AUROC test all: 0.645232755589987, AUPR test all: 0.34330372868324355, AUROC test unknown: 0.5706533907095203, AUPR test unknown: 0.18189066383173336
pseudo_counter: Counter({0: 160492, -1: 8570, 1: 281})
max_probs: 0.9827390909194946， num of >0.5: 756
AUROC test all: 0.6279461802751309, AUPR test all: 0.31622500501253326, AUROC test unknown: 0.5515344321770355, AUPR test unknown: 0.16030382132420024
Epoch: 277, Best AUROC test all: 0.645232755589987, AUPR test all: 0.34330372868324355, AUROC test unknown: 0.5706533907095203, AUPR test unknown: 0.18189066383173336
pseudo_counter: Counter({0: 160489, -1: 8570, 1: 284})
max_probs: 0.963538646697998， num of >0.5: 634
AUROC test all: 0.6283925741216736, AUPR test all: 0.3166680922030194, AUROC test unknown: 0.5520893162247367, AUPR test unknown: 0.160958802571168
Epoch: 278, Best AUROC test all: 0.645232755589987, AUPR test all: 0.34330372868324355, AUROC test unknown: 0.5706533907095203, AUPR test unknown: 0.18189066383173336
pseudo_counter: Counter({0: 160488, -1: 8570, 1: 285})
max_probs: 0.9917424917221069， num of >0.5: 800
AUROC test all: 0.6282264985266721, AUPR test all: 0.31569706124123653, AUROC test unknown: 0.5520459985647548, AUPR test unknown: 0.16055913791114507
Epoch: 279, Best AUROC test all: 0.645232755589987, AUPR test all: 0.34330372868324355, AUROC test unknown: 0.5706533907095203, AUPR test unknown: 0.18189066383173336
pseudo_counter: Counter({0: 160487, -1: 8570, 1: 286})
max_probs: 0.9863098859786987， num of >0.5: 886
AUROC test all: 0.6281452124414169, AUPR test all: 0.3151152634447605, AUROC test unknown: 0.5520536050342898, AUPR test unknown: 0.16038150309412352
Epoch: 280, Best AUROC test all: 0.645232755589987, AUPR test all: 0.34330372868324355, AUROC test unknown: 0.5706533907095203, AUPR test unknown: 0.18189066383173336
pseudo_counter: Counter({0: 160485, -1: 8570, 1: 288})
max_probs: 0.971271276473999， num of >0.5: 708
AUROC test all: 0.627555918698067, AUPR test all: 0.3137604736178987, AUROC test unknown: 0.5516853631757814, AUPR test unknown: 0.16011305789210428
Epoch: 281, Best AUROC test all: 0.645232755589987, AUPR test all: 0.34330372868324355, AUROC test unknown: 0.5706533907095203, AUPR test unknown: 0.18189066383173336
pseudo_counter: Counter({0: 160482, -1: 8570, 1: 291})
max_probs: 0.9907638430595398， num of >0.5: 596
AUROC test all: 0.627900266654422, AUPR test all: 0.3139274840783366, AUROC test unknown: 0.5521246864107345, AUPR test unknown: 0.16022376150537349
Epoch: 282, Best AUROC test all: 0.645232755589987, AUPR test all: 0.34330372868324355, AUROC test unknown: 0.5706533907095203, AUPR test unknown: 0.18189066383173336
pseudo_counter: Counter({0: 160482, -1: 8570, 1: 291})
max_probs: 0.9916084408760071， num of >0.5: 880
AUROC test all: 0.626148278090228, AUPR test all: 0.31212556026982097, AUROC test unknown: 0.5502559057193418, AUPR test unknown: 0.15946384720034695
Epoch: 283, Best AUROC test all: 0.645232755589987, AUPR test all: 0.34330372868324355, AUROC test unknown: 0.5706533907095203, AUPR test unknown: 0.18189066383173336
pseudo_counter: Counter({0: 160476, -1: 8570, 1: 297})
max_probs: 0.9878035187721252， num of >0.5: 720
AUROC test all: 0.6256208389892339, AUPR test all: 0.31179474738073454, AUROC test unknown: 0.5497424500335164, AUPR test unknown: 0.15916421592328067
Epoch: 284, Best AUROC test all: 0.645232755589987, AUPR test all: 0.34330372868324355, AUROC test unknown: 0.5706533907095203, AUPR test unknown: 0.18189066383173336
pseudo_counter: Counter({0: 160474, -1: 8570, 1: 299})
max_probs: 0.9775369167327881， num of >0.5: 669
AUROC test all: 0.6262262223433148, AUPR test all: 0.31230140948748236, AUROC test unknown: 0.5503005985186895, AUPR test unknown: 0.1595247174495934
Epoch: 285, Best AUROC test all: 0.645232755589987, AUPR test all: 0.34330372868324355, AUROC test unknown: 0.5706533907095203, AUPR test unknown: 0.18189066383173336
pseudo_counter: Counter({0: 160473, -1: 8570, 1: 300})
max_probs: 0.9757399559020996， num of >0.5: 967
AUROC test all: 0.6262434849544748, AUPR test all: 0.3117691512764994, AUROC test unknown: 0.5502958333536601, AUPR test unknown: 0.1591996844122661
Epoch: 286, Best AUROC test all: 0.645232755589987, AUPR test all: 0.34330372868324355, AUROC test unknown: 0.5706533907095203, AUPR test unknown: 0.18189066383173336
pseudo_counter: Counter({0: 160471, -1: 8570, 1: 302})
max_probs: 0.9835241436958313， num of >0.5: 709
AUROC test all: 0.6256919201062094, AUPR test all: 0.3114903214044759, AUROC test unknown: 0.5498601530317642, AUPR test unknown: 0.15909940570251116
Epoch: 287, Best AUROC test all: 0.645232755589987, AUPR test all: 0.34330372868324355, AUROC test unknown: 0.5706533907095203, AUPR test unknown: 0.18189066383173336
pseudo_counter: Counter({0: 160470, -1: 8570, 1: 303})
max_probs: 0.9887858629226685， num of >0.5: 583
AUROC test all: 0.6270802755575765, AUPR test all: 0.31304757169179087, AUROC test unknown: 0.5512226656514267, AUPR test unknown: 0.15973637930840592
Epoch: 288, Best AUROC test all: 0.645232755589987, AUPR test all: 0.34330372868324355, AUROC test unknown: 0.5706533907095203, AUPR test unknown: 0.18189066383173336
pseudo_counter: Counter({0: 160468, -1: 8570, 1: 305})
max_probs: 0.9844525456428528， num of >0.5: 887
AUROC test all: 0.6271289942205347, AUPR test all: 0.31325101579467596, AUROC test unknown: 0.5511468985008529, AUPR test unknown: 0.15969632667717848
Epoch: 289, Best AUROC test all: 0.645232755589987, AUPR test all: 0.34330372868324355, AUROC test unknown: 0.5706533907095203, AUPR test unknown: 0.18189066383173336
pseudo_counter: Counter({0: 160463, -1: 8570, 1: 310})
max_probs: 0.9765884876251221， num of >0.5: 702
AUROC test all: 0.6276075771764187, AUPR test all: 0.3127304188253154, AUROC test unknown: 0.5516749552682922, AUPR test unknown: 0.15987837883860512
Epoch: 290, Best AUROC test all: 0.645232755589987, AUPR test all: 0.34330372868324355, AUROC test unknown: 0.5706533907095203, AUPR test unknown: 0.18189066383173336
pseudo_counter: Counter({0: 160462, -1: 8570, 1: 311})
max_probs: 0.9957931041717529， num of >0.5: 679
AUROC test all: 0.627576450810884, AUPR test all: 0.3131710443057627, AUROC test unknown: 0.5517229545959773, AUPR test unknown: 0.16003767867438884
Epoch: 291, Best AUROC test all: 0.645232755589987, AUPR test all: 0.34330372868324355, AUROC test unknown: 0.5706533907095203, AUPR test unknown: 0.18189066383173336
pseudo_counter: Counter({0: 160458, -1: 8570, 1: 315})
max_probs: 0.9941232800483704， num of >0.5: 960
AUROC test all: 0.6264926813103444, AUPR test all: 0.31186276054461304, AUROC test unknown: 0.5507697179798143, AUPR test unknown: 0.1596110120492535
Epoch: 292, Best AUROC test all: 0.645232755589987, AUPR test all: 0.34330372868324355, AUROC test unknown: 0.5706533907095203, AUPR test unknown: 0.18189066383173336
pseudo_counter: Counter({0: 160456, -1: 8570, 1: 317})
max_probs: 0.9903045296669006， num of >0.5: 579
AUROC test all: 0.6272869555241174, AUPR test all: 0.3122740582604877, AUROC test unknown: 0.5515737180112092, AUPR test unknown: 0.15998902320609767
Epoch: 293, Best AUROC test all: 0.645232755589987, AUPR test all: 0.34330372868324355, AUROC test unknown: 0.5706533907095203, AUPR test unknown: 0.18189066383173336
pseudo_counter: Counter({0: 160456, -1: 8570, 1: 317})
max_probs: 0.986717939376831， num of >0.5: 722
AUROC test all: 0.6280080177152864, AUPR test all: 0.3129082170401136, AUROC test unknown: 0.5524264784278854, AUPR test unknown: 0.16044216499375225
Epoch: 294, Best AUROC test all: 0.645232755589987, AUPR test all: 0.34330372868324355, AUROC test unknown: 0.5706533907095203, AUPR test unknown: 0.18189066383173336
pseudo_counter: Counter({0: 160454, -1: 8570, 1: 319})
max_probs: 0.9836302399635315， num of >0.5: 990
AUROC test all: 0.6271695845052332, AUPR test all: 0.31201225356509943, AUROC test unknown: 0.5516410414946724, AUPR test unknown: 0.16016142701801697
Epoch: 295, Best AUROC test all: 0.645232755589987, AUPR test all: 0.34330372868324355, AUROC test unknown: 0.5706533907095203, AUPR test unknown: 0.18189066383173336
pseudo_counter: Counter({0: 160451, -1: 8570, 1: 322})
max_probs: 0.9809112548828125， num of >0.5: 817
AUROC test all: 0.6259401814479959, AUPR test all: 0.3111405340876492, AUROC test unknown: 0.5503187778371531, AUPR test unknown: 0.15974303016657054
Epoch: 296, Best AUROC test all: 0.645232755589987, AUPR test all: 0.34330372868324355, AUROC test unknown: 0.5706533907095203, AUPR test unknown: 0.18189066383173336
pseudo_counter: Counter({0: 160449, -1: 8570, 1: 324})
max_probs: 0.9812479019165039， num of >0.5: 543
AUROC test all: 0.6258409560414027, AUPR test all: 0.31116029258307354, AUROC test unknown: 0.5500057280534574, AUPR test unknown: 0.1594978825667218
Epoch: 297, Best AUROC test all: 0.645232755589987, AUPR test all: 0.34330372868324355, AUROC test unknown: 0.5706533907095203, AUPR test unknown: 0.18189066383173336
pseudo_counter: Counter({0: 160449, -1: 8570, 1: 324})
max_probs: 0.9959916472434998， num of >0.5: 710
AUROC test all: 0.6259191493877676, AUPR test all: 0.3114615306720806, AUROC test unknown: 0.5499117406912623, AUPR test unknown: 0.15936113107237723
Epoch: 298, Best AUROC test all: 0.645232755589987, AUPR test all: 0.34330372868324355, AUROC test unknown: 0.5706533907095203, AUPR test unknown: 0.18189066383173336
pseudo_counter: Counter({0: 160449, -1: 8570, 1: 324})
max_probs: 0.9936603903770447， num of >0.5: 1253
AUROC test all: 0.6244715931736522, AUPR test all: 0.3111468823288721, AUROC test unknown: 0.5484006195988899, AUPR test unknown: 0.15886440220501236
Epoch: 299, Best AUROC test all: 0.645232755589987, AUPR test all: 0.34330372868324355, AUROC test unknown: 0.5706533907095203, AUPR test unknown: 0.18189066383173336
pseudo_counter: Counter({0: 160444, -1: 8570, 1: 329})
max_probs: 0.9871435761451721， num of >0.5: 559
AUROC test all: 0.6232323946146818, AUPR test all: 0.3094618478018951, AUROC test unknown: 0.5469971778902979, AUPR test unknown: 0.15824113213388474
Epoch: 300, Best AUROC test all: 0.645232755589987, AUPR test all: 0.34330372868324355, AUROC test unknown: 0.5706533907095203, AUPR test unknown: 0.18189066383173336
pseudo_counter: Counter({0: 160441, -1: 8570, 1: 332})
max_probs: 0.9788693785667419， num of >0.5: 387
AUROC test all: 0.6243480469712174, AUPR test all: 0.3106082740968527, AUROC test unknown: 0.5480985923177565, AUPR test unknown: 0.15865854561493284
Epoch: 301, Best AUROC test all: 0.645232755589987, AUPR test all: 0.34330372868324355, AUROC test unknown: 0.5706533907095203, AUPR test unknown: 0.18189066383173336
pseudo_counter: Counter({0: 160441, -1: 8570, 1: 332})
max_probs: 0.9957626461982727， num of >0.5: 1178
AUROC test all: 0.6243725487287879, AUPR test all: 0.30965129877749786, AUROC test unknown: 0.5481498268246292, AUPR test unknown: 0.1586589977555295
Epoch: 302, Best AUROC test all: 0.645232755589987, AUPR test all: 0.34330372868324355, AUROC test unknown: 0.5706533907095203, AUPR test unknown: 0.18189066383173336
pseudo_counter: Counter({0: 160438, -1: 8570, 1: 335})
max_probs: 0.992146909236908， num of >0.5: 1323
AUROC test all: 0.6228477550417516, AUPR test all: 0.30783138117166137, AUROC test unknown: 0.546698676489084, AUPR test unknown: 0.15802400027435812
Epoch: 303, Best AUROC test all: 0.645232755589987, AUPR test all: 0.34330372868324355, AUROC test unknown: 0.5706533907095203, AUPR test unknown: 0.18189066383173336
pseudo_counter: Counter({0: 160429, -1: 8570, 1: 344})
max_probs: 0.994584858417511， num of >0.5: 388
AUROC test all: 0.6230989467174036, AUPR test all: 0.30828157170029824, AUROC test unknown: 0.5468979652722739, AUPR test unknown: 0.1581383134239377
Epoch: 304, Best AUROC test all: 0.645232755589987, AUPR test all: 0.34330372868324355, AUROC test unknown: 0.5706533907095203, AUPR test unknown: 0.18189066383173336
pseudo_counter: Counter({0: 160429, -1: 8570, 1: 344})
max_probs: 0.9870080351829529， num of >0.5: 384
AUROC test all: 0.6239891916002063, AUPR test all: 0.30987015545406016, AUROC test unknown: 0.5477093435243654, AUPR test unknown: 0.1585366044458451
Epoch: 305, Best AUROC test all: 0.645232755589987, AUPR test all: 0.34330372868324355, AUROC test unknown: 0.5706533907095203, AUPR test unknown: 0.18189066383173336
pseudo_counter: Counter({0: 160429, -1: 8570, 1: 344})
max_probs: 0.9933763146400452， num of >0.5: 895
AUROC test all: 0.6244357872678389, AUPR test all: 0.31083546457511435, AUROC test unknown: 0.5479668367879517, AUPR test unknown: 0.1587808487154718
Epoch: 306, Best AUROC test all: 0.645232755589987, AUPR test all: 0.34330372868324355, AUROC test unknown: 0.5706533907095203, AUPR test unknown: 0.18189066383173336
pseudo_counter: Counter({0: 160429, -1: 8570, 1: 344})
max_probs: 0.9922938346862793， num of >0.5: 1562
AUROC test all: 0.6235153735183505, AUPR test all: 0.3102872831078977, AUROC test unknown: 0.5468796562591931, AUPR test unknown: 0.1582021748113878
Epoch: 307, Best AUROC test all: 0.645232755589987, AUPR test all: 0.34330372868324355, AUROC test unknown: 0.5706533907095203, AUPR test unknown: 0.18189066383173336
pseudo_counter: Counter({0: 160418, -1: 8570, 1: 355})
max_probs: 0.995976984500885， num of >0.5: 748
AUROC test all: 0.622663286772937, AUPR test all: 0.3099748837111142, AUROC test unknown: 0.545908542660172, AUPR test unknown: 0.15787584025842855
Epoch: 308, Best AUROC test all: 0.645232755589987, AUPR test all: 0.34330372868324355, AUROC test unknown: 0.5706533907095203, AUPR test unknown: 0.18189066383173336
pseudo_counter: Counter({0: 160415, -1: 8570, 1: 358})
max_probs: 0.9940406680107117， num of >0.5: 497
AUROC test all: 0.6227180214652306, AUPR test all: 0.30972709318147384, AUROC test unknown: 0.5459303601008623, AUPR test unknown: 0.1577530735180551
Epoch: 309, Best AUROC test all: 0.645232755589987, AUPR test all: 0.34330372868324355, AUROC test unknown: 0.5706533907095203, AUPR test unknown: 0.18189066383173336
pseudo_counter: Counter({0: 160414, -1: 8570, 1: 359})
max_probs: 0.9961452484130859， num of >0.5: 655
AUROC test all: 0.6229368549894474, AUPR test all: 0.30960477093938676, AUROC test unknown: 0.5462091600684205, AUPR test unknown: 0.15785651653508553
Epoch: 310, Best AUROC test all: 0.645232755589987, AUPR test all: 0.34330372868324355, AUROC test unknown: 0.5706533907095203, AUPR test unknown: 0.18189066383173336
pseudo_counter: Counter({0: 160413, -1: 8570, 1: 360})
max_probs: 0.9917088150978088， num of >0.5: 1145
AUROC test all: 0.6223359329650572, AUPR test all: 0.30871612534228376, AUROC test unknown: 0.5458107755040571, AUPR test unknown: 0.157719824322748
Epoch: 311, Best AUROC test all: 0.645232755589987, AUPR test all: 0.34330372868324355, AUROC test unknown: 0.5706533907095203, AUPR test unknown: 0.18189066383173336
pseudo_counter: Counter({0: 160409, -1: 8570, 1: 364})
max_probs: 0.9957043528556824， num of >0.5: 1113
AUROC test all: 0.6205823936292802, AUPR test all: 0.30539434038136215, AUROC test unknown: 0.5440595604167462, AUPR test unknown: 0.15669176178279956
Epoch: 312, Best AUROC test all: 0.645232755589987, AUPR test all: 0.34330372868324355, AUROC test unknown: 0.5706533907095203, AUPR test unknown: 0.18189066383173336
pseudo_counter: Counter({0: 160405, -1: 8570, 1: 368})
max_probs: 0.9891969561576843， num of >0.5: 537
AUROC test all: 0.61974411537448, AUPR test all: 0.3042292109483515, AUROC test unknown: 0.5434646296483763, AUPR test unknown: 0.15657574603573907
Epoch: 313, Best AUROC test all: 0.645232755589987, AUPR test all: 0.34330372868324355, AUROC test unknown: 0.5706533907095203, AUPR test unknown: 0.18189066383173336
pseudo_counter: Counter({0: 160403, -1: 8570, 1: 370})
max_probs: 0.9936347007751465， num of >0.5: 380
AUROC test all: 0.62068152543965, AUPR test all: 0.3053616623917338, AUROC test unknown: 0.5441634810520394, AUPR test unknown: 0.15681097797727028
Epoch: 314, Best AUROC test all: 0.645232755589987, AUPR test all: 0.34330372868324355, AUROC test unknown: 0.5706533907095203, AUPR test unknown: 0.18189066383173336
pseudo_counter: Counter({0: 160403, -1: 8570, 1: 370})
max_probs: 0.9909732341766357， num of >0.5: 937
AUROC test all: 0.6202505341994302, AUPR test all: 0.30532433757765076, AUROC test unknown: 0.5436106442287396, AUPR test unknown: 0.1565034828110479
Epoch: 315, Best AUROC test all: 0.645232755589987, AUPR test all: 0.34330372868324355, AUROC test unknown: 0.5706533907095203, AUPR test unknown: 0.18189066383173336
pseudo_counter: Counter({0: 160399, -1: 8570, 1: 374})
max_probs: 0.9978768825531006， num of >0.5: 1150
AUROC test all: 0.619776576739117, AUPR test all: 0.30533556556458263, AUROC test unknown: 0.543202142799821, AUPR test unknown: 0.15642648972596732
Epoch: 316, Best AUROC test all: 0.645232755589987, AUPR test all: 0.34330372868324355, AUROC test unknown: 0.5706533907095203, AUPR test unknown: 0.18189066383173336
pseudo_counter: Counter({0: 160397, -1: 8570, 1: 376})
max_probs: 0.9943986535072327， num of >0.5: 653
AUROC test all: 0.6190401490550337, AUPR test all: 0.3047021809732494, AUROC test unknown: 0.5421977313910618, AUPR test unknown: 0.15601883580671577
Epoch: 317, Best AUROC test all: 0.645232755589987, AUPR test all: 0.34330372868324355, AUROC test unknown: 0.5706533907095203, AUPR test unknown: 0.18189066383173336
pseudo_counter: Counter({0: 160396, -1: 8570, 1: 377})
max_probs: 0.9868130683898926， num of >0.5: 403
AUROC test all: 0.6197453653107337, AUPR test all: 0.30588666276483395, AUROC test unknown: 0.5429400879814885, AUPR test unknown: 0.15659326192011638
Epoch: 318, Best AUROC test all: 0.645232755589987, AUPR test all: 0.34330372868324355, AUROC test unknown: 0.5706533907095203, AUPR test unknown: 0.18189066383173336
pseudo_counter: Counter({0: 160396, -1: 8570, 1: 377})
max_probs: 0.9956638216972351， num of >0.5: 725
AUROC test all: 0.6199929619974274, AUPR test all: 0.30585396912504204, AUROC test unknown: 0.5429937718002964, AUPR test unknown: 0.15648129717465278
Epoch: 319, Best AUROC test all: 0.645232755589987, AUPR test all: 0.34330372868324355, AUROC test unknown: 0.5706533907095203, AUPR test unknown: 0.18189066383173336
pseudo_counter: Counter({0: 160395, -1: 8570, 1: 378})
max_probs: 0.9930717349052429， num of >0.5: 1158
AUROC test all: 0.6200235208258031, AUPR test all: 0.30630305491654, AUROC test unknown: 0.543206342817989, AUPR test unknown: 0.15671485614954786
Epoch: 320, Best AUROC test all: 0.645232755589987, AUPR test all: 0.34330372868324355, AUROC test unknown: 0.5706533907095203, AUPR test unknown: 0.18189066383173336
pseudo_counter: Counter({0: 160390, -1: 8570, 1: 383})
max_probs: 0.9910195469856262， num of >0.5: 920
AUROC test all: 0.6189298326991207, AUPR test all: 0.30462359014684504, AUROC test unknown: 0.5421888770813632, AUPR test unknown: 0.1561316213508059
Epoch: 321, Best AUROC test all: 0.645232755589987, AUPR test all: 0.34330372868324355, AUROC test unknown: 0.5706533907095203, AUPR test unknown: 0.18189066383173336
pseudo_counter: Counter({0: 160386, -1: 8570, 1: 387})
max_probs: 0.9976451992988586， num of >0.5: 460
AUROC test all: 0.6186930446831216, AUPR test all: 0.30413407447353424, AUROC test unknown: 0.541887983002671, AUPR test unknown: 0.15587619541315106
Epoch: 322, Best AUROC test all: 0.645232755589987, AUPR test all: 0.34330372868324355, AUROC test unknown: 0.5706533907095203, AUPR test unknown: 0.18189066383173336
pseudo_counter: Counter({0: 160386, -1: 8570, 1: 387})
max_probs: 0.9931244254112244， num of >0.5: 441
AUROC test all: 0.6189621821817307, AUPR test all: 0.30482316779075175, AUROC test unknown: 0.5420533699893166, AUPR test unknown: 0.15605283906787165
Epoch: 323, Best AUROC test all: 0.645232755589987, AUPR test all: 0.34330372868324355, AUROC test unknown: 0.5706533907095203, AUPR test unknown: 0.18189066383173336
pseudo_counter: Counter({0: 160386, -1: 8570, 1: 387})
max_probs: 0.9935985803604126， num of >0.5: 777
AUROC test all: 0.6194087393814509, AUPR test all: 0.30525599467736153, AUROC test unknown: 0.5424546524926424, AUPR test unknown: 0.15613665818430256
Epoch: 324, Best AUROC test all: 0.645232755589987, AUPR test all: 0.34330372868324355, AUROC test unknown: 0.5706533907095203, AUPR test unknown: 0.18189066383173336
pseudo_counter: Counter({0: 160384, -1: 8570, 1: 389})
max_probs: 0.9961404204368591， num of >0.5: 1161
AUROC test all: 0.619039399607993, AUPR test all: 0.304497345688101, AUROC test unknown: 0.5423803540737242, AUPR test unknown: 0.1561054109066691
Epoch: 325, Best AUROC test all: 0.645232755589987, AUPR test all: 0.34330372868324355, AUROC test unknown: 0.5706533907095203, AUPR test unknown: 0.18189066383173336
pseudo_counter: Counter({0: 160380, -1: 8570, 1: 393})
max_probs: 0.9929543137550354， num of >0.5: 669
AUROC test all: 0.6191712185788097, AUPR test all: 0.3039026019908766, AUROC test unknown: 0.5426380692554089, AUPR test unknown: 0.15622437786179183
Epoch: 326, Best AUROC test all: 0.645232755589987, AUPR test all: 0.34330372868324355, AUROC test unknown: 0.5706533907095203, AUPR test unknown: 0.18189066383173336
pseudo_counter: Counter({0: 160380, -1: 8570, 1: 393})
max_probs: 0.9892115592956543， num of >0.5: 421
AUROC test all: 0.6200335291201081, AUPR test all: 0.30476693339443234, AUROC test unknown: 0.5437310975057191, AUPR test unknown: 0.15670457119838072
Epoch: 327, Best AUROC test all: 0.645232755589987, AUPR test all: 0.34330372868324355, AUROC test unknown: 0.5706533907095203, AUPR test unknown: 0.18189066383173336
pseudo_counter: Counter({0: 160380, -1: 8570, 1: 393})
max_probs: 0.9920424818992615， num of >0.5: 667
AUROC test all: 0.6199718829359118, AUPR test all: 0.30491645147273727, AUROC test unknown: 0.543538457197127, AUPR test unknown: 0.15670344551676033
Epoch: 328, Best AUROC test all: 0.645232755589987, AUPR test all: 0.34330372868324355, AUROC test unknown: 0.5706533907095203, AUPR test unknown: 0.18189066383173336
pseudo_counter: Counter({0: 160377, -1: 8570, 1: 396})
max_probs: 0.9959537982940674， num of >0.5: 998
AUROC test all: 0.6201996640423829, AUPR test all: 0.3047029961569658, AUROC test unknown: 0.5438991268063161, AUPR test unknown: 0.15683307761259574
Epoch: 329, Best AUROC test all: 0.645232755589987, AUPR test all: 0.34330372868324355, AUROC test unknown: 0.5706533907095203, AUPR test unknown: 0.18189066383173336
pseudo_counter: Counter({0: 160376, -1: 8570, 1: 397})
max_probs: 0.9961968660354614， num of >0.5: 1007
AUROC test all: 0.6191013309152729, AUPR test all: 0.30326665209411824, AUROC test unknown: 0.5428622113257208, AUPR test unknown: 0.1562614546569885
Epoch: 330, Best AUROC test all: 0.645232755589987, AUPR test all: 0.34330372868324355, AUROC test unknown: 0.5706533907095203, AUPR test unknown: 0.18189066383173336
pseudo_counter: Counter({0: 160373, -1: 8570, 1: 400})
max_probs: 0.9944944977760315， num of >0.5: 534
AUROC test all: 0.6193227575018694, AUPR test all: 0.303356142304267, AUROC test unknown: 0.543073915887553, AUPR test unknown: 0.15643301849494498
Epoch: 331, Best AUROC test all: 0.645232755589987, AUPR test all: 0.34330372868324355, AUROC test unknown: 0.5706533907095203, AUPR test unknown: 0.18189066383173336
pseudo_counter: Counter({0: 160373, -1: 8570, 1: 400})
max_probs: 0.9924833178520203， num of >0.5: 507
AUROC test all: 0.6200637762771228, AUPR test all: 0.30496833917665256, AUROC test unknown: 0.543815629993431, AUPR test unknown: 0.15693293910492576
Epoch: 332, Best AUROC test all: 0.645232755589987, AUPR test all: 0.34330372868324355, AUROC test unknown: 0.5706533907095203, AUPR test unknown: 0.18189066383173336
pseudo_counter: Counter({0: 160373, -1: 8570, 1: 400})
max_probs: 0.9929634928703308， num of >0.5: 817
AUROC test all: 0.6197678373441211, AUPR test all: 0.30374721788330394, AUROC test unknown: 0.5434570171903036, AUPR test unknown: 0.15637014727706391
Epoch: 333, Best AUROC test all: 0.645232755589987, AUPR test all: 0.34330372868324355, AUROC test unknown: 0.5706533907095203, AUPR test unknown: 0.18189066383173336
pseudo_counter: Counter({0: 160372, -1: 8570, 1: 401})
max_probs: 0.9924657344818115， num of >0.5: 825
AUROC test all: 0.6200627651399172, AUPR test all: 0.30392472078356286, AUROC test unknown: 0.5437318997986751, AUPR test unknown: 0.15662408399632508
Epoch: 334, Best AUROC test all: 0.645232755589987, AUPR test all: 0.34330372868324355, AUROC test unknown: 0.5706533907095203, AUPR test unknown: 0.18189066383173336
pseudo_counter: Counter({0: 160367, -1: 8570, 1: 406})
max_probs: 0.9932164549827576， num of >0.5: 629
AUROC test all: 0.6198184200754282, AUPR test all: 0.3039571317365017, AUROC test unknown: 0.5436056451685363, AUPR test unknown: 0.15668349830434794
Epoch: 335, Best AUROC test all: 0.645232755589987, AUPR test all: 0.34330372868324355, AUROC test unknown: 0.5706533907095203, AUPR test unknown: 0.18189066383173336
pseudo_counter: Counter({0: 160364, -1: 8570, 1: 409})
max_probs: 0.9891344308853149， num of >0.5: 515
AUROC test all: 0.6205495813126674, AUPR test all: 0.3044299128305978, AUROC test unknown: 0.5445094164629757, AUPR test unknown: 0.15715026013172032
Epoch: 336, Best AUROC test all: 0.645232755589987, AUPR test all: 0.34330372868324355, AUROC test unknown: 0.5706533907095203, AUPR test unknown: 0.18189066383173336
pseudo_counter: Counter({0: 160364, -1: 8570, 1: 409})
max_probs: 0.992914080619812， num of >0.5: 717
AUROC test all: 0.6208522064835635, AUPR test all: 0.30533658606855335, AUROC test unknown: 0.5447239654091329, AUPR test unknown: 0.15742161006857316
Epoch: 337, Best AUROC test all: 0.645232755589987, AUPR test all: 0.34330372868324355, AUROC test unknown: 0.5706533907095203, AUPR test unknown: 0.18189066383173336
pseudo_counter: Counter({0: 160364, -1: 8570, 1: 409})
max_probs: 0.994948148727417， num of >0.5: 827
AUROC test all: 0.6198290041693664, AUPR test all: 0.30476174491970515, AUROC test unknown: 0.5436687118282734, AUPR test unknown: 0.1570831321708011
Epoch: 338, Best AUROC test all: 0.645232755589987, AUPR test all: 0.34330372868324355, AUROC test unknown: 0.5706533907095203, AUPR test unknown: 0.18189066383173336
pseudo_counter: Counter({0: 160361, -1: 8570, 1: 412})
max_probs: 0.9934518337249756， num of >0.5: 624
AUROC test all: 0.6196832110521021, AUPR test all: 0.30415993328090724, AUROC test unknown: 0.543496752678111, AUPR test unknown: 0.15693472621441146
Epoch: 339, Best AUROC test all: 0.645232755589987, AUPR test all: 0.34330372868324355, AUROC test unknown: 0.5706533907095203, AUPR test unknown: 0.18189066383173336
pseudo_counter: Counter({0: 160361, -1: 8570, 1: 412})
max_probs: 0.994464099407196， num of >0.5: 478
AUROC test all: 0.6199437958063609, AUPR test all: 0.30491163947237837, AUROC test unknown: 0.543783948233377, AUPR test unknown: 0.15723026509813878
Epoch: 340, Best AUROC test all: 0.645232755589987, AUPR test all: 0.34330372868324355, AUROC test unknown: 0.5706533907095203, AUPR test unknown: 0.18189066383173336
pseudo_counter: Counter({0: 160361, -1: 8570, 1: 412})
max_probs: 0.9979050159454346， num of >0.5: 602
AUROC test all: 0.6202182990369545, AUPR test all: 0.3048903069234796, AUROC test unknown: 0.544111619973018, AUPR test unknown: 0.15736460935418797
Epoch: 341, Best AUROC test all: 0.645232755589987, AUPR test all: 0.34330372868324355, AUROC test unknown: 0.5706533907095203, AUPR test unknown: 0.18189066383173336
pseudo_counter: Counter({0: 160361, -1: 8570, 1: 412})
max_probs: 0.9956387877464294， num of >0.5: 880
AUROC test all: 0.6194100416015573, AUPR test all: 0.30396546709638617, AUROC test unknown: 0.5433477802734079, AUPR test unknown: 0.1569521414543051
Epoch: 342, Best AUROC test all: 0.645232755589987, AUPR test all: 0.34330372868324355, AUROC test unknown: 0.5706533907095203, AUPR test unknown: 0.18189066383173336
pseudo_counter: Counter({0: 160360, -1: 8570, 1: 413})
max_probs: 0.9965832829475403， num of >0.5: 728
AUROC test all: 0.6192440322417996, AUPR test all: 0.3027157201331513, AUROC test unknown: 0.5432652698582389, AUPR test unknown: 0.15679913658008482
Epoch: 343, Best AUROC test all: 0.645232755589987, AUPR test all: 0.34330372868324355, AUROC test unknown: 0.5706533907095203, AUPR test unknown: 0.18189066383173336
pseudo_counter: Counter({0: 160359, -1: 8570, 1: 414})
max_probs: 0.9944370985031128， num of >0.5: 536
AUROC test all: 0.6188512105168021, AUPR test all: 0.30205524781106596, AUROC test unknown: 0.5428820710278739, AUPR test unknown: 0.15654656496468958
Epoch: 344, Best AUROC test all: 0.645232755589987, AUPR test all: 0.34330372868324355, AUROC test unknown: 0.5706533907095203, AUPR test unknown: 0.18189066383173336
pseudo_counter: Counter({0: 160359, -1: 8570, 1: 414})
max_probs: 0.9942227005958557， num of >0.5: 587
AUROC test all: 0.6180686557421858, AUPR test all: 0.30182142890083313, AUROC test unknown: 0.5421036155319569, AUPR test unknown: 0.15639966426524746
Epoch: 345, Best AUROC test all: 0.645232755589987, AUPR test all: 0.34330372868324355, AUROC test unknown: 0.5706533907095203, AUPR test unknown: 0.18189066383173336
pseudo_counter: Counter({0: 160359, -1: 8570, 1: 414})
max_probs: 0.9970222115516663， num of >0.5: 765
AUROC test all: 0.6176702645678085, AUPR test all: 0.30053115057325025, AUROC test unknown: 0.5418744100674363, AUPR test unknown: 0.1561890886405852
Epoch: 346, Best AUROC test all: 0.645232755589987, AUPR test all: 0.34330372868324355, AUROC test unknown: 0.5706533907095203, AUPR test unknown: 0.18189066383173336
pseudo_counter: Counter({0: 160358, -1: 8570, 1: 415})
max_probs: 0.9958586096763611， num of >0.5: 849
AUROC test all: 0.617465147157035, AUPR test all: 0.2996695243749683, AUROC test unknown: 0.5416103189751714, AUPR test unknown: 0.15571365102850848
Epoch: 347, Best AUROC test all: 0.645232755589987, AUPR test all: 0.34330372868324355, AUROC test unknown: 0.5706533907095203, AUPR test unknown: 0.18189066383173336
pseudo_counter: Counter({0: 160358, -1: 8570, 1: 415})
max_probs: 0.9957053065299988， num of >0.5: 559
AUROC test all: 0.6170107460248864, AUPR test all: 0.2997450832809394, AUROC test unknown: 0.5410167674525933, AUPR test unknown: 0.15555788791748304
Epoch: 348, Best AUROC test all: 0.645232755589987, AUPR test all: 0.34330372868324355, AUROC test unknown: 0.5706533907095203, AUPR test unknown: 0.18189066383173336
pseudo_counter: Counter({0: 160358, -1: 8570, 1: 415})
max_probs: 0.9962687492370605， num of >0.5: 520
AUROC test all: 0.6173087276853092, AUPR test all: 0.30040748115444815, AUROC test unknown: 0.5413364297796603, AUPR test unknown: 0.15577522438196262
Epoch: 349, Best AUROC test all: 0.645232755589987, AUPR test all: 0.34330372868324355, AUROC test unknown: 0.5706533907095203, AUPR test unknown: 0.18189066383173336
pseudo_counter: Counter({0: 160357, -1: 8570, 1: 416})
max_probs: 0.9945757389068604， num of >0.5: 735
AUROC test all: 0.6170321058750728, AUPR test all: 0.30138991796607206, AUROC test unknown: 0.5408918393691141, AUPR test unknown: 0.15586239849885608
Epoch: 350, Best AUROC test all: 0.645232755589987, AUPR test all: 0.34330372868324355, AUROC test unknown: 0.5706533907095203, AUPR test unknown: 0.18189066383173336
pseudo_counter: Counter({0: 160356, -1: 8570, 1: 417})
max_probs: 0.9962955117225647， num of >0.5: 734
AUROC test all: 0.6165531741344195, AUPR test all: 0.3005432710226476, AUROC test unknown: 0.5401415394111295, AUPR test unknown: 0.155446735080882
Epoch: 351, Best AUROC test all: 0.645232755589987, AUPR test all: 0.34330372868324355, AUROC test unknown: 0.5706533907095203, AUPR test unknown: 0.18189066383173336
pseudo_counter: Counter({0: 160356, -1: 8570, 1: 417})
max_probs: 0.997606635093689， num of >0.5: 595
AUROC test all: 0.6157258210376544, AUPR test all: 0.3003807831362986, AUROC test unknown: 0.5390636619901976, AUPR test unknown: 0.1550738536174332
Epoch: 352, Best AUROC test all: 0.645232755589987, AUPR test all: 0.34330372868324355, AUROC test unknown: 0.5706533907095203, AUPR test unknown: 0.18189066383173336
pseudo_counter: Counter({0: 160354, -1: 8570, 1: 419})
max_probs: 0.9942796230316162， num of >0.5: 457
AUROC test all: 0.6159437424389049, AUPR test all: 0.2998398221448196, AUROC test unknown: 0.539469139378659, AUPR test unknown: 0.1552256458893326
Epoch: 353, Best AUROC test all: 0.645232755589987, AUPR test all: 0.34330372868324355, AUROC test unknown: 0.5706533907095203, AUPR test unknown: 0.18189066383173336
pseudo_counter: Counter({0: 160354, -1: 8570, 1: 419})
max_probs: 0.9952935576438904， num of >0.5: 632
AUROC test all: 0.6156320297654954, AUPR test all: 0.30017065217581446, AUROC test unknown: 0.5390623953289153, AUPR test unknown: 0.15526394217918954
Epoch: 354, Best AUROC test all: 0.645232755589987, AUPR test all: 0.34330372868324355, AUROC test unknown: 0.5706533907095203, AUPR test unknown: 0.18189066383173336
pseudo_counter: Counter({0: 160353, -1: 8570, 1: 420})
max_probs: 0.9969370365142822， num of >0.5: 876
AUROC test all: 0.6152417592487054, AUPR test all: 0.2991853834272056, AUROC test unknown: 0.5387518905026577, AUPR test unknown: 0.15502796909032557
Epoch: 355, Best AUROC test all: 0.645232755589987, AUPR test all: 0.34330372868324355, AUROC test unknown: 0.5706533907095203, AUPR test unknown: 0.18189066383173336
pseudo_counter: Counter({0: 160352, -1: 8570, 1: 421})
max_probs: 0.997549831867218， num of >0.5: 658
AUROC test all: 0.6148459623557614, AUPR test all: 0.2987449133300188, AUROC test unknown: 0.5384100142937019, AUPR test unknown: 0.1549351722269747
Epoch: 356, Best AUROC test all: 0.645232755589987, AUPR test all: 0.34330372868324355, AUROC test unknown: 0.5706533907095203, AUPR test unknown: 0.18189066383173336
pseudo_counter: Counter({0: 160352, -1: 8570, 1: 421})
max_probs: 0.9958102703094482， num of >0.5: 421
AUROC test all: 0.614913540048246, AUPR test all: 0.2988080619354693, AUROC test unknown: 0.5384551777921159, AUPR test unknown: 0.15489122510425068
Epoch: 357, Best AUROC test all: 0.645232755589987, AUPR test all: 0.34330372868324355, AUROC test unknown: 0.5706533907095203, AUPR test unknown: 0.18189066383173336
pseudo_counter: Counter({0: 160352, -1: 8570, 1: 421})
max_probs: 0.995198667049408， num of >0.5: 496
AUROC test all: 0.6155301125531838, AUPR test all: 0.3004317606929654, AUROC test unknown: 0.5388233354688938, AUPR test unknown: 0.15525018756691902
Epoch: 358, Best AUROC test all: 0.645232755589987, AUPR test all: 0.34330372868324355, AUROC test unknown: 0.5706533907095203, AUPR test unknown: 0.18189066383173336
pseudo_counter: Counter({0: 160352, -1: 8570, 1: 421})
max_probs: 0.9965720176696777， num of >0.5: 923
AUROC test all: 0.6151299851756314, AUPR test all: 0.300784897809668, AUROC test unknown: 0.5385163146027916, AUPR test unknown: 0.15522538629099938
Epoch: 359, Best AUROC test all: 0.645232755589987, AUPR test all: 0.34330372868324355, AUROC test unknown: 0.5706533907095203, AUPR test unknown: 0.18189066383173336
pseudo_counter: Counter({0: 160351, -1: 8570, 1: 422})
max_probs: 0.9976691603660583， num of >0.5: 738
AUROC test all: 0.6148733571983387, AUPR test all: 0.3004479242427003, AUROC test unknown: 0.5382223798893564, AUPR test unknown: 0.15506613818294362
Epoch: 360, Best AUROC test all: 0.645232755589987, AUPR test all: 0.34330372868324355, AUROC test unknown: 0.5706533907095203, AUPR test unknown: 0.18189066383173336
pseudo_counter: Counter({0: 160350, -1: 8570, 1: 423})
max_probs: 0.9944357872009277， num of >0.5: 466
AUROC test all: 0.6151141221734127, AUPR test all: 0.30043978809506267, AUROC test unknown: 0.53832824765492, AUPR test unknown: 0.15501503228709151
Epoch: 361, Best AUROC test all: 0.645232755589987, AUPR test all: 0.34330372868324355, AUROC test unknown: 0.5706533907095203, AUPR test unknown: 0.18189066383173336
pseudo_counter: Counter({0: 160350, -1: 8570, 1: 423})
max_probs: 0.9964674711227417， num of >0.5: 580
AUROC test all: 0.6150353667079045, AUPR test all: 0.3006922075145297, AUROC test unknown: 0.5383003167727036, AUPR test unknown: 0.15513876633724152
Epoch: 362, Best AUROC test all: 0.645232755589987, AUPR test all: 0.34330372868324355, AUROC test unknown: 0.5706533907095203, AUPR test unknown: 0.18189066383173336
pseudo_counter: Counter({0: 160350, -1: 8570, 1: 423})
max_probs: 0.9977841973304749， num of >0.5: 879
AUROC test all: 0.6155991659777321, AUPR test all: 0.30099026535363643, AUROC test unknown: 0.5389449595905519, AUPR test unknown: 0.15538110337719316
Epoch: 363, Best AUROC test all: 0.645232755589987, AUPR test all: 0.34330372868324355, AUROC test unknown: 0.5706533907095203, AUPR test unknown: 0.18189066383173336
pseudo_counter: Counter({0: 160348, -1: 8570, 1: 425})
max_probs: 0.9965067505836487， num of >0.5: 857
AUROC test all: 0.615195431827037, AUPR test all: 0.3005484226596506, AUROC test unknown: 0.5386739727826313, AUPR test unknown: 0.15526582000957712
Epoch: 364, Best AUROC test all: 0.645232755589987, AUPR test all: 0.34330372868324355, AUROC test unknown: 0.5706533907095203, AUPR test unknown: 0.18189066383173336
pseudo_counter: Counter({0: 160347, -1: 8570, 1: 426})
max_probs: 0.994890570640564， num of >0.5: 527
AUROC test all: 0.615164464480267, AUPR test all: 0.29962925066119445, AUROC test unknown: 0.5386452681813388, AUPR test unknown: 0.15513458706736927
Epoch: 365, Best AUROC test all: 0.645232755589987, AUPR test all: 0.34330372868324355, AUROC test unknown: 0.5706533907095203, AUPR test unknown: 0.18189066383173336
pseudo_counter: Counter({0: 160347, -1: 8570, 1: 426})
max_probs: 0.9961596727371216， num of >0.5: 469
AUROC test all: 0.6142428858573736, AUPR test all: 0.2992739785387584, AUROC test unknown: 0.5377521816359332, AUPR test unknown: 0.15483523697650653
Epoch: 366, Best AUROC test all: 0.645232755589987, AUPR test all: 0.34330372868324355, AUROC test unknown: 0.5706533907095203, AUPR test unknown: 0.18189066383173336
pseudo_counter: Counter({0: 160347, -1: 8570, 1: 426})
max_probs: 0.9981526732444763， num of >0.5: 610
AUROC test all: 0.6145511563298712, AUPR test all: 0.2991883527169892, AUROC test unknown: 0.5378760798620223, AUPR test unknown: 0.15487696074876683
Epoch: 367, Best AUROC test all: 0.645232755589987, AUPR test all: 0.34330372868324355, AUROC test unknown: 0.5706533907095203, AUPR test unknown: 0.18189066383173336
pseudo_counter: Counter({0: 160347, -1: 8570, 1: 426})
max_probs: 0.9974830746650696， num of >0.5: 763
AUROC test all: 0.6138882760435724, AUPR test all: 0.29759242302048444, AUROC test unknown: 0.5373480352427595, AUPR test unknown: 0.15471032575468394
Epoch: 368, Best AUROC test all: 0.645232755589987, AUPR test all: 0.34330372868324355, AUROC test unknown: 0.5706533907095203, AUPR test unknown: 0.18189066383173336
pseudo_counter: Counter({0: 160346, -1: 8570, 1: 427})
max_probs: 0.9967057108879089， num of >0.5: 619
AUROC test all: 0.6130219935548639, AUPR test all: 0.2960903219681437, AUROC test unknown: 0.536757987699163, AUPR test unknown: 0.1544330056302333
Epoch: 369, Best AUROC test all: 0.645232755589987, AUPR test all: 0.34330372868324355, AUROC test unknown: 0.5706533907095203, AUPR test unknown: 0.18189066383173336
pseudo_counter: Counter({0: 160345, -1: 8570, 1: 428})
max_probs: 0.9951128363609314， num of >0.5: 413
AUROC test all: 0.613427080719564, AUPR test all: 0.2965429269794139, AUROC test unknown: 0.5371853501132406, AUPR test unknown: 0.15474462892696983
Epoch: 370, Best AUROC test all: 0.645232755589987, AUPR test all: 0.34330372868324355, AUROC test unknown: 0.5706533907095203, AUPR test unknown: 0.18189066383173336
pseudo_counter: Counter({0: 160345, -1: 8570, 1: 428})
max_probs: 0.9979349374771118， num of >0.5: 479
AUROC test all: 0.6133426013912247, AUPR test all: 0.2973031101948953, AUROC test unknown: 0.5370348028942133, AUPR test unknown: 0.1547188142631726
Epoch: 371, Best AUROC test all: 0.645232755589987, AUPR test all: 0.34330372868324355, AUROC test unknown: 0.5706533907095203, AUPR test unknown: 0.18189066383173336
pseudo_counter: Counter({0: 160344, -1: 8570, 1: 429})
max_probs: 0.9976571798324585， num of >0.5: 725
AUROC test all: 0.6136105853942619, AUPR test all: 0.2975994099137786, AUROC test unknown: 0.5373616581395091, AUPR test unknown: 0.15481589156145295
Epoch: 372, Best AUROC test all: 0.645232755589987, AUPR test all: 0.34330372868324355, AUROC test unknown: 0.5706533907095203, AUPR test unknown: 0.18189066383173336
pseudo_counter: Counter({0: 160342, -1: 8570, 1: 431})
max_probs: 0.9946893453598022， num of >0.5: 563
AUROC test all: 0.6137621272972302, AUPR test all: 0.29786375425555833, AUROC test unknown: 0.5374751103025687, AUPR test unknown: 0.15485255676489199
Epoch: 373, Best AUROC test all: 0.645232755589987, AUPR test all: 0.34330372868324355, AUROC test unknown: 0.5706533907095203, AUPR test unknown: 0.18189066383173336
pseudo_counter: Counter({0: 160341, -1: 8570, 1: 432})
max_probs: 0.9975989460945129， num of >0.5: 507
AUROC test all: 0.6134969916805689, AUPR test all: 0.29805131143570773, AUROC test unknown: 0.5371402376029482, AUPR test unknown: 0.15456171956034676
Epoch: 374, Best AUROC test all: 0.645232755589987, AUPR test all: 0.34330372868324355, AUROC test unknown: 0.5706533907095203, AUPR test unknown: 0.18189066383173336
pseudo_counter: Counter({0: 160340, -1: 8570, 1: 433})
max_probs: 0.9952757358551025， num of >0.5: 563
AUROC test all: 0.6133346060252535, AUPR test all: 0.2981032931622012, AUROC test unknown: 0.5369845438345878, AUPR test unknown: 0.15463139353942773
Epoch: 375, Best AUROC test all: 0.645232755589987, AUPR test all: 0.34330372868324355, AUROC test unknown: 0.5706533907095203, AUPR test unknown: 0.18189066383173336
pseudo_counter: Counter({0: 160340, -1: 8570, 1: 433})
max_probs: 0.9991586208343506， num of >0.5: 641
AUROC test all: 0.6130301064917786, AUPR test all: 0.2971723580242654, AUROC test unknown: 0.5366361811837554, AUPR test unknown: 0.15413567460846536
Epoch: 376, Best AUROC test all: 0.645232755589987, AUPR test all: 0.34330372868324355, AUROC test unknown: 0.5706533907095203, AUPR test unknown: 0.18189066383173336
pseudo_counter: Counter({0: 160339, -1: 8570, 1: 434})
max_probs: 0.9981178045272827， num of >0.5: 710
AUROC test all: 0.612907691706501, AUPR test all: 0.2962781434741778, AUROC test unknown: 0.5367161425350606, AUPR test unknown: 0.1542030821306014
Epoch: 377, Best AUROC test all: 0.645232755589987, AUPR test all: 0.34330372868324355, AUROC test unknown: 0.5706533907095203, AUPR test unknown: 0.18189066383173336
pseudo_counter: Counter({0: 160339, -1: 8570, 1: 434})
max_probs: 0.9964196681976318， num of >0.5: 600
AUROC test all: 0.6127147384185341, AUPR test all: 0.29529307677000755, AUROC test unknown: 0.5366155735987894, AUPR test unknown: 0.15416486793448617
Epoch: 378, Best AUROC test all: 0.645232755589987, AUPR test all: 0.34330372868324355, AUROC test unknown: 0.5706533907095203, AUPR test unknown: 0.18189066383173336
pseudo_counter: Counter({0: 160339, -1: 8570, 1: 434})
max_probs: 0.9971117973327637， num of >0.5: 463
AUROC test all: 0.6129441815013633, AUPR test all: 0.29564944404997134, AUROC test unknown: 0.5368729500003392, AUPR test unknown: 0.15414837427552455
Epoch: 379, Best AUROC test all: 0.645232755589987, AUPR test all: 0.34330372868324355, AUROC test unknown: 0.5706533907095203, AUPR test unknown: 0.18189066383173336
pseudo_counter: Counter({0: 160339, -1: 8570, 1: 434})
max_probs: 0.9948574304580688， num of >0.5: 469
AUROC test all: 0.6129773415191426, AUPR test all: 0.2955863697568164, AUROC test unknown: 0.5369684100295148, AUPR test unknown: 0.1542636678176639
Epoch: 380, Best AUROC test all: 0.645232755589987, AUPR test all: 0.34330372868324355, AUROC test unknown: 0.5706533907095203, AUPR test unknown: 0.18189066383173336
pseudo_counter: Counter({0: 160339, -1: 8570, 1: 434})
max_probs: 0.9970539808273315， num of >0.5: 576
AUROC test all: 0.6133390921423667, AUPR test all: 0.2957184583484723, AUROC test unknown: 0.5374864431824868, AUPR test unknown: 0.15439694838126788
Epoch: 381, Best AUROC test all: 0.645232755589987, AUPR test all: 0.34330372868324355, AUROC test unknown: 0.5706533907095203, AUPR test unknown: 0.18189066383173336
pseudo_counter: Counter({0: 160339, -1: 8570, 1: 434})
max_probs: 0.9988151788711548， num of >0.5: 718
AUROC test all: 0.6137193033000524, AUPR test all: 0.2969956366185231, AUROC test unknown: 0.5377294226260091, AUPR test unknown: 0.1547515214598204
Epoch: 382, Best AUROC test all: 0.645232755589987, AUPR test all: 0.34330372868324355, AUROC test unknown: 0.5706533907095203, AUPR test unknown: 0.18189066383173336
pseudo_counter: Counter({0: 160338, -1: 8570, 1: 435})
max_probs: 0.9975720047950745， num of >0.5: 633
AUROC test all: 0.6139493919394688, AUPR test all: 0.29644804731819624, AUROC test unknown: 0.5380947677432626, AUPR test unknown: 0.15481092123908474
Epoch: 383, Best AUROC test all: 0.645232755589987, AUPR test all: 0.34330372868324355, AUROC test unknown: 0.5706533907095203, AUPR test unknown: 0.18189066383173336
pseudo_counter: Counter({0: 160337, -1: 8570, 1: 436})
max_probs: 0.9978716373443604， num of >0.5: 470
AUROC test all: 0.6138310390406645, AUPR test all: 0.29633171147462745, AUROC test unknown: 0.5378980761033395, AUPR test unknown: 0.1546422607696259
Epoch: 384, Best AUROC test all: 0.645232755589987, AUPR test all: 0.34330372868324355, AUROC test unknown: 0.5706533907095203, AUPR test unknown: 0.18189066383173336
pseudo_counter: Counter({0: 160337, -1: 8570, 1: 436})
max_probs: 0.9983804225921631， num of >0.5: 512
AUROC test all: 0.6137697882361737, AUPR test all: 0.29626358473874187, AUROC test unknown: 0.5380835601093337, AUPR test unknown: 0.15498405155027623
Epoch: 385, Best AUROC test all: 0.645232755589987, AUPR test all: 0.34330372868324355, AUROC test unknown: 0.5706533907095203, AUPR test unknown: 0.18189066383173336
pseudo_counter: Counter({0: 160337, -1: 8570, 1: 436})
max_probs: 0.9984667897224426， num of >0.5: 632
AUROC test all: 0.6137196128042072, AUPR test all: 0.2955104748872055, AUROC test unknown: 0.538203300065918, AUPR test unknown: 0.15488991198550361
Epoch: 386, Best AUROC test all: 0.645232755589987, AUPR test all: 0.34330372868324355, AUROC test unknown: 0.5706533907095203, AUPR test unknown: 0.18189066383173336
pseudo_counter: Counter({0: 160336, -1: 8570, 1: 437})
max_probs: 0.9978152513504028， num of >0.5: 603
AUROC test all: 0.6137462698484777, AUPR test all: 0.29560736677890587, AUROC test unknown: 0.5382568199698929, AUPR test unknown: 0.1549543262735183
Epoch: 387, Best AUROC test all: 0.645232755589987, AUPR test all: 0.34330372868324355, AUROC test unknown: 0.5706533907095203, AUPR test unknown: 0.18189066383173336
pseudo_counter: Counter({0: 160335, -1: 8570, 1: 438})
max_probs: 0.9976911544799805， num of >0.5: 541
AUROC test all: 0.6136248496754575, AUPR test all: 0.2948986221169343, AUROC test unknown: 0.538200405206775, AUPR test unknown: 0.1549424048452432
Epoch: 388, Best AUROC test all: 0.645232755589987, AUPR test all: 0.34330372868324355, AUROC test unknown: 0.5706533907095203, AUPR test unknown: 0.18189066383173336
pseudo_counter: Counter({0: 160335, -1: 8570, 1: 438})
max_probs: 0.9965303540229797， num of >0.5: 410
AUROC test all: 0.6138691845811667, AUPR test all: 0.29609204773203923, AUROC test unknown: 0.538470196702563, AUPR test unknown: 0.15521664018792725
Epoch: 389, Best AUROC test all: 0.645232755589987, AUPR test all: 0.34330372868324355, AUROC test unknown: 0.5706533907095203, AUPR test unknown: 0.18189066383173336
pseudo_counter: Counter({0: 160335, -1: 8570, 1: 438})
max_probs: 0.9981209635734558， num of >0.5: 495
AUROC test all: 0.6141281963499775, AUPR test all: 0.29643532755223334, AUROC test unknown: 0.5386143770793674, AUPR test unknown: 0.15506030953036698
Epoch: 390, Best AUROC test all: 0.645232755589987, AUPR test all: 0.34330372868324355, AUROC test unknown: 0.5706533907095203, AUPR test unknown: 0.18189066383173336
pseudo_counter: Counter({0: 160334, -1: 8570, 1: 439})
max_probs: 0.9975173473358154， num of >0.5: 597
AUROC test all: 0.6137534492612637, AUPR test all: 0.2958052214779388, AUROC test unknown: 0.5380779977843806, AUPR test unknown: 0.15487074939352696
Epoch: 391, Best AUROC test all: 0.645232755589987, AUPR test all: 0.34330372868324355, AUROC test unknown: 0.5706533907095203, AUPR test unknown: 0.18189066383173336
pseudo_counter: Counter({0: 160334, -1: 8570, 1: 439})
max_probs: 0.9967632293701172， num of >0.5: 545
AUROC test all: 0.6133958291978634, AUPR test all: 0.2961327260432764, AUROC test unknown: 0.5376303361094799, AUPR test unknown: 0.15486923795925278
Epoch: 392, Best AUROC test all: 0.645232755589987, AUPR test all: 0.34330372868324355, AUROC test unknown: 0.5706533907095203, AUPR test unknown: 0.18189066383173336
pseudo_counter: Counter({0: 160334, -1: 8570, 1: 439})
max_probs: 0.9944002032279968， num of >0.5: 419
AUROC test all: 0.6128948951657958, AUPR test all: 0.2957070824041454, AUROC test unknown: 0.5370833040613608, AUPR test unknown: 0.154698485521437
Epoch: 393, Best AUROC test all: 0.645232755589987, AUPR test all: 0.34330372868324355, AUROC test unknown: 0.5706533907095203, AUPR test unknown: 0.18189066383173336
pseudo_counter: Counter({0: 160334, -1: 8570, 1: 439})
max_probs: 0.9972035884857178， num of >0.5: 523
AUROC test all: 0.6130418352770126, AUPR test all: 0.2952054096614402, AUROC test unknown: 0.5374659974591407, AUPR test unknown: 0.1546868903152824
Epoch: 394, Best AUROC test all: 0.645232755589987, AUPR test all: 0.34330372868324355, AUROC test unknown: 0.5706533907095203, AUPR test unknown: 0.18189066383173336
pseudo_counter: Counter({0: 160334, -1: 8570, 1: 439})
max_probs: 0.997809112071991， num of >0.5: 543
AUROC test all: 0.6125835650043042, AUPR test all: 0.2948611985849459, AUROC test unknown: 0.5369582861498156, AUPR test unknown: 0.15463131712183484
Epoch: 395, Best AUROC test all: 0.645232755589987, AUPR test all: 0.34330372868324355, AUROC test unknown: 0.5706533907095203, AUPR test unknown: 0.18189066383173336
pseudo_counter: Counter({0: 160334, -1: 8570, 1: 439})
max_probs: 0.9965450167655945， num of >0.5: 552
AUROC test all: 0.6123021467600976, AUPR test all: 0.2936643915888977, AUROC test unknown: 0.5365185885457031, AUPR test unknown: 0.15413830430850783
Epoch: 396, Best AUROC test all: 0.645232755589987, AUPR test all: 0.34330372868324355, AUROC test unknown: 0.5706533907095203, AUPR test unknown: 0.18189066383173336
pseudo_counter: Counter({0: 160333, -1: 8570, 1: 440})
max_probs: 0.9980167150497437， num of >0.5: 523
AUROC test all: 0.6120497818131159, AUPR test all: 0.2931526536056219, AUROC test unknown: 0.536441100118282, AUPR test unknown: 0.1540842357470148
Epoch: 397, Best AUROC test all: 0.645232755589987, AUPR test all: 0.34330372868324355, AUROC test unknown: 0.5706533907095203, AUPR test unknown: 0.18189066383173336
pseudo_counter: Counter({0: 160333, -1: 8570, 1: 440})
max_probs: 0.9989843964576721， num of >0.5: 499
AUROC test all: 0.611562778583369, AUPR test all: 0.2928561654683091, AUROC test unknown: 0.5357660103768616, AUPR test unknown: 0.15390750965458722
Epoch: 398, Best AUROC test all: 0.645232755589987, AUPR test all: 0.34330372868324355, AUROC test unknown: 0.5706533907095203, AUPR test unknown: 0.18189066383173336
pseudo_counter: Counter({0: 160333, -1: 8570, 1: 440})
max_probs: 0.9975996613502502， num of >0.5: 523
AUROC test all: 0.6117154693765956, AUPR test all: 0.2922841890278539, AUROC test unknown: 0.5361176181307441, AUPR test unknown: 0.15389473147441096
Epoch: 399, Best AUROC test all: 0.645232755589987, AUPR test all: 0.34330372868324355, AUROC test unknown: 0.5706533907095203, AUPR test unknown: 0.18189066383173336
  rotation 4: ROC 0.6452 PR 0.3433
[ogbn-arxiv] params 68097, peak GPU 3.38 GB, 27.8 min total
[ogbn-arxiv] ran 1/4 rotations; no results.csv row written. Merge the shards with:
    python analysis/scripts/merge_rotations.py
