2026-09-14 06:29:25,784 INFO cli={'dataset': 'amazon', 'method': 'demo', 'seed': 1, 'train_seed': None, 'epochs': None, 'set': ['lr=0.003', 'weight_decay=0.0', 'mixup=true', 'energy_loss=false', 'num_epochs=400'], 'tag': 'E400_DT_lr0.003_wd0.0', 'save_scores': False, 'rotations': None}
2026-09-14 06:29:25,784 INFO config={'alpha_plus': 0.05, 'alpha_r': 0.1, 'atlas_gate_q': 0.9, 'batch_size': 512, 'hidden_dim': 64, 'lambda_halo': 0.2, 'lambda_mixup': 0.2, 'lambda_un': 1.0, 'lr': 0.003, 'margin': 0.1, 'n_layers': 2, 'optimiser': 'adam', 'sampling_sizes': [25, 10], 'tau_minus': 0.05, 'tau_mu': 0.05, 'tau_plus': 0.95, 'use_atlas_gate': True, 'use_conformal': True, 'use_pl': True, 'version': 4, 'weight_decay': 0.0, 'loss': 'bce', 'num_epochs': 400, 'ebd_dim': 64, 'drop_out': 0.5, 'gamma': 0.1, 'damping': 0.001, 'p_cutoff': [0.05, 0.95], 'unlabeled_loss': 0.5, 'mixup_loss': 0.1, 'energy_loss_weight': 0.1, 'used_unlabeled_data': True, 'energy_loss': False, 'mixup': True, 'thresh_warmup': True, 'used_augment_for_anormaly': True, 'batch_size_for_anormaly': 20, 'sample_size_for_anormaly': 25, 'div_loss_alpha': 0.5, 'mixup_loss_type': 'consistency', 'device': 0, 'input_dim': 25}
2026-09-14 06:29:29,936 INFO Epoch: 0, loss: 0.46722984313964844, labeled_loss: 0.5462243556976318, unnlabeled_loss: 0.0, mixup_loss: -0.7899449467658997, energy_loss: 0.0
2026-09-14 06:29:29,936 INFO Best AUROC test all: 0.32036929767771793, AUPR test all: 0.04631890455421831, AUROC test unknown: 0.0, AUPR test unknown: 0.0
2026-09-14 06:29:31,157 INFO Epoch: 1, loss: 9.678955078125, labeled_loss: 9.801151275634766, unnlabeled_loss: 0.0, mixup_loss: -1.221959114074707, energy_loss: 0.0
2026-09-14 06:29:31,157 INFO Best AUROC test all: 0.7078628830330196, AUPR test all: 0.16272134378899833, AUROC test unknown: 0.0, AUPR test unknown: 0.0
2026-09-14 06:29:32,428 INFO Epoch: 2, loss: 0.23190264403820038, labeled_loss: 0.3855943977832794, unnlabeled_loss: 0.0, mixup_loss: -1.5369174480438232, energy_loss: 0.0
2026-09-14 06:29:32,428 INFO Best AUROC test all: 0.7161149297822273, AUPR test all: 0.17787018513652675, AUROC test unknown: 0.0, AUPR test unknown: 0.0
2026-09-14 06:29:33,662 INFO Epoch: 3, loss: 0.521356463432312, labeled_loss: 0.6965588331222534, unnlabeled_loss: 0.0, mixup_loss: -1.7520233392715454, energy_loss: 0.0
2026-09-14 06:29:33,662 INFO Best AUROC test all: 0.7199463570497074, AUPR test all: 0.17787018513652675, AUROC test unknown: 0.0, AUPR test unknown: 0.0
2026-09-14 06:29:35,012 INFO Epoch: 4, loss: 0.6322107315063477, labeled_loss: 0.818686306476593, unnlabeled_loss: 0.0, mixup_loss: -1.8647559881210327, energy_loss: 0.0
2026-09-14 06:29:35,012 INFO Best AUROC test all: 0.7199463570497074, AUPR test all: 0.17787018513652675, AUROC test unknown: 0.0, AUPR test unknown: 0.0
2026-09-14 06:29:36,355 INFO Epoch: 5, loss: 0.6335046291351318, labeled_loss: 0.8251287937164307, unnlabeled_loss: 0.0, mixup_loss: -1.9162415266036987, energy_loss: 0.0
2026-09-14 06:29:36,355 INFO Best AUROC test all: 0.7201985545495189, AUPR test all: 0.17787018513652675, AUROC test unknown: 0.0, AUPR test unknown: 0.0
2026-09-14 06:29:37,926 INFO Epoch: 6, loss: 0.3658066689968109, labeled_loss: 0.5572550892829895, unnlabeled_loss: 0.0043681925162673, mixup_loss: -1.9363250732421875, energy_loss: 0.0
2026-09-14 06:29:37,927 INFO Best AUROC test all: 0.7201985545495189, AUPR test all: 0.18232744152834918, AUROC test unknown: 0.0, AUPR test unknown: 0.0
2026-09-14 06:29:39,452 INFO Epoch: 7, loss: 0.3203875422477722, labeled_loss: 0.5082715153694153, unnlabeled_loss: 0.011704790405929089, mixup_loss: -1.9373637437820435, energy_loss: 0.0
2026-09-14 06:29:39,452 INFO Best AUROC test all: 0.7214744493214674, AUPR test all: 0.18956312865641195, AUROC test unknown: 0.0, AUPR test unknown: 0.0
2026-09-14 06:29:40,781 INFO Epoch: 8, loss: 0.16143223643302917, labeled_loss: 0.33893242478370667, unnlabeled_loss: 0.03213339298963547, mixup_loss: -1.9356688261032104, energy_loss: 0.0
2026-09-14 06:29:40,781 INFO Best AUROC test all: 0.7294673289367849, AUPR test all: 0.20039143794130856, AUROC test unknown: 0.0, AUPR test unknown: 0.0
2026-09-14 06:29:42,057 INFO Epoch: 9, loss: 0.12982973456382751, labeled_loss: 0.3036133050918579, unnlabeled_loss: 0.03974965214729309, mixup_loss: -1.9365837574005127, energy_loss: 0.0
2026-09-14 06:29:42,057 INFO Best AUROC test all: 0.7294673289367849, AUPR test all: 0.22319146344582647, AUROC test unknown: 0.0, AUPR test unknown: 0.0
2026-09-14 06:29:43,473 INFO Epoch: 10, loss: 0.2540816068649292, labeled_loss: 0.4083530604839325, unnlabeled_loss: 0.07804721593856812, mixup_loss: -1.9329503774642944, energy_loss: 0.0
2026-09-14 06:29:43,473 INFO Best AUROC test all: 0.7294673289367849, AUPR test all: 0.22441256362172898, AUROC test unknown: 0.0, AUPR test unknown: 0.0
2026-09-14 06:29:44,894 INFO Epoch: 11, loss: 0.0941668301820755, labeled_loss: 0.26718640327453613, unnlabeled_loss: 0.04115629568696022, mixup_loss: -1.9359771013259888, energy_loss: 0.0
2026-09-14 06:29:44,894 INFO Best AUROC test all: 0.7294673289367849, AUPR test all: 0.22441256362172898, AUROC test unknown: 0.0, AUPR test unknown: 0.0
2026-09-14 06:29:46,354 INFO Epoch: 12, loss: 0.16025738418102264, labeled_loss: 0.3315920829772949, unnlabeled_loss: 0.04513935372233391, mixup_loss: -1.9390438795089722, energy_loss: 0.0
2026-09-14 06:29:46,354 INFO Best AUROC test all: 0.7294673289367849, AUPR test all: 0.22441256362172898, AUROC test unknown: 0.0, AUPR test unknown: 0.0
2026-09-14 06:29:47,742 INFO Epoch: 13, loss: 0.17281866073608398, labeled_loss: 0.347584992647171, unnlabeled_loss: 0.03904808312654495, mixup_loss: -1.9429036378860474, energy_loss: 0.0
2026-09-14 06:29:47,742 INFO Best AUROC test all: 0.7318613337091773, AUPR test all: 0.22441256362172898, AUROC test unknown: 0.0, AUPR test unknown: 0.0
2026-09-14 06:29:49,048 INFO Epoch: 14, loss: 0.1918659806251526, labeled_loss: 0.3689962923526764, unnlabeled_loss: 0.03530926629900932, mixup_loss: -1.9478493928909302, energy_loss: 0.0
2026-09-14 06:29:49,048 INFO Best AUROC test all: 0.7318613337091773, AUPR test all: 0.22441256362172898, AUROC test unknown: 0.0, AUPR test unknown: 0.0
2026-09-14 06:29:50,312 INFO Epoch: 15, loss: 0.1746896207332611, labeled_loss: 0.35250574350357056, unnlabeled_loss: 0.034771718084812164, mixup_loss: -1.9520199298858643, energy_loss: 0.0
2026-09-14 06:29:50,312 INFO Best AUROC test all: 0.7318613337091773, AUPR test all: 0.22441256362172898, AUROC test unknown: 0.0, AUPR test unknown: 0.0
2026-09-14 06:29:51,623 INFO Epoch: 16, loss: 0.13780906796455383, labeled_loss: 0.3102186322212219, unnlabeled_loss: 0.04666393622756004, mixup_loss: -1.9574153423309326, energy_loss: 0.0
2026-09-14 06:29:51,623 INFO Best AUROC test all: 0.7318613337091773, AUPR test all: 0.22441256362172898, AUROC test unknown: 0.0, AUPR test unknown: 0.0
2026-09-14 06:29:52,974 INFO Epoch: 17, loss: 0.10851895809173584, labeled_loss: 0.28511396050453186, unnlabeled_loss: 0.03956570476293564, mixup_loss: -1.9637783765792847, energy_loss: 0.0
2026-09-14 06:29:52,975 INFO Best AUROC test all: 0.7318613337091773, AUPR test all: 0.23446496357778174, AUROC test unknown: 0.0, AUPR test unknown: 0.0
2026-09-14 06:29:54,343 INFO Epoch: 18, loss: 0.09929665923118591, labeled_loss: 0.27806907892227173, unnlabeled_loss: 0.03616774454712868, mixup_loss: -1.9685628414154053, energy_loss: 0.0
2026-09-14 06:29:54,343 INFO Best AUROC test all: 0.7318613337091773, AUPR test all: 0.2565240216417737, AUROC test unknown: 0.0, AUPR test unknown: 0.0
2026-09-14 06:29:55,674 INFO Epoch: 19, loss: 0.11008311808109283, labeled_loss: 0.2928411066532135, unnlabeled_loss: 0.029142234474420547, mixup_loss: -1.9732911586761475, energy_loss: 0.0
2026-09-14 06:29:55,674 INFO Best AUROC test all: 0.73205887120839, AUPR test all: 0.2565240216417737, AUROC test unknown: 0.0, AUPR test unknown: 0.0
2026-09-14 06:29:57,064 INFO Epoch: 20, loss: 0.11495772004127502, labeled_loss: 0.29447656869888306, unnlabeled_loss: 0.0360039547085762, mixup_loss: -1.9752081632614136, energy_loss: 0.0
2026-09-14 06:29:57,064 INFO Best AUROC test all: 0.73205887120839, AUPR test all: 0.2565240216417737, AUROC test unknown: 0.0, AUPR test unknown: 0.0
2026-09-14 06:29:58,374 INFO Epoch: 21, loss: 0.10238960385322571, labeled_loss: 0.2845080494880676, unnlabeled_loss: 0.03168513998389244, mixup_loss: -1.9796099662780762, energy_loss: 0.0
2026-09-14 06:29:58,374 INFO Best AUROC test all: 0.7330659833327655, AUPR test all: 0.2565240216417737, AUROC test unknown: 0.0, AUPR test unknown: 0.0
2026-09-14 06:29:59,702 INFO Epoch: 22, loss: 0.0925050675868988, labeled_loss: 0.2717903256416321, unnlabeled_loss: 0.03780953586101532, mixup_loss: -1.9819003343582153, energy_loss: 0.0
2026-09-14 06:29:59,702 INFO Best AUROC test all: 0.7330659833327655, AUPR test all: 0.2565240216417737, AUROC test unknown: 0.0, AUPR test unknown: 0.0
2026-09-14 06:30:01,020 INFO Epoch: 23, loss: 0.12356148660182953, labeled_loss: 0.2985524833202362, unnlabeled_loss: 0.047005895525217056, mixup_loss: -1.984939455986023, energy_loss: 0.0
2026-09-14 06:30:01,020 INFO Best AUROC test all: 0.7330659833327655, AUPR test all: 0.2565240216417737, AUROC test unknown: 0.0, AUPR test unknown: 0.0
2026-09-14 06:30:02,318 INFO Epoch: 24, loss: 0.11662787199020386, labeled_loss: 0.2899770140647888, unnlabeled_loss: 0.05058076232671738, mixup_loss: -1.9863951206207275, energy_loss: 0.0
2026-09-14 06:30:02,318 INFO Best AUROC test all: 0.7330659833327655, AUPR test all: 0.2565240216417737, AUROC test unknown: 0.0, AUPR test unknown: 0.0
2026-09-14 06:30:03,642 INFO Epoch: 25, loss: 0.12368372082710266, labeled_loss: 0.3057518005371094, unnlabeled_loss: 0.033444974571466446, mixup_loss: -1.987905740737915, energy_loss: 0.0
2026-09-14 06:30:03,642 INFO Best AUROC test all: 0.7330659833327655, AUPR test all: 0.2565240216417737, AUROC test unknown: 0.0, AUPR test unknown: 0.0
2026-09-14 06:30:05,105 INFO Epoch: 26, loss: 0.12230925261974335, labeled_loss: 0.29502415657043457, unnlabeled_loss: 0.05255718529224396, mixup_loss: -1.9899348020553589, energy_loss: 0.0
2026-09-14 06:30:05,105 INFO Best AUROC test all: 0.7330659833327655, AUPR test all: 0.2565240216417737, AUROC test unknown: 0.0, AUPR test unknown: 0.0
2026-09-14 06:30:06,583 INFO Epoch: 27, loss: 0.09845876693725586, labeled_loss: 0.2773449122905731, unnlabeled_loss: 0.04045770689845085, mixup_loss: -1.9911500215530396, energy_loss: 0.0
2026-09-14 06:30:06,583 INFO Best AUROC test all: 0.7358786824190722, AUPR test all: 0.2748026010153722, AUROC test unknown: 0.0, AUPR test unknown: 0.0
2026-09-14 06:30:08,025 INFO Epoch: 28, loss: 0.08468185365200043, labeled_loss: 0.26857584714889526, unnlabeled_loss: 0.030576422810554504, mixup_loss: -1.9918220043182373, energy_loss: 0.0
2026-09-14 06:30:08,025 INFO Best AUROC test all: 0.7384829378195061, AUPR test all: 0.28236456822648454, AUROC test unknown: 0.0, AUPR test unknown: 0.0
2026-09-14 06:30:09,461 INFO Epoch: 29, loss: 0.0882491022348404, labeled_loss: 0.26984742283821106, unnlabeled_loss: 0.035283032804727554, mixup_loss: -1.9923982620239258, energy_loss: 0.0
2026-09-14 06:30:09,462 INFO Best AUROC test all: 0.7384829378195061, AUPR test all: 0.28791811265534056, AUROC test unknown: 0.0, AUPR test unknown: 0.0
2026-09-14 06:30:10,742 INFO Epoch: 30, loss: 0.0945173054933548, labeled_loss: 0.27951106429100037, unnlabeled_loss: 0.02837640978395939, mixup_loss: -1.9918195009231567, energy_loss: 0.0
2026-09-14 06:30:10,742 INFO Best AUROC test all: 0.7384829378195061, AUPR test all: 0.28791811265534056, AUROC test unknown: 0.0, AUPR test unknown: 0.0
2026-09-14 06:30:12,064 INFO Epoch: 31, loss: 0.08196093142032623, labeled_loss: 0.264783650636673, unnlabeled_loss: 0.032662443816661835, mixup_loss: -1.991539478302002, energy_loss: 0.0
2026-09-14 06:30:12,064 INFO Best AUROC test all: 0.7384829378195061, AUPR test all: 0.28791811265534056, AUROC test unknown: 0.0, AUPR test unknown: 0.0
2026-09-14 06:30:13,398 INFO Epoch: 32, loss: 0.09424112737178802, labeled_loss: 0.27568599581718445, unnlabeled_loss: 0.035700999200344086, mixup_loss: -1.9929535388946533, energy_loss: 0.0
2026-09-14 06:30:13,399 INFO Best AUROC test all: 0.7384829378195061, AUPR test all: 0.28791811265534056, AUROC test unknown: 0.0, AUPR test unknown: 0.0
2026-09-14 06:30:14,788 INFO Epoch: 33, loss: 0.09565234184265137, labeled_loss: 0.2706880569458008, unnlabeled_loss: 0.048522066324949265, mixup_loss: -1.9929673671722412, energy_loss: 0.0
2026-09-14 06:30:14,789 INFO Best AUROC test all: 0.7384829378195061, AUPR test all: 0.28791811265534056, AUROC test unknown: 0.0, AUPR test unknown: 0.0
2026-09-14 06:30:16,112 INFO Epoch: 34, loss: 0.12235252559185028, labeled_loss: 0.29743561148643494, unnlabeled_loss: 0.04826463758945465, mixup_loss: -1.9921538829803467, energy_loss: 0.0
2026-09-14 06:30:16,112 INFO Best AUROC test all: 0.7384829378195061, AUPR test all: 0.28791811265534056, AUROC test unknown: 0.0, AUPR test unknown: 0.0
2026-09-14 06:30:17,493 INFO Epoch: 35, loss: 0.10145650804042816, labeled_loss: 0.2782214283943176, unnlabeled_loss: 0.04503582417964935, mixup_loss: -1.992828369140625, energy_loss: 0.0
2026-09-14 06:30:17,494 INFO Best AUROC test all: 0.7384829378195061, AUPR test all: 0.28791811265534056, AUROC test unknown: 0.0, AUPR test unknown: 0.0
2026-09-14 06:30:18,866 INFO Epoch: 36, loss: 0.09227365255355835, labeled_loss: 0.2676847279071808, unnlabeled_loss: 0.04774113744497299, mixup_loss: -1.9928163290023804, energy_loss: 0.0
2026-09-14 06:30:18,867 INFO Best AUROC test all: 0.7384829378195061, AUPR test all: 0.30257346098631377, AUROC test unknown: 0.0, AUPR test unknown: 0.0
2026-09-14 06:30:20,242 INFO Epoch: 37, loss: 0.07448050379753113, labeled_loss: 0.2529694437980652, unnlabeled_loss: 0.04161260277032852, mixup_loss: -1.9929524660110474, energy_loss: 0.0
2026-09-14 06:30:20,242 INFO Best AUROC test all: 0.739452491360235, AUPR test all: 0.31175046960085767, AUROC test unknown: 0.0, AUPR test unknown: 0.0
2026-09-14 06:30:21,504 INFO Epoch: 38, loss: 0.08418859541416168, labeled_loss: 0.2651346027851105, unnlabeled_loss: 0.03670630231499672, mixup_loss: -1.9929916858673096, energy_loss: 0.0
2026-09-14 06:30:21,504 INFO Best AUROC test all: 0.7495411657564841, AUPR test all: 0.3370965576919752, AUROC test unknown: 0.0, AUPR test unknown: 0.0
2026-09-14 06:30:22,859 INFO Epoch: 39, loss: 0.07311256229877472, labeled_loss: 0.2557973265647888, unnlabeled_loss: 0.03338465094566345, mixup_loss: -1.993770956993103, energy_loss: 0.0
2026-09-14 06:30:22,860 INFO Best AUROC test all: 0.7495411657564841, AUPR test all: 0.34421752636544933, AUROC test unknown: 0.0, AUPR test unknown: 0.0
2026-09-14 06:30:24,141 INFO Epoch: 40, loss: 0.07881201803684235, labeled_loss: 0.2610012888908386, unnlabeled_loss: 0.034340761601924896, mixup_loss: -1.9935964345932007, energy_loss: 0.0
2026-09-14 06:30:24,141 INFO Best AUROC test all: 0.7495411657564841, AUPR test all: 0.3644114007918491, AUROC test unknown: 0.0, AUPR test unknown: 0.0
2026-09-14 06:30:25,454 INFO Epoch: 41, loss: 0.07439786195755005, labeled_loss: 0.25712984800338745, unnlabeled_loss: 0.03336397558450699, mixup_loss: -1.9941397905349731, energy_loss: 0.0
2026-09-14 06:30:25,454 INFO Best AUROC test all: 0.7585449649814607, AUPR test all: 0.3669995166183886, AUROC test unknown: 0.0, AUPR test unknown: 0.0
2026-09-14 06:30:26,799 INFO Epoch: 42, loss: 0.09234058856964111, labeled_loss: 0.2669658660888672, unnlabeled_loss: 0.049476899206638336, mixup_loss: -1.9936373233795166, energy_loss: 0.0
2026-09-14 06:30:26,799 INFO Best AUROC test all: 0.7601394623779153, AUPR test all: 0.38050161553045997, AUROC test unknown: 0.0, AUPR test unknown: 0.0
2026-09-14 06:30:28,038 INFO Epoch: 43, loss: 0.07623012363910675, labeled_loss: 0.26058223843574524, unnlabeled_loss: 0.030074235051870346, mixup_loss: -1.9938923120498657, energy_loss: 0.0
2026-09-14 06:30:28,038 INFO Best AUROC test all: 0.765095453010727, AUPR test all: 0.400500351733468, AUROC test unknown: 0.0, AUPR test unknown: 0.0
2026-09-14 06:30:29,373 INFO Epoch: 44, loss: 0.07917279005050659, labeled_loss: 0.2611422538757324, unnlabeled_loss: 0.03499673679471016, mixup_loss: -1.9946783781051636, energy_loss: 0.0
2026-09-14 06:30:29,373 INFO Best AUROC test all: 0.775497502805923, AUPR test all: 0.4265765694817433, AUROC test unknown: 0.0, AUPR test unknown: 0.0
2026-09-14 06:30:30,699 INFO Epoch: 45, loss: 0.07045058906078339, labeled_loss: 0.2514459788799286, unnlabeled_loss: 0.03695402294397354, mixup_loss: -1.9947240352630615, energy_loss: 0.0
2026-09-14 06:30:30,699 INFO Best AUROC test all: 0.7781522235197789, AUPR test all: 0.45440968839806295, AUROC test unknown: 0.0, AUPR test unknown: 0.0
2026-09-14 06:30:31,987 INFO Epoch: 46, loss: 0.07312090694904327, labeled_loss: 0.25408029556274414, unnlabeled_loss: 0.03714072331786156, mixup_loss: -1.9952975511550903, energy_loss: 0.0
2026-09-14 06:30:31,988 INFO Best AUROC test all: 0.7896161099735979, AUPR test all: 0.48672784878484054, AUROC test unknown: 0.0, AUPR test unknown: 0.0
2026-09-14 06:30:33,288 INFO Epoch: 47, loss: 0.05878390371799469, labeled_loss: 0.24455691874027252, unnlabeled_loss: 0.027520958334207535, mixup_loss: -1.9953349828720093, energy_loss: 0.0
2026-09-14 06:30:33,288 INFO Best AUROC test all: 0.7905994737151867, AUPR test all: 0.49872831938485396, AUROC test unknown: 0.0, AUPR test unknown: 0.0
2026-09-14 06:30:34,599 INFO Epoch: 48, loss: 0.052901968359947205, labeled_loss: 0.2388806790113449, unnlabeled_loss: 0.02720562368631363, mixup_loss: -1.9958151578903198, energy_loss: 0.0
2026-09-14 06:30:34,599 INFO Best AUROC test all: 0.7990543497228151, AUPR test all: 0.5207648262437592, AUROC test unknown: 0.0, AUPR test unknown: 0.0
2026-09-14 06:30:35,979 INFO Epoch: 49, loss: 0.05231142044067383, labeled_loss: 0.23570826649665833, unnlabeled_loss: 0.03224365413188934, mixup_loss: -1.9951868057250977, energy_loss: 0.0
2026-09-14 06:30:35,980 INFO Best AUROC test all: 0.8010679286350773, AUPR test all: 0.5261966383644756, AUROC test unknown: 0.0, AUPR test unknown: 0.0
2026-09-14 06:30:37,366 INFO Epoch: 50, loss: 0.06449848413467407, labeled_loss: 0.24574731290340424, unnlabeled_loss: 0.03677207604050636, mixup_loss: -1.9963487386703491, energy_loss: 0.0
2026-09-14 06:30:37,366 INFO Best AUROC test all: 0.8059531258550708, AUPR test all: 0.5619174806866664, AUROC test unknown: 0.0, AUPR test unknown: 0.0
2026-09-14 06:30:38,679 INFO Epoch: 51, loss: 0.0643988847732544, labeled_loss: 0.24238406121730804, unnlabeled_loss: 0.04313547909259796, mixup_loss: -1.9955291748046875, energy_loss: 0.0
2026-09-14 06:30:38,679 INFO Best AUROC test all: 0.8171744948564099, AUPR test all: 0.5899066754728272, AUROC test unknown: 0.0, AUPR test unknown: 0.0
2026-09-14 06:30:40,041 INFO Epoch: 52, loss: 0.057796090841293335, labeled_loss: 0.23826758563518524, unnlabeled_loss: 0.03832799196243286, mixup_loss: -1.9963546991348267, energy_loss: 0.0
2026-09-14 06:30:40,041 INFO Best AUROC test all: 0.8253940166465837, AUPR test all: 0.6135967135197162, AUROC test unknown: 0.0, AUPR test unknown: 0.0
2026-09-14 06:30:41,398 INFO Epoch: 53, loss: 0.05212140083312988, labeled_loss: 0.23359116911888123, unnlabeled_loss: 0.036245353519916534, mixup_loss: -1.9959243535995483, energy_loss: 0.0
2026-09-14 06:30:41,398 INFO Best AUROC test all: 0.8306430545789463, AUPR test all: 0.6321648880628321, AUROC test unknown: 0.0, AUPR test unknown: 0.0
2026-09-14 06:30:42,700 INFO Epoch: 54, loss: 0.04854230582714081, labeled_loss: 0.22801817953586578, unnlabeled_loss: 0.04024667665362358, mixup_loss: -1.9959920644760132, energy_loss: 0.0
2026-09-14 06:30:42,700 INFO Best AUROC test all: 0.8357951629706956, AUPR test all: 0.6334120946303353, AUROC test unknown: 0.0, AUPR test unknown: 0.0
2026-09-14 06:30:44,082 INFO Epoch: 55, loss: 0.045669808983802795, labeled_loss: 0.22866196930408478, unnlabeled_loss: 0.03323741257190704, mixup_loss: -1.9961086511611938, energy_loss: 0.0
2026-09-14 06:30:44,082 INFO Best AUROC test all: 0.8397022882083085, AUPR test all: 0.6539629610582798, AUROC test unknown: 0.0, AUPR test unknown: 0.0
2026-09-14 06:30:45,447 INFO Epoch: 56, loss: 0.05026218295097351, labeled_loss: 0.22748316824436188, unnlabeled_loss: 0.04478371888399124, mixup_loss: -1.9961284399032593, energy_loss: 0.0
2026-09-14 06:30:45,447 INFO Best AUROC test all: 0.840586011996031, AUPR test all: 0.6593787805952491, AUROC test unknown: 0.0, AUPR test unknown: 0.0
2026-09-14 06:30:46,729 INFO Epoch: 57, loss: 0.04596954584121704, labeled_loss: 0.2254636287689209, unnlabeled_loss: 0.04020317271351814, mixup_loss: -1.9959567785263062, energy_loss: 0.0
2026-09-14 06:30:46,729 INFO Best AUROC test all: 0.8409260397919642, AUPR test all: 0.6642053142260119, AUROC test unknown: 0.0, AUPR test unknown: 0.0
2026-09-14 06:30:47,992 INFO Epoch: 58, loss: 0.04858475923538208, labeled_loss: 0.22941233217716217, unnlabeled_loss: 0.03752628713846207, mixup_loss: -1.9959070682525635, energy_loss: 0.0
2026-09-14 06:30:47,992 INFO Best AUROC test all: 0.8489779676960043, AUPR test all: 0.6899007659972685, AUROC test unknown: 0.0, AUPR test unknown: 0.0
2026-09-14 06:30:49,260 INFO Epoch: 59, loss: 0.030056819319725037, labeled_loss: 0.2067919224500656, unnlabeled_loss: 0.04579245299100876, mixup_loss: -1.9963133335113525, energy_loss: 0.0
2026-09-14 06:30:49,260 INFO Best AUROC test all: 0.8575449386517321, AUPR test all: 0.6992485703777319, AUROC test unknown: 0.0, AUPR test unknown: 0.0
2026-09-14 06:30:50,548 INFO Epoch: 60, loss: 0.03514261543750763, labeled_loss: 0.21612894535064697, unnlabeled_loss: 0.03723058104515076, mixup_loss: -1.9960161447525024, energy_loss: 0.0
2026-09-14 06:30:50,549 INFO Best AUROC test all: 0.8592984469590196, AUPR test all: 0.715908867592027, AUROC test unknown: 0.0, AUPR test unknown: 0.0
2026-09-14 06:30:51,882 INFO Epoch: 61, loss: 0.033880814909935, labeled_loss: 0.2066183239221573, unnlabeled_loss: 0.05369579419493675, mixup_loss: -1.9958540201187134, energy_loss: 0.0
2026-09-14 06:30:51,882 INFO Best AUROC test all: 0.8658781687312271, AUPR test all: 0.7258957278078156, AUROC test unknown: 0.0, AUPR test unknown: 0.0
2026-09-14 06:30:53,264 INFO Epoch: 62, loss: 0.029140129685401917, labeled_loss: 0.20953130722045898, unnlabeled_loss: 0.03833770006895065, mixup_loss: -1.9956002235412598, energy_loss: 0.0
2026-09-14 06:30:53,264 INFO Best AUROC test all: 0.8679159477618181, AUPR test all: 0.7278881318399866, AUROC test unknown: 0.0, AUPR test unknown: 0.0
2026-09-14 06:30:54,682 INFO Epoch: 63, loss: 0.01958887279033661, labeled_loss: 0.1952449530363083, unnlabeled_loss: 0.04764591157436371, mixup_loss: -1.9947903156280518, energy_loss: 0.0
2026-09-14 06:30:54,682 INFO Best AUROC test all: 0.8756400447295628, AUPR test all: 0.7459120307209685, AUROC test unknown: 0.0, AUPR test unknown: 0.0
2026-09-14 06:30:56,015 INFO Epoch: 64, loss: 0.0012471824884414673, labeled_loss: 0.18256652355194092, unnlabeled_loss: 0.03637853264808655, mixup_loss: -1.9950860738754272, energy_loss: 0.0
2026-09-14 06:30:56,015 INFO Best AUROC test all: 0.8826623382657691, AUPR test all: 0.7537364184604168, AUROC test unknown: 0.0, AUPR test unknown: 0.0
2026-09-14 06:30:57,632 INFO Epoch: 65, loss: 0.009699985384941101, labeled_loss: 0.1780208945274353, unnlabeled_loss: 0.0624491348862648, mixup_loss: -1.9954546689987183, energy_loss: 0.0
2026-09-14 06:30:57,633 INFO Best AUROC test all: 0.886601472193225, AUPR test all: 0.7612838615437042, AUROC test unknown: 0.0, AUPR test unknown: 0.0
2026-09-14 06:30:59,150 INFO Epoch: 66, loss: 0.00741460919380188, labeled_loss: 0.179391011595726, unnlabeled_loss: 0.055208977311849594, mixup_loss: -1.9958089590072632, energy_loss: 0.0
2026-09-14 06:30:59,150 INFO Best AUROC test all: 0.886601472193225, AUPR test all: 0.7675797444453023, AUROC test unknown: 0.0, AUPR test unknown: 0.0
2026-09-14 06:31:00,785 INFO Epoch: 67, loss: -0.0006803721189498901, labeled_loss: 0.16945266723632812, unnlabeled_loss: 0.058912985026836395, mixup_loss: -1.995895266532898, energy_loss: 0.0
2026-09-14 06:31:00,785 INFO Best AUROC test all: 0.8876826044128625, AUPR test all: 0.7683333453376329, AUROC test unknown: 0.0, AUPR test unknown: 0.0
2026-09-14 06:31:02,033 INFO Epoch: 68, loss: 0.0016771107912063599, labeled_loss: 0.1768897920846939, unnlabeled_loss: 0.04875612631440163, mixup_loss: -1.9959074258804321, energy_loss: 0.0
2026-09-14 06:31:02,033 INFO Best AUROC test all: 0.8876826044128625, AUPR test all: 0.770853164217259, AUROC test unknown: 0.0, AUPR test unknown: 0.0
2026-09-14 06:31:03,273 INFO Epoch: 69, loss: -0.0008703917264938354, labeled_loss: 0.17227290570735931, unnlabeled_loss: 0.05286214128136635, mixup_loss: -1.9957436323165894, energy_loss: 0.0
2026-09-14 06:31:03,273 INFO Best AUROC test all: 0.8876826044128625, AUPR test all: 0.770853164217259, AUROC test unknown: 0.0, AUPR test unknown: 0.0
2026-09-14 06:31:04,579 INFO Epoch: 70, loss: -0.007221832871437073, labeled_loss: 0.1606600433588028, unnlabeled_loss: 0.06344234943389893, mixup_loss: -1.9960304498672485, energy_loss: 0.0
2026-09-14 06:31:04,580 INFO Best AUROC test all: 0.8876826044128625, AUPR test all: 0.770853164217259, AUROC test unknown: 0.0, AUPR test unknown: 0.0
2026-09-14 06:31:05,896 INFO Epoch: 71, loss: -0.007910609245300293, labeled_loss: 0.15785884857177734, unnlabeled_loss: 0.06746383756399155, mixup_loss: -1.9950138330459595, energy_loss: 0.0
2026-09-14 06:31:05,896 INFO Best AUROC test all: 0.8876826044128625, AUPR test all: 0.770853164217259, AUROC test unknown: 0.0, AUPR test unknown: 0.0
2026-09-14 06:31:07,159 INFO Epoch: 72, loss: -0.02004210650920868, labeled_loss: 0.14700908958911896, unnlabeled_loss: 0.06508632004261017, mixup_loss: -1.995943546295166, energy_loss: 0.0
2026-09-14 06:31:07,160 INFO Best AUROC test all: 0.8876826044128625, AUPR test all: 0.770853164217259, AUROC test unknown: 0.0, AUPR test unknown: 0.0
2026-09-14 06:31:08,431 INFO Epoch: 73, loss: -0.01302473247051239, labeled_loss: 0.14964179694652557, unnlabeled_loss: 0.07381653785705566, mixup_loss: -1.9957479238510132, energy_loss: 0.0
2026-09-14 06:31:08,431 INFO Best AUROC test all: 0.8876826044128625, AUPR test all: 0.770853164217259, AUROC test unknown: 0.0, AUPR test unknown: 0.0
2026-09-14 06:31:09,755 INFO Epoch: 74, loss: 0.015932753682136536, labeled_loss: 0.18563120067119598, unnlabeled_loss: 0.059689559042453766, mixup_loss: -1.9954321384429932, energy_loss: 0.0
2026-09-14 06:31:09,755 INFO Best AUROC test all: 0.888633507729066, AUPR test all: 0.7734767971875475, AUROC test unknown: 0.0, AUPR test unknown: 0.0
2026-09-14 06:31:11,027 INFO Epoch: 75, loss: -0.018785342574119568, labeled_loss: 0.14097686111927032, unnlabeled_loss: 0.07955290377140045, mixup_loss: -1.9953866004943848, energy_loss: 0.0
2026-09-14 06:31:11,028 INFO Best AUROC test all: 0.8985111570934871, AUPR test all: 0.783771262592615, AUROC test unknown: 0.0, AUPR test unknown: 0.0
2026-09-14 06:31:12,431 INFO Epoch: 76, loss: -0.025285780429840088, labeled_loss: 0.13693909347057343, unnlabeled_loss: 0.07457517832517624, mixup_loss: -1.9951246976852417, energy_loss: 0.0
2026-09-14 06:31:12,432 INFO Best AUROC test all: 0.8985111570934871, AUPR test all: 0.783771262592615, AUROC test unknown: 0.0, AUPR test unknown: 0.0
2026-09-14 06:31:13,817 INFO Epoch: 77, loss: -0.0038891732692718506, labeled_loss: 0.16328750550746918, unnlabeled_loss: 0.06474346667528152, mixup_loss: -1.9954841136932373, energy_loss: 0.0
2026-09-14 06:31:13,817 INFO Best AUROC test all: 0.8985111570934871, AUPR test all: 0.783771262592615, AUROC test unknown: 0.0, AUPR test unknown: 0.0
2026-09-14 06:31:15,181 INFO Epoch: 78, loss: 0.008463874459266663, labeled_loss: 0.18944941461086273, unnlabeled_loss: 0.0370449423789978, mixup_loss: -1.9950801134109497, energy_loss: 0.0
2026-09-14 06:31:15,181 INFO Best AUROC test all: 0.8985111570934871, AUPR test all: 0.7888622286981521, AUROC test unknown: 0.0, AUPR test unknown: 0.0
2026-09-14 06:31:16,627 INFO Epoch: 79, loss: -0.03121301531791687, labeled_loss: 0.1460389494895935, unnlabeled_loss: 0.044650062918663025, mixup_loss: -1.99576997756958, energy_loss: 0.0
2026-09-14 06:31:16,627 INFO Best AUROC test all: 0.8985111570934871, AUPR test all: 0.7888622286981521, AUROC test unknown: 0.0, AUPR test unknown: 0.0
2026-09-14 06:31:17,991 INFO Epoch: 80, loss: -0.02547195553779602, labeled_loss: 0.1412660777568817, unnlabeled_loss: 0.06570269167423248, mixup_loss: -1.9958937168121338, energy_loss: 0.0
2026-09-14 06:31:17,991 INFO Best AUROC test all: 0.8989081681013787, AUPR test all: 0.7915031179352211, AUROC test unknown: 0.0, AUPR test unknown: 0.0
2026-09-14 06:31:19,577 INFO Epoch: 81, loss: -0.037419453263282776, labeled_loss: 0.13419681787490845, unnlabeled_loss: 0.055757761001586914, mixup_loss: -1.9949514865875244, energy_loss: 0.0
2026-09-14 06:31:19,577 INFO Best AUROC test all: 0.9011019894949545, AUPR test all: 0.7928849898442104, AUROC test unknown: 0.0, AUPR test unknown: 0.0
2026-09-14 06:31:21,087 INFO Epoch: 82, loss: -0.02646033465862274, labeled_loss: 0.14192962646484375, unnlabeled_loss: 0.062239985913038254, mixup_loss: -1.995099425315857, energy_loss: 0.0
2026-09-14 06:31:21,087 INFO Best AUROC test all: 0.9021675045715637, AUPR test all: 0.7928849898442104, AUROC test unknown: 0.0, AUPR test unknown: 0.0
2026-09-14 06:31:22,781 INFO Epoch: 83, loss: -0.027299433946609497, labeled_loss: 0.14967714250087738, unnlabeled_loss: 0.04508168622851372, mixup_loss: -1.9951740503311157, energy_loss: 0.0
2026-09-14 06:31:22,782 INFO Best AUROC test all: 0.9042954371096359, AUPR test all: 0.7928849898442104, AUROC test unknown: 0.0, AUPR test unknown: 0.0
2026-09-14 06:31:24,516 INFO Epoch: 84, loss: -0.03670845925807953, labeled_loss: 0.1403936743736267, unnlabeled_loss: 0.04496071860194206, mixup_loss: -1.9958248138427734, energy_loss: 0.0
2026-09-14 06:31:24,517 INFO Best AUROC test all: 0.9098635294020467, AUPR test all: 0.795481978630573, AUROC test unknown: 0.0, AUPR test unknown: 0.0
2026-09-14 06:31:25,982 INFO Epoch: 85, loss: -0.05319620668888092, labeled_loss: 0.11902011930942535, unnlabeled_loss: 0.05465155467391014, mixup_loss: -1.995421051979065, energy_loss: 0.0
2026-09-14 06:31:25,982 INFO Best AUROC test all: 0.9110472055897497, AUPR test all: 0.7972144756747006, AUROC test unknown: 0.0, AUPR test unknown: 0.0
2026-09-14 06:31:27,188 INFO Epoch: 86, loss: -0.016025543212890625, labeled_loss: 0.13716334104537964, unnlabeled_loss: 0.09275572001934052, mixup_loss: -1.9956674575805664, energy_loss: 0.0
2026-09-14 06:31:27,188 INFO Best AUROC test all: 0.9122825086965546, AUPR test all: 0.7982019902878746, AUROC test unknown: 0.0, AUPR test unknown: 0.0
2026-09-14 06:31:28,413 INFO Epoch: 87, loss: -0.055705368518829346, labeled_loss: 0.11081099510192871, unnlabeled_loss: 0.06615439057350159, mixup_loss: -1.9959355592727661, energy_loss: 0.0
2026-09-14 06:31:28,413 INFO Best AUROC test all: 0.9160666327994078, AUPR test all: 0.7996291596606857, AUROC test unknown: 0.0, AUPR test unknown: 0.0
2026-09-14 06:31:29,665 INFO Epoch: 88, loss: -0.056423500180244446, labeled_loss: 0.11345282942056656, unnlabeled_loss: 0.05942048504948616, mixup_loss: -1.9958657026290894, energy_loss: 0.0
2026-09-14 06:31:29,665 INFO Best AUROC test all: 0.9169156374840344, AUPR test all: 0.8015245340210557, AUROC test unknown: 0.0, AUPR test unknown: 0.0
2026-09-14 06:31:30,982 INFO Epoch: 89, loss: -0.023269161581993103, labeled_loss: 0.15237393975257874, unnlabeled_loss: 0.04796822369098663, mixup_loss: -1.996272087097168, energy_loss: 0.0
2026-09-14 06:31:30,982 INFO Best AUROC test all: 0.9184426326837635, AUPR test all: 0.8015245340210557, AUROC test unknown: 0.0, AUPR test unknown: 0.0
2026-09-14 06:31:32,288 INFO Epoch: 90, loss: -0.04367165267467499, labeled_loss: 0.13384191691875458, unnlabeled_loss: 0.04412992298603058, mixup_loss: -1.9957853555679321, energy_loss: 0.0
2026-09-14 06:31:32,289 INFO Best AUROC test all: 0.9214513204617099, AUPR test all: 0.8015245340210557, AUROC test unknown: 0.0, AUPR test unknown: 0.0
2026-09-14 06:31:33,821 INFO Epoch: 91, loss: -0.07310040295124054, labeled_loss: 0.10504133999347687, unnlabeled_loss: 0.043017711490392685, mixup_loss: -1.9965059757232666, energy_loss: 0.0
2026-09-14 06:31:33,821 INFO Best AUROC test all: 0.9217998021656459, AUPR test all: 0.8015245340210557, AUROC test unknown: 0.0, AUPR test unknown: 0.0
2026-09-14 06:31:35,685 INFO Epoch: 92, loss: -0.04412928223609924, labeled_loss: 0.12179291248321533, unnlabeled_loss: 0.0673920214176178, mixup_loss: -1.9961820840835571, energy_loss: 0.0
2026-09-14 06:31:35,685 INFO Best AUROC test all: 0.9227300547142089, AUPR test all: 0.8015245340210557, AUROC test unknown: 0.0, AUPR test unknown: 0.0
2026-09-14 06:31:37,343 INFO Epoch: 93, loss: -0.052632227540016174, labeled_loss: 0.11809973418712616, unnlabeled_loss: 0.0576961524784565, mixup_loss: -1.9958003759384155, energy_loss: 0.0
2026-09-14 06:31:37,344 INFO Best AUROC test all: 0.9232816238111613, AUPR test all: 0.801552361959692, AUROC test unknown: 0.0, AUPR test unknown: 0.0
2026-09-14 06:31:38,896 INFO Epoch: 94, loss: -0.03625386953353882, labeled_loss: 0.13767313957214355, unnlabeled_loss: 0.051407650113105774, mixup_loss: -1.9963082075119019, energy_loss: 0.0
2026-09-14 06:31:38,896 INFO Best AUROC test all: 0.9260071379378348, AUPR test all: 0.8026648728002244, AUROC test unknown: 0.0, AUPR test unknown: 0.0
2026-09-14 06:31:40,213 INFO Epoch: 95, loss: -0.05492973327636719, labeled_loss: 0.11945778876543045, unnlabeled_loss: 0.05053631216287613, mixup_loss: -1.9965567588806152, energy_loss: 0.0
2026-09-14 06:31:40,214 INFO Best AUROC test all: 0.9260071379378348, AUPR test all: 0.8035085541353486, AUROC test unknown: 0.0, AUPR test unknown: 0.0
2026-09-14 06:31:41,562 INFO Epoch: 96, loss: -0.05344542860984802, labeled_loss: 0.11762877553701401, unnlabeled_loss: 0.057034462690353394, mixup_loss: -1.9959142208099365, energy_loss: 0.0
2026-09-14 06:31:41,562 INFO Best AUROC test all: 0.9311940944999776, AUPR test all: 0.8035085541353486, AUROC test unknown: 0.0, AUPR test unknown: 0.0
2026-09-14 06:31:43,430 INFO Epoch: 97, loss: -0.062369152903556824, labeled_loss: 0.09629711508750916, unnlabeled_loss: 0.0818270668387413, mixup_loss: -1.9957979917526245, energy_loss: 0.0
2026-09-14 06:31:43,430 INFO Best AUROC test all: 0.9311940944999776, AUPR test all: 0.8035085541353486, AUROC test unknown: 0.0, AUPR test unknown: 0.0
2026-09-14 06:31:45,221 INFO Epoch: 98, loss: -0.07217271625995636, labeled_loss: 0.095225028693676, unnlabeled_loss: 0.06456568092107773, mixup_loss: -1.9968057870864868, energy_loss: 0.0
2026-09-14 06:31:45,221 INFO Best AUROC test all: 0.9311940944999776, AUPR test all: 0.8035085541353486, AUROC test unknown: 0.0, AUPR test unknown: 0.0
2026-09-14 06:31:46,720 INFO Epoch: 99, loss: -0.07456064224243164, labeled_loss: 0.09574665874242783, unnlabeled_loss: 0.05860311910510063, mixup_loss: -1.9960886240005493, energy_loss: 0.0
2026-09-14 06:31:46,720 INFO Best AUROC test all: 0.9311940944999776, AUPR test all: 0.8035085541353486, AUROC test unknown: 0.0, AUPR test unknown: 0.0
2026-09-14 06:31:48,047 INFO Epoch: 100, loss: -0.07049790024757385, labeled_loss: 0.11052369326353073, unnlabeled_loss: 0.03728310018777847, mixup_loss: -1.9966315031051636, energy_loss: 0.0
2026-09-14 06:31:48,047 INFO Best AUROC test all: 0.9311940944999776, AUPR test all: 0.8050622410841743, AUROC test unknown: 0.0, AUPR test unknown: 0.0
2026-09-14 06:31:49,437 INFO Epoch: 101, loss: -0.056729331612586975, labeled_loss: 0.10490916669368744, unnlabeled_loss: 0.07582803815603256, mixup_loss: -1.9955251216888428, energy_loss: 0.0
2026-09-14 06:31:49,438 INFO Best AUROC test all: 0.9311940944999776, AUPR test all: 0.8050622410841743, AUROC test unknown: 0.0, AUPR test unknown: 0.0
2026-09-14 06:31:51,168 INFO Epoch: 102, loss: -0.08747972548007965, labeled_loss: 0.08833625912666321, unnlabeled_loss: 0.047620177268981934, mixup_loss: -1.996260643005371, energy_loss: 0.0
2026-09-14 06:31:51,169 INFO Best AUROC test all: 0.9311940944999776, AUPR test all: 0.8050622410841743, AUROC test unknown: 0.0, AUPR test unknown: 0.0
2026-09-14 06:31:53,125 INFO Epoch: 103, loss: -0.05329899489879608, labeled_loss: 0.11430674046278, unnlabeled_loss: 0.06405384093523026, mixup_loss: -1.9963265657424927, energy_loss: 0.0
2026-09-14 06:31:53,126 INFO Best AUROC test all: 0.9311940944999776, AUPR test all: 0.8050622410841743, AUROC test unknown: 0.0, AUPR test unknown: 0.0
2026-09-14 06:31:54,906 INFO Epoch: 104, loss: -0.06494317948818207, labeled_loss: 0.10447991639375687, unnlabeled_loss: 0.06051623076200485, mixup_loss: -1.9968119859695435, energy_loss: 0.0
2026-09-14 06:31:54,906 INFO Best AUROC test all: 0.9317561825816971, AUPR test all: 0.8050622410841743, AUROC test unknown: 0.0, AUPR test unknown: 0.0
2026-09-14 06:31:56,545 INFO Epoch: 105, loss: -0.07594768702983856, labeled_loss: 0.09824229031801224, unnlabeled_loss: 0.05092822015285492, mixup_loss: -1.9965407848358154, energy_loss: 0.0
2026-09-14 06:31:56,546 INFO Best AUROC test all: 0.9317561825816971, AUPR test all: 0.8084985281651088, AUROC test unknown: 0.0, AUPR test unknown: 0.0
2026-09-14 06:31:58,002 INFO Epoch: 106, loss: -0.0720568597316742, labeled_loss: 0.09488373249769211, unnlabeled_loss: 0.06549166887998581, mixup_loss: -1.9968641996383667, energy_loss: 0.0
2026-09-14 06:31:58,002 INFO Best AUROC test all: 0.9325380722714915, AUPR test all: 0.8084985281651088, AUROC test unknown: 0.0, AUPR test unknown: 0.0
2026-09-14 06:31:59,312 INFO Epoch: 107, loss: -0.05890272557735443, labeled_loss: 0.10404594987630844, unnlabeled_loss: 0.07341167330741882, mixup_loss: -1.9965450763702393, energy_loss: 0.0
2026-09-14 06:31:59,312 INFO Best AUROC test all: 0.9366199546302634, AUPR test all: 0.8090650507995885, AUROC test unknown: 0.0, AUPR test unknown: 0.0
2026-09-14 06:32:00,723 INFO Epoch: 108, loss: -0.06072145700454712, labeled_loss: 0.10579626262187958, unnlabeled_loss: 0.0661931112408638, mixup_loss: -1.9961427450180054, energy_loss: 0.0
2026-09-14 06:32:00,723 INFO Best AUROC test all: 0.9366199546302634, AUPR test all: 0.8090650507995885, AUROC test unknown: 0.0, AUPR test unknown: 0.0
2026-09-14 06:32:02,103 INFO Epoch: 109, loss: -0.05472567677497864, labeled_loss: 0.10130151361227036, unnlabeled_loss: 0.0872366726398468, mixup_loss: -1.996455192565918, energy_loss: 0.0
2026-09-14 06:32:02,103 INFO Best AUROC test all: 0.9376071903907849, AUPR test all: 0.8090650507995885, AUROC test unknown: 0.0, AUPR test unknown: 0.0
2026-09-14 06:32:03,400 INFO Epoch: 110, loss: -0.08011411130428314, labeled_loss: 0.08863691985607147, unnlabeled_loss: 0.06184127554297447, mixup_loss: -1.9967166185379028, energy_loss: 0.0
2026-09-14 06:32:03,400 INFO Best AUROC test all: 0.9376071903907849, AUPR test all: 0.8090650507995885, AUROC test unknown: 0.0, AUPR test unknown: 0.0
2026-09-14 06:32:04,703 INFO Epoch: 111, loss: -0.07493031024932861, labeled_loss: 0.09168625622987747, unnlabeled_loss: 0.06609685719013214, mixup_loss: -1.996649980545044, energy_loss: 0.0
2026-09-14 06:32:04,703 INFO Best AUROC test all: 0.9380375007614972, AUPR test all: 0.8090650507995885, AUROC test unknown: 0.0, AUPR test unknown: 0.0
2026-09-14 06:32:06,016 INFO Epoch: 112, loss: -0.07093125581741333, labeled_loss: 0.09925244003534317, unnlabeled_loss: 0.05905139818787575, mixup_loss: -1.997093915939331, energy_loss: 0.0
2026-09-14 06:32:06,016 INFO Best AUROC test all: 0.9383915323592366, AUPR test all: 0.8090650507995885, AUROC test unknown: 0.0, AUPR test unknown: 0.0
2026-09-14 06:32:07,357 INFO Epoch: 113, loss: -0.07330034673213959, labeled_loss: 0.09844774752855301, unnlabeled_loss: 0.05585024133324623, mixup_loss: -1.996732234954834, energy_loss: 0.0
2026-09-14 06:32:07,357 INFO Best AUROC test all: 0.9383915323592366, AUPR test all: 0.8090650507995885, AUROC test unknown: 0.0, AUPR test unknown: 0.0
2026-09-14 06:32:08,637 INFO Epoch: 114, loss: -0.08645381033420563, labeled_loss: 0.09207886457443237, unnlabeled_loss: 0.04231846332550049, mixup_loss: -1.99691903591156, energy_loss: 0.0
2026-09-14 06:32:08,637 INFO Best AUROC test all: 0.9383915323592366, AUPR test all: 0.8090650507995885, AUROC test unknown: 0.0, AUPR test unknown: 0.0
2026-09-14 06:32:09,960 INFO Epoch: 115, loss: -0.072664275765419, labeled_loss: 0.09946396201848984, unnlabeled_loss: 0.05506398156285286, mixup_loss: -1.9966022968292236, energy_loss: 0.0
2026-09-14 06:32:09,960 INFO Best AUROC test all: 0.9383915323592366, AUPR test all: 0.8090650507995885, AUROC test unknown: 0.0, AUPR test unknown: 0.0
2026-09-14 06:32:11,290 INFO Epoch: 116, loss: -0.07936359196901321, labeled_loss: 0.08654492348432541, unnlabeled_loss: 0.06754985451698303, mixup_loss: -1.996834397315979, energy_loss: 0.0
2026-09-14 06:32:11,290 INFO Best AUROC test all: 0.9383915323592366, AUPR test all: 0.8090650507995885, AUROC test unknown: 0.0, AUPR test unknown: 0.0
2026-09-14 06:32:12,981 INFO Epoch: 117, loss: -0.07535477727651596, labeled_loss: 0.10037316381931305, unnlabeled_loss: 0.04799865186214447, mixup_loss: -1.9972726106643677, energy_loss: 0.0
2026-09-14 06:32:12,982 INFO Best AUROC test all: 0.9383915323592366, AUPR test all: 0.8090650507995885, AUROC test unknown: 0.0, AUPR test unknown: 0.0
2026-09-14 06:32:14,894 INFO Epoch: 118, loss: -0.08149010688066483, labeled_loss: 0.0983898937702179, unnlabeled_loss: 0.039643775671720505, mixup_loss: -1.997018814086914, energy_loss: 0.0
2026-09-14 06:32:14,895 INFO Best AUROC test all: 0.9383915323592366, AUPR test all: 0.8090650507995885, AUROC test unknown: 0.0, AUPR test unknown: 0.0
2026-09-14 06:32:16,664 INFO Epoch: 119, loss: -0.053062960505485535, labeled_loss: 0.1163870096206665, unnlabeled_loss: 0.060409847646951675, mixup_loss: -1.9965488910675049, energy_loss: 0.0
2026-09-14 06:32:16,665 INFO Best AUROC test all: 0.9383915323592366, AUPR test all: 0.8090650507995885, AUROC test unknown: 0.0, AUPR test unknown: 0.0
2026-09-14 06:32:18,287 INFO Epoch: 120, loss: -0.07260732352733612, labeled_loss: 0.10246223211288452, unnlabeled_loss: 0.049311425536870956, mixup_loss: -1.9972527027130127, energy_loss: 0.0
2026-09-14 06:32:18,288 INFO Best AUROC test all: 0.9383915323592366, AUPR test all: 0.8090650507995885, AUROC test unknown: 0.0, AUPR test unknown: 0.0
2026-09-14 06:32:19,702 INFO Epoch: 121, loss: -0.07656282931566238, labeled_loss: 0.09349003434181213, unnlabeled_loss: 0.05927552282810211, mixup_loss: -1.9969062805175781, energy_loss: 0.0
2026-09-14 06:32:19,703 INFO Best AUROC test all: 0.940501653610219, AUPR test all: 0.8090650507995885, AUROC test unknown: 0.0, AUPR test unknown: 0.0
2026-09-14 06:32:21,003 INFO Epoch: 122, loss: -0.08084980398416519, labeled_loss: 0.09390577673912048, unnlabeled_loss: 0.049932464957237244, mixup_loss: -1.997218132019043, energy_loss: 0.0
2026-09-14 06:32:21,003 INFO Best AUROC test all: 0.940501653610219, AUPR test all: 0.8090650507995885, AUROC test unknown: 0.0, AUPR test unknown: 0.0
2026-09-14 06:32:22,288 INFO Epoch: 123, loss: -0.09509003907442093, labeled_loss: 0.0825548842549324, unnlabeled_loss: 0.04413861036300659, mixup_loss: -1.9971423149108887, energy_loss: 0.0
2026-09-14 06:32:22,288 INFO Best AUROC test all: 0.940501653610219, AUPR test all: 0.809153777171944, AUROC test unknown: 0.0, AUPR test unknown: 0.0
2026-09-14 06:32:23,538 INFO Epoch: 124, loss: -0.07783935219049454, labeled_loss: 0.10259395092725754, unnlabeled_loss: 0.03860429301857948, mixup_loss: -1.997354507446289, energy_loss: 0.0
2026-09-14 06:32:23,538 INFO Best AUROC test all: 0.940501653610219, AUPR test all: 0.809153777171944, AUROC test unknown: 0.0, AUPR test unknown: 0.0
2026-09-14 06:32:24,776 INFO Epoch: 125, loss: -0.08181734383106232, labeled_loss: 0.09429279714822769, unnlabeled_loss: 0.04724008962512016, mixup_loss: -1.9973018169403076, energy_loss: 0.0
2026-09-14 06:32:24,776 INFO Best AUROC test all: 0.940501653610219, AUPR test all: 0.809153777171944, AUROC test unknown: 0.0, AUPR test unknown: 0.0
2026-09-14 06:32:25,971 INFO Epoch: 126, loss: -0.08804557472467422, labeled_loss: 0.08431486785411835, unnlabeled_loss: 0.054747145622968674, mixup_loss: -1.9973400831222534, energy_loss: 0.0
2026-09-14 06:32:25,971 INFO Best AUROC test all: 0.9411356967104361, AUPR test all: 0.809153777171944, AUROC test unknown: 0.0, AUPR test unknown: 0.0
2026-09-14 06:32:27,259 INFO Epoch: 127, loss: -0.09339448064565659, labeled_loss: 0.08374254405498505, unnlabeled_loss: 0.045246437191963196, mixup_loss: -1.9976023435592651, energy_loss: 0.0
2026-09-14 06:32:27,260 INFO Best AUROC test all: 0.9411356967104361, AUPR test all: 0.809153777171944, AUROC test unknown: 0.0, AUPR test unknown: 0.0
2026-09-14 06:32:28,589 INFO Epoch: 128, loss: -0.07630965858697891, labeled_loss: 0.09437243640422821, unnlabeled_loss: 0.0580778531730175, mixup_loss: -1.9972102642059326, energy_loss: 0.0
2026-09-14 06:32:28,589 INFO Best AUROC test all: 0.9422809108434085, AUPR test all: 0.8142857693130874, AUROC test unknown: 0.0, AUPR test unknown: 0.0
2026-09-14 06:32:29,929 INFO Epoch: 129, loss: -0.07490776479244232, labeled_loss: 0.09486822783946991, unnlabeled_loss: 0.059895727783441544, mixup_loss: -1.9972385168075562, energy_loss: 0.0
2026-09-14 06:32:29,930 INFO Best AUROC test all: 0.9422809108434085, AUPR test all: 0.8142857693130874, AUROC test unknown: 0.0, AUPR test unknown: 0.0
2026-09-14 06:32:31,309 INFO Epoch: 130, loss: -0.05985133349895477, labeled_loss: 0.11174758523702621, unnlabeled_loss: 0.05615966394543648, mixup_loss: -1.996787428855896, energy_loss: 0.0
2026-09-14 06:32:31,309 INFO Best AUROC test all: 0.9422951727798102, AUPR test all: 0.8142857693130874, AUROC test unknown: 0.0, AUPR test unknown: 0.0
2026-09-14 06:32:32,664 INFO Epoch: 131, loss: -0.08982036262750626, labeled_loss: 0.08862771838903427, unnlabeled_loss: 0.04264611005783081, mixup_loss: -1.9977113008499146, energy_loss: 0.0
2026-09-14 06:32:32,664 INFO Best AUROC test all: 0.9422951727798102, AUPR test all: 0.8144300715428759, AUROC test unknown: 0.0, AUPR test unknown: 0.0
2026-09-14 06:32:33,928 INFO Epoch: 132, loss: -0.07012805342674255, labeled_loss: 0.0945809930562973, unnlabeled_loss: 0.07012248039245605, mixup_loss: -1.9977028369903564, energy_loss: 0.0
2026-09-14 06:32:33,928 INFO Best AUROC test all: 0.9425564049904644, AUPR test all: 0.8158818233646711, AUROC test unknown: 0.0, AUPR test unknown: 0.0
2026-09-14 06:32:35,269 INFO Epoch: 133, loss: -0.07978445291519165, labeled_loss: 0.09298125654459, unnlabeled_loss: 0.05399277061223984, mixup_loss: -1.997620940208435, energy_loss: 0.0
2026-09-14 06:32:35,269 INFO Best AUROC test all: 0.9451221338025189, AUPR test all: 0.8251494468093303, AUROC test unknown: 0.0, AUPR test unknown: 0.0
2026-09-14 06:32:36,582 INFO Epoch: 134, loss: -0.07729606330394745, labeled_loss: 0.09178218245506287, unnlabeled_loss: 0.06130193918943405, mixup_loss: -1.997292160987854, energy_loss: 0.0
2026-09-14 06:32:36,582 INFO Best AUROC test all: 0.9451221338025189, AUPR test all: 0.8251494468093303, AUROC test unknown: 0.0, AUPR test unknown: 0.0
2026-09-14 06:32:37,860 INFO Epoch: 135, loss: -0.07771242409944534, labeled_loss: 0.10189588367938995, unnlabeled_loss: 0.0403304249048233, mixup_loss: -1.9977351427078247, energy_loss: 0.0
2026-09-14 06:32:37,860 INFO Best AUROC test all: 0.9453095395188577, AUPR test all: 0.8251494468093303, AUROC test unknown: 0.0, AUPR test unknown: 0.0
2026-09-14 06:32:39,255 INFO Epoch: 136, loss: -0.0867077186703682, labeled_loss: 0.08038225769996643, unnlabeled_loss: 0.06532560288906097, mixup_loss: -1.9975277185440063, energy_loss: 0.0
2026-09-14 06:32:39,256 INFO Best AUROC test all: 0.9453095395188577, AUPR test all: 0.8251494468093303, AUROC test unknown: 0.0, AUPR test unknown: 0.0
2026-09-14 06:32:40,564 INFO Epoch: 137, loss: -0.08917486667633057, labeled_loss: 0.07868624478578568, unnlabeled_loss: 0.0637931078672409, mixup_loss: -1.9975765943527222, energy_loss: 0.0
2026-09-14 06:32:40,564 INFO Best AUROC test all: 0.9453095395188577, AUPR test all: 0.8251494468093303, AUROC test unknown: 0.0, AUPR test unknown: 0.0
2026-09-14 06:32:41,984 INFO Epoch: 138, loss: -0.09609436988830566, labeled_loss: 0.08060432225465775, unnlabeled_loss: 0.04615919664502144, mixup_loss: -1.997782826423645, energy_loss: 0.0
2026-09-14 06:32:41,984 INFO Best AUROC test all: 0.9453095395188577, AUPR test all: 0.8251494468093303, AUROC test unknown: 0.0, AUPR test unknown: 0.0
2026-09-14 06:32:43,326 INFO Epoch: 139, loss: -0.06688007712364197, labeled_loss: 0.10220207273960114, unnlabeled_loss: 0.061308275908231735, mixup_loss: -1.997362732887268, energy_loss: 0.0
2026-09-14 06:32:43,327 INFO Best AUROC test all: 0.9453095395188577, AUPR test all: 0.8251494468093303, AUROC test unknown: 0.0, AUPR test unknown: 0.0
2026-09-14 06:32:44,611 INFO Epoch: 140, loss: -0.0937892496585846, labeled_loss: 0.08456334471702576, unnlabeled_loss: 0.04289945587515831, mixup_loss: -1.998023271560669, energy_loss: 0.0
2026-09-14 06:32:44,611 INFO Best AUROC test all: 0.9453095395188577, AUPR test all: 0.8251494468093303, AUROC test unknown: 0.0, AUPR test unknown: 0.0
2026-09-14 06:32:45,893 INFO Epoch: 141, loss: -0.08603521436452866, labeled_loss: 0.0899912640452385, unnlabeled_loss: 0.04754287004470825, mixup_loss: -1.9979790449142456, energy_loss: 0.0
2026-09-14 06:32:45,893 INFO Best AUROC test all: 0.9453095395188577, AUPR test all: 0.8251494468093303, AUROC test unknown: 0.0, AUPR test unknown: 0.0
2026-09-14 06:32:47,449 INFO Epoch: 142, loss: -0.07284732162952423, labeled_loss: 0.09266632050275803, unnlabeled_loss: 0.06855117529630661, mixup_loss: -1.9978922605514526, energy_loss: 0.0
2026-09-14 06:32:47,449 INFO Best AUROC test all: 0.9453095395188577, AUPR test all: 0.8251494468093303, AUROC test unknown: 0.0, AUPR test unknown: 0.0
2026-09-14 06:32:49,173 INFO Epoch: 143, loss: -0.07899590581655502, labeled_loss: 0.09063254296779633, unnlabeled_loss: 0.06026943027973175, mixup_loss: -1.997631549835205, energy_loss: 0.0
2026-09-14 06:32:49,174 INFO Best AUROC test all: 0.9453095395188577, AUPR test all: 0.8251494468093303, AUROC test unknown: 0.0, AUPR test unknown: 0.0
2026-09-14 06:32:50,856 INFO Epoch: 144, loss: -0.07326635718345642, labeled_loss: 0.09484680742025375, unnlabeled_loss: 0.06332854181528091, mixup_loss: -1.997774362564087, energy_loss: 0.0
2026-09-14 06:32:50,856 INFO Best AUROC test all: 0.9453095395188577, AUPR test all: 0.8251494468093303, AUROC test unknown: 0.0, AUPR test unknown: 0.0
2026-09-14 06:32:52,243 INFO Epoch: 145, loss: -0.07907820492982864, labeled_loss: 0.09691792726516724, unnlabeled_loss: 0.04753900691866875, mixup_loss: -1.9976563453674316, energy_loss: 0.0
2026-09-14 06:32:52,243 INFO Best AUROC test all: 0.9453095395188577, AUPR test all: 0.8251494468093303, AUROC test unknown: 0.0, AUPR test unknown: 0.0
2026-09-14 06:32:53,557 INFO Epoch: 146, loss: -0.08102783560752869, labeled_loss: 0.09681518375873566, unnlabeled_loss: 0.04380687698721886, mixup_loss: -1.9974645376205444, energy_loss: 0.0
2026-09-14 06:32:53,557 INFO Best AUROC test all: 0.9453095395188577, AUPR test all: 0.8251494468093303, AUROC test unknown: 0.0, AUPR test unknown: 0.0
2026-09-14 06:32:54,837 INFO Epoch: 147, loss: -0.10013556480407715, labeled_loss: 0.07627490162849426, unnlabeled_loss: 0.04659515991806984, mixup_loss: -1.9970804452896118, energy_loss: 0.0
2026-09-14 06:32:54,837 INFO Best AUROC test all: 0.9453095395188577, AUPR test all: 0.8251494468093303, AUROC test unknown: 0.0, AUPR test unknown: 0.0
2026-09-14 06:32:56,108 INFO Epoch: 148, loss: -0.07273778319358826, labeled_loss: 0.08870163559913635, unnlabeled_loss: 0.07668159902095795, mixup_loss: -1.9978022575378418, energy_loss: 0.0
2026-09-14 06:32:56,109 INFO Best AUROC test all: 0.9453095395188577, AUPR test all: 0.8251494468093303, AUROC test unknown: 0.0, AUPR test unknown: 0.0
2026-09-14 06:32:57,453 INFO Epoch: 149, loss: -0.08389586210250854, labeled_loss: 0.08367043733596802, unnlabeled_loss: 0.06439795345067978, mixup_loss: -1.9976527690887451, energy_loss: 0.0
2026-09-14 06:32:57,453 INFO Best AUROC test all: 0.9453095395188577, AUPR test all: 0.8251494468093303, AUROC test unknown: 0.0, AUPR test unknown: 0.0
2026-09-14 06:32:58,725 INFO Epoch: 150, loss: -0.09338892251253128, labeled_loss: 0.08195210248231888, unnlabeled_loss: 0.04887929931282997, mixup_loss: -1.9978066682815552, energy_loss: 0.0
2026-09-14 06:32:58,726 INFO Best AUROC test all: 0.9453095395188577, AUPR test all: 0.8251494468093303, AUROC test unknown: 0.0, AUPR test unknown: 0.0
2026-09-14 06:33:00,004 INFO Epoch: 151, loss: -0.08682920783758163, labeled_loss: 0.08190430700778961, unnlabeled_loss: 0.062106501311063766, mixup_loss: -1.9978675842285156, energy_loss: 0.0
2026-09-14 06:33:00,004 INFO Best AUROC test all: 0.9491175410717955, AUPR test all: 0.8251494468093303, AUROC test unknown: 0.0, AUPR test unknown: 0.0
2026-09-14 06:33:01,367 INFO Epoch: 152, loss: -0.07764334231615067, labeled_loss: 0.09265921264886856, unnlabeled_loss: 0.05896678939461708, mixup_loss: -1.9978594779968262, energy_loss: 0.0
2026-09-14 06:33:01,367 INFO Best AUROC test all: 0.9491175410717955, AUPR test all: 0.8272859559654063, AUROC test unknown: 0.0, AUPR test unknown: 0.0
2026-09-14 06:33:02,739 INFO Epoch: 153, loss: -0.08185499906539917, labeled_loss: 0.09323174506425858, unnlabeled_loss: 0.049427133053541183, mixup_loss: -1.9980031251907349, energy_loss: 0.0
2026-09-14 06:33:02,739 INFO Best AUROC test all: 0.9491175410717955, AUPR test all: 0.8272859559654063, AUROC test unknown: 0.0, AUPR test unknown: 0.0
2026-09-14 06:33:04,259 INFO Epoch: 154, loss: -0.08006369322538376, labeled_loss: 0.09599823504686356, unnlabeled_loss: 0.04739915952086449, mixup_loss: -1.997615098953247, energy_loss: 0.0
2026-09-14 06:33:04,259 INFO Best AUROC test all: 0.9491175410717955, AUPR test all: 0.8272859559654063, AUROC test unknown: 0.0, AUPR test unknown: 0.0
2026-09-14 06:33:05,900 INFO Epoch: 155, loss: -0.08966266363859177, labeled_loss: 0.08347863703966141, unnlabeled_loss: 0.05328577756881714, mixup_loss: -1.9978418350219727, energy_loss: 0.0
2026-09-14 06:33:05,901 INFO Best AUROC test all: 0.9491175410717955, AUPR test all: 0.8272859559654063, AUROC test unknown: 0.0, AUPR test unknown: 0.0
2026-09-14 06:33:07,566 INFO Epoch: 156, loss: -0.09977904707193375, labeled_loss: 0.07937740534543991, unnlabeled_loss: 0.04129692539572716, mixup_loss: -1.9980491399765015, energy_loss: 0.0
2026-09-14 06:33:07,566 INFO Best AUROC test all: 0.9491175410717955, AUPR test all: 0.8272859559654063, AUROC test unknown: 0.0, AUPR test unknown: 0.0
2026-09-14 06:33:09,290 INFO Epoch: 157, loss: -0.0668146014213562, labeled_loss: 0.08899305015802383, unnlabeled_loss: 0.0879722312092781, mixup_loss: -1.9979376792907715, energy_loss: 0.0
2026-09-14 06:33:09,290 INFO Best AUROC test all: 0.9496063189283903, AUPR test all: 0.8272859559654063, AUROC test unknown: 0.0, AUPR test unknown: 0.0
2026-09-14 06:33:10,962 INFO Epoch: 158, loss: -0.08997604995965958, labeled_loss: 0.07810501754283905, unnlabeled_loss: 0.06341542303562164, mixup_loss: -1.9978877305984497, energy_loss: 0.0
2026-09-14 06:33:10,963 INFO Best AUROC test all: 0.9496063189283903, AUPR test all: 0.8272859559654063, AUROC test unknown: 0.0, AUPR test unknown: 0.0
2026-09-14 06:33:12,263 INFO Epoch: 159, loss: -0.09347955882549286, labeled_loss: 0.0777493342757225, unnlabeled_loss: 0.05711590498685837, mixup_loss: -1.9978684186935425, energy_loss: 0.0
2026-09-14 06:33:12,263 INFO Best AUROC test all: 0.9496063189283903, AUPR test all: 0.8272859559654063, AUROC test unknown: 0.0, AUPR test unknown: 0.0
2026-09-14 06:33:13,612 INFO Epoch: 160, loss: -0.08911752700805664, labeled_loss: 0.08900889754295349, unnlabeled_loss: 0.043302591890096664, mixup_loss: -1.9977772235870361, energy_loss: 0.0
2026-09-14 06:33:13,612 INFO Best AUROC test all: 0.9496063189283903, AUPR test all: 0.8272859559654063, AUROC test unknown: 0.0, AUPR test unknown: 0.0
2026-09-14 06:33:14,877 INFO Epoch: 161, loss: -0.08853985369205475, labeled_loss: 0.08842450380325317, unnlabeled_loss: 0.04570252075791359, mixup_loss: -1.998156189918518, energy_loss: 0.0
2026-09-14 06:33:14,877 INFO Best AUROC test all: 0.9496063189283903, AUPR test all: 0.8272859559654063, AUROC test unknown: 0.0, AUPR test unknown: 0.0
2026-09-14 06:33:16,241 INFO Epoch: 162, loss: -0.07646286487579346, labeled_loss: 0.08767036348581314, unnlabeled_loss: 0.0713331550359726, mixup_loss: -1.9979979991912842, energy_loss: 0.0
2026-09-14 06:33:16,241 INFO Best AUROC test all: 0.9496063189283903, AUPR test all: 0.8272859559654063, AUROC test unknown: 0.0, AUPR test unknown: 0.0
2026-09-14 06:33:17,585 INFO Epoch: 163, loss: -0.08878052234649658, labeled_loss: 0.07972189038991928, unnlabeled_loss: 0.06263696402311325, mixup_loss: -1.9982088804244995, energy_loss: 0.0
2026-09-14 06:33:17,585 INFO Best AUROC test all: 0.9496063189283903, AUPR test all: 0.8272859559654063, AUROC test unknown: 0.0, AUPR test unknown: 0.0
2026-09-14 06:33:19,001 INFO Epoch: 164, loss: -0.09549085795879364, labeled_loss: 0.07541827857494354, unnlabeled_loss: 0.05772235989570618, mixup_loss: -1.997703194618225, energy_loss: 0.0
2026-09-14 06:33:19,001 INFO Best AUROC test all: 0.9496063189283903, AUPR test all: 0.8272859559654063, AUROC test unknown: 0.0, AUPR test unknown: 0.0
2026-09-14 06:33:20,393 INFO Epoch: 165, loss: -0.08605086803436279, labeled_loss: 0.09074477106332779, unnlabeled_loss: 0.04603033512830734, mixup_loss: -1.9981080293655396, energy_loss: 0.0
2026-09-14 06:33:20,393 INFO Best AUROC test all: 0.9496063189283903, AUPR test all: 0.8272859559654063, AUROC test unknown: 0.0, AUPR test unknown: 0.0
2026-09-14 06:33:22,042 INFO Epoch: 166, loss: -0.09789247810840607, labeled_loss: 0.07434804737567902, unnlabeled_loss: 0.055167440325021744, mixup_loss: -1.9982423782348633, energy_loss: 0.0
2026-09-14 06:33:22,043 INFO Best AUROC test all: 0.9496063189283903, AUPR test all: 0.8272859559654063, AUROC test unknown: 0.0, AUPR test unknown: 0.0
2026-09-14 06:33:23,687 INFO Epoch: 167, loss: -0.08834545314311981, labeled_loss: 0.0842871144413948, unnlabeled_loss: 0.0543571338057518, mixup_loss: -1.9981112480163574, energy_loss: 0.0
2026-09-14 06:33:23,687 INFO Best AUROC test all: 0.9496063189283903, AUPR test all: 0.8272859559654063, AUROC test unknown: 0.0, AUPR test unknown: 0.0
2026-09-14 06:33:25,398 INFO Epoch: 168, loss: -0.08255566656589508, labeled_loss: 0.08893577754497528, unnlabeled_loss: 0.0566163994371891, mixup_loss: -1.99799644947052, energy_loss: 0.0
2026-09-14 06:33:25,398 INFO Best AUROC test all: 0.9496063189283903, AUPR test all: 0.8272859559654063, AUROC test unknown: 0.0, AUPR test unknown: 0.0
2026-09-14 06:33:27,102 INFO Epoch: 169, loss: -0.0799705907702446, labeled_loss: 0.07753592729568481, unnlabeled_loss: 0.08462454378604889, mixup_loss: -1.9981878995895386, energy_loss: 0.0
2026-09-14 06:33:27,102 INFO Best AUROC test all: 0.9496063189283903, AUPR test all: 0.8272859559654063, AUROC test unknown: 0.0, AUPR test unknown: 0.0
2026-09-14 06:33:28,789 INFO Epoch: 170, loss: -0.10442547500133514, labeled_loss: 0.06972324103116989, unnlabeled_loss: 0.05132068321108818, mixup_loss: -1.9980905055999756, energy_loss: 0.0
2026-09-14 06:33:28,789 INFO Best AUROC test all: 0.9496063189283903, AUPR test all: 0.8298710575487429, AUROC test unknown: 0.0, AUPR test unknown: 0.0
2026-09-14 06:33:30,097 INFO Epoch: 171, loss: -0.07676774263381958, labeled_loss: 0.08999195694923401, unnlabeled_loss: 0.06610184162855148, mixup_loss: -1.9981062412261963, energy_loss: 0.0
2026-09-14 06:33:30,097 INFO Best AUROC test all: 0.9496063189283903, AUPR test all: 0.8298710575487429, AUROC test unknown: 0.0, AUPR test unknown: 0.0
2026-09-14 06:33:31,451 INFO Epoch: 172, loss: -0.09608155488967896, labeled_loss: 0.08069609850645065, unnlabeled_loss: 0.04612340033054352, mixup_loss: -1.9983935356140137, energy_loss: 0.0
2026-09-14 06:33:31,451 INFO Best AUROC test all: 0.9497222213617736, AUPR test all: 0.8298710575487429, AUROC test unknown: 0.0, AUPR test unknown: 0.0
2026-09-14 06:33:32,950 INFO Epoch: 173, loss: -0.0787707269191742, labeled_loss: 0.08916005492210388, unnlabeled_loss: 0.06377849727869034, mixup_loss: -1.9982001781463623, energy_loss: 0.0
2026-09-14 06:33:32,951 INFO Best AUROC test all: 0.9497222213617736, AUPR test all: 0.8298710575487429, AUROC test unknown: 0.0, AUPR test unknown: 0.0
2026-09-14 06:33:34,340 INFO Epoch: 174, loss: -0.0796215757727623, labeled_loss: 0.08997306227684021, unnlabeled_loss: 0.06046400964260101, mixup_loss: -1.9982664585113525, energy_loss: 0.0
2026-09-14 06:33:34,340 INFO Best AUROC test all: 0.9497222213617736, AUPR test all: 0.8298710575487429, AUROC test unknown: 0.0, AUPR test unknown: 0.0
2026-09-14 06:33:35,743 INFO Epoch: 175, loss: -0.1026422455906868, labeled_loss: 0.07809765636920929, unnlabeled_loss: 0.03811590000987053, mixup_loss: -1.9979784488677979, energy_loss: 0.0
2026-09-14 06:33:35,743 INFO Best AUROC test all: 0.9497222213617736, AUPR test all: 0.8298710575487429, AUROC test unknown: 0.0, AUPR test unknown: 0.0
2026-09-14 06:33:37,135 INFO Epoch: 176, loss: -0.09915562719106674, labeled_loss: 0.07409651577472687, unnlabeled_loss: 0.053101230412721634, mixup_loss: -1.9980275630950928, energy_loss: 0.0
2026-09-14 06:33:37,135 INFO Best AUROC test all: 0.9497222213617736, AUPR test all: 0.8298710575487429, AUROC test unknown: 0.0, AUPR test unknown: 0.0
2026-09-14 06:33:38,489 INFO Epoch: 177, loss: -0.0940467119216919, labeled_loss: 0.07961533963680267, unnlabeled_loss: 0.052327241748571396, mixup_loss: -1.9982566833496094, energy_loss: 0.0
2026-09-14 06:33:38,490 INFO Best AUROC test all: 0.951044257692669, AUPR test all: 0.8298710575487429, AUROC test unknown: 0.0, AUPR test unknown: 0.0
2026-09-14 06:33:39,833 INFO Epoch: 178, loss: -0.07447953522205353, labeled_loss: 0.07992200553417206, unnlabeled_loss: 0.09082408249378204, mixup_loss: -1.9981359243392944, energy_loss: 0.0
2026-09-14 06:33:39,833 INFO Best AUROC test all: 0.951044257692669, AUPR test all: 0.8298710575487429, AUROC test unknown: 0.0, AUPR test unknown: 0.0
2026-09-14 06:33:41,372 INFO Epoch: 179, loss: -0.08170846104621887, labeled_loss: 0.09746304154396057, unnlabeled_loss: 0.0412769541144371, mixup_loss: -1.9980998039245605, energy_loss: 0.0
2026-09-14 06:33:41,372 INFO Best AUROC test all: 0.951044257692669, AUPR test all: 0.8298710575487429, AUROC test unknown: 0.0, AUPR test unknown: 0.0
2026-09-14 06:33:42,999 INFO Epoch: 180, loss: -0.09490411728620529, labeled_loss: 0.08186227828264236, unnlabeled_loss: 0.046083565801382065, mixup_loss: -1.9980818033218384, energy_loss: 0.0
2026-09-14 06:33:42,999 INFO Best AUROC test all: 0.951044257692669, AUPR test all: 0.8298710575487429, AUROC test unknown: 0.0, AUPR test unknown: 0.0
2026-09-14 06:33:44,658 INFO Epoch: 181, loss: -0.07089321315288544, labeled_loss: 0.09608417749404907, unnlabeled_loss: 0.06569110602140427, mixup_loss: -1.9982293844223022, energy_loss: 0.0
2026-09-14 06:33:44,659 INFO Best AUROC test all: 0.951044257692669, AUPR test all: 0.8298710575487429, AUROC test unknown: 0.0, AUPR test unknown: 0.0
2026-09-14 06:33:46,077 INFO Epoch: 182, loss: -0.10065816342830658, labeled_loss: 0.0822371169924736, unnlabeled_loss: 0.03386254981160164, mixup_loss: -1.9982655048370361, energy_loss: 0.0
2026-09-14 06:33:46,077 INFO Best AUROC test all: 0.951044257692669, AUPR test all: 0.8298710575487429, AUROC test unknown: 0.0, AUPR test unknown: 0.0
2026-09-14 06:33:47,495 INFO Epoch: 183, loss: -0.0976613312959671, labeled_loss: 0.07950320839881897, unnlabeled_loss: 0.04529053345322609, mixup_loss: -1.9980980157852173, energy_loss: 0.0
2026-09-14 06:33:47,495 INFO Best AUROC test all: 0.951044257692669, AUPR test all: 0.8298710575487429, AUROC test unknown: 0.0, AUPR test unknown: 0.0
2026-09-14 06:33:48,807 INFO Epoch: 184, loss: -0.08499783277511597, labeled_loss: 0.07973159104585648, unnlabeled_loss: 0.07020991295576096, mixup_loss: -1.9983437061309814, energy_loss: 0.0
2026-09-14 06:33:48,807 INFO Best AUROC test all: 0.951044257692669, AUPR test all: 0.8298710575487429, AUROC test unknown: 0.0, AUPR test unknown: 0.0
2026-09-14 06:33:50,089 INFO Epoch: 185, loss: -0.0913335308432579, labeled_loss: 0.08089759945869446, unnlabeled_loss: 0.055220168083906174, mixup_loss: -1.9984121322631836, energy_loss: 0.0
2026-09-14 06:33:50,089 INFO Best AUROC test all: 0.951044257692669, AUPR test all: 0.8298710575487429, AUROC test unknown: 0.0, AUPR test unknown: 0.0
2026-09-14 06:33:51,305 INFO Epoch: 186, loss: -0.08184203505516052, labeled_loss: 0.09464219957590103, unnlabeled_loss: 0.046678654849529266, mixup_loss: -1.9982355833053589, energy_loss: 0.0
2026-09-14 06:33:51,305 INFO Best AUROC test all: 0.951044257692669, AUPR test all: 0.8298710575487429, AUROC test unknown: 0.0, AUPR test unknown: 0.0
2026-09-14 06:33:52,695 INFO Epoch: 187, loss: -0.09084759652614594, labeled_loss: 0.08868493884801865, unnlabeled_loss: 0.0406285896897316, mixup_loss: -1.998468279838562, energy_loss: 0.0
2026-09-14 06:33:52,695 INFO Best AUROC test all: 0.951044257692669, AUPR test all: 0.8318273754158816, AUROC test unknown: 0.0, AUPR test unknown: 0.0
2026-09-14 06:33:54,310 INFO Epoch: 188, loss: -0.0866176038980484, labeled_loss: 0.0823996439576149, unnlabeled_loss: 0.06162477284669876, mixup_loss: -1.9982963800430298, energy_loss: 0.0
2026-09-14 06:33:54,310 INFO Best AUROC test all: 0.951044257692669, AUPR test all: 0.8318273754158816, AUROC test unknown: 0.0, AUPR test unknown: 0.0
2026-09-14 06:33:55,998 INFO Epoch: 189, loss: -0.09530694037675858, labeled_loss: 0.07941412180662155, unnlabeled_loss: 0.05018192157149315, mixup_loss: -1.9981201887130737, energy_loss: 0.0
2026-09-14 06:33:55,998 INFO Best AUROC test all: 0.951044257692669, AUPR test all: 0.8318273754158816, AUROC test unknown: 0.0, AUPR test unknown: 0.0
2026-09-14 06:33:57,661 INFO Epoch: 190, loss: -0.088939368724823, labeled_loss: 0.07828719913959503, unnlabeled_loss: 0.06520725041627884, mixup_loss: -1.9983018636703491, energy_loss: 0.0
2026-09-14 06:33:57,661 INFO Best AUROC test all: 0.951044257692669, AUPR test all: 0.8324833432749453, AUROC test unknown: 0.0, AUPR test unknown: 0.0
2026-09-14 06:33:59,240 INFO Epoch: 191, loss: -0.09704902023077011, labeled_loss: 0.07874839752912521, unnlabeled_loss: 0.04811304435133934, mixup_loss: -1.9985393285751343, energy_loss: 0.0
2026-09-14 06:33:59,241 INFO Best AUROC test all: 0.951044257692669, AUPR test all: 0.8324833432749453, AUROC test unknown: 0.0, AUPR test unknown: 0.0
2026-09-14 06:34:00,852 INFO Epoch: 192, loss: -0.07738837599754333, labeled_loss: 0.09982060641050339, unnlabeled_loss: 0.04523126035928726, mixup_loss: -1.9982460737228394, energy_loss: 0.0
2026-09-14 06:34:00,852 INFO Best AUROC test all: 0.951044257692669, AUPR test all: 0.8324833432749453, AUROC test unknown: 0.0, AUPR test unknown: 0.0
2026-09-14 06:34:02,446 INFO Epoch: 193, loss: -0.08423497527837753, labeled_loss: 0.09913399815559387, unnlabeled_loss: 0.03296516835689545, mixup_loss: -1.9985156059265137, energy_loss: 0.0
2026-09-14 06:34:02,447 INFO Best AUROC test all: 0.951044257692669, AUPR test all: 0.8324833432749453, AUROC test unknown: 0.0, AUPR test unknown: 0.0
2026-09-14 06:34:04,055 INFO Epoch: 194, loss: -0.0983317419886589, labeled_loss: 0.07685165852308273, unnlabeled_loss: 0.049323562532663345, mixup_loss: -1.998451828956604, energy_loss: 0.0
2026-09-14 06:34:04,055 INFO Best AUROC test all: 0.951044257692669, AUPR test all: 0.8324833432749453, AUROC test unknown: 0.0, AUPR test unknown: 0.0
2026-09-14 06:34:05,499 INFO Epoch: 195, loss: -0.09041936695575714, labeled_loss: 0.08245313167572021, unnlabeled_loss: 0.05391600355505943, mixup_loss: -1.9983049631118774, energy_loss: 0.0
2026-09-14 06:34:05,500 INFO Best AUROC test all: 0.951044257692669, AUPR test all: 0.8324833432749453, AUROC test unknown: 0.0, AUPR test unknown: 0.0
2026-09-14 06:34:06,836 INFO Epoch: 196, loss: -0.10285899043083191, labeled_loss: 0.07938235253095627, unnlabeled_loss: 0.0352582186460495, mixup_loss: -1.9987045526504517, energy_loss: 0.0
2026-09-14 06:34:06,836 INFO Best AUROC test all: 0.951044257692669, AUPR test all: 0.8324833432749453, AUROC test unknown: 0.0, AUPR test unknown: 0.0
2026-09-14 06:34:08,179 INFO Epoch: 197, loss: -0.09205428510904312, labeled_loss: 0.08974909037351608, unnlabeled_loss: 0.03608390688896179, mixup_loss: -1.9984532594680786, energy_loss: 0.0
2026-09-14 06:34:08,180 INFO Best AUROC test all: 0.951044257692669, AUPR test all: 0.8324833432749453, AUROC test unknown: 0.0, AUPR test unknown: 0.0
2026-09-14 06:34:09,439 INFO Epoch: 198, loss: -0.08304831385612488, labeled_loss: 0.09302060306072235, unnlabeled_loss: 0.04749775677919388, mixup_loss: -1.9981778860092163, energy_loss: 0.0
2026-09-14 06:34:09,439 INFO Best AUROC test all: 0.951044257692669, AUPR test all: 0.8324833432749453, AUROC test unknown: 0.0, AUPR test unknown: 0.0
2026-09-14 06:34:10,878 INFO Epoch: 199, loss: -0.08212976157665253, labeled_loss: 0.09009496122598648, unnlabeled_loss: 0.05518580973148346, mixup_loss: -1.9981762170791626, energy_loss: 0.0
2026-09-14 06:34:10,878 INFO Best AUROC test all: 0.951044257692669, AUPR test all: 0.8324833432749453, AUROC test unknown: 0.0, AUPR test unknown: 0.0
2026-09-14 06:34:12,263 INFO Epoch: 200, loss: -0.07309013605117798, labeled_loss: 0.09137405455112457, unnlabeled_loss: 0.07073457539081573, mixup_loss: -1.9983148574829102, energy_loss: 0.0
2026-09-14 06:34:12,263 INFO Best AUROC test all: 0.951044257692669, AUPR test all: 0.8324833432749453, AUROC test unknown: 0.0, AUPR test unknown: 0.0
2026-09-14 06:34:13,646 INFO Epoch: 201, loss: -0.09017451107501984, labeled_loss: 0.07989182323217392, unnlabeled_loss: 0.05960612744092941, mixup_loss: -1.9986939430236816, energy_loss: 0.0
2026-09-14 06:34:13,646 INFO Best AUROC test all: 0.951044257692669, AUPR test all: 0.8324833432749453, AUROC test unknown: 0.0, AUPR test unknown: 0.0
2026-09-14 06:34:14,941 INFO Epoch: 202, loss: -0.10476723313331604, labeled_loss: 0.0744880884885788, unnlabeled_loss: 0.04125102609395981, mixup_loss: -1.9988083839416504, energy_loss: 0.0
2026-09-14 06:34:14,941 INFO Best AUROC test all: 0.951044257692669, AUPR test all: 0.8324833432749453, AUROC test unknown: 0.0, AUPR test unknown: 0.0
2026-09-14 06:34:16,219 INFO Epoch: 203, loss: -0.07261413335800171, labeled_loss: 0.09378049522638321, unnlabeled_loss: 0.06692560017108917, mixup_loss: -1.9985742568969727, energy_loss: 0.0
2026-09-14 06:34:16,219 INFO Best AUROC test all: 0.951044257692669, AUPR test all: 0.8324833432749453, AUROC test unknown: 0.0, AUPR test unknown: 0.0
2026-09-14 06:34:17,534 INFO Epoch: 204, loss: -0.08802445232868195, labeled_loss: 0.08755233138799667, unnlabeled_loss: 0.04856289550662041, mixup_loss: -1.9985822439193726, energy_loss: 0.0
2026-09-14 06:34:17,534 INFO Best AUROC test all: 0.951044257692669, AUPR test all: 0.8324833432749453, AUROC test unknown: 0.0, AUPR test unknown: 0.0
2026-09-14 06:34:18,789 INFO Epoch: 205, loss: -0.08831006288528442, labeled_loss: 0.0733480453491211, unnlabeled_loss: 0.0763719379901886, mixup_loss: -1.9984407424926758, energy_loss: 0.0
2026-09-14 06:34:18,789 INFO Best AUROC test all: 0.951044257692669, AUPR test all: 0.8324833432749453, AUROC test unknown: 0.0, AUPR test unknown: 0.0
2026-09-14 06:34:20,114 INFO Epoch: 206, loss: -0.08552119135856628, labeled_loss: 0.08503744006156921, unnlabeled_loss: 0.05854017287492752, mixup_loss: -1.9982870817184448, energy_loss: 0.0
2026-09-14 06:34:20,114 INFO Best AUROC test all: 0.951044257692669, AUPR test all: 0.8324833432749453, AUROC test unknown: 0.0, AUPR test unknown: 0.0
2026-09-14 06:34:21,483 INFO Epoch: 207, loss: -0.0811660885810852, labeled_loss: 0.08992965519428253, unnlabeled_loss: 0.05754825472831726, mixup_loss: -1.9986987113952637, energy_loss: 0.0
2026-09-14 06:34:21,484 INFO Best AUROC test all: 0.951044257692669, AUPR test all: 0.8324833432749453, AUROC test unknown: 0.0, AUPR test unknown: 0.0
2026-09-14 06:34:22,767 INFO Epoch: 208, loss: -0.06972852349281311, labeled_loss: 0.07781171798706055, unnlabeled_loss: 0.10462992638349533, mixup_loss: -1.9985520839691162, energy_loss: 0.0
2026-09-14 06:34:22,767 INFO Best AUROC test all: 0.951044257692669, AUPR test all: 0.8324833432749453, AUROC test unknown: 0.0, AUPR test unknown: 0.0
2026-09-14 06:34:24,121 INFO Epoch: 209, loss: -0.09839962422847748, labeled_loss: 0.07857972383499146, unnlabeled_loss: 0.045783188194036484, mixup_loss: -1.9987094402313232, energy_loss: 0.0
2026-09-14 06:34:24,121 INFO Best AUROC test all: 0.951044257692669, AUPR test all: 0.8324833432749453, AUROC test unknown: 0.0, AUPR test unknown: 0.0
2026-09-14 06:34:25,508 INFO Epoch: 210, loss: -0.086258165538311, labeled_loss: 0.06965246051549911, unnlabeled_loss: 0.08785742521286011, mixup_loss: -1.9983934164047241, energy_loss: 0.0
2026-09-14 06:34:25,508 INFO Best AUROC test all: 0.951044257692669, AUPR test all: 0.8324833432749453, AUROC test unknown: 0.0, AUPR test unknown: 0.0
2026-09-14 06:34:26,820 INFO Epoch: 211, loss: -0.07189121842384338, labeled_loss: 0.09433413296937943, unnlabeled_loss: 0.0672367662191391, mixup_loss: -1.9984372854232788, energy_loss: 0.0
2026-09-14 06:34:26,820 INFO Best AUROC test all: 0.951044257692669, AUPR test all: 0.8324833432749453, AUROC test unknown: 0.0, AUPR test unknown: 0.0
2026-09-14 06:34:28,089 INFO Epoch: 212, loss: -0.0754585936665535, labeled_loss: 0.07781137526035309, unnlabeled_loss: 0.09312562644481659, mixup_loss: -1.9983278512954712, energy_loss: 0.0
2026-09-14 06:34:28,090 INFO Best AUROC test all: 0.951044257692669, AUPR test all: 0.8324833432749453, AUROC test unknown: 0.0, AUPR test unknown: 0.0
2026-09-14 06:34:29,328 INFO Epoch: 213, loss: -0.09741844236850739, labeled_loss: 0.06964819133281708, unnlabeled_loss: 0.06559470295906067, mixup_loss: -1.9986398220062256, energy_loss: 0.0
2026-09-14 06:34:29,328 INFO Best AUROC test all: 0.951044257692669, AUPR test all: 0.8324833432749453, AUROC test unknown: 0.0, AUPR test unknown: 0.0
2026-09-14 06:34:30,644 INFO Epoch: 214, loss: -0.0867277979850769, labeled_loss: 0.08514919131994247, unnlabeled_loss: 0.05596958100795746, mixup_loss: -1.9986177682876587, energy_loss: 0.0
2026-09-14 06:34:30,644 INFO Best AUROC test all: 0.951044257692669, AUPR test all: 0.8324833432749453, AUROC test unknown: 0.0, AUPR test unknown: 0.0
2026-09-14 06:34:31,936 INFO Epoch: 215, loss: -0.10699795186519623, labeled_loss: 0.06813965737819672, unnlabeled_loss: 0.04935819283127785, mixup_loss: -1.9981670379638672, energy_loss: 0.0
2026-09-14 06:34:31,936 INFO Best AUROC test all: 0.951044257692669, AUPR test all: 0.8336914849957672, AUROC test unknown: 0.0, AUPR test unknown: 0.0
2026-09-14 06:34:33,240 INFO Epoch: 216, loss: -0.0991852730512619, labeled_loss: 0.0782817080616951, unnlabeled_loss: 0.04472677782177925, mixup_loss: -1.9983036518096924, energy_loss: 0.0
2026-09-14 06:34:33,240 INFO Best AUROC test all: 0.951044257692669, AUPR test all: 0.8369631730270864, AUROC test unknown: 0.0, AUPR test unknown: 0.0
2026-09-14 06:34:34,776 INFO Epoch: 217, loss: -0.09425443410873413, labeled_loss: 0.07258209586143494, unnlabeled_loss: 0.06605950742959976, mixup_loss: -1.9986627101898193, energy_loss: 0.0
2026-09-14 06:34:34,777 INFO Best AUROC test all: 0.951044257692669, AUPR test all: 0.8369631730270864, AUROC test unknown: 0.0, AUPR test unknown: 0.0
2026-09-14 06:34:36,527 INFO Epoch: 218, loss: -0.09121951460838318, labeled_loss: 0.08908892422914505, unnlabeled_loss: 0.03915383294224739, mixup_loss: -1.9988535642623901, energy_loss: 0.0
2026-09-14 06:34:36,527 INFO Best AUROC test all: 0.951044257692669, AUPR test all: 0.8369631730270864, AUROC test unknown: 0.0, AUPR test unknown: 0.0
2026-09-14 06:34:38,252 INFO Epoch: 219, loss: -0.0882389098405838, labeled_loss: 0.0653124675154686, unnlabeled_loss: 0.0926237627863884, mixup_loss: -1.998632550239563, energy_loss: 0.0
2026-09-14 06:34:38,253 INFO Best AUROC test all: 0.9518531224476942, AUPR test all: 0.8369631730270864, AUROC test unknown: 0.0, AUPR test unknown: 0.0
2026-09-14 06:34:39,929 INFO Epoch: 220, loss: -0.07430464029312134, labeled_loss: 0.08657296746969223, unnlabeled_loss: 0.07794452458620071, mixup_loss: -1.9984986782073975, energy_loss: 0.0
2026-09-14 06:34:39,929 INFO Best AUROC test all: 0.9518531224476942, AUPR test all: 0.8369631730270864, AUROC test unknown: 0.0, AUPR test unknown: 0.0
2026-09-14 06:34:41,664 INFO Epoch: 221, loss: -0.09261839091777802, labeled_loss: 0.07706069201231003, unnlabeled_loss: 0.060402944684028625, mixup_loss: -1.9988055229187012, energy_loss: 0.0
2026-09-14 06:34:41,665 INFO Best AUROC test all: 0.9518531224476942, AUPR test all: 0.8369631730270864, AUROC test unknown: 0.0, AUPR test unknown: 0.0
2026-09-14 06:34:43,066 INFO Epoch: 222, loss: -0.10488659143447876, labeled_loss: 0.07118918001651764, unnlabeled_loss: 0.04759196192026138, mixup_loss: -1.9987174272537231, energy_loss: 0.0
2026-09-14 06:34:43,066 INFO Best AUROC test all: 0.9518531224476942, AUPR test all: 0.8369631730270864, AUROC test unknown: 0.0, AUPR test unknown: 0.0
2026-09-14 06:34:44,532 INFO Epoch: 223, loss: -0.10630602389574051, labeled_loss: 0.07663880288600922, unnlabeled_loss: 0.03385497257113457, mixup_loss: -1.9987231492996216, energy_loss: 0.0
2026-09-14 06:34:44,532 INFO Best AUROC test all: 0.9518531224476942, AUPR test all: 0.8369631730270864, AUROC test unknown: 0.0, AUPR test unknown: 0.0
2026-09-14 06:34:46,107 INFO Epoch: 224, loss: -0.0757543295621872, labeled_loss: 0.086442731320858, unnlabeled_loss: 0.07530527561903, mixup_loss: -1.9984968900680542, energy_loss: 0.0
2026-09-14 06:34:46,107 INFO Best AUROC test all: 0.9518531224476942, AUPR test all: 0.8369631730270864, AUROC test unknown: 0.0, AUPR test unknown: 0.0
2026-09-14 06:34:47,683 INFO Epoch: 225, loss: -0.10759736597537994, labeled_loss: 0.06535597890615463, unnlabeled_loss: 0.05382957309484482, mixup_loss: -1.9986811876296997, energy_loss: 0.0
2026-09-14 06:34:47,683 INFO Best AUROC test all: 0.9518531224476942, AUPR test all: 0.8369631730270864, AUROC test unknown: 0.0, AUPR test unknown: 0.0
2026-09-14 06:34:49,430 INFO Epoch: 226, loss: -0.10210227221250534, labeled_loss: 0.06872297078371048, unnlabeled_loss: 0.05806034430861473, mixup_loss: -1.9985541105270386, energy_loss: 0.0
2026-09-14 06:34:49,430 INFO Best AUROC test all: 0.9518531224476942, AUPR test all: 0.8369631730270864, AUROC test unknown: 0.0, AUPR test unknown: 0.0
2026-09-14 06:34:51,052 INFO Epoch: 227, loss: -0.10974173247814178, labeled_loss: 0.07098936289548874, unnlabeled_loss: 0.038209810853004456, mixup_loss: -1.99836003780365, energy_loss: 0.0
2026-09-14 06:34:51,052 INFO Best AUROC test all: 0.9518531224476942, AUPR test all: 0.8369631730270864, AUROC test unknown: 0.0, AUPR test unknown: 0.0
2026-09-14 06:34:52,425 INFO Epoch: 228, loss: -0.10720588266849518, labeled_loss: 0.07104174792766571, unnlabeled_loss: 0.04320845752954483, mixup_loss: -1.998518466949463, energy_loss: 0.0
2026-09-14 06:34:52,425 INFO Best AUROC test all: 0.9518531224476942, AUPR test all: 0.8369631730270864, AUROC test unknown: 0.0, AUPR test unknown: 0.0
2026-09-14 06:34:53,678 INFO Epoch: 229, loss: -0.1021418496966362, labeled_loss: 0.07123008370399475, unnlabeled_loss: 0.053026363253593445, mixup_loss: -1.9988511800765991, energy_loss: 0.0
2026-09-14 06:34:53,678 INFO Best AUROC test all: 0.9518531224476942, AUPR test all: 0.8369631730270864, AUROC test unknown: 0.0, AUPR test unknown: 0.0
2026-09-14 06:34:54,991 INFO Epoch: 230, loss: -0.09601791203022003, labeled_loss: 0.0766456127166748, unnlabeled_loss: 0.05439760908484459, mixup_loss: -1.998623251914978, energy_loss: 0.0
2026-09-14 06:34:54,991 INFO Best AUROC test all: 0.952181856855074, AUPR test all: 0.8369631730270864, AUROC test unknown: 0.0, AUPR test unknown: 0.0
2026-09-14 06:34:56,291 INFO Epoch: 231, loss: -0.08811134099960327, labeled_loss: 0.08039271086454391, unnlabeled_loss: 0.06276736408472061, mixup_loss: -1.9988772869110107, energy_loss: 0.0
2026-09-14 06:34:56,291 INFO Best AUROC test all: 0.952181856855074, AUPR test all: 0.8369631730270864, AUROC test unknown: 0.0, AUPR test unknown: 0.0
2026-09-14 06:34:57,623 INFO Epoch: 232, loss: -0.09305986762046814, labeled_loss: 0.07245078682899475, unnlabeled_loss: 0.0687311664223671, mixup_loss: -1.9987622499465942, energy_loss: 0.0
2026-09-14 06:34:57,623 INFO Best AUROC test all: 0.952181856855074, AUPR test all: 0.8369631730270864, AUROC test unknown: 0.0, AUPR test unknown: 0.0
2026-09-14 06:34:58,900 INFO Epoch: 233, loss: -0.09028647840023041, labeled_loss: 0.0804448053240776, unnlabeled_loss: 0.0582473985850811, mixup_loss: -1.9985498189926147, energy_loss: 0.0
2026-09-14 06:34:58,900 INFO Best AUROC test all: 0.9532897705389952, AUPR test all: 0.8372611982888358, AUROC test unknown: 0.0, AUPR test unknown: 0.0
2026-09-14 06:35:00,131 INFO Epoch: 234, loss: -0.0799577534198761, labeled_loss: 0.07842579483985901, unnlabeled_loss: 0.08298638463020325, mixup_loss: -1.998767375946045, energy_loss: 0.0
2026-09-14 06:35:00,132 INFO Best AUROC test all: 0.9549727435680603, AUPR test all: 0.8408877996811842, AUROC test unknown: 0.0, AUPR test unknown: 0.0
2026-09-14 06:35:01,423 INFO Epoch: 235, loss: -0.06531526148319244, labeled_loss: 0.07430914789438248, unnlabeled_loss: 0.1204688549041748, mixup_loss: -1.9985883235931396, energy_loss: 0.0
2026-09-14 06:35:01,424 INFO Best AUROC test all: 0.9549727435680603, AUPR test all: 0.8408877996811842, AUROC test unknown: 0.0, AUPR test unknown: 0.0
2026-09-14 06:35:02,755 INFO Epoch: 236, loss: -0.08734884858131409, labeled_loss: 0.08114635944366455, unnlabeled_loss: 0.06278986483812332, mixup_loss: -1.9989013671875, energy_loss: 0.0
2026-09-14 06:35:02,755 INFO Best AUROC test all: 0.9549727435680603, AUPR test all: 0.8408877996811842, AUROC test unknown: 0.0, AUPR test unknown: 0.0
2026-09-14 06:35:04,215 INFO Epoch: 237, loss: -0.10156118124723434, labeled_loss: 0.07579879462718964, unnlabeled_loss: 0.045049745589494705, mixup_loss: -1.9988484382629395, energy_loss: 0.0
2026-09-14 06:35:04,215 INFO Best AUROC test all: 0.9549727435680603, AUPR test all: 0.8408877996811842, AUROC test unknown: 0.0, AUPR test unknown: 0.0
2026-09-14 06:35:05,668 INFO Epoch: 238, loss: -0.1053195595741272, labeled_loss: 0.07240254431962967, unnlabeled_loss: 0.04427622631192207, mixup_loss: -1.9986021518707275, energy_loss: 0.0
2026-09-14 06:35:05,669 INFO Best AUROC test all: 0.9549727435680603, AUPR test all: 0.8408877996811842, AUROC test unknown: 0.0, AUPR test unknown: 0.0
2026-09-14 06:35:07,063 INFO Epoch: 239, loss: -0.10288386791944504, labeled_loss: 0.06652572751045227, unnlabeled_loss: 0.06092946231365204, mixup_loss: -1.9987431764602661, energy_loss: 0.0
2026-09-14 06:35:07,063 INFO Best AUROC test all: 0.9549727435680603, AUPR test all: 0.8408877996811842, AUROC test unknown: 0.0, AUPR test unknown: 0.0
2026-09-14 06:35:08,454 INFO Epoch: 240, loss: -0.07152137160301208, labeled_loss: 0.09479726850986481, unnlabeled_loss: 0.06704806536436081, mixup_loss: -1.9984266757965088, energy_loss: 0.0
2026-09-14 06:35:08,455 INFO Best AUROC test all: 0.9549727435680603, AUPR test all: 0.8408877996811842, AUROC test unknown: 0.0, AUPR test unknown: 0.0
2026-09-14 06:35:09,799 INFO Epoch: 241, loss: -0.0828128457069397, labeled_loss: 0.07963339239358902, unnlabeled_loss: 0.07481948286294937, mixup_loss: -1.998559832572937, energy_loss: 0.0
2026-09-14 06:35:09,799 INFO Best AUROC test all: 0.9549727435680603, AUPR test all: 0.8408877996811842, AUROC test unknown: 0.0, AUPR test unknown: 0.0
2026-09-14 06:35:11,088 INFO Epoch: 242, loss: -0.07731839269399643, labeled_loss: 0.08843743056058884, unnlabeled_loss: 0.06821393966674805, mixup_loss: -1.9986279010772705, energy_loss: 0.0
2026-09-14 06:35:11,088 INFO Best AUROC test all: 0.9549727435680603, AUPR test all: 0.8408877996811842, AUROC test unknown: 0.0, AUPR test unknown: 0.0
2026-09-14 06:35:12,483 INFO Epoch: 243, loss: -0.08356305956840515, labeled_loss: 0.07878648489713669, unnlabeled_loss: 0.07506685703992844, mixup_loss: -1.9988296031951904, energy_loss: 0.0
2026-09-14 06:35:12,483 INFO Best AUROC test all: 0.9549727435680603, AUPR test all: 0.8408877996811842, AUROC test unknown: 0.0, AUPR test unknown: 0.0
2026-09-14 06:35:14,051 INFO Epoch: 244, loss: -0.08829069137573242, labeled_loss: 0.08123640716075897, unnlabeled_loss: 0.06075012683868408, mixup_loss: -1.9990216493606567, energy_loss: 0.0
2026-09-14 06:35:14,052 INFO Best AUROC test all: 0.9549727435680603, AUPR test all: 0.8408877996811842, AUROC test unknown: 0.0, AUPR test unknown: 0.0
2026-09-14 06:35:15,672 INFO Epoch: 245, loss: -0.1007537990808487, labeled_loss: 0.07182355970144272, unnlabeled_loss: 0.05458004027605057, mixup_loss: -1.9986737966537476, energy_loss: 0.0
2026-09-14 06:35:15,672 INFO Best AUROC test all: 0.9549727435680603, AUPR test all: 0.8408877996811842, AUROC test unknown: 0.0, AUPR test unknown: 0.0
2026-09-14 06:35:17,142 INFO Epoch: 246, loss: -0.0993456095457077, labeled_loss: 0.07740111649036407, unnlabeled_loss: 0.046264857053756714, mixup_loss: -1.9987914562225342, energy_loss: 0.0
2026-09-14 06:35:17,143 INFO Best AUROC test all: 0.9549727435680603, AUPR test all: 0.8408877996811842, AUROC test unknown: 0.0, AUPR test unknown: 0.0
2026-09-14 06:35:18,566 INFO Epoch: 247, loss: -0.0991034135222435, labeled_loss: 0.07577630877494812, unnlabeled_loss: 0.05000833794474602, mixup_loss: -1.9988389015197754, energy_loss: 0.0
2026-09-14 06:35:18,566 INFO Best AUROC test all: 0.9549727435680603, AUPR test all: 0.8408877996811842, AUROC test unknown: 0.0, AUPR test unknown: 0.0
2026-09-14 06:35:20,104 INFO Epoch: 248, loss: -0.08582732826471329, labeled_loss: 0.07048683613538742, unnlabeled_loss: 0.08713951706886292, mixup_loss: -1.9988391399383545, energy_loss: 0.0
2026-09-14 06:35:20,104 INFO Best AUROC test all: 0.9549727435680603, AUPR test all: 0.8408877996811842, AUROC test unknown: 0.0, AUPR test unknown: 0.0
2026-09-14 06:35:21,656 INFO Epoch: 249, loss: -0.1099601611495018, labeled_loss: 0.06745796650648117, unnlabeled_loss: 0.04495540261268616, mixup_loss: -1.9989582300186157, energy_loss: 0.0
2026-09-14 06:35:21,657 INFO Best AUROC test all: 0.9549727435680603, AUPR test all: 0.8408877996811842, AUROC test unknown: 0.0, AUPR test unknown: 0.0
2026-09-14 06:35:23,155 INFO Epoch: 250, loss: -0.09445327520370483, labeled_loss: 0.07569098472595215, unnlabeled_loss: 0.05948835238814354, mixup_loss: -1.9988843202590942, energy_loss: 0.0
2026-09-14 06:35:23,156 INFO Best AUROC test all: 0.9549727435680603, AUPR test all: 0.8408877996811842, AUROC test unknown: 0.0, AUPR test unknown: 0.0
2026-09-14 06:35:24,683 INFO Epoch: 251, loss: -0.08765984326601028, labeled_loss: 0.07794703543186188, unnlabeled_loss: 0.06858547031879425, mixup_loss: -1.9989961385726929, energy_loss: 0.0
2026-09-14 06:35:24,683 INFO Best AUROC test all: 0.9549727435680603, AUPR test all: 0.8408877996811842, AUROC test unknown: 0.0, AUPR test unknown: 0.0
2026-09-14 06:35:26,211 INFO Epoch: 252, loss: -0.1070977970957756, labeled_loss: 0.06632771342992783, unnlabeled_loss: 0.052893731743097305, mixup_loss: -1.9987237453460693, energy_loss: 0.0
2026-09-14 06:35:26,211 INFO Best AUROC test all: 0.9549727435680603, AUPR test all: 0.8408877996811842, AUROC test unknown: 0.0, AUPR test unknown: 0.0
2026-09-14 06:35:27,704 INFO Epoch: 253, loss: -0.09580251574516296, labeled_loss: 0.06968951225280762, unnlabeled_loss: 0.06874147057533264, mixup_loss: -1.9986275434494019, energy_loss: 0.0
2026-09-14 06:35:27,704 INFO Best AUROC test all: 0.9561013725532713, AUPR test all: 0.8408877996811842, AUROC test unknown: 0.0, AUPR test unknown: 0.0
2026-09-14 06:35:29,146 INFO Epoch: 254, loss: -0.09707754850387573, labeled_loss: 0.0661257803440094, unnlabeled_loss: 0.07334855943918228, mixup_loss: -1.9987760782241821, energy_loss: 0.0
2026-09-14 06:35:29,146 INFO Best AUROC test all: 0.9561013725532713, AUPR test all: 0.8408877996811842, AUROC test unknown: 0.0, AUPR test unknown: 0.0
2026-09-14 06:35:30,624 INFO Epoch: 255, loss: -0.10701976716518402, labeled_loss: 0.06955539435148239, unnlabeled_loss: 0.04656039923429489, mixup_loss: -1.9985535144805908, energy_loss: 0.0
2026-09-14 06:35:30,624 INFO Best AUROC test all: 0.9561013725532713, AUPR test all: 0.8408877996811842, AUROC test unknown: 0.0, AUPR test unknown: 0.0
2026-09-14 06:35:32,156 INFO Epoch: 256, loss: -0.10078440606594086, labeled_loss: 0.07555611431598663, unnlabeled_loss: 0.04709563031792641, mixup_loss: -1.9988832473754883, energy_loss: 0.0
2026-09-14 06:35:32,156 INFO Best AUROC test all: 0.9561013725532713, AUPR test all: 0.8408877996811842, AUROC test unknown: 0.0, AUPR test unknown: 0.0
2026-09-14 06:35:33,455 INFO Epoch: 257, loss: -0.07777462154626846, labeled_loss: 0.08531364053487778, unnlabeled_loss: 0.07359293103218079, mixup_loss: -1.998847246170044, energy_loss: 0.0
2026-09-14 06:35:33,456 INFO Best AUROC test all: 0.9561013725532713, AUPR test all: 0.8408877996811842, AUROC test unknown: 0.0, AUPR test unknown: 0.0
2026-09-14 06:35:34,739 INFO Epoch: 258, loss: -0.08671331405639648, labeled_loss: 0.06970031559467316, unnlabeled_loss: 0.08690977096557617, mixup_loss: -1.9986851215362549, energy_loss: 0.0
2026-09-14 06:35:34,740 INFO Best AUROC test all: 0.9561013725532713, AUPR test all: 0.8408877996811842, AUROC test unknown: 0.0, AUPR test unknown: 0.0
2026-09-14 06:35:36,022 INFO Epoch: 259, loss: -0.09790067374706268, labeled_loss: 0.06385701149702072, unnlabeled_loss: 0.07626353949308395, mixup_loss: -1.998894453048706, energy_loss: 0.0
2026-09-14 06:35:36,022 INFO Best AUROC test all: 0.9561013725532713, AUPR test all: 0.8408877996811842, AUROC test unknown: 0.0, AUPR test unknown: 0.0
2026-09-14 06:35:37,258 INFO Epoch: 260, loss: -0.09084270894527435, labeled_loss: 0.06948880106210709, unnlabeled_loss: 0.07908760756254196, mixup_loss: -1.9987530708312988, energy_loss: 0.0
2026-09-14 06:35:37,258 INFO Best AUROC test all: 0.9561013725532713, AUPR test all: 0.8408877996811842, AUROC test unknown: 0.0, AUPR test unknown: 0.0
2026-09-14 06:35:38,503 INFO Epoch: 261, loss: -0.10330157727003098, labeled_loss: 0.06598343700170517, unnlabeled_loss: 0.0611913837492466, mixup_loss: -1.9988069534301758, energy_loss: 0.0
2026-09-14 06:35:38,503 INFO Best AUROC test all: 0.9561013725532713, AUPR test all: 0.8408877996811842, AUROC test unknown: 0.0, AUPR test unknown: 0.0
2026-09-14 06:35:39,908 INFO Epoch: 262, loss: -0.08695016801357269, labeled_loss: 0.08142190426588058, unnlabeled_loss: 0.06294771283864975, mixup_loss: -1.9984592199325562, energy_loss: 0.0
2026-09-14 06:35:39,908 INFO Best AUROC test all: 0.9561013725532713, AUPR test all: 0.8408877996811842, AUROC test unknown: 0.0, AUPR test unknown: 0.0
2026-09-14 06:35:41,344 INFO Epoch: 263, loss: -0.10703641921281815, labeled_loss: 0.06876932829618454, unnlabeled_loss: 0.04816228151321411, mixup_loss: -1.9988688230514526, energy_loss: 0.0
2026-09-14 06:35:41,344 INFO Best AUROC test all: 0.9561013725532713, AUPR test all: 0.8408877996811842, AUROC test unknown: 0.0, AUPR test unknown: 0.0
2026-09-14 06:35:42,818 INFO Epoch: 264, loss: -0.09433478862047195, labeled_loss: 0.0709047019481659, unnlabeled_loss: 0.06929643452167511, mixup_loss: -1.9988770484924316, energy_loss: 0.0
2026-09-14 06:35:42,818 INFO Best AUROC test all: 0.9561013725532713, AUPR test all: 0.8408877996811842, AUROC test unknown: 0.0, AUPR test unknown: 0.0
2026-09-14 06:35:44,287 INFO Epoch: 265, loss: -0.10601070523262024, labeled_loss: 0.0718328133225441, unnlabeled_loss: 0.044122643768787384, mixup_loss: -1.9990483522415161, energy_loss: 0.0
2026-09-14 06:35:44,287 INFO Best AUROC test all: 0.9561013725532713, AUPR test all: 0.8408877996811842, AUROC test unknown: 0.0, AUPR test unknown: 0.0
2026-09-14 06:35:45,796 INFO Epoch: 266, loss: -0.09757977724075317, labeled_loss: 0.07436948269605637, unnlabeled_loss: 0.05590442568063736, mixup_loss: -1.9990147352218628, energy_loss: 0.0
2026-09-14 06:35:45,796 INFO Best AUROC test all: 0.9561013725532713, AUPR test all: 0.8408877996811842, AUROC test unknown: 0.0, AUPR test unknown: 0.0
2026-09-14 06:35:47,329 INFO Epoch: 267, loss: -0.07755576074123383, labeled_loss: 0.07556077837944031, unnlabeled_loss: 0.09351616352796555, mixup_loss: -1.9987462759017944, energy_loss: 0.0
2026-09-14 06:35:47,330 INFO Best AUROC test all: 0.9561013725532713, AUPR test all: 0.8408877996811842, AUROC test unknown: 0.0, AUPR test unknown: 0.0
2026-09-14 06:35:48,891 INFO Epoch: 268, loss: -0.0834747776389122, labeled_loss: 0.0737936794757843, unnlabeled_loss: 0.08523307740688324, mixup_loss: -1.998849868774414, energy_loss: 0.0
2026-09-14 06:35:48,891 INFO Best AUROC test all: 0.9561013725532713, AUPR test all: 0.8440669104047687, AUROC test unknown: 0.0, AUPR test unknown: 0.0
2026-09-14 06:35:50,432 INFO Epoch: 269, loss: -0.10099469125270844, labeled_loss: 0.06807177513837814, unnlabeled_loss: 0.0615789070725441, mixup_loss: -1.9985592365264893, energy_loss: 0.0
2026-09-14 06:35:50,433 INFO Best AUROC test all: 0.9561013725532713, AUPR test all: 0.8440669104047687, AUROC test unknown: 0.0, AUPR test unknown: 0.0
2026-09-14 06:35:51,945 INFO Epoch: 270, loss: -0.09087739884853363, labeled_loss: 0.07753428816795349, unnlabeled_loss: 0.06297694891691208, mixup_loss: -1.9990016222000122, energy_loss: 0.0
2026-09-14 06:35:51,945 INFO Best AUROC test all: 0.9561013725532713, AUPR test all: 0.8440669104047687, AUROC test unknown: 0.0, AUPR test unknown: 0.0
2026-09-14 06:35:53,354 INFO Epoch: 271, loss: -0.10426576435565948, labeled_loss: 0.07215531915426254, unnlabeled_loss: 0.046933047473430634, mixup_loss: -1.9988759756088257, energy_loss: 0.0
2026-09-14 06:35:53,354 INFO Best AUROC test all: 0.9561013725532713, AUPR test all: 0.8440669104047687, AUROC test unknown: 0.0, AUPR test unknown: 0.0
2026-09-14 06:35:54,942 INFO Epoch: 272, loss: -0.0992501974105835, labeled_loss: 0.08219575136899948, unnlabeled_loss: 0.036911122500896454, mixup_loss: -1.999014973640442, energy_loss: 0.0
2026-09-14 06:35:54,943 INFO Best AUROC test all: 0.9561013725532713, AUPR test all: 0.8440669104047687, AUROC test unknown: 0.0, AUPR test unknown: 0.0
2026-09-14 06:35:56,480 INFO Epoch: 273, loss: -0.10726723819971085, labeled_loss: 0.0694374144077301, unnlabeled_loss: 0.04637594148516655, mixup_loss: -1.9989261627197266, energy_loss: 0.0
2026-09-14 06:35:56,480 INFO Best AUROC test all: 0.9561013725532713, AUPR test all: 0.8440669104047687, AUROC test unknown: 0.0, AUPR test unknown: 0.0
2026-09-14 06:35:57,876 INFO Epoch: 274, loss: -0.10722629725933075, labeled_loss: 0.06783197820186615, unnlabeled_loss: 0.04966828227043152, mixup_loss: -1.9989241361618042, energy_loss: 0.0
2026-09-14 06:35:57,877 INFO Best AUROC test all: 0.9561013725532713, AUPR test all: 0.8440669104047687, AUROC test unknown: 0.0, AUPR test unknown: 0.0
2026-09-14 06:35:59,366 INFO Epoch: 275, loss: -0.06147375702857971, labeled_loss: 0.07118847221136093, unnlabeled_loss: 0.13445903360843658, mixup_loss: -1.9989174604415894, energy_loss: 0.0
2026-09-14 06:35:59,367 INFO Best AUROC test all: 0.9561013725532713, AUPR test all: 0.8440669104047687, AUROC test unknown: 0.0, AUPR test unknown: 0.0
2026-09-14 06:36:00,889 INFO Epoch: 276, loss: -0.08309239149093628, labeled_loss: 0.08327028900384903, unnlabeled_loss: 0.06704188138246536, mixup_loss: -1.9988362789154053, energy_loss: 0.0
2026-09-14 06:36:00,890 INFO Best AUROC test all: 0.9561013725532713, AUPR test all: 0.8440669104047687, AUROC test unknown: 0.0, AUPR test unknown: 0.0
2026-09-14 06:36:02,237 INFO Epoch: 277, loss: -0.05400899052619934, labeled_loss: 0.07707313448190689, unnlabeled_loss: 0.13758201897144318, mixup_loss: -1.998731255531311, energy_loss: 0.0
2026-09-14 06:36:02,238 INFO Best AUROC test all: 0.9561013725532713, AUPR test all: 0.8440669104047687, AUROC test unknown: 0.0, AUPR test unknown: 0.0
2026-09-14 06:36:03,552 INFO Epoch: 278, loss: -0.09163644909858704, labeled_loss: 0.07732869684696198, unnlabeled_loss: 0.061867594718933105, mixup_loss: -1.9989893436431885, energy_loss: 0.0
2026-09-14 06:36:03,552 INFO Best AUROC test all: 0.9561013725532713, AUPR test all: 0.8440669104047687, AUROC test unknown: 0.0, AUPR test unknown: 0.0
2026-09-14 06:36:04,876 INFO Epoch: 279, loss: -0.10225492715835571, labeled_loss: 0.07631419599056244, unnlabeled_loss: 0.04261801019310951, mixup_loss: -1.9987812042236328, energy_loss: 0.0
2026-09-14 06:36:04,876 INFO Best AUROC test all: 0.9561013725532713, AUPR test all: 0.8440669104047687, AUROC test unknown: 0.0, AUPR test unknown: 0.0
2026-09-14 06:36:06,088 INFO Epoch: 280, loss: -0.09711968898773193, labeled_loss: 0.06767511367797852, unnlabeled_loss: 0.07018443942070007, mixup_loss: -1.9988701343536377, energy_loss: 0.0
2026-09-14 06:36:06,088 INFO Best AUROC test all: 0.9561013725532713, AUPR test all: 0.8440669104047687, AUROC test unknown: 0.0, AUPR test unknown: 0.0
2026-09-14 06:36:07,562 INFO Epoch: 281, loss: -0.10404513776302338, labeled_loss: 0.07408414036035538, unnlabeled_loss: 0.04345874860882759, mixup_loss: -1.9985864162445068, energy_loss: 0.0
2026-09-14 06:36:07,562 INFO Best AUROC test all: 0.9561013725532713, AUPR test all: 0.8440669104047687, AUROC test unknown: 0.0, AUPR test unknown: 0.0
2026-09-14 06:36:08,939 INFO Epoch: 282, loss: -0.10640717297792435, labeled_loss: 0.07283129543066025, unnlabeled_loss: 0.041277285665273666, mixup_loss: -1.998771071434021, energy_loss: 0.0
2026-09-14 06:36:08,939 INFO Best AUROC test all: 0.9561013725532713, AUPR test all: 0.8440669104047687, AUROC test unknown: 0.0, AUPR test unknown: 0.0
2026-09-14 06:36:10,509 INFO Epoch: 283, loss: -0.09791442006826401, labeled_loss: 0.07813362777233124, unnlabeled_loss: 0.04770882800221443, mixup_loss: -1.9990246295928955, energy_loss: 0.0
2026-09-14 06:36:10,510 INFO Best AUROC test all: 0.9561013725532713, AUPR test all: 0.8440669104047687, AUROC test unknown: 0.0, AUPR test unknown: 0.0
2026-09-14 06:36:11,998 INFO Epoch: 284, loss: -0.10164336115121841, labeled_loss: 0.06642626971006393, unnlabeled_loss: 0.06365585327148438, mixup_loss: -1.9989755153656006, energy_loss: 0.0
2026-09-14 06:36:11,998 INFO Best AUROC test all: 0.9561013725532713, AUPR test all: 0.8440669104047687, AUROC test unknown: 0.0, AUPR test unknown: 0.0
2026-09-14 06:36:13,392 INFO Epoch: 285, loss: -0.10736973583698273, labeled_loss: 0.06228011101484299, unnlabeled_loss: 0.06047957018017769, mixup_loss: -1.9988962411880493, energy_loss: 0.0
2026-09-14 06:36:13,392 INFO Best AUROC test all: 0.9561013725532713, AUPR test all: 0.8440669104047687, AUROC test unknown: 0.0, AUPR test unknown: 0.0
2026-09-14 06:36:14,630 INFO Epoch: 286, loss: -0.0892518162727356, labeled_loss: 0.07066640257835388, unnlabeled_loss: 0.07997718453407288, mixup_loss: -1.999068021774292, energy_loss: 0.0
2026-09-14 06:36:14,630 INFO Best AUROC test all: 0.9561013725532713, AUPR test all: 0.8440669104047687, AUROC test unknown: 0.0, AUPR test unknown: 0.0
2026-09-14 06:36:16,047 INFO Epoch: 287, loss: -0.10744496434926987, labeled_loss: 0.05845322459936142, unnlabeled_loss: 0.06796538829803467, mixup_loss: -1.9988088607788086, energy_loss: 0.0
2026-09-14 06:36:16,047 INFO Best AUROC test all: 0.9561013725532713, AUPR test all: 0.8440669104047687, AUROC test unknown: 0.0, AUPR test unknown: 0.0
2026-09-14 06:36:17,401 INFO Epoch: 288, loss: -0.10287905484437943, labeled_loss: 0.06637341529130936, unnlabeled_loss: 0.06128275766968727, mixup_loss: -1.9989384412765503, energy_loss: 0.0
2026-09-14 06:36:17,401 INFO Best AUROC test all: 0.9561013725532713, AUPR test all: 0.8440669104047687, AUROC test unknown: 0.0, AUPR test unknown: 0.0
2026-09-14 06:36:18,834 INFO Epoch: 289, loss: -0.08817712217569351, labeled_loss: 0.07210047543048859, unnlabeled_loss: 0.07921849191188812, mixup_loss: -1.9988683462142944, energy_loss: 0.0
2026-09-14 06:36:18,834 INFO Best AUROC test all: 0.9561013725532713, AUPR test all: 0.8440669104047687, AUROC test unknown: 0.0, AUPR test unknown: 0.0
2026-09-14 06:36:20,289 INFO Epoch: 290, loss: -0.10078129172325134, labeled_loss: 0.07029234617948532, unnlabeled_loss: 0.05761568248271942, mixup_loss: -1.9988147020339966, energy_loss: 0.0
2026-09-14 06:36:20,289 INFO Best AUROC test all: 0.9561013725532713, AUPR test all: 0.8440669104047687, AUROC test unknown: 0.0, AUPR test unknown: 0.0
2026-09-14 06:36:21,717 INFO Epoch: 291, loss: -0.09447725117206573, labeled_loss: 0.07246385514736176, unnlabeled_loss: 0.06588336825370789, mixup_loss: -1.9988278150558472, energy_loss: 0.0
2026-09-14 06:36:21,717 INFO Best AUROC test all: 0.9561013725532713, AUPR test all: 0.8440669104047687, AUROC test unknown: 0.0, AUPR test unknown: 0.0
2026-09-14 06:36:23,143 INFO Epoch: 292, loss: -0.10359033942222595, labeled_loss: 0.07489418238401413, unnlabeled_loss: 0.0428599938750267, mixup_loss: -1.9991451501846313, energy_loss: 0.0
2026-09-14 06:36:23,143 INFO Best AUROC test all: 0.9561013725532713, AUPR test all: 0.8440669104047687, AUROC test unknown: 0.0, AUPR test unknown: 0.0
2026-09-14 06:36:24,415 INFO Epoch: 293, loss: -0.10977216064929962, labeled_loss: 0.05873657763004303, unnlabeled_loss: 0.06280749291181564, mixup_loss: -1.9991248846054077, energy_loss: 0.0
2026-09-14 06:36:24,415 INFO Best AUROC test all: 0.9561013725532713, AUPR test all: 0.8440669104047687, AUROC test unknown: 0.0, AUPR test unknown: 0.0
2026-09-14 06:36:25,617 INFO Epoch: 294, loss: -0.06933142244815826, labeled_loss: 0.06554673612117767, unnlabeled_loss: 0.13001078367233276, mixup_loss: -1.9988354444503784, energy_loss: 0.0
2026-09-14 06:36:25,617 INFO Best AUROC test all: 0.9561013725532713, AUPR test all: 0.8440669104047687, AUROC test unknown: 0.0, AUPR test unknown: 0.0
2026-09-14 06:36:26,825 INFO Epoch: 295, loss: -0.08786487579345703, labeled_loss: 0.07483864575624466, unnlabeled_loss: 0.07439260184764862, mixup_loss: -1.9989981651306152, energy_loss: 0.0
2026-09-14 06:36:26,825 INFO Best AUROC test all: 0.9561013725532713, AUPR test all: 0.8440669104047687, AUROC test unknown: 0.0, AUPR test unknown: 0.0
2026-09-14 06:36:28,054 INFO Epoch: 296, loss: -0.08065831661224365, labeled_loss: 0.06834427267313004, unnlabeled_loss: 0.10181675851345062, mixup_loss: -1.9991096258163452, energy_loss: 0.0
2026-09-14 06:36:28,054 INFO Best AUROC test all: 0.9561013725532713, AUPR test all: 0.8440669104047687, AUROC test unknown: 0.0, AUPR test unknown: 0.0
2026-09-14 06:36:29,241 INFO Epoch: 297, loss: -0.09950399398803711, labeled_loss: 0.06969849020242691, unnlabeled_loss: 0.061379335820674896, mixup_loss: -1.9989213943481445, energy_loss: 0.0
2026-09-14 06:36:29,241 INFO Best AUROC test all: 0.9561013725532713, AUPR test all: 0.8440669104047687, AUROC test unknown: 0.0, AUPR test unknown: 0.0
2026-09-14 06:36:30,482 INFO Epoch: 298, loss: -0.10478776693344116, labeled_loss: 0.07481231540441513, unnlabeled_loss: 0.04056520760059357, mixup_loss: -1.9988268613815308, energy_loss: 0.0
2026-09-14 06:36:30,482 INFO Best AUROC test all: 0.9561013725532713, AUPR test all: 0.8440669104047687, AUROC test unknown: 0.0, AUPR test unknown: 0.0
2026-09-14 06:36:31,750 INFO Epoch: 299, loss: -0.09232565760612488, labeled_loss: 0.07466571778059006, unnlabeled_loss: 0.06581611931324005, mixup_loss: -1.9989943504333496, energy_loss: 0.0
2026-09-14 06:36:31,750 INFO Best AUROC test all: 0.9561013725532713, AUPR test all: 0.8440669104047687, AUROC test unknown: 0.0, AUPR test unknown: 0.0
2026-09-14 06:36:33,039 INFO Epoch: 300, loss: -0.09886336326599121, labeled_loss: 0.08276621997356415, unnlabeled_loss: 0.03647639602422714, mixup_loss: -1.9986778497695923, energy_loss: 0.0
2026-09-14 06:36:33,039 INFO Best AUROC test all: 0.9561013725532713, AUPR test all: 0.8440669104047687, AUROC test unknown: 0.0, AUPR test unknown: 0.0
2026-09-14 06:36:34,284 INFO Epoch: 301, loss: -0.097650445997715, labeled_loss: 0.08411099016666412, unnlabeled_loss: 0.03629909083247185, mixup_loss: -1.9991097450256348, energy_loss: 0.0
2026-09-14 06:36:34,284 INFO Best AUROC test all: 0.9561013725532713, AUPR test all: 0.8440669104047687, AUROC test unknown: 0.0, AUPR test unknown: 0.0
2026-09-14 06:36:35,633 INFO Epoch: 302, loss: -0.0965944454073906, labeled_loss: 0.0786331444978714, unnlabeled_loss: 0.0493461973965168, mixup_loss: -1.9990068674087524, energy_loss: 0.0
2026-09-14 06:36:35,634 INFO Best AUROC test all: 0.9561013725532713, AUPR test all: 0.8440669104047687, AUROC test unknown: 0.0, AUPR test unknown: 0.0
2026-09-14 06:36:37,130 INFO Epoch: 303, loss: -0.09767170250415802, labeled_loss: 0.06388149410486221, unnlabeled_loss: 0.0767211839556694, mixup_loss: -1.9991377592086792, energy_loss: 0.0
2026-09-14 06:36:37,130 INFO Best AUROC test all: 0.956699986680255, AUPR test all: 0.8440669104047687, AUROC test unknown: 0.0, AUPR test unknown: 0.0
2026-09-14 06:36:38,400 INFO Epoch: 304, loss: -0.08482974022626877, labeled_loss: 0.06395081430673599, unnlabeled_loss: 0.10226428508758545, mixup_loss: -1.99912691116333, energy_loss: 0.0
2026-09-14 06:36:38,400 INFO Best AUROC test all: 0.9609731467742986, AUPR test all: 0.8440669104047687, AUROC test unknown: 0.0, AUPR test unknown: 0.0
2026-09-14 06:36:39,656 INFO Epoch: 305, loss: -0.09751585125923157, labeled_loss: 0.06671928614377975, unnlabeled_loss: 0.07130249589681625, mixup_loss: -1.9988638162612915, energy_loss: 0.0
2026-09-14 06:36:39,656 INFO Best AUROC test all: 0.9609731467742986, AUPR test all: 0.8448333183718635, AUROC test unknown: 0.0, AUPR test unknown: 0.0
2026-09-14 06:36:40,908 INFO Epoch: 306, loss: -0.09033600986003876, labeled_loss: 0.06933291256427765, unnlabeled_loss: 0.08047495037317276, mixup_loss: -1.9990639686584473, energy_loss: 0.0
2026-09-14 06:36:40,908 INFO Best AUROC test all: 0.9609731467742986, AUPR test all: 0.8448333183718635, AUROC test unknown: 0.0, AUPR test unknown: 0.0
2026-09-14 06:36:42,263 INFO Epoch: 307, loss: -0.0997811108827591, labeled_loss: 0.0681784525513649, unnlabeled_loss: 0.06386260688304901, mixup_loss: -1.9989086389541626, energy_loss: 0.0
2026-09-14 06:36:42,263 INFO Best AUROC test all: 0.9609731467742986, AUPR test all: 0.8448333183718635, AUROC test unknown: 0.0, AUPR test unknown: 0.0
2026-09-14 06:36:43,565 INFO Epoch: 308, loss: -0.09403477609157562, labeled_loss: 0.07041605561971664, unnlabeled_loss: 0.07094572484493256, mixup_loss: -1.9992369413375854, energy_loss: 0.0
2026-09-14 06:36:43,565 INFO Best AUROC test all: 0.9609731467742986, AUPR test all: 0.8448333183718635, AUROC test unknown: 0.0, AUPR test unknown: 0.0
2026-09-14 06:36:44,808 INFO Epoch: 309, loss: -0.09850149601697922, labeled_loss: 0.06872095167636871, unnlabeled_loss: 0.0653536468744278, mixup_loss: -1.998992681503296, energy_loss: 0.0
2026-09-14 06:36:44,808 INFO Best AUROC test all: 0.9609731467742986, AUPR test all: 0.8448333183718635, AUROC test unknown: 0.0, AUPR test unknown: 0.0
2026-09-14 06:36:46,075 INFO Epoch: 310, loss: -0.11040055751800537, labeled_loss: 0.06341218948364258, unnlabeled_loss: 0.0521877147257328, mixup_loss: -1.9990659952163696, energy_loss: 0.0
2026-09-14 06:36:46,075 INFO Best AUROC test all: 0.9609731467742986, AUPR test all: 0.8448333183718635, AUROC test unknown: 0.0, AUPR test unknown: 0.0
2026-09-14 06:36:47,363 INFO Epoch: 311, loss: -0.08333232253789902, labeled_loss: 0.074144646525383, unnlabeled_loss: 0.0848752111196518, mixup_loss: -1.999145746231079, energy_loss: 0.0
2026-09-14 06:36:47,363 INFO Best AUROC test all: 0.9609731467742986, AUPR test all: 0.8448333183718635, AUROC test unknown: 0.0, AUPR test unknown: 0.0
2026-09-14 06:36:48,669 INFO Epoch: 312, loss: -0.08241423964500427, labeled_loss: 0.07162617892026901, unnlabeled_loss: 0.09178395569324493, mixup_loss: -1.9993239641189575, energy_loss: 0.0
2026-09-14 06:36:48,669 INFO Best AUROC test all: 0.9609731467742986, AUPR test all: 0.8448333183718635, AUROC test unknown: 0.0, AUPR test unknown: 0.0
2026-09-14 06:36:49,961 INFO Epoch: 313, loss: -0.08849009871482849, labeled_loss: 0.07338085025548935, unnlabeled_loss: 0.0760444924235344, mixup_loss: -1.998931884765625, energy_loss: 0.0
2026-09-14 06:36:49,961 INFO Best AUROC test all: 0.9609731467742986, AUPR test all: 0.8448333183718635, AUROC test unknown: 0.0, AUPR test unknown: 0.0
2026-09-14 06:36:51,191 INFO Epoch: 314, loss: -0.10794355720281601, labeled_loss: 0.06530119478702545, unnlabeled_loss: 0.0533432811498642, mixup_loss: -1.9991638660430908, energy_loss: 0.0
2026-09-14 06:36:51,191 INFO Best AUROC test all: 0.9609731467742986, AUPR test all: 0.8448333183718635, AUROC test unknown: 0.0, AUPR test unknown: 0.0
2026-09-14 06:36:52,442 INFO Epoch: 315, loss: -0.10425888001918793, labeled_loss: 0.0685848742723465, unnlabeled_loss: 0.054160211235284805, mixup_loss: -1.9992386102676392, energy_loss: 0.0
2026-09-14 06:36:52,442 INFO Best AUROC test all: 0.9609731467742986, AUPR test all: 0.8448333183718635, AUROC test unknown: 0.0, AUPR test unknown: 0.0
2026-09-14 06:36:53,707 INFO Epoch: 316, loss: -0.09239871799945831, labeled_loss: 0.0755145400762558, unnlabeled_loss: 0.06398964673280716, mixup_loss: -1.999080777168274, energy_loss: 0.0
2026-09-14 06:36:53,707 INFO Best AUROC test all: 0.9609731467742986, AUPR test all: 0.8448333183718635, AUROC test unknown: 0.0, AUPR test unknown: 0.0
2026-09-14 06:36:55,066 INFO Epoch: 317, loss: -0.0884389579296112, labeled_loss: 0.07220999151468277, unnlabeled_loss: 0.07853884994983673, mixup_loss: -1.9991836547851562, energy_loss: 0.0
2026-09-14 06:36:55,067 INFO Best AUROC test all: 0.9609731467742986, AUPR test all: 0.8448333183718635, AUROC test unknown: 0.0, AUPR test unknown: 0.0
2026-09-14 06:36:56,479 INFO Epoch: 318, loss: -0.08637340366840363, labeled_loss: 0.07320938259363174, unnlabeled_loss: 0.08063816279172897, mixup_loss: -1.9990185499191284, energy_loss: 0.0
2026-09-14 06:36:56,479 INFO Best AUROC test all: 0.9609731467742986, AUPR test all: 0.8448333183718635, AUROC test unknown: 0.0, AUPR test unknown: 0.0
2026-09-14 06:36:57,841 INFO Epoch: 319, loss: -0.10143876820802689, labeled_loss: 0.07804183661937714, unnlabeled_loss: 0.04081042483448982, mixup_loss: -1.998858094215393, energy_loss: 0.0
2026-09-14 06:36:57,842 INFO Best AUROC test all: 0.9609731467742986, AUPR test all: 0.8448333183718635, AUROC test unknown: 0.0, AUPR test unknown: 0.0
2026-09-14 06:36:59,323 INFO Epoch: 320, loss: -0.111271932721138, labeled_loss: 0.06882888823747635, unnlabeled_loss: 0.039628781378269196, mixup_loss: -1.9991521835327148, energy_loss: 0.0
2026-09-14 06:36:59,324 INFO Best AUROC test all: 0.9609731467742986, AUPR test all: 0.8448333183718635, AUROC test unknown: 0.0, AUPR test unknown: 0.0
2026-09-14 06:37:00,919 INFO Epoch: 321, loss: -0.11201504617929459, labeled_loss: 0.06810269504785538, unnlabeled_loss: 0.03956764563918114, mixup_loss: -1.9990155696868896, energy_loss: 0.0
2026-09-14 06:37:00,919 INFO Best AUROC test all: 0.9609731467742986, AUPR test all: 0.8454164847939687, AUROC test unknown: 0.0, AUPR test unknown: 0.0
2026-09-14 06:37:02,538 INFO Epoch: 322, loss: -0.11281900852918625, labeled_loss: 0.06056073680520058, unnlabeled_loss: 0.05302826687693596, mixup_loss: -1.998938798904419, energy_loss: 0.0
2026-09-14 06:37:02,538 INFO Best AUROC test all: 0.9609731467742986, AUPR test all: 0.8483362280140596, AUROC test unknown: 0.0, AUPR test unknown: 0.0
2026-09-14 06:37:04,050 INFO Epoch: 323, loss: -0.10946106165647507, labeled_loss: 0.06335423141717911, unnlabeled_loss: 0.054201360791921616, mixup_loss: -1.9991596937179565, energy_loss: 0.0
2026-09-14 06:37:04,050 INFO Best AUROC test all: 0.9609731467742986, AUPR test all: 0.8483362280140596, AUROC test unknown: 0.0, AUPR test unknown: 0.0
2026-09-14 06:37:05,465 INFO Epoch: 324, loss: -0.07883208990097046, labeled_loss: 0.06376691162586212, unnlabeled_loss: 0.11461026221513748, mixup_loss: -1.999041199684143, energy_loss: 0.0
2026-09-14 06:37:05,465 INFO Best AUROC test all: 0.9609731467742986, AUPR test all: 0.8483362280140596, AUROC test unknown: 0.0, AUPR test unknown: 0.0
2026-09-14 06:37:07,019 INFO Epoch: 325, loss: -0.10447847843170166, labeled_loss: 0.0618334636092186, unnlabeled_loss: 0.06721844524145126, mixup_loss: -1.9992115497589111, energy_loss: 0.0
2026-09-14 06:37:07,020 INFO Best AUROC test all: 0.9609731467742986, AUPR test all: 0.8483362280140596, AUROC test unknown: 0.0, AUPR test unknown: 0.0
2026-09-14 06:37:08,500 INFO Epoch: 326, loss: -0.09135649353265762, labeled_loss: 0.07138710469007492, unnlabeled_loss: 0.07431891560554504, mixup_loss: -1.999030590057373, energy_loss: 0.0
2026-09-14 06:37:08,500 INFO Best AUROC test all: 0.9609731467742986, AUPR test all: 0.8483362280140596, AUROC test unknown: 0.0, AUPR test unknown: 0.0
2026-09-14 06:37:09,794 INFO Epoch: 327, loss: -0.09427876770496368, labeled_loss: 0.06276337057352066, unnlabeled_loss: 0.08576588332653046, mixup_loss: -1.9992507696151733, energy_loss: 0.0
2026-09-14 06:37:09,794 INFO Best AUROC test all: 0.9609731467742986, AUPR test all: 0.8483362280140596, AUROC test unknown: 0.0, AUPR test unknown: 0.0
2026-09-14 06:37:11,212 INFO Epoch: 328, loss: -0.08953046798706055, labeled_loss: 0.07040570676326752, unnlabeled_loss: 0.07996297627687454, mixup_loss: -1.9991766214370728, energy_loss: 0.0
2026-09-14 06:37:11,213 INFO Best AUROC test all: 0.9609731467742986, AUPR test all: 0.8483362280140596, AUROC test unknown: 0.0, AUPR test unknown: 0.0
2026-09-14 06:37:12,525 INFO Epoch: 329, loss: -0.11151518672704697, labeled_loss: 0.06529681384563446, unnlabeled_loss: 0.046226244419813156, mixup_loss: -1.9992512464523315, energy_loss: 0.0
2026-09-14 06:37:12,525 INFO Best AUROC test all: 0.9609731467742986, AUPR test all: 0.8483362280140596, AUROC test unknown: 0.0, AUPR test unknown: 0.0
2026-09-14 06:37:13,818 INFO Epoch: 330, loss: -0.11102471500635147, labeled_loss: 0.06250961124897003, unnlabeled_loss: 0.05277024209499359, mixup_loss: -1.9991943836212158, energy_loss: 0.0
2026-09-14 06:37:13,818 INFO Best AUROC test all: 0.9609731467742986, AUPR test all: 0.8483362280140596, AUROC test unknown: 0.0, AUPR test unknown: 0.0
2026-09-14 06:37:15,071 INFO Epoch: 331, loss: -0.08488404750823975, labeled_loss: 0.06613735109567642, unnlabeled_loss: 0.09778036177158356, mixup_loss: -1.9991157054901123, energy_loss: 0.0
2026-09-14 06:37:15,072 INFO Best AUROC test all: 0.9609731467742986, AUPR test all: 0.8483362280140596, AUROC test unknown: 0.0, AUPR test unknown: 0.0
2026-09-14 06:37:16,413 INFO Epoch: 332, loss: -0.06510379910469055, labeled_loss: 0.07214805483818054, unnlabeled_loss: 0.12531252205371857, mixup_loss: -1.999081015586853, energy_loss: 0.0
2026-09-14 06:37:16,413 INFO Best AUROC test all: 0.9609731467742986, AUPR test all: 0.8483362280140596, AUROC test unknown: 0.0, AUPR test unknown: 0.0
2026-09-14 06:37:17,749 INFO Epoch: 333, loss: -0.08712463080883026, labeled_loss: 0.06903558224439621, unnlabeled_loss: 0.08749426901340485, mixup_loss: -1.9990735054016113, energy_loss: 0.0
2026-09-14 06:37:17,749 INFO Best AUROC test all: 0.9609731467742986, AUPR test all: 0.8483362280140596, AUROC test unknown: 0.0, AUPR test unknown: 0.0
2026-09-14 06:37:19,128 INFO Epoch: 334, loss: -0.10208025574684143, labeled_loss: 0.060508567839860916, unnlabeled_loss: 0.07464422285556793, mixup_loss: -1.9991093873977661, energy_loss: 0.0
2026-09-14 06:37:19,129 INFO Best AUROC test all: 0.9609731467742986, AUPR test all: 0.8483362280140596, AUROC test unknown: 0.0, AUPR test unknown: 0.0
2026-09-14 06:37:20,435 INFO Epoch: 335, loss: -0.09610861539840698, labeled_loss: 0.06627578288316727, unnlabeled_loss: 0.07503665238618851, mixup_loss: -1.9990272521972656, energy_loss: 0.0
2026-09-14 06:37:20,435 INFO Best AUROC test all: 0.9609731467742986, AUPR test all: 0.8483362280140596, AUROC test unknown: 0.0, AUPR test unknown: 0.0
2026-09-14 06:37:21,830 INFO Epoch: 336, loss: -0.08697406947612762, labeled_loss: 0.06978383660316467, unnlabeled_loss: 0.08630985021591187, mixup_loss: -1.9991282224655151, energy_loss: 0.0
2026-09-14 06:37:21,831 INFO Best AUROC test all: 0.9609731467742986, AUPR test all: 0.8483362280140596, AUROC test unknown: 0.0, AUPR test unknown: 0.0
2026-09-14 06:37:23,402 INFO Epoch: 337, loss: -0.09369897842407227, labeled_loss: 0.0604967325925827, unnlabeled_loss: 0.09146570414304733, mixup_loss: -1.9992856979370117, energy_loss: 0.0
2026-09-14 06:37:23,402 INFO Best AUROC test all: 0.9609731467742986, AUPR test all: 0.8483362280140596, AUROC test unknown: 0.0, AUPR test unknown: 0.0
2026-09-14 06:37:24,950 INFO Epoch: 338, loss: -0.10671474784612656, labeled_loss: 0.06769657880067825, unnlabeled_loss: 0.051016777753829956, mixup_loss: -1.9991971254348755, energy_loss: 0.0
2026-09-14 06:37:24,951 INFO Best AUROC test all: 0.9609731467742986, AUPR test all: 0.8483362280140596, AUROC test unknown: 0.0, AUPR test unknown: 0.0
2026-09-14 06:37:26,525 INFO Epoch: 339, loss: -0.0824190303683281, labeled_loss: 0.08515305072069168, unnlabeled_loss: 0.06468567252159119, mixup_loss: -1.9991490840911865, energy_loss: 0.0
2026-09-14 06:37:26,525 INFO Best AUROC test all: 0.9609731467742986, AUPR test all: 0.8483362280140596, AUROC test unknown: 0.0, AUPR test unknown: 0.0
2026-09-14 06:37:27,950 INFO Epoch: 340, loss: -0.09734057635068893, labeled_loss: 0.06511835753917694, unnlabeled_loss: 0.07494081556797028, mixup_loss: -1.9992934465408325, energy_loss: 0.0
2026-09-14 06:37:27,951 INFO Best AUROC test all: 0.9609731467742986, AUPR test all: 0.8483362280140596, AUROC test unknown: 0.0, AUPR test unknown: 0.0
2026-09-14 06:37:29,266 INFO Epoch: 341, loss: -0.08646197617053986, labeled_loss: 0.0758221372961998, unnlabeled_loss: 0.07527311146259308, mixup_loss: -1.9992066621780396, energy_loss: 0.0
2026-09-14 06:37:29,266 INFO Best AUROC test all: 0.9609731467742986, AUPR test all: 0.8483362280140596, AUROC test unknown: 0.0, AUPR test unknown: 0.0
2026-09-14 06:37:30,552 INFO Epoch: 342, loss: -0.1118905320763588, labeled_loss: 0.06595709919929504, unnlabeled_loss: 0.04413043335080147, mixup_loss: -1.9991284608840942, energy_loss: 0.0
2026-09-14 06:37:30,552 INFO Best AUROC test all: 0.9609731467742986, AUPR test all: 0.8483362280140596, AUROC test unknown: 0.0, AUPR test unknown: 0.0
2026-09-14 06:37:31,852 INFO Epoch: 343, loss: -0.09765839576721191, labeled_loss: 0.06364679336547852, unnlabeled_loss: 0.07719077914953232, mixup_loss: -1.9990057945251465, energy_loss: 0.0
2026-09-14 06:37:31,852 INFO Best AUROC test all: 0.9609731467742986, AUPR test all: 0.8483362280140596, AUROC test unknown: 0.0, AUPR test unknown: 0.0
2026-09-14 06:37:33,135 INFO Epoch: 344, loss: -0.09224340319633484, labeled_loss: 0.06143346056342125, unnlabeled_loss: 0.09249360114336014, mixup_loss: -1.9992365837097168, energy_loss: 0.0
2026-09-14 06:37:33,135 INFO Best AUROC test all: 0.9609731467742986, AUPR test all: 0.8483362280140596, AUROC test unknown: 0.0, AUPR test unknown: 0.0
2026-09-14 06:37:34,378 INFO Epoch: 345, loss: -0.08891722559928894, labeled_loss: 0.07369520515203476, unnlabeled_loss: 0.07460294663906097, mixup_loss: -1.9991389513015747, energy_loss: 0.0
2026-09-14 06:37:34,378 INFO Best AUROC test all: 0.9609731467742986, AUPR test all: 0.8483362280140596, AUROC test unknown: 0.0, AUPR test unknown: 0.0
2026-09-14 06:37:35,838 INFO Epoch: 346, loss: -0.09757111966609955, labeled_loss: 0.06645368784666061, unnlabeled_loss: 0.07180693000555038, mixup_loss: -1.9992825984954834, energy_loss: 0.0
2026-09-14 06:37:35,839 INFO Best AUROC test all: 0.9609731467742986, AUPR test all: 0.8483362280140596, AUROC test unknown: 0.0, AUPR test unknown: 0.0
2026-09-14 06:37:37,480 INFO Epoch: 347, loss: -0.09237903356552124, labeled_loss: 0.0640001893043518, unnlabeled_loss: 0.08708890527486801, mixup_loss: -1.999236822128296, energy_loss: 0.0
2026-09-14 06:37:37,480 INFO Best AUROC test all: 0.9609731467742986, AUPR test all: 0.8483362280140596, AUROC test unknown: 0.0, AUPR test unknown: 0.0
2026-09-14 06:37:38,895 INFO Epoch: 348, loss: -0.09587249159812927, labeled_loss: 0.06719232350587845, unnlabeled_loss: 0.07370907813310623, mixup_loss: -1.999193549156189, energy_loss: 0.0
2026-09-14 06:37:38,895 INFO Best AUROC test all: 0.9609731467742986, AUPR test all: 0.8483362280140596, AUROC test unknown: 0.0, AUPR test unknown: 0.0
2026-09-14 06:37:40,204 INFO Epoch: 349, loss: -0.08945813030004501, labeled_loss: 0.06669557094573975, unnlabeled_loss: 0.08750392496585846, mixup_loss: -1.9990565776824951, energy_loss: 0.0
2026-09-14 06:37:40,205 INFO Best AUROC test all: 0.9609731467742986, AUPR test all: 0.8483362280140596, AUROC test unknown: 0.0, AUPR test unknown: 0.0
2026-09-14 06:37:41,487 INFO Epoch: 350, loss: -0.09664304554462433, labeled_loss: 0.060985956341028214, unnlabeled_loss: 0.0846056193113327, mixup_loss: -1.9993181228637695, energy_loss: 0.0
2026-09-14 06:37:41,487 INFO Best AUROC test all: 0.9609731467742986, AUPR test all: 0.8483362280140596, AUROC test unknown: 0.0, AUPR test unknown: 0.0
2026-09-14 06:37:42,824 INFO Epoch: 351, loss: -0.09517955034971237, labeled_loss: 0.05897946283221245, unnlabeled_loss: 0.09154113382101059, mixup_loss: -1.9992958307266235, energy_loss: 0.0
2026-09-14 06:37:42,824 INFO Best AUROC test all: 0.9609731467742986, AUPR test all: 0.8483362280140596, AUROC test unknown: 0.0, AUPR test unknown: 0.0
2026-09-14 06:37:44,338 INFO Epoch: 352, loss: -0.11387348175048828, labeled_loss: 0.06395602971315384, unnlabeled_loss: 0.04418746754527092, mixup_loss: -1.9992324113845825, energy_loss: 0.0
2026-09-14 06:37:44,339 INFO Best AUROC test all: 0.9609731467742986, AUPR test all: 0.8483362280140596, AUROC test unknown: 0.0, AUPR test unknown: 0.0
2026-09-14 06:37:46,124 INFO Epoch: 353, loss: -0.10368765145540237, labeled_loss: 0.06968414783477783, unnlabeled_loss: 0.05308784544467926, mixup_loss: -1.999157190322876, energy_loss: 0.0
2026-09-14 06:37:46,124 INFO Best AUROC test all: 0.9609731467742986, AUPR test all: 0.8483362280140596, AUROC test unknown: 0.0, AUPR test unknown: 0.0
2026-09-14 06:37:47,643 INFO Epoch: 354, loss: -0.10815200209617615, labeled_loss: 0.0647854208946228, unnlabeled_loss: 0.05393565073609352, mixup_loss: -1.9990524053573608, energy_loss: 0.0
2026-09-14 06:37:47,643 INFO Best AUROC test all: 0.9609731467742986, AUPR test all: 0.8483362280140596, AUROC test unknown: 0.0, AUPR test unknown: 0.0
2026-09-14 06:37:49,148 INFO Epoch: 355, loss: -0.10232961177825928, labeled_loss: 0.06040908023715019, unnlabeled_loss: 0.07443074882030487, mixup_loss: -1.9995405673980713, energy_loss: 0.0
2026-09-14 06:37:49,148 INFO Best AUROC test all: 0.9609731467742986, AUPR test all: 0.8483362280140596, AUROC test unknown: 0.0, AUPR test unknown: 0.0
2026-09-14 06:37:50,654 INFO Epoch: 356, loss: -0.09800045192241669, labeled_loss: 0.06193253770470619, unnlabeled_loss: 0.0799516960978508, mixup_loss: -1.9990884065628052, energy_loss: 0.0
2026-09-14 06:37:50,654 INFO Best AUROC test all: 0.9609731467742986, AUPR test all: 0.8483362280140596, AUROC test unknown: 0.0, AUPR test unknown: 0.0
2026-09-14 06:37:51,932 INFO Epoch: 357, loss: -0.1076851487159729, labeled_loss: 0.059199582785367966, unnlabeled_loss: 0.06605437397956848, mixup_loss: -1.9991191625595093, energy_loss: 0.0
2026-09-14 06:37:51,932 INFO Best AUROC test all: 0.9609731467742986, AUPR test all: 0.8483362280140596, AUROC test unknown: 0.0, AUPR test unknown: 0.0
2026-09-14 06:37:53,234 INFO Epoch: 358, loss: -0.0902060866355896, labeled_loss: 0.07276517897844315, unnlabeled_loss: 0.07384540140628815, mixup_loss: -1.9989396333694458, energy_loss: 0.0
2026-09-14 06:37:53,234 INFO Best AUROC test all: 0.9609731467742986, AUPR test all: 0.8483362280140596, AUROC test unknown: 0.0, AUPR test unknown: 0.0
2026-09-14 06:37:54,504 INFO Epoch: 359, loss: -0.10532185435295105, labeled_loss: 0.06774640828371048, unnlabeled_loss: 0.05369872599840164, mixup_loss: -1.999176263809204, energy_loss: 0.0
2026-09-14 06:37:54,504 INFO Best AUROC test all: 0.9609731467742986, AUPR test all: 0.8483362280140596, AUROC test unknown: 0.0, AUPR test unknown: 0.0
2026-09-14 06:37:55,780 INFO Epoch: 360, loss: -0.10755221545696259, labeled_loss: 0.062318433076143265, unnlabeled_loss: 0.06013478711247444, mixup_loss: -1.9993804693222046, energy_loss: 0.0
2026-09-14 06:37:55,781 INFO Best AUROC test all: 0.9609731467742986, AUPR test all: 0.8483362280140596, AUROC test unknown: 0.0, AUPR test unknown: 0.0
2026-09-14 06:37:57,004 INFO Epoch: 361, loss: -0.06558887660503387, labeled_loss: 0.06878753751516342, unnlabeled_loss: 0.13109034299850464, mixup_loss: -1.9992159605026245, energy_loss: 0.0
2026-09-14 06:37:57,005 INFO Best AUROC test all: 0.9609731467742986, AUPR test all: 0.8483362280140596, AUROC test unknown: 0.0, AUPR test unknown: 0.0
2026-09-14 06:37:58,218 INFO Epoch: 362, loss: -0.08287648856639862, labeled_loss: 0.07872200757265091, unnlabeled_loss: 0.07664261758327484, mixup_loss: -1.999198079109192, energy_loss: 0.0
2026-09-14 06:37:58,218 INFO Best AUROC test all: 0.9609731467742986, AUPR test all: 0.8483362280140596, AUROC test unknown: 0.0, AUPR test unknown: 0.0
2026-09-14 06:37:59,512 INFO Epoch: 363, loss: -0.08826719224452972, labeled_loss: 0.05901851877570152, unnlabeled_loss: 0.10524772107601166, mixup_loss: -1.9990956783294678, energy_loss: 0.0
2026-09-14 06:37:59,512 INFO Best AUROC test all: 0.9609731467742986, AUPR test all: 0.8483362280140596, AUROC test unknown: 0.0, AUPR test unknown: 0.0
2026-09-14 06:38:00,757 INFO Epoch: 364, loss: -0.09711864590644836, labeled_loss: 0.05841118097305298, unnlabeled_loss: 0.08875111490488052, mixup_loss: -1.999053716659546, energy_loss: 0.0
2026-09-14 06:38:00,757 INFO Best AUROC test all: 0.9609731467742986, AUPR test all: 0.8483362280140596, AUROC test unknown: 0.0, AUPR test unknown: 0.0
2026-09-14 06:38:02,029 INFO Epoch: 365, loss: -0.078867107629776, labeled_loss: 0.05706288665533066, unnlabeled_loss: 0.1279725581407547, mixup_loss: -1.9991626739501953, energy_loss: 0.0
2026-09-14 06:38:02,029 INFO Best AUROC test all: 0.9609731467742986, AUPR test all: 0.8483362280140596, AUROC test unknown: 0.0, AUPR test unknown: 0.0
2026-09-14 06:38:03,298 INFO Epoch: 366, loss: -0.08411292731761932, labeled_loss: 0.06707102805376053, unnlabeled_loss: 0.09746503084897995, mixup_loss: -1.9991645812988281, energy_loss: 0.0
2026-09-14 06:38:03,298 INFO Best AUROC test all: 0.9609731467742986, AUPR test all: 0.8483362280140596, AUROC test unknown: 0.0, AUPR test unknown: 0.0
2026-09-14 06:38:04,811 INFO Epoch: 367, loss: -0.09426392614841461, labeled_loss: 0.06239684298634529, unnlabeled_loss: 0.08650311827659607, mixup_loss: -1.999123215675354, energy_loss: 0.0
2026-09-14 06:38:04,811 INFO Best AUROC test all: 0.9609731467742986, AUPR test all: 0.8483362280140596, AUROC test unknown: 0.0, AUPR test unknown: 0.0
2026-09-14 06:38:06,304 INFO Epoch: 368, loss: -0.10003265738487244, labeled_loss: 0.07545359432697296, unnlabeled_loss: 0.04888886958360672, mixup_loss: -1.9993067979812622, energy_loss: 0.0
2026-09-14 06:38:06,304 INFO Best AUROC test all: 0.9609731467742986, AUPR test all: 0.8483362280140596, AUROC test unknown: 0.0, AUPR test unknown: 0.0
2026-09-14 06:38:07,748 INFO Epoch: 369, loss: -0.11246185749769211, labeled_loss: 0.06848952919244766, unnlabeled_loss: 0.03796220198273659, mixup_loss: -1.9993247985839844, energy_loss: 0.0
2026-09-14 06:38:07,748 INFO Best AUROC test all: 0.9609731467742986, AUPR test all: 0.8483362280140596, AUROC test unknown: 0.0, AUPR test unknown: 0.0
2026-09-14 06:38:09,220 INFO Epoch: 370, loss: -0.09023162722587585, labeled_loss: 0.06102735176682472, unnlabeled_loss: 0.09735419601202011, mixup_loss: -1.9993606805801392, energy_loss: 0.0
2026-09-14 06:38:09,221 INFO Best AUROC test all: 0.9609731467742986, AUPR test all: 0.8483362280140596, AUROC test unknown: 0.0, AUPR test unknown: 0.0
2026-09-14 06:38:10,750 INFO Epoch: 371, loss: -0.0888635441660881, labeled_loss: 0.06128239631652832, unnlabeled_loss: 0.09957285225391388, mixup_loss: -1.9993236064910889, energy_loss: 0.0
2026-09-14 06:38:10,750 INFO Best AUROC test all: 0.9609731467742986, AUPR test all: 0.8483362280140596, AUROC test unknown: 0.0, AUPR test unknown: 0.0
2026-09-14 06:38:12,214 INFO Epoch: 372, loss: -0.09789834916591644, labeled_loss: 0.0653216615319252, unnlabeled_loss: 0.07338231056928635, mixup_loss: -1.9991116523742676, energy_loss: 0.0
2026-09-14 06:38:12,214 INFO Best AUROC test all: 0.9609731467742986, AUPR test all: 0.8483362280140596, AUROC test unknown: 0.0, AUPR test unknown: 0.0
2026-09-14 06:38:13,681 INFO Epoch: 373, loss: -0.08146880567073822, labeled_loss: 0.06555585563182831, unnlabeled_loss: 0.10585308820009232, mixup_loss: -1.999511957168579, energy_loss: 0.0
2026-09-14 06:38:13,681 INFO Best AUROC test all: 0.9609731467742986, AUPR test all: 0.8483362280140596, AUROC test unknown: 0.0, AUPR test unknown: 0.0
2026-09-14 06:38:15,164 INFO Epoch: 374, loss: -0.08034475147724152, labeled_loss: 0.06063640117645264, unnlabeled_loss: 0.11787063628435135, mixup_loss: -1.9991645812988281, energy_loss: 0.0
2026-09-14 06:38:15,165 INFO Best AUROC test all: 0.9609731467742986, AUPR test all: 0.8483362280140596, AUROC test unknown: 0.0, AUPR test unknown: 0.0
2026-09-14 06:38:16,633 INFO Epoch: 375, loss: -0.10091361403465271, labeled_loss: 0.06928398460149765, unnlabeled_loss: 0.05947412922978401, mixup_loss: -1.9993466138839722, energy_loss: 0.0
2026-09-14 06:38:16,633 INFO Best AUROC test all: 0.9609731467742986, AUPR test all: 0.8483362280140596, AUROC test unknown: 0.0, AUPR test unknown: 0.0
2026-09-14 06:38:18,064 INFO Epoch: 376, loss: -0.09836515784263611, labeled_loss: 0.0731615498661995, unnlabeled_loss: 0.05682213231921196, mixup_loss: -1.999377727508545, energy_loss: 0.0
2026-09-14 06:38:18,064 INFO Best AUROC test all: 0.9609731467742986, AUPR test all: 0.8483362280140596, AUROC test unknown: 0.0, AUPR test unknown: 0.0
2026-09-14 06:38:19,322 INFO Epoch: 377, loss: -0.10857708752155304, labeled_loss: 0.06216057017445564, unnlabeled_loss: 0.058376070111989975, mixup_loss: -1.9992568492889404, energy_loss: 0.0
2026-09-14 06:38:19,322 INFO Best AUROC test all: 0.9609731467742986, AUPR test all: 0.8483362280140596, AUROC test unknown: 0.0, AUPR test unknown: 0.0
2026-09-14 06:38:20,745 INFO Epoch: 378, loss: -0.0773777961730957, labeled_loss: 0.08269111067056656, unnlabeled_loss: 0.07969970256090164, mixup_loss: -1.9991875886917114, energy_loss: 0.0
2026-09-14 06:38:20,745 INFO Best AUROC test all: 0.9609731467742986, AUPR test all: 0.8510242600295017, AUROC test unknown: 0.0, AUPR test unknown: 0.0
2026-09-14 06:38:22,239 INFO Epoch: 379, loss: -0.1039925366640091, labeled_loss: 0.06796373426914215, unnlabeled_loss: 0.05595806986093521, mixup_loss: -1.9993529319763184, energy_loss: 0.0
2026-09-14 06:38:22,240 INFO Best AUROC test all: 0.9609731467742986, AUPR test all: 0.8510242600295017, AUROC test unknown: 0.0, AUPR test unknown: 0.0
2026-09-14 06:38:23,893 INFO Epoch: 380, loss: -0.09496106207370758, labeled_loss: 0.07011433690786362, unnlabeled_loss: 0.06969724595546722, mixup_loss: -1.9992401599884033, energy_loss: 0.0
2026-09-14 06:38:23,893 INFO Best AUROC test all: 0.9609731467742986, AUPR test all: 0.8510242600295017, AUROC test unknown: 0.0, AUPR test unknown: 0.0
2026-09-14 06:38:25,830 INFO Epoch: 381, loss: -0.09667882323265076, labeled_loss: 0.06717729568481445, unnlabeled_loss: 0.07211913913488388, mixup_loss: -1.9991569519042969, energy_loss: 0.0
2026-09-14 06:38:25,830 INFO Best AUROC test all: 0.9609731467742986, AUPR test all: 0.8510242600295017, AUROC test unknown: 0.0, AUPR test unknown: 0.0
2026-09-14 06:38:27,372 INFO Epoch: 382, loss: -0.10231691598892212, labeled_loss: 0.05379820987582207, unnlabeled_loss: 0.08762028813362122, mixup_loss: -1.9992526769638062, energy_loss: 0.0
2026-09-14 06:38:27,372 INFO Best AUROC test all: 0.9609731467742986, AUPR test all: 0.8510242600295017, AUROC test unknown: 0.0, AUPR test unknown: 0.0
2026-09-14 06:38:28,659 INFO Epoch: 383, loss: -0.12233862280845642, labeled_loss: 0.06025736406445503, unnlabeled_loss: 0.03466594219207764, mixup_loss: -1.9992895126342773, energy_loss: 0.0
2026-09-14 06:38:28,659 INFO Best AUROC test all: 0.9609731467742986, AUPR test all: 0.8510242600295017, AUROC test unknown: 0.0, AUPR test unknown: 0.0
2026-09-14 06:38:29,913 INFO Epoch: 384, loss: -0.09695064276456833, labeled_loss: 0.06672284752130508, unnlabeled_loss: 0.07252970337867737, mixup_loss: -1.9993834495544434, energy_loss: 0.0
2026-09-14 06:38:29,913 INFO Best AUROC test all: 0.9609731467742986, AUPR test all: 0.8510242600295017, AUROC test unknown: 0.0, AUPR test unknown: 0.0
2026-09-14 06:38:31,214 INFO Epoch: 385, loss: -0.11633312702178955, labeled_loss: 0.06388501077890396, unnlabeled_loss: 0.03940035402774811, mixup_loss: -1.9991830587387085, energy_loss: 0.0
2026-09-14 06:38:31,214 INFO Best AUROC test all: 0.9609731467742986, AUPR test all: 0.8510242600295017, AUROC test unknown: 0.0, AUPR test unknown: 0.0
2026-09-14 06:38:32,531 INFO Epoch: 386, loss: -0.09327749907970428, labeled_loss: 0.06840303540229797, unnlabeled_loss: 0.07646339386701584, mixup_loss: -1.9991222620010376, energy_loss: 0.0
2026-09-14 06:38:32,531 INFO Best AUROC test all: 0.9609731467742986, AUPR test all: 0.8510242600295017, AUROC test unknown: 0.0, AUPR test unknown: 0.0
2026-09-14 06:38:33,756 INFO Epoch: 387, loss: -0.1048138290643692, labeled_loss: 0.06562227755784988, unnlabeled_loss: 0.05899813026189804, mixup_loss: -1.9993516206741333, energy_loss: 0.0
2026-09-14 06:38:33,756 INFO Best AUROC test all: 0.9609731467742986, AUPR test all: 0.8510242600295017, AUROC test unknown: 0.0, AUPR test unknown: 0.0
2026-09-14 06:38:34,987 INFO Epoch: 388, loss: -0.10143806040287018, labeled_loss: 0.06439954787492752, unnlabeled_loss: 0.06812148541212082, mixup_loss: -1.998983383178711, energy_loss: 0.0
2026-09-14 06:38:34,987 INFO Best AUROC test all: 0.9609731467742986, AUPR test all: 0.8510242600295017, AUROC test unknown: 0.0, AUPR test unknown: 0.0
2026-09-14 06:38:36,185 INFO Epoch: 389, loss: -0.10654610395431519, labeled_loss: 0.06754328310489655, unnlabeled_loss: 0.05165877938270569, mixup_loss: -1.999187707901001, energy_loss: 0.0
2026-09-14 06:38:36,185 INFO Best AUROC test all: 0.9609731467742986, AUPR test all: 0.8510242600295017, AUROC test unknown: 0.0, AUPR test unknown: 0.0
2026-09-14 06:38:37,439 INFO Epoch: 390, loss: -0.10281796753406525, labeled_loss: 0.07401594519615173, unnlabeled_loss: 0.046176616102457047, mixup_loss: -1.9992221593856812, energy_loss: 0.0
2026-09-14 06:38:37,439 INFO Best AUROC test all: 0.9609731467742986, AUPR test all: 0.8510242600295017, AUROC test unknown: 0.0, AUPR test unknown: 0.0
2026-09-14 06:38:38,677 INFO Epoch: 391, loss: -0.10428763926029205, labeled_loss: 0.05921980366110802, unnlabeled_loss: 0.07288607954978943, mixup_loss: -1.999504804611206, energy_loss: 0.0
2026-09-14 06:38:38,677 INFO Best AUROC test all: 0.9609731467742986, AUPR test all: 0.8510242600295017, AUROC test unknown: 0.0, AUPR test unknown: 0.0
2026-09-14 06:38:39,886 INFO Epoch: 392, loss: -0.09943457692861557, labeled_loss: 0.061838094145059586, unnlabeled_loss: 0.0773320272564888, mixup_loss: -1.9993867874145508, energy_loss: 0.0
2026-09-14 06:38:39,886 INFO Best AUROC test all: 0.9609731467742986, AUPR test all: 0.8510242600295017, AUROC test unknown: 0.0, AUPR test unknown: 0.0
2026-09-14 06:38:41,117 INFO Epoch: 393, loss: -0.1085314154624939, labeled_loss: 0.06594161689281464, unnlabeled_loss: 0.050931692123413086, mixup_loss: -1.9993886947631836, energy_loss: 0.0
2026-09-14 06:38:41,118 INFO Best AUROC test all: 0.9609731467742986, AUPR test all: 0.8510242600295017, AUROC test unknown: 0.0, AUPR test unknown: 0.0
2026-09-14 06:38:42,379 INFO Epoch: 394, loss: -0.09281248599290848, labeled_loss: 0.06448817998170853, unnlabeled_loss: 0.08524605631828308, mixup_loss: -1.9992369413375854, energy_loss: 0.0
2026-09-14 06:38:42,379 INFO Best AUROC test all: 0.9609731467742986, AUPR test all: 0.8510242600295017, AUROC test unknown: 0.0, AUPR test unknown: 0.0
2026-09-14 06:38:43,586 INFO Epoch: 395, loss: -0.10056515038013458, labeled_loss: 0.06756482273340225, unnlabeled_loss: 0.06356970220804214, mixup_loss: -1.9991482496261597, energy_loss: 0.0
2026-09-14 06:38:43,586 INFO Best AUROC test all: 0.9609731467742986, AUPR test all: 0.8510242600295017, AUROC test unknown: 0.0, AUPR test unknown: 0.0
2026-09-14 06:38:44,883 INFO Epoch: 396, loss: -0.09911250323057175, labeled_loss: 0.06769973784685135, unnlabeled_loss: 0.06620582938194275, mixup_loss: -1.999151587486267, energy_loss: 0.0
2026-09-14 06:38:44,884 INFO Best AUROC test all: 0.9609731467742986, AUPR test all: 0.8510242600295017, AUROC test unknown: 0.0, AUPR test unknown: 0.0
2026-09-14 06:38:46,267 INFO Epoch: 397, loss: -0.07879064977169037, labeled_loss: 0.06910715997219086, unnlabeled_loss: 0.10407653450965881, mixup_loss: -1.9993607997894287, energy_loss: 0.0
2026-09-14 06:38:46,267 INFO Best AUROC test all: 0.9609731467742986, AUPR test all: 0.8510242600295017, AUROC test unknown: 0.0, AUPR test unknown: 0.0
2026-09-14 06:38:47,570 INFO Epoch: 398, loss: -0.10936086624860764, labeled_loss: 0.06691203266382217, unnlabeled_loss: 0.04734158515930176, mixup_loss: -1.999436855316162, energy_loss: 0.0
2026-09-14 06:38:47,570 INFO Best AUROC test all: 0.9609731467742986, AUPR test all: 0.8510242600295017, AUROC test unknown: 0.0, AUPR test unknown: 0.0
2026-09-14 06:38:48,839 INFO Epoch: 399, loss: -0.08672529458999634, labeled_loss: 0.07139555364847183, unnlabeled_loss: 0.08361301571130753, mixup_loss: -1.9992735385894775, energy_loss: 0.0
2026-09-14 06:38:48,839 INFO Best AUROC test all: 0.9609731467742986, AUPR test all: 0.8510242600295017, AUROC test unknown: 0.0, AUPR test unknown: 0.0
2026-09-14 06:38:48,863 INFO AGG best={'auroc_all': 0.9609731467742986, 'aupr_all': 0.8510242600295017, 'auroc_unknown': 0.0, 'aupr_unknown': 0.0} val_selected={'auroc_all': 0.952181856855074, 'aupr_all': 0.825731363481883, 'auroc_unknown': nan, 'aupr_unknown': 0.0}
