2026-09-02 00:55:32,615 INFO cli={'dataset': 'computers', 'method': 'outpost', 'seed': 8, 'train_seed': None, 'epochs': None, 'set': ['num_epochs=400'], 'tag': 'E400_outpost', 'rotations': [9]}
2026-09-02 00:55:32,615 INFO config={'alpha_plus': 0.05, 'alpha_r': 0.1, 'atlas_gate_q': 0.9, 'batch_size': 512, 'hidden_dim': 64, 'lambda_halo': 0.2, 'lambda_mixup': 0.2, 'lambda_un': 1.0, 'lr': 0.001, 'margin': 0.1, 'n_layers': 2, 'optimiser': 'adam', 'sampling_sizes': [25, 10], 'tau_minus': 0.05, 'tau_mu': 0.05, 'tau_plus': 0.95, 'use_atlas_gate': True, 'use_conformal': True, 'use_pl': True, 'version': 4, 'weight_decay': 0.0005, 'K_p': 8, 'drop_out': 0.5, 'input_dim': 767, 'num_epochs': 400, 'sim_topk_frac': 0.0, 'use_atlas_loss': True, 'use_halo': True, 'use_mixup': True, 'warmup_epochs': 5, 'use_fview_gate': False, 'use_hybrid': False}
2026-09-02 00:55:32,636 INFO cli={'dataset': 'computers', 'method': 'demo', 'seed': 4, 'train_seed': None, 'epochs': None, 'set': ['num_epochs=400', 'mixup=true', 'energy_loss=false'], 'tag': 'E400_demo', 'rotations': [6]}
2026-09-02 00:55:32,636 INFO config={'alpha_plus': 0.05, 'alpha_r': 0.1, 'atlas_gate_q': 0.9, 'batch_size': 512, 'hidden_dim': 64, 'lambda_halo': 0.2, 'lambda_mixup': 0.2, 'lambda_un': 1.0, 'lr': 0.001, 'margin': 0.1, 'n_layers': 2, 'optimiser': 'adam', 'sampling_sizes': [25, 10], 'tau_minus': 0.05, 'tau_mu': 0.05, 'tau_plus': 0.95, 'use_atlas_gate': True, 'use_conformal': True, 'use_pl': True, 'version': 4, 'weight_decay': 0.0001, 'loss': 'bce', 'num_epochs': 400, 'ebd_dim': 64, 'drop_out': 0.5, 'gamma': 0.1, 'damping': 0.001, 'p_cutoff': [0.05, 0.95], 'unlabeled_loss': 0.5, 'mixup_loss': 0.1, 'energy_loss_weight': 0.1, 'used_unlabeled_data': True, 'energy_loss': False, 'mixup': True, 'thresh_warmup': True, 'used_augment_for_anormaly': True, 'batch_size_for_anormaly': 20, 'sample_size_for_anormaly': 25, 'div_loss_alpha': 0.5, 'mixup_loss_type': 'consistency', 'device': 0, 'input_dim': 767}
2026-09-02 00:55:34,678 INFO [OUTPOST-v4] epoch 0 cur={'auroc_all': 0.4551025055192175, 'aupr_all': 0.13846459028972435, 'auroc_unknown': 0.4585410664887769, 'aupr_unknown': 0.1263447579624396, 'val_auc': 0.3810344827586207} best={'auroc_all': 0.4551025055192175, 'aupr_all': 0.13846459028972435, 'auroc_unknown': 0.4585410664887769, 'aupr_unknown': 0.1263447579624396}
2026-09-02 00:55:35,515 INFO [OUTPOST-v4] epoch 1 cur={'auroc_all': 0.45833922013163925, 'aupr_all': 0.13992072402342298, 'auroc_unknown': 0.4632828182967791, 'aupr_unknown': 0.128075831251199, 'val_auc': 0.357183908045977} best={'auroc_all': 0.45833922013163925, 'aupr_all': 0.13992072402342298, 'auroc_unknown': 0.4632828182967791, 'aupr_unknown': 0.128075831251199}
2026-09-02 00:55:36,001 INFO Epoch: 0, loss: 0.5961931347846985, labeled_loss: 0.7130846381187439, unnlabeled_loss: 0.0, mixup_loss: -1.168915033340454, energy_loss: 0.0
2026-09-02 00:55:36,001 INFO Best AUROC test all: 0.487480339622697, AUPR test all: 0.14867070122904943, AUROC test unknown: 0.5598083711082523, AUPR test unknown: 0.1406728581003643
2026-09-02 00:55:36,385 INFO [OUTPOST-v4] epoch 2 cur={'auroc_all': 0.4543602414143876, 'aupr_all': 0.13864898387538246, 'auroc_unknown': 0.45946914143738, 'aupr_unknown': 0.1267196564793656, 'val_auc': 0.3830459770114943} best={'auroc_all': 0.45833922013163925, 'aupr_all': 0.13992072402342298, 'auroc_unknown': 0.4632828182967791, 'aupr_unknown': 0.128075831251199}
2026-09-02 00:55:37,326 INFO [OUTPOST-v4] epoch 3 cur={'auroc_all': 0.45477954964800316, 'aupr_all': 0.13828183621579057, 'auroc_unknown': 0.4606138296590178, 'aupr_unknown': 0.12659326699015275, 'val_auc': 0.3781609195402299} best={'auroc_all': 0.45833922013163925, 'aupr_all': 0.13992072402342298, 'auroc_unknown': 0.4632828182967791, 'aupr_unknown': 0.128075831251199}
2026-09-02 00:55:38,083 INFO Epoch: 1, loss: 0.42686736583709717, labeled_loss: 0.5611565709114075, unnlabeled_loss: 0.0, mixup_loss: -1.342892050743103, energy_loss: 0.0
2026-09-02 00:55:38,083 INFO Best AUROC test all: 0.487480339622697, AUPR test all: 0.14867070122904943, AUROC test unknown: 0.5598083711082523, AUPR test unknown: 0.1406728581003643
2026-09-02 00:55:38,551 INFO [OUTPOST-v4] epoch 4 cur={'auroc_all': 0.45284488778814425, 'aupr_all': 0.1381401939673076, 'auroc_unknown': 0.4575209052340542, 'aupr_unknown': 0.12617512700286776, 'val_auc': 0.3689655172413793} best={'auroc_all': 0.45833922013163925, 'aupr_all': 0.13992072402342298, 'auroc_unknown': 0.4632828182967791, 'aupr_unknown': 0.128075831251199}
2026-09-02 00:55:40,211 INFO Epoch: 2, loss: 0.321527361869812, labeled_loss: 0.4699828326702118, unnlabeled_loss: 0.0, mixup_loss: -1.484554648399353, energy_loss: 0.0
2026-09-02 00:55:40,211 INFO Best AUROC test all: 0.487480339622697, AUPR test all: 0.14867070122904943, AUROC test unknown: 0.5598083711082523, AUPR test unknown: 0.1406728581003643
2026-09-02 00:55:42,320 INFO Epoch: 3, loss: 0.2468881458044052, labeled_loss: 0.40737801790237427, unnlabeled_loss: 0.0, mixup_loss: -1.6048986911773682, energy_loss: 0.0
2026-09-02 00:55:42,320 INFO Best AUROC test all: 0.487480339622697, AUPR test all: 0.14867070122904943, AUROC test unknown: 0.5598083711082523, AUPR test unknown: 0.1406728581003643
2026-09-02 00:55:42,347 INFO [OUTPOST-v4] epoch 5 cur={'auroc_all': 0.454709848427023, 'aupr_all': 0.13860876213162382, 'auroc_unknown': 0.45962621172540996, 'aupr_unknown': 0.12673968235850372, 'val_auc': 0.3836206896551724} best={'auroc_all': 0.45833922013163925, 'aupr_all': 0.13992072402342298, 'auroc_unknown': 0.4632828182967791, 'aupr_unknown': 0.128075831251199}
2026-09-02 00:55:44,427 INFO Epoch: 4, loss: 0.1853598654270172, labeled_loss: 0.356054425239563, unnlabeled_loss: 0.0, mixup_loss: -1.706945538520813, energy_loss: 0.0
2026-09-02 00:55:44,427 INFO Best AUROC test all: 0.487480339622697, AUPR test all: 0.14867070122904943, AUROC test unknown: 0.5598083711082523, AUPR test unknown: 0.1406728581003643
2026-09-02 00:55:45,929 INFO [OUTPOST-v4] epoch 6 cur={'auroc_all': 0.46003759966884694, 'aupr_all': 0.13997408772685802, 'auroc_unknown': 0.4650696468135982, 'aupr_unknown': 0.1281488092750317, 'val_auc': 0.3968390804597701} best={'auroc_all': 0.46003759966884694, 'aupr_all': 0.13997408772685802, 'auroc_unknown': 0.4650696468135982, 'aupr_unknown': 0.1281488092750317}
2026-09-02 00:55:46,589 INFO Epoch: 5, loss: 0.1499740332365036, labeled_loss: 0.3273600935935974, unnlabeled_loss: 0.0, mixup_loss: -1.7738605737686157, energy_loss: 0.0
2026-09-02 00:55:46,589 INFO Best AUROC test all: 0.487480339622697, AUPR test all: 0.14867070122904943, AUROC test unknown: 0.5598083711082523, AUPR test unknown: 0.1406728581003643
2026-09-02 00:55:48,770 INFO Epoch: 6, loss: 0.16891171038150787, labeled_loss: 0.32317790389060974, unnlabeled_loss: 0.057278554886579514, mixup_loss: -1.829054832458496, energy_loss: 0.0
2026-09-02 00:55:48,770 INFO Best AUROC test all: 0.487480339622697, AUPR test all: 0.14867070122904943, AUROC test unknown: 0.5598083711082523, AUPR test unknown: 0.1406728581003643
2026-09-02 00:55:49,599 INFO [OUTPOST-v4] epoch 7 cur={'auroc_all': 0.46395011108159045, 'aupr_all': 0.1414766482315044, 'auroc_unknown': 0.46742975621664695, 'aupr_unknown': 0.12908619960664008, 'val_auc': 0.3968390804597701} best={'auroc_all': 0.46395011108159045, 'aupr_all': 0.1414766482315044, 'auroc_unknown': 0.46742975621664695, 'aupr_unknown': 0.12908619960664008}
2026-09-02 00:55:50,913 INFO Epoch: 7, loss: 0.16985885798931122, labeled_loss: 0.3442383110523224, unnlabeled_loss: 0.02573227696120739, mixup_loss: -1.8724558353424072, energy_loss: 0.0
2026-09-02 00:55:50,914 INFO Best AUROC test all: 0.487480339622697, AUPR test all: 0.14867070122904943, AUROC test unknown: 0.5598083711082523, AUPR test unknown: 0.1406728581003643
2026-09-02 00:55:53,055 INFO Epoch: 8, loss: 0.1852036714553833, labeled_loss: 0.36169692873954773, unnlabeled_loss: 0.027088532224297523, mixup_loss: -1.9003751277923584, energy_loss: 0.0
2026-09-02 00:55:53,055 INFO Best AUROC test all: 0.487480339622697, AUPR test all: 0.14867070122904943, AUROC test unknown: 0.5598083711082523, AUPR test unknown: 0.1406728581003643
2026-09-02 00:55:53,166 INFO [OUTPOST-v4] epoch 8 cur={'auroc_all': 0.4655826425748911, 'aupr_all': 0.14196623965597133, 'auroc_unknown': 0.4692690184913819, 'aupr_unknown': 0.1296519859997972, 'val_auc': 0.41580459770114947} best={'auroc_all': 0.4655826425748911, 'aupr_all': 0.14196623965597133, 'auroc_unknown': 0.4692690184913819, 'aupr_unknown': 0.1296519859997972}
2026-09-02 00:55:55,359 INFO Epoch: 9, loss: 0.19539138674736023, labeled_loss: 0.3743799030780792, unnlabeled_loss: 0.02642279490828514, mixup_loss: -1.9219990968704224, energy_loss: 0.0
2026-09-02 00:55:55,359 INFO Best AUROC test all: 0.487480339622697, AUPR test all: 0.14867070122904943, AUROC test unknown: 0.5598083711082523, AUPR test unknown: 0.1406728581003643
2026-09-02 00:55:56,819 INFO [OUTPOST-v4] epoch 9 cur={'auroc_all': 0.4729045276298484, 'aupr_all': 0.14378564665117305, 'auroc_unknown': 0.4751932118533247, 'aupr_unknown': 0.1310734575648169, 'val_auc': 0.39913793103448275} best={'auroc_all': 0.4729045276298484, 'aupr_all': 0.14378564665117305, 'auroc_unknown': 0.4751932118533247, 'aupr_unknown': 0.1310734575648169}
2026-09-02 00:55:57,617 INFO Epoch: 10, loss: 0.18861976265907288, labeled_loss: 0.3673573136329651, unnlabeled_loss: 0.029379764571785927, mixup_loss: -1.934274435043335, energy_loss: 0.0
2026-09-02 00:55:57,617 INFO Best AUROC test all: 0.487480339622697, AUPR test all: 0.14867070122904943, AUROC test unknown: 0.5598083711082523, AUPR test unknown: 0.1406728581003643
2026-09-02 00:55:59,809 INFO Epoch: 11, loss: 0.17732428014278412, labeled_loss: 0.35822543501853943, unnlabeled_loss: 0.02640889771282673, mixup_loss: -1.9410560131072998, energy_loss: 0.0
2026-09-02 00:55:59,809 INFO Best AUROC test all: 0.487480339622697, AUPR test all: 0.14867070122904943, AUROC test unknown: 0.5598083711082523, AUPR test unknown: 0.1406728581003643
2026-09-02 00:56:00,484 INFO [OUTPOST-v4] epoch 10 cur={'auroc_all': 0.47389495468663767, 'aupr_all': 0.14426693983021888, 'auroc_unknown': 0.4754053080723247, 'aupr_unknown': 0.13123745322001995, 'val_auc': 0.42844827586206896} best={'auroc_all': 0.47389495468663767, 'aupr_all': 0.14426693983021888, 'auroc_unknown': 0.4754053080723247, 'aupr_unknown': 0.13123745322001995}
2026-09-02 00:56:01,983 INFO Epoch: 12, loss: 0.1470044106245041, labeled_loss: 0.3305079936981201, unnlabeled_loss: 0.02271903306245804, mixup_loss: -1.948630928993225, energy_loss: 0.0
2026-09-02 00:56:01,983 INFO Best AUROC test all: 0.487480339622697, AUPR test all: 0.14867070122904943, AUROC test unknown: 0.5598083711082523, AUPR test unknown: 0.1406728581003643
2026-09-02 00:56:04,157 INFO [OUTPOST-v4] epoch 11 cur={'auroc_all': 0.47864638072912385, 'aupr_all': 0.14590014110120375, 'auroc_unknown': 0.48065782063230134, 'aupr_unknown': 0.13283484296463494, 'val_auc': 0.4264367816091954} best={'auroc_all': 0.47864638072912385, 'aupr_all': 0.14590014110120375, 'auroc_unknown': 0.48065782063230134, 'aupr_unknown': 0.13283484296463494}
2026-09-02 00:56:04,159 INFO Epoch: 13, loss: 0.12682940065860748, labeled_loss: 0.31465157866477966, unnlabeled_loss: 0.013563687913119793, mixup_loss: -1.9460402727127075, energy_loss: 0.0
2026-09-02 00:56:04,159 INFO Best AUROC test all: 0.487480339622697, AUPR test all: 0.14867070122904943, AUROC test unknown: 0.5598083711082523, AUPR test unknown: 0.1406728581003643
2026-09-02 00:56:06,320 INFO Epoch: 14, loss: 0.11450038850307465, labeled_loss: 0.3062777519226074, unnlabeled_loss: 0.005715953651815653, mixup_loss: -1.9463534355163574, energy_loss: 0.0
2026-09-02 00:56:06,320 INFO Best AUROC test all: 0.49002263374561106, AUPR test all: 0.14867070122904943, AUROC test unknown: 0.5598083711082523, AUPR test unknown: 0.1406728581003643
2026-09-02 00:56:07,819 INFO [OUTPOST-v4] epoch 12 cur={'auroc_all': 0.4824431362806345, 'aupr_all': 0.14791452627722715, 'auroc_unknown': 0.4840512061458216, 'aupr_unknown': 0.1346949575550565, 'val_auc': 0.4577586206896551} best={'auroc_all': 0.4824431362806345, 'aupr_all': 0.14791452627722715, 'auroc_unknown': 0.4840512061458216, 'aupr_unknown': 0.1346949575550565}
2026-09-02 00:56:08,452 INFO Epoch: 15, loss: 0.10977469384670258, labeled_loss: 0.30379319190979004, unnlabeled_loss: 0.0009839090052992105, mixup_loss: -1.9451043605804443, energy_loss: 0.0
2026-09-02 00:56:08,452 INFO Best AUROC test all: 0.4973646791734678, AUPR test all: 0.15070183413420457, AUROC test unknown: 0.5598083711082523, AUPR test unknown: 0.1406728581003643
2026-09-02 00:56:10,591 INFO Epoch: 16, loss: 0.10987800359725952, labeled_loss: 0.3044866919517517, unnlabeled_loss: 0.00014013538020662963, mixup_loss: -1.9467874765396118, energy_loss: 0.0
2026-09-02 00:56:10,591 INFO Best AUROC test all: 0.5036465963235552, AUPR test all: 0.15221274748234506, AUROC test unknown: 0.5598083711082523, AUPR test unknown: 0.1406728581003643
2026-09-02 00:56:11,518 INFO [OUTPOST-v4] epoch 13 cur={'auroc_all': 0.4816269508085067, 'aupr_all': 0.1466841138016367, 'auroc_unknown': 0.480264990921748, 'aupr_unknown': 0.13250454840256384, 'val_auc': 0.4755747126436782} best={'auroc_all': 0.4824431362806345, 'aupr_all': 0.14791452627722715, 'auroc_unknown': 0.4840512061458216, 'aupr_unknown': 0.1346949575550565}
2026-09-02 00:56:12,763 INFO Epoch: 17, loss: 0.11672180891036987, labeled_loss: 0.31194785237312317, unnlabeled_loss: 2.324560955457855e-05, mixup_loss: -1.9523766040802002, energy_loss: 0.0
2026-09-02 00:56:12,763 INFO Best AUROC test all: 0.5118060428091643, AUPR test all: 0.1545716824436973, AUROC test unknown: 0.5622042804983081, AUPR test unknown: 0.14084805611807927
2026-09-02 00:56:14,948 INFO Epoch: 18, loss: 0.11085627973079681, labeled_loss: 0.30650594830513, unnlabeled_loss: 3.876042319461703e-05, mixup_loss: -1.9566904306411743, energy_loss: 0.0
2026-09-02 00:56:14,948 INFO Best AUROC test all: 0.5118606294843642, AUPR test all: 0.1545716824436973, AUROC test unknown: 0.5622042804983081, AUPR test unknown: 0.14084805611807927
2026-09-02 00:56:15,258 INFO [OUTPOST-v4] epoch 14 cur={'auroc_all': 0.4773852450473831, 'aupr_all': 0.14591529278819376, 'auroc_unknown': 0.47617246297093624, 'aupr_unknown': 0.13180544889605716, 'val_auc': 0.49482758620689654} best={'auroc_all': 0.4824431362806345, 'aupr_all': 0.14791452627722715, 'auroc_unknown': 0.4840512061458216, 'aupr_unknown': 0.1346949575550565}
2026-09-02 00:56:17,067 INFO Epoch: 19, loss: 0.10663582384586334, labeled_loss: 0.30268168449401855, unnlabeled_loss: 3.5758970625465736e-05, mixup_loss: -1.9606374502182007, energy_loss: 0.0
2026-09-02 00:56:17,067 INFO Best AUROC test all: 0.5161016471781532, AUPR test all: 0.15581548865175737, AUROC test unknown: 0.5627062692938327, AUPR test unknown: 0.14112042332684194
2026-09-02 00:56:18,961 INFO [OUTPOST-v4] epoch 15 cur={'auroc_all': 0.4817888759878812, 'aupr_all': 0.14658088455742221, 'auroc_unknown': 0.48056026766419646, 'aupr_unknown': 0.13250810188584505, 'val_auc': 0.5014367816091954} best={'auroc_all': 0.4824431362806345, 'aupr_all': 0.14791452627722715, 'auroc_unknown': 0.4840512061458216, 'aupr_unknown': 0.1346949575550565}
2026-09-02 00:56:19,168 INFO Epoch: 20, loss: 0.10006983578205109, labeled_loss: 0.2963387966156006, unnlabeled_loss: 0.00013232571654953063, mixup_loss: -1.9633511304855347, energy_loss: 0.0
2026-09-02 00:56:19,168 INFO Best AUROC test all: 0.5210525210053196, AUPR test all: 0.15738027058040097, AUROC test unknown: 0.5661739364485705, AUPR test unknown: 0.14205733362732137
2026-09-02 00:56:21,313 INFO Epoch: 21, loss: 0.09576386213302612, labeled_loss: 0.29196247458457947, unnlabeled_loss: 0.0007076342590153217, mixup_loss: -1.9655241966247559, energy_loss: 0.0
2026-09-02 00:56:21,314 INFO Best AUROC test all: 0.5238767851218925, AUPR test all: 0.15769626072999265, AUROC test unknown: 0.5666680189999166, AUPR test unknown: 0.14205733362732137
2026-09-02 00:56:22,671 INFO [OUTPOST-v4] epoch 16 cur={'auroc_all': 0.48728614408533644, 'aupr_all': 0.14881347392459693, 'auroc_unknown': 0.4843047001384477, 'aupr_unknown': 0.13402800301556825, 'val_auc': 0.48591954022988504} best={'auroc_all': 0.48728614408533644, 'aupr_all': 0.14881347392459693, 'auroc_unknown': 0.4843047001384477, 'aupr_unknown': 0.1346949575550565}
2026-09-02 00:56:23,419 INFO Epoch: 22, loss: 0.08933089673519135, labeled_loss: 0.285037636756897, unnlabeled_loss: 0.0019476552261039615, mixup_loss: -1.9668055772781372, energy_loss: 0.0
2026-09-02 00:56:23,419 INFO Best AUROC test all: 0.5277982872811395, AUPR test all: 0.1587776572604814, AUROC test unknown: 0.5666680189999166, AUPR test unknown: 0.14205733362732137
2026-09-02 00:56:25,567 INFO Epoch: 23, loss: 0.09445397555828094, labeled_loss: 0.28872916102409363, unnlabeled_loss: 0.005486829672008753, mixup_loss: -1.9701859951019287, energy_loss: 0.0
2026-09-02 00:56:25,567 INFO Best AUROC test all: 0.5303128293548974, AUPR test all: 0.1587776572604814, AUROC test unknown: 0.5666680189999166, AUPR test unknown: 0.14205733362732137
2026-09-02 00:56:26,250 INFO [OUTPOST-v4] epoch 17 cur={'auroc_all': 0.49084237423230026, 'aupr_all': 0.14958362758940807, 'auroc_unknown': 0.48799505628967954, 'aupr_unknown': 0.13460831950395336, 'val_auc': 0.5060344827586207} best={'auroc_all': 0.49084237423230026, 'aupr_all': 0.14958362758940807, 'auroc_unknown': 0.48799505628967954, 'aupr_unknown': 0.1346949575550565}
2026-09-02 00:56:27,745 INFO Epoch: 24, loss: 0.08796131610870361, labeled_loss: 0.28056442737579346, unnlabeled_loss: 0.009234919212758541, mixup_loss: -1.972205638885498, energy_loss: 0.0
2026-09-02 00:56:27,745 INFO Best AUROC test all: 0.5403080165532487, AUPR test all: 0.1616023420958696, AUROC test unknown: 0.5667191210380194, AUPR test unknown: 0.14205733362732137
2026-09-02 00:56:29,942 INFO Epoch: 25, loss: 0.09345366060733795, labeled_loss: 0.28520724177360535, unnlabeled_loss: 0.011729147285223007, mixup_loss: -1.9761813879013062, energy_loss: 0.0
2026-09-02 00:56:29,943 INFO Best AUROC test all: 0.5460803051642847, AUPR test all: 0.16295364995906547, AUROC test unknown: 0.5667191210380194, AUPR test unknown: 0.14205733362732137
2026-09-02 00:56:29,967 INFO [OUTPOST-v4] epoch 18 cur={'auroc_all': 0.49260304679885386, 'aupr_all': 0.14972143585718956, 'auroc_unknown': 0.48952138424710256, 'aupr_unknown': 0.13479915522296065, 'val_auc': 0.5132183908045977} best={'auroc_all': 0.49260304679885386, 'aupr_all': 0.14972143585718956, 'auroc_unknown': 0.48952138424710256, 'aupr_unknown': 0.13479915522296065}
2026-09-02 00:56:32,140 INFO Epoch: 26, loss: 0.08896632492542267, labeled_loss: 0.28063181042671204, unnlabeled_loss: 0.012259124778211117, mixup_loss: -1.9779504537582397, energy_loss: 0.0
2026-09-02 00:56:32,140 INFO Best AUROC test all: 0.5609497384243222, AUPR test all: 0.16696302385431247, AUROC test unknown: 0.5696495387023925, AUPR test unknown: 0.14205733362732137
2026-09-02 00:56:33,633 INFO [OUTPOST-v4] epoch 19 cur={'auroc_all': 0.49763662631962147, 'aupr_all': 0.15199048334807114, 'auroc_unknown': 0.4923835026099333, 'aupr_unknown': 0.1359253657845726, 'val_auc': 0.5471264367816092} best={'auroc_all': 0.49763662631962147, 'aupr_all': 0.15199048334807114, 'auroc_unknown': 0.4923835026099333, 'aupr_unknown': 0.1359253657845726}
2026-09-02 00:56:34,333 INFO Epoch: 27, loss: 0.08556079864501953, labeled_loss: 0.2783651351928711, unnlabeled_loss: 0.010259425267577171, mixup_loss: -1.9793405532836914, energy_loss: 0.0
2026-09-02 00:56:34,333 INFO Best AUROC test all: 0.5759639639871063, AUPR test all: 0.171167045539008, AUROC test unknown: 0.5700296155210769, AUPR test unknown: 0.14205733362732137
2026-09-02 00:56:36,509 INFO Epoch: 28, loss: 0.0764729380607605, labeled_loss: 0.2713175117969513, unnlabeled_loss: 0.006693642120808363, mixup_loss: -1.9819140434265137, energy_loss: 0.0
2026-09-02 00:56:36,509 INFO Best AUROC test all: 0.5956318641597285, AUPR test all: 0.1780844626277056, AUROC test unknown: 0.5734964747384533, AUPR test unknown: 0.14205733362732137
2026-09-02 00:56:37,274 INFO [OUTPOST-v4] epoch 20 cur={'auroc_all': 0.5004999267896356, 'aupr_all': 0.1527108103340094, 'auroc_unknown': 0.49629760692636854, 'aupr_unknown': 0.13686666791689767, 'val_auc': 0.5525862068965518} best={'auroc_all': 0.5004999267896356, 'aupr_all': 0.1527108103340094, 'auroc_unknown': 0.49629760692636854, 'aupr_unknown': 0.13686666791689767}
2026-09-02 00:56:38,693 INFO Epoch: 29, loss: 0.07285052537918091, labeled_loss: 0.2694089114665985, unnlabeled_loss: 0.0032604264561086893, mixup_loss: -1.9818860292434692, energy_loss: 0.0
2026-09-02 00:56:38,693 INFO Best AUROC test all: 0.6122601580756719, AUPR test all: 0.1838624029597999, AUROC test unknown: 0.5752712245721915, AUPR test unknown: 0.14205733362732137
2026-09-02 00:56:40,903 INFO Epoch: 30, loss: 0.06535552442073822, labeled_loss: 0.2630808353424072, unnlabeled_loss: 0.0012115758145228028, mixup_loss: -1.9833109378814697, energy_loss: 0.0
2026-09-02 00:56:40,903 INFO Best AUROC test all: 0.6289778090027831, AUPR test all: 0.191388250190208, AUROC test unknown: 0.5793121809945894, AUPR test unknown: 0.14205733362732137
2026-09-02 00:56:40,970 INFO [OUTPOST-v4] epoch 21 cur={'auroc_all': 0.5060547861229846, 'aupr_all': 0.15549066020792085, 'auroc_unknown': 0.500858650907897, 'aupr_unknown': 0.13913219835800023, 'val_auc': 0.5712643678160919} best={'auroc_all': 0.5060547861229846, 'aupr_all': 0.15549066020792085, 'auroc_unknown': 0.500858650907897, 'aupr_unknown': 0.13913219835800023}
2026-09-02 00:56:43,089 INFO Epoch: 31, loss: 0.06461513042449951, labeled_loss: 0.2627940773963928, unnlabeled_loss: 0.00041239761048927903, mixup_loss: -1.983851432800293, energy_loss: 0.0
2026-09-02 00:56:43,089 INFO Best AUROC test all: 0.6371860853335604, AUPR test all: 0.19629578150890015, AUROC test unknown: 0.5795390671185884, AUPR test unknown: 0.14205733362732137
2026-09-02 00:56:44,648 INFO [OUTPOST-v4] epoch 22 cur={'auroc_all': 0.5077179136770905, 'aupr_all': 0.1555580517539356, 'auroc_unknown': 0.5024557631552526, 'aupr_unknown': 0.13905792954757235, 'val_auc': 0.5841954022988506} best={'auroc_all': 0.5077179136770905, 'aupr_all': 0.1555580517539356, 'auroc_unknown': 0.5024557631552526, 'aupr_unknown': 0.13913219835800023}
2026-09-02 00:56:45,288 INFO Epoch: 32, loss: 0.06125183403491974, labeled_loss: 0.2596372067928314, unnlabeled_loss: 0.00023753137793391943, mixup_loss: -1.9850413799285889, energy_loss: 0.0
2026-09-02 00:56:45,288 INFO Best AUROC test all: 0.6411435046076659, AUPR test all: 0.2011944532012762, AUROC test unknown: 0.5795390671185884, AUPR test unknown: 0.14205733362732137
2026-09-02 00:56:47,448 INFO Epoch: 33, loss: 0.05949355661869049, labeled_loss: 0.25785183906555176, unnlabeled_loss: 0.00043517889571376145, mixup_loss: -1.985758662223816, energy_loss: 0.0
2026-09-02 00:56:47,448 INFO Best AUROC test all: 0.6430969048345997, AUPR test all: 0.20359689901847094, AUROC test unknown: 0.5795390671185884, AUPR test unknown: 0.14205733362732137
2026-09-02 00:56:48,126 INFO [OUTPOST-v4] epoch 23 cur={'auroc_all': 0.5134441705834517, 'aupr_all': 0.15764335439971572, 'auroc_unknown': 0.5072597014514731, 'aupr_unknown': 0.1405024850880032, 'val_auc': 0.5916666666666667} best={'auroc_all': 0.5134441705834517, 'aupr_all': 0.15764335439971572, 'auroc_unknown': 0.5072597014514731, 'aupr_unknown': 0.1405024850880032}
2026-09-02 00:56:49,595 INFO Epoch: 34, loss: 0.05786199867725372, labeled_loss: 0.2560011148452759, unnlabeled_loss: 0.0011599112767726183, mixup_loss: -1.9871906042099, energy_loss: 0.0
2026-09-02 00:56:49,595 INFO Best AUROC test all: 0.6430969048345997, AUPR test all: 0.20359689901847094, AUROC test unknown: 0.5795390671185884, AUPR test unknown: 0.14205733362732137
2026-09-02 00:56:51,683 INFO Epoch: 35, loss: 0.055231109261512756, labeled_loss: 0.2519264221191406, unnlabeled_loss: 0.004376070573925972, mixup_loss: -1.9888333082199097, energy_loss: 0.0
2026-09-02 00:56:51,683 INFO Best AUROC test all: 0.6430969048345997, AUPR test all: 0.20359689901847094, AUROC test unknown: 0.5795390671185884, AUPR test unknown: 0.14205733362732137
2026-09-02 00:56:51,786 INFO [OUTPOST-v4] epoch 24 cur={'auroc_all': 0.5122294794467865, 'aupr_all': 0.1573534310365437, 'auroc_unknown': 0.5058902641265219, 'aupr_unknown': 0.14036899463364944, 'val_auc': 0.5833333333333333} best={'auroc_all': 0.5134441705834517, 'aupr_all': 0.15764335439971572, 'auroc_unknown': 0.5072597014514731, 'aupr_unknown': 0.1405024850880032}
2026-09-02 00:56:53,733 INFO Epoch: 36, loss: 0.0568588525056839, labeled_loss: 0.2504386305809021, unnlabeled_loss: 0.010776499286293983, mixup_loss: -1.989680290222168, energy_loss: 0.0
2026-09-02 00:56:53,733 INFO Best AUROC test all: 0.6430969048345997, AUPR test all: 0.20359689901847094, AUROC test unknown: 0.5795390671185884, AUPR test unknown: 0.14205733362732137
2026-09-02 00:56:55,346 INFO [OUTPOST-v4] epoch 25 cur={'auroc_all': 0.5110230221825569, 'aupr_all': 0.1576791076503198, 'auroc_unknown': 0.5053520930693813, 'aupr_unknown': 0.14059468278197873, 'val_auc': 0.5681034482758621} best={'auroc_all': 0.5134441705834517, 'aupr_all': 0.1576791076503198, 'auroc_unknown': 0.5072597014514731, 'aupr_unknown': 0.14059468278197873}
2026-09-02 00:56:55,789 INFO Epoch: 37, loss: 0.05766981840133667, labeled_loss: 0.24751198291778564, unnlabeled_loss: 0.018403325229883194, mixup_loss: -1.9904383420944214, energy_loss: 0.0
2026-09-02 00:56:55,789 INFO Best AUROC test all: 0.6430969048345997, AUPR test all: 0.20359689901847094, AUROC test unknown: 0.5795390671185884, AUPR test unknown: 0.14205733362732137
2026-09-02 00:56:57,958 INFO Epoch: 38, loss: 0.06157301366329193, labeled_loss: 0.24811790883541107, unnlabeled_loss: 0.025093531236052513, mixup_loss: -1.9909164905548096, energy_loss: 0.0
2026-09-02 00:56:57,958 INFO Best AUROC test all: 0.6430969048345997, AUPR test all: 0.20359689901847094, AUROC test unknown: 0.5795390671185884, AUPR test unknown: 0.14205733362732137
2026-09-02 00:56:58,860 INFO [OUTPOST-v4] epoch 26 cur={'auroc_all': 0.5119775091889099, 'aupr_all': 0.15830170034489086, 'auroc_unknown': 0.5070245323257839, 'aupr_unknown': 0.14161680640341473, 'val_auc': 0.5632183908045977} best={'auroc_all': 0.5134441705834517, 'aupr_all': 0.15830170034489086, 'auroc_unknown': 0.5072597014514731, 'aupr_unknown': 0.14161680640341473}
2026-09-02 00:57:00,113 INFO Epoch: 39, loss: 0.0602869838476181, labeled_loss: 0.24550721049308777, unnlabeled_loss: 0.027611039578914642, mixup_loss: -1.9902573823928833, energy_loss: 0.0
2026-09-02 00:57:00,114 INFO Best AUROC test all: 0.6430969048345997, AUPR test all: 0.20359689901847094, AUROC test unknown: 0.5795390671185884, AUPR test unknown: 0.14205733362732137
2026-09-02 00:57:02,220 INFO Epoch: 40, loss: 0.05713336169719696, labeled_loss: 0.2420913130044937, unnlabeled_loss: 0.028353272005915642, mixup_loss: -1.991345763206482, energy_loss: 0.0
2026-09-02 00:57:02,220 INFO Best AUROC test all: 0.6430969048345997, AUPR test all: 0.2049751296679626, AUROC test unknown: 0.5795390671185884, AUPR test unknown: 0.14205733362732137
2026-09-02 00:57:02,574 INFO [OUTPOST-v4] epoch 27 cur={'auroc_all': 0.5098159456577263, 'aupr_all': 0.1564268215802548, 'auroc_unknown': 0.5042160283145373, 'aupr_unknown': 0.13975869559277865, 'val_auc': 0.5635057471264368} best={'auroc_all': 0.5134441705834517, 'aupr_all': 0.15830170034489086, 'auroc_unknown': 0.5072597014514731, 'aupr_unknown': 0.14161680640341473}
2026-09-02 00:57:04,355 INFO Epoch: 41, loss: 0.05435286462306976, labeled_loss: 0.23918910324573517, unnlabeled_loss: 0.028646385297179222, mixup_loss: -1.9915943145751953, energy_loss: 0.0
2026-09-02 00:57:04,355 INFO Best AUROC test all: 0.6434631172055731, AUPR test all: 0.20820788784846755, AUROC test unknown: 0.5795390671185884, AUPR test unknown: 0.14205733362732137
2026-09-02 00:57:06,129 INFO [OUTPOST-v4] epoch 28 cur={'auroc_all': 0.5136371734707658, 'aupr_all': 0.15780935820155925, 'auroc_unknown': 0.5071530887102189, 'aupr_unknown': 0.14046698466980762, 'val_auc': 0.5747126436781609} best={'auroc_all': 0.5136371734707658, 'aupr_all': 0.15830170034489086, 'auroc_unknown': 0.5072597014514731, 'aupr_unknown': 0.14161680640341473}
2026-09-02 00:57:06,505 INFO Epoch: 42, loss: 0.050831347703933716, labeled_loss: 0.23670528829097748, unnlabeled_loss: 0.02659936621785164, mixup_loss: -1.9917362928390503, energy_loss: 0.0
2026-09-02 00:57:06,506 INFO Best AUROC test all: 0.6434631172055731, AUPR test all: 0.20906763331630007, AUROC test unknown: 0.5795390671185884, AUPR test unknown: 0.14205733362732137
2026-09-02 00:57:08,667 INFO Epoch: 43, loss: 0.0467982143163681, labeled_loss: 0.23223569989204407, unnlabeled_loss: 0.027617117390036583, mixup_loss: -1.9924604892730713, energy_loss: 0.0
2026-09-02 00:57:08,667 INFO Best AUROC test all: 0.643764307213441, AUPR test all: 0.21167212113404027, AUROC test unknown: 0.5795390671185884, AUPR test unknown: 0.14205733362732137
2026-09-02 00:57:09,851 INFO [OUTPOST-v4] epoch 29 cur={'auroc_all': 0.5134248817625092, 'aupr_all': 0.15775171441763114, 'auroc_unknown': 0.5068684886409437, 'aupr_unknown': 0.1403184251357436, 'val_auc': 0.5767241379310345} best={'auroc_all': 0.5136371734707658, 'aupr_all': 0.15830170034489086, 'auroc_unknown': 0.5072597014514731, 'aupr_unknown': 0.14161680640341473}
2026-09-02 00:57:11,115 INFO Epoch: 44, loss: 0.04336908459663391, labeled_loss: 0.22976809740066528, unnlabeled_loss: 0.025864258408546448, mixup_loss: -1.9933112859725952, energy_loss: 0.0
2026-09-02 00:57:11,115 INFO Best AUROC test all: 0.6446549874423124, AUPR test all: 0.21304192999781355, AUROC test unknown: 0.5795390671185884, AUPR test unknown: 0.14205733362732137
2026-09-02 00:57:13,291 INFO Epoch: 45, loss: 0.03949663043022156, labeled_loss: 0.22560083866119385, unnlabeled_loss: 0.026507677510380745, mixup_loss: -1.9935804605484009, energy_loss: 0.0
2026-09-02 00:57:13,291 INFO Best AUROC test all: 0.6446549874423124, AUPR test all: 0.21304192999781355, AUROC test unknown: 0.5795390671185884, AUPR test unknown: 0.14205733362732137
2026-09-02 00:57:13,367 INFO [OUTPOST-v4] epoch 30 cur={'auroc_all': 0.5192405186156158, 'aupr_all': 0.1609079243766413, 'auroc_unknown': 0.5122981929114693, 'aupr_unknown': 0.14291238052687638, 'val_auc': 0.5850574712643678} best={'auroc_all': 0.5192405186156158, 'aupr_all': 0.1609079243766413, 'auroc_unknown': 0.5122981929114693, 'aupr_unknown': 0.14291238052687638}
2026-09-02 00:57:15,482 INFO Epoch: 46, loss: 0.035223379731178284, labeled_loss: 0.22185389697551727, unnlabeled_loss: 0.025577928870916367, mixup_loss: -1.9941948652267456, energy_loss: 0.0
2026-09-02 00:57:15,482 INFO Best AUROC test all: 0.6446549874423124, AUPR test all: 0.21304192999781355, AUROC test unknown: 0.5795390671185884, AUPR test unknown: 0.14205733362732137
2026-09-02 00:57:17,033 INFO [OUTPOST-v4] epoch 31 cur={'auroc_all': 0.5221083373944597, 'aupr_all': 0.16209968160434168, 'auroc_unknown': 0.5138210304180472, 'aupr_unknown': 0.1437252231222105, 'val_auc': 0.6094827586206897} best={'auroc_all': 0.5221083373944597, 'aupr_all': 0.16209968160434168, 'auroc_unknown': 0.5138210304180472, 'aupr_unknown': 0.1437252231222105}
2026-09-02 00:57:17,603 INFO Epoch: 47, loss: 0.03342391550540924, labeled_loss: 0.22061648964881897, unnlabeled_loss: 0.024368824437260628, mixup_loss: -1.9937697649002075, energy_loss: 0.0
2026-09-02 00:57:17,603 INFO Best AUROC test all: 0.6446549874423124, AUPR test all: 0.21304192999781355, AUROC test unknown: 0.5795390671185884, AUPR test unknown: 0.14205733362732137
2026-09-02 00:57:19,781 INFO Epoch: 48, loss: 0.02757054567337036, labeled_loss: 0.21437107026576996, unnlabeled_loss: 0.025280509144067764, mixup_loss: -1.9944077730178833, energy_loss: 0.0
2026-09-02 00:57:19,781 INFO Best AUROC test all: 0.6446549874423124, AUPR test all: 0.21304192999781355, AUROC test unknown: 0.5795390671185884, AUPR test unknown: 0.14205733362732137
2026-09-02 00:57:20,691 INFO [OUTPOST-v4] epoch 32 cur={'auroc_all': 0.5275309043149712, 'aupr_all': 0.16355278459408945, 'auroc_unknown': 0.5187514462272436, 'aupr_unknown': 0.1447276078000117, 'val_auc': 0.6258620689655172} best={'auroc_all': 0.5275309043149712, 'aupr_all': 0.16355278459408945, 'auroc_unknown': 0.5187514462272436, 'aupr_unknown': 0.1447276078000117}
2026-09-02 00:57:21,952 INFO Epoch: 49, loss: 0.022546246647834778, labeled_loss: 0.2093176692724228, unnlabeled_loss: 0.025403795763850212, mixup_loss: -1.994733214378357, energy_loss: 0.0
2026-09-02 00:57:21,952 INFO Best AUROC test all: 0.6446549874423124, AUPR test all: 0.21304192999781355, AUROC test unknown: 0.5795390671185884, AUPR test unknown: 0.14205733362732137
2026-09-02 00:57:24,110 INFO Epoch: 50, loss: 0.017595410346984863, labeled_loss: 0.20545759797096252, unnlabeled_loss: 0.02325310930609703, mixup_loss: -1.9948874711990356, energy_loss: 0.0
2026-09-02 00:57:24,110 INFO Best AUROC test all: 0.6446549874423124, AUPR test all: 0.2146024418498072, AUROC test unknown: 0.5795390671185884, AUPR test unknown: 0.14205733362732137
2026-09-02 00:57:24,177 INFO [OUTPOST-v4] epoch 33 cur={'auroc_all': 0.5328810406807426, 'aupr_all': 0.16546265004507169, 'auroc_unknown': 0.523219762275659, 'aupr_unknown': 0.14613419701812191, 'val_auc': 0.646551724137931} best={'auroc_all': 0.5328810406807426, 'aupr_all': 0.16546265004507169, 'auroc_unknown': 0.523219762275659, 'aupr_unknown': 0.14613419701812191}
2026-09-02 00:57:26,239 INFO Epoch: 51, loss: 0.011815071105957031, labeled_loss: 0.20092764496803284, unnlabeled_loss: 0.02081647329032421, mixup_loss: -1.9952080249786377, energy_loss: 0.0
2026-09-02 00:57:26,239 INFO Best AUROC test all: 0.6446549874423124, AUPR test all: 0.21585403894553862, AUROC test unknown: 0.5795390671185884, AUPR test unknown: 0.14205733362732137
2026-09-02 00:57:27,671 INFO [OUTPOST-v4] epoch 34 cur={'auroc_all': 0.5365147930807215, 'aupr_all': 0.16768205232454017, 'auroc_unknown': 0.525710789250479, 'aupr_unknown': 0.14779301747079227, 'val_auc': 0.6517241379310345} best={'auroc_all': 0.5365147930807215, 'aupr_all': 0.16768205232454017, 'auroc_unknown': 0.525710789250479, 'aupr_unknown': 0.14779301747079227}
2026-09-02 00:57:28,390 INFO Epoch: 52, loss: 0.007256373763084412, labeled_loss: 0.1956925243139267, unnlabeled_loss: 0.022182809188961983, mixup_loss: -1.995275616645813, energy_loss: 0.0
2026-09-02 00:57:28,390 INFO Best AUROC test all: 0.6446549874423124, AUPR test all: 0.21770584219680245, AUROC test unknown: 0.5795390671185884, AUPR test unknown: 0.14205733362732137
2026-09-02 00:57:30,574 INFO Epoch: 53, loss: 0.00442071259021759, labeled_loss: 0.19381023943424225, unnlabeled_loss: 0.020320381969213486, mixup_loss: -1.9954971075057983, energy_loss: 0.0
2026-09-02 00:57:30,574 INFO Best AUROC test all: 0.6446549874423124, AUPR test all: 0.21770584219680245, AUROC test unknown: 0.5795390671185884, AUPR test unknown: 0.14205733362732137
2026-09-02 00:57:31,320 INFO [OUTPOST-v4] epoch 35 cur={'auroc_all': 0.5386202561885693, 'aupr_all': 0.16824750019819923, 'auroc_unknown': 0.5279227084830891, 'aupr_unknown': 0.1483773301585088, 'val_auc': 0.6620689655172414} best={'auroc_all': 0.5386202561885693, 'aupr_all': 0.16824750019819923, 'auroc_unknown': 0.5279227084830891, 'aupr_unknown': 0.1483773301585088}
2026-09-02 00:57:32,789 INFO Epoch: 54, loss: -0.0005389600992202759, labeled_loss: 0.1885313093662262, unnlabeled_loss: 0.020968260243535042, mixup_loss: -1.9955439567565918, energy_loss: 0.0
2026-09-02 00:57:32,789 INFO Best AUROC test all: 0.6446549874423124, AUPR test all: 0.21819106410930927, AUROC test unknown: 0.5795390671185884, AUPR test unknown: 0.14205733362732137
2026-09-02 00:57:34,944 INFO Epoch: 55, loss: -0.0034659206867218018, labeled_loss: 0.18664072453975677, unnlabeled_loss: 0.018889987841248512, mixup_loss: -1.9955164194107056, energy_loss: 0.0
2026-09-02 00:57:34,944 INFO Best AUROC test all: 0.6446549874423124, AUPR test all: 0.22002931127989284, AUROC test unknown: 0.5795390671185884, AUPR test unknown: 0.14205733362732137
2026-09-02 00:57:34,989 INFO [OUTPOST-v4] epoch 36 cur={'auroc_all': 0.5446839183801684, 'aupr_all': 0.17023202808518711, 'auroc_unknown': 0.532550840983067, 'aupr_unknown': 0.14940840821808427, 'val_auc': 0.6712643678160919} best={'auroc_all': 0.5446839183801684, 'aupr_all': 0.17023202808518711, 'auroc_unknown': 0.532550840983067, 'aupr_unknown': 0.14940840821808427}
2026-09-02 00:57:37,086 INFO Epoch: 56, loss: -0.008701041340827942, labeled_loss: 0.18068310618400574, unnlabeled_loss: 0.020203817635774612, mixup_loss: -1.9948606491088867, energy_loss: 0.0
2026-09-02 00:57:37,086 INFO Best AUROC test all: 0.6446549874423124, AUPR test all: 0.22320415193685217, AUROC test unknown: 0.5795390671185884, AUPR test unknown: 0.14205733362732137
2026-09-02 00:57:38,534 INFO [OUTPOST-v4] epoch 37 cur={'auroc_all': 0.5498367629055744, 'aupr_all': 0.17278857872661382, 'auroc_unknown': 0.5370345304142488, 'aupr_unknown': 0.15138767283225235, 'val_auc': 0.6971264367816092} best={'auroc_all': 0.5498367629055744, 'aupr_all': 0.17278857872661382, 'auroc_unknown': 0.5370345304142488, 'aupr_unknown': 0.15138767283225235}
2026-09-02 00:57:39,254 INFO Epoch: 57, loss: -0.014494329690933228, labeled_loss: 0.17555709183216095, unnlabeled_loss: 0.018872709944844246, mixup_loss: -1.9948776960372925, energy_loss: 0.0
2026-09-02 00:57:39,254 INFO Best AUROC test all: 0.6446549874423124, AUPR test all: 0.22320415193685217, AUROC test unknown: 0.5795390671185884, AUPR test unknown: 0.14205733362732137
2026-09-02 00:57:41,407 INFO Epoch: 58, loss: -0.016818612813949585, labeled_loss: 0.17332309484481812, unnlabeled_loss: 0.01860084757208824, mixup_loss: -1.9944212436676025, energy_loss: 0.0
2026-09-02 00:57:41,408 INFO Best AUROC test all: 0.6446549874423124, AUPR test all: 0.22320415193685217, AUROC test unknown: 0.5795390671185884, AUPR test unknown: 0.14205733362732137
2026-09-02 00:57:42,177 INFO [OUTPOST-v4] epoch 38 cur={'auroc_all': 0.5568365177701188, 'aupr_all': 0.1762738692943474, 'auroc_unknown': 0.542471369576943, 'aupr_unknown': 0.15370406937245523, 'val_auc': 0.7094827586206897} best={'auroc_all': 0.5568365177701188, 'aupr_all': 0.1762738692943474, 'auroc_unknown': 0.542471369576943, 'aupr_unknown': 0.15370406937245523}
2026-09-02 00:57:43,567 INFO Epoch: 59, loss: -0.01910935342311859, labeled_loss: 0.17173828184604645, unnlabeled_loss: 0.01686985418200493, mixup_loss: -1.9928255081176758, energy_loss: 0.0
2026-09-02 00:57:43,567 INFO Best AUROC test all: 0.6446549874423124, AUPR test all: 0.22544424454659362, AUROC test unknown: 0.5795390671185884, AUPR test unknown: 0.14205733362732137
2026-09-02 00:57:45,680 INFO Epoch: 60, loss: -0.020546674728393555, labeled_loss: 0.17031750082969666, unnlabeled_loss: 0.016884228214621544, mixup_loss: -1.993062973022461, energy_loss: 0.0
2026-09-02 00:57:45,680 INFO Best AUROC test all: 0.6446549874423124, AUPR test all: 0.22967694791031845, AUROC test unknown: 0.5795390671185884, AUPR test unknown: 0.14205733362732137
2026-09-02 00:57:45,789 INFO [OUTPOST-v4] epoch 39 cur={'auroc_all': 0.571891889759503, 'aupr_all': 0.18295979025556933, 'auroc_unknown': 0.5557486596155453, 'aupr_unknown': 0.1584477677429582, 'val_auc': 0.7442528735632185} best={'auroc_all': 0.571891889759503, 'aupr_all': 0.18295979025556933, 'auroc_unknown': 0.5557486596155453, 'aupr_unknown': 0.1584477677429582}
2026-09-02 00:57:47,785 INFO Epoch: 61, loss: -0.02848874032497406, labeled_loss: 0.16265419125556946, unnlabeled_loss: 0.016415219753980637, mixup_loss: -1.9935053586959839, energy_loss: 0.0
2026-09-02 00:57:47,785 INFO Best AUROC test all: 0.6446549874423124, AUPR test all: 0.23431866453311542, AUROC test unknown: 0.5795390671185884, AUPR test unknown: 0.14205733362732137
2026-09-02 00:57:49,306 INFO [OUTPOST-v4] epoch 40 cur={'auroc_all': 0.5846263188874666, 'aupr_all': 0.1883589471310518, 'auroc_unknown': 0.5657366360389872, 'aupr_unknown': 0.16157746630083497, 'val_auc': 0.753735632183908} best={'auroc_all': 0.5846263188874666, 'aupr_all': 0.1883589471310518, 'auroc_unknown': 0.5657366360389872, 'aupr_unknown': 0.16157746630083497}
2026-09-02 00:57:49,875 INFO Epoch: 62, loss: -0.032074034214019775, labeled_loss: 0.16028055548667908, unnlabeled_loss: 0.013779040426015854, mixup_loss: -1.9924410581588745, energy_loss: 0.0
2026-09-02 00:57:49,875 INFO Best AUROC test all: 0.6446549874423124, AUPR test all: 0.23431866453311542, AUROC test unknown: 0.5795390671185884, AUPR test unknown: 0.14205733362732137
2026-09-02 00:57:51,977 INFO Epoch: 63, loss: -0.03805035352706909, labeled_loss: 0.15436862409114838, unnlabeled_loss: 0.013530365191400051, mixup_loss: -1.9918415546417236, energy_loss: 0.0
2026-09-02 00:57:51,977 INFO Best AUROC test all: 0.6446549874423124, AUPR test all: 0.23431866453311542, AUROC test unknown: 0.5795390671185884, AUPR test unknown: 0.14205733362732137
2026-09-02 00:57:52,941 INFO [OUTPOST-v4] epoch 41 cur={'auroc_all': 0.5926148265116198, 'aupr_all': 0.1922496501548745, 'auroc_unknown': 0.5715446949150906, 'aupr_unknown': 0.16363708792317272, 'val_auc': 0.7775862068965518} best={'auroc_all': 0.5926148265116198, 'aupr_all': 0.1922496501548745, 'auroc_unknown': 0.5715446949150906, 'aupr_unknown': 0.16363708792317272}
2026-09-02 00:57:54,088 INFO Epoch: 64, loss: -0.040166810154914856, labeled_loss: 0.15318232774734497, unnlabeled_loss: 0.011792302131652832, mixup_loss: -1.99245285987854, energy_loss: 0.0
2026-09-02 00:57:54,088 INFO Best AUROC test all: 0.6446549874423124, AUPR test all: 0.2374865674804222, AUROC test unknown: 0.5795390671185884, AUPR test unknown: 0.14205733362732137
2026-09-02 00:57:56,217 INFO Epoch: 65, loss: -0.04567553102970123, labeled_loss: 0.14799576997756958, unnlabeled_loss: 0.011180436238646507, mixup_loss: -1.9926151037216187, energy_loss: 0.0
2026-09-02 00:57:56,217 INFO Best AUROC test all: 0.6446549874423124, AUPR test all: 0.23765471344422817, AUROC test unknown: 0.5795390671185884, AUPR test unknown: 0.14205733362732137
2026-09-02 00:57:56,561 INFO [OUTPOST-v4] epoch 42 cur={'auroc_all': 0.599477770654497, 'aupr_all': 0.1962658143631104, 'auroc_unknown': 0.5769057194322227, 'aupr_unknown': 0.165719994160466, 'val_auc': 0.8152298850574713} best={'auroc_all': 0.599477770654497, 'aupr_all': 0.1962658143631104, 'auroc_unknown': 0.5769057194322227, 'aupr_unknown': 0.165719994160466}
2026-09-02 00:57:58,399 INFO Epoch: 66, loss: -0.05093193054199219, labeled_loss: 0.14323221147060394, unnlabeled_loss: 0.010073941200971603, mixup_loss: -1.9920110702514648, energy_loss: 0.0
2026-09-02 00:57:58,399 INFO Best AUROC test all: 0.6446549874423124, AUPR test all: 0.2414865319258907, AUROC test unknown: 0.5795390671185884, AUPR test unknown: 0.14205733362732137
2026-09-02 00:58:00,197 INFO [OUTPOST-v4] epoch 43 cur={'auroc_all': 0.6096211675566894, 'aupr_all': 0.2029974546110428, 'auroc_unknown': 0.585734070557616, 'aupr_unknown': 0.17018743141989873, 'val_auc': 0.8382183908045977} best={'auroc_all': 0.6096211675566894, 'aupr_all': 0.2029974546110428, 'auroc_unknown': 0.585734070557616, 'aupr_unknown': 0.17018743141989873}
2026-09-02 00:58:00,511 INFO Epoch: 67, loss: -0.05114462971687317, labeled_loss: 0.14277127385139465, unnlabeled_loss: 0.010420851409435272, mixup_loss: -1.9912632703781128, energy_loss: 0.0
2026-09-02 00:58:00,512 INFO Best AUROC test all: 0.6446549874423124, AUPR test all: 0.2414865319258907, AUROC test unknown: 0.5795390671185884, AUPR test unknown: 0.14205733362732137
2026-09-02 00:58:02,604 INFO Epoch: 68, loss: -0.053662702441215515, labeled_loss: 0.14111542701721191, unnlabeled_loss: 0.008758907206356525, mixup_loss: -1.9915757179260254, energy_loss: 0.0
2026-09-02 00:58:02,604 INFO Best AUROC test all: 0.6446549874423124, AUPR test all: 0.2414865319258907, AUROC test unknown: 0.5795390671185884, AUPR test unknown: 0.14205733362732137
2026-09-02 00:58:03,831 INFO [OUTPOST-v4] epoch 44 cur={'auroc_all': 0.6216680339329123, 'aupr_all': 0.2114705216779496, 'auroc_unknown': 0.5968073205430895, 'aupr_unknown': 0.17556149115560227, 'val_auc': 0.8658045977011494} best={'auroc_all': 0.6216680339329123, 'aupr_all': 0.2114705216779496, 'auroc_unknown': 0.5968073205430895, 'aupr_unknown': 0.17556149115560227}
2026-09-02 00:58:04,706 INFO Epoch: 69, loss: -0.0628104954957962, labeled_loss: 0.13223595917224884, unnlabeled_loss: 0.008197587914764881, mixup_loss: -1.9914523363113403, energy_loss: 0.0
2026-09-02 00:58:04,706 INFO Best AUROC test all: 0.6446549874423124, AUPR test all: 0.2414865319258907, AUROC test unknown: 0.5795390671185884, AUPR test unknown: 0.14205733362732137
2026-09-02 00:58:06,782 INFO Epoch: 70, loss: -0.06073017418384552, labeled_loss: 0.13483652472496033, unnlabeled_loss: 0.007095655892044306, mixup_loss: -1.9911452531814575, energy_loss: 0.0
2026-09-02 00:58:06,782 INFO Best AUROC test all: 0.6446549874423124, AUPR test all: 0.2414865319258907, AUROC test unknown: 0.5795390671185884, AUPR test unknown: 0.14205733362732137
2026-09-02 00:58:07,484 INFO [OUTPOST-v4] epoch 45 cur={'auroc_all': 0.6334253157036415, 'aupr_all': 0.22008478648003854, 'auroc_unknown': 0.6065069241305338, 'aupr_unknown': 0.18036273421359988, 'val_auc': 0.8859195402298851} best={'auroc_all': 0.6334253157036415, 'aupr_all': 0.22008478648003854, 'auroc_unknown': 0.6065069241305338, 'aupr_unknown': 0.18036273421359988}
2026-09-02 00:58:08,878 INFO Epoch: 71, loss: -0.06861965358257294, labeled_loss: 0.12712174654006958, unnlabeled_loss: 0.006869063246995211, mixup_loss: -1.9917594194412231, energy_loss: 0.0
2026-09-02 00:58:08,878 INFO Best AUROC test all: 0.6446549874423124, AUPR test all: 0.2423094648053294, AUROC test unknown: 0.5795390671185884, AUPR test unknown: 0.14205733362732137
2026-09-02 00:58:10,997 INFO Epoch: 72, loss: -0.07376269996166229, labeled_loss: 0.12231110036373138, unnlabeled_loss: 0.006253598257899284, mixup_loss: -1.9920059442520142, energy_loss: 0.0
2026-09-02 00:58:10,997 INFO Best AUROC test all: 0.6446549874423124, AUPR test all: 0.24486804704218917, AUROC test unknown: 0.5795390671185884, AUPR test unknown: 0.14205733362732137
2026-09-02 00:58:11,134 INFO [OUTPOST-v4] epoch 46 cur={'auroc_all': 0.6412966225251594, 'aupr_all': 0.2271570609373723, 'auroc_unknown': 0.613635759340395, 'aupr_unknown': 0.18470886240680123, 'val_auc': 0.8971264367816092} best={'auroc_all': 0.6412966225251594, 'aupr_all': 0.2271570609373723, 'auroc_unknown': 0.613635759340395, 'aupr_unknown': 0.18470886240680123}
2026-09-02 00:58:13,101 INFO Epoch: 73, loss: -0.07407958805561066, labeled_loss: 0.12234725058078766, unnlabeled_loss: 0.0054900445975363255, mixup_loss: -1.9917185306549072, energy_loss: 0.0
2026-09-02 00:58:13,101 INFO Best AUROC test all: 0.6446549874423124, AUPR test all: 0.24486804704218917, AUROC test unknown: 0.5795390671185884, AUPR test unknown: 0.14205733362732137
2026-09-02 00:58:14,796 INFO [OUTPOST-v4] epoch 47 cur={'auroc_all': 0.6543752917405499, 'aupr_all': 0.2380970208372875, 'auroc_unknown': 0.6260326601485577, 'aupr_unknown': 0.19099318783222669, 'val_auc': 0.9163793103448277} best={'auroc_all': 0.6543752917405499, 'aupr_all': 0.2380970208372875, 'auroc_unknown': 0.6260326601485577, 'aupr_unknown': 0.19099318783222669}
2026-09-02 00:58:15,214 INFO Epoch: 74, loss: -0.08127700537443161, labeled_loss: 0.11555429548025131, unnlabeled_loss: 0.004717705771327019, mixup_loss: -1.9919015169143677, energy_loss: 0.0
2026-09-02 00:58:15,214 INFO Best AUROC test all: 0.6446549874423124, AUPR test all: 0.24486804704218917, AUROC test unknown: 0.5795390671185884, AUPR test unknown: 0.14205733362732137
2026-09-02 00:58:17,318 INFO Epoch: 75, loss: -0.07987483590841293, labeled_loss: 0.11759010702371597, unnlabeled_loss: 0.003381013870239258, mixup_loss: -1.9915544986724854, energy_loss: 0.0
2026-09-02 00:58:17,318 INFO Best AUROC test all: 0.6446549874423124, AUPR test all: 0.2454791940864401, AUROC test unknown: 0.5795390671185884, AUPR test unknown: 0.14205733362732137
2026-09-02 00:58:18,522 INFO [OUTPOST-v4] epoch 48 cur={'auroc_all': 0.6711397312464037, 'aupr_all': 0.25590753103842506, 'auroc_unknown': 0.6417205171369844, 'aupr_unknown': 0.20064776883897834, 'val_auc': 0.9359195402298851} best={'auroc_all': 0.6711397312464037, 'aupr_all': 0.25590753103842506, 'auroc_unknown': 0.6417205171369844, 'aupr_unknown': 0.20064776883897834}
2026-09-02 00:58:19,441 INFO Epoch: 76, loss: -0.08397529274225235, labeled_loss: 0.11373444646596909, unnlabeled_loss: 0.0030384892597794533, mixup_loss: -1.9922897815704346, energy_loss: 0.0
2026-09-02 00:58:19,441 INFO Best AUROC test all: 0.6446549874423124, AUPR test all: 0.24999224998753494, AUROC test unknown: 0.5795390671185884, AUPR test unknown: 0.14205733362732137
2026-09-02 00:58:21,552 INFO Epoch: 77, loss: -0.08792949467897415, labeled_loss: 0.10956305265426636, unnlabeled_loss: 0.0034406627528369427, mixup_loss: -1.9921287298202515, energy_loss: 0.0
2026-09-02 00:58:21,552 INFO Best AUROC test all: 0.6446549874423124, AUPR test all: 0.25980599336913496, AUROC test unknown: 0.5795390671185884, AUPR test unknown: 0.14205733362732137
2026-09-02 00:58:22,260 INFO [OUTPOST-v4] epoch 49 cur={'auroc_all': 0.6803927919533919, 'aupr_all': 0.2696991636244912, 'auroc_unknown': 0.6505948600852779, 'aupr_unknown': 0.2053338538024792, 'val_auc': 0.9511494252873564} best={'auroc_all': 0.6803927919533919, 'aupr_all': 0.2696991636244912, 'auroc_unknown': 0.6505948600852779, 'aupr_unknown': 0.2053338538024792}
2026-09-02 00:58:23,727 INFO Epoch: 78, loss: -0.08429022878408432, labeled_loss: 0.10990075767040253, unnlabeled_loss: 0.010376255959272385, mixup_loss: -1.993791103363037, energy_loss: 0.0
2026-09-02 00:58:23,727 INFO Best AUROC test all: 0.6446549874423124, AUPR test all: 0.2622545038373061, AUROC test unknown: 0.5795390671185884, AUPR test unknown: 0.14205733362732137
2026-09-02 00:58:25,837 INFO Epoch: 79, loss: -0.09023744612932205, labeled_loss: 0.10757753252983093, unnlabeled_loss: 0.002789129735901952, mixup_loss: -1.9920953512191772, energy_loss: 0.0
2026-09-02 00:58:25,837 INFO Best AUROC test all: 0.6446549874423124, AUPR test all: 0.2622545038373061, AUROC test unknown: 0.5795390671185884, AUPR test unknown: 0.14205733362732137
2026-09-02 00:58:25,915 INFO [OUTPOST-v4] epoch 50 cur={'auroc_all': 0.6851215347094191, 'aupr_all': 0.27728138599919144, 'auroc_unknown': 0.6552935458894706, 'aupr_unknown': 0.20877191788702418, 'val_auc': 0.9617816091954023} best={'auroc_all': 0.6851215347094191, 'aupr_all': 0.27728138599919144, 'auroc_unknown': 0.6552935458894706, 'aupr_unknown': 0.20877191788702418}
2026-09-02 00:58:27,980 INFO Epoch: 80, loss: -0.08803923428058624, labeled_loss: 0.1103660985827446, unnlabeled_loss: 0.0021726673003286123, mixup_loss: -1.994916558265686, energy_loss: 0.0
2026-09-02 00:58:27,980 INFO Best AUROC test all: 0.6446549874423124, AUPR test all: 0.2622545038373061, AUROC test unknown: 0.5795390671185884, AUPR test unknown: 0.14205733362732137
2026-09-02 00:58:29,458 INFO [OUTPOST-v4] epoch 51 cur={'auroc_all': 0.6951004605830995, 'aupr_all': 0.29023548688678813, 'auroc_unknown': 0.6653036969418107, 'aupr_unknown': 0.21446544856610417, 'val_auc': 0.960344827586207} best={'auroc_all': 0.6951004605830995, 'aupr_all': 0.29023548688678813, 'auroc_unknown': 0.6653036969418107, 'aupr_unknown': 0.21446544856610417}
2026-09-02 00:58:30,171 INFO Epoch: 81, loss: -0.08958758413791656, labeled_loss: 0.10838545858860016, unnlabeled_loss: 0.00271681253798306, mixup_loss: -1.993314504623413, energy_loss: 0.0
2026-09-02 00:58:30,171 INFO Best AUROC test all: 0.6446549874423124, AUPR test all: 0.26263804432643395, AUROC test unknown: 0.5795390671185884, AUPR test unknown: 0.14205733362732137
2026-09-02 00:58:32,327 INFO Epoch: 82, loss: -0.09296976029872894, labeled_loss: 0.10527339577674866, unnlabeled_loss: 0.0023800183553248644, mixup_loss: -1.9943315982818604, energy_loss: 0.0
2026-09-02 00:58:32,328 INFO Best AUROC test all: 0.6446549874423124, AUPR test all: 0.26263804432643395, AUROC test unknown: 0.5795390671185884, AUPR test unknown: 0.14205733362732137
2026-09-02 00:58:33,148 INFO [OUTPOST-v4] epoch 52 cur={'auroc_all': 0.7011715768374883, 'aupr_all': 0.29906014914765794, 'auroc_unknown': 0.6710546766805648, 'aupr_unknown': 0.21888919597140927, 'val_auc': 0.9666666666666667} best={'auroc_all': 0.7011715768374883, 'aupr_all': 0.29906014914765794, 'auroc_unknown': 0.6710546766805648, 'aupr_unknown': 0.21888919597140927}
2026-09-02 00:58:34,443 INFO Epoch: 83, loss: -0.10455207526683807, labeled_loss: 0.09385007619857788, unnlabeled_loss: 0.0020836610347032547, mixup_loss: -1.9944398403167725, energy_loss: 0.0
2026-09-02 00:58:34,443 INFO Best AUROC test all: 0.6446549874423124, AUPR test all: 0.26263804432643395, AUROC test unknown: 0.5795390671185884, AUPR test unknown: 0.14205733362732137
2026-09-02 00:58:36,558 INFO Epoch: 84, loss: -0.09092172235250473, labeled_loss: 0.10730119049549103, unnlabeled_loss: 0.001858968404121697, mixup_loss: -1.9915239810943604, energy_loss: 0.0
2026-09-02 00:58:36,559 INFO Best AUROC test all: 0.6446549874423124, AUPR test all: 0.26263804432643395, AUROC test unknown: 0.5795390671185884, AUPR test unknown: 0.14205733362732137
2026-09-02 00:58:36,765 INFO [OUTPOST-v4] epoch 53 cur={'auroc_all': 0.7068131555905562, 'aupr_all': 0.3093669114342239, 'auroc_unknown': 0.6768506216390294, 'aupr_unknown': 0.22337613430295755, 'val_auc': 0.9747126436781609} best={'auroc_all': 0.7068131555905562, 'aupr_all': 0.3093669114342239, 'auroc_unknown': 0.6768506216390294, 'aupr_unknown': 0.22337613430295755}
2026-09-02 00:58:38,718 INFO Epoch: 85, loss: -0.09631097316741943, labeled_loss: 0.10218998789787292, unnlabeled_loss: 0.0020077822264283895, mixup_loss: -1.9950485229492188, energy_loss: 0.0
2026-09-02 00:58:38,719 INFO Best AUROC test all: 0.6446549874423124, AUPR test all: 0.2644934630793906, AUROC test unknown: 0.5795390671185884, AUPR test unknown: 0.14205733362732137
2026-09-02 00:58:40,420 INFO [OUTPOST-v4] epoch 54 cur={'auroc_all': 0.7098926697526333, 'aupr_all': 0.3122321113950206, 'auroc_unknown': 0.6798612124881761, 'aupr_unknown': 0.22422782859611085, 'val_auc': 0.9732758620689654} best={'auroc_all': 0.7098926697526333, 'aupr_all': 0.3122321113950206, 'auroc_unknown': 0.6798612124881761, 'aupr_unknown': 0.22422782859611085}
2026-09-02 00:58:40,863 INFO Epoch: 86, loss: -0.09518847614526749, labeled_loss: 0.10298922657966614, unnlabeled_loss: 0.0022863252088427544, mixup_loss: -1.993208646774292, energy_loss: 0.0
2026-09-02 00:58:40,863 INFO Best AUROC test all: 0.6446549874423124, AUPR test all: 0.2644934630793906, AUROC test unknown: 0.5795390671185884, AUPR test unknown: 0.14205733362732137
2026-09-02 00:58:42,975 INFO Epoch: 87, loss: -0.10423056781291962, labeled_loss: 0.09416726976633072, unnlabeled_loss: 0.0021318085491657257, mixup_loss: -1.994637370109558, energy_loss: 0.0
2026-09-02 00:58:42,975 INFO Best AUROC test all: 0.6446549874423124, AUPR test all: 0.2644934630793906, AUROC test unknown: 0.5795390671185884, AUPR test unknown: 0.14205733362732137
2026-09-02 00:58:44,155 INFO [OUTPOST-v4] epoch 55 cur={'auroc_all': 0.7106344980814848, 'aupr_all': 0.31279245460848426, 'auroc_unknown': 0.6810011013399019, 'aupr_unknown': 0.22524489613466114, 'val_auc': 0.978448275862069} best={'auroc_all': 0.7106344980814848, 'aupr_all': 0.31279245460848426, 'auroc_unknown': 0.6810011013399019, 'aupr_unknown': 0.22524489613466114}
2026-09-02 00:58:45,106 INFO Epoch: 88, loss: -0.10189463198184967, labeled_loss: 0.09680719673633575, unnlabeled_loss: 0.0017957352101802826, mixup_loss: -1.9959969520568848, energy_loss: 0.0
2026-09-02 00:58:45,107 INFO Best AUROC test all: 0.6446549874423124, AUPR test all: 0.2644934630793906, AUROC test unknown: 0.5795390671185884, AUPR test unknown: 0.14205733362732137
2026-09-02 00:58:47,241 INFO Epoch: 89, loss: -0.10209854692220688, labeled_loss: 0.09647426009178162, unnlabeled_loss: 0.0017766747623682022, mixup_loss: -1.9946115016937256, energy_loss: 0.0
2026-09-02 00:58:47,241 INFO Best AUROC test all: 0.6446549874423124, AUPR test all: 0.2669653479932728, AUROC test unknown: 0.5795390671185884, AUPR test unknown: 0.14205733362732137
2026-09-02 00:58:47,691 INFO [OUTPOST-v4] epoch 56 cur={'auroc_all': 0.7142062097434738, 'aupr_all': 0.3174132325529374, 'auroc_unknown': 0.6845042563994849, 'aupr_unknown': 0.22773728862813525, 'val_auc': 0.9727011494252874} best={'auroc_all': 0.7142062097434738, 'aupr_all': 0.3174132325529374, 'auroc_unknown': 0.6845042563994849, 'aupr_unknown': 0.22773728862813525}
2026-09-02 00:58:49,343 INFO Epoch: 90, loss: -0.1021091565489769, labeled_loss: 0.09642650187015533, unnlabeled_loss: 0.0018498434219509363, mixup_loss: -1.9946057796478271, energy_loss: 0.0
2026-09-02 00:58:49,344 INFO Best AUROC test all: 0.6446549874423124, AUPR test all: 0.2669653479932728, AUROC test unknown: 0.5795390671185884, AUPR test unknown: 0.14205733362732137
2026-09-02 00:58:51,287 INFO [OUTPOST-v4] epoch 57 cur={'auroc_all': 0.7195974696002677, 'aupr_all': 0.3261012786088228, 'auroc_unknown': 0.6900316419635141, 'aupr_unknown': 0.2314498796477948, 'val_auc': 0.9758620689655172} best={'auroc_all': 0.7195974696002677, 'aupr_all': 0.3261012786088228, 'auroc_unknown': 0.6900316419635141, 'aupr_unknown': 0.2314498796477948}
2026-09-02 00:58:51,465 INFO Epoch: 91, loss: -0.09626203030347824, labeled_loss: 0.10215405374765396, unnlabeled_loss: 0.0022254616487771273, mixup_loss: -1.9952881336212158, energy_loss: 0.0
2026-09-02 00:58:51,465 INFO Best AUROC test all: 0.6446549874423124, AUPR test all: 0.2669653479932728, AUROC test unknown: 0.5795390671185884, AUPR test unknown: 0.14205733362732137
2026-09-02 00:58:53,606 INFO Epoch: 92, loss: -0.10231800377368927, labeled_loss: 0.09629033505916595, unnlabeled_loss: 0.0020496544893831015, mixup_loss: -1.9963315725326538, energy_loss: 0.0
2026-09-02 00:58:53,606 INFO Best AUROC test all: 0.6446549874423124, AUPR test all: 0.2669653479932728, AUROC test unknown: 0.5795390671185884, AUPR test unknown: 0.14205733362732137
2026-09-02 00:58:54,798 INFO [OUTPOST-v4] epoch 58 cur={'auroc_all': 0.7195400389134188, 'aupr_all': 0.32875219996763816, 'auroc_unknown': 0.6900562547749881, 'aupr_unknown': 0.23097556582071993, 'val_auc': 0.9764367816091954} best={'auroc_all': 0.7195974696002677, 'aupr_all': 0.32875219996763816, 'auroc_unknown': 0.6900562547749881, 'aupr_unknown': 0.2314498796477948}
2026-09-02 00:58:55,722 INFO Epoch: 93, loss: -0.09985645115375519, labeled_loss: 0.09893732517957687, unnlabeled_loss: 0.001338143483735621, mixup_loss: -1.9946284294128418, energy_loss: 0.0
2026-09-02 00:58:55,722 INFO Best AUROC test all: 0.6446549874423124, AUPR test all: 0.2669653479932728, AUROC test unknown: 0.5795390671185884, AUPR test unknown: 0.14205733362732137
2026-09-02 00:58:57,812 INFO Epoch: 94, loss: -0.11366020143032074, labeled_loss: 0.08476744592189789, unnlabeled_loss: 0.002220932859927416, mixup_loss: -1.9953811168670654, energy_loss: 0.0
2026-09-02 00:58:57,812 INFO Best AUROC test all: 0.6446549874423124, AUPR test all: 0.2669653479932728, AUROC test unknown: 0.5795390671185884, AUPR test unknown: 0.14205733362732137
2026-09-02 00:58:58,374 INFO [OUTPOST-v4] epoch 59 cur={'auroc_all': 0.7205321632029663, 'aupr_all': 0.3305862997016622, 'auroc_unknown': 0.6909046909811473, 'aupr_unknown': 0.23327655133881492, 'val_auc': 0.9801724137931035} best={'auroc_all': 0.7205321632029663, 'aupr_all': 0.3305862997016622, 'auroc_unknown': 0.6909046909811473, 'aupr_unknown': 0.23327655133881492}
2026-09-02 00:58:59,942 INFO Epoch: 95, loss: -0.10874300450086594, labeled_loss: 0.08975159376859665, unnlabeled_loss: 0.002215617336332798, mixup_loss: -1.9960241317749023, energy_loss: 0.0
2026-09-02 00:58:59,942 INFO Best AUROC test all: 0.6446549874423124, AUPR test all: 0.2669653479932728, AUROC test unknown: 0.5795390671185884, AUPR test unknown: 0.14205733362732137
2026-09-02 00:59:01,896 INFO [OUTPOST-v4] epoch 60 cur={'auroc_all': 0.723000467151849, 'aupr_all': 0.33302805151731113, 'auroc_unknown': 0.6934314694120499, 'aupr_unknown': 0.23449089832940087, 'val_auc': 0.9795977011494252} best={'auroc_all': 0.723000467151849, 'aupr_all': 0.33302805151731113, 'auroc_unknown': 0.6934314694120499, 'aupr_unknown': 0.23449089832940087}
2026-09-02 00:59:02,078 INFO Epoch: 96, loss: -0.10962415486574173, labeled_loss: 0.08924337476491928, unnlabeled_loss: 0.0014574805973097682, mixup_loss: -1.9959626197814941, energy_loss: 0.0
2026-09-02 00:59:02,078 INFO Best AUROC test all: 0.6446549874423124, AUPR test all: 0.2669653479932728, AUROC test unknown: 0.5795390671185884, AUPR test unknown: 0.14205733362732137
2026-09-02 00:59:04,235 INFO Epoch: 97, loss: -0.10300444066524506, labeled_loss: 0.09573717415332794, unnlabeled_loss: 0.0016132666496559978, mixup_loss: -1.9954824447631836, energy_loss: 0.0
2026-09-02 00:59:04,236 INFO Best AUROC test all: 0.6446549874423124, AUPR test all: 0.2669653479932728, AUROC test unknown: 0.5795390671185884, AUPR test unknown: 0.14205733362732137
2026-09-02 00:59:05,567 INFO [OUTPOST-v4] epoch 61 cur={'auroc_all': 0.7337406019176345, 'aupr_all': 0.34897297641326375, 'auroc_unknown': 0.7049718751790139, 'aupr_unknown': 0.24298270523437157, 'val_auc': 0.9847701149425286} best={'auroc_all': 0.7337406019176345, 'aupr_all': 0.34897297641326375, 'auroc_unknown': 0.7049718751790139, 'aupr_unknown': 0.24298270523437157}
2026-09-02 00:59:06,447 INFO Epoch: 98, loss: -0.1053314357995987, labeled_loss: 0.0927569791674614, unnlabeled_loss: 0.002879065927118063, mixup_loss: -1.9952794313430786, energy_loss: 0.0
2026-09-02 00:59:06,448 INFO Best AUROC test all: 0.6446549874423124, AUPR test all: 0.2669653479932728, AUROC test unknown: 0.5795390671185884, AUPR test unknown: 0.14205733362732137
2026-09-02 00:59:08,647 INFO Epoch: 99, loss: -0.11241273581981659, labeled_loss: 0.08610855787992477, unnlabeled_loss: 0.0019770958460867405, mixup_loss: -1.995098352432251, energy_loss: 0.0
2026-09-02 00:59:08,647 INFO Best AUROC test all: 0.6446549874423124, AUPR test all: 0.2669653479932728, AUROC test unknown: 0.5795390671185884, AUPR test unknown: 0.14205733362732137
2026-09-02 00:59:09,138 INFO [OUTPOST-v4] epoch 62 cur={'auroc_all': 0.744645345325399, 'aupr_all': 0.37346259808542415, 'auroc_unknown': 0.7162108702494707, 'aupr_unknown': 0.2559072257147178, 'val_auc': 0.989367816091954} best={'auroc_all': 0.744645345325399, 'aupr_all': 0.37346259808542415, 'auroc_unknown': 0.7162108702494707, 'aupr_unknown': 0.2559072257147178}
2026-09-02 00:59:10,801 INFO Epoch: 100, loss: -0.11922729760408401, labeled_loss: 0.07961384207010269, unnlabeled_loss: 0.001720988191664219, mixup_loss: -1.9970163106918335, energy_loss: 0.0
2026-09-02 00:59:10,801 INFO Best AUROC test all: 0.6446549874423124, AUPR test all: 0.2669653479932728, AUROC test unknown: 0.5795390671185884, AUPR test unknown: 0.14205733362732137
2026-09-02 00:59:12,847 INFO [OUTPOST-v4] epoch 63 cur={'auroc_all': 0.7519104418896861, 'aupr_all': 0.38723790006345904, 'auroc_unknown': 0.7241986386831063, 'aupr_unknown': 0.2632199040689333, 'val_auc': 0.9908045977011495} best={'auroc_all': 0.7519104418896861, 'aupr_all': 0.38723790006345904, 'auroc_unknown': 0.7241986386831063, 'aupr_unknown': 0.2632199040689333}
2026-09-02 00:59:12,915 INFO Epoch: 101, loss: -0.12192796915769577, labeled_loss: 0.07681842148303986, unnlabeled_loss: 0.0018471672665327787, mixup_loss: -1.9966996908187866, energy_loss: 0.0
2026-09-02 00:59:12,916 INFO Best AUROC test all: 0.6446549874423124, AUPR test all: 0.2669653479932728, AUROC test unknown: 0.5795390671185884, AUPR test unknown: 0.14205733362732137
2026-09-02 00:59:15,059 INFO Epoch: 102, loss: -0.11914854496717453, labeled_loss: 0.07924089580774307, unnlabeled_loss: 0.002380396705120802, mixup_loss: -1.9957964420318604, energy_loss: 0.0
2026-09-02 00:59:15,060 INFO Best AUROC test all: 0.6446549874423124, AUPR test all: 0.2669653479932728, AUROC test unknown: 0.5795390671185884, AUPR test unknown: 0.14205733362732137
2026-09-02 00:59:16,512 INFO [OUTPOST-v4] epoch 64 cur={'auroc_all': 0.7536148076127036, 'aupr_all': 0.39175431354218093, 'auroc_unknown': 0.7258427180263923, 'aupr_unknown': 0.2676637603544373, 'val_auc': 0.992816091954023} best={'auroc_all': 0.7536148076127036, 'aupr_all': 0.39175431354218093, 'auroc_unknown': 0.7258427180263923, 'aupr_unknown': 0.2676637603544373}
2026-09-02 00:59:17,175 INFO Epoch: 103, loss: -0.11317378282546997, labeled_loss: 0.08527105301618576, unnlabeled_loss: 0.0024674085434526205, mixup_loss: -1.9967854022979736, energy_loss: 0.0
2026-09-02 00:59:17,175 INFO Best AUROC test all: 0.6446549874423124, AUPR test all: 0.2669653479932728, AUROC test unknown: 0.5795390671185884, AUPR test unknown: 0.14205733362732137
2026-09-02 00:59:19,343 INFO Epoch: 104, loss: -0.12415388226509094, labeled_loss: 0.07422968000173569, unnlabeled_loss: 0.0024706204421818256, mixup_loss: -1.996188759803772, energy_loss: 0.0
2026-09-02 00:59:19,343 INFO Best AUROC test all: 0.6446549874423124, AUPR test all: 0.2669653479932728, AUROC test unknown: 0.5795390671185884, AUPR test unknown: 0.14205733362732137
2026-09-02 00:59:20,208 INFO [OUTPOST-v4] epoch 65 cur={'auroc_all': 0.752510436605329, 'aupr_all': 0.3913662748655716, 'auroc_unknown': 0.7245744781108694, 'aupr_unknown': 0.2673776077791451, 'val_auc': 0.9919540229885058} best={'auroc_all': 0.7536148076127036, 'aupr_all': 0.39175431354218093, 'auroc_unknown': 0.7258427180263923, 'aupr_unknown': 0.2676637603544373}
2026-09-02 00:59:21,491 INFO Epoch: 105, loss: -0.12860530614852905, labeled_loss: 0.06964832544326782, unnlabeled_loss: 0.00271543744020164, mixup_loss: -1.9961134195327759, energy_loss: 0.0
2026-09-02 00:59:21,491 INFO Best AUROC test all: 0.6446549874423124, AUPR test all: 0.2669653479932728, AUROC test unknown: 0.5795390671185884, AUPR test unknown: 0.14205733362732137
2026-09-02 00:59:23,626 INFO Epoch: 106, loss: -0.11580678820610046, labeled_loss: 0.0831683948636055, unnlabeled_loss: 0.0013477705651894212, mixup_loss: -1.9964905977249146, energy_loss: 0.0
2026-09-02 00:59:23,626 INFO Best AUROC test all: 0.6446549874423124, AUPR test all: 0.2669653479932728, AUROC test unknown: 0.5795390671185884, AUPR test unknown: 0.14205733362732137
2026-09-02 00:59:23,895 INFO [OUTPOST-v4] epoch 66 cur={'auroc_all': 0.7571162905354227, 'aupr_all': 0.397298673825478, 'auroc_unknown': 0.7295403373951914, 'aupr_unknown': 0.27137857768820783, 'val_auc': 0.9945402298850575} best={'auroc_all': 0.7571162905354227, 'aupr_all': 0.397298673825478, 'auroc_unknown': 0.7295403373951914, 'aupr_unknown': 0.27137857768820783}
2026-09-02 00:59:25,743 INFO Epoch: 107, loss: -0.12194724380970001, labeled_loss: 0.07667409628629684, unnlabeled_loss: 0.0019599900115281343, mixup_loss: -1.9960134029388428, energy_loss: 0.0
2026-09-02 00:59:25,743 INFO Best AUROC test all: 0.6446549874423124, AUPR test all: 0.2669653479932728, AUROC test unknown: 0.5795390671185884, AUPR test unknown: 0.14205733362732137
2026-09-02 00:59:27,583 INFO [OUTPOST-v4] epoch 67 cur={'auroc_all': 0.7659275202713811, 'aupr_all': 0.41228375561429104, 'auroc_unknown': 0.739026741165207, 'aupr_unknown': 0.2821472134948727, 'val_auc': 0.9925287356321839} best={'auroc_all': 0.7659275202713811, 'aupr_all': 0.41228375561429104, 'auroc_unknown': 0.739026741165207, 'aupr_unknown': 0.2821472134948727}
2026-09-02 00:59:27,857 INFO Epoch: 108, loss: -0.11970840394496918, labeled_loss: 0.07814525812864304, unnlabeled_loss: 0.003471567528322339, mixup_loss: -1.995894432067871, energy_loss: 0.0
2026-09-02 00:59:27,857 INFO Best AUROC test all: 0.6446549874423124, AUPR test all: 0.2669653479932728, AUROC test unknown: 0.5795390671185884, AUPR test unknown: 0.14205733362732137
2026-09-02 00:59:30,053 INFO Epoch: 109, loss: -0.1233249083161354, labeled_loss: 0.07528457790613174, unnlabeled_loss: 0.0021143564954400063, mixup_loss: -1.9966665506362915, energy_loss: 0.0
2026-09-02 00:59:30,054 INFO Best AUROC test all: 0.6446549874423124, AUPR test all: 0.2669653479932728, AUROC test unknown: 0.5795390671185884, AUPR test unknown: 0.14205733362732137
2026-09-02 00:59:31,290 INFO [OUTPOST-v4] epoch 68 cur={'auroc_all': 0.7736066040152307, 'aupr_all': 0.42591700176255, 'auroc_unknown': 0.747399331804516, 'aupr_unknown': 0.29510597460085897, 'val_auc': 0.9974137931034482} best={'auroc_all': 0.7736066040152307, 'aupr_all': 0.42591700176255, 'auroc_unknown': 0.747399331804516, 'aupr_unknown': 0.29510597460085897}
2026-09-02 00:59:32,217 INFO Epoch: 110, loss: -0.12202327698469162, labeled_loss: 0.07624209672212601, unnlabeled_loss: 0.002980648772791028, mixup_loss: -1.9975569248199463, energy_loss: 0.0
2026-09-02 00:59:32,217 INFO Best AUROC test all: 0.6446549874423124, AUPR test all: 0.2669653479932728, AUROC test unknown: 0.5795390671185884, AUPR test unknown: 0.14205733362732137
2026-09-02 00:59:34,397 INFO Epoch: 111, loss: -0.13153281807899475, labeled_loss: 0.0672672837972641, unnlabeled_loss: 0.0017250569071620703, mixup_loss: -1.9966262578964233, energy_loss: 0.0
2026-09-02 00:59:34,397 INFO Best AUROC test all: 0.6446549874423124, AUPR test all: 0.2669653479932728, AUROC test unknown: 0.5795390671185884, AUPR test unknown: 0.14205733362732137
2026-09-02 00:59:34,817 INFO [OUTPOST-v4] epoch 69 cur={'auroc_all': 0.7806323907605952, 'aupr_all': 0.4391940329543442, 'auroc_unknown': 0.755164737987254, 'aupr_unknown': 0.30619224558075075, 'val_auc': 0.996551724137931} best={'auroc_all': 0.7806323907605952, 'aupr_all': 0.4391940329543442, 'auroc_unknown': 0.755164737987254, 'aupr_unknown': 0.30619224558075075}
2026-09-02 00:59:36,581 INFO Epoch: 112, loss: -0.11769602447748184, labeled_loss: 0.08020187169313431, unnlabeled_loss: 0.0034393644891679287, mixup_loss: -1.996175765991211, energy_loss: 0.0
2026-09-02 00:59:36,581 INFO Best AUROC test all: 0.6446549874423124, AUPR test all: 0.2669653479932728, AUROC test unknown: 0.5795390671185884, AUPR test unknown: 0.14205733362732137
2026-09-02 00:59:38,314 INFO [OUTPOST-v4] epoch 70 cur={'auroc_all': 0.7818827696563406, 'aupr_all': 0.4432955717799263, 'auroc_unknown': 0.756411367905633, 'aupr_unknown': 0.31027908968151374, 'val_auc': 0.9974137931034482} best={'auroc_all': 0.7818827696563406, 'aupr_all': 0.4432955717799263, 'auroc_unknown': 0.756411367905633, 'aupr_unknown': 0.31027908968151374}
2026-09-02 00:59:38,737 INFO Epoch: 113, loss: -0.11978092044591904, labeled_loss: 0.07845278829336166, unnlabeled_loss: 0.002778714057058096, mixup_loss: -1.9962306022644043, energy_loss: 0.0
2026-09-02 00:59:38,737 INFO Best AUROC test all: 0.6446549874423124, AUPR test all: 0.2669653479932728, AUROC test unknown: 0.5795390671185884, AUPR test unknown: 0.14205733362732137
2026-09-02 00:59:40,967 INFO Epoch: 114, loss: -0.11966411769390106, labeled_loss: 0.07909759134054184, unnlabeled_loss: 0.0018291000742465258, mixup_loss: -1.9967626333236694, energy_loss: 0.0
2026-09-02 00:59:40,967 INFO Best AUROC test all: 0.6446549874423124, AUPR test all: 0.2669653479932728, AUROC test unknown: 0.5795390671185884, AUPR test unknown: 0.14205733362732137
2026-09-02 00:59:41,818 INFO [OUTPOST-v4] epoch 71 cur={'auroc_all': 0.7827595509250561, 'aupr_all': 0.4469115471666504, 'auroc_unknown': 0.7574042471805883, 'aupr_unknown': 0.31294953027871236, 'val_auc': 0.9985632183908046} best={'auroc_all': 0.7827595509250561, 'aupr_all': 0.4469115471666504, 'auroc_unknown': 0.7574042471805883, 'aupr_unknown': 0.31294953027871236}
2026-09-02 00:59:43,122 INFO Epoch: 115, loss: -0.11906811594963074, labeled_loss: 0.07957085967063904, unnlabeled_loss: 0.0022346912883222103, mixup_loss: -1.9975632429122925, energy_loss: 0.0
2026-09-02 00:59:43,122 INFO Best AUROC test all: 0.6446549874423124, AUPR test all: 0.2669653479932728, AUROC test unknown: 0.5795390671185884, AUPR test unknown: 0.14205733362732137
2026-09-02 00:59:45,278 INFO Epoch: 116, loss: -0.1305927038192749, labeled_loss: 0.0677637904882431, unnlabeled_loss: 0.002436730545014143, mixup_loss: -1.995748519897461, energy_loss: 0.0
2026-09-02 00:59:45,278 INFO Best AUROC test all: 0.6446549874423124, AUPR test all: 0.2669653479932728, AUROC test unknown: 0.5795390671185884, AUPR test unknown: 0.14205733362732137
2026-09-02 00:59:45,370 INFO [OUTPOST-v4] epoch 72 cur={'auroc_all': 0.784347266299306, 'aupr_all': 0.44934252741638087, 'auroc_unknown': 0.7591191621439664, 'aupr_unknown': 0.31614263198611736, 'val_auc': 0.9979885057471264} best={'auroc_all': 0.784347266299306, 'aupr_all': 0.44934252741638087, 'auroc_unknown': 0.7591191621439664, 'aupr_unknown': 0.31614263198611736}
2026-09-02 00:59:47,397 INFO Epoch: 117, loss: -0.12508711218833923, labeled_loss: 0.07328013330698013, unnlabeled_loss: 0.002557591302320361, mixup_loss: -1.9964603185653687, energy_loss: 0.0
2026-09-02 00:59:47,397 INFO Best AUROC test all: 0.6446549874423124, AUPR test all: 0.2669653479932728, AUROC test unknown: 0.5795390671185884, AUPR test unknown: 0.14205733362732137
2026-09-02 00:59:48,996 INFO [OUTPOST-v4] epoch 73 cur={'auroc_all': 0.7876576729232477, 'aupr_all': 0.4570077988406978, 'auroc_unknown': 0.7628389304765841, 'aupr_unknown': 0.3240505035582335, 'val_auc': 0.9988505747126436} best={'auroc_all': 0.7876576729232477, 'aupr_all': 0.4570077988406978, 'auroc_unknown': 0.7628389304765841, 'aupr_unknown': 0.3240505035582335}
2026-09-02 00:59:49,568 INFO Epoch: 118, loss: -0.12078995257616043, labeled_loss: 0.07784503698348999, unnlabeled_loss: 0.0021059929858893156, mixup_loss: -1.9968798160552979, energy_loss: 0.0
2026-09-02 00:59:49,568 INFO Best AUROC test all: 0.6446549874423124, AUPR test all: 0.2669653479932728, AUROC test unknown: 0.5795390671185884, AUPR test unknown: 0.14205733362732137
2026-09-02 00:59:51,722 INFO Epoch: 119, loss: -0.12665176391601562, labeled_loss: 0.07203900814056396, unnlabeled_loss: 0.0019319256534799933, mixup_loss: -1.9965672492980957, energy_loss: 0.0
2026-09-02 00:59:51,723 INFO Best AUROC test all: 0.6446549874423124, AUPR test all: 0.2669653479932728, AUROC test unknown: 0.5795390671185884, AUPR test unknown: 0.14205733362732137
2026-09-02 00:59:52,545 INFO [OUTPOST-v4] epoch 74 cur={'auroc_all': 0.7946004558124994, 'aupr_all': 0.4684923267543911, 'auroc_unknown': 0.7705144832151405, 'aupr_unknown': 0.33717066622902686, 'val_auc': 0.9977011494252873} best={'auroc_all': 0.7946004558124994, 'aupr_all': 0.4684923267543911, 'auroc_unknown': 0.7705144832151405, 'aupr_unknown': 0.33717066622902686}
2026-09-02 00:59:53,841 INFO Epoch: 120, loss: -0.1328282356262207, labeled_loss: 0.06608821451663971, unnlabeled_loss: 0.001436207559891045, mixup_loss: -1.9963455200195312, energy_loss: 0.0
2026-09-02 00:59:53,841 INFO Best AUROC test all: 0.6446549874423124, AUPR test all: 0.2669653479932728, AUROC test unknown: 0.5795390671185884, AUPR test unknown: 0.14205733362732137
2026-09-02 00:59:56,008 INFO Epoch: 121, loss: -0.12410303950309753, labeled_loss: 0.0747622549533844, unnlabeled_loss: 0.0017672490794211626, mixup_loss: -1.997489094734192, energy_loss: 0.0
2026-09-02 00:59:56,009 INFO Best AUROC test all: 0.6446549874423124, AUPR test all: 0.2669653479932728, AUROC test unknown: 0.5795390671185884, AUPR test unknown: 0.14205733362732137
2026-09-02 00:59:56,154 INFO [OUTPOST-v4] epoch 75 cur={'auroc_all': 0.7942764219691276, 'aupr_all': 0.47220629002468784, 'auroc_unknown': 0.7701468052827358, 'aupr_unknown': 0.3406776672219488, 'val_auc': 0.9991379310344827} best={'auroc_all': 0.7946004558124994, 'aupr_all': 0.47220629002468784, 'auroc_unknown': 0.7705144832151405, 'aupr_unknown': 0.3406776672219488}
2026-09-02 00:59:58,193 INFO Epoch: 122, loss: -0.12543705105781555, labeled_loss: 0.07274158298969269, unnlabeled_loss: 0.002972351387143135, mixup_loss: -1.9966479539871216, energy_loss: 0.0
2026-09-02 00:59:58,193 INFO Best AUROC test all: 0.6446549874423124, AUPR test all: 0.2669653479932728, AUROC test unknown: 0.5795390671185884, AUPR test unknown: 0.14205733362732137
2026-09-02 00:59:59,635 INFO [OUTPOST-v4] epoch 76 cur={'auroc_all': 0.7932290688082013, 'aupr_all': 0.4725122702976722, 'auroc_unknown': 0.7689694197495047, 'aupr_unknown': 0.3410879974809182, 'val_auc': 0.9985632183908046} best={'auroc_all': 0.7946004558124994, 'aupr_all': 0.4725122702976722, 'auroc_unknown': 0.7705144832151405, 'aupr_unknown': 0.3410879974809182}
2026-09-02 01:00:00,426 INFO Epoch: 123, loss: -0.1308126151561737, labeled_loss: 0.06777147203683853, unnlabeled_loss: 0.0022071064449846745, mixup_loss: -1.9968763589859009, energy_loss: 0.0
2026-09-02 01:00:00,427 INFO Best AUROC test all: 0.6446549874423124, AUPR test all: 0.2669653479932728, AUROC test unknown: 0.5795390671185884, AUPR test unknown: 0.14205733362732137
2026-09-02 01:00:02,621 INFO Epoch: 124, loss: -0.12832751870155334, labeled_loss: 0.07027316093444824, unnlabeled_loss: 0.002098899567499757, mixup_loss: -1.9965013265609741, energy_loss: 0.0
2026-09-02 01:00:02,621 INFO Best AUROC test all: 0.6446549874423124, AUPR test all: 0.2669653479932728, AUROC test unknown: 0.5795390671185884, AUPR test unknown: 0.14205733362732137
2026-09-02 01:00:03,281 INFO [OUTPOST-v4] epoch 77 cur={'auroc_all': 0.795486250763296, 'aupr_all': 0.47685113497082454, 'auroc_unknown': 0.7714281343889279, 'aupr_unknown': 0.3455899506704747, 'val_auc': 0.9985632183908045} best={'auroc_all': 0.795486250763296, 'aupr_all': 0.47685113497082454, 'auroc_unknown': 0.7714281343889279, 'aupr_unknown': 0.3455899506704747}
2026-09-02 01:00:04,820 INFO Epoch: 125, loss: -0.14081278443336487, labeled_loss: 0.057844746857881546, unnlabeled_loss: 0.0021083373576402664, mixup_loss: -1.9971169233322144, energy_loss: 0.0
2026-09-02 01:00:04,821 INFO Best AUROC test all: 0.6446549874423124, AUPR test all: 0.2669653479932728, AUROC test unknown: 0.5795390671185884, AUPR test unknown: 0.14205733362732137
2026-09-02 01:00:06,915 INFO [OUTPOST-v4] epoch 78 cur={'auroc_all': 0.793655074230539, 'aupr_all': 0.47889812230326956, 'auroc_unknown': 0.769445301658108, 'aupr_unknown': 0.3492532922582998, 'val_auc': 0.9988505747126437} best={'auroc_all': 0.795486250763296, 'aupr_all': 0.47889812230326956, 'auroc_unknown': 0.7714281343889279, 'aupr_unknown': 0.3492532922582998}
2026-09-02 01:00:06,947 INFO Epoch: 126, loss: -0.1399267464876175, labeled_loss: 0.05795400217175484, unnlabeled_loss: 0.003725822316482663, mixup_loss: -1.9974365234375, energy_loss: 0.0
2026-09-02 01:00:06,947 INFO Best AUROC test all: 0.6446549874423124, AUPR test all: 0.2669653479932728, AUROC test unknown: 0.5795390671185884, AUPR test unknown: 0.14205733362732137
2026-09-02 01:00:09,132 INFO Epoch: 127, loss: -0.13822223246097565, labeled_loss: 0.059790223836898804, unnlabeled_loss: 0.0033450047485530376, mixup_loss: -1.9968496561050415, energy_loss: 0.0
2026-09-02 01:00:09,132 INFO Best AUROC test all: 0.6446549874423124, AUPR test all: 0.2669653479932728, AUROC test unknown: 0.5795390671185884, AUPR test unknown: 0.14205733362732137
2026-09-02 01:00:10,530 INFO [OUTPOST-v4] epoch 79 cur={'auroc_all': 0.7939468147803468, 'aupr_all': 0.4806603438210042, 'auroc_unknown': 0.7698151867873706, 'aupr_unknown': 0.35263893775812494, 'val_auc': 0.9988505747126437} best={'auroc_all': 0.795486250763296, 'aupr_all': 0.4806603438210042, 'auroc_unknown': 0.7714281343889279, 'aupr_unknown': 0.35263893775812494}
2026-09-02 01:00:11,280 INFO Epoch: 128, loss: -0.14826996624469757, labeled_loss: 0.048827916383743286, unnlabeled_loss: 0.0050800698809325695, mixup_loss: -1.9963791370391846, energy_loss: 0.0
2026-09-02 01:00:11,280 INFO Best AUROC test all: 0.6446549874423124, AUPR test all: 0.2669653479932728, AUROC test unknown: 0.5795390671185884, AUPR test unknown: 0.14205733362732137
2026-09-02 01:00:13,465 INFO Epoch: 129, loss: -0.1387629508972168, labeled_loss: 0.059748731553554535, unnlabeled_loss: 0.0024311065208166838, mixup_loss: -1.9972723722457886, energy_loss: 0.0
2026-09-02 01:00:13,466 INFO Best AUROC test all: 0.6446549874423124, AUPR test all: 0.2669653479932728, AUROC test unknown: 0.5795390671185884, AUPR test unknown: 0.14205733362732137
2026-09-02 01:00:14,183 INFO [OUTPOST-v4] epoch 80 cur={'auroc_all': 0.8050103411933252, 'aupr_all': 0.508552422948768, 'auroc_unknown': 0.7820292495674408, 'aupr_unknown': 0.38395060896641503, 'val_auc': 0.9994252873563219} best={'auroc_all': 0.8050103411933252, 'aupr_all': 0.508552422948768, 'auroc_unknown': 0.7820292495674408, 'aupr_unknown': 0.38395060896641503}
2026-09-02 01:00:15,632 INFO Epoch: 130, loss: -0.1493598371744156, labeled_loss: 0.048626143485307693, unnlabeled_loss: 0.0034424914047122, mixup_loss: -1.9970722198486328, energy_loss: 0.0
2026-09-02 01:00:15,633 INFO Best AUROC test all: 0.6446549874423124, AUPR test all: 0.2669653479932728, AUROC test unknown: 0.5795390671185884, AUPR test unknown: 0.14205733362732137
2026-09-02 01:00:17,804 INFO Epoch: 131, loss: -0.1451577991247177, labeled_loss: 0.05279174819588661, unnlabeled_loss: 0.00365743157453835, mixup_loss: -1.997782588005066, energy_loss: 0.0
2026-09-02 01:00:17,804 INFO Best AUROC test all: 0.6446549874423124, AUPR test all: 0.2669653479932728, AUROC test unknown: 0.5795390671185884, AUPR test unknown: 0.14205733362732137
2026-09-02 01:00:17,829 INFO [OUTPOST-v4] epoch 81 cur={'auroc_all': 0.8158785482256302, 'aupr_all': 0.531849482197937, 'auroc_unknown': 0.7941880297657435, 'aupr_unknown': 0.4128614974299084, 'val_auc': 0.9991379310344827} best={'auroc_all': 0.8158785482256302, 'aupr_all': 0.531849482197937, 'auroc_unknown': 0.7941880297657435, 'aupr_unknown': 0.4128614974299084}
2026-09-02 01:00:19,969 INFO Epoch: 132, loss: -0.1421692967414856, labeled_loss: 0.05315228924155235, unnlabeled_loss: 0.008854502812027931, mixup_loss: -1.9974883794784546, energy_loss: 0.0
2026-09-02 01:00:19,969 INFO Best AUROC test all: 0.6446549874423124, AUPR test all: 0.2669653479932728, AUROC test unknown: 0.5795390671185884, AUPR test unknown: 0.14205733362732137
2026-09-02 01:00:21,460 INFO [OUTPOST-v4] epoch 82 cur={'auroc_all': 0.8179922681414915, 'aupr_all': 0.5401426374836856, 'auroc_unknown': 0.7965301992780516, 'aupr_unknown': 0.42371237081676105, 'val_auc': 1.0} best={'auroc_all': 0.8179922681414915, 'aupr_all': 0.5401426374836856, 'auroc_unknown': 0.7965301992780516, 'aupr_unknown': 0.42371237081676105}
2026-09-02 01:00:22,090 INFO Epoch: 133, loss: -0.14219684898853302, labeled_loss: 0.05569658428430557, unnlabeled_loss: 0.0036751534789800644, mixup_loss: -1.9973100423812866, energy_loss: 0.0
2026-09-02 01:00:22,091 INFO Best AUROC test all: 0.6446549874423124, AUPR test all: 0.2669653479932728, AUROC test unknown: 0.5795390671185884, AUPR test unknown: 0.14205733362732137
2026-09-02 01:00:24,212 INFO Epoch: 134, loss: -0.13871842622756958, labeled_loss: 0.05772319436073303, unnlabeled_loss: 0.006670508533716202, mixup_loss: -1.9977686405181885, energy_loss: 0.0
2026-09-02 01:00:24,212 INFO Best AUROC test all: 0.6446549874423124, AUPR test all: 0.2669653479932728, AUROC test unknown: 0.5795390671185884, AUPR test unknown: 0.14205733362732137
2026-09-02 01:00:25,137 INFO [OUTPOST-v4] epoch 83 cur={'auroc_all': 0.8148739240461735, 'aupr_all': 0.5345103875505064, 'auroc_unknown': 0.7930399794186592, 'aupr_unknown': 0.4182095539868469, 'val_auc': 0.9994252873563219} best={'auroc_all': 0.8179922681414915, 'aupr_all': 0.5401426374836856, 'auroc_unknown': 0.7965301992780516, 'aupr_unknown': 0.42371237081676105}
2026-09-02 01:00:26,328 INFO Epoch: 135, loss: -0.1484835147857666, labeled_loss: 0.04907079413533211, unnlabeled_loss: 0.00444068294018507, mixup_loss: -1.997746467590332, energy_loss: 0.0
2026-09-02 01:00:26,328 INFO Best AUROC test all: 0.6446549874423124, AUPR test all: 0.2669653479932728, AUROC test unknown: 0.5795390671185884, AUPR test unknown: 0.14205733362732137
2026-09-02 01:00:28,413 INFO Epoch: 136, loss: -0.15243391692638397, labeled_loss: 0.04470639303326607, unnlabeled_loss: 0.005240350961685181, mixup_loss: -1.9976048469543457, energy_loss: 0.0
2026-09-02 01:00:28,413 INFO Best AUROC test all: 0.6446549874423124, AUPR test all: 0.2669653479932728, AUROC test unknown: 0.5795390671185884, AUPR test unknown: 0.14205733362732137
2026-09-02 01:00:28,701 INFO [OUTPOST-v4] epoch 84 cur={'auroc_all': 0.8060615475313244, 'aupr_all': 0.5169597573928443, 'auroc_unknown': 0.7832360986122173, 'aupr_unknown': 0.3968197812123857, 'val_auc': 0.9991379310344828} best={'auroc_all': 0.8179922681414915, 'aupr_all': 0.5401426374836856, 'auroc_unknown': 0.7965301992780516, 'aupr_unknown': 0.42371237081676105}
2026-09-02 01:00:30,507 INFO Epoch: 137, loss: -0.13695956766605377, labeled_loss: 0.0613519512116909, unnlabeled_loss: 0.002925282111391425, mixup_loss: -1.9977415800094604, energy_loss: 0.0
2026-09-02 01:00:30,507 INFO Best AUROC test all: 0.6446549874423124, AUPR test all: 0.2669653479932728, AUROC test unknown: 0.5795390671185884, AUPR test unknown: 0.14205733362732137
2026-09-02 01:00:32,359 INFO [OUTPOST-v4] epoch 85 cur={'auroc_all': 0.8087120058392145, 'aupr_all': 0.5201090627126873, 'auroc_unknown': 0.7861785743397247, 'aupr_unknown': 0.40051905768113216, 'val_auc': 0.9991379310344828} best={'auroc_all': 0.8179922681414915, 'aupr_all': 0.5401426374836856, 'auroc_unknown': 0.7965301992780516, 'aupr_unknown': 0.42371237081676105}
2026-09-02 01:00:32,611 INFO Epoch: 138, loss: -0.15235096216201782, labeled_loss: 0.043987106531858444, unnlabeled_loss: 0.006822125520557165, mixup_loss: -1.9974912405014038, energy_loss: 0.0
2026-09-02 01:00:32,611 INFO Best AUROC test all: 0.6446549874423124, AUPR test all: 0.2669653479932728, AUROC test unknown: 0.5795390671185884, AUPR test unknown: 0.14205733362732137
2026-09-02 01:00:34,714 INFO Epoch: 139, loss: -0.15218359231948853, labeled_loss: 0.041669152677059174, unnlabeled_loss: 0.01168461050838232, mixup_loss: -1.9969505071640015, energy_loss: 0.0
2026-09-02 01:00:34,715 INFO Best AUROC test all: 0.6446549874423124, AUPR test all: 0.2669653479932728, AUROC test unknown: 0.5795390671185884, AUPR test unknown: 0.14205733362732137
2026-09-02 01:00:36,067 INFO [OUTPOST-v4] epoch 86 cur={'auroc_all': 0.818176165604413, 'aupr_all': 0.539948411994118, 'auroc_unknown': 0.7967331073985033, 'aupr_unknown': 0.4257457064589344, 'val_auc': 1.0} best={'auroc_all': 0.818176165604413, 'aupr_all': 0.5401426374836856, 'auroc_unknown': 0.7967331073985033, 'aupr_unknown': 0.4257457064589344}
2026-09-02 01:00:36,825 INFO Epoch: 140, loss: -0.13353127241134644, labeled_loss: 0.06025434657931328, unnlabeled_loss: 0.011861828155815601, mixup_loss: -1.997165322303772, energy_loss: 0.0
2026-09-02 01:00:36,825 INFO Best AUROC test all: 0.6446549874423124, AUPR test all: 0.2669653479932728, AUROC test unknown: 0.5795390671185884, AUPR test unknown: 0.14205733362732137
2026-09-02 01:00:38,945 INFO Epoch: 141, loss: -0.1497371792793274, labeled_loss: 0.0485435388982296, unnlabeled_loss: 0.0030485293827950954, mixup_loss: -1.9980498552322388, energy_loss: 0.0
2026-09-02 01:00:38,945 INFO Best AUROC test all: 0.6446549874423124, AUPR test all: 0.2669653479932728, AUROC test unknown: 0.5795390671185884, AUPR test unknown: 0.14205733362732137
2026-09-02 01:00:39,562 INFO [OUTPOST-v4] epoch 87 cur={'auroc_all': 0.8349643663688833, 'aupr_all': 0.5719663662329914, 'auroc_unknown': 0.8155681447904713, 'aupr_unknown': 0.46149335199576874, 'val_auc': 1.0} best={'auroc_all': 0.8349643663688833, 'aupr_all': 0.5719663662329914, 'auroc_unknown': 0.8155681447904713, 'aupr_unknown': 0.46149335199576874}
2026-09-02 01:00:41,073 INFO Epoch: 142, loss: -0.14436085522174835, labeled_loss: 0.0488806776702404, unnlabeled_loss: 0.013018238358199596, mixup_loss: -1.9975064992904663, energy_loss: 0.0
2026-09-02 01:00:41,073 INFO Best AUROC test all: 0.6446549874423124, AUPR test all: 0.2669653479932728, AUROC test unknown: 0.5795390671185884, AUPR test unknown: 0.14205733362732137
2026-09-02 01:00:43,051 INFO [OUTPOST-v4] epoch 88 cur={'auroc_all': 0.8369950594930541, 'aupr_all': 0.5767770104951817, 'auroc_unknown': 0.817831317187329, 'aupr_unknown': 0.46779644656140895, 'val_auc': 1.0} best={'auroc_all': 0.8369950594930541, 'aupr_all': 0.5767770104951817, 'auroc_unknown': 0.817831317187329, 'aupr_unknown': 0.46779644656140895}
2026-09-02 01:00:43,166 INFO Epoch: 143, loss: -0.15488369762897491, labeled_loss: 0.040632009506225586, unnlabeled_loss: 0.008503616787493229, mixup_loss: -1.9976751804351807, energy_loss: 0.0
2026-09-02 01:00:43,166 INFO Best AUROC test all: 0.6446549874423124, AUPR test all: 0.2669653479932728, AUROC test unknown: 0.5795390671185884, AUPR test unknown: 0.14205733362732137
2026-09-02 01:00:45,286 INFO Epoch: 144, loss: -0.14581848680973053, labeled_loss: 0.052210818976163864, unnlabeled_loss: 0.003591991728171706, mixup_loss: -1.9982529878616333, energy_loss: 0.0
2026-09-02 01:00:45,287 INFO Best AUROC test all: 0.6446549874423124, AUPR test all: 0.2669653479932728, AUROC test unknown: 0.5795390671185884, AUPR test unknown: 0.14205733362732137
2026-09-02 01:00:46,721 INFO [OUTPOST-v4] epoch 89 cur={'auroc_all': 0.8378810149928955, 'aupr_all': 0.5789783971406194, 'auroc_unknown': 0.8188203723654027, 'aupr_unknown': 0.470115812774293, 'val_auc': 0.9997126436781609} best={'auroc_all': 0.8378810149928955, 'aupr_all': 0.5789783971406194, 'auroc_unknown': 0.8188203723654027, 'aupr_unknown': 0.470115812774293}
2026-09-02 01:00:47,486 INFO Epoch: 145, loss: -0.1454218626022339, labeled_loss: 0.04558674618601799, unnlabeled_loss: 0.017535366117954254, mixup_loss: -1.99776291847229, energy_loss: 0.0
2026-09-02 01:00:47,487 INFO Best AUROC test all: 0.6446549874423124, AUPR test all: 0.2669653479932728, AUROC test unknown: 0.5795390671185884, AUPR test unknown: 0.14205733362732137
2026-09-02 01:00:49,604 INFO Epoch: 146, loss: -0.13314329087734222, labeled_loss: 0.047657258808612823, unnlabeled_loss: 0.03794143348932266, mixup_loss: -1.9977126121520996, energy_loss: 0.0
2026-09-02 01:00:49,604 INFO Best AUROC test all: 0.6446549874423124, AUPR test all: 0.2669653479932728, AUROC test unknown: 0.5795390671185884, AUPR test unknown: 0.14205733362732137
2026-09-02 01:00:50,325 INFO [OUTPOST-v4] epoch 90 cur={'auroc_all': 0.8402791819448194, 'aupr_all': 0.5825335897452916, 'auroc_unknown': 0.8214994987096624, 'aupr_unknown': 0.474988755489382, 'val_auc': 1.0} best={'auroc_all': 0.8402791819448194, 'aupr_all': 0.5825335897452916, 'auroc_unknown': 0.8214994987096624, 'aupr_unknown': 0.474988755489382}
2026-09-02 01:00:51,741 INFO Epoch: 147, loss: -0.15560126304626465, labeled_loss: 0.04161835089325905, unnlabeled_loss: 0.005021501332521439, mixup_loss: -1.9973036050796509, energy_loss: 0.0
2026-09-02 01:00:51,742 INFO Best AUROC test all: 0.6446549874423124, AUPR test all: 0.2669653479932728, AUROC test unknown: 0.5795390671185884, AUPR test unknown: 0.14205733362732137
2026-09-02 01:00:53,954 INFO Epoch: 148, loss: -0.15768563747406006, labeled_loss: 0.039924316108226776, unnlabeled_loss: 0.004429846070706844, mixup_loss: -1.9982486963272095, energy_loss: 0.0
2026-09-02 01:00:53,955 INFO Best AUROC test all: 0.6446549874423124, AUPR test all: 0.2669653479932728, AUROC test unknown: 0.5795390671185884, AUPR test unknown: 0.14205733362732137
2026-09-02 01:00:54,037 INFO [OUTPOST-v4] epoch 91 cur={'auroc_all': 0.8362956619831605, 'aupr_all': 0.5733321273442952, 'auroc_unknown': 0.8170289754643891, 'aupr_unknown': 0.4643594540269873, 'val_auc': 1.0} best={'auroc_all': 0.8402791819448194, 'aupr_all': 0.5825335897452916, 'auroc_unknown': 0.8214994987096624, 'aupr_unknown': 0.474988755489382}
2026-09-02 01:00:56,153 INFO Epoch: 149, loss: -0.1538076400756836, labeled_loss: 0.04165206104516983, unnlabeled_loss: 0.00858792569488287, mixup_loss: -1.997536540031433, energy_loss: 0.0
2026-09-02 01:00:56,153 INFO Best AUROC test all: 0.6446549874423124, AUPR test all: 0.2669653479932728, AUROC test unknown: 0.5795390671185884, AUPR test unknown: 0.14205733362732137
2026-09-02 01:00:57,656 INFO [OUTPOST-v4] epoch 92 cur={'auroc_all': 0.8362946986888923, 'aupr_all': 0.5656412657967101, 'auroc_unknown': 0.8170172208578665, 'aupr_unknown': 0.45582026758604927, 'val_auc': 1.0} best={'auroc_all': 0.8402791819448194, 'aupr_all': 0.5825335897452916, 'auroc_unknown': 0.8214994987096624, 'aupr_unknown': 0.474988755489382}
2026-09-02 01:00:58,340 INFO Epoch: 150, loss: -0.15678614377975464, labeled_loss: 0.03096676804125309, unnlabeled_loss: 0.023961255326867104, mixup_loss: -1.997335433959961, energy_loss: 0.0
2026-09-02 01:00:58,340 INFO Best AUROC test all: 0.6446549874423124, AUPR test all: 0.2669653479932728, AUROC test unknown: 0.5795390671185884, AUPR test unknown: 0.14205733362732137
2026-09-02 01:01:00,487 INFO Epoch: 151, loss: -0.15648354589939117, labeled_loss: 0.03812796249985695, unnlabeled_loss: 0.01039907243102789, mixup_loss: -1.9981104135513306, energy_loss: 0.0
2026-09-02 01:01:00,487 INFO Best AUROC test all: 0.6446549874423124, AUPR test all: 0.2669653479932728, AUROC test unknown: 0.5795390671185884, AUPR test unknown: 0.14205733362732137
2026-09-02 01:01:01,251 INFO [OUTPOST-v4] epoch 93 cur={'auroc_all': 0.8359904811847529, 'aupr_all': 0.5693611209647481, 'auroc_unknown': 0.8166578070811392, 'aupr_unknown': 0.4607084219392409, 'val_auc': 0.9997126436781609} best={'auroc_all': 0.8402791819448194, 'aupr_all': 0.5825335897452916, 'auroc_unknown': 0.8214994987096624, 'aupr_unknown': 0.474988755489382}
2026-09-02 01:01:02,675 INFO Epoch: 152, loss: -0.1668279469013214, labeled_loss: 0.03082345798611641, unnlabeled_loss: 0.004207884892821312, mixup_loss: -1.9975534677505493, energy_loss: 0.0
2026-09-02 01:01:02,676 INFO Best AUROC test all: 0.6446549874423124, AUPR test all: 0.2669653479932728, AUROC test unknown: 0.5795390671185884, AUPR test unknown: 0.14205733362732137
2026-09-02 01:01:04,821 INFO Epoch: 153, loss: -0.15999163687229156, labeled_loss: 0.03556698188185692, unnlabeled_loss: 0.008421755395829678, mixup_loss: -1.997694969177246, energy_loss: 0.0
2026-09-02 01:01:04,821 INFO Best AUROC test all: 0.6446549874423124, AUPR test all: 0.2669653479932728, AUROC test unknown: 0.5795390671185884, AUPR test unknown: 0.14205733362732137
2026-09-02 01:01:04,844 INFO [OUTPOST-v4] epoch 94 cur={'auroc_all': 0.8383931435099288, 'aupr_all': 0.5750345737310093, 'auroc_unknown': 0.8193592363796962, 'aupr_unknown': 0.46887989108723016, 'val_auc': 0.9997126436781609} best={'auroc_all': 0.8402791819448194, 'aupr_all': 0.5825335897452916, 'auroc_unknown': 0.8214994987096624, 'aupr_unknown': 0.474988755489382}
2026-09-02 01:01:06,974 INFO Epoch: 154, loss: -0.15603749454021454, labeled_loss: 0.036401327699422836, unnlabeled_loss: 0.014850806444883347, mixup_loss: -1.9986422061920166, energy_loss: 0.0
2026-09-02 01:01:06,974 INFO Best AUROC test all: 0.6446549874423124, AUPR test all: 0.2669653479932728, AUROC test unknown: 0.5795390671185884, AUPR test unknown: 0.14205733362732137
2026-09-02 01:01:08,417 INFO [OUTPOST-v4] epoch 95 cur={'auroc_all': 0.8466793778696995, 'aupr_all': 0.5929585284161729, 'auroc_unknown': 0.828659619651731, 'aupr_unknown': 0.487860104292249, 'val_auc': 1.0} best={'auroc_all': 0.8466793778696995, 'aupr_all': 0.5929585284161729, 'auroc_unknown': 0.828659619651731, 'aupr_unknown': 0.487860104292249}
2026-09-02 01:01:09,121 INFO Epoch: 155, loss: -0.16480126976966858, labeled_loss: 0.027519645169377327, unnlabeled_loss: 0.014961419627070427, mixup_loss: -1.9980162382125854, energy_loss: 0.0
2026-09-02 01:01:09,121 INFO Best AUROC test all: 0.6446549874423124, AUPR test all: 0.2669653479932728, AUROC test unknown: 0.5795390671185884, AUPR test unknown: 0.14205733362732137
2026-09-02 01:01:11,250 INFO Epoch: 156, loss: -0.16654211282730103, labeled_loss: 0.030358964577317238, unnlabeled_loss: 0.005760516040027142, mixup_loss: -1.9978134632110596, energy_loss: 0.0
2026-09-02 01:01:11,250 INFO Best AUROC test all: 0.6446549874423124, AUPR test all: 0.2669653479932728, AUROC test unknown: 0.5795390671185884, AUPR test unknown: 0.14205733362732137
2026-09-02 01:01:12,090 INFO [OUTPOST-v4] epoch 96 cur={'auroc_all': 0.8521548342326527, 'aupr_all': 0.6069481695131264, 'auroc_unknown': 0.834828375558549, 'aupr_unknown': 0.505650362999755, 'val_auc': 0.9997126436781609} best={'auroc_all': 0.8521548342326527, 'aupr_all': 0.6069481695131264, 'auroc_unknown': 0.834828375558549, 'aupr_unknown': 0.505650362999755}
2026-09-02 01:01:13,402 INFO Epoch: 157, loss: -0.1594751477241516, labeled_loss: 0.03424578905105591, unnlabeled_loss: 0.01206265576183796, mixup_loss: -1.9975227117538452, energy_loss: 0.0
2026-09-02 01:01:13,402 INFO Best AUROC test all: 0.6446549874423124, AUPR test all: 0.2669653479932728, AUROC test unknown: 0.5795390671185884, AUPR test unknown: 0.14205733362732137
2026-09-02 01:01:15,554 INFO Epoch: 158, loss: -0.14731982350349426, labeled_loss: 0.03594023361802101, unnlabeled_loss: 0.03309180587530136, mixup_loss: -1.998059630393982, energy_loss: 0.0
2026-09-02 01:01:15,554 INFO Best AUROC test all: 0.6446549874423124, AUPR test all: 0.2669653479932728, AUROC test unknown: 0.5795390671185884, AUPR test unknown: 0.14205733362732137
2026-09-02 01:01:15,653 INFO [OUTPOST-v4] epoch 97 cur={'auroc_all': 0.8519705698004862, 'aupr_all': 0.6075682416206944, 'auroc_unknown': 0.8345907169201247, 'aupr_unknown': 0.5054748703404968, 'val_auc': 1.0} best={'auroc_all': 0.8521548342326527, 'aupr_all': 0.6075682416206944, 'auroc_unknown': 0.834828375558549, 'aupr_unknown': 0.505650362999755}
2026-09-02 01:01:17,670 INFO Epoch: 159, loss: -0.15455366671085358, labeled_loss: 0.03276053071022034, unnlabeled_loss: 0.024935806170105934, mixup_loss: -1.9978209733963013, energy_loss: 0.0
2026-09-02 01:01:17,670 INFO Best AUROC test all: 0.6446549874423124, AUPR test all: 0.2669653479932728, AUROC test unknown: 0.5795390671185884, AUPR test unknown: 0.14205733362732137
2026-09-02 01:01:19,333 INFO [OUTPOST-v4] epoch 98 cur={'auroc_all': 0.8512126636315864, 'aupr_all': 0.6034968901819598, 'auroc_unknown': 0.8337066832483614, 'aupr_unknown': 0.5012914805931652, 'val_auc': 0.9997126436781609} best={'auroc_all': 0.8521548342326527, 'aupr_all': 0.6075682416206944, 'auroc_unknown': 0.834828375558549, 'aupr_unknown': 0.505650362999755}
2026-09-02 01:01:19,801 INFO Epoch: 160, loss: -0.1660759150981903, labeled_loss: 0.029158052057027817, unnlabeled_loss: 0.009222381748259068, mixup_loss: -1.9984514713287354, energy_loss: 0.0
2026-09-02 01:01:19,801 INFO Best AUROC test all: 0.6446549874423124, AUPR test all: 0.2669653479932728, AUROC test unknown: 0.5795390671185884, AUPR test unknown: 0.14205733362732137
2026-09-02 01:01:21,993 INFO Epoch: 161, loss: -0.15548062324523926, labeled_loss: 0.03572027012705803, unnlabeled_loss: 0.017242539674043655, mixup_loss: -1.998221516609192, energy_loss: 0.0
2026-09-02 01:01:21,994 INFO Best AUROC test all: 0.6446549874423124, AUPR test all: 0.2669653479932728, AUROC test unknown: 0.5795390671185884, AUPR test unknown: 0.14205733362732137
2026-09-02 01:01:23,016 INFO [OUTPOST-v4] epoch 99 cur={'auroc_all': 0.849456807536374, 'aupr_all': 0.5961520719835043, 'auroc_unknown': 0.8317340138891198, 'aupr_unknown': 0.49268873936319035, 'val_auc': 0.9997126436781609} best={'auroc_all': 0.8521548342326527, 'aupr_all': 0.6075682416206944, 'auroc_unknown': 0.834828375558549, 'aupr_unknown': 0.505650362999755}
2026-09-02 01:01:24,220 INFO Epoch: 162, loss: -0.1419690102338791, labeled_loss: 0.03948983550071716, unnlabeled_loss: 0.03678584471344948, mixup_loss: -1.998517632484436, energy_loss: 0.0
2026-09-02 01:01:24,221 INFO Best AUROC test all: 0.6446549874423124, AUPR test all: 0.2669653479932728, AUROC test unknown: 0.5795390671185884, AUPR test unknown: 0.14205733362732137
2026-09-02 01:01:26,404 INFO Epoch: 163, loss: -0.15953949093818665, labeled_loss: 0.023324167355895042, unnlabeled_loss: 0.033973369747400284, mixup_loss: -1.99850332736969, energy_loss: 0.0
2026-09-02 01:01:26,404 INFO Best AUROC test all: 0.6446549874423124, AUPR test all: 0.2669653479932728, AUROC test unknown: 0.5795390671185884, AUPR test unknown: 0.14205733362732137
2026-09-02 01:01:26,648 INFO [OUTPOST-v4] epoch 100 cur={'auroc_all': 0.8480748242951255, 'aupr_all': 0.5926361715284486, 'auroc_unknown': 0.830207172630102, 'aupr_unknown': 0.4900403736601662, 'val_auc': 1.0} best={'auroc_all': 0.8521548342326527, 'aupr_all': 0.6075682416206944, 'auroc_unknown': 0.834828375558549, 'aupr_unknown': 0.505650362999755}
2026-09-02 01:01:28,605 INFO Epoch: 164, loss: -0.16112548112869263, labeled_loss: 0.029303936287760735, unnlabeled_loss: 0.01880042441189289, mixup_loss: -1.9982962608337402, energy_loss: 0.0
2026-09-02 01:01:28,606 INFO Best AUROC test all: 0.6446549874423124, AUPR test all: 0.2669653479932728, AUROC test unknown: 0.5795390671185884, AUPR test unknown: 0.14205733362732137
2026-09-02 01:01:30,179 INFO [OUTPOST-v4] epoch 101 cur={'auroc_all': 0.8479084037424992, 'aupr_all': 0.5905505218085983, 'auroc_unknown': 0.8300107834399051, 'aupr_unknown': 0.48763741797786625, 'val_auc': 1.0} best={'auroc_all': 0.8521548342326527, 'aupr_all': 0.6075682416206944, 'auroc_unknown': 0.834828375558549, 'aupr_unknown': 0.505650362999755}
2026-09-02 01:01:30,761 INFO Epoch: 165, loss: -0.1704750508069992, labeled_loss: 0.022037271410226822, unnlabeled_loss: 0.014568467624485493, mixup_loss: -1.9979655742645264, energy_loss: 0.0
2026-09-02 01:01:30,761 INFO Best AUROC test all: 0.6446549874423124, AUPR test all: 0.2669653479932728, AUROC test unknown: 0.5795390671185884, AUPR test unknown: 0.14205733362732137
2026-09-02 01:01:32,909 INFO Epoch: 166, loss: -0.1671060472726822, labeled_loss: 0.024630779400467873, unnlabeled_loss: 0.016115864738821983, mixup_loss: -1.9979475736618042, energy_loss: 0.0
2026-09-02 01:01:32,910 INFO Best AUROC test all: 0.6446549874423124, AUPR test all: 0.2669653479932728, AUROC test unknown: 0.5795390671185884, AUPR test unknown: 0.14205733362732137
2026-09-02 01:01:33,714 INFO [OUTPOST-v4] epoch 102 cur={'auroc_all': 0.8493712807667015, 'aupr_all': 0.5946277011678499, 'auroc_unknown': 0.8316610480674093, 'aupr_unknown': 0.4919751071157731, 'val_auc': 1.0} best={'auroc_all': 0.8521548342326527, 'aupr_all': 0.6075682416206944, 'auroc_unknown': 0.834828375558549, 'aupr_unknown': 0.505650362999755}
2026-09-02 01:01:35,063 INFO Epoch: 167, loss: -0.13861113786697388, labeled_loss: 0.026044853031635284, unnlabeled_loss: 0.0703173354268074, mixup_loss: -1.998146653175354, energy_loss: 0.0
2026-09-02 01:01:35,063 INFO Best AUROC test all: 0.6446549874423124, AUPR test all: 0.2669653479932728, AUROC test unknown: 0.5795390671185884, AUPR test unknown: 0.14205733362732137
2026-09-02 01:01:37,209 INFO Epoch: 168, loss: -0.1444384753704071, labeled_loss: 0.021563321352005005, unnlabeled_loss: 0.06766312569379807, mixup_loss: -1.9983335733413696, energy_loss: 0.0
2026-09-02 01:01:37,209 INFO Best AUROC test all: 0.6446549874423124, AUPR test all: 0.2669653479932728, AUROC test unknown: 0.5795390671185884, AUPR test unknown: 0.14205733362732137
2026-09-02 01:01:37,366 INFO [OUTPOST-v4] epoch 103 cur={'auroc_all': 0.8515980730811912, 'aupr_all': 0.5995008668193228, 'auroc_unknown': 0.8341229708418004, 'aupr_unknown': 0.4988776115829052, 'val_auc': 1.0} best={'auroc_all': 0.8521548342326527, 'aupr_all': 0.6075682416206944, 'auroc_unknown': 0.834828375558549, 'aupr_unknown': 0.505650362999755}
2026-09-02 01:01:39,352 INFO Epoch: 169, loss: -0.15667462348937988, labeled_loss: 0.02329067885875702, unnlabeled_loss: 0.03968513384461403, mixup_loss: -1.99807870388031, energy_loss: 0.0
2026-09-02 01:01:39,352 INFO Best AUROC test all: 0.6446549874423124, AUPR test all: 0.2669653479932728, AUROC test unknown: 0.5795390671185884, AUPR test unknown: 0.14205733362732137
2026-09-02 01:01:40,978 INFO [OUTPOST-v4] epoch 104 cur={'auroc_all': 0.8530656977700013, 'aupr_all': 0.6039931583205977, 'auroc_unknown': 0.8357658182612586, 'aupr_unknown': 0.5025403662861315, 'val_auc': 1.0} best={'auroc_all': 0.8530656977700013, 'aupr_all': 0.6075682416206944, 'auroc_unknown': 0.8357658182612586, 'aupr_unknown': 0.505650362999755}
2026-09-02 01:01:41,497 INFO Epoch: 170, loss: -0.1670980006456375, labeled_loss: 0.025284385308623314, unnlabeled_loss: 0.014824647456407547, mixup_loss: -1.997947096824646, energy_loss: 0.0
2026-09-02 01:01:41,498 INFO Best AUROC test all: 0.6446549874423124, AUPR test all: 0.2669653479932728, AUROC test unknown: 0.5795390671185884, AUPR test unknown: 0.14205733362732137
2026-09-02 01:01:43,628 INFO Epoch: 171, loss: -0.16868296265602112, labeled_loss: 0.02441396750509739, unnlabeled_loss: 0.01346604060381651, mixup_loss: -1.998299479484558, energy_loss: 0.0
2026-09-02 01:01:43,628 INFO Best AUROC test all: 0.6446549874423124, AUPR test all: 0.2669653479932728, AUROC test unknown: 0.5795390671185884, AUPR test unknown: 0.14205733362732137
2026-09-02 01:01:44,594 INFO [OUTPOST-v4] epoch 105 cur={'auroc_all': 0.8556896425499373, 'aupr_all': 0.6090074890494961, 'auroc_unknown': 0.8387149155793399, 'aupr_unknown': 0.5100752062779399, 'val_auc': 1.0} best={'auroc_all': 0.8556896425499373, 'aupr_all': 0.6090074890494961, 'auroc_unknown': 0.8387149155793399, 'aupr_unknown': 0.5100752062779399}
2026-09-02 01:01:45,772 INFO Epoch: 172, loss: -0.17084060609340668, labeled_loss: 0.020137161016464233, unnlabeled_loss: 0.01766905188560486, mixup_loss: -1.9981229305267334, energy_loss: 0.0
2026-09-02 01:01:45,772 INFO Best AUROC test all: 0.6446549874423124, AUPR test all: 0.2669653479932728, AUROC test unknown: 0.5795390671185884, AUPR test unknown: 0.14205733362732137
2026-09-02 01:01:47,914 INFO Epoch: 173, loss: -0.16448572278022766, labeled_loss: 0.021723566576838493, unnlabeled_loss: 0.027197353541851044, mixup_loss: -1.9980796575546265, energy_loss: 0.0
2026-09-02 01:01:47,914 INFO Best AUROC test all: 0.6446549874423124, AUPR test all: 0.2669653479932728, AUROC test unknown: 0.5795390671185884, AUPR test unknown: 0.14205733362732137
2026-09-02 01:01:48,176 INFO [OUTPOST-v4] epoch 106 cur={'auroc_all': 0.8587503724737836, 'aupr_all': 0.6118619997475483, 'auroc_unknown': 0.8421446685108567, 'aupr_unknown': 0.5128549964440325, 'val_auc': 1.0} best={'auroc_all': 0.8587503724737836, 'aupr_all': 0.6118619997475483, 'auroc_unknown': 0.8421446685108567, 'aupr_unknown': 0.5128549964440325}
2026-09-02 01:01:50,054 INFO Epoch: 174, loss: -0.13855747878551483, labeled_loss: 0.025784382596611977, unnlabeled_loss: 0.07101841270923615, mixup_loss: -1.9985105991363525, energy_loss: 0.0
2026-09-02 01:01:50,054 INFO Best AUROC test all: 0.6446549874423124, AUPR test all: 0.2669653479932728, AUROC test unknown: 0.5795390671185884, AUPR test unknown: 0.14205733362732137
2026-09-02 01:01:51,883 INFO [OUTPOST-v4] epoch 107 cur={'auroc_all': 0.8608157900627665, 'aupr_all': 0.6166249178250585, 'auroc_unknown': 0.8444631748196411, 'aupr_unknown': 0.5187396817412121, 'val_auc': 1.0} best={'auroc_all': 0.8608157900627665, 'aupr_all': 0.6166249178250585, 'auroc_unknown': 0.8444631748196411, 'aupr_unknown': 0.5187396817412121}
2026-09-02 01:01:52,171 INFO Epoch: 175, loss: -0.1736210733652115, labeled_loss: 0.016872111707925797, unnlabeled_loss: 0.01862063631415367, mixup_loss: -1.998034954071045, energy_loss: 0.0
2026-09-02 01:01:52,171 INFO Best AUROC test all: 0.6446549874423124, AUPR test all: 0.2669653479932728, AUROC test unknown: 0.5795390671185884, AUPR test unknown: 0.14205733362732137
2026-09-02 01:01:54,287 INFO Epoch: 176, loss: -0.18031029403209686, labeled_loss: 0.016330674290657043, unnlabeled_loss: 0.006351351737976074, mixup_loss: -1.9981664419174194, energy_loss: 0.0
2026-09-02 01:01:54,287 INFO Best AUROC test all: 0.6446549874423124, AUPR test all: 0.2669653479932728, AUROC test unknown: 0.5795390671185884, AUPR test unknown: 0.14205733362732137
2026-09-02 01:01:55,404 INFO [OUTPOST-v4] epoch 108 cur={'auroc_all': 0.8582084735767465, 'aupr_all': 0.6143596880478719, 'auroc_unknown': 0.8415333006462878, 'aupr_unknown': 0.5163093795688565, 'val_auc': 1.0} best={'auroc_all': 0.8608157900627665, 'aupr_all': 0.6166249178250585, 'auroc_unknown': 0.8444631748196411, 'aupr_unknown': 0.5187396817412121}
2026-09-02 01:01:56,500 INFO Epoch: 177, loss: -0.17018049955368042, labeled_loss: 0.02275191992521286, unnlabeled_loss: 0.013761314563453197, mixup_loss: -1.9981307983398438, energy_loss: 0.0
2026-09-02 01:01:56,500 INFO Best AUROC test all: 0.6446549874423124, AUPR test all: 0.2669653479932728, AUROC test unknown: 0.5795390671185884, AUPR test unknown: 0.14205733362732137
2026-09-02 01:01:58,748 INFO Epoch: 178, loss: -0.16869521141052246, labeled_loss: 0.022000523284077644, unnlabeled_loss: 0.018284017220139503, mixup_loss: -1.9983774423599243, energy_loss: 0.0
2026-09-02 01:01:58,748 INFO Best AUROC test all: 0.6446549874423124, AUPR test all: 0.2669653479932728, AUROC test unknown: 0.5795390671185884, AUPR test unknown: 0.14205733362732137
2026-09-02 01:01:58,989 INFO [OUTPOST-v4] epoch 109 cur={'auroc_all': 0.8590759888720246, 'aupr_all': 0.6150083169050873, 'auroc_unknown': 0.8424994882383099, 'aupr_unknown': 0.5183160672966248, 'val_auc': 1.0} best={'auroc_all': 0.8608157900627665, 'aupr_all': 0.6166249178250585, 'auroc_unknown': 0.8444631748196411, 'aupr_unknown': 0.5187396817412121}
2026-09-02 01:02:01,063 INFO Epoch: 179, loss: -0.16303658485412598, labeled_loss: 0.019380684942007065, unnlabeled_loss: 0.03488264977931976, mixup_loss: -1.998585820198059, energy_loss: 0.0
2026-09-02 01:02:01,063 INFO Best AUROC test all: 0.6446549874423124, AUPR test all: 0.2669653479932728, AUROC test unknown: 0.5795390671185884, AUPR test unknown: 0.14205733362732137
2026-09-02 01:02:02,598 INFO [OUTPOST-v4] epoch 110 cur={'auroc_all': 0.860685217818265, 'aupr_all': 0.616513356498507, 'auroc_unknown': 0.8443035123585572, 'aupr_unknown': 0.5205055473932975, 'val_auc': 1.0} best={'auroc_all': 0.8608157900627665, 'aupr_all': 0.6166249178250585, 'auroc_unknown': 0.8444631748196411, 'aupr_unknown': 0.5205055473932975}
2026-09-02 01:02:03,292 INFO Epoch: 180, loss: -0.13826841115951538, labeled_loss: 0.024874074384570122, unnlabeled_loss: 0.07338228076696396, mixup_loss: -1.9983360767364502, energy_loss: 0.0
2026-09-02 01:02:03,293 INFO Best AUROC test all: 0.6446549874423124, AUPR test all: 0.2669653479932728, AUROC test unknown: 0.5795390671185884, AUPR test unknown: 0.14205733362732137
2026-09-02 01:02:05,469 INFO Epoch: 181, loss: -0.16810646653175354, labeled_loss: 0.016505084931850433, unnlabeled_loss: 0.030466431751847267, mixup_loss: -1.9984476566314697, energy_loss: 0.0
2026-09-02 01:02:05,469 INFO Best AUROC test all: 0.6446549874423124, AUPR test all: 0.2669653479932728, AUROC test unknown: 0.5795390671185884, AUPR test unknown: 0.14205733362732137
2026-09-02 01:02:06,155 INFO [OUTPOST-v4] epoch 111 cur={'auroc_all': 0.8617443828017661, 'aupr_all': 0.620629888770673, 'auroc_unknown': 0.8455148527922889, 'aupr_unknown': 0.5248965501746029, 'val_auc': 1.0} best={'auroc_all': 0.8617443828017661, 'aupr_all': 0.620629888770673, 'auroc_unknown': 0.8455148527922889, 'aupr_unknown': 0.5248965501746029}
2026-09-02 01:02:07,703 INFO Epoch: 182, loss: -0.16724362969398499, labeled_loss: 0.018145062029361725, unnlabeled_loss: 0.02895704284310341, mixup_loss: -1.9986720085144043, energy_loss: 0.0
2026-09-02 01:02:07,704 INFO Best AUROC test all: 0.6446549874423124, AUPR test all: 0.2669653479932728, AUROC test unknown: 0.5795390671185884, AUPR test unknown: 0.14205733362732137
2026-09-02 01:02:09,699 INFO [OUTPOST-v4] epoch 112 cur={'auroc_all': 0.8630212293543102, 'aupr_all': 0.6234529017864445, 'auroc_unknown': 0.8469297943036255, 'aupr_unknown': 0.5281930379072677, 'val_auc': 1.0} best={'auroc_all': 0.8630212293543102, 'aupr_all': 0.6234529017864445, 'auroc_unknown': 0.8469297943036255, 'aupr_unknown': 0.5281930379072677}
2026-09-02 01:02:09,906 INFO Epoch: 183, loss: -0.1769457757472992, labeled_loss: 0.016477910801768303, unnlabeled_loss: 0.01281365379691124, mixup_loss: -1.998305082321167, energy_loss: 0.0
2026-09-02 01:02:09,907 INFO Best AUROC test all: 0.6446549874423124, AUPR test all: 0.2669653479932728, AUROC test unknown: 0.5795390671185884, AUPR test unknown: 0.14205733362732137
2026-09-02 01:02:12,085 INFO Epoch: 184, loss: -0.16257478296756744, labeled_loss: 0.024076074361801147, unnlabeled_loss: 0.026416990906000137, mixup_loss: -1.9985934495925903, energy_loss: 0.0
2026-09-02 01:02:12,085 INFO Best AUROC test all: 0.6446549874423124, AUPR test all: 0.2669653479932728, AUROC test unknown: 0.5795390671185884, AUPR test unknown: 0.14205733362732137
2026-09-02 01:02:13,271 INFO [OUTPOST-v4] epoch 113 cur={'auroc_all': 0.8682384311110654, 'aupr_all': 0.6320828309984041, 'auroc_unknown': 0.8527854875677326, 'aupr_unknown': 0.5375944131850621, 'val_auc': 1.0} best={'auroc_all': 0.8682384311110654, 'aupr_all': 0.6320828309984041, 'auroc_unknown': 0.8527854875677326, 'aupr_unknown': 0.5375944131850621}
2026-09-02 01:02:14,268 INFO Epoch: 185, loss: -0.17907637357711792, labeled_loss: 0.015660559758543968, unnlabeled_loss: 0.010188724845647812, mixup_loss: -1.9983128309249878, energy_loss: 0.0
2026-09-02 01:02:14,268 INFO Best AUROC test all: 0.6446549874423124, AUPR test all: 0.2669653479932728, AUROC test unknown: 0.5795390671185884, AUPR test unknown: 0.14205733362732137
2026-09-02 01:02:16,459 INFO Epoch: 186, loss: -0.17911343276500702, labeled_loss: 0.014218416064977646, unnlabeled_loss: 0.013008330948650837, mixup_loss: -1.9983601570129395, energy_loss: 0.0
2026-09-02 01:02:16,459 INFO Best AUROC test all: 0.6446549874423124, AUPR test all: 0.2669653479932728, AUROC test unknown: 0.5795390671185884, AUPR test unknown: 0.14205733362732137
2026-09-02 01:02:16,829 INFO [OUTPOST-v4] epoch 114 cur={'auroc_all': 0.8698675681388494, 'aupr_all': 0.6355765927710184, 'auroc_unknown': 0.8546081958660332, 'aupr_unknown': 0.5422402390559395, 'val_auc': 1.0} best={'auroc_all': 0.8698675681388494, 'aupr_all': 0.6355765927710184, 'auroc_unknown': 0.8546081958660332, 'aupr_unknown': 0.5422402390559395}
2026-09-02 01:02:18,657 INFO Epoch: 187, loss: -0.17233827710151672, labeled_loss: 0.019895244389772415, unnlabeled_loss: 0.015253250487148762, mixup_loss: -1.9986014366149902, energy_loss: 0.0
2026-09-02 01:02:18,658 INFO Best AUROC test all: 0.6446549874423124, AUPR test all: 0.2669653479932728, AUROC test unknown: 0.5795390671185884, AUPR test unknown: 0.14205733362732137
2026-09-02 01:02:20,426 INFO [OUTPOST-v4] epoch 115 cur={'auroc_all': 0.8688986087828952, 'aupr_all': 0.6312547160504157, 'auroc_unknown': 0.853502159254489, 'aupr_unknown': 0.538111359705444, 'val_auc': 1.0} best={'auroc_all': 0.8698675681388494, 'aupr_all': 0.6355765927710184, 'auroc_unknown': 0.8546081958660332, 'aupr_unknown': 0.5422402390559395}
2026-09-02 01:02:20,791 INFO Epoch: 188, loss: -0.17622782289981842, labeled_loss: 0.015783658251166344, unnlabeled_loss: 0.015654288232326508, mixup_loss: -1.998386263847351, energy_loss: 0.0
2026-09-02 01:02:20,791 INFO Best AUROC test all: 0.6446549874423124, AUPR test all: 0.2669653479932728, AUROC test unknown: 0.5795390671185884, AUPR test unknown: 0.14205733362732137
2026-09-02 01:02:22,954 INFO Epoch: 189, loss: -0.18060404062271118, labeled_loss: 0.014722797088325024, unnlabeled_loss: 0.009054183028638363, mixup_loss: -1.9985392093658447, energy_loss: 0.0
2026-09-02 01:02:22,955 INFO Best AUROC test all: 0.6446549874423124, AUPR test all: 0.2669653479932728, AUROC test unknown: 0.5795390671185884, AUPR test unknown: 0.14205733362732137
2026-09-02 01:02:24,108 INFO [OUTPOST-v4] epoch 116 cur={'auroc_all': 0.8683132469658983, 'aupr_all': 0.6326392059464598, 'auroc_unknown': 0.8528476483908716, 'aupr_unknown': 0.5385429478079385, 'val_auc': 1.0} best={'auroc_all': 0.8698675681388494, 'aupr_all': 0.6355765927710184, 'auroc_unknown': 0.8546081958660332, 'aupr_unknown': 0.5422402390559395}
2026-09-02 01:02:25,164 INFO Epoch: 190, loss: -0.1706799566745758, labeled_loss: 0.018349962309002876, unnlabeled_loss: 0.021573735401034355, mixup_loss: -1.9981677532196045, energy_loss: 0.0
2026-09-02 01:02:25,165 INFO Best AUROC test all: 0.6446549874423124, AUPR test all: 0.2669653479932728, AUROC test unknown: 0.5795390671185884, AUPR test unknown: 0.14205733362732137
2026-09-02 01:02:27,335 INFO Epoch: 191, loss: -0.16962340474128723, labeled_loss: 0.018119318410754204, unnlabeled_loss: 0.024210520088672638, mixup_loss: -1.9984798431396484, energy_loss: 0.0
2026-09-02 01:02:27,335 INFO Best AUROC test all: 0.6446549874423124, AUPR test all: 0.2669653479932728, AUROC test unknown: 0.5795390671185884, AUPR test unknown: 0.14205733362732137
2026-09-02 01:02:27,765 INFO [OUTPOST-v4] epoch 117 cur={'auroc_all': 0.8664681944085629, 'aupr_all': 0.6286402209905945, 'auroc_unknown': 0.8507709071332702, 'aupr_unknown': 0.5346988924390703, 'val_auc': 1.0} best={'auroc_all': 0.8698675681388494, 'aupr_all': 0.6355765927710184, 'auroc_unknown': 0.8546081958660332, 'aupr_unknown': 0.5422402390559395}
2026-09-02 01:02:29,517 INFO Epoch: 192, loss: -0.17220796644687653, labeled_loss: 0.01330371294170618, unnlabeled_loss: 0.0286767166107893, mixup_loss: -1.9985003471374512, energy_loss: 0.0
2026-09-02 01:02:29,517 INFO Best AUROC test all: 0.6446549874423124, AUPR test all: 0.2669653479932728, AUROC test unknown: 0.5795390671185884, AUPR test unknown: 0.14205733362732137
2026-09-02 01:02:31,357 INFO [OUTPOST-v4] epoch 118 cur={'auroc_all': 0.8674811671383444, 'aupr_all': 0.6306586542597182, 'auroc_unknown': 0.8519024291689996, 'aupr_unknown': 0.536046665894569, 'val_auc': 1.0} best={'auroc_all': 0.8698675681388494, 'aupr_all': 0.6355765927710184, 'auroc_unknown': 0.8546081958660332, 'aupr_unknown': 0.5422402390559395}
2026-09-02 01:02:31,667 INFO Epoch: 193, loss: -0.164353609085083, labeled_loss: 0.012179475277662277, unnlabeled_loss: 0.04663741588592529, mixup_loss: -1.9985178709030151, energy_loss: 0.0
2026-09-02 01:02:31,667 INFO Best AUROC test all: 0.6446549874423124, AUPR test all: 0.2669653479932728, AUROC test unknown: 0.5795390671185884, AUPR test unknown: 0.14205733362732137
2026-09-02 01:02:33,851 INFO Epoch: 194, loss: -0.16466458141803741, labeled_loss: 0.015351216308772564, unnlabeled_loss: 0.039571136236190796, mixup_loss: -1.9980136156082153, energy_loss: 0.0
2026-09-02 01:02:33,851 INFO Best AUROC test all: 0.6446549874423124, AUPR test all: 0.2669653479932728, AUROC test unknown: 0.5795390671185884, AUPR test unknown: 0.14205733362732137
2026-09-02 01:02:35,050 INFO [OUTPOST-v4] epoch 119 cur={'auroc_all': 0.8695279839737191, 'aupr_all': 0.6347118270322347, 'auroc_unknown': 0.8541789730724036, 'aupr_unknown': 0.5417585544432102, 'val_auc': 1.0} best={'auroc_all': 0.8698675681388494, 'aupr_all': 0.6355765927710184, 'auroc_unknown': 0.8546081958660332, 'aupr_unknown': 0.5422402390559395}
2026-09-02 01:02:36,043 INFO Epoch: 195, loss: -0.16906902194023132, labeled_loss: 0.01609089970588684, unnlabeled_loss: 0.029434630647301674, mixup_loss: -1.9987722635269165, energy_loss: 0.0
2026-09-02 01:02:36,044 INFO Best AUROC test all: 0.6446549874423124, AUPR test all: 0.2669653479932728, AUROC test unknown: 0.5795390671185884, AUPR test unknown: 0.14205733362732137
2026-09-02 01:02:38,235 INFO Epoch: 196, loss: -0.167226642370224, labeled_loss: 0.012989554554224014, unnlabeled_loss: 0.03930123522877693, mixup_loss: -1.9986681938171387, energy_loss: 0.0
2026-09-02 01:02:38,235 INFO Best AUROC test all: 0.6446549874423124, AUPR test all: 0.2669653479932728, AUROC test unknown: 0.5795390671185884, AUPR test unknown: 0.14205733362732137
2026-09-02 01:02:38,791 INFO [OUTPOST-v4] epoch 120 cur={'auroc_all': 0.8707371017649753, 'aupr_all': 0.6389549583270189, 'auroc_unknown': 0.8555364504701944, 'aupr_unknown': 0.5474025541485573, 'val_auc': 0.9997126436781609} best={'auroc_all': 0.8707371017649753, 'aupr_all': 0.6389549583270189, 'auroc_unknown': 0.8555364504701944, 'aupr_unknown': 0.5474025541485573}
2026-09-02 01:02:40,416 INFO Epoch: 197, loss: -0.17463773488998413, labeled_loss: 0.010816391557455063, unnlabeled_loss: 0.02877984009683132, mixup_loss: -1.9984403848648071, energy_loss: 0.0
2026-09-02 01:02:40,416 INFO Best AUROC test all: 0.6446549874423124, AUPR test all: 0.2669653479932728, AUROC test unknown: 0.5795390671185884, AUPR test unknown: 0.14205733362732137
2026-09-02 01:02:42,515 INFO [OUTPOST-v4] epoch 121 cur={'auroc_all': 0.8713726236906538, 'aupr_all': 0.6435468433688407, 'auroc_unknown': 0.8562463209108188, 'aupr_unknown': 0.5522266315517174, 'val_auc': 1.0} best={'auroc_all': 0.8713726236906538, 'aupr_all': 0.6435468433688407, 'auroc_unknown': 0.8562463209108188, 'aupr_unknown': 0.5522266315517174}
2026-09-02 01:02:42,562 INFO Epoch: 198, loss: -0.13977724313735962, labeled_loss: 0.01566711626946926, unnlabeled_loss: 0.0888427197933197, mixup_loss: -1.9986571073532104, energy_loss: 0.0
2026-09-02 01:02:42,562 INFO Best AUROC test all: 0.6446549874423124, AUPR test all: 0.2669653479932728, AUROC test unknown: 0.5795390671185884, AUPR test unknown: 0.14205733362732137
2026-09-02 01:02:44,760 INFO Epoch: 199, loss: -0.14152227342128754, labeled_loss: 0.013373257592320442, unnlabeled_loss: 0.08997392654418945, mixup_loss: -1.998824954032898, energy_loss: 0.0
2026-09-02 01:02:44,760 INFO Best AUROC test all: 0.6446549874423124, AUPR test all: 0.2669653479932728, AUROC test unknown: 0.5795390671185884, AUPR test unknown: 0.14205733362732137
2026-09-02 01:02:46,119 INFO [OUTPOST-v4] epoch 122 cur={'auroc_all': 0.8723602984781051, 'aupr_all': 0.6415094792667465, 'auroc_unknown': 0.8573684751924417, 'aupr_unknown': 0.5496459930490233, 'val_auc': 1.0} best={'auroc_all': 0.8723602984781051, 'aupr_all': 0.6435468433688407, 'auroc_unknown': 0.8573684751924417, 'aupr_unknown': 0.5522266315517174}
2026-09-02 01:02:46,928 INFO Epoch: 200, loss: -0.16068466007709503, labeled_loss: 0.01773837022483349, unnlabeled_loss: 0.042751915752887726, mixup_loss: -1.9979898929595947, energy_loss: 0.0
2026-09-02 01:02:46,928 INFO Best AUROC test all: 0.6446549874423124, AUPR test all: 0.2669653479932728, AUROC test unknown: 0.5795390671185884, AUPR test unknown: 0.14205733362732137
2026-09-02 01:02:49,080 INFO Epoch: 201, loss: -0.1643945574760437, labeled_loss: 0.012567928992211819, unnlabeled_loss: 0.04584216699004173, mixup_loss: -1.9988356828689575, energy_loss: 0.0
2026-09-02 01:02:49,080 INFO Best AUROC test all: 0.6446549874423124, AUPR test all: 0.2669653479932728, AUROC test unknown: 0.5795390671185884, AUPR test unknown: 0.14205733362732137
2026-09-02 01:02:49,829 INFO [OUTPOST-v4] epoch 123 cur={'auroc_all': 0.869224339859025, 'aupr_all': 0.6374877245646234, 'auroc_unknown': 0.8538345220371667, 'aupr_unknown': 0.5444450521703632, 'val_auc': 1.0} best={'auroc_all': 0.8723602984781051, 'aupr_all': 0.6435468433688407, 'auroc_unknown': 0.8573684751924417, 'aupr_unknown': 0.5522266315517174}
2026-09-02 01:02:51,274 INFO Epoch: 202, loss: -0.14650386571884155, labeled_loss: 0.013428925536572933, unnlabeled_loss: 0.07991082966327667, mixup_loss: -1.9988820552825928, energy_loss: 0.0
2026-09-02 01:02:51,274 INFO Best AUROC test all: 0.6446549874423124, AUPR test all: 0.2669653479932728, AUROC test unknown: 0.5795390671185884, AUPR test unknown: 0.14205733362732137
2026-09-02 01:02:53,477 INFO Epoch: 203, loss: -0.13967221975326538, labeled_loss: 0.020212164148688316, unnlabeled_loss: 0.07990194112062454, mixup_loss: -1.9983536005020142, energy_loss: 0.0
2026-09-02 01:02:53,477 INFO Best AUROC test all: 0.6446549874423124, AUPR test all: 0.2669653479932728, AUROC test unknown: 0.5795390671185884, AUPR test unknown: 0.14205733362732137
2026-09-02 01:02:53,504 INFO [OUTPOST-v4] epoch 124 cur={'auroc_all': 0.8663857410063176, 'aupr_all': 0.632213754057888, 'auroc_unknown': 0.8506854167526448, 'aupr_unknown': 0.5402097336824556, 'val_auc': 1.0} best={'auroc_all': 0.8723602984781051, 'aupr_all': 0.6435468433688407, 'auroc_unknown': 0.8573684751924417, 'aupr_unknown': 0.5522266315517174}
2026-09-02 01:02:55,641 INFO Epoch: 204, loss: -0.16977418959140778, labeled_loss: 0.013949963264167309, unnlabeled_loss: 0.0323188453912735, mixup_loss: -1.998835802078247, energy_loss: 0.0
2026-09-02 01:02:55,641 INFO Best AUROC test all: 0.6446549874423124, AUPR test all: 0.2669653479932728, AUROC test unknown: 0.5795390671185884, AUPR test unknown: 0.14205733362732137
2026-09-02 01:02:57,068 INFO [OUTPOST-v4] epoch 125 cur={'auroc_all': 0.8687848024457766, 'aupr_all': 0.638052321572894, 'auroc_unknown': 0.8533602313635077, 'aupr_unknown': 0.5464786921519043, 'val_auc': 1.0} best={'auroc_all': 0.8723602984781051, 'aupr_all': 0.6435468433688407, 'auroc_unknown': 0.8573684751924417, 'aupr_unknown': 0.5522266315517174}
2026-09-02 01:02:57,781 INFO Epoch: 205, loss: -0.168234720826149, labeled_loss: 0.012925509363412857, unnlabeled_loss: 0.037407323718070984, mixup_loss: -1.9986388683319092, energy_loss: 0.0
2026-09-02 01:02:57,781 INFO Best AUROC test all: 0.6446549874423124, AUPR test all: 0.2669653479932728, AUROC test unknown: 0.5795390671185884, AUPR test unknown: 0.14205733362732137
2026-09-02 01:02:59,946 INFO Epoch: 206, loss: -0.17614957690238953, labeled_loss: 0.01703043095767498, unnlabeled_loss: 0.013371126726269722, mixup_loss: -1.9986557960510254, energy_loss: 0.0
2026-09-02 01:02:59,946 INFO Best AUROC test all: 0.6446549874423124, AUPR test all: 0.2669653479932728, AUROC test unknown: 0.5795390671185884, AUPR test unknown: 0.14205733362732137
2026-09-02 01:03:00,756 INFO [OUTPOST-v4] epoch 126 cur={'auroc_all': 0.8686660878950055, 'aupr_all': 0.6384085737179614, 'auroc_unknown': 0.8532392975077565, 'aupr_unknown': 0.5468855066696384, 'val_auc': 1.0} best={'auroc_all': 0.8723602984781051, 'aupr_all': 0.6435468433688407, 'auroc_unknown': 0.8573684751924417, 'aupr_unknown': 0.5522266315517174}
2026-09-02 01:03:02,152 INFO Epoch: 207, loss: -0.16681534051895142, labeled_loss: 0.013921057805418968, unnlabeled_loss: 0.03827271983027458, mixup_loss: -1.998727560043335, energy_loss: 0.0
2026-09-02 01:03:02,153 INFO Best AUROC test all: 0.6446549874423124, AUPR test all: 0.2669653479932728, AUROC test unknown: 0.5795390671185884, AUPR test unknown: 0.14205733362732137
2026-09-02 01:03:04,355 INFO Epoch: 208, loss: -0.17594201862812042, labeled_loss: 0.013542791828513145, unnlabeled_loss: 0.020750291645526886, mixup_loss: -1.998599648475647, energy_loss: 0.0
2026-09-02 01:03:04,355 INFO Best AUROC test all: 0.6446549874423124, AUPR test all: 0.2669653479932728, AUROC test unknown: 0.5795390671185884, AUPR test unknown: 0.14205733362732137
2026-09-02 01:03:04,370 INFO [OUTPOST-v4] epoch 127 cur={'auroc_all': 0.877387387230351, 'aupr_all': 0.6520396760047229, 'auroc_unknown': 0.8630073755279564, 'aupr_unknown': 0.5617938704413781, 'val_auc': 1.0} best={'auroc_all': 0.877387387230351, 'aupr_all': 0.6520396760047229, 'auroc_unknown': 0.8630073755279564, 'aupr_unknown': 0.5617938704413781}
2026-09-02 01:03:06,596 INFO Epoch: 209, loss: -0.17062105238437653, labeled_loss: 0.013340829871594906, unnlabeled_loss: 0.03186648711562157, mixup_loss: -1.9989511966705322, energy_loss: 0.0
2026-09-02 01:03:06,596 INFO Best AUROC test all: 0.6446549874423124, AUPR test all: 0.2669653479932728, AUROC test unknown: 0.5795390671185884, AUPR test unknown: 0.14205733362732137
2026-09-02 01:03:07,952 INFO [OUTPOST-v4] epoch 128 cur={'auroc_all': 0.8769933540034878, 'aupr_all': 0.6588393624446843, 'auroc_unknown': 0.862588136450347, 'aupr_unknown': 0.5714383884320954, 'val_auc': 1.0} best={'auroc_all': 0.877387387230351, 'aupr_all': 0.6588393624446843, 'auroc_unknown': 0.8630073755279564, 'aupr_unknown': 0.5714383884320954}
2026-09-02 01:03:08,801 INFO Epoch: 210, loss: -0.17615196108818054, labeled_loss: 0.01869470439851284, unnlabeled_loss: 0.010082139633595943, mixup_loss: -1.9988774061203003, energy_loss: 0.0
2026-09-02 01:03:08,801 INFO Best AUROC test all: 0.6446549874423124, AUPR test all: 0.2669653479932728, AUROC test unknown: 0.5795390671185884, AUPR test unknown: 0.14205733362732137
2026-09-02 01:03:11,025 INFO Epoch: 211, loss: -0.17860423028469086, labeled_loss: 0.012685283087193966, unnlabeled_loss: 0.017161719501018524, mixup_loss: -1.9987037181854248, energy_loss: 0.0
2026-09-02 01:03:11,025 INFO Best AUROC test all: 0.6446549874423124, AUPR test all: 0.2669653479932728, AUROC test unknown: 0.5795390671185884, AUPR test unknown: 0.14205733362732137
2026-09-02 01:03:11,631 INFO [OUTPOST-v4] epoch 129 cur={'auroc_all': 0.8785858858490787, 'aupr_all': 0.6577220244430622, 'auroc_unknown': 0.8643809962609059, 'aupr_unknown': 0.5684321026510254, 'val_auc': 0.9997126436781609} best={'auroc_all': 0.8785858858490787, 'aupr_all': 0.6588393624446843, 'auroc_unknown': 0.8643809962609059, 'aupr_unknown': 0.5714383884320954}
2026-09-02 01:03:13,232 INFO Epoch: 212, loss: -0.17671141028404236, labeled_loss: 0.011979137547314167, unnlabeled_loss: 0.02241070196032524, mixup_loss: -1.9989590644836426, energy_loss: 0.0
2026-09-02 01:03:13,233 INFO Best AUROC test all: 0.6446549874423124, AUPR test all: 0.2669653479932728, AUROC test unknown: 0.5795390671185884, AUPR test unknown: 0.14205733362732137
2026-09-02 01:03:15,224 INFO [OUTPOST-v4] epoch 130 cur={'auroc_all': 0.8783948095503011, 'aupr_all': 0.659151310773452, 'auroc_unknown': 0.864146597087609, 'aupr_unknown': 0.5720542124585399, 'val_auc': 1.0} best={'auroc_all': 0.8785858858490787, 'aupr_all': 0.659151310773452, 'auroc_unknown': 0.8643809962609059, 'aupr_unknown': 0.5720542124585399}
2026-09-02 01:03:15,397 INFO Epoch: 213, loss: -0.17291191220283508, labeled_loss: 0.013370148837566376, unnlabeled_loss: 0.027133632451295853, mixup_loss: -1.9984887838363647, energy_loss: 0.0
2026-09-02 01:03:15,397 INFO Best AUROC test all: 0.6446549874423124, AUPR test all: 0.2669653479932728, AUROC test unknown: 0.5795390671185884, AUPR test unknown: 0.14205733362732137
2026-09-02 01:03:17,593 INFO Epoch: 214, loss: -0.1694910079240799, labeled_loss: 0.01037681195884943, unnlabeled_loss: 0.04000092297792435, mixup_loss: -1.9986827373504639, energy_loss: 0.0
2026-09-02 01:03:17,593 INFO Best AUROC test all: 0.6446549874423124, AUPR test all: 0.2669653479932728, AUROC test unknown: 0.5795390671185884, AUPR test unknown: 0.14205733362732137
2026-09-02 01:03:18,771 INFO [OUTPOST-v4] epoch 131 cur={'auroc_all': 0.8773486031682657, 'aupr_all': 0.6524039878507304, 'auroc_unknown': 0.8629697248559729, 'aupr_unknown': 0.5659141801707767, 'val_auc': 1.0} best={'auroc_all': 0.8785858858490787, 'aupr_all': 0.659151310773452, 'auroc_unknown': 0.8643809962609059, 'aupr_unknown': 0.5720542124585399}
2026-09-02 01:03:19,795 INFO Epoch: 215, loss: -0.15947744250297546, labeled_loss: 0.017208222299814224, unnlabeled_loss: 0.04628906399011612, mixup_loss: -1.9983019828796387, energy_loss: 0.0
2026-09-02 01:03:19,795 INFO Best AUROC test all: 0.6446549874423124, AUPR test all: 0.2669653479932728, AUROC test unknown: 0.5795390671185884, AUPR test unknown: 0.14205733362732137
2026-09-02 01:03:22,015 INFO Epoch: 216, loss: -0.15457883477210999, labeled_loss: 0.015145768411457539, unnlabeled_loss: 0.060263317078351974, mixup_loss: -1.9985625743865967, energy_loss: 0.0
2026-09-02 01:03:22,016 INFO Best AUROC test all: 0.6446549874423124, AUPR test all: 0.2669653479932728, AUROC test unknown: 0.5795390671185884, AUPR test unknown: 0.14205733362732137
2026-09-02 01:03:22,421 INFO [OUTPOST-v4] epoch 132 cur={'auroc_all': 0.8734612750199631, 'aupr_all': 0.6482163498993354, 'auroc_unknown': 0.858625987104632, 'aupr_unknown': 0.5618087833365839, 'val_auc': 1.0} best={'auroc_all': 0.8785858858490787, 'aupr_all': 0.659151310773452, 'auroc_unknown': 0.8643809962609059, 'aupr_unknown': 0.5720542124585399}
2026-09-02 01:03:24,218 INFO Epoch: 217, loss: -0.16464953124523163, labeled_loss: 0.00872812420129776, unnlabeled_loss: 0.052953023463487625, mixup_loss: -1.9985415935516357, energy_loss: 0.0
2026-09-02 01:03:24,218 INFO Best AUROC test all: 0.6446549874423124, AUPR test all: 0.2669653479932728, AUROC test unknown: 0.5795390671185884, AUPR test unknown: 0.14205733362732137
2026-09-02 01:03:25,967 INFO [OUTPOST-v4] epoch 133 cur={'auroc_all': 0.8736787042976503, 'aupr_all': 0.6473530444521013, 'auroc_unknown': 0.8588857690417953, 'aupr_unknown': 0.559981040923764, 'val_auc': 1.0} best={'auroc_all': 0.8785858858490787, 'aupr_all': 0.659151310773452, 'auroc_unknown': 0.8643809962609059, 'aupr_unknown': 0.5720542124585399}
2026-09-02 01:03:26,454 INFO Epoch: 218, loss: -0.1650361716747284, labeled_loss: 0.011042879894375801, unnlabeled_loss: 0.04752717912197113, mixup_loss: -1.9984263181686401, energy_loss: 0.0
2026-09-02 01:03:26,455 INFO Best AUROC test all: 0.6446549874423124, AUPR test all: 0.2669653479932728, AUROC test unknown: 0.5795390671185884, AUPR test unknown: 0.14205733362732137
2026-09-02 01:03:28,623 INFO Epoch: 219, loss: -0.17675457894802094, labeled_loss: 0.013362006284296513, unnlabeled_loss: 0.019534489139914513, mixup_loss: -1.9988383054733276, energy_loss: 0.0
2026-09-02 01:03:28,623 INFO Best AUROC test all: 0.6446549874423124, AUPR test all: 0.2669653479932728, AUROC test unknown: 0.5795390671185884, AUPR test unknown: 0.14205733362732137
2026-09-02 01:03:29,594 INFO [OUTPOST-v4] epoch 134 cur={'auroc_all': 0.878459556686473, 'aupr_all': 0.6572272420761753, 'auroc_unknown': 0.8641852230326228, 'aupr_unknown': 0.570269428496013, 'val_auc': 1.0} best={'auroc_all': 0.8785858858490787, 'aupr_all': 0.659151310773452, 'auroc_unknown': 0.8643809962609059, 'aupr_unknown': 0.5720542124585399}
2026-09-02 01:03:30,758 INFO Epoch: 220, loss: -0.16723546385765076, labeled_loss: 0.009593906812369823, unnlabeled_loss: 0.04610268771648407, mixup_loss: -1.9988071918487549, energy_loss: 0.0
2026-09-02 01:03:30,759 INFO Best AUROC test all: 0.6446549874423124, AUPR test all: 0.2669653479932728, AUROC test unknown: 0.5795390671185884, AUPR test unknown: 0.14205733362732137
2026-09-02 01:03:32,908 INFO Epoch: 221, loss: -0.16798049211502075, labeled_loss: 0.011139044538140297, unnlabeled_loss: 0.04148479178547859, mixup_loss: -1.9986191987991333, energy_loss: 0.0
2026-09-02 01:03:32,908 INFO Best AUROC test all: 0.6446549874423124, AUPR test all: 0.2669653479932728, AUROC test unknown: 0.5795390671185884, AUPR test unknown: 0.14205733362732137
2026-09-02 01:03:33,214 INFO [OUTPOST-v4] epoch 135 cur={'auroc_all': 0.878492331627171, 'aupr_all': 0.6559343602388417, 'auroc_unknown': 0.8642371434889439, 'aupr_unknown': 0.568025789833877, 'val_auc': 1.0} best={'auroc_all': 0.8785858858490787, 'aupr_all': 0.659151310773452, 'auroc_unknown': 0.8643809962609059, 'aupr_unknown': 0.5720542124585399}
2026-09-02 01:03:35,114 INFO Epoch: 222, loss: -0.16662262380123138, labeled_loss: 0.011035740375518799, unnlabeled_loss: 0.044393058866262436, mixup_loss: -1.998548984527588, energy_loss: 0.0
2026-09-02 01:03:35,114 INFO Best AUROC test all: 0.6446549874423124, AUPR test all: 0.2669653479932728, AUROC test unknown: 0.5795390671185884, AUPR test unknown: 0.14205733362732137
2026-09-02 01:03:36,839 INFO [OUTPOST-v4] epoch 136 cur={'auroc_all': 0.8782980214119215, 'aupr_all': 0.6580899766691035, 'auroc_unknown': 0.8639988688886054, 'aupr_unknown': 0.5697011649931416, 'val_auc': 0.9997126436781609} best={'auroc_all': 0.8785858858490787, 'aupr_all': 0.659151310773452, 'auroc_unknown': 0.8643809962609059, 'aupr_unknown': 0.5720542124585399}
2026-09-02 01:03:37,306 INFO Epoch: 223, loss: -0.15482574701309204, labeled_loss: 0.013728008605539799, unnlabeled_loss: 0.06265316903591156, mixup_loss: -1.9988032579421997, energy_loss: 0.0
2026-09-02 01:03:37,307 INFO Best AUROC test all: 0.6446549874423124, AUPR test all: 0.2669653479932728, AUROC test unknown: 0.5795390671185884, AUPR test unknown: 0.14205733362732137
2026-09-02 01:03:39,492 INFO Epoch: 224, loss: -0.17152373492717743, labeled_loss: 0.015120579861104488, unnlabeled_loss: 0.026407696306705475, mixup_loss: -1.9984815120697021, energy_loss: 0.0
2026-09-02 01:03:39,493 INFO Best AUROC test all: 0.6446549874423124, AUPR test all: 0.2669653479932728, AUROC test unknown: 0.5795390671185884, AUPR test unknown: 0.14205733362732137
2026-09-02 01:03:40,488 INFO [OUTPOST-v4] epoch 137 cur={'auroc_all': 0.8796944540671936, 'aupr_all': 0.6573488600240459, 'auroc_unknown': 0.8655789908531709, 'aupr_unknown': 0.5699347172258883, 'val_auc': 1.0} best={'auroc_all': 0.8796944540671936, 'aupr_all': 0.659151310773452, 'auroc_unknown': 0.8655789908531709, 'aupr_unknown': 0.5720542124585399}
2026-09-02 01:03:41,675 INFO Epoch: 225, loss: -0.17870469391345978, labeled_loss: 0.011190410703420639, unnlabeled_loss: 0.019925415515899658, mixup_loss: -1.9985781908035278, energy_loss: 0.0
2026-09-02 01:03:41,675 INFO Best AUROC test all: 0.6446549874423124, AUPR test all: 0.2669653479932728, AUROC test unknown: 0.5795390671185884, AUPR test unknown: 0.14205733362732137
2026-09-02 01:03:43,824 INFO Epoch: 226, loss: -0.17590978741645813, labeled_loss: 0.014902649447321892, unnlabeled_loss: 0.018075546249747276, mixup_loss: -1.9985021352767944, energy_loss: 0.0
2026-09-02 01:03:43,824 INFO Best AUROC test all: 0.6446549874423124, AUPR test all: 0.2669653479932728, AUROC test unknown: 0.5795390671185884, AUPR test unknown: 0.14205733362732137
2026-09-02 01:03:44,167 INFO [OUTPOST-v4] epoch 138 cur={'auroc_all': 0.8787845996952687, 'aupr_all': 0.6573191942583624, 'auroc_unknown': 0.8645450474506259, 'aupr_unknown': 0.5712821457157911, 'val_auc': 1.0} best={'auroc_all': 0.8796944540671936, 'aupr_all': 0.659151310773452, 'auroc_unknown': 0.8655789908531709, 'aupr_unknown': 0.5720542124585399}
2026-09-02 01:03:45,973 INFO Epoch: 227, loss: -0.1669909805059433, labeled_loss: 0.013215008191764355, unnlabeled_loss: 0.0393243171274662, mixup_loss: -1.9986814260482788, energy_loss: 0.0
2026-09-02 01:03:45,973 INFO Best AUROC test all: 0.6446549874423124, AUPR test all: 0.2669653479932728, AUROC test unknown: 0.5795390671185884, AUPR test unknown: 0.14205733362732137
2026-09-02 01:03:47,793 INFO [OUTPOST-v4] epoch 139 cur={'auroc_all': 0.8744184684244983, 'aupr_all': 0.6495871958169334, 'auroc_unknown': 0.8596614704119615, 'aupr_unknown': 0.5621083763592196, 'val_auc': 1.0} best={'auroc_all': 0.8796944540671936, 'aupr_all': 0.659151310773452, 'auroc_unknown': 0.8655789908531709, 'aupr_unknown': 0.5720542124585399}
2026-09-02 01:03:48,119 INFO Epoch: 228, loss: -0.17239907383918762, labeled_loss: 0.012950551696121693, unnlabeled_loss: 0.029009727761149406, mixup_loss: -1.9985449314117432, energy_loss: 0.0
2026-09-02 01:03:48,119 INFO Best AUROC test all: 0.6446549874423124, AUPR test all: 0.2669653479932728, AUROC test unknown: 0.5795390671185884, AUPR test unknown: 0.14205733362732137
2026-09-02 01:03:50,293 INFO Epoch: 229, loss: -0.17610947787761688, labeled_loss: 0.01246685441583395, unnlabeled_loss: 0.0225969385355711, mixup_loss: -1.9987480640411377, energy_loss: 0.0
2026-09-02 01:03:50,293 INFO Best AUROC test all: 0.6446549874423124, AUPR test all: 0.2669653479932728, AUROC test unknown: 0.5795390671185884, AUPR test unknown: 0.14205733362732137
2026-09-02 01:03:51,451 INFO [OUTPOST-v4] epoch 140 cur={'auroc_all': 0.8724435316899962, 'aupr_all': 0.6485637940226272, 'auroc_unknown': 0.8574571480429554, 'aupr_unknown': 0.5607178514044322, 'val_auc': 1.0} best={'auroc_all': 0.8796944540671936, 'aupr_all': 0.659151310773452, 'auroc_unknown': 0.8655789908531709, 'aupr_unknown': 0.5720542124585399}
2026-09-02 01:03:52,457 INFO Epoch: 230, loss: -0.17025801539421082, labeled_loss: 0.009451044723391533, unnlabeled_loss: 0.040357187390327454, mixup_loss: -1.9988764524459839, energy_loss: 0.0
2026-09-02 01:03:52,457 INFO Best AUROC test all: 0.6446549874423124, AUPR test all: 0.2669653479932728, AUROC test unknown: 0.5795390671185884, AUPR test unknown: 0.14205733362732137
2026-09-02 01:03:54,650 INFO Epoch: 231, loss: -0.16078370809555054, labeled_loss: 0.00971546582877636, unnlabeled_loss: 0.058823976665735245, mixup_loss: -1.999111533164978, energy_loss: 0.0
2026-09-02 01:03:54,651 INFO Best AUROC test all: 0.6446549874423124, AUPR test all: 0.2669653479932728, AUROC test unknown: 0.5795390671185884, AUPR test unknown: 0.14205733362732137
2026-09-02 01:03:55,210 INFO [OUTPOST-v4] epoch 141 cur={'auroc_all': 0.8679784792721091, 'aupr_all': 0.64191936709912, 'auroc_unknown': 0.8524852061347343, 'aupr_unknown': 0.5543457933787858, 'val_auc': 1.0} best={'auroc_all': 0.8796944540671936, 'aupr_all': 0.659151310773452, 'auroc_unknown': 0.8655789908531709, 'aupr_unknown': 0.5720542124585399}
2026-09-02 01:03:56,776 INFO Epoch: 232, loss: -0.18060597777366638, labeled_loss: 0.009019388817250729, unnlabeled_loss: 0.02041696012020111, mixup_loss: -1.9983384609222412, energy_loss: 0.0
2026-09-02 01:03:56,776 INFO Best AUROC test all: 0.6446549874423124, AUPR test all: 0.2669653479932728, AUROC test unknown: 0.5795390671185884, AUPR test unknown: 0.14205733362732137
2026-09-02 01:03:58,892 INFO [OUTPOST-v4] epoch 142 cur={'auroc_all': 0.8704540537991591, 'aupr_all': 0.6453730940901233, 'auroc_unknown': 0.855249489213583, 'aupr_unknown': 0.558092072303326, 'val_auc': 1.0} best={'auroc_all': 0.8796944540671936, 'aupr_all': 0.659151310773452, 'auroc_unknown': 0.8655789908531709, 'aupr_unknown': 0.5720542124585399}
2026-09-02 01:03:58,983 INFO Epoch: 233, loss: -0.1834176778793335, labeled_loss: 0.007979742251336575, unnlabeled_loss: 0.017011156305670738, mixup_loss: -1.9990299940109253, energy_loss: 0.0
2026-09-02 01:03:58,983 INFO Best AUROC test all: 0.6446549874423124, AUPR test all: 0.2669653479932728, AUROC test unknown: 0.5795390671185884, AUPR test unknown: 0.14205733362732137
2026-09-02 01:04:01,130 INFO Epoch: 234, loss: -0.16352924704551697, labeled_loss: 0.014006051234900951, unnlabeled_loss: 0.04466172680258751, mixup_loss: -1.9986616373062134, energy_loss: 0.0
2026-09-02 01:04:01,130 INFO Best AUROC test all: 0.6446549874423124, AUPR test all: 0.2669653479932728, AUROC test unknown: 0.5795390671185884, AUPR test unknown: 0.14205733362732137
2026-09-02 01:04:02,435 INFO [OUTPOST-v4] epoch 143 cur={'auroc_all': 0.8769005795912256, 'aupr_all': 0.6537616713791996, 'auroc_unknown': 0.8624514442356332, 'aupr_unknown': 0.5695702259328924, 'val_auc': 1.0} best={'auroc_all': 0.8796944540671936, 'aupr_all': 0.659151310773452, 'auroc_unknown': 0.8655789908531709, 'aupr_unknown': 0.5720542124585399}
2026-09-02 01:04:03,302 INFO Epoch: 235, loss: -0.17351675033569336, labeled_loss: 0.008138866163790226, unnlabeled_loss: 0.03632017597556114, mixup_loss: -1.998157024383545, energy_loss: 0.0
2026-09-02 01:04:03,302 INFO Best AUROC test all: 0.6446549874423124, AUPR test all: 0.2669653479932728, AUROC test unknown: 0.5795390671185884, AUPR test unknown: 0.14205733362732137
2026-09-02 01:04:05,549 INFO Epoch: 236, loss: -0.1833753138780594, labeled_loss: 0.0107530876994133, unnlabeled_loss: 0.011449907906353474, mixup_loss: -1.9985336065292358, energy_loss: 0.0
2026-09-02 01:04:05,549 INFO Best AUROC test all: 0.6446549874423124, AUPR test all: 0.2669653479932728, AUROC test unknown: 0.5795390671185884, AUPR test unknown: 0.14205733362732137
2026-09-02 01:04:05,952 INFO [OUTPOST-v4] epoch 144 cur={'auroc_all': 0.8811453128486209, 'aupr_all': 0.663153475833273, 'auroc_unknown': 0.8672087234168804, 'aupr_unknown': 0.5783307792992621, 'val_auc': 1.0} best={'auroc_all': 0.8811453128486209, 'aupr_all': 0.663153475833273, 'auroc_unknown': 0.8672087234168804, 'aupr_unknown': 0.5783307792992621}
2026-09-02 01:04:07,706 INFO Epoch: 237, loss: -0.17582909762859344, labeled_loss: 0.010015441104769707, unnlabeled_loss: 0.028029434382915497, mixup_loss: -1.9985926151275635, energy_loss: 0.0
2026-09-02 01:04:07,706 INFO Best AUROC test all: 0.6446549874423124, AUPR test all: 0.2669653479932728, AUROC test unknown: 0.5795390671185884, AUPR test unknown: 0.14205733362732137
2026-09-02 01:04:09,588 INFO [OUTPOST-v4] epoch 145 cur={'auroc_all': 0.8832187578898388, 'aupr_all': 0.6671184406111309, 'auroc_unknown': 0.8695397542845797, 'aupr_unknown': 0.5820621613299491, 'val_auc': 1.0} best={'auroc_all': 0.8832187578898388, 'aupr_all': 0.6671184406111309, 'auroc_unknown': 0.8695397542845797, 'aupr_unknown': 0.5820621613299491}
2026-09-02 01:04:09,867 INFO Epoch: 238, loss: -0.16732002794742584, labeled_loss: 0.011607763357460499, unnlabeled_loss: 0.0419129841029644, mixup_loss: -1.9988428354263306, energy_loss: 0.0
2026-09-02 01:04:09,867 INFO Best AUROC test all: 0.6446549874423124, AUPR test all: 0.2669653479932728, AUROC test unknown: 0.5795390671185884, AUPR test unknown: 0.14205733362732137
2026-09-02 01:04:12,024 INFO Epoch: 239, loss: -0.16050095856189728, labeled_loss: 0.01022594328969717, unnlabeled_loss: 0.058333348482847214, mixup_loss: -1.9989358186721802, energy_loss: 0.0
2026-09-02 01:04:12,024 INFO Best AUROC test all: 0.6446549874423124, AUPR test all: 0.2669653479932728, AUROC test unknown: 0.5795390671185884, AUPR test unknown: 0.14205733362732137
2026-09-02 01:04:13,233 INFO [OUTPOST-v4] epoch 146 cur={'auroc_all': 0.8827736241956035, 'aupr_all': 0.667341804232942, 'auroc_unknown': 0.8690608695616466, 'aupr_unknown': 0.5842042590359976, 'val_auc': 1.0} best={'auroc_all': 0.8832187578898388, 'aupr_all': 0.667341804232942, 'auroc_unknown': 0.8695397542845797, 'aupr_unknown': 0.5842042590359976}
2026-09-02 01:04:14,196 INFO Epoch: 240, loss: -0.16973088681697845, labeled_loss: 0.006481819320470095, unnlabeled_loss: 0.0473572202026844, mixup_loss: -1.9989131689071655, energy_loss: 0.0
2026-09-02 01:04:14,197 INFO Best AUROC test all: 0.6446549874423124, AUPR test all: 0.2669653479932728, AUROC test unknown: 0.5795390671185884, AUPR test unknown: 0.14205733362732137
2026-09-02 01:04:16,328 INFO Epoch: 241, loss: -0.14531512558460236, labeled_loss: 0.01136887539178133, unnlabeled_loss: 0.08642317354679108, mixup_loss: -1.9989558458328247, energy_loss: 0.0
2026-09-02 01:04:16,328 INFO Best AUROC test all: 0.6446549874423124, AUPR test all: 0.2669653479932728, AUROC test unknown: 0.5795390671185884, AUPR test unknown: 0.14205733362732137
2026-09-02 01:04:16,817 INFO [OUTPOST-v4] epoch 147 cur={'auroc_all': 0.8830652730031001, 'aupr_all': 0.6699908794253021, 'auroc_unknown': 0.8693956191967406, 'aupr_unknown': 0.5872782322338456, 'val_auc': 1.0} best={'auroc_all': 0.8832187578898388, 'aupr_all': 0.6699908794253021, 'auroc_unknown': 0.8695397542845797, 'aupr_unknown': 0.5872782322338456}
2026-09-02 01:04:18,479 INFO Epoch: 242, loss: -0.17385898530483246, labeled_loss: 0.011550899595022202, unnlabeled_loss: 0.028893684968352318, mixup_loss: -1.9985672235488892, energy_loss: 0.0
2026-09-02 01:04:18,479 INFO Best AUROC test all: 0.6446549874423124, AUPR test all: 0.2669653479932728, AUROC test unknown: 0.5795390671185884, AUPR test unknown: 0.14205733362732137
2026-09-02 01:04:20,509 INFO [OUTPOST-v4] epoch 148 cur={'auroc_all': 0.8762853097807579, 'aupr_all': 0.6650177272974266, 'auroc_unknown': 0.8617978573148863, 'aupr_unknown': 0.5830427912953648, 'val_auc': 1.0} best={'auroc_all': 0.8832187578898388, 'aupr_all': 0.6699908794253021, 'auroc_unknown': 0.8695397542845797, 'aupr_unknown': 0.5872782322338456}
2026-09-02 01:04:20,629 INFO Epoch: 243, loss: -0.17623266577720642, labeled_loss: 0.008363202214241028, unnlabeled_loss: 0.03059208020567894, mixup_loss: -1.9989190101623535, energy_loss: 0.0
2026-09-02 01:04:20,629 INFO Best AUROC test all: 0.6446549874423124, AUPR test all: 0.2669653479932728, AUROC test unknown: 0.5795390671185884, AUPR test unknown: 0.14205733362732137
2026-09-02 01:04:22,833 INFO Epoch: 244, loss: -0.1710619330406189, labeled_loss: 0.010354234836995602, unnlabeled_loss: 0.0369686484336853, mixup_loss: -1.99900484085083, energy_loss: 0.0
2026-09-02 01:04:22,833 INFO Best AUROC test all: 0.6446549874423124, AUPR test all: 0.2669653479932728, AUROC test unknown: 0.5795390671185884, AUPR test unknown: 0.14205733362732137
2026-09-02 01:04:24,057 INFO [OUTPOST-v4] epoch 149 cur={'auroc_all': 0.8743845008337542, 'aupr_all': 0.6638218344636593, 'auroc_unknown': 0.859656927692847, 'aupr_unknown': 0.5833932196531091, 'val_auc': 1.0} best={'auroc_all': 0.8832187578898388, 'aupr_all': 0.6699908794253021, 'auroc_unknown': 0.8695397542845797, 'aupr_unknown': 0.5872782322338456}
2026-09-02 01:04:24,974 INFO Epoch: 245, loss: -0.16197404265403748, labeled_loss: 0.008604426868259907, unnlabeled_loss: 0.05866483971476555, mixup_loss: -1.999108910560608, energy_loss: 0.0
2026-09-02 01:04:24,974 INFO Best AUROC test all: 0.6446549874423124, AUPR test all: 0.2669653479932728, AUROC test unknown: 0.5795390671185884, AUPR test unknown: 0.14205733362732137
2026-09-02 01:04:27,129 INFO Epoch: 246, loss: -0.17147573828697205, labeled_loss: 0.013413644395768642, unnlabeled_loss: 0.02998584322631359, mixup_loss: -1.9988229274749756, energy_loss: 0.0
2026-09-02 01:04:27,130 INFO Best AUROC test all: 0.6446549874423124, AUPR test all: 0.2669653479932728, AUROC test unknown: 0.5795390671185884, AUPR test unknown: 0.14205733362732137
2026-09-02 01:04:27,750 INFO [OUTPOST-v4] epoch 150 cur={'auroc_all': 0.8720549341950751, 'aupr_all': 0.6580821113963685, 'auroc_unknown': 0.8570589543307359, 'aupr_unknown': 0.5770538208819185, 'val_auc': 1.0} best={'auroc_all': 0.8832187578898388, 'aupr_all': 0.6699908794253021, 'auroc_unknown': 0.8695397542845797, 'aupr_unknown': 0.5872782322338456}
2026-09-02 01:04:29,272 INFO Epoch: 247, loss: -0.16995769739151, labeled_loss: 0.017601538449525833, unnlabeled_loss: 0.0245636235922575, mixup_loss: -1.9984104633331299, energy_loss: 0.0
2026-09-02 01:04:29,272 INFO Best AUROC test all: 0.6446549874423124, AUPR test all: 0.2669653479932728, AUROC test unknown: 0.5795390671185884, AUPR test unknown: 0.14205733362732137
2026-09-02 01:04:31,401 INFO Epoch: 248, loss: -0.18224704265594482, labeled_loss: 0.013125954195857048, unnlabeled_loss: 0.009037542156875134, mixup_loss: -1.9989176988601685, energy_loss: 0.0
2026-09-02 01:04:31,401 INFO Best AUROC test all: 0.6446549874423124, AUPR test all: 0.2669653479932728, AUROC test unknown: 0.5795390671185884, AUPR test unknown: 0.14205733362732137
2026-09-02 01:04:31,449 INFO [OUTPOST-v4] epoch 151 cur={'auroc_all': 0.8752738507991122, 'aupr_all': 0.663601468503096, 'auroc_unknown': 0.8606538107202422, 'aupr_unknown': 0.5833683226614849, 'val_auc': 1.0} best={'auroc_all': 0.8832187578898388, 'aupr_all': 0.6699908794253021, 'auroc_unknown': 0.8695397542845797, 'aupr_unknown': 0.5872782322338456}
2026-09-02 01:04:33,535 INFO Epoch: 249, loss: -0.17031922936439514, labeled_loss: 0.019335633143782616, unnlabeled_loss: 0.02040829323232174, mixup_loss: -1.998590111732483, energy_loss: 0.0
2026-09-02 01:04:33,536 INFO Best AUROC test all: 0.6446549874423124, AUPR test all: 0.2669653479932728, AUROC test unknown: 0.5795390671185884, AUPR test unknown: 0.14205733362732137
2026-09-02 01:04:35,122 INFO [OUTPOST-v4] epoch 152 cur={'auroc_all': 0.8798154163045903, 'aupr_all': 0.6678423059632892, 'auroc_unknown': 0.8657417074587445, 'aupr_unknown': 0.5859303001858567, 'val_auc': 0.9997126436781609} best={'auroc_all': 0.8832187578898388, 'aupr_all': 0.6699908794253021, 'auroc_unknown': 0.8695397542845797, 'aupr_unknown': 0.5872782322338456}
2026-09-02 01:04:35,647 INFO Epoch: 250, loss: -0.1631954461336136, labeled_loss: 0.007484612055122852, unnlabeled_loss: 0.058396998792886734, mixup_loss: -1.9987854957580566, energy_loss: 0.0
2026-09-02 01:04:35,648 INFO Best AUROC test all: 0.6446549874423124, AUPR test all: 0.2669653479932728, AUROC test unknown: 0.5795390671185884, AUPR test unknown: 0.14205733362732137
2026-09-02 01:04:37,802 INFO Epoch: 251, loss: -0.1614398956298828, labeled_loss: 0.020142868161201477, unnlabeled_loss: 0.03662098944187164, mixup_loss: -1.9989326000213623, energy_loss: 0.0
2026-09-02 01:04:37,802 INFO Best AUROC test all: 0.6446549874423124, AUPR test all: 0.2669653479932728, AUROC test unknown: 0.5795390671185884, AUPR test unknown: 0.14205733362732137
2026-09-02 01:04:38,784 INFO [OUTPOST-v4] epoch 153 cur={'auroc_all': 0.8805037818015546, 'aupr_all': 0.668378412458115, 'auroc_unknown': 0.8665008035223167, 'aupr_unknown': 0.5878472267320608, 'val_auc': 1.0} best={'auroc_all': 0.8832187578898388, 'aupr_all': 0.6699908794253021, 'auroc_unknown': 0.8695397542845797, 'aupr_unknown': 0.5878472267320608}
2026-09-02 01:04:39,979 INFO Epoch: 252, loss: -0.1552123725414276, labeled_loss: 0.01461645495146513, unnlabeled_loss: 0.06009626016020775, mixup_loss: -1.9987695217132568, energy_loss: 0.0
2026-09-02 01:04:39,979 INFO Best AUROC test all: 0.6446549874423124, AUPR test all: 0.2669653479932728, AUROC test unknown: 0.5795390671185884, AUPR test unknown: 0.14205733362732137
2026-09-02 01:04:42,143 INFO Epoch: 253, loss: -0.1552388072013855, labeled_loss: 0.014179877936840057, unnlabeled_loss: 0.060948193073272705, mixup_loss: -1.9989277124404907, energy_loss: 0.0
2026-09-02 01:04:42,143 INFO Best AUROC test all: 0.6446549874423124, AUPR test all: 0.2669653479932728, AUROC test unknown: 0.5795390671185884, AUPR test unknown: 0.14205733362732137
2026-09-02 01:04:42,279 INFO [OUTPOST-v4] epoch 154 cur={'auroc_all': 0.8828720636955858, 'aupr_all': 0.6740243330564691, 'auroc_unknown': 0.8691492344312035, 'aupr_unknown': 0.5925718445627335, 'val_auc': 1.0} best={'auroc_all': 0.8832187578898388, 'aupr_all': 0.6740243330564691, 'auroc_unknown': 0.8695397542845797, 'aupr_unknown': 0.5925718445627335}
2026-09-02 01:04:44,289 INFO Epoch: 254, loss: -0.16714909672737122, labeled_loss: 0.01303822174668312, unnlabeled_loss: 0.0394173189997673, mixup_loss: -1.9989597797393799, energy_loss: 0.0
2026-09-02 01:04:44,289 INFO Best AUROC test all: 0.6446549874423124, AUPR test all: 0.2669653479932728, AUROC test unknown: 0.5795390671185884, AUPR test unknown: 0.14205733362732137
2026-09-02 01:04:45,958 INFO [OUTPOST-v4] epoch 155 cur={'auroc_all': 0.8800762167599259, 'aupr_all': 0.6726234696266129, 'auroc_unknown': 0.8660194036215686, 'aupr_unknown': 0.5911176701804096, 'val_auc': 1.0} best={'auroc_all': 0.8832187578898388, 'aupr_all': 0.6740243330564691, 'auroc_unknown': 0.8695397542845797, 'aupr_unknown': 0.5925718445627335}
2026-09-02 01:04:46,462 INFO Epoch: 255, loss: -0.17212873697280884, labeled_loss: 0.008876337669789791, unnlabeled_loss: 0.03778021037578583, mixup_loss: -1.9989519119262695, energy_loss: 0.0
2026-09-02 01:04:46,462 INFO Best AUROC test all: 0.6446549874423124, AUPR test all: 0.2669653479932728, AUROC test unknown: 0.5795390671185884, AUPR test unknown: 0.14205733362732137
2026-09-02 01:04:48,665 INFO Epoch: 256, loss: -0.1641208976507187, labeled_loss: 0.007695131469517946, unnlabeled_loss: 0.05605517327785492, mixup_loss: -1.9984360933303833, energy_loss: 0.0
2026-09-02 01:04:48,665 INFO Best AUROC test all: 0.6446549874423124, AUPR test all: 0.2669653479932728, AUROC test unknown: 0.5795390671185884, AUPR test unknown: 0.14205733362732137
2026-09-02 01:04:49,626 INFO [OUTPOST-v4] epoch 156 cur={'auroc_all': 0.8777815121995257, 'aupr_all': 0.6729743515483991, 'auroc_unknown': 0.8634661131632909, 'aupr_unknown': 0.5927413175777385, 'val_auc': 1.0} best={'auroc_all': 0.8832187578898388, 'aupr_all': 0.6740243330564691, 'auroc_unknown': 0.8695397542845797, 'aupr_unknown': 0.5927413175777385}
2026-09-02 01:04:50,848 INFO Epoch: 257, loss: -0.17305567860603333, labeled_loss: 0.007706531789153814, unnlabeled_loss: 0.038176942616701126, mixup_loss: -1.998506784439087, energy_loss: 0.0
2026-09-02 01:04:50,849 INFO Best AUROC test all: 0.6446549874423124, AUPR test all: 0.2669653479932728, AUROC test unknown: 0.5795390671185884, AUPR test unknown: 0.14205733362732137
2026-09-02 01:04:52,992 INFO Epoch: 258, loss: -0.17278093099594116, labeled_loss: 0.009068984538316727, unnlabeled_loss: 0.03597657382488251, mixup_loss: -1.9983820915222168, energy_loss: 0.0
2026-09-02 01:04:52,992 INFO Best AUROC test all: 0.6446549874423124, AUPR test all: 0.2669653479932728, AUROC test unknown: 0.5795390671185884, AUPR test unknown: 0.14205733362732137
2026-09-02 01:04:53,325 INFO [OUTPOST-v4] epoch 157 cur={'auroc_all': 0.8716734467292764, 'aupr_all': 0.6679228631984967, 'auroc_unknown': 0.856615564413088, 'aupr_unknown': 0.588226162042144, 'val_auc': 0.9994252873563219} best={'auroc_all': 0.8832187578898388, 'aupr_all': 0.6740243330564691, 'auroc_unknown': 0.8695397542845797, 'aupr_unknown': 0.5927413175777385}
2026-09-02 01:04:55,141 INFO Epoch: 259, loss: -0.168917715549469, labeled_loss: 0.00873476080596447, unnlabeled_loss: 0.044450562447309494, mixup_loss: -1.9987775087356567, energy_loss: 0.0
2026-09-02 01:04:55,142 INFO Best AUROC test all: 0.6446549874423124, AUPR test all: 0.2669653479932728, AUROC test unknown: 0.5795390671185884, AUPR test unknown: 0.14205733362732137
2026-09-02 01:04:56,995 INFO [OUTPOST-v4] epoch 158 cur={'auroc_all': 0.8646179125394859, 'aupr_all': 0.6640759601693191, 'auroc_unknown': 0.8487327661556029, 'aupr_unknown': 0.5856820076340539, 'val_auc': 1.0} best={'auroc_all': 0.8832187578898388, 'aupr_all': 0.6740243330564691, 'auroc_unknown': 0.8695397542845797, 'aupr_unknown': 0.5927413175777385}
2026-09-02 01:04:57,298 INFO Epoch: 260, loss: -0.16373974084854126, labeled_loss: 0.01598329283297062, unnlabeled_loss: 0.04033171385526657, mixup_loss: -1.9988888502120972, energy_loss: 0.0
2026-09-02 01:04:57,298 INFO Best AUROC test all: 0.6446549874423124, AUPR test all: 0.2669653479932728, AUROC test unknown: 0.5795390671185884, AUPR test unknown: 0.14205733362732137
2026-09-02 01:04:59,426 INFO Epoch: 261, loss: -0.17678488790988922, labeled_loss: 0.009893118403851986, unnlabeled_loss: 0.026465922594070435, mixup_loss: -1.9991096258163452, energy_loss: 0.0
2026-09-02 01:04:59,426 INFO Best AUROC test all: 0.6446549874423124, AUPR test all: 0.2669653479932728, AUROC test unknown: 0.5795390671185884, AUPR test unknown: 0.14205733362732137
2026-09-02 01:05:00,609 INFO [OUTPOST-v4] epoch 159 cur={'auroc_all': 0.8588056013451625, 'aupr_all': 0.6596468634579028, 'auroc_unknown': 0.8422093445118102, 'aupr_unknown': 0.57982879624121, 'val_auc': 1.0} best={'auroc_all': 0.8832187578898388, 'aupr_all': 0.6740243330564691, 'auroc_unknown': 0.8695397542845797, 'aupr_unknown': 0.5927413175777385}
2026-09-02 01:05:01,575 INFO Epoch: 262, loss: -0.1805715411901474, labeled_loss: 0.006349043920636177, unnlabeled_loss: 0.025842059403657913, mixup_loss: -1.9984161853790283, energy_loss: 0.0
2026-09-02 01:05:01,575 INFO Best AUROC test all: 0.6446549874423124, AUPR test all: 0.2669653479932728, AUROC test unknown: 0.5795390671185884, AUPR test unknown: 0.14205733362732137
2026-09-02 01:05:03,734 INFO Epoch: 263, loss: -0.1794259399175644, labeled_loss: 0.008306048810482025, unnlabeled_loss: 0.024232104420661926, mixup_loss: -1.9984803199768066, energy_loss: 0.0
2026-09-02 01:05:03,734 INFO Best AUROC test all: 0.6446549874423124, AUPR test all: 0.2669653479932728, AUROC test unknown: 0.5795390671185884, AUPR test unknown: 0.14205733362732137
2026-09-02 01:05:04,181 INFO [OUTPOST-v4] epoch 160 cur={'auroc_all': 0.8564185810840564, 'aupr_all': 0.6566562602898987, 'auroc_unknown': 0.839540047893092, 'aupr_unknown': 0.5755004009565517, 'val_auc': 1.0} best={'auroc_all': 0.8832187578898388, 'aupr_all': 0.6740243330564691, 'auroc_unknown': 0.8695397542845797, 'aupr_unknown': 0.5927413175777385}
2026-09-02 01:05:05,866 INFO Epoch: 264, loss: -0.1773666888475418, labeled_loss: 0.011776413768529892, unnlabeled_loss: 0.021448764950037003, mixup_loss: -1.9986748695373535, energy_loss: 0.0
2026-09-02 01:05:05,866 INFO Best AUROC test all: 0.6446549874423124, AUPR test all: 0.2669653479932728, AUROC test unknown: 0.5795390671185884, AUPR test unknown: 0.14205733362732137
2026-09-02 01:05:07,882 INFO [OUTPOST-v4] epoch 161 cur={'auroc_all': 0.8600098109227662, 'aupr_all': 0.6605692502991475, 'auroc_unknown': 0.8435527061157422, 'aupr_unknown': 0.5816260800090982, 'val_auc': 0.9997126436781609} best={'auroc_all': 0.8832187578898388, 'aupr_all': 0.6740243330564691, 'auroc_unknown': 0.8695397542845797, 'aupr_unknown': 0.5927413175777385}
2026-09-02 01:05:08,002 INFO Epoch: 265, loss: -0.17734697461128235, labeled_loss: 0.007930900901556015, unnlabeled_loss: 0.029215486720204353, mixup_loss: -1.9988561868667603, energy_loss: 0.0
2026-09-02 01:05:08,002 INFO Best AUROC test all: 0.6446549874423124, AUPR test all: 0.2669653479932728, AUROC test unknown: 0.5795390671185884, AUPR test unknown: 0.14205733362732137
2026-09-02 01:05:10,144 INFO Epoch: 266, loss: -0.16296707093715668, labeled_loss: 0.008272476494312286, unnlabeled_loss: 0.057316385209560394, mixup_loss: -1.9989773035049438, energy_loss: 0.0
2026-09-02 01:05:10,144 INFO Best AUROC test all: 0.6446549874423124, AUPR test all: 0.2669653479932728, AUROC test unknown: 0.5795390671185884, AUPR test unknown: 0.14205733362732137
2026-09-02 01:05:11,519 INFO [OUTPOST-v4] epoch 162 cur={'auroc_all': 0.8642686724960954, 'aupr_all': 0.6635387108875341, 'auroc_unknown': 0.848316401566925, 'aupr_unknown': 0.5841538207957904, 'val_auc': 1.0} best={'auroc_all': 0.8832187578898388, 'aupr_all': 0.6740243330564691, 'auroc_unknown': 0.8695397542845797, 'aupr_unknown': 0.5927413175777385}
2026-09-02 01:05:12,265 INFO Epoch: 267, loss: -0.17173339426517487, labeled_loss: 0.013168826699256897, unnlabeled_loss: 0.029911944642663002, mixup_loss: -1.998581886291504, energy_loss: 0.0
2026-09-02 01:05:12,265 INFO Best AUROC test all: 0.6446549874423124, AUPR test all: 0.2669653479932728, AUROC test unknown: 0.5795390671185884, AUPR test unknown: 0.14205733362732137
2026-09-02 01:05:14,411 INFO Epoch: 268, loss: -0.17044244706630707, labeled_loss: 0.008007735945284367, unnlabeled_loss: 0.04285280779004097, mixup_loss: -1.9987659454345703, energy_loss: 0.0
2026-09-02 01:05:14,411 INFO Best AUROC test all: 0.6446549874423124, AUPR test all: 0.2669653479932728, AUROC test unknown: 0.5795390671185884, AUPR test unknown: 0.14205733362732137
2026-09-02 01:05:15,171 INFO [OUTPOST-v4] epoch 163 cur={'auroc_all': 0.8715668650991699, 'aupr_all': 0.6679013383270033, 'auroc_unknown': 0.8564966324335568, 'aupr_unknown': 0.588244510000571, 'val_auc': 1.0} best={'auroc_all': 0.8832187578898388, 'aupr_all': 0.6740243330564691, 'auroc_unknown': 0.8695397542845797, 'aupr_unknown': 0.5927413175777385}
2026-09-02 01:05:16,569 INFO Epoch: 269, loss: -0.17850451171398163, labeled_loss: 0.014759954065084457, unnlabeled_loss: 0.013256499543786049, mixup_loss: -1.998927116394043, energy_loss: 0.0
2026-09-02 01:05:16,569 INFO Best AUROC test all: 0.6446549874423124, AUPR test all: 0.2669653479932728, AUROC test unknown: 0.5795390671185884, AUPR test unknown: 0.14205733362732137
2026-09-02 01:05:18,697 INFO Epoch: 270, loss: -0.1768575757741928, labeled_loss: 0.00902414321899414, unnlabeled_loss: 0.02803684026002884, mixup_loss: -1.9990012645721436, energy_loss: 0.0
2026-09-02 01:05:18,697 INFO Best AUROC test all: 0.6446549874423124, AUPR test all: 0.2669653479932728, AUROC test unknown: 0.5795390671185884, AUPR test unknown: 0.14205733362732137
2026-09-02 01:05:18,727 INFO [OUTPOST-v4] epoch 164 cur={'auroc_all': 0.8794906943938843, 'aupr_all': 0.6732950321000379, 'auroc_unknown': 0.8653789315565706, 'aupr_unknown': 0.5933664333954807, 'val_auc': 1.0} best={'auroc_all': 0.8832187578898388, 'aupr_all': 0.6740243330564691, 'auroc_unknown': 0.8695397542845797, 'aupr_unknown': 0.5933664333954807}
2026-09-02 01:05:20,835 INFO Epoch: 271, loss: -0.17920273542404175, labeled_loss: 0.0071481140330433846, unnlabeled_loss: 0.02707640267908573, mixup_loss: -1.9988905191421509, energy_loss: 0.0
2026-09-02 01:05:20,835 INFO Best AUROC test all: 0.6446549874423124, AUPR test all: 0.2669653479932728, AUROC test unknown: 0.5795390671185884, AUPR test unknown: 0.14205733362732137
2026-09-02 01:05:22,300 INFO [OUTPOST-v4] epoch 165 cur={'auroc_all': 0.8801227301117348, 'aupr_all': 0.6776000105275899, 'auroc_unknown': 0.8660874160828889, 'aupr_unknown': 0.5983565548751434, 'val_auc': 1.0} best={'auroc_all': 0.8832187578898388, 'aupr_all': 0.6776000105275899, 'auroc_unknown': 0.8695397542845797, 'aupr_unknown': 0.5983565548751434}
2026-09-02 01:05:22,976 INFO Epoch: 272, loss: -0.1466137021780014, labeled_loss: 0.00975230522453785, unnlabeled_loss: 0.08701580762863159, mixup_loss: -1.9987390041351318, energy_loss: 0.0
2026-09-02 01:05:22,976 INFO Best AUROC test all: 0.6446549874423124, AUPR test all: 0.2669653479932728, AUROC test unknown: 0.5795390671185884, AUPR test unknown: 0.14205733362732137
2026-09-02 01:05:25,115 INFO Epoch: 273, loss: -0.14372341334819794, labeled_loss: 0.01617087796330452, unnlabeled_loss: 0.0799545869231224, mixup_loss: -1.998715877532959, energy_loss: 0.0
2026-09-02 01:05:25,115 INFO Best AUROC test all: 0.6446549874423124, AUPR test all: 0.2669653479932728, AUROC test unknown: 0.5795390671185884, AUPR test unknown: 0.14205733362732137
2026-09-02 01:05:25,846 INFO [OUTPOST-v4] epoch 166 cur={'auroc_all': 0.8742161307570135, 'aupr_all': 0.6712100215987724, 'auroc_unknown': 0.8594725240948902, 'aupr_unknown': 0.5917409056402521, 'val_auc': 1.0} best={'auroc_all': 0.8832187578898388, 'aupr_all': 0.6776000105275899, 'auroc_unknown': 0.8695397542845797, 'aupr_unknown': 0.5983565548751434}
2026-09-02 01:05:27,264 INFO Epoch: 274, loss: -0.1720210462808609, labeled_loss: 0.009346169419586658, unnlabeled_loss: 0.03703887760639191, mixup_loss: -1.9988664388656616, energy_loss: 0.0
2026-09-02 01:05:27,264 INFO Best AUROC test all: 0.6446549874423124, AUPR test all: 0.2669653479932728, AUROC test unknown: 0.5795390671185884, AUPR test unknown: 0.14205733362732137
2026-09-02 01:05:29,352 INFO [OUTPOST-v4] epoch 167 cur={'auroc_all': 0.8611806033634932, 'aupr_all': 0.6596634030340993, 'auroc_unknown': 0.8448941171736136, 'aupr_unknown': 0.5793372329837737, 'val_auc': 1.0} best={'auroc_all': 0.8832187578898388, 'aupr_all': 0.6776000105275899, 'auroc_unknown': 0.8695397542845797, 'aupr_unknown': 0.5983565548751434}
2026-09-02 01:05:29,409 INFO Epoch: 275, loss: -0.1838638186454773, labeled_loss: 0.008587578311562538, unnlabeled_loss: 0.014837884344160557, mixup_loss: -1.9987032413482666, energy_loss: 0.0
2026-09-02 01:05:29,410 INFO Best AUROC test all: 0.6446549874423124, AUPR test all: 0.2669653479932728, AUROC test unknown: 0.5795390671185884, AUPR test unknown: 0.14205733362732137
2026-09-02 01:05:31,570 INFO Epoch: 276, loss: -0.18237274885177612, labeled_loss: 0.01191515289247036, unnlabeled_loss: 0.011241819709539413, mixup_loss: -1.9990880489349365, energy_loss: 0.0
2026-09-02 01:05:31,570 INFO Best AUROC test all: 0.6446549874423124, AUPR test all: 0.2669653479932728, AUROC test unknown: 0.5795390671185884, AUPR test unknown: 0.14205733362732137
2026-09-02 01:05:32,855 INFO [OUTPOST-v4] epoch 168 cur={'auroc_all': 0.8486951858038683, 'aupr_all': 0.650682548692504, 'auroc_unknown': 0.8309353422725833, 'aupr_unknown': 0.5694360712292718, 'val_auc': 1.0} best={'auroc_all': 0.8832187578898388, 'aupr_all': 0.6776000105275899, 'auroc_unknown': 0.8695397542845797, 'aupr_unknown': 0.5983565548751434}
2026-09-02 01:05:33,713 INFO Epoch: 277, loss: -0.18424077332019806, labeled_loss: 0.007787039037793875, unnlabeled_loss: 0.015725120902061462, mixup_loss: -1.998903751373291, energy_loss: 0.0
2026-09-02 01:05:33,713 INFO Best AUROC test all: 0.6446549874423124, AUPR test all: 0.2669653479932728, AUROC test unknown: 0.5795390671185884, AUPR test unknown: 0.14205733362732137
2026-09-02 01:05:35,834 INFO Epoch: 278, loss: -0.17851492762565613, labeled_loss: 0.006417370866984129, unnlabeled_loss: 0.029968200251460075, mixup_loss: -1.9991638660430908, energy_loss: 0.0
2026-09-02 01:05:35,835 INFO Best AUROC test all: 0.6446549874423124, AUPR test all: 0.2669653479932728, AUROC test unknown: 0.5795390671185884, AUPR test unknown: 0.14205733362732137
2026-09-02 01:05:36,500 INFO [OUTPOST-v4] epoch 169 cur={'auroc_all': 0.8595838284360064, 'aupr_all': 0.6578984522012195, 'auroc_unknown': 0.8431062620536047, 'aupr_unknown': 0.5778548237259362, 'val_auc': 1.0} best={'auroc_all': 0.8832187578898388, 'aupr_all': 0.6776000105275899, 'auroc_unknown': 0.8695397542845797, 'aupr_unknown': 0.5983565548751434}
2026-09-02 01:05:37,969 INFO Epoch: 279, loss: -0.18656213581562042, labeled_loss: 0.005391763057559729, unnlabeled_loss: 0.01578337885439396, mixup_loss: -1.9984557628631592, energy_loss: 0.0
2026-09-02 01:05:37,969 INFO Best AUROC test all: 0.6446549874423124, AUPR test all: 0.2669653479932728, AUROC test unknown: 0.5795390671185884, AUPR test unknown: 0.14205733362732137
2026-09-02 01:05:40,016 INFO [OUTPOST-v4] epoch 170 cur={'auroc_all': 0.8668055308870675, 'aupr_all': 0.665570358463333, 'auroc_unknown': 0.851172873612212, 'aupr_unknown': 0.5884584472981469, 'val_auc': 1.0} best={'auroc_all': 0.8832187578898388, 'aupr_all': 0.6776000105275899, 'auroc_unknown': 0.8695397542845797, 'aupr_unknown': 0.5983565548751434}
2026-09-02 01:05:40,099 INFO Epoch: 280, loss: -0.18385380506515503, labeled_loss: 0.006156033370643854, unnlabeled_loss: 0.01977533847093582, mixup_loss: -1.998975157737732, energy_loss: 0.0
2026-09-02 01:05:40,099 INFO Best AUROC test all: 0.6446549874423124, AUPR test all: 0.2669653479932728, AUROC test unknown: 0.5795390671185884, AUPR test unknown: 0.14205733362732137
2026-09-02 01:05:42,269 INFO Epoch: 281, loss: -0.16570235788822174, labeled_loss: 0.011684049852192402, unnlabeled_loss: 0.04495139420032501, mixup_loss: -1.9986211061477661, energy_loss: 0.0
2026-09-02 01:05:42,269 INFO Best AUROC test all: 0.6446549874423124, AUPR test all: 0.2669653479932728, AUROC test unknown: 0.5795390671185884, AUPR test unknown: 0.14205733362732137
2026-09-02 01:05:43,701 INFO [OUTPOST-v4] epoch 171 cur={'auroc_all': 0.8757539612495154, 'aupr_all': 0.671508855390737, 'auroc_unknown': 0.861176634059696, 'aupr_unknown': 0.59292544838124, 'val_auc': 1.0} best={'auroc_all': 0.8832187578898388, 'aupr_all': 0.6776000105275899, 'auroc_unknown': 0.8695397542845797, 'aupr_unknown': 0.5983565548751434}
2026-09-02 01:05:44,413 INFO Epoch: 282, loss: -0.18657667934894562, labeled_loss: 0.004416830837726593, unnlabeled_loss: 0.01783553883433342, mixup_loss: -1.9991127252578735, energy_loss: 0.0
2026-09-02 01:05:44,413 INFO Best AUROC test all: 0.6446549874423124, AUPR test all: 0.2669653479932728, AUROC test unknown: 0.5795390671185884, AUPR test unknown: 0.14205733362732137
2026-09-02 01:05:46,543 INFO Epoch: 283, loss: -0.18356089293956757, labeled_loss: 0.008102746680378914, unnlabeled_loss: 0.016445064917206764, mixup_loss: -1.9988616704940796, energy_loss: 0.0
2026-09-02 01:05:46,543 INFO Best AUROC test all: 0.6446549874423124, AUPR test all: 0.2669653479932728, AUROC test unknown: 0.5795390671185884, AUPR test unknown: 0.14205733362732137
2026-09-02 01:05:47,228 INFO [OUTPOST-v4] epoch 172 cur={'auroc_all': 0.8776478895231747, 'aupr_all': 0.674484760264294, 'auroc_unknown': 0.8633106854403645, 'aupr_unknown': 0.5978698139878457, 'val_auc': 1.0} best={'auroc_all': 0.8832187578898388, 'aupr_all': 0.6776000105275899, 'auroc_unknown': 0.8695397542845797, 'aupr_unknown': 0.5983565548751434}
2026-09-02 01:05:48,697 INFO Epoch: 284, loss: -0.16719280183315277, labeled_loss: 0.00797004159539938, unnlabeled_loss: 0.049371473491191864, mixup_loss: -1.9984856843948364, energy_loss: 0.0
2026-09-02 01:05:48,697 INFO Best AUROC test all: 0.6446549874423124, AUPR test all: 0.2669653479932728, AUROC test unknown: 0.5795390671185884, AUPR test unknown: 0.14205733362732137
2026-09-02 01:05:50,802 INFO [OUTPOST-v4] epoch 173 cur={'auroc_all': 0.8714867511258617, 'aupr_all': 0.6715177184284301, 'auroc_unknown': 0.8564037505099651, 'aupr_unknown': 0.5936870304712855, 'val_auc': 0.9997126436781609} best={'auroc_all': 0.8832187578898388, 'aupr_all': 0.6776000105275899, 'auroc_unknown': 0.8695397542845797, 'aupr_unknown': 0.5983565548751434}
2026-09-02 01:05:50,848 INFO Epoch: 285, loss: -0.16474425792694092, labeled_loss: 0.010181544348597527, unnlabeled_loss: 0.04990397393703461, mixup_loss: -1.9987777471542358, energy_loss: 0.0
2026-09-02 01:05:50,848 INFO Best AUROC test all: 0.6446549874423124, AUPR test all: 0.2669653479932728, AUROC test unknown: 0.5795390671185884, AUPR test unknown: 0.14205733362732137
2026-09-02 01:05:53,001 INFO Epoch: 286, loss: -0.17838045954704285, labeled_loss: 0.006158218719065189, unnlabeled_loss: 0.030677862465381622, mixup_loss: -1.9987759590148926, energy_loss: 0.0
2026-09-02 01:05:53,001 INFO Best AUROC test all: 0.6446549874423124, AUPR test all: 0.2669653479932728, AUROC test unknown: 0.5795390671185884, AUPR test unknown: 0.14205733362732137
2026-09-02 01:05:54,350 INFO [OUTPOST-v4] epoch 174 cur={'auroc_all': 0.8620233252991534, 'aupr_all': 0.6612242487844232, 'auroc_unknown': 0.8458566603243123, 'aupr_unknown': 0.5830998431386194, 'val_auc': 1.0} best={'auroc_all': 0.8832187578898388, 'aupr_all': 0.6776000105275899, 'auroc_unknown': 0.8695397542845797, 'aupr_unknown': 0.5983565548751434}
2026-09-02 01:05:55,152 INFO Epoch: 287, loss: -0.1673588752746582, labeled_loss: 0.007129528094083071, unnlabeled_loss: 0.050718702375888824, mixup_loss: -1.998477578163147, energy_loss: 0.0
2026-09-02 01:05:55,152 INFO Best AUROC test all: 0.6446549874423124, AUPR test all: 0.2669653479932728, AUROC test unknown: 0.5795390671185884, AUPR test unknown: 0.14205733362732137
2026-09-02 01:05:57,296 INFO Epoch: 288, loss: -0.17535322904586792, labeled_loss: 0.008363941684365273, unnlabeled_loss: 0.03225955739617348, mixup_loss: -1.9984694719314575, energy_loss: 0.0
2026-09-02 01:05:57,297 INFO Best AUROC test all: 0.6446549874423124, AUPR test all: 0.2669653479932728, AUROC test unknown: 0.5795390671185884, AUPR test unknown: 0.14205733362732137
2026-09-02 01:05:57,993 INFO [OUTPOST-v4] epoch 175 cur={'auroc_all': 0.8583301468170557, 'aupr_all': 0.6584011992115377, 'auroc_unknown': 0.8417197574506239, 'aupr_unknown': 0.5819975903297372, 'val_auc': 1.0} best={'auroc_all': 0.8832187578898388, 'aupr_all': 0.6776000105275899, 'auroc_unknown': 0.8695397542845797, 'aupr_unknown': 0.5983565548751434}
2026-09-02 01:05:59,492 INFO Epoch: 289, loss: -0.14699424803256989, labeled_loss: 0.01183764822781086, unnlabeled_loss: 0.08199518918991089, mixup_loss: -1.9982948303222656, energy_loss: 0.0
2026-09-02 01:05:59,493 INFO Best AUROC test all: 0.6446549874423124, AUPR test all: 0.2669653479932728, AUROC test unknown: 0.5795390671185884, AUPR test unknown: 0.14205733362732137
2026-09-02 01:06:01,522 INFO [OUTPOST-v4] epoch 176 cur={'auroc_all': 0.8559341128738682, 'aupr_all': 0.6587318956385656, 'auroc_unknown': 0.8390221009187893, 'aupr_unknown': 0.5808808905302565, 'val_auc': 1.0} best={'auroc_all': 0.8832187578898388, 'aupr_all': 0.6776000105275899, 'auroc_unknown': 0.8695397542845797, 'aupr_unknown': 0.5983565548751434}
2026-09-02 01:06:01,636 INFO Epoch: 290, loss: -0.16671088337898254, labeled_loss: 0.008947706781327724, unnlabeled_loss: 0.04839135333895683, mixup_loss: -1.9985426664352417, energy_loss: 0.0
2026-09-02 01:06:01,636 INFO Best AUROC test all: 0.6446549874423124, AUPR test all: 0.2669653479932728, AUROC test unknown: 0.5795390671185884, AUPR test unknown: 0.14205733362732137
2026-09-02 01:06:03,786 INFO Epoch: 291, loss: -0.15290343761444092, labeled_loss: 0.012532709166407585, unnlabeled_loss: 0.06891040503978729, mixup_loss: -1.9989135265350342, energy_loss: 0.0
2026-09-02 01:06:03,786 INFO Best AUROC test all: 0.6446549874423124, AUPR test all: 0.2669653479932728, AUROC test unknown: 0.5795390671185884, AUPR test unknown: 0.14205733362732137
2026-09-02 01:06:05,062 INFO [OUTPOST-v4] epoch 177 cur={'auroc_all': 0.8554689334846227, 'aupr_all': 0.6541051455928879, 'auroc_unknown': 0.8384955048126131, 'aupr_unknown': 0.57365732832686, 'val_auc': 1.0} best={'auroc_all': 0.8832187578898388, 'aupr_all': 0.6776000105275899, 'auroc_unknown': 0.8695397542845797, 'aupr_unknown': 0.5983565548751434}
2026-09-02 01:06:05,929 INFO Epoch: 292, loss: -0.1752886176109314, labeled_loss: 0.006298177409917116, unnlabeled_loss: 0.03652024641633034, mixup_loss: -1.9984692335128784, energy_loss: 0.0
2026-09-02 01:06:05,929 INFO Best AUROC test all: 0.6446549874423124, AUPR test all: 0.2669653479932728, AUROC test unknown: 0.5795390671185884, AUPR test unknown: 0.14205733362732137
2026-09-02 01:06:08,090 INFO Epoch: 293, loss: -0.1630803793668747, labeled_loss: 0.014383120462298393, unnlabeled_loss: 0.04481310024857521, mixup_loss: -1.998700499534607, energy_loss: 0.0
2026-09-02 01:06:08,090 INFO Best AUROC test all: 0.6446549874423124, AUPR test all: 0.2669653479932728, AUROC test unknown: 0.5795390671185884, AUPR test unknown: 0.14205733362732137
2026-09-02 01:06:08,652 INFO [OUTPOST-v4] epoch 178 cur={'auroc_all': 0.8586038141315453, 'aupr_all': 0.6600607599530397, 'auroc_unknown': 0.841991165668911, 'aupr_unknown': 0.5808384808196929, 'val_auc': 1.0} best={'auroc_all': 0.8832187578898388, 'aupr_all': 0.6776000105275899, 'auroc_unknown': 0.8695397542845797, 'aupr_unknown': 0.5983565548751434}
2026-09-02 01:06:10,230 INFO Epoch: 294, loss: -0.16178275644779205, labeled_loss: 0.011613380163908005, unnlabeled_loss: 0.0529651939868927, mixup_loss: -1.9987874031066895, energy_loss: 0.0
2026-09-02 01:06:10,230 INFO Best AUROC test all: 0.6446549874423124, AUPR test all: 0.2669653479932728, AUROC test unknown: 0.5795390671185884, AUPR test unknown: 0.14205733362732137
2026-09-02 01:06:12,305 INFO [OUTPOST-v4] epoch 179 cur={'auroc_all': 0.8669704606271358, 'aupr_all': 0.6666500342541658, 'auroc_unknown': 0.8513672352611094, 'aupr_unknown': 0.5883361231683941, 'val_auc': 1.0} best={'auroc_all': 0.8832187578898388, 'aupr_all': 0.6776000105275899, 'auroc_unknown': 0.8695397542845797, 'aupr_unknown': 0.5983565548751434}
2026-09-02 01:06:12,371 INFO Epoch: 295, loss: -0.16906605660915375, labeled_loss: 0.011512508615851402, unnlabeled_loss: 0.03860112279653549, mixup_loss: -1.998791217803955, energy_loss: 0.0
2026-09-02 01:06:12,386 INFO Best AUROC test all: 0.6446549874423124, AUPR test all: 0.2669653479932728, AUROC test unknown: 0.5795390671185884, AUPR test unknown: 0.14205733362732137
2026-09-02 01:06:14,504 INFO Epoch: 296, loss: -0.16544637084007263, labeled_loss: 0.011582553386688232, unnlabeled_loss: 0.045700471848249435, mixup_loss: -1.9987916946411133, energy_loss: 0.0
2026-09-02 01:06:14,504 INFO Best AUROC test all: 0.6446549874423124, AUPR test all: 0.2669653479932728, AUROC test unknown: 0.5795390671185884, AUPR test unknown: 0.14205733362732137
2026-09-02 01:06:15,979 INFO [OUTPOST-v4] epoch 180 cur={'auroc_all': 0.8773436032123019, 'aupr_all': 0.6760401971115293, 'auroc_unknown': 0.8629620253320496, 'aupr_unknown': 0.5972140608483094, 'val_auc': 1.0} best={'auroc_all': 0.8832187578898388, 'aupr_all': 0.6776000105275899, 'auroc_unknown': 0.8695397542845797, 'aupr_unknown': 0.5983565548751434}
2026-09-02 01:06:16,613 INFO Epoch: 297, loss: -0.17212635278701782, labeled_loss: 0.0084437420591712, unnlabeled_loss: 0.03870800882577896, mixup_loss: -1.9992409944534302, energy_loss: 0.0
2026-09-02 01:06:16,614 INFO Best AUROC test all: 0.6446549874423124, AUPR test all: 0.2669653479932728, AUROC test unknown: 0.5795390671185884, AUPR test unknown: 0.14205733362732137
2026-09-02 01:06:18,723 INFO Epoch: 298, loss: -0.14999832212924957, labeled_loss: 0.008911054581403732, unnlabeled_loss: 0.08197448402643204, mixup_loss: -1.9989662170410156, energy_loss: 0.0
2026-09-02 01:06:18,723 INFO Best AUROC test all: 0.6446549874423124, AUPR test all: 0.2669653479932728, AUROC test unknown: 0.5795390671185884, AUPR test unknown: 0.14205733362732137
2026-09-02 01:06:19,629 INFO [OUTPOST-v4] epoch 181 cur={'auroc_all': 0.8817189775209319, 'aupr_all': 0.6809335433309655, 'auroc_unknown': 0.8678562790438875, 'aupr_unknown': 0.6044193673509648, 'val_auc': 1.0} best={'auroc_all': 0.8832187578898388, 'aupr_all': 0.6809335433309655, 'auroc_unknown': 0.8695397542845797, 'aupr_unknown': 0.6044193673509648}
2026-09-02 01:06:20,854 INFO Epoch: 299, loss: -0.1389903575181961, labeled_loss: 0.006762795150279999, unnlabeled_loss: 0.10833808034658432, mixup_loss: -1.999221920967102, energy_loss: 0.0
2026-09-02 01:06:20,854 INFO Best AUROC test all: 0.6446549874423124, AUPR test all: 0.2669653479932728, AUROC test unknown: 0.5795390671185884, AUPR test unknown: 0.14205733362732137
2026-09-02 01:06:22,968 INFO Epoch: 300, loss: -0.16943007707595825, labeled_loss: 0.009579308331012726, unnlabeled_loss: 0.041667766869068146, mixup_loss: -1.9984326362609863, energy_loss: 0.0
2026-09-02 01:06:22,968 INFO Best AUROC test all: 0.6446549874423124, AUPR test all: 0.2669653479932728, AUROC test unknown: 0.5795390671185884, AUPR test unknown: 0.14205733362732137
2026-09-02 01:06:23,282 INFO [OUTPOST-v4] epoch 182 cur={'auroc_all': 0.8855044258325797, 'aupr_all': 0.6833589126856523, 'auroc_unknown': 0.8721268969830392, 'aupr_unknown': 0.6064276714008604, 'val_auc': 1.0} best={'auroc_all': 0.8855044258325797, 'aupr_all': 0.6833589126856523, 'auroc_unknown': 0.8721268969830392, 'aupr_unknown': 0.6064276714008604}
2026-09-02 01:06:25,114 INFO Epoch: 301, loss: -0.16066505014896393, labeled_loss: 0.014682957902550697, unnlabeled_loss: 0.04913557693362236, mixup_loss: -1.9991579055786133, energy_loss: 0.0
2026-09-02 01:06:25,114 INFO Best AUROC test all: 0.6446549874423124, AUPR test all: 0.2669653479932728, AUROC test unknown: 0.5795390671185884, AUPR test unknown: 0.14205733362732137
2026-09-02 01:06:26,937 INFO [OUTPOST-v4] epoch 183 cur={'auroc_all': 0.8828397245308665, 'aupr_all': 0.6789490402012126, 'auroc_unknown': 0.8691334760722407, 'aupr_unknown': 0.6012169276880432, 'val_auc': 1.0} best={'auroc_all': 0.8855044258325797, 'aupr_all': 0.6833589126856523, 'auroc_unknown': 0.8721268969830392, 'aupr_unknown': 0.6064276714008604}
2026-09-02 01:06:27,239 INFO Epoch: 302, loss: -0.17575429379940033, labeled_loss: 0.014202685095369816, unnlabeled_loss: 0.019894294440746307, mixup_loss: -1.999041199684143, energy_loss: 0.0
2026-09-02 01:06:27,239 INFO Best AUROC test all: 0.6446549874423124, AUPR test all: 0.2669653479932728, AUROC test unknown: 0.5795390671185884, AUPR test unknown: 0.14205733362732137
2026-09-02 01:06:29,392 INFO Epoch: 303, loss: -0.17798730731010437, labeled_loss: 0.010980512946844101, unnlabeled_loss: 0.02184697426855564, mixup_loss: -1.9989129304885864, energy_loss: 0.0
2026-09-02 01:06:29,392 INFO Best AUROC test all: 0.6446549874423124, AUPR test all: 0.2669653479932728, AUROC test unknown: 0.5795390671185884, AUPR test unknown: 0.14205733362732137
2026-09-02 01:06:30,616 INFO [OUTPOST-v4] epoch 184 cur={'auroc_all': 0.8861375624581654, 'aupr_all': 0.6828073732168637, 'auroc_unknown': 0.8728251154774598, 'aupr_unknown': 0.605466871796166, 'val_auc': 1.0} best={'auroc_all': 0.8861375624581654, 'aupr_all': 0.6833589126856523, 'auroc_unknown': 0.8728251154774598, 'aupr_unknown': 0.6064276714008604}
2026-09-02 01:06:31,531 INFO Epoch: 304, loss: -0.1797419786453247, labeled_loss: 0.007754269056022167, unnlabeled_loss: 0.024616895243525505, mixup_loss: -1.998046875, energy_loss: 0.0
2026-09-02 01:06:31,531 INFO Best AUROC test all: 0.6446549874423124, AUPR test all: 0.2669653479932728, AUROC test unknown: 0.5795390671185884, AUPR test unknown: 0.14205733362732137
2026-09-02 01:06:33,677 INFO Epoch: 305, loss: -0.16930653154850006, labeled_loss: 0.007829545997083187, unnlabeled_loss: 0.04548906907439232, mixup_loss: -1.998806118965149, energy_loss: 0.0
2026-09-02 01:06:33,677 INFO Best AUROC test all: 0.6446549874423124, AUPR test all: 0.2669653479932728, AUROC test unknown: 0.5795390671185884, AUPR test unknown: 0.14205733362732137
2026-09-02 01:06:34,290 INFO [OUTPOST-v4] epoch 185 cur={'auroc_all': 0.8851902772232464, 'aupr_all': 0.6852176481169268, 'auroc_unknown': 0.8717694080872924, 'aupr_unknown': 0.6098936418394587, 'val_auc': 1.0} best={'auroc_all': 0.8861375624581654, 'aupr_all': 0.6852176481169268, 'auroc_unknown': 0.8728251154774598, 'aupr_unknown': 0.6098936418394587}
2026-09-02 01:06:35,831 INFO Epoch: 306, loss: -0.16860266029834747, labeled_loss: 0.012909111566841602, unnlabeled_loss: 0.03671873360872269, mixup_loss: -1.998711347579956, energy_loss: 0.0
2026-09-02 01:06:35,831 INFO Best AUROC test all: 0.6446549874423124, AUPR test all: 0.2669653479932728, AUROC test unknown: 0.5795390671185884, AUPR test unknown: 0.14205733362732137
2026-09-02 01:06:37,971 INFO Epoch: 307, loss: -0.1561582237482071, labeled_loss: 0.00826395396143198, unnlabeled_loss: 0.07088854163885117, mixup_loss: -1.998664379119873, energy_loss: 0.0
2026-09-02 01:06:37,971 INFO Best AUROC test all: 0.6446549874423124, AUPR test all: 0.2669653479932728, AUROC test unknown: 0.5795390671185884, AUPR test unknown: 0.14205733362732137
2026-09-02 01:06:38,020 INFO [OUTPOST-v4] epoch 186 cur={'auroc_all': 0.8842986566356846, 'aupr_all': 0.6876951879128835, 'auroc_unknown': 0.8707525319627769, 'aupr_unknown': 0.6141143890445115, 'val_auc': 1.0} best={'auroc_all': 0.8861375624581654, 'aupr_all': 0.6876951879128835, 'auroc_unknown': 0.8728251154774598, 'aupr_unknown': 0.6141143890445115}
2026-09-02 01:06:40,132 INFO Epoch: 308, loss: -0.1759859323501587, labeled_loss: 0.013201417401432991, unnlabeled_loss: 0.02131817862391472, mixup_loss: -1.9984642267227173, energy_loss: 0.0
2026-09-02 01:06:40,132 INFO Best AUROC test all: 0.6446549874423124, AUPR test all: 0.2669653479932728, AUROC test unknown: 0.5795390671185884, AUPR test unknown: 0.14205733362732137
2026-09-02 01:06:41,639 INFO [OUTPOST-v4] epoch 187 cur={'auroc_all': 0.8840246682231055, 'aupr_all': 0.6871492927235847, 'auroc_unknown': 0.8704745791491555, 'aupr_unknown': 0.6132304677938902, 'val_auc': 1.0} best={'auroc_all': 0.8861375624581654, 'aupr_all': 0.6876951879128835, 'auroc_unknown': 0.8728251154774598, 'aupr_unknown': 0.6141143890445115}
2026-09-02 01:06:42,310 INFO Epoch: 309, loss: -0.17736801505088806, labeled_loss: 0.012883597053587437, unnlabeled_loss: 0.019253699108958244, mixup_loss: -1.9987846612930298, energy_loss: 0.0
2026-09-02 01:06:42,311 INFO Best AUROC test all: 0.6446549874423124, AUPR test all: 0.2669653479932728, AUROC test unknown: 0.5795390671185884, AUPR test unknown: 0.14205733362732137
2026-09-02 01:06:44,483 INFO Epoch: 310, loss: -0.17107103765010834, labeled_loss: 0.02066916786134243, unnlabeled_loss: 0.01626775413751602, mixup_loss: -1.998740792274475, energy_loss: 0.0
2026-09-02 01:06:44,483 INFO Best AUROC test all: 0.6446549874423124, AUPR test all: 0.2669653479932728, AUROC test unknown: 0.5795390671185884, AUPR test unknown: 0.14205733362732137
2026-09-02 01:06:45,338 INFO [OUTPOST-v4] epoch 188 cur={'auroc_all': 0.8833964398111724, 'aupr_all': 0.6901679764639088, 'auroc_unknown': 0.8698083393440952, 'aupr_unknown': 0.6187472563175466, 'val_auc': 1.0} best={'auroc_all': 0.8861375624581654, 'aupr_all': 0.6901679764639088, 'auroc_unknown': 0.8728251154774598, 'aupr_unknown': 0.6187472563175466}
2026-09-02 01:06:46,624 INFO Epoch: 311, loss: -0.17652639746665955, labeled_loss: 0.006864557042717934, unnlabeled_loss: 0.03294428810477257, mixup_loss: -1.9986310005187988, energy_loss: 0.0
2026-09-02 01:06:46,624 INFO Best AUROC test all: 0.6446549874423124, AUPR test all: 0.2669653479932728, AUROC test unknown: 0.5795390671185884, AUPR test unknown: 0.14205733362732137
2026-09-02 01:06:48,825 INFO Epoch: 312, loss: -0.17254725098609924, labeled_loss: 0.006821674760431051, unnlabeled_loss: 0.040958222001791, mixup_loss: -1.9984803199768066, energy_loss: 0.0
2026-09-02 01:06:48,825 INFO Best AUROC test all: 0.6446549874423124, AUPR test all: 0.2669653479932728, AUROC test unknown: 0.5795390671185884, AUPR test unknown: 0.14205733362732137
2026-09-02 01:06:49,011 INFO [OUTPOST-v4] epoch 189 cur={'auroc_all': 0.8800287859850041, 'aupr_all': 0.6872541970961665, 'auroc_unknown': 0.8660822830669401, 'aupr_unknown': 0.6150645220372307, 'val_auc': 1.0} best={'auroc_all': 0.8861375624581654, 'aupr_all': 0.6901679764639088, 'auroc_unknown': 0.8728251154774598, 'aupr_unknown': 0.6187472563175466}
2026-09-02 01:06:51,000 INFO Epoch: 313, loss: -0.13451826572418213, labeled_loss: 0.012251941487193108, unnlabeled_loss: 0.10619038343429565, mixup_loss: -1.9986540079116821, energy_loss: 0.0
2026-09-02 01:06:51,000 INFO Best AUROC test all: 0.6446549874423124, AUPR test all: 0.2669653479932728, AUROC test unknown: 0.5795390671185884, AUPR test unknown: 0.14205733362732137
2026-09-02 01:06:52,608 INFO [OUTPOST-v4] epoch 190 cur={'auroc_all': 0.8732373320381766, 'aupr_all': 0.6841578671921916, 'auroc_unknown': 0.8584785155564262, 'aupr_unknown': 0.6120276405946204, 'val_auc': 1.0} best={'auroc_all': 0.8861375624581654, 'aupr_all': 0.6901679764639088, 'auroc_unknown': 0.8728251154774598, 'aupr_unknown': 0.6187472563175466}
2026-09-02 01:06:53,153 INFO Epoch: 314, loss: -0.1663161814212799, labeled_loss: 0.017907362431287766, unnlabeled_loss: 0.03129070624709129, mixup_loss: -1.9986889362335205, energy_loss: 0.0
2026-09-02 01:06:53,154 INFO Best AUROC test all: 0.6446549874423124, AUPR test all: 0.2669653479932728, AUROC test unknown: 0.5795390671185884, AUPR test unknown: 0.14205733362732137
2026-09-02 01:06:55,303 INFO Epoch: 315, loss: -0.1857396811246872, labeled_loss: 0.009379475377500057, unnlabeled_loss: 0.009284262545406818, mixup_loss: -1.9976128339767456, energy_loss: 0.0
2026-09-02 01:06:55,304 INFO Best AUROC test all: 0.6446549874423124, AUPR test all: 0.2669653479932728, AUROC test unknown: 0.5795390671185884, AUPR test unknown: 0.14205733362732137
2026-09-02 01:06:56,185 INFO [OUTPOST-v4] epoch 191 cur={'auroc_all': 0.869559635071104, 'aupr_all': 0.6841835532323097, 'auroc_unknown': 0.8543122774965912, 'aupr_unknown': 0.613397566335331, 'val_auc': 1.0} best={'auroc_all': 0.8861375624581654, 'aupr_all': 0.6901679764639088, 'auroc_unknown': 0.8728251154774598, 'aupr_unknown': 0.6187472563175466}
2026-09-02 01:06:57,418 INFO Epoch: 316, loss: -0.1691076010465622, labeled_loss: 0.024801459163427353, unnlabeled_loss: 0.011949109844863415, mixup_loss: -1.9988360404968262, energy_loss: 0.0
2026-09-02 01:06:57,418 INFO Best AUROC test all: 0.6446549874423124, AUPR test all: 0.2669653479932728, AUROC test unknown: 0.5795390671185884, AUPR test unknown: 0.14205733362732137
2026-09-02 01:06:59,532 INFO Epoch: 317, loss: -0.18137894570827484, labeled_loss: 0.006443509832024574, unnlabeled_loss: 0.02356029860675335, mixup_loss: -1.9960260391235352, energy_loss: 0.0
2026-09-02 01:06:59,532 INFO Best AUROC test all: 0.6446549874423124, AUPR test all: 0.2669653479932728, AUROC test unknown: 0.5795390671185884, AUPR test unknown: 0.14205733362732137
2026-09-02 01:06:59,775 INFO [OUTPOST-v4] epoch 192 cur={'auroc_all': 0.86488407992003, 'aupr_all': 0.6809378167926599, 'auroc_unknown': 0.8490834794702974, 'aupr_unknown': 0.6086096293713581, 'val_auc': 1.0} best={'auroc_all': 0.8861375624581654, 'aupr_all': 0.6901679764639088, 'auroc_unknown': 0.8728251154774598, 'aupr_unknown': 0.6187472563175466}
2026-09-02 01:07:01,614 INFO Epoch: 318, loss: -0.17802299559116364, labeled_loss: 0.004892233293503523, unnlabeled_loss: 0.033874671906232834, mixup_loss: -1.998525619506836, energy_loss: 0.0
2026-09-02 01:07:01,614 INFO Best AUROC test all: 0.6446549874423124, AUPR test all: 0.2669653479932728, AUROC test unknown: 0.5795390671185884, AUPR test unknown: 0.14205733362732137
2026-09-02 01:07:03,301 INFO [OUTPOST-v4] epoch 193 cur={'auroc_all': 0.8579537969206876, 'aupr_all': 0.67570863505855, 'auroc_unknown': 0.8413139925398799, 'aupr_unknown': 0.6030841285212011, 'val_auc': 1.0} best={'auroc_all': 0.8861375624581654, 'aupr_all': 0.6901679764639088, 'auroc_unknown': 0.8728251154774598, 'aupr_unknown': 0.6187472563175466}
2026-09-02 01:07:03,712 INFO Epoch: 319, loss: -0.1384029984474182, labeled_loss: 0.010553937405347824, unnlabeled_loss: 0.1018008217215538, mixup_loss: -1.9985734224319458, energy_loss: 0.0
2026-09-02 01:07:03,712 INFO Best AUROC test all: 0.6446549874423124, AUPR test all: 0.2669653479932728, AUROC test unknown: 0.5795390671185884, AUPR test unknown: 0.14205733362732137
2026-09-02 01:07:05,832 INFO Epoch: 320, loss: -0.14402660727500916, labeled_loss: 0.010878880508244038, unnlabeled_loss: 0.08989875763654709, mixup_loss: -1.9985486268997192, energy_loss: 0.0
2026-09-02 01:07:05,832 INFO Best AUROC test all: 0.6446549874423124, AUPR test all: 0.2669653479932728, AUROC test unknown: 0.5795390671185884, AUPR test unknown: 0.14205733362732137
2026-09-02 01:07:06,961 INFO [OUTPOST-v4] epoch 194 cur={'auroc_all': 0.858734088213535, 'aupr_all': 0.6747159757684256, 'auroc_unknown': 0.8421855273178082, 'aupr_unknown': 0.6016426475722053, 'val_auc': 0.9997126436781609} best={'auroc_all': 0.8861375624581654, 'aupr_all': 0.6901679764639088, 'auroc_unknown': 0.8728251154774598, 'aupr_unknown': 0.6187472563175466}
2026-09-02 01:07:07,928 INFO Epoch: 321, loss: -0.14723414182662964, labeled_loss: 0.008158943615853786, unnlabeled_loss: 0.08900038152933121, mixup_loss: -1.9989328384399414, energy_loss: 0.0
2026-09-02 01:07:07,928 INFO Best AUROC test all: 0.6446549874423124, AUPR test all: 0.2669653479932728, AUROC test unknown: 0.5795390671185884, AUPR test unknown: 0.14205733362732137
2026-09-02 01:07:10,050 INFO Epoch: 322, loss: -0.17429418861865997, labeled_loss: 0.006423387210816145, unnlabeled_loss: 0.03833118453621864, mixup_loss: -1.9988316297531128, energy_loss: 0.0
2026-09-02 01:07:10,051 INFO Best AUROC test all: 0.6446549874423124, AUPR test all: 0.2669653479932728, AUROC test unknown: 0.5795390671185884, AUPR test unknown: 0.14205733362732137
2026-09-02 01:07:10,712 INFO [OUTPOST-v4] epoch 195 cur={'auroc_all': 0.8628167357425109, 'aupr_all': 0.6828381389429902, 'auroc_unknown': 0.846742336561179, 'aupr_unknown': 0.611773351548762, 'val_auc': 1.0} best={'auroc_all': 0.8861375624581654, 'aupr_all': 0.6901679764639088, 'auroc_unknown': 0.8728251154774598, 'aupr_unknown': 0.6187472563175466}
2026-09-02 01:07:12,164 INFO Epoch: 323, loss: -0.17486242949962616, labeled_loss: 0.010903067886829376, unnlabeled_loss: 0.028249645605683327, mixup_loss: -1.9989031553268433, energy_loss: 0.0
2026-09-02 01:07:12,164 INFO Best AUROC test all: 0.6446549874423124, AUPR test all: 0.2669653479932728, AUROC test unknown: 0.5795390671185884, AUPR test unknown: 0.14205733362732137
2026-09-02 01:07:14,277 INFO [OUTPOST-v4] epoch 196 cur={'auroc_all': 0.8706246944981036, 'aupr_all': 0.687554732582863, 'auroc_unknown': 0.8555046257713126, 'aupr_unknown': 0.6165366085247828, 'val_auc': 1.0} best={'auroc_all': 0.8861375624581654, 'aupr_all': 0.6901679764639088, 'auroc_unknown': 0.8728251154774598, 'aupr_unknown': 0.6187472563175466}
2026-09-02 01:07:14,331 INFO Epoch: 324, loss: -0.1808917075395584, labeled_loss: 0.007805276196449995, unnlabeled_loss: 0.02239435352385044, mixup_loss: -1.9989415407180786, energy_loss: 0.0
2026-09-02 01:07:14,331 INFO Best AUROC test all: 0.6446549874423124, AUPR test all: 0.2669653479932728, AUROC test unknown: 0.5795390671185884, AUPR test unknown: 0.14205733362732137
2026-09-02 01:07:16,482 INFO Epoch: 325, loss: -0.17892536520957947, labeled_loss: 0.0073806908912956715, unnlabeled_loss: 0.02698563039302826, mixup_loss: -1.9979885816574097, energy_loss: 0.0
2026-09-02 01:07:16,482 INFO Best AUROC test all: 0.6446549874423124, AUPR test all: 0.2669653479932728, AUROC test unknown: 0.5795390671185884, AUPR test unknown: 0.14205733362732137
2026-09-02 01:07:17,936 INFO [OUTPOST-v4] epoch 197 cur={'auroc_all': 0.8685417311920923, 'aupr_all': 0.6834545562939197, 'auroc_unknown': 0.8531786765894025, 'aupr_unknown': 0.6111972755248177, 'val_auc': 1.0} best={'auroc_all': 0.8861375624581654, 'aupr_all': 0.6901679764639088, 'auroc_unknown': 0.8728251154774598, 'aupr_unknown': 0.6187472563175466}
2026-09-02 01:07:18,655 INFO Epoch: 326, loss: -0.15459677577018738, labeled_loss: 0.004965345375239849, unnlabeled_loss: 0.0806073322892189, mixup_loss: -1.9986578226089478, energy_loss: 0.0
2026-09-02 01:07:18,655 INFO Best AUROC test all: 0.6446549874423124, AUPR test all: 0.2669653479932728, AUROC test unknown: 0.5795390671185884, AUPR test unknown: 0.14205733362732137
2026-09-02 01:07:20,771 INFO Epoch: 327, loss: -0.17638695240020752, labeled_loss: 0.007112834136933088, unnlabeled_loss: 0.03275781869888306, mixup_loss: -1.9987869262695312, energy_loss: 0.0
2026-09-02 01:07:20,771 INFO Best AUROC test all: 0.6446549874423124, AUPR test all: 0.2669653479932728, AUROC test unknown: 0.5795390671185884, AUPR test unknown: 0.14205733362732137
2026-09-02 01:07:21,642 INFO [OUTPOST-v4] epoch 198 cur={'auroc_all': 0.8572257299385253, 'aupr_all': 0.6767361125226139, 'auroc_unknown': 0.840484933468927, 'aupr_unknown': 0.6052189903629243, 'val_auc': 1.0} best={'auroc_all': 0.8861375624581654, 'aupr_all': 0.6901679764639088, 'auroc_unknown': 0.8728251154774598, 'aupr_unknown': 0.6187472563175466}
2026-09-02 01:07:22,907 INFO Epoch: 328, loss: -0.17363238334655762, labeled_loss: 0.011980109848082066, unnlabeled_loss: 0.028594937175512314, mixup_loss: -1.9990997314453125, energy_loss: 0.0
2026-09-02 01:07:22,907 INFO Best AUROC test all: 0.6446549874423124, AUPR test all: 0.2669653479932728, AUROC test unknown: 0.5795390671185884, AUPR test unknown: 0.14205733362732137
2026-09-02 01:07:25,141 INFO Epoch: 329, loss: -0.17775367200374603, labeled_loss: 0.009308062493801117, unnlabeled_loss: 0.025639023631811142, mixup_loss: -1.9988124370574951, energy_loss: 0.0
2026-09-02 01:07:25,141 INFO Best AUROC test all: 0.6446549874423124, AUPR test all: 0.2669653479932728, AUROC test unknown: 0.5795390671185884, AUPR test unknown: 0.14205733362732137
2026-09-02 01:07:25,166 INFO [OUTPOST-v4] epoch 199 cur={'auroc_all': 0.8454718885044682, 'aupr_all': 0.6711020135646412, 'auroc_unknown': 0.8273319394115223, 'aupr_unknown': 0.6007530145899227, 'val_auc': 1.0} best={'auroc_all': 0.8861375624581654, 'aupr_all': 0.6901679764639088, 'auroc_unknown': 0.8728251154774598, 'aupr_unknown': 0.6187472563175466}
2026-09-02 01:07:27,347 INFO Epoch: 330, loss: -0.1780363768339157, labeled_loss: 0.00972733274102211, unnlabeled_loss: 0.024199625477194786, mixup_loss: -1.998635172843933, energy_loss: 0.0
2026-09-02 01:07:27,347 INFO Best AUROC test all: 0.6446549874423124, AUPR test all: 0.2669653479932728, AUROC test unknown: 0.5795390671185884, AUPR test unknown: 0.14205733362732137
2026-09-02 01:07:28,721 INFO [OUTPOST-v4] epoch 200 cur={'auroc_all': 0.8382757133515155, 'aupr_all': 0.6676189781271533, 'auroc_unknown': 0.8192901973151864, 'aupr_unknown': 0.5959614542717103, 'val_auc': 1.0} best={'auroc_all': 0.8861375624581654, 'aupr_all': 0.6901679764639088, 'auroc_unknown': 0.8728251154774598, 'aupr_unknown': 0.6187472563175466}
2026-09-02 01:07:29,518 INFO Epoch: 331, loss: -0.17355521023273468, labeled_loss: 0.009602032601833344, unnlabeled_loss: 0.03344748914241791, mixup_loss: -1.998809814453125, energy_loss: 0.0
2026-09-02 01:07:29,518 INFO Best AUROC test all: 0.6446549874423124, AUPR test all: 0.2669653479932728, AUROC test unknown: 0.5795390671185884, AUPR test unknown: 0.14205733362732137
2026-09-02 01:07:31,701 INFO Epoch: 332, loss: -0.17802417278289795, labeled_loss: 0.006719833239912987, unnlabeled_loss: 0.030321557074785233, mixup_loss: -1.999047875404358, energy_loss: 0.0
2026-09-02 01:07:31,701 INFO Best AUROC test all: 0.6446549874423124, AUPR test all: 0.2669653479932728, AUROC test unknown: 0.5795390671185884, AUPR test unknown: 0.14205733362732137
2026-09-02 01:07:32,356 INFO [OUTPOST-v4] epoch 201 cur={'auroc_all': 0.8544516259306341, 'aupr_all': 0.6755934134098249, 'auroc_unknown': 0.8373810243898332, 'aupr_unknown': 0.6044082015576784, 'val_auc': 1.0} best={'auroc_all': 0.8861375624581654, 'aupr_all': 0.6901679764639088, 'auroc_unknown': 0.8728251154774598, 'aupr_unknown': 0.6187472563175466}
2026-09-02 01:07:33,850 INFO Epoch: 333, loss: -0.1682504266500473, labeled_loss: 0.01083420030772686, unnlabeled_loss: 0.04165247455239296, mixup_loss: -1.9991085529327393, energy_loss: 0.0
2026-09-02 01:07:33,850 INFO Best AUROC test all: 0.6446549874423124, AUPR test all: 0.2669653479932728, AUROC test unknown: 0.5795390671185884, AUPR test unknown: 0.14205733362732137
2026-09-02 01:07:35,995 INFO [OUTPOST-v4] epoch 202 cur={'auroc_all': 0.8698808019672487, 'aupr_all': 0.683557721098625, 'auroc_unknown': 0.8546559585794358, 'aupr_unknown': 0.6100897341381488, 'val_auc': 1.0} best={'auroc_all': 0.8861375624581654, 'aupr_all': 0.6901679764639088, 'auroc_unknown': 0.8728251154774598, 'aupr_unknown': 0.6187472563175466}
2026-09-02 01:07:36,145 INFO Epoch: 334, loss: -0.15646132826805115, labeled_loss: 0.009743892587721348, unnlabeled_loss: 0.06721870601177216, mixup_loss: -1.9981456995010376, energy_loss: 0.0
2026-09-02 01:07:36,145 INFO Best AUROC test all: 0.6446549874423124, AUPR test all: 0.2669653479932728, AUROC test unknown: 0.5795390671185884, AUPR test unknown: 0.14205733362732137
2026-09-02 01:07:38,311 INFO Epoch: 335, loss: -0.17804279923439026, labeled_loss: 0.005938834510743618, unnlabeled_loss: 0.031735196709632874, mixup_loss: -1.9984922409057617, energy_loss: 0.0
2026-09-02 01:07:38,311 INFO Best AUROC test all: 0.6446549874423124, AUPR test all: 0.2669653479932728, AUROC test unknown: 0.5795390671185884, AUPR test unknown: 0.14205733362732137
2026-09-02 01:07:39,679 INFO [OUTPOST-v4] epoch 203 cur={'auroc_all': 0.8789445753505291, 'aupr_all': 0.6906432014857837, 'auroc_unknown': 0.8648156343863612, 'aupr_unknown': 0.6182162597792513, 'val_auc': 1.0} best={'auroc_all': 0.8861375624581654, 'aupr_all': 0.6906432014857837, 'auroc_unknown': 0.8728251154774598, 'aupr_unknown': 0.6187472563175466}
2026-09-02 01:07:40,504 INFO Epoch: 336, loss: -0.16621237993240356, labeled_loss: 0.01246111374348402, unnlabeled_loss: 0.042321085929870605, mixup_loss: -1.998340368270874, energy_loss: 0.0
2026-09-02 01:07:40,504 INFO Best AUROC test all: 0.6446549874423124, AUPR test all: 0.2669653479932728, AUROC test unknown: 0.5795390671185884, AUPR test unknown: 0.14205733362732137
2026-09-02 01:07:42,719 INFO Epoch: 337, loss: -0.1675417423248291, labeled_loss: 0.007007235195487738, unnlabeled_loss: 0.05068334564566612, mixup_loss: -1.9989066123962402, energy_loss: 0.0
2026-09-02 01:07:42,719 INFO Best AUROC test all: 0.6446549874423124, AUPR test all: 0.2669653479932728, AUROC test unknown: 0.5795390671185884, AUPR test unknown: 0.14205733362732137
2026-09-02 01:07:43,366 INFO [OUTPOST-v4] epoch 204 cur={'auroc_all': 0.8766306966470754, 'aupr_all': 0.6886656200511565, 'auroc_unknown': 0.8622086269161806, 'aupr_unknown': 0.6156588462588605, 'val_auc': 1.0} best={'auroc_all': 0.8861375624581654, 'aupr_all': 0.6906432014857837, 'auroc_unknown': 0.8728251154774598, 'aupr_unknown': 0.6187472563175466}
2026-09-02 01:07:44,906 INFO Epoch: 338, loss: -0.1698249727487564, labeled_loss: 0.005503262858837843, unnlabeled_loss: 0.04907834157347679, mixup_loss: -1.9986740350723267, energy_loss: 0.0
2026-09-02 01:07:44,906 INFO Best AUROC test all: 0.6446549874423124, AUPR test all: 0.2669653479932728, AUROC test unknown: 0.5795390671185884, AUPR test unknown: 0.14205733362732137
2026-09-02 01:07:47,072 INFO Epoch: 339, loss: -0.17248377203941345, labeled_loss: 0.00856162142008543, unnlabeled_loss: 0.03765667974948883, mixup_loss: -1.9987372159957886, energy_loss: 0.0
2026-09-02 01:07:47,073 INFO Best AUROC test all: 0.6446549874423124, AUPR test all: 0.2669653479932728, AUROC test unknown: 0.5795390671185884, AUPR test unknown: 0.14205733362732137
2026-09-02 01:07:47,131 INFO [OUTPOST-v4] epoch 205 cur={'auroc_all': 0.8651702929955846, 'aupr_all': 0.6832272970389618, 'auroc_unknown': 0.8493662829839905, 'aupr_unknown': 0.6101506409466082, 'val_auc': 1.0} best={'auroc_all': 0.8861375624581654, 'aupr_all': 0.6906432014857837, 'auroc_unknown': 0.8728251154774598, 'aupr_unknown': 0.6187472563175466}
2026-09-02 01:07:49,213 INFO Epoch: 340, loss: -0.157901793718338, labeled_loss: 0.0047754994593560696, unnlabeled_loss: 0.07443789392709732, mixup_loss: -1.99896240234375, energy_loss: 0.0
2026-09-02 01:07:49,213 INFO Best AUROC test all: 0.6446549874423124, AUPR test all: 0.2669653479932728, AUROC test unknown: 0.5795390671185884, AUPR test unknown: 0.14205733362732137
2026-09-02 01:07:50,813 INFO [OUTPOST-v4] epoch 206 cur={'auroc_all': 0.8566691064005307, 'aupr_all': 0.6779749798642114, 'auroc_unknown': 0.8398616313422775, 'aupr_unknown': 0.6044385701747644, 'val_auc': 1.0} best={'auroc_all': 0.8861375624581654, 'aupr_all': 0.6906432014857837, 'auroc_unknown': 0.8728251154774598, 'aupr_unknown': 0.6187472563175466}
2026-09-02 01:07:51,353 INFO Epoch: 341, loss: -0.17650282382965088, labeled_loss: 0.004947226960211992, unnlabeled_loss: 0.036843184381723404, mixup_loss: -1.9987163543701172, energy_loss: 0.0
2026-09-02 01:07:51,353 INFO Best AUROC test all: 0.6446549874423124, AUPR test all: 0.2669653479932728, AUROC test unknown: 0.5795390671185884, AUPR test unknown: 0.14205733362732137
2026-09-02 01:07:53,534 INFO Epoch: 342, loss: -0.1636553555727005, labeled_loss: 0.008140560239553452, unnlabeled_loss: 0.05613982677459717, mixup_loss: -1.998658299446106, energy_loss: 0.0
2026-09-02 01:07:53,535 INFO Best AUROC test all: 0.6446549874423124, AUPR test all: 0.2669653479932728, AUROC test unknown: 0.5795390671185884, AUPR test unknown: 0.14205733362732137
2026-09-02 01:07:54,545 INFO [OUTPOST-v4] epoch 207 cur={'auroc_all': 0.8443254536473807, 'aupr_all': 0.6697528247169869, 'auroc_unknown': 0.8260573602213028, 'aupr_unknown': 0.5967002202330919, 'val_auc': 1.0} best={'auroc_all': 0.8861375624581654, 'aupr_all': 0.6906432014857837, 'auroc_unknown': 0.8728251154774598, 'aupr_unknown': 0.6187472563175466}
2026-09-02 01:07:55,674 INFO Epoch: 343, loss: -0.17024032771587372, labeled_loss: 0.004620063118636608, unnlabeled_loss: 0.05002238228917122, mixup_loss: -1.998715877532959, energy_loss: 0.0
2026-09-02 01:07:55,674 INFO Best AUROC test all: 0.6446549874423124, AUPR test all: 0.2669653479932728, AUROC test unknown: 0.5795390671185884, AUPR test unknown: 0.14205733362732137
2026-09-02 01:07:57,844 INFO Epoch: 344, loss: -0.1571430265903473, labeled_loss: 0.007573313545435667, unnlabeled_loss: 0.07030172646045685, mixup_loss: -1.9986720085144043, energy_loss: 0.0
2026-09-02 01:07:57,845 INFO Best AUROC test all: 0.6446549874423124, AUPR test all: 0.2669653479932728, AUROC test unknown: 0.5795390671185884, AUPR test unknown: 0.14205733362732137
2026-09-02 01:07:58,253 INFO [OUTPOST-v4] epoch 208 cur={'auroc_all': 0.8380105322008173, 'aupr_all': 0.6648768762505509, 'auroc_unknown': 0.8190224335382227, 'aupr_unknown': 0.5924375619619803, 'val_auc': 1.0} best={'auroc_all': 0.8861375624581654, 'aupr_all': 0.6906432014857837, 'auroc_unknown': 0.8728251154774598, 'aupr_unknown': 0.6187472563175466}
2026-09-02 01:07:59,981 INFO Epoch: 345, loss: -0.16702686250209808, labeled_loss: 0.0070218900218605995, unnlabeled_loss: 0.051631953567266464, mixup_loss: -1.9986472129821777, energy_loss: 0.0
2026-09-02 01:07:59,981 INFO Best AUROC test all: 0.6446549874423124, AUPR test all: 0.2669653479932728, AUROC test unknown: 0.5795390671185884, AUPR test unknown: 0.14205733362732137
2026-09-02 01:08:01,863 INFO [OUTPOST-v4] epoch 209 cur={'auroc_all': 0.8425360886729805, 'aupr_all': 0.6661179530176619, 'auroc_unknown': 0.8240408549058595, 'aupr_unknown': 0.5919953896621689, 'val_auc': 1.0} best={'auroc_all': 0.8861375624581654, 'aupr_all': 0.6906432014857837, 'auroc_unknown': 0.8728251154774598, 'aupr_unknown': 0.6187472563175466}
2026-09-02 01:08:02,140 INFO Epoch: 346, loss: -0.1740395724773407, labeled_loss: 0.010363862849771976, unnlabeled_loss: 0.03089577704668045, mixup_loss: -1.998513102531433, energy_loss: 0.0
2026-09-02 01:08:02,140 INFO Best AUROC test all: 0.6446549874423124, AUPR test all: 0.2669653479932728, AUROC test unknown: 0.5795390671185884, AUPR test unknown: 0.14205733362732137
2026-09-02 01:08:04,318 INFO Epoch: 347, loss: -0.1760459989309311, labeled_loss: 0.0067467945627868176, unnlabeled_loss: 0.034149859100580215, mixup_loss: -1.9986772537231445, energy_loss: 0.0
2026-09-02 01:08:04,318 INFO Best AUROC test all: 0.6446549874423124, AUPR test all: 0.2669653479932728, AUROC test unknown: 0.5795390671185884, AUPR test unknown: 0.14205733362732137
2026-09-02 01:08:05,522 INFO [OUTPOST-v4] epoch 210 cur={'auroc_all': 0.8634649181071432, 'aupr_all': 0.6809517233491212, 'auroc_unknown': 0.8474507184271781, 'aupr_unknown': 0.6076366955836866, 'val_auc': 1.0} best={'auroc_all': 0.8861375624581654, 'aupr_all': 0.6906432014857837, 'auroc_unknown': 0.8728251154774598, 'aupr_unknown': 0.6187472563175466}
2026-09-02 01:08:06,686 INFO Epoch: 348, loss: -0.17014473676681519, labeled_loss: 0.008536064997315407, unnlabeled_loss: 0.042347460985183716, mixup_loss: -1.9985454082489014, energy_loss: 0.0
2026-09-02 01:08:06,686 INFO Best AUROC test all: 0.6446549874423124, AUPR test all: 0.2669653479932728, AUROC test unknown: 0.5795390671185884, AUPR test unknown: 0.14205733362732137
2026-09-02 01:08:08,925 INFO Epoch: 349, loss: -0.15946796536445618, labeled_loss: 0.007906912826001644, unnlabeled_loss: 0.06497776508331299, mixup_loss: -1.9986375570297241, energy_loss: 0.0
2026-09-02 01:08:08,925 INFO Best AUROC test all: 0.6446549874423124, AUPR test all: 0.2669653479932728, AUROC test unknown: 0.5795390671185884, AUPR test unknown: 0.14205733362732137
2026-09-02 01:08:09,088 INFO [OUTPOST-v4] epoch 211 cur={'auroc_all': 0.8796582846609791, 'aupr_all': 0.6896645747989825, 'auroc_unknown': 0.8656205426172755, 'aupr_unknown': 0.6179387051642982, 'val_auc': 1.0} best={'auroc_all': 0.8861375624581654, 'aupr_all': 0.6906432014857837, 'auroc_unknown': 0.8728251154774598, 'aupr_unknown': 0.6187472563175466}
2026-09-02 01:08:11,129 INFO Epoch: 350, loss: -0.175864577293396, labeled_loss: 0.007135674357414246, unnlabeled_loss: 0.033772826194763184, mixup_loss: -1.9988665580749512, energy_loss: 0.0
2026-09-02 01:08:11,130 INFO Best AUROC test all: 0.6446549874423124, AUPR test all: 0.2669653479932728, AUROC test unknown: 0.5795390671185884, AUPR test unknown: 0.14205733362732137
2026-09-02 01:08:12,637 INFO [OUTPOST-v4] epoch 212 cur={'auroc_all': 0.8827685554329063, 'aupr_all': 0.6928672609369234, 'auroc_unknown': 0.8691116607544589, 'aupr_unknown': 0.62055434943521, 'val_auc': 1.0} best={'auroc_all': 0.8861375624581654, 'aupr_all': 0.6928672609369234, 'auroc_unknown': 0.8728251154774598, 'aupr_unknown': 0.62055434943521}
2026-09-02 01:08:13,273 INFO Epoch: 351, loss: -0.14234977960586548, labeled_loss: 0.005436110310256481, unnlabeled_loss: 0.10418463498353958, mixup_loss: -1.9987819194793701, energy_loss: 0.0
2026-09-02 01:08:13,273 INFO Best AUROC test all: 0.6446549874423124, AUPR test all: 0.2669653479932728, AUROC test unknown: 0.5795390671185884, AUPR test unknown: 0.14205733362732137
2026-09-02 01:08:15,448 INFO Epoch: 352, loss: -0.16395319998264313, labeled_loss: 0.006765313912183046, unnlabeled_loss: 0.058341071009635925, mixup_loss: -1.9988903999328613, energy_loss: 0.0
2026-09-02 01:08:15,449 INFO Best AUROC test all: 0.6446549874423124, AUPR test all: 0.2669653479932728, AUROC test unknown: 0.5795390671185884, AUPR test unknown: 0.14205733362732137
2026-09-02 01:08:16,202 INFO [OUTPOST-v4] epoch 213 cur={'auroc_all': 0.8777988973675095, 'aupr_all': 0.6883515903275833, 'auroc_unknown': 0.8635393869659586, 'aupr_unknown': 0.6148565464864298, 'val_auc': 1.0} best={'auroc_all': 0.8861375624581654, 'aupr_all': 0.6928672609369234, 'auroc_unknown': 0.8728251154774598, 'aupr_unknown': 0.62055434943521}
2026-09-02 01:08:17,640 INFO Epoch: 353, loss: -0.14895930886268616, labeled_loss: 0.006389266811311245, unnlabeled_loss: 0.08905435353517532, mixup_loss: -1.9987576007843018, energy_loss: 0.0
2026-09-02 01:08:17,640 INFO Best AUROC test all: 0.6446549874423124, AUPR test all: 0.2669653479932728, AUROC test unknown: 0.5795390671185884, AUPR test unknown: 0.14205733362732137
2026-09-02 01:08:19,775 INFO [OUTPOST-v4] epoch 214 cur={'auroc_all': 0.8623240107243092, 'aupr_all': 0.6814987976144496, 'auroc_unknown': 0.846195721692803, 'aupr_unknown': 0.6098889130788081, 'val_auc': 1.0} best={'auroc_all': 0.8861375624581654, 'aupr_all': 0.6928672609369234, 'auroc_unknown': 0.8728251154774598, 'aupr_unknown': 0.62055434943521}
2026-09-02 01:08:19,794 INFO Epoch: 354, loss: -0.1694403737783432, labeled_loss: 0.005758150015026331, unnlabeled_loss: 0.0493353009223938, mixup_loss: -1.998661756515503, energy_loss: 0.0
2026-09-02 01:08:19,794 INFO Best AUROC test all: 0.6446549874423124, AUPR test all: 0.2669653479932728, AUROC test unknown: 0.5795390671185884, AUPR test unknown: 0.14205733362732137
2026-09-02 01:08:21,926 INFO Epoch: 355, loss: -0.17760662734508514, labeled_loss: 0.01378184836357832, unnlabeled_loss: 0.01699010841548443, mixup_loss: -1.9988353252410889, energy_loss: 0.0
2026-09-02 01:08:21,927 INFO Best AUROC test all: 0.6446549874423124, AUPR test all: 0.2669653479932728, AUROC test unknown: 0.5795390671185884, AUPR test unknown: 0.14205733362732137
2026-09-02 01:08:23,328 INFO [OUTPOST-v4] epoch 215 cur={'auroc_all': 0.8507654427997698, 'aupr_all': 0.6798637848579919, 'auroc_unknown': 0.8332569540560169, 'aupr_unknown': 0.6101867021315657, 'val_auc': 1.0} best={'auroc_all': 0.8861375624581654, 'aupr_all': 0.6928672609369234, 'auroc_unknown': 0.8728251154774598, 'aupr_unknown': 0.62055434943521}
2026-09-02 01:08:24,083 INFO Epoch: 356, loss: -0.18538311123847961, labeled_loss: 0.008122428320348263, unnlabeled_loss: 0.012709223665297031, mixup_loss: -1.9986015558242798, energy_loss: 0.0
2026-09-02 01:08:24,083 INFO Best AUROC test all: 0.6446549874423124, AUPR test all: 0.2669653479932728, AUROC test unknown: 0.5795390671185884, AUPR test unknown: 0.14205733362732137
2026-09-02 01:08:26,263 INFO Epoch: 357, loss: -0.18343333899974823, labeled_loss: 0.007544300984591246, unnlabeled_loss: 0.017857005819678307, mixup_loss: -1.9990613460540771, energy_loss: 0.0
2026-09-02 01:08:26,263 INFO Best AUROC test all: 0.6446549874423124, AUPR test all: 0.2669653479932728, AUROC test unknown: 0.5795390671185884, AUPR test unknown: 0.14205733362732137
2026-09-02 01:08:26,871 INFO [OUTPOST-v4] epoch 216 cur={'auroc_all': 0.844363389093087, 'aupr_all': 0.6740823203437872, 'auroc_unknown': 0.8260969101091875, 'aupr_unknown': 0.603883102366364, 'val_auc': 1.0} best={'auroc_all': 0.8861375624581654, 'aupr_all': 0.6928672609369234, 'auroc_unknown': 0.8728251154774598, 'aupr_unknown': 0.62055434943521}
2026-09-02 01:08:28,406 INFO Epoch: 358, loss: -0.17875491082668304, labeled_loss: 0.007601187564432621, unnlabeled_loss: 0.02711057849228382, mixup_loss: -1.9991137981414795, energy_loss: 0.0
2026-09-02 01:08:28,406 INFO Best AUROC test all: 0.6446549874423124, AUPR test all: 0.2669653479932728, AUROC test unknown: 0.5795390671185884, AUPR test unknown: 0.14205733362732137
2026-09-02 01:08:30,427 INFO [OUTPOST-v4] epoch 217 cur={'auroc_all': 0.8525268263692356, 'aupr_all': 0.6783836442176007, 'auroc_unknown': 0.835219947680195, 'aupr_unknown': 0.6069413025697894, 'val_auc': 1.0} best={'auroc_all': 0.8861375624581654, 'aupr_all': 0.6928672609369234, 'auroc_unknown': 0.8728251154774598, 'aupr_unknown': 0.62055434943521}
2026-09-02 01:08:30,532 INFO Epoch: 359, loss: -0.17250563204288483, labeled_loss: 0.00686207739636302, unnlabeled_loss: 0.041062384843826294, mixup_loss: -1.9989889860153198, energy_loss: 0.0
2026-09-02 01:08:30,532 INFO Best AUROC test all: 0.6446549874423124, AUPR test all: 0.2669653479932728, AUROC test unknown: 0.5795390671185884, AUPR test unknown: 0.14205733362732137
2026-09-02 01:08:32,701 INFO Epoch: 360, loss: -0.17997047305107117, labeled_loss: 0.0097266910597682, unnlabeled_loss: 0.020424608141183853, mixup_loss: -1.9990946054458618, energy_loss: 0.0
2026-09-02 01:08:32,701 INFO Best AUROC test all: 0.6446549874423124, AUPR test all: 0.2669653479932728, AUROC test unknown: 0.5795390671185884, AUPR test unknown: 0.14205733362732137
2026-09-02 01:08:34,014 INFO [OUTPOST-v4] epoch 218 cur={'auroc_all': 0.8645787615081555, 'aupr_all': 0.6844221801507808, 'auroc_unknown': 0.8487352043381787, 'aupr_unknown': 0.6146674952892079, 'val_auc': 1.0} best={'auroc_all': 0.8861375624581654, 'aupr_all': 0.6928672609369234, 'auroc_unknown': 0.8728251154774598, 'aupr_unknown': 0.62055434943521}
2026-09-02 01:08:34,889 INFO Epoch: 361, loss: -0.17187002301216125, labeled_loss: 0.00989462062716484, unnlabeled_loss: 0.03622141480445862, mixup_loss: -1.998753547668457, energy_loss: 0.0
2026-09-02 01:08:34,889 INFO Best AUROC test all: 0.6446549874423124, AUPR test all: 0.2669653479932728, AUROC test unknown: 0.5795390671185884, AUPR test unknown: 0.14205733362732137
2026-09-02 01:08:37,392 INFO Epoch: 362, loss: -0.1719343066215515, labeled_loss: 0.004620499908924103, unnlabeled_loss: 0.04667136073112488, mixup_loss: -1.998904824256897, energy_loss: 0.0
2026-09-02 01:08:37,393 INFO Best AUROC test all: 0.6446549874423124, AUPR test all: 0.2669653479932728, AUROC test unknown: 0.5795390671185884, AUPR test unknown: 0.14205733362732137
2026-09-02 01:08:37,703 INFO [OUTPOST-v4] epoch 219 cur={'auroc_all': 0.8754493538405533, 'aupr_all': 0.6933255310360186, 'auroc_unknown': 0.8608991432175098, 'aupr_unknown': 0.6240989355407929, 'val_auc': 1.0} best={'auroc_all': 0.8861375624581654, 'aupr_all': 0.6933255310360186, 'auroc_unknown': 0.8728251154774598, 'aupr_unknown': 0.6240989355407929}
2026-09-02 01:08:39,584 INFO Epoch: 363, loss: -0.16752231121063232, labeled_loss: 0.005482657812535763, unnlabeled_loss: 0.053771983832120895, mixup_loss: -1.998909592628479, energy_loss: 0.0
2026-09-02 01:08:39,584 INFO Best AUROC test all: 0.6446549874423124, AUPR test all: 0.2669653479932728, AUROC test unknown: 0.5795390671185884, AUPR test unknown: 0.14205733362732137
2026-09-02 01:08:41,273 INFO [OUTPOST-v4] epoch 220 cur={'auroc_all': 0.8792534946481205, 'aupr_all': 0.6954754245125465, 'auroc_unknown': 0.8651729179614699, 'aupr_unknown': 0.6264036876922067, 'val_auc': 1.0} best={'auroc_all': 0.8861375624581654, 'aupr_all': 0.6954754245125465, 'auroc_unknown': 0.8728251154774598, 'aupr_unknown': 0.6264036876922067}
2026-09-02 01:08:41,774 INFO Epoch: 364, loss: -0.16766361892223358, labeled_loss: 0.004129438661038876, unnlabeled_loss: 0.05611482262611389, mixup_loss: -1.998504638671875, energy_loss: 0.0
2026-09-02 01:08:41,774 INFO Best AUROC test all: 0.6446549874423124, AUPR test all: 0.2669653479932728, AUROC test unknown: 0.5795390671185884, AUPR test unknown: 0.14205733362732137
2026-09-02 01:08:43,983 INFO Epoch: 365, loss: -0.16775913536548615, labeled_loss: 0.008742422796785831, unnlabeled_loss: 0.04677963629364967, mixup_loss: -1.9989136457443237, energy_loss: 0.0
2026-09-02 01:08:43,983 INFO Best AUROC test all: 0.6446549874423124, AUPR test all: 0.2669653479932728, AUROC test unknown: 0.5795390671185884, AUPR test unknown: 0.14205733362732137
2026-09-02 01:08:44,817 INFO [OUTPOST-v4] epoch 221 cur={'auroc_all': 0.8810144424416078, 'aupr_all': 0.6990024867487977, 'auroc_unknown': 0.8671616536606309, 'aupr_unknown': 0.6306018463321734, 'val_auc': 1.0} best={'auroc_all': 0.8861375624581654, 'aupr_all': 0.6990024867487977, 'auroc_unknown': 0.8728251154774598, 'aupr_unknown': 0.6306018463321734}
2026-09-02 01:08:46,165 INFO Epoch: 366, loss: -0.1773557960987091, labeled_loss: 0.006835069507360458, unnlabeled_loss: 0.03137191757559776, mixup_loss: -1.9987682104110718, energy_loss: 0.0
2026-09-02 01:08:46,165 INFO Best AUROC test all: 0.6446549874423124, AUPR test all: 0.2669653479932728, AUROC test unknown: 0.5795390671185884, AUPR test unknown: 0.14205733362732137
2026-09-02 01:08:48,340 INFO Epoch: 367, loss: -0.1751473993062973, labeled_loss: 0.008150911889970303, unnlabeled_loss: 0.03312210738658905, mixup_loss: -1.9985935688018799, energy_loss: 0.0
2026-09-02 01:08:48,340 INFO Best AUROC test all: 0.6446549874423124, AUPR test all: 0.2669653479932728, AUROC test unknown: 0.5795390671185884, AUPR test unknown: 0.14205733362732137
2026-09-02 01:08:48,457 INFO [OUTPOST-v4] epoch 222 cur={'auroc_all': 0.8785155653674976, 'aupr_all': 0.6995135975630118, 'auroc_unknown': 0.8643730144211056, 'aupr_unknown': 0.6318048459358694, 'val_auc': 0.9997126436781609} best={'auroc_all': 0.8861375624581654, 'aupr_all': 0.6995135975630118, 'auroc_unknown': 0.8728251154774598, 'aupr_unknown': 0.6318048459358694}
2026-09-02 01:08:50,519 INFO Epoch: 368, loss: -0.17724451422691345, labeled_loss: 0.0074763516895473, unnlabeled_loss: 0.030359119176864624, mixup_loss: -1.9990042448043823, energy_loss: 0.0
2026-09-02 01:08:50,519 INFO Best AUROC test all: 0.6446549874423124, AUPR test all: 0.2669653479932728, AUROC test unknown: 0.5795390671185884, AUPR test unknown: 0.14205733362732137
2026-09-02 01:08:52,108 INFO [OUTPOST-v4] epoch 223 cur={'auroc_all': 0.8655653583234496, 'aupr_all': 0.6914784452755429, 'auroc_unknown': 0.8498366212353693, 'aupr_unknown': 0.6256312064948681, 'val_auc': 1.0} best={'auroc_all': 0.8861375624581654, 'aupr_all': 0.6995135975630118, 'auroc_unknown': 0.8728251154774598, 'aupr_unknown': 0.6318048459358694}
2026-09-02 01:08:52,754 INFO Epoch: 369, loss: -0.1541406810283661, labeled_loss: 0.00423958245664835, unnlabeled_loss: 0.08306560665369034, mixup_loss: -1.9991307258605957, energy_loss: 0.0
2026-09-02 01:08:52,755 INFO Best AUROC test all: 0.6446549874423124, AUPR test all: 0.2669653479932728, AUROC test unknown: 0.5795390671185884, AUPR test unknown: 0.14205733362732137
2026-09-02 01:08:54,941 INFO Epoch: 370, loss: -0.1667478233575821, labeled_loss: 0.006282075308263302, unnlabeled_loss: 0.05378605052828789, mixup_loss: -1.9992291927337646, energy_loss: 0.0
2026-09-02 01:08:54,942 INFO Best AUROC test all: 0.6446549874423124, AUPR test all: 0.2669653479932728, AUROC test unknown: 0.5795390671185884, AUPR test unknown: 0.14205733362732137
2026-09-02 01:08:55,708 INFO [OUTPOST-v4] epoch 224 cur={'auroc_all': 0.8506616593101566, 'aupr_all': 0.6797066686862089, 'auroc_unknown': 0.8331974624011714, 'aupr_unknown': 0.6120740080082949, 'val_auc': 1.0} best={'auroc_all': 0.8861375624581654, 'aupr_all': 0.6995135975630118, 'auroc_unknown': 0.8728251154774598, 'aupr_unknown': 0.6318048459358694}
2026-09-02 01:08:57,129 INFO Epoch: 371, loss: -0.12144099920988083, labeled_loss: 0.010826876387000084, unnlabeled_loss: 0.1352401077747345, mixup_loss: -1.998879313468933, energy_loss: 0.0
2026-09-02 01:08:57,129 INFO Best AUROC test all: 0.6446549874423124, AUPR test all: 0.2669653479932728, AUROC test unknown: 0.5795390671185884, AUPR test unknown: 0.14205733362732137
2026-09-02 01:08:59,263 INFO [OUTPOST-v4] epoch 225 cur={'auroc_all': 0.8475664342772762, 'aupr_all': 0.6723984096222093, 'auroc_unknown': 0.8297521307662505, 'aupr_unknown': 0.6038964379046461, 'val_auc': 1.0} best={'auroc_all': 0.8861375624581654, 'aupr_all': 0.6995135975630118, 'auroc_unknown': 0.8728251154774598, 'aupr_unknown': 0.6318048459358694}
2026-09-02 01:08:59,265 INFO Epoch: 372, loss: -0.1660565733909607, labeled_loss: 0.0060240887105464935, unnlabeled_loss: 0.05560167506337166, mixup_loss: -1.9988150596618652, energy_loss: 0.0
2026-09-02 01:08:59,266 INFO Best AUROC test all: 0.6446549874423124, AUPR test all: 0.2669653479932728, AUROC test unknown: 0.5795390671185884, AUPR test unknown: 0.14205733362732137
2026-09-02 01:09:01,444 INFO Epoch: 373, loss: -0.16303426027297974, labeled_loss: 0.007193561177700758, unnlabeled_loss: 0.05938642844557762, mixup_loss: -1.999210238456726, energy_loss: 0.0
2026-09-02 01:09:01,444 INFO Best AUROC test all: 0.6446549874423124, AUPR test all: 0.2669653479932728, AUROC test unknown: 0.5795390671185884, AUPR test unknown: 0.14205733362732137
2026-09-02 01:09:02,801 INFO [OUTPOST-v4] epoch 226 cur={'auroc_all': 0.8549884560649742, 'aupr_all': 0.67503991015272, 'auroc_unknown': 0.8380255515374306, 'aupr_unknown': 0.6050239112558262, 'val_auc': 1.0} best={'auroc_all': 0.8861375624581654, 'aupr_all': 0.6995135975630118, 'auroc_unknown': 0.8728251154774598, 'aupr_unknown': 0.6318048459358694}
2026-09-02 01:09:03,590 INFO Epoch: 374, loss: -0.16482111811637878, labeled_loss: 0.01058498676866293, unnlabeled_loss: 0.048982884734869, mixup_loss: -1.998975396156311, energy_loss: 0.0
2026-09-02 01:09:03,590 INFO Best AUROC test all: 0.6446549874423124, AUPR test all: 0.2669653479932728, AUROC test unknown: 0.5795390671185884, AUPR test unknown: 0.14205733362732137
2026-09-02 01:09:05,767 INFO Epoch: 375, loss: -0.17561300098896027, labeled_loss: 0.010183746926486492, unnlabeled_loss: 0.02826377935707569, mixup_loss: -1.999286413192749, energy_loss: 0.0
2026-09-02 01:09:05,767 INFO Best AUROC test all: 0.6446549874423124, AUPR test all: 0.2669653479932728, AUROC test unknown: 0.5795390671185884, AUPR test unknown: 0.14205733362732137
2026-09-02 01:09:06,329 INFO [OUTPOST-v4] epoch 227 cur={'auroc_all': 0.8630531786142068, 'aupr_all': 0.6805405854401441, 'auroc_unknown': 0.8470200070589236, 'aupr_unknown': 0.6102953334591723, 'val_auc': 1.0} best={'auroc_all': 0.8861375624581654, 'aupr_all': 0.6995135975630118, 'auroc_unknown': 0.8728251154774598, 'aupr_unknown': 0.6318048459358694}
2026-09-02 01:09:08,063 INFO Epoch: 376, loss: -0.18015609681606293, labeled_loss: 0.007478938437998295, unnlabeled_loss: 0.02455046959221363, mixup_loss: -1.9991025924682617, energy_loss: 0.0
2026-09-02 01:09:08,063 INFO Best AUROC test all: 0.6446549874423124, AUPR test all: 0.2669653479932728, AUROC test unknown: 0.5795390671185884, AUPR test unknown: 0.14205733362732137
2026-09-02 01:09:09,874 INFO [OUTPOST-v4] epoch 228 cur={'auroc_all': 0.8729884810188827, 'aupr_all': 0.6857517041798618, 'auroc_unknown': 0.858133294568797, 'aupr_unknown': 0.6151303679962146, 'val_auc': 1.0} best={'auroc_all': 0.8861375624581654, 'aupr_all': 0.6995135975630118, 'auroc_unknown': 0.8728251154774598, 'aupr_unknown': 0.6318048459358694}
2026-09-02 01:09:10,200 INFO Epoch: 377, loss: -0.16699600219726562, labeled_loss: 0.007224591448903084, unnlabeled_loss: 0.05141725391149521, mixup_loss: -1.9992921352386475, energy_loss: 0.0
2026-09-02 01:09:10,200 INFO Best AUROC test all: 0.6446549874423124, AUPR test all: 0.2669653479932728, AUROC test unknown: 0.5795390671185884, AUPR test unknown: 0.14205733362732137
2026-09-02 01:09:12,379 INFO Epoch: 378, loss: -0.16730275750160217, labeled_loss: 0.007970588281750679, unnlabeled_loss: 0.04909973219037056, mixup_loss: -1.998232126235962, energy_loss: 0.0
2026-09-02 01:09:12,380 INFO Best AUROC test all: 0.6446549874423124, AUPR test all: 0.2669653479932728, AUROC test unknown: 0.5795390671185884, AUPR test unknown: 0.14205733362732137
2026-09-02 01:09:13,456 INFO [OUTPOST-v4] epoch 229 cur={'auroc_all': 0.8816787026462887, 'aupr_all': 0.6912172870401172, 'auroc_unknown': 0.8678513770136564, 'aupr_unknown': 0.6204997296071635, 'val_auc': 1.0} best={'auroc_all': 0.8861375624581654, 'aupr_all': 0.6995135975630118, 'auroc_unknown': 0.8728251154774598, 'aupr_unknown': 0.6318048459358694}
2026-09-02 01:09:14,558 INFO Epoch: 379, loss: -0.14964914321899414, labeled_loss: 0.009401162154972553, unnlabeled_loss: 0.0816253051161766, mixup_loss: -1.9986295700073242, energy_loss: 0.0
2026-09-02 01:09:14,558 INFO Best AUROC test all: 0.6446549874423124, AUPR test all: 0.2669653479932728, AUROC test unknown: 0.5795390671185884, AUPR test unknown: 0.14205733362732137
2026-09-02 01:09:16,726 INFO Epoch: 380, loss: -0.18306055665016174, labeled_loss: 0.007174530997872353, unnlabeled_loss: 0.019391978159546852, mixup_loss: -1.9993107318878174, energy_loss: 0.0
2026-09-02 01:09:16,727 INFO Best AUROC test all: 0.6446549874423124, AUPR test all: 0.2669653479932728, AUROC test unknown: 0.5795390671185884, AUPR test unknown: 0.14205733362732137
2026-09-02 01:09:17,176 INFO [OUTPOST-v4] epoch 230 cur={'auroc_all': 0.8918859521971183, 'aupr_all': 0.7043866214941289, 'auroc_unknown': 0.8792968476506494, 'aupr_unknown': 0.6351391163248765, 'val_auc': 0.9997126436781609} best={'auroc_all': 0.8918859521971183, 'aupr_all': 0.7043866214941289, 'auroc_unknown': 0.8792968476506494, 'aupr_unknown': 0.6351391163248765}
2026-09-02 01:09:18,905 INFO Epoch: 381, loss: -0.18187685310840607, labeled_loss: 0.010143551044166088, unnlabeled_loss: 0.015686890110373497, mixup_loss: -1.9986385107040405, energy_loss: 0.0
2026-09-02 01:09:18,905 INFO Best AUROC test all: 0.6446549874423124, AUPR test all: 0.2669653479932728, AUROC test unknown: 0.5795390671185884, AUPR test unknown: 0.14205733362732137
2026-09-02 01:09:20,737 INFO [OUTPOST-v4] epoch 231 cur={'auroc_all': 0.8908501356318331, 'aupr_all': 0.700394749634604, 'auroc_unknown': 0.8781521850940912, 'aupr_unknown': 0.6313825705046464, 'val_auc': 1.0} best={'auroc_all': 0.8918859521971183, 'aupr_all': 0.7043866214941289, 'auroc_unknown': 0.8792968476506494, 'aupr_unknown': 0.6351391163248765}
2026-09-02 01:09:21,038 INFO Epoch: 382, loss: -0.17565438151359558, labeled_loss: 0.010777294635772705, unnlabeled_loss: 0.026913924142718315, mixup_loss: -1.9988864660263062, energy_loss: 0.0
2026-09-02 01:09:21,038 INFO Best AUROC test all: 0.6446549874423124, AUPR test all: 0.2669653479932728, AUROC test unknown: 0.5795390671185884, AUPR test unknown: 0.14205733362732137
2026-09-02 01:09:23,176 INFO Epoch: 383, loss: -0.16401469707489014, labeled_loss: 0.005243472754955292, unnlabeled_loss: 0.06125173345208168, mixup_loss: -1.9988402128219604, energy_loss: 0.0
2026-09-02 01:09:23,176 INFO Best AUROC test all: 0.6446549874423124, AUPR test all: 0.2669653479932728, AUROC test unknown: 0.5795390671185884, AUPR test unknown: 0.14205733362732137
2026-09-02 01:09:24,291 INFO [OUTPOST-v4] epoch 232 cur={'auroc_all': 0.8780994222436207, 'aupr_all': 0.6914571389047899, 'auroc_unknown': 0.8638437491466361, 'aupr_unknown': 0.6211184076334658, 'val_auc': 1.0} best={'auroc_all': 0.8918859521971183, 'aupr_all': 0.7043866214941289, 'auroc_unknown': 0.8792968476506494, 'aupr_unknown': 0.6351391163248765}
2026-09-02 01:09:25,327 INFO Epoch: 384, loss: -0.15918317437171936, labeled_loss: 0.010716131888329983, unnlabeled_loss: 0.06006377562880516, mixup_loss: -1.9993118047714233, energy_loss: 0.0
2026-09-02 01:09:25,327 INFO Best AUROC test all: 0.6446549874423124, AUPR test all: 0.2669653479932728, AUROC test unknown: 0.5795390671185884, AUPR test unknown: 0.14205733362732137
2026-09-02 01:09:27,499 INFO Epoch: 385, loss: -0.17458003759384155, labeled_loss: 0.008073882199823856, unnlabeled_loss: 0.03433915227651596, mixup_loss: -1.9982349872589111, energy_loss: 0.0
2026-09-02 01:09:27,499 INFO Best AUROC test all: 0.6446549874423124, AUPR test all: 0.2669653479932728, AUROC test unknown: 0.5795390671185884, AUPR test unknown: 0.14205733362732137
2026-09-02 01:09:27,818 INFO [OUTPOST-v4] epoch 233 cur={'auroc_all': 0.8685149424372043, 'aupr_all': 0.6816673976074056, 'auroc_unknown': 0.8531264224870447, 'aupr_unknown': 0.6105409777995563, 'val_auc': 1.0} best={'auroc_all': 0.8918859521971183, 'aupr_all': 0.7043866214941289, 'auroc_unknown': 0.8792968476506494, 'aupr_unknown': 0.6351391163248765}
2026-09-02 01:09:29,648 INFO Epoch: 386, loss: -0.1701602190732956, labeled_loss: 0.008869199082255363, unnlabeled_loss: 0.04169667512178421, mixup_loss: -1.9987775087356567, energy_loss: 0.0
2026-09-02 01:09:29,648 INFO Best AUROC test all: 0.6446549874423124, AUPR test all: 0.2669653479932728, AUROC test unknown: 0.5795390671185884, AUPR test unknown: 0.14205733362732137
2026-09-02 01:09:31,364 INFO [OUTPOST-v4] epoch 234 cur={'auroc_all': 0.8604684536723347, 'aupr_all': 0.6782739427543962, 'auroc_unknown': 0.8441185954590055, 'aupr_unknown': 0.6083833992905087, 'val_auc': 1.0} best={'auroc_all': 0.8918859521971183, 'aupr_all': 0.7043866214941289, 'auroc_unknown': 0.8792968476506494, 'aupr_unknown': 0.6351391163248765}
2026-09-02 01:09:31,785 INFO Epoch: 387, loss: -0.1650707870721817, labeled_loss: 0.02008596621453762, unnlabeled_loss: 0.029323946684598923, mixup_loss: -1.9981873035430908, energy_loss: 0.0
2026-09-02 01:09:31,785 INFO Best AUROC test all: 0.6446549874423124, AUPR test all: 0.2669653479932728, AUROC test unknown: 0.5795390671185884, AUPR test unknown: 0.14205733362732137
2026-09-02 01:09:33,942 INFO Epoch: 388, loss: -0.16096127033233643, labeled_loss: 0.005122705362737179, unnlabeled_loss: 0.06700257211923599, mixup_loss: -1.9958525896072388, energy_loss: 0.0
2026-09-02 01:09:33,942 INFO Best AUROC test all: 0.6446549874423124, AUPR test all: 0.2669653479932728, AUROC test unknown: 0.5795390671185884, AUPR test unknown: 0.14205733362732137
2026-09-02 01:09:34,950 INFO [OUTPOST-v4] epoch 235 cur={'auroc_all': 0.8585132185991756, 'aupr_all': 0.681467673469839, 'auroc_unknown': 0.8419301084442014, 'aupr_unknown': 0.6108854875082048, 'val_auc': 1.0} best={'auroc_all': 0.8918859521971183, 'aupr_all': 0.7043866214941289, 'auroc_unknown': 0.8792968476506494, 'aupr_unknown': 0.6351391163248765}
2026-09-02 01:09:36,127 INFO Epoch: 389, loss: -0.12941285967826843, labeled_loss: 0.009378858841955662, unnlabeled_loss: 0.12203779071569443, mixup_loss: -1.9981060028076172, energy_loss: 0.0
2026-09-02 01:09:36,127 INFO Best AUROC test all: 0.6446549874423124, AUPR test all: 0.2669653479932728, AUROC test unknown: 0.5795390671185884, AUPR test unknown: 0.14205733362732137
2026-09-02 01:09:38,578 INFO [OUTPOST-v4] epoch 236 cur={'auroc_all': 0.8498820102134881, 'aupr_all': 0.6803516947000813, 'auroc_unknown': 0.8322827589591146, 'aupr_unknown': 0.6117714712187943, 'val_auc': 0.9997126436781609} best={'auroc_all': 0.8918859521971183, 'aupr_all': 0.7043866214941289, 'auroc_unknown': 0.8792968476506494, 'aupr_unknown': 0.6351391163248765}
2026-09-02 01:09:38,910 INFO Epoch: 390, loss: -0.12438970804214478, labeled_loss: 0.00655825762078166, unnlabeled_loss: 0.1377137303352356, mixup_loss: -1.998048186302185, energy_loss: 0.0
2026-09-02 01:09:38,910 INFO Best AUROC test all: 0.6446549874423124, AUPR test all: 0.2669653479932728, AUROC test unknown: 0.5795390671185884, AUPR test unknown: 0.14205733362732137
2026-09-02 01:09:41,078 INFO Epoch: 391, loss: -0.12786981463432312, labeled_loss: 0.010536893270909786, unnlabeled_loss: 0.12292559444904327, mixup_loss: -1.998694896697998, energy_loss: 0.0
2026-09-02 01:09:41,079 INFO Best AUROC test all: 0.6446549874423124, AUPR test all: 0.2669653479932728, AUROC test unknown: 0.5795390671185884, AUPR test unknown: 0.14205733362732137
2026-09-02 01:09:42,230 INFO [OUTPOST-v4] epoch 237 cur={'auroc_all': 0.853566106206771, 'aupr_all': 0.6864436288611515, 'auroc_unknown': 0.8364069832834096, 'aupr_unknown': 0.6188407757501804, 'val_auc': 1.0} best={'auroc_all': 0.8918859521971183, 'aupr_all': 0.7043866214941289, 'auroc_unknown': 0.8792968476506494, 'aupr_unknown': 0.6351391163248765}
2026-09-02 01:09:43,294 INFO Epoch: 392, loss: -0.17489400506019592, labeled_loss: 0.008691581897437572, unnlabeled_loss: 0.03255840763449669, mixup_loss: -1.9986478090286255, energy_loss: 0.0
2026-09-02 01:09:43,295 INFO Best AUROC test all: 0.6446549874423124, AUPR test all: 0.2669653479932728, AUROC test unknown: 0.5795390671185884, AUPR test unknown: 0.14205733362732137
2026-09-02 01:09:45,441 INFO Epoch: 393, loss: -0.16338294744491577, labeled_loss: 0.018179399892687798, unnlabeled_loss: 0.03657539561390877, mixup_loss: -1.9985003471374512, energy_loss: 0.0
2026-09-02 01:09:45,441 INFO Best AUROC test all: 0.6446549874423124, AUPR test all: 0.2669653479932728, AUROC test unknown: 0.5795390671185884, AUPR test unknown: 0.14205733362732137
2026-09-02 01:09:46,140 INFO [OUTPOST-v4] epoch 238 cur={'auroc_all': 0.8555195293692825, 'aupr_all': 0.6911885020588505, 'auroc_unknown': 0.8386059159856692, 'aupr_unknown': 0.6237352310185296, 'val_auc': 1.0} best={'auroc_all': 0.8918859521971183, 'aupr_all': 0.7043866214941289, 'auroc_unknown': 0.8792968476506494, 'aupr_unknown': 0.6351391163248765}
2026-09-02 01:09:47,614 INFO Epoch: 394, loss: -0.16087177395820618, labeled_loss: 0.017764925956726074, unnlabeled_loss: 0.04251115024089813, mixup_loss: -1.99892258644104, energy_loss: 0.0
2026-09-02 01:09:47,614 INFO Best AUROC test all: 0.6446549874423124, AUPR test all: 0.2669653479932728, AUROC test unknown: 0.5795390671185884, AUPR test unknown: 0.14205733362732137
2026-09-02 01:09:49,677 INFO [OUTPOST-v4] epoch 239 cur={'auroc_all': 0.8458487659191258, 'aupr_all': 0.687997407185163, 'auroc_unknown': 0.8277905230563783, 'aupr_unknown': 0.6216985036965559, 'val_auc': 1.0} best={'auroc_all': 0.8918859521971183, 'aupr_all': 0.7043866214941289, 'auroc_unknown': 0.8792968476506494, 'aupr_unknown': 0.6351391163248765}
2026-09-02 01:09:49,761 INFO Epoch: 395, loss: -0.1733706146478653, labeled_loss: 0.011350773274898529, unnlabeled_loss: 0.03031058795750141, mixup_loss: -1.9987667798995972, energy_loss: 0.0
2026-09-02 01:09:49,761 INFO Best AUROC test all: 0.6446549874423124, AUPR test all: 0.2669653479932728, AUROC test unknown: 0.5795390671185884, AUPR test unknown: 0.14205733362732137
2026-09-02 01:09:51,906 INFO Epoch: 396, loss: -0.1672605723142624, labeled_loss: 0.012291472405195236, unnlabeled_loss: 0.04059603810310364, mixup_loss: -1.9985005855560303, energy_loss: 0.0
2026-09-02 01:09:51,906 INFO Best AUROC test all: 0.6446549874423124, AUPR test all: 0.2669653479932728, AUROC test unknown: 0.5795390671185884, AUPR test unknown: 0.14205733362732137
2026-09-02 01:09:53,358 INFO [OUTPOST-v4] epoch 240 cur={'auroc_all': 0.8313049490573293, 'aupr_all': 0.6840732389123508, 'auroc_unknown': 0.8115125488894104, 'aupr_unknown': 0.6192273574317194, 'val_auc': 1.0} best={'auroc_all': 0.8918859521971183, 'aupr_all': 0.7043866214941289, 'auroc_unknown': 0.8792968476506494, 'aupr_unknown': 0.6351391163248765}
2026-09-02 01:09:54,298 INFO Epoch: 397, loss: -0.17939499020576477, labeled_loss: 0.010554139502346516, unnlabeled_loss: 0.01974693313241005, mixup_loss: -1.9982258081436157, energy_loss: 0.0
2026-09-02 01:09:54,298 INFO Best AUROC test all: 0.6446549874423124, AUPR test all: 0.2669653479932728, AUROC test unknown: 0.5795390671185884, AUPR test unknown: 0.14205733362732137
2026-09-02 01:09:56,470 INFO Epoch: 398, loss: -0.16753123700618744, labeled_loss: 0.01915908046066761, unnlabeled_loss: 0.026199091225862503, mixup_loss: -1.9978986978530884, energy_loss: 0.0
2026-09-02 01:09:56,470 INFO Best AUROC test all: 0.6446549874423124, AUPR test all: 0.2669653479932728, AUROC test unknown: 0.5795390671185884, AUPR test unknown: 0.14205733362732137
2026-09-02 01:09:56,924 INFO [OUTPOST-v4] epoch 241 cur={'auroc_all': 0.8139562715777917, 'aupr_all': 0.6730683555755983, 'auroc_unknown': 0.7921784540218311, 'aupr_unknown': 0.6068702668403582, 'val_auc': 1.0} best={'auroc_all': 0.8918859521971183, 'aupr_all': 0.7043866214941289, 'auroc_unknown': 0.8792968476506494, 'aupr_unknown': 0.6351391163248765}
2026-09-02 01:09:58,632 INFO Epoch: 399, loss: -0.18083740770816803, labeled_loss: 0.007905242033302784, unnlabeled_loss: 0.022244876250624657, mixup_loss: -1.9986509084701538, energy_loss: 0.0
2026-09-02 01:09:58,632 INFO Best AUROC test all: 0.6446549874423124, AUPR test all: 0.2669653479932728, AUROC test unknown: 0.5795390671185884, AUPR test unknown: 0.14205733362732137
2026-09-02 01:10:00,507 INFO [OUTPOST-v4] epoch 242 cur={'auroc_all': 0.8026087109691511, 'aupr_all': 0.6640149394057427, 'auroc_unknown': 0.7795301894226608, 'aupr_unknown': 0.5984730554189914, 'val_auc': 1.0} best={'auroc_all': 0.8918859521971183, 'aupr_all': 0.7043866214941289, 'auroc_unknown': 0.8792968476506494, 'aupr_unknown': 0.6351391163248765}
2026-09-02 01:10:04,068 INFO [OUTPOST-v4] epoch 243 cur={'auroc_all': 0.8116530808535998, 'aupr_all': 0.6639181312906355, 'auroc_unknown': 0.7895926972376777, 'aupr_unknown': 0.5969663124477945, 'val_auc': 1.0} best={'auroc_all': 0.8918859521971183, 'aupr_all': 0.7043866214941289, 'auroc_unknown': 0.8792968476506494, 'aupr_unknown': 0.6351391163248765}
2026-09-02 01:10:07,627 INFO [OUTPOST-v4] epoch 244 cur={'auroc_all': 0.8355875718892751, 'aupr_all': 0.668003306466121, 'auroc_unknown': 0.8163465409940105, 'aupr_unknown': 0.5984145082537553, 'val_auc': 1.0} best={'auroc_all': 0.8918859521971183, 'aupr_all': 0.7043866214941289, 'auroc_unknown': 0.8792968476506494, 'aupr_unknown': 0.6351391163248765}
2026-09-02 01:10:11,181 INFO [OUTPOST-v4] epoch 245 cur={'auroc_all': 0.8611033563374122, 'aupr_all': 0.6819779988783574, 'auroc_unknown': 0.8448298261488563, 'aupr_unknown': 0.6112015848741552, 'val_auc': 1.0} best={'auroc_all': 0.8918859521971183, 'aupr_all': 0.7043866214941289, 'auroc_unknown': 0.8792968476506494, 'aupr_unknown': 0.6351391163248765}
2026-09-02 01:10:14,715 INFO [OUTPOST-v4] epoch 246 cur={'auroc_all': 0.8801958487338093, 'aupr_all': 0.6941656628726933, 'auroc_unknown': 0.8661855593478277, 'aupr_unknown': 0.6244347613211313, 'val_auc': 1.0} best={'auroc_all': 0.8918859521971183, 'aupr_all': 0.7043866214941289, 'auroc_unknown': 0.8792968476506494, 'aupr_unknown': 0.6351391163248765}
2026-09-02 01:10:18,293 INFO [OUTPOST-v4] epoch 247 cur={'auroc_all': 0.8921459269716525, 'aupr_all': 0.7037118390175793, 'auroc_unknown': 0.8795760837182581, 'aupr_unknown': 0.6347804491498114, 'val_auc': 1.0} best={'auroc_all': 0.8921459269716525, 'aupr_all': 0.7043866214941289, 'auroc_unknown': 0.8795760837182581, 'aupr_unknown': 0.6351391163248765}
2026-09-02 01:10:21,820 INFO [OUTPOST-v4] epoch 248 cur={'auroc_all': 0.8922453068303251, 'aupr_all': 0.701544933161775, 'auroc_unknown': 0.879694451066035, 'aupr_unknown': 0.6323965010379953, 'val_auc': 0.9997126436781609} best={'auroc_all': 0.8922453068303251, 'aupr_all': 0.7043866214941289, 'auroc_unknown': 0.879694451066035, 'aupr_unknown': 0.6351391163248765}
2026-09-02 01:10:25,394 INFO [OUTPOST-v4] epoch 249 cur={'auroc_all': 0.8837995555268505, 'aupr_all': 0.694966029706963, 'auroc_unknown': 0.8702116404071836, 'aupr_unknown': 0.625362026323397, 'val_auc': 1.0} best={'auroc_all': 0.8922453068303251, 'aupr_all': 0.7043866214941289, 'auroc_unknown': 0.879694451066035, 'aupr_unknown': 0.6351391163248765}
2026-09-02 01:10:28,917 INFO [OUTPOST-v4] epoch 250 cur={'auroc_all': 0.8724784167038528, 'aupr_all': 0.6827865685158218, 'auroc_unknown': 0.8575427154188202, 'aupr_unknown': 0.6110858103556716, 'val_auc': 1.0} best={'auroc_all': 0.8922453068303251, 'aupr_all': 0.7043866214941289, 'auroc_unknown': 0.879694451066035, 'aupr_unknown': 0.6351391163248765}
2026-09-02 01:10:32,495 INFO [OUTPOST-v4] epoch 251 cur={'auroc_all': 0.8673913284800427, 'aupr_all': 0.6738892493792366, 'auroc_unknown': 0.851895987233984, 'aupr_unknown': 0.6020028492033278, 'val_auc': 1.0} best={'auroc_all': 0.8922453068303251, 'aupr_all': 0.7043866214941289, 'auroc_unknown': 0.879694451066035, 'aupr_unknown': 0.6351391163248765}
2026-09-02 01:10:36,058 INFO [OUTPOST-v4] epoch 252 cur={'auroc_all': 0.8600846726487547, 'aupr_all': 0.6717751365129657, 'auroc_unknown': 0.8437218389912515, 'aupr_unknown': 0.5994856315616528, 'val_auc': 1.0} best={'auroc_all': 0.8922453068303251, 'aupr_all': 0.7043866214941289, 'auroc_unknown': 0.879694451066035, 'aupr_unknown': 0.6351391163248765}
2026-09-02 01:10:39,636 INFO [OUTPOST-v4] epoch 253 cur={'auroc_all': 0.8622670846201721, 'aupr_all': 0.6720660242570216, 'auroc_unknown': 0.8461680290717598, 'aupr_unknown': 0.59883259942434, 'val_auc': 1.0} best={'auroc_all': 0.8922453068303251, 'aupr_all': 0.7043866214941289, 'auroc_unknown': 0.879694451066035, 'aupr_unknown': 0.6351391163248765}
2026-09-02 01:10:43,282 INFO [OUTPOST-v4] epoch 254 cur={'auroc_all': 0.8653359108029874, 'aupr_all': 0.6780358338142517, 'auroc_unknown': 0.8496072780827815, 'aupr_unknown': 0.6069135516957316, 'val_auc': 1.0} best={'auroc_all': 0.8922453068303251, 'aupr_all': 0.7043866214941289, 'auroc_unknown': 0.879694451066035, 'aupr_unknown': 0.6351391163248765}
2026-09-02 01:10:45,478 INFO [OUTPOST-v4] epoch 255 cur={'auroc_all': 0.8661613622485527, 'aupr_all': 0.6807564074588386, 'auroc_unknown': 0.8504897718497603, 'aupr_unknown': 0.6087942991521244, 'val_auc': 1.0} best={'auroc_all': 0.8922453068303251, 'aupr_all': 0.7043866214941289, 'auroc_unknown': 0.879694451066035, 'aupr_unknown': 0.6351391163248765}
2026-09-02 01:10:47,642 INFO [OUTPOST-v4] epoch 256 cur={'auroc_all': 0.8657147606773372, 'aupr_all': 0.6851557189038283, 'auroc_unknown': 0.8499782154803137, 'aupr_unknown': 0.6149665146620984, 'val_auc': 1.0} best={'auroc_all': 0.8922453068303251, 'aupr_all': 0.7043866214941289, 'auroc_unknown': 0.879694451066035, 'aupr_unknown': 0.6351391163248765}
2026-09-02 01:10:49,802 INFO [OUTPOST-v4] epoch 257 cur={'auroc_all': 0.8666397295950421, 'aupr_all': 0.6865693331938356, 'auroc_unknown': 0.8510151103670291, 'aupr_unknown': 0.6165212565159479, 'val_auc': 1.0} best={'auroc_all': 0.8922453068303251, 'aupr_all': 0.7043866214941289, 'auroc_unknown': 0.879694451066035, 'aupr_unknown': 0.6351391163248765}
2026-09-02 01:10:51,957 INFO [OUTPOST-v4] epoch 258 cur={'auroc_all': 0.8630655867618046, 'aupr_all': 0.6840158870876174, 'auroc_unknown': 0.8470157723207659, 'aupr_unknown': 0.6140721549221465, 'val_auc': 1.0} best={'auroc_all': 0.8922453068303251, 'aupr_all': 0.7043866214941289, 'auroc_unknown': 0.879694451066035, 'aupr_unknown': 0.6351391163248765}
2026-09-02 01:10:54,115 INFO [OUTPOST-v4] epoch 259 cur={'auroc_all': 0.8660741153105441, 'aupr_all': 0.6901795552584961, 'auroc_unknown': 0.8503819271846783, 'aupr_unknown': 0.621253904346215, 'val_auc': 1.0} best={'auroc_all': 0.8922453068303251, 'aupr_all': 0.7043866214941289, 'auroc_unknown': 0.879694451066035, 'aupr_unknown': 0.6351391163248765}
2026-09-02 01:10:56,284 INFO [OUTPOST-v4] epoch 260 cur={'auroc_all': 0.8681629730600537, 'aupr_all': 0.6954363640110274, 'auroc_unknown': 0.8527208115667791, 'aupr_unknown': 0.6282094073407086, 'val_auc': 0.9997126436781609} best={'auroc_all': 0.8922453068303251, 'aupr_all': 0.7043866214941289, 'auroc_unknown': 0.879694451066035, 'aupr_unknown': 0.6351391163248765}
2026-09-02 01:10:58,410 INFO [OUTPOST-v4] epoch 261 cur={'auroc_all': 0.8609700547591507, 'aupr_all': 0.692092462907339, 'auroc_unknown': 0.8446848954435451, 'aupr_unknown': 0.6263477159550362, 'val_auc': 0.9997126436781609} best={'auroc_all': 0.8922453068303251, 'aupr_all': 0.7043866214941289, 'auroc_unknown': 0.879694451066035, 'aupr_unknown': 0.6351391163248765}
2026-09-02 01:11:00,535 INFO [OUTPOST-v4] epoch 262 cur={'auroc_all': 0.8421205418741267, 'aupr_all': 0.6843674842537552, 'auroc_unknown': 0.8236010580993757, 'aupr_unknown': 0.6186798800011877, 'val_auc': 1.0} best={'auroc_all': 0.8922453068303251, 'aupr_all': 0.7043866214941289, 'auroc_unknown': 0.879694451066035, 'aupr_unknown': 0.6351391163248765}
2026-09-02 01:11:02,683 INFO [OUTPOST-v4] epoch 263 cur={'auroc_all': 0.8226950248878542, 'aupr_all': 0.6753296355518765, 'auroc_unknown': 0.8019021314540745, 'aupr_unknown': 0.6097833606938278, 'val_auc': 1.0} best={'auroc_all': 0.8922453068303251, 'aupr_all': 0.7043866214941289, 'auroc_unknown': 0.879694451066035, 'aupr_unknown': 0.6351391163248765}
2026-09-02 01:11:04,823 INFO [OUTPOST-v4] epoch 264 cur={'auroc_all': 0.820239931831793, 'aupr_all': 0.6712915346136449, 'auroc_unknown': 0.7991843534997211, 'aupr_unknown': 0.6055367965195212, 'val_auc': 1.0} best={'auroc_all': 0.8922453068303251, 'aupr_all': 0.7043866214941289, 'auroc_unknown': 0.879694451066035, 'aupr_unknown': 0.6351391163248765}
2026-09-02 01:11:07,010 INFO [OUTPOST-v4] epoch 265 cur={'auroc_all': 0.8162478110284533, 'aupr_all': 0.6687165241438467, 'auroc_unknown': 0.7947270734355953, 'aupr_unknown': 0.6035328835634668, 'val_auc': 1.0} best={'auroc_all': 0.8922453068303251, 'aupr_all': 0.7043866214941289, 'auroc_unknown': 0.879694451066035, 'aupr_unknown': 0.6351391163248765}
2026-09-02 01:11:09,176 INFO [OUTPOST-v4] epoch 266 cur={'auroc_all': 0.8363730466227086, 'aupr_all': 0.6770097723986757, 'auroc_unknown': 0.8172164332068353, 'aupr_unknown': 0.6097163162094666, 'val_auc': 1.0} best={'auroc_all': 0.8922453068303251, 'aupr_all': 0.7043866214941289, 'auroc_unknown': 0.879694451066035, 'aupr_unknown': 0.6351391163248765}
2026-09-02 01:11:11,341 INFO [OUTPOST-v4] epoch 267 cur={'auroc_all': 0.8601018284609603, 'aupr_all': 0.6879727465885856, 'auroc_unknown': 0.8437138571514512, 'aupr_unknown': 0.619731581619624, 'val_auc': 1.0} best={'auroc_all': 0.8922453068303251, 'aupr_all': 0.7043866214941289, 'auroc_unknown': 0.879694451066035, 'aupr_unknown': 0.6351391163248765}
2026-09-02 01:11:13,508 INFO [OUTPOST-v4] epoch 268 cur={'auroc_all': 0.8780735050406896, 'aupr_all': 0.6997405904671093, 'auroc_unknown': 0.8638105898636076, 'aupr_unknown': 0.6319145563036811, 'val_auc': 1.0} best={'auroc_all': 0.8922453068303251, 'aupr_all': 0.7043866214941289, 'auroc_unknown': 0.879694451066035, 'aupr_unknown': 0.6351391163248765}
2026-09-02 01:11:15,664 INFO [OUTPOST-v4] epoch 269 cur={'auroc_all': 0.8790586339790036, 'aupr_all': 0.6943721851459421, 'auroc_unknown': 0.8649290483737476, 'aupr_unknown': 0.6249602183314349, 'val_auc': 1.0} best={'auroc_all': 0.8922453068303251, 'aupr_all': 0.7043866214941289, 'auroc_unknown': 0.879694451066035, 'aupr_unknown': 0.6351391163248765}
2026-09-02 01:11:17,820 INFO [OUTPOST-v4] epoch 270 cur={'auroc_all': 0.869792568799394, 'aupr_all': 0.6872826375167279, 'auroc_unknown': 0.8545561727493932, 'aupr_unknown': 0.6177427301124697, 'val_auc': 1.0} best={'auroc_all': 0.8922453068303251, 'aupr_all': 0.7043866214941289, 'auroc_unknown': 0.879694451066035, 'aupr_unknown': 0.6351391163248765}
2026-09-02 01:11:19,963 INFO [OUTPOST-v4] epoch 271 cur={'auroc_all': 0.8599873111209295, 'aupr_all': 0.6745680501510886, 'auroc_unknown': 0.843646152671088, 'aupr_unknown': 0.6040878081166525, 'val_auc': 0.9991379310344828} best={'auroc_all': 0.8922453068303251, 'aupr_all': 0.7043866214941289, 'auroc_unknown': 0.879694451066035, 'aupr_unknown': 0.6351391163248765}
2026-09-02 01:11:22,082 INFO [OUTPOST-v4] epoch 272 cur={'auroc_all': 0.8538398652635719, 'aupr_all': 0.67002161465149, 'auroc_unknown': 0.8367668590315723, 'aupr_unknown': 0.5994197710139507, 'val_auc': 0.9997126436781609} best={'auroc_all': 0.8922453068303251, 'aupr_all': 0.7043866214941289, 'auroc_unknown': 0.879694451066035, 'aupr_unknown': 0.6351391163248765}
2026-09-02 01:11:24,200 INFO [OUTPOST-v4] epoch 273 cur={'auroc_all': 0.852886502100532, 'aupr_all': 0.6660201683921141, 'auroc_unknown': 0.8357348405100082, 'aupr_unknown': 0.5946412236835742, 'val_auc': 0.9994252873563219} best={'auroc_all': 0.8922453068303251, 'aupr_all': 0.7043866214941289, 'auroc_unknown': 0.879694451066035, 'aupr_unknown': 0.6351391163248765}
2026-09-02 01:11:26,326 INFO [OUTPOST-v4] epoch 274 cur={'auroc_all': 0.8571870834899069, 'aupr_all': 0.6673771898471283, 'auroc_unknown': 0.8405348007188685, 'aupr_unknown': 0.5936800821310124, 'val_auc': 1.0} best={'auroc_all': 0.8922453068303251, 'aupr_all': 0.7043866214941289, 'auroc_unknown': 0.879694451066035, 'aupr_unknown': 0.6351391163248765}
2026-09-02 01:11:28,480 INFO [OUTPOST-v4] epoch 275 cur={'auroc_all': 0.866079688655953, 'aupr_all': 0.6767759793525365, 'auroc_unknown': 0.8504199371677783, 'aupr_unknown': 0.6049992872409251, 'val_auc': 1.0} best={'auroc_all': 0.8922453068303251, 'aupr_all': 0.7043866214941289, 'auroc_unknown': 0.879694451066035, 'aupr_unknown': 0.6351391163248765}
2026-09-02 01:11:30,612 INFO [OUTPOST-v4] epoch 276 cur={'auroc_all': 0.8746867458782015, 'aupr_all': 0.6863088452714139, 'auroc_unknown': 0.8600360522508173, 'aupr_unknown': 0.6154460816297245, 'val_auc': 1.0} best={'auroc_all': 0.8922453068303251, 'aupr_all': 0.7043866214941289, 'auroc_unknown': 0.879694451066035, 'aupr_unknown': 0.6351391163248765}
2026-09-02 01:11:32,715 INFO [OUTPOST-v4] epoch 277 cur={'auroc_all': 0.8732816665100931, 'aupr_all': 0.682724492392583, 'auroc_unknown': 0.858468429180087, 'aupr_unknown': 0.6117259177570497, 'val_auc': 1.0} best={'auroc_all': 0.8922453068303251, 'aupr_all': 0.7043866214941289, 'auroc_unknown': 0.879694451066035, 'aupr_unknown': 0.6351391163248765}
2026-09-02 01:11:34,814 INFO [OUTPOST-v4] epoch 278 cur={'auroc_all': 0.8598299959926957, 'aupr_all': 0.6743329886545535, 'auroc_unknown': 0.8434377265584914, 'aupr_unknown': 0.6031906845148816, 'val_auc': 0.9994252873563219} best={'auroc_all': 0.8922453068303251, 'aupr_all': 0.7043866214941289, 'auroc_unknown': 0.879694451066035, 'aupr_unknown': 0.6351391163248765}
2026-09-02 01:11:36,914 INFO [OUTPOST-v4] epoch 279 cur={'auroc_all': 0.8551439363469826, 'aupr_all': 0.6660911490300501, 'auroc_unknown': 0.8382383407135837, 'aupr_unknown': 0.5944158487937227, 'val_auc': 0.9997126436781609} best={'auroc_all': 0.8922453068303251, 'aupr_all': 0.7043866214941289, 'auroc_unknown': 0.879694451066035, 'aupr_unknown': 0.6351391163248765}
2026-09-02 01:11:39,029 INFO [OUTPOST-v4] epoch 280 cur={'auroc_all': 0.8485544760339726, 'aupr_all': 0.6636537465427748, 'auroc_unknown': 0.8308765435748909, 'aupr_unknown': 0.5920723985860115, 'val_auc': 0.9994252873563219} best={'auroc_all': 0.8922453068303251, 'aupr_all': 0.7043866214941289, 'auroc_unknown': 0.879694451066035, 'aupr_unknown': 0.6351391163248765}
2026-09-02 01:11:41,136 INFO [OUTPOST-v4] epoch 281 cur={'auroc_all': 0.8532731500713389, 'aupr_all': 0.6694140393789059, 'auroc_unknown': 0.8361545415590529, 'aupr_unknown': 0.5989711015750101, 'val_auc': 1.0} best={'auroc_all': 0.8922453068303251, 'aupr_all': 0.7043866214941289, 'auroc_unknown': 0.879694451066035, 'aupr_unknown': 0.6351391163248765}
2026-09-02 01:11:43,235 INFO [OUTPOST-v4] epoch 282 cur={'auroc_all': 0.8617572496609205, 'aupr_all': 0.6799963050526479, 'auroc_unknown': 0.8456085046682726, 'aupr_unknown': 0.6103823875760089, 'val_auc': 1.0} best={'auroc_all': 0.8922453068303251, 'aupr_all': 0.7043866214941289, 'auroc_unknown': 0.879694451066035, 'aupr_unknown': 0.6351391163248765}
2026-09-02 01:11:45,357 INFO [OUTPOST-v4] epoch 283 cur={'auroc_all': 0.8731395806055285, 'aupr_all': 0.690764177343624, 'auroc_unknown': 0.8583620730896302, 'aupr_unknown': 0.6221003531513002, 'val_auc': 1.0} best={'auroc_all': 0.8922453068303251, 'aupr_all': 0.7043866214941289, 'auroc_unknown': 0.879694451066035, 'aupr_unknown': 0.6351391163248765}
2026-09-02 01:11:47,455 INFO [OUTPOST-v4] epoch 284 cur={'auroc_all': 0.8790820512039527, 'aupr_all': 0.703377708508187, 'auroc_unknown': 0.8649737826077405, 'aupr_unknown': 0.636925980264807, 'val_auc': 0.9997126436781609} best={'auroc_all': 0.8922453068303251, 'aupr_all': 0.7043866214941289, 'auroc_unknown': 0.879694451066035, 'aupr_unknown': 0.636925980264807}
2026-09-02 01:11:49,565 INFO [OUTPOST-v4] epoch 285 cur={'auroc_all': 0.8711926940826944, 'aupr_all': 0.700209125854775, 'auroc_unknown': 0.8561510521348112, 'aupr_unknown': 0.6337087692819808, 'val_auc': 1.0} best={'auroc_all': 0.8922453068303251, 'aupr_all': 0.7043866214941289, 'auroc_unknown': 0.879694451066035, 'aupr_unknown': 0.636925980264807}
2026-09-02 01:11:51,673 INFO [OUTPOST-v4] epoch 286 cur={'auroc_all': 0.8523004980873563, 'aupr_all': 0.6893051946348696, 'auroc_unknown': 0.8350169625645041, 'aupr_unknown': 0.6245230079453552, 'val_auc': 1.0} best={'auroc_all': 0.8922453068303251, 'aupr_all': 0.7043866214941289, 'auroc_unknown': 0.879694451066035, 'aupr_unknown': 0.636925980264807}
2026-09-02 01:11:53,776 INFO [OUTPOST-v4] epoch 287 cur={'auroc_all': 0.8320169381994433, 'aupr_all': 0.6762444506665625, 'auroc_unknown': 0.812379848929181, 'aupr_unknown': 0.6087801217040358, 'val_auc': 1.0} best={'auroc_all': 0.8922453068303251, 'aupr_all': 0.7043866214941289, 'auroc_unknown': 0.879694451066035, 'aupr_unknown': 0.636925980264807}
2026-09-02 01:11:55,874 INFO [OUTPOST-v4] epoch 288 cur={'auroc_all': 0.817161518577451, 'aupr_all': 0.6683072260979759, 'auroc_unknown': 0.7957622230968882, 'aupr_unknown': 0.6005556262430387, 'val_auc': 1.0} best={'auroc_all': 0.8922453068303251, 'aupr_all': 0.7043866214941289, 'auroc_unknown': 0.879694451066035, 'aupr_unknown': 0.636925980264807}
2026-09-02 01:11:57,976 INFO [OUTPOST-v4] epoch 289 cur={'auroc_all': 0.8110448293299435, 'aupr_all': 0.6647410729959535, 'auroc_unknown': 0.7889557412886046, 'aupr_unknown': 0.5990231143790758, 'val_auc': 1.0} best={'auroc_all': 0.8922453068303251, 'aupr_all': 0.7043866214941289, 'auroc_unknown': 0.879694451066035, 'aupr_unknown': 0.636925980264807}
2026-09-02 01:12:00,089 INFO [OUTPOST-v4] epoch 290 cur={'auroc_all': 0.816249462390056, 'aupr_all': 0.6666395610775435, 'auroc_unknown': 0.7947393670087926, 'aupr_unknown': 0.5990112335963096, 'val_auc': 1.0} best={'auroc_all': 0.8922453068303251, 'aupr_all': 0.7043866214941289, 'auroc_unknown': 0.879694451066035, 'aupr_unknown': 0.636925980264807}
2026-09-02 01:12:02,190 INFO [OUTPOST-v4] epoch 291 cur={'auroc_all': 0.8339583201836022, 'aupr_all': 0.6763661269840602, 'auroc_unknown': 0.8144882352301059, 'aupr_unknown': 0.6082232821560409, 'val_auc': 1.0} best={'auroc_all': 0.8922453068303251, 'aupr_all': 0.7043866214941289, 'auroc_unknown': 0.879694451066035, 'aupr_unknown': 0.636925980264807}
2026-09-02 01:12:04,287 INFO [OUTPOST-v4] epoch 292 cur={'auroc_all': 0.8541001840717732, 'aupr_all': 0.6846530662139862, 'auroc_unknown': 0.8370129614812323, 'aupr_unknown': 0.6173208298980186, 'val_auc': 1.0} best={'auroc_all': 0.8922453068303251, 'aupr_all': 0.7043866214941289, 'auroc_unknown': 0.879694451066035, 'aupr_unknown': 0.636925980264807}
2026-09-02 01:12:06,379 INFO [OUTPOST-v4] epoch 293 cur={'auroc_all': 0.8716349378941249, 'aupr_all': 0.6985792099556554, 'auroc_unknown': 0.8566187468829761, 'aupr_unknown': 0.631416066341357, 'val_auc': 1.0} best={'auroc_all': 0.8922453068303251, 'aupr_all': 0.7043866214941289, 'auroc_unknown': 0.879694451066035, 'aupr_unknown': 0.636925980264807}
2026-09-02 01:12:08,472 INFO [OUTPOST-v4] epoch 294 cur={'auroc_all': 0.88082588905639, 'aupr_all': 0.7040680846576373, 'auroc_unknown': 0.8669231994047344, 'aupr_unknown': 0.6374688633339194, 'val_auc': 1.0} best={'auroc_all': 0.8922453068303251, 'aupr_all': 0.7043866214941289, 'auroc_unknown': 0.879694451066035, 'aupr_unknown': 0.6374688633339194}
2026-09-02 01:12:10,593 INFO [OUTPOST-v4] epoch 295 cur={'auroc_all': 0.8801597710699061, 'aupr_all': 0.7031998219922633, 'auroc_unknown': 0.8661598942680843, 'aupr_unknown': 0.6377956541442678, 'val_auc': 1.0} best={'auroc_all': 0.8922453068303251, 'aupr_all': 0.7043866214941289, 'auroc_unknown': 0.879694451066035, 'aupr_unknown': 0.6377956541442678}
2026-09-02 01:12:12,724 INFO [OUTPOST-v4] epoch 296 cur={'auroc_all': 0.8699781864306516, 'aupr_all': 0.6940936897427349, 'auroc_unknown': 0.8547633412730824, 'aupr_unknown': 0.6262106868808309, 'val_auc': 1.0} best={'auroc_all': 0.8922453068303251, 'aupr_all': 0.7043866214941289, 'auroc_unknown': 0.879694451066035, 'aupr_unknown': 0.6377956541442678}
2026-09-02 01:12:14,849 INFO [OUTPOST-v4] epoch 297 cur={'auroc_all': 0.8576269420012449, 'aupr_all': 0.6791527155715976, 'auroc_unknown': 0.8409676166236623, 'aupr_unknown': 0.6089726482991616, 'val_auc': 0.9994252873563219} best={'auroc_all': 0.8922453068303251, 'aupr_all': 0.7043866214941289, 'auroc_unknown': 0.879694451066035, 'aupr_unknown': 0.6377956541442678}
2026-09-02 01:12:16,973 INFO [OUTPOST-v4] epoch 298 cur={'auroc_all': 0.849155135881372, 'aupr_all': 0.6712273566726751, 'auroc_unknown': 0.8315381123354381, 'aupr_unknown': 0.6005552697888151, 'val_auc': 1.0} best={'auroc_all': 0.8922453068303251, 'aupr_all': 0.7043866214941289, 'auroc_unknown': 0.879694451066035, 'aupr_unknown': 0.6377956541442678}
2026-09-02 01:12:19,094 INFO [OUTPOST-v4] epoch 299 cur={'auroc_all': 0.842000795222354, 'aupr_all': 0.6646854797390722, 'auroc_unknown': 0.823562996786116, 'aupr_unknown': 0.5940684971074438, 'val_auc': 0.9994252873563219} best={'auroc_all': 0.8922453068303251, 'aupr_all': 0.7043866214941289, 'auroc_unknown': 0.879694451066035, 'aupr_unknown': 0.6377956541442678}
2026-09-02 01:12:21,194 INFO [OUTPOST-v4] epoch 300 cur={'auroc_all': 0.841198256419026, 'aupr_all': 0.6666411208812507, 'auroc_unknown': 0.8226583797203986, 'aupr_unknown': 0.5971301561783128, 'val_auc': 1.0} best={'auroc_all': 0.8922453068303251, 'aupr_all': 0.7043866214941289, 'auroc_unknown': 0.879694451066035, 'aupr_unknown': 0.6377956541442678}
2026-09-02 01:12:23,318 INFO [OUTPOST-v4] epoch 301 cur={'auroc_all': 0.8458537888106674, 'aupr_all': 0.6741502937907213, 'auroc_unknown': 0.8278310482172934, 'aupr_unknown': 0.6049525118276363, 'val_auc': 1.0} best={'auroc_all': 0.8922453068303251, 'aupr_all': 0.7043866214941289, 'auroc_unknown': 0.879694451066035, 'aupr_unknown': 0.6377956541442678}
2026-09-02 01:12:25,414 INFO [OUTPOST-v4] epoch 302 cur={'auroc_all': 0.8495311417440727, 'aupr_all': 0.6795184718423057, 'auroc_unknown': 0.8319165952664147, 'aupr_unknown': 0.6106490778663998, 'val_auc': 1.0} best={'auroc_all': 0.8922453068303251, 'aupr_all': 0.7043866214941289, 'auroc_unknown': 0.879694451066035, 'aupr_unknown': 0.6377956541442678}
2026-09-02 01:12:27,522 INFO [OUTPOST-v4] epoch 303 cur={'auroc_all': 0.8545894228821471, 'aupr_all': 0.6861918961325099, 'auroc_unknown': 0.8375424834064994, 'aupr_unknown': 0.6183336335129632, 'val_auc': 1.0} best={'auroc_all': 0.8922453068303251, 'aupr_all': 0.7043866214941289, 'auroc_unknown': 0.879694451066035, 'aupr_unknown': 0.6377956541442678}
2026-09-02 01:12:29,639 INFO [OUTPOST-v4] epoch 304 cur={'auroc_all': 0.8676859589126555, 'aupr_all': 0.6973977051441539, 'auroc_unknown': 0.8522050717893345, 'aupr_unknown': 0.6318234968187393, 'val_auc': 1.0} best={'auroc_all': 0.8922453068303251, 'aupr_all': 0.7043866214941289, 'auroc_unknown': 0.879694451066035, 'aupr_unknown': 0.6377956541442678}
2026-09-02 01:12:31,754 INFO [OUTPOST-v4] epoch 305 cur={'auroc_all': 0.8801850002055028, 'aupr_all': 0.7083997121015188, 'auroc_unknown': 0.8661763712492797, 'aupr_unknown': 0.6445576435759313, 'val_auc': 1.0} best={'auroc_all': 0.8922453068303251, 'aupr_all': 0.7083997121015188, 'auroc_unknown': 0.879694451066035, 'aupr_unknown': 0.6445576435759313}
2026-09-02 01:12:33,866 INFO [OUTPOST-v4] epoch 306 cur={'auroc_all': 0.8772762872914147, 'aupr_all': 0.7106594660685454, 'auroc_unknown': 0.8629139289726104, 'aupr_unknown': 0.6466858626711838, 'val_auc': 0.9997126436781609} best={'auroc_all': 0.8922453068303251, 'aupr_all': 0.7106594660685454, 'auroc_unknown': 0.879694451066035, 'aupr_unknown': 0.6466858626711838}
2026-09-02 01:12:35,961 INFO [OUTPOST-v4] epoch 307 cur={'auroc_all': 0.8573556599868478, 'aupr_all': 0.6984970828018924, 'auroc_unknown': 0.8406518078174191, 'aupr_unknown': 0.634026605390132, 'val_auc': 1.0} best={'auroc_all': 0.8922453068303251, 'aupr_all': 0.7106594660685454, 'auroc_unknown': 0.879694451066035, 'aupr_unknown': 0.6466858626711838}
2026-09-02 01:12:38,065 INFO [OUTPOST-v4] epoch 308 cur={'auroc_all': 0.8473904954598565, 'aupr_all': 0.6900499640926291, 'auroc_unknown': 0.829506259302308, 'aupr_unknown': 0.6244770973699878, 'val_auc': 1.0} best={'auroc_all': 0.8922453068303251, 'aupr_all': 0.7106594660685454, 'auroc_unknown': 0.879694451066035, 'aupr_unknown': 0.6466858626711838}
2026-09-02 01:12:40,164 INFO [OUTPOST-v4] epoch 309 cur={'auroc_all': 0.845737849464812, 'aupr_all': 0.6889059377546047, 'auroc_unknown': 0.8276563973496391, 'aupr_unknown': 0.6229092871671553, 'val_auc': 1.0} best={'auroc_all': 0.8922453068303251, 'aupr_all': 0.7106594660685454, 'auroc_unknown': 0.879694451066035, 'aupr_unknown': 0.6466858626711838}
2026-09-02 01:12:42,325 INFO [OUTPOST-v4] epoch 310 cur={'auroc_all': 0.846240826686297, 'aupr_all': 0.6892700788387308, 'auroc_unknown': 0.8282337846486276, 'aupr_unknown': 0.625711189372517, 'val_auc': 1.0} best={'auroc_all': 0.8922453068303251, 'aupr_all': 0.7106594660685454, 'auroc_unknown': 0.879694451066035, 'aupr_unknown': 0.6466858626711838}
2026-09-02 01:12:44,432 INFO [OUTPOST-v4] epoch 311 cur={'auroc_all': 0.8433533750528436, 'aupr_all': 0.6878794058787103, 'auroc_unknown': 0.8250094550153775, 'aupr_unknown': 0.6236722899688034, 'val_auc': 1.0} best={'auroc_all': 0.8922453068303251, 'aupr_all': 0.7106594660685454, 'auroc_unknown': 0.879694451066035, 'aupr_unknown': 0.6466858626711838}
2026-09-02 01:12:46,517 INFO [OUTPOST-v4] epoch 312 cur={'auroc_all': 0.8466876576132907, 'aupr_all': 0.6932174258984527, 'auroc_unknown': 0.8287383857814637, 'aupr_unknown': 0.6305343274854892, 'val_auc': 1.0} best={'auroc_all': 0.8922453068303251, 'aupr_all': 0.7106594660685454, 'auroc_unknown': 0.879694451066035, 'aupr_unknown': 0.6466858626711838}
2026-09-02 01:12:48,609 INFO [OUTPOST-v4] epoch 313 cur={'auroc_all': 0.8482360843427433, 'aupr_all': 0.6925477962620828, 'auroc_unknown': 0.830478965824585, 'aupr_unknown': 0.6308798626017523, 'val_auc': 1.0} best={'auroc_all': 0.8922453068303251, 'aupr_all': 0.7106594660685454, 'auroc_unknown': 0.879694451066035, 'aupr_unknown': 0.6466858626711838}
2026-09-02 01:12:50,696 INFO [OUTPOST-v4] epoch 314 cur={'auroc_all': 0.8441233682712519, 'aupr_all': 0.6930801036548557, 'auroc_unknown': 0.8258600984183946, 'aupr_unknown': 0.6312636776309677, 'val_auc': 1.0} best={'auroc_all': 0.8922453068303251, 'aupr_all': 0.7106594660685454, 'auroc_unknown': 0.879694451066035, 'aupr_unknown': 0.6466858626711838}
2026-09-02 01:12:52,788 INFO [OUTPOST-v4] epoch 315 cur={'auroc_all': 0.8354813113572577, 'aupr_all': 0.6867330726668683, 'auroc_unknown': 0.8162418531337371, 'aupr_unknown': 0.6229104582950622, 'val_auc': 1.0} best={'auroc_all': 0.8922453068303251, 'aupr_all': 0.7106594660685454, 'auroc_unknown': 0.879694451066035, 'aupr_unknown': 0.6466858626711838}
2026-09-02 01:12:54,870 INFO [OUTPOST-v4] epoch 316 cur={'auroc_all': 0.8224278254063084, 'aupr_all': 0.6789833020077751, 'auroc_unknown': 0.801645275336002, 'aupr_unknown': 0.6165392009608297, 'val_auc': 1.0} best={'auroc_all': 0.8922453068303251, 'aupr_all': 0.7106594660685454, 'auroc_unknown': 0.879694451066035, 'aupr_unknown': 0.6466858626711838}
2026-09-02 01:12:56,955 INFO [OUTPOST-v4] epoch 317 cur={'auroc_all': 0.8137458835224938, 'aupr_all': 0.6724477344769033, 'auroc_unknown': 0.7919765725045689, 'aupr_unknown': 0.6080295748164573, 'val_auc': 0.9994252873563219} best={'auroc_all': 0.8922453068303251, 'aupr_all': 0.7106594660685454, 'auroc_unknown': 0.879694451066035, 'aupr_unknown': 0.6466858626711838}
2026-09-02 01:12:59,041 INFO [OUTPOST-v4] epoch 318 cur={'auroc_all': 0.8147907137698605, 'aupr_all': 0.6701286905262466, 'auroc_unknown': 0.7931752857190667, 'aupr_unknown': 0.6051897608671515, 'val_auc': 1.0} best={'auroc_all': 0.8922453068303251, 'aupr_all': 0.7106594660685454, 'auroc_unknown': 0.879694451066035, 'aupr_unknown': 0.6466858626711838}
2026-09-02 01:13:01,141 INFO [OUTPOST-v4] epoch 319 cur={'auroc_all': 0.8187846923550032, 'aupr_all': 0.6694562342959183, 'auroc_unknown': 0.7975931442207065, 'aupr_unknown': 0.6053765497585546, 'val_auc': 0.9997126436781609} best={'auroc_all': 0.8922453068303251, 'aupr_all': 0.7106594660685454, 'auroc_unknown': 0.879694451066035, 'aupr_unknown': 0.6466858626711838}
2026-09-02 01:13:03,235 INFO [OUTPOST-v4] epoch 320 cur={'auroc_all': 0.8306328219494581, 'aupr_all': 0.6790541733156232, 'auroc_unknown': 0.8108201820331712, 'aupr_unknown': 0.6156230186894427, 'val_auc': 0.9997126436781609} best={'auroc_all': 0.8922453068303251, 'aupr_all': 0.7106594660685454, 'auroc_unknown': 0.879694451066035, 'aupr_unknown': 0.6466858626711838}
2026-09-02 01:13:05,316 INFO [OUTPOST-v4] epoch 321 cur={'auroc_all': 0.8427736324524114, 'aupr_all': 0.6864755200919239, 'auroc_unknown': 0.8243579213010102, 'aupr_unknown': 0.623236469852331, 'val_auc': 1.0} best={'auroc_all': 0.8922453068303251, 'aupr_all': 0.7106594660685454, 'auroc_unknown': 0.879694451066035, 'aupr_unknown': 0.6466858626711838}
2026-09-02 01:13:07,407 INFO [OUTPOST-v4] epoch 322 cur={'auroc_all': 0.8511151415547165, 'aupr_all': 0.692839925712166, 'auroc_unknown': 0.8337184891850433, 'aupr_unknown': 0.6312457281682045, 'val_auc': 0.9994252873563219} best={'auroc_all': 0.8922453068303251, 'aupr_all': 0.7106594660685454, 'auroc_unknown': 0.879694451066035, 'aupr_unknown': 0.6466858626711838}
2026-09-02 01:13:09,496 INFO [OUTPOST-v4] epoch 323 cur={'auroc_all': 0.8436091984877931, 'aupr_all': 0.6827451883704363, 'auroc_unknown': 0.8253396619313568, 'aupr_unknown': 0.6193186777420727, 'val_auc': 0.9991379310344828} best={'auroc_all': 0.8922453068303251, 'aupr_all': 0.7106594660685454, 'auroc_unknown': 0.879694451066035, 'aupr_unknown': 0.6466858626711838}
2026-09-02 01:13:11,612 INFO [OUTPOST-v4] epoch 324 cur={'auroc_all': 0.8432410824638609, 'aupr_all': 0.6863749536490478, 'auroc_unknown': 0.8249458056176137, 'aupr_unknown': 0.6247059577367792, 'val_auc': 1.0} best={'auroc_all': 0.8922453068303251, 'aupr_all': 0.7106594660685454, 'auroc_unknown': 0.879694451066035, 'aupr_unknown': 0.6466858626711838}
2026-09-02 01:13:13,753 INFO [OUTPOST-v4] epoch 325 cur={'auroc_all': 0.8402687462569136, 'aupr_all': 0.684805758245307, 'auroc_unknown': 0.821584373128374, 'aupr_unknown': 0.6221479219885745, 'val_auc': 1.0} best={'auroc_all': 0.8922453068303251, 'aupr_all': 0.7106594660685454, 'auroc_unknown': 0.879694451066035, 'aupr_unknown': 0.6466858626711838}
2026-09-02 01:13:15,877 INFO [OUTPOST-v4] epoch 326 cur={'auroc_all': 0.842214646549902, 'aupr_all': 0.6876590091135408, 'auroc_unknown': 0.8237655199303716, 'aupr_unknown': 0.6248973351258771, 'val_auc': 1.0} best={'auroc_all': 0.8922453068303251, 'aupr_all': 0.7106594660685454, 'auroc_unknown': 0.879694451066035, 'aupr_unknown': 0.6466858626711838}
2026-09-02 01:13:18,013 INFO [OUTPOST-v4] epoch 327 cur={'auroc_all': 0.848762065948777, 'aupr_all': 0.6922213804366305, 'auroc_unknown': 0.8310685953666113, 'aupr_unknown': 0.6313401832325415, 'val_auc': 1.0} best={'auroc_all': 0.8922453068303251, 'aupr_all': 0.7106594660685454, 'auroc_unknown': 0.879694451066035, 'aupr_unknown': 0.6466858626711838}
2026-09-02 01:13:20,137 INFO [OUTPOST-v4] epoch 328 cur={'auroc_all': 0.853954474345914, 'aupr_all': 0.6988876812387675, 'auroc_unknown': 0.8368887168301944, 'aupr_unknown': 0.6398608950889755, 'val_auc': 1.0} best={'auroc_all': 0.8922453068303251, 'aupr_all': 0.7106594660685454, 'auroc_unknown': 0.879694451066035, 'aupr_unknown': 0.6466858626711838}
2026-09-02 01:13:22,229 INFO [OUTPOST-v4] epoch 329 cur={'auroc_all': 0.8431603721655295, 'aupr_all': 0.6860316129821096, 'auroc_unknown': 0.8248789994150415, 'aupr_unknown': 0.6254563392699106, 'val_auc': 1.0} best={'auroc_all': 0.8922453068303251, 'aupr_all': 0.7106594660685454, 'auroc_unknown': 0.879694451066035, 'aupr_unknown': 0.6466858626711838}
2026-09-02 01:13:24,323 INFO [OUTPOST-v4] epoch 330 cur={'auroc_all': 0.8482130340870393, 'aupr_all': 0.6905134247091005, 'auroc_unknown': 0.830490078804114, 'aupr_unknown': 0.6301551301479229, 'val_auc': 0.9997126436781609} best={'auroc_all': 0.8922453068303251, 'aupr_all': 0.7106594660685454, 'auroc_unknown': 0.879694451066035, 'aupr_unknown': 0.6466858626711838}
2026-09-02 01:13:26,454 INFO [OUTPOST-v4] epoch 331 cur={'auroc_all': 0.8531587015380415, 'aupr_all': 0.6977893113841508, 'auroc_unknown': 0.8359862299660954, 'aupr_unknown': 0.6370566331127672, 'val_auc': 1.0} best={'auroc_all': 0.8922453068303251, 'aupr_all': 0.7106594660685454, 'auroc_unknown': 0.879694451066035, 'aupr_unknown': 0.6466858626711838}
2026-09-02 01:13:28,535 INFO [OUTPOST-v4] epoch 332 cur={'auroc_all': 0.8654241439708422, 'aupr_all': 0.7076336569554909, 'auroc_unknown': 0.8497048310508865, 'aupr_unknown': 0.6479839232635707, 'val_auc': 1.0} best={'auroc_all': 0.8922453068303251, 'aupr_all': 0.7106594660685454, 'auroc_unknown': 0.879694451066035, 'aupr_unknown': 0.6479839232635707}
2026-09-02 01:13:30,630 INFO [OUTPOST-v4] epoch 333 cur={'auroc_all': 0.8499504958488439, 'aupr_all': 0.6967217682118882, 'auroc_unknown': 0.8324219150214838, 'aupr_unknown': 0.6360708372473508, 'val_auc': 1.0} best={'auroc_all': 0.8922453068303251, 'aupr_all': 0.7106594660685454, 'auroc_unknown': 0.879694451066035, 'aupr_unknown': 0.6479839232635707}
2026-09-02 01:13:32,750 INFO [OUTPOST-v4] epoch 334 cur={'auroc_all': 0.8381532373659827, 'aupr_all': 0.6880148760731176, 'auroc_unknown': 0.8192427939129001, 'aupr_unknown': 0.625953232152562, 'val_auc': 1.0} best={'auroc_all': 0.8922453068303251, 'aupr_all': 0.7106594660685454, 'auroc_unknown': 0.879694451066035, 'aupr_unknown': 0.6479839232635707}
2026-09-02 01:13:34,831 INFO [OUTPOST-v4] epoch 335 cur={'auroc_all': 0.8342726064064023, 'aupr_all': 0.6859660146095604, 'auroc_unknown': 0.8149023926219261, 'aupr_unknown': 0.6244950382375879, 'val_auc': 1.0} best={'auroc_all': 0.8922453068303251, 'aupr_all': 0.7106594660685454, 'auroc_unknown': 0.879694451066035, 'aupr_unknown': 0.6479839232635707}
2026-09-02 01:13:36,958 INFO [OUTPOST-v4] epoch 336 cur={'auroc_all': 0.8302053486501404, 'aupr_all': 0.6804421093065338, 'auroc_unknown': 0.8103713511186177, 'aupr_unknown': 0.6188424480090509, 'val_auc': 1.0} best={'auroc_all': 0.8922453068303251, 'aupr_all': 0.7106594660685454, 'auroc_unknown': 0.879694451066035, 'aupr_unknown': 0.6479839232635707}
2026-09-02 01:13:39,079 INFO [OUTPOST-v4] epoch 337 cur={'auroc_all': 0.8447961605108799, 'aupr_all': 0.6899710666296444, 'auroc_unknown': 0.8266955224291239, 'aupr_unknown': 0.6281882131996861, 'val_auc': 1.0} best={'auroc_all': 0.8922453068303251, 'aupr_all': 0.7106594660685454, 'auroc_unknown': 0.879694451066035, 'aupr_unknown': 0.6479839232635707}
2026-09-02 01:13:41,204 INFO [OUTPOST-v4] epoch 338 cur={'auroc_all': 0.8595441040152307, 'aupr_all': 0.7046422019421402, 'auroc_unknown': 0.8431531778193758, 'aupr_unknown': 0.6445213911703416, 'val_auc': 1.0} best={'auroc_all': 0.8922453068303251, 'aupr_all': 0.7106594660685454, 'auroc_unknown': 0.879694451066035, 'aupr_unknown': 0.6479839232635707}
2026-09-02 01:13:43,312 INFO [OUTPOST-v4] epoch 339 cur={'auroc_all': 0.8533352825516399, 'aupr_all': 0.6982989767042865, 'auroc_unknown': 0.8362094904947838, 'aupr_unknown': 0.6386388026173676, 'val_auc': 1.0} best={'auroc_all': 0.8922453068303251, 'aupr_all': 0.7106594660685454, 'auroc_unknown': 0.879694451066035, 'aupr_unknown': 0.6479839232635707}
2026-09-02 01:13:45,381 INFO [OUTPOST-v4] epoch 340 cur={'auroc_all': 0.8450448051099733, 'aupr_all': 0.6871709053207183, 'auroc_unknown': 0.8269589488076107, 'aupr_unknown': 0.626022233082097, 'val_auc': 0.9997126436781609} best={'auroc_all': 0.8922453068303251, 'aupr_all': 0.7106594660685454, 'auroc_unknown': 0.879694451066035, 'aupr_unknown': 0.6479839232635707}
2026-09-02 01:13:47,470 INFO [OUTPOST-v4] epoch 341 cur={'auroc_all': 0.8405283999333584, 'aupr_all': 0.6838113281400545, 'auroc_unknown': 0.8219314933319044, 'aupr_unknown': 0.6217840464275437, 'val_auc': 1.0} best={'auroc_all': 0.8922453068303251, 'aupr_all': 0.7106594660685454, 'auroc_unknown': 0.879694451066035, 'aupr_unknown': 0.6479839232635707}
2026-09-02 01:13:49,607 INFO [OUTPOST-v4] epoch 342 cur={'auroc_all': 0.8370721459700905, 'aupr_all': 0.6864194837955374, 'auroc_unknown': 0.8180330190490329, 'aupr_unknown': 0.623805947460415, 'val_auc': 0.9997126436781609} best={'auroc_all': 0.8922453068303251, 'aupr_all': 0.7106594660685454, 'auroc_unknown': 0.879694451066035, 'aupr_unknown': 0.6479839232635707}
2026-09-02 01:13:51,713 INFO [OUTPOST-v4] epoch 343 cur={'auroc_all': 0.8469141693797926, 'aupr_all': 0.6890805835141409, 'auroc_unknown': 0.8290367423334815, 'aupr_unknown': 0.627529596766946, 'val_auc': 1.0} best={'auroc_all': 0.8922453068303251, 'aupr_all': 0.7106594660685454, 'auroc_unknown': 0.879694451066035, 'aupr_unknown': 0.6479839232635707}
2026-09-02 01:13:53,811 INFO [OUTPOST-v4] epoch 344 cur={'auroc_all': 0.8492452038954519, 'aupr_all': 0.6920721345518391, 'auroc_unknown': 0.8316273241526263, 'aupr_unknown': 0.6308998666502743, 'val_auc': 1.0} best={'auroc_all': 0.8922453068303251, 'aupr_all': 0.7106594660685454, 'auroc_unknown': 0.879694451066035, 'aupr_unknown': 0.6479839232635707}
2026-09-02 01:13:55,908 INFO [OUTPOST-v4] epoch 345 cur={'auroc_all': 0.8528077871974706, 'aupr_all': 0.6973599757132013, 'auroc_unknown': 0.8356295110227412, 'aupr_unknown': 0.6363911739770155, 'val_auc': 0.9994252873563219} best={'auroc_all': 0.8922453068303251, 'aupr_all': 0.7106594660685454, 'auroc_unknown': 0.879694451066035, 'aupr_unknown': 0.6479839232635707}
2026-09-02 01:13:57,998 INFO [OUTPOST-v4] epoch 346 cur={'auroc_all': 0.8525108861426542, 'aupr_all': 0.6990084970601779, 'auroc_unknown': 0.8352926055209487, 'aupr_unknown': 0.638134770141029, 'val_auc': 1.0} best={'auroc_all': 0.8922453068303251, 'aupr_all': 0.7106594660685454, 'auroc_unknown': 0.879694451066035, 'aupr_unknown': 0.6479839232635707}
2026-09-02 01:14:00,102 INFO [OUTPOST-v4] epoch 347 cur={'auroc_all': 0.8504250558894161, 'aupr_all': 0.6997013715391576, 'auroc_unknown': 0.8329575452357296, 'aupr_unknown': 0.6398874156791664, 'val_auc': 1.0} best={'auroc_all': 0.8922453068303251, 'aupr_all': 0.7106594660685454, 'auroc_unknown': 0.879694451066035, 'aupr_unknown': 0.6479839232635707}
2026-09-02 01:14:02,202 INFO [OUTPOST-v4] epoch 348 cur={'auroc_all': 0.8421494865733292, 'aupr_all': 0.6902258860894455, 'auroc_unknown': 0.8237096727168498, 'aupr_unknown': 0.6281670630371938, 'val_auc': 1.0} best={'auroc_all': 0.8922453068303251, 'aupr_all': 0.7106594660685454, 'auroc_unknown': 0.879694451066035, 'aupr_unknown': 0.6479839232635707}
2026-09-02 01:14:04,330 INFO [OUTPOST-v4] epoch 349 cur={'auroc_all': 0.8279828911598577, 'aupr_all': 0.6851457912885529, 'auroc_unknown': 0.8078883316486776, 'aupr_unknown': 0.6245672217147467, 'val_auc': 1.0} best={'auroc_all': 0.8922453068303251, 'aupr_all': 0.7106594660685454, 'auroc_unknown': 0.879694451066035, 'aupr_unknown': 0.6479839232635707}
2026-09-02 01:14:06,439 INFO [OUTPOST-v4] epoch 350 cur={'auroc_all': 0.8376023018512865, 'aupr_all': 0.6909914170212068, 'auroc_unknown': 0.8186230848974145, 'aupr_unknown': 0.6296760717084088, 'val_auc': 1.0} best={'auroc_all': 0.8922453068303251, 'aupr_all': 0.7106594660685454, 'auroc_unknown': 0.879694451066035, 'aupr_unknown': 0.6479839232635707}
2026-09-02 01:14:08,544 INFO [OUTPOST-v4] epoch 351 cur={'auroc_all': 0.8412009398816304, 'aupr_all': 0.6991374007413084, 'auroc_unknown': 0.8226404654947376, 'aupr_unknown': 0.6393861093322227, 'val_auc': 1.0} best={'auroc_all': 0.8922453068303251, 'aupr_all': 0.7106594660685454, 'auroc_unknown': 0.879694451066035, 'aupr_unknown': 0.6479839232635707}
2026-09-02 01:14:10,646 INFO [OUTPOST-v4] epoch 352 cur={'auroc_all': 0.8442970364664679, 'aupr_all': 0.702000917467685, 'auroc_unknown': 0.8260692431532239, 'aupr_unknown': 0.643395471114378, 'val_auc': 1.0} best={'auroc_all': 0.8922453068303251, 'aupr_all': 0.7106594660685454, 'auroc_unknown': 0.879694451066035, 'aupr_unknown': 0.6479839232635707}
2026-09-02 01:14:12,752 INFO [OUTPOST-v4] epoch 353 cur={'auroc_all': 0.8507361081957442, 'aupr_all': 0.7063595555473138, 'auroc_unknown': 0.8332985314852013, 'aupr_unknown': 0.6480821787596506, 'val_auc': 1.0} best={'auroc_all': 0.8922453068303251, 'aupr_all': 0.7106594660685454, 'auroc_unknown': 0.879694451066035, 'aupr_unknown': 0.6480821787596506}
2026-09-02 01:14:14,858 INFO [OUTPOST-v4] epoch 354 cur={'auroc_all': 0.8332044506763978, 'aupr_all': 0.6927960371536518, 'auroc_unknown': 0.8136736769292081, 'aupr_unknown': 0.6308442744777691, 'val_auc': 1.0} best={'auroc_all': 0.8922453068303251, 'aupr_all': 0.7106594660685454, 'auroc_unknown': 0.879694451066035, 'aupr_unknown': 0.6480821787596506}
2026-09-02 01:14:16,980 INFO [OUTPOST-v4] epoch 355 cur={'auroc_all': 0.826104513207957, 'aupr_all': 0.6797725158786361, 'auroc_unknown': 0.8057952417352797, 'aupr_unknown': 0.6182404210556558, 'val_auc': 1.0} best={'auroc_all': 0.8922453068303251, 'aupr_all': 0.7106594660685454, 'auroc_unknown': 0.879694451066035, 'aupr_unknown': 0.6480821787596506}
2026-09-02 01:14:19,078 INFO [OUTPOST-v4] epoch 356 cur={'auroc_all': 0.8214501964019398, 'aupr_all': 0.6751665511569247, 'auroc_unknown': 0.8006059422667111, 'aupr_unknown': 0.6112156449219842, 'val_auc': 1.0} best={'auroc_all': 0.8922453068303251, 'aupr_all': 0.7106594660685454, 'auroc_unknown': 0.879694451066035, 'aupr_unknown': 0.6480821787596506}
2026-09-02 01:14:21,181 INFO [OUTPOST-v4] epoch 357 cur={'auroc_all': 0.820775775736287, 'aupr_all': 0.6749344332719788, 'auroc_unknown': 0.7998838295830493, 'aupr_unknown': 0.6107117735884515, 'val_auc': 1.0} best={'auroc_all': 0.8922453068303251, 'aupr_all': 0.7106594660685454, 'auroc_unknown': 0.879694451066035, 'aupr_unknown': 0.6480821787596506}
2026-09-02 01:14:23,271 INFO [OUTPOST-v4] epoch 358 cur={'auroc_all': 0.830856099799488, 'aupr_all': 0.677983192029724, 'auroc_unknown': 0.8111250831805235, 'aupr_unknown': 0.6142976687415451, 'val_auc': 1.0} best={'auroc_all': 0.8922453068303251, 'aupr_all': 0.7106594660685454, 'auroc_unknown': 0.879694451066035, 'aupr_unknown': 0.6480821787596506}
2026-09-02 01:14:25,411 INFO [OUTPOST-v4] epoch 359 cur={'auroc_all': 0.8397538654705428, 'aupr_all': 0.6832291463172596, 'auroc_unknown': 0.8210389645187459, 'aupr_unknown': 0.6201106825771754, 'val_auc': 1.0} best={'auroc_all': 0.8922453068303251, 'aupr_all': 0.7106594660685454, 'auroc_unknown': 0.879694451066035, 'aupr_unknown': 0.6480821787596506}
2026-09-02 01:14:27,553 INFO [OUTPOST-v4] epoch 360 cur={'auroc_all': 0.8604996231225854, 'aupr_all': 0.6989309716862604, 'auroc_unknown': 0.8442081665873102, 'aupr_unknown': 0.6378041811866731, 'val_auc': 1.0} best={'auroc_all': 0.8922453068303251, 'aupr_all': 0.7106594660685454, 'auroc_unknown': 0.879694451066035, 'aupr_unknown': 0.6480821787596506}
2026-09-02 01:14:29,650 INFO [OUTPOST-v4] epoch 361 cur={'auroc_all': 0.8727541940915017, 'aupr_all': 0.708602785462623, 'auroc_unknown': 0.8579251507720774, 'aupr_unknown': 0.6496639120933146, 'val_auc': 1.0} best={'auroc_all': 0.8922453068303251, 'aupr_all': 0.7106594660685454, 'auroc_unknown': 0.879694451066035, 'aupr_unknown': 0.6496639120933146}
2026-09-02 01:14:31,749 INFO [OUTPOST-v4] epoch 362 cur={'auroc_all': 0.8721133969829257, 'aupr_all': 0.706884728948269, 'auroc_unknown': 0.8572128678139573, 'aupr_unknown': 0.6461247206851672, 'val_auc': 1.0} best={'auroc_all': 0.8922453068303251, 'aupr_all': 0.7106594660685454, 'auroc_unknown': 0.879694451066035, 'aupr_unknown': 0.6496639120933146}
2026-09-02 01:14:33,844 INFO [OUTPOST-v4] epoch 363 cur={'auroc_all': 0.8637829428291274, 'aupr_all': 0.7027047685884928, 'auroc_unknown': 0.8478941853400654, 'aupr_unknown': 0.6425585893183945, 'val_auc': 1.0} best={'auroc_all': 0.8922453068303251, 'aupr_all': 0.7106594660685454, 'auroc_unknown': 0.879694451066035, 'aupr_unknown': 0.6496639120933146}
2026-09-02 01:14:35,948 INFO [OUTPOST-v4] epoch 364 cur={'auroc_all': 0.8542838521789166, 'aupr_all': 0.6980324972865991, 'auroc_unknown': 0.8372888867535543, 'aupr_unknown': 0.6372299740982124, 'val_auc': 1.0} best={'auroc_all': 0.8922453068303251, 'aupr_all': 0.7106594660685454, 'auroc_unknown': 0.879694451066035, 'aupr_unknown': 0.6496639120933146}
2026-09-02 01:14:38,053 INFO [OUTPOST-v4] epoch 365 cur={'auroc_all': 0.8478490923382693, 'aupr_all': 0.6969444183149718, 'auroc_unknown': 0.830082414677469, 'aupr_unknown': 0.6364978678971744, 'val_auc': 1.0} best={'auroc_all': 0.8922453068303251, 'aupr_all': 0.7106594660685454, 'auroc_unknown': 0.879694451066035, 'aupr_unknown': 0.6496639120933146}
2026-09-02 01:14:40,176 INFO [OUTPOST-v4] epoch 366 cur={'auroc_all': 0.8472837303451272, 'aupr_all': 0.6981001833125504, 'auroc_unknown': 0.8294537228840733, 'aupr_unknown': 0.6373412853225708, 'val_auc': 1.0} best={'auroc_all': 0.8922453068303251, 'aupr_all': 0.7106594660685454, 'auroc_unknown': 0.879694451066035, 'aupr_unknown': 0.6496639120933146}
2026-09-02 01:14:42,277 INFO [OUTPOST-v4] epoch 367 cur={'auroc_all': 0.8458381926177532, 'aupr_all': 0.6999159410102096, 'auroc_unknown': 0.8278013793851099, 'aupr_unknown': 0.6403093309350905, 'val_auc': 1.0} best={'auroc_all': 0.8922453068303251, 'aupr_all': 0.7106594660685454, 'auroc_unknown': 0.879694451066035, 'aupr_unknown': 0.6496639120933146}
2026-09-02 01:14:44,380 INFO [OUTPOST-v4] epoch 368 cur={'auroc_all': 0.8507047093897155, 'aupr_all': 0.7048106745216198, 'auroc_unknown': 0.8332591099227152, 'aupr_unknown': 0.6448388250523079, 'val_auc': 1.0} best={'auroc_all': 0.8922453068303251, 'aupr_all': 0.7106594660685454, 'auroc_unknown': 0.879694451066035, 'aupr_unknown': 0.6496639120933146}
2026-09-02 01:14:46,476 INFO [OUTPOST-v4] epoch 369 cur={'auroc_all': 0.8509095240996044, 'aupr_all': 0.7112091690649675, 'auroc_unknown': 0.8334421276063659, 'aupr_unknown': 0.6533240806591687, 'val_auc': 0.9997126436781609} best={'auroc_all': 0.8922453068303251, 'aupr_all': 0.7112091690649675, 'auroc_unknown': 0.879694451066035, 'aupr_unknown': 0.6533240806591687}
2026-09-02 01:14:48,582 INFO [OUTPOST-v4] epoch 370 cur={'auroc_all': 0.8450836809143699, 'aupr_all': 0.7076178663908238, 'auroc_unknown': 0.8269416762089434, 'aupr_unknown': 0.6498737676162689, 'val_auc': 1.0} best={'auroc_all': 0.8922453068303251, 'aupr_all': 0.7112091690649675, 'auroc_unknown': 0.879694451066035, 'aupr_unknown': 0.6533240806591687}
2026-09-02 01:14:50,681 INFO [OUTPOST-v4] epoch 371 cur={'auroc_all': 0.8320359059222964, 'aupr_all': 0.7025838353724235, 'auroc_unknown': 0.8123373475571259, 'aupr_unknown': 0.6454592615387087, 'val_auc': 1.0} best={'auroc_all': 0.8922453068303251, 'aupr_all': 0.7112091690649675, 'auroc_unknown': 0.879694451066035, 'aupr_unknown': 0.6533240806591687}
2026-09-02 01:14:52,783 INFO [OUTPOST-v4] epoch 372 cur={'auroc_all': 0.8119197298812781, 'aupr_all': 0.6911665322457567, 'auroc_unknown': 0.7899379952205463, 'aupr_unknown': 0.6323863480011014, 'val_auc': 1.0} best={'auroc_all': 0.8922453068303251, 'aupr_all': 0.7112091690649675, 'auroc_unknown': 0.879694451066035, 'aupr_unknown': 0.6533240806591687}
2026-09-02 01:14:54,900 INFO [OUTPOST-v4] epoch 373 cur={'auroc_all': 0.8041906465777917, 'aupr_all': 0.6839375770544704, 'auroc_unknown': 0.7812749785388603, 'aupr_unknown': 0.6252652649707626, 'val_auc': 1.0} best={'auroc_all': 0.8922453068303251, 'aupr_all': 0.7112091690649675, 'auroc_unknown': 0.879694451066035, 'aupr_unknown': 0.6533240806591687}
2026-09-02 01:14:56,999 INFO [OUTPOST-v4] epoch 374 cur={'auroc_all': 0.8149526848203907, 'aupr_all': 0.6934251393869577, 'auroc_unknown': 0.7932617000425629, 'aupr_unknown': 0.6345249272703443, 'val_auc': 1.0} best={'auroc_all': 0.8922453068303251, 'aupr_all': 0.7112091690649675, 'auroc_unknown': 0.879694451066035, 'aupr_unknown': 0.6533240806591687}
2026-09-02 01:14:59,102 INFO [OUTPOST-v4] epoch 375 cur={'auroc_all': 0.8387129342714046, 'aupr_all': 0.7067194872429439, 'auroc_unknown': 0.819828548027885, 'aupr_unknown': 0.6490491205746312, 'val_auc': 1.0} best={'auroc_all': 0.8922453068303251, 'aupr_all': 0.7112091690649675, 'auroc_unknown': 0.879694451066035, 'aupr_unknown': 0.6533240806591687}
2026-09-02 01:15:01,209 INFO [OUTPOST-v4] epoch 376 cur={'auroc_all': 0.8528091174609838, 'aupr_all': 0.7113200291658649, 'auroc_unknown': 0.8356160111907961, 'aupr_unknown': 0.6544017281842087, 'val_auc': 1.0} best={'auroc_all': 0.8922453068303251, 'aupr_all': 0.7113200291658649, 'auroc_unknown': 0.879694451066035, 'aupr_unknown': 0.6544017281842087}
2026-09-02 01:15:03,318 INFO [OUTPOST-v4] epoch 377 cur={'auroc_all': 0.8505237476807543, 'aupr_all': 0.7115160075835903, 'auroc_unknown': 0.8330131101333744, 'aupr_unknown': 0.6542201423007517, 'val_auc': 1.0} best={'auroc_all': 0.8922453068303251, 'aupr_all': 0.7115160075835903, 'auroc_unknown': 0.879694451066035, 'aupr_unknown': 0.6544017281842087}
2026-09-02 01:15:05,428 INFO [OUTPOST-v4] epoch 378 cur={'auroc_all': 0.8424835661997839, 'aupr_all': 0.7024448563572558, 'auroc_unknown': 0.824024891226259, 'aupr_unknown': 0.6428223407501183, 'val_auc': 1.0} best={'auroc_all': 0.8922453068303251, 'aupr_all': 0.7115160075835903, 'auroc_unknown': 0.879694451066035, 'aupr_unknown': 0.6544017281842087}
2026-09-02 01:15:07,536 INFO [OUTPOST-v4] epoch 379 cur={'auroc_all': 0.8411144498176897, 'aupr_all': 0.6991156140990321, 'auroc_unknown': 0.8225489438203724, 'aupr_unknown': 0.6403106720490745, 'val_auc': 1.0} best={'auroc_all': 0.8922453068303251, 'aupr_all': 0.7115160075835903, 'auroc_unknown': 0.879694451066035, 'aupr_unknown': 0.6544017281842087}
2026-09-02 01:15:09,675 INFO [OUTPOST-v4] epoch 380 cur={'auroc_all': 0.8445582038910483, 'aupr_all': 0.7026358074528409, 'auroc_unknown': 0.826378173718096, 'aupr_unknown': 0.6457286141328682, 'val_auc': 1.0} best={'auroc_all': 0.8922453068303251, 'aupr_all': 0.7115160075835903, 'auroc_unknown': 0.879694451066035, 'aupr_unknown': 0.6544017281842087}
2026-09-02 01:15:11,839 INFO [OUTPOST-v4] epoch 381 cur={'auroc_all': 0.8479371420215015, 'aupr_all': 0.7029076050410671, 'auroc_unknown': 0.8301584089785895, 'aupr_unknown': 0.6435125798784671, 'val_auc': 1.0} best={'auroc_all': 0.8922453068303251, 'aupr_all': 0.7115160075835903, 'auroc_unknown': 0.879694451066035, 'aupr_unknown': 0.6544017281842087}
2026-09-02 01:15:13,991 INFO [OUTPOST-v4] epoch 382 cur={'auroc_all': 0.854244219500452, 'aupr_all': 0.7115607361385886, 'auroc_unknown': 0.8372562664372004, 'aupr_unknown': 0.6545795525007664, 'val_auc': 1.0} best={'auroc_all': 0.8922453068303251, 'aupr_all': 0.7115607361385886, 'auroc_unknown': 0.879694451066035, 'aupr_unknown': 0.6545795525007664}
2026-09-02 01:15:16,188 INFO [OUTPOST-v4] epoch 383 cur={'auroc_all': 0.8610578292154489, 'aupr_all': 0.7130071972398603, 'auroc_unknown': 0.8448407338077472, 'aupr_unknown': 0.6562782015720853, 'val_auc': 1.0} best={'auroc_all': 0.8922453068303251, 'aupr_all': 0.7130071972398603, 'auroc_unknown': 0.879694451066035, 'aupr_unknown': 0.6562782015720853}
2026-09-02 01:15:18,378 INFO [OUTPOST-v4] epoch 384 cur={'auroc_all': 0.8601839607651163, 'aupr_all': 0.7121706891706322, 'auroc_unknown': 0.8438424135358863, 'aupr_unknown': 0.6539472642347255, 'val_auc': 1.0} best={'auroc_all': 0.8922453068303251, 'aupr_all': 0.7130071972398603, 'auroc_unknown': 0.879694451066035, 'aupr_unknown': 0.6562782015720853}
2026-09-02 01:15:20,505 INFO [OUTPOST-v4] epoch 385 cur={'auroc_all': 0.853931882801766, 'aupr_all': 0.7073584617677798, 'auroc_unknown': 0.8370792030520503, 'aupr_unknown': 0.6497443972169316, 'val_auc': 1.0} best={'auroc_all': 0.8922453068303251, 'aupr_all': 0.7130071972398603, 'auroc_unknown': 0.879694451066035, 'aupr_unknown': 0.6562782015720853}
2026-09-02 01:15:22,593 INFO [OUTPOST-v4] epoch 386 cur={'auroc_all': 0.8432101423693883, 'aupr_all': 0.7032282390278259, 'auroc_unknown': 0.8248781268023302, 'aupr_unknown': 0.644767904539641, 'val_auc': 1.0} best={'auroc_all': 0.8922453068303251, 'aupr_all': 0.7130071972398603, 'auroc_unknown': 0.879694451066035, 'aupr_unknown': 0.6562782015720853}
2026-09-02 01:15:24,709 INFO [OUTPOST-v4] epoch 387 cur={'auroc_all': 0.8367058418568056, 'aupr_all': 0.70175246313024, 'auroc_unknown': 0.8176069017300522, 'aupr_unknown': 0.6438391555093158, 'val_auc': 1.0} best={'auroc_all': 0.8922453068303251, 'aupr_all': 0.7130071972398603, 'auroc_unknown': 0.879694451066035, 'aupr_unknown': 0.6562782015720853}
2026-09-02 01:15:26,807 INFO [OUTPOST-v4] epoch 388 cur={'auroc_all': 0.8292158160808859, 'aupr_all': 0.6934825587327851, 'auroc_unknown': 0.8092591035577754, 'aupr_unknown': 0.6327115154681817, 'val_auc': 1.0} best={'auroc_all': 0.8922453068303251, 'aupr_all': 0.7130071972398603, 'auroc_unknown': 0.879694451066035, 'aupr_unknown': 0.6562782015720853}
2026-09-02 01:15:28,909 INFO [OUTPOST-v4] epoch 389 cur={'auroc_all': 0.8308077974726094, 'aupr_all': 0.6965682892016973, 'auroc_unknown': 0.8110371546173223, 'aupr_unknown': 0.6375735807580833, 'val_auc': 1.0} best={'auroc_all': 0.8922453068303251, 'aupr_all': 0.7130071972398603, 'auroc_unknown': 0.879694451066035, 'aupr_unknown': 0.6562782015720853}
2026-09-02 01:15:31,004 INFO [OUTPOST-v4] epoch 390 cur={'auroc_all': 0.8324483564181453, 'aupr_all': 0.704694830088988, 'auroc_unknown': 0.8128401777994596, 'aupr_unknown': 0.6484554462643051, 'val_auc': 1.0} best={'auroc_all': 0.8922453068303251, 'aupr_all': 0.7130071972398603, 'auroc_unknown': 0.879694451066035, 'aupr_unknown': 0.6562782015720853}
2026-09-02 01:15:33,114 INFO [OUTPOST-v4] epoch 391 cur={'auroc_all': 0.833861325625022, 'aupr_all': 0.7072596434540716, 'auroc_unknown': 0.8143978171541697, 'aupr_unknown': 0.650747032851602, 'val_auc': 1.0} best={'auroc_all': 0.8922453068303251, 'aupr_all': 0.7130071972398603, 'auroc_unknown': 0.879694451066035, 'aupr_unknown': 0.6562782015720853}
2026-09-02 01:15:35,211 INFO [OUTPOST-v4] epoch 392 cur={'auroc_all': 0.8306596795110796, 'aupr_all': 0.7018787899168087, 'auroc_unknown': 0.8108491579082016, 'aupr_unknown': 0.6442122031689087, 'val_auc': 1.0} best={'auroc_all': 0.8922453068303251, 'aupr_all': 0.7130071972398603, 'auroc_unknown': 0.879694451066035, 'aupr_unknown': 0.6562782015720853}
2026-09-02 01:15:37,302 INFO [OUTPOST-v4] epoch 393 cur={'auroc_all': 0.8138663870483342, 'aupr_all': 0.6900589161069204, 'auroc_unknown': 0.7921198863098563, 'aupr_unknown': 0.631594398009177, 'val_auc': 1.0} best={'auroc_all': 0.8922453068303251, 'aupr_all': 0.7130071972398603, 'auroc_unknown': 0.879694451066035, 'aupr_unknown': 0.6562782015720853}
2026-09-02 01:15:39,397 INFO [OUTPOST-v4] epoch 394 cur={'auroc_all': 0.8063401918662001, 'aupr_all': 0.6788646631856378, 'auroc_unknown': 0.7837430609323898, 'aupr_unknown': 0.6178215501466857, 'val_auc': 1.0} best={'auroc_all': 0.8922453068303251, 'aupr_all': 0.7130071972398603, 'auroc_unknown': 0.879694451066035, 'aupr_unknown': 0.6562782015720853}
2026-09-02 01:15:41,491 INFO [OUTPOST-v4] epoch 395 cur={'auroc_all': 0.807400870597837, 'aupr_all': 0.6818335909541557, 'auroc_unknown': 0.7849685171599803, 'aupr_unknown': 0.6212604013500194, 'val_auc': 0.9997126436781609} best={'auroc_all': 0.8922453068303251, 'aupr_all': 0.7130071972398603, 'auroc_unknown': 0.879694451066035, 'aupr_unknown': 0.6562782015720853}
2026-09-02 01:15:43,591 INFO [OUTPOST-v4] epoch 396 cur={'auroc_all': 0.8111100351776719, 'aupr_all': 0.6822788449113879, 'auroc_unknown': 0.7890116141672061, 'aupr_unknown': 0.6206869263317994, 'val_auc': 1.0} best={'auroc_all': 0.8922453068303251, 'aupr_all': 0.7130071972398603, 'auroc_unknown': 0.879694451066035, 'aupr_unknown': 0.6562782015720853}
2026-09-02 01:15:45,678 INFO [OUTPOST-v4] epoch 397 cur={'auroc_all': 0.8237005206192679, 'aupr_all': 0.6914703990256857, 'auroc_unknown': 0.8030854712858061, 'aupr_unknown': 0.6323064778481466, 'val_auc': 1.0} best={'auroc_all': 0.8922453068303251, 'aupr_all': 0.7130071972398603, 'auroc_unknown': 0.879694451066035, 'aupr_unknown': 0.6562782015720853}
2026-09-02 01:15:47,770 INFO [OUTPOST-v4] epoch 398 cur={'auroc_all': 0.8356159202634545, 'aupr_all': 0.6995600248388001, 'auroc_unknown': 0.8163839350151967, 'aupr_unknown': 0.6402965765664965, 'val_auc': 1.0} best={'auroc_all': 0.8922453068303251, 'aupr_all': 0.7130071972398603, 'auroc_unknown': 0.879694451066035, 'aupr_unknown': 0.6562782015720853}
2026-09-02 01:15:49,873 INFO [OUTPOST-v4] epoch 399 cur={'auroc_all': 0.8483858307302983, 'aupr_all': 0.7057313147167813, 'auroc_unknown': 0.8306747903830277, 'aupr_unknown': 0.6488753247791106, 'val_auc': 1.0} best={'auroc_all': 0.8922453068303251, 'aupr_all': 0.7130071972398603, 'auroc_unknown': 0.879694451066035, 'aupr_unknown': 0.6562782015720853}
