2026-09-02 00:59:10,496 INFO cli={'dataset': 'computers', 'method': 'demo', 'seed': 8, 'train_seed': None, 'epochs': None, 'set': ['num_epochs=400', 'mixup=true', 'energy_loss=false'], 'tag': 'E400_demo', 'rotations': [3]}
2026-09-02 00:59:10,496 INFO config={'alpha_plus': 0.05, 'alpha_r': 0.1, 'atlas_gate_q': 0.9, 'batch_size': 512, 'hidden_dim': 64, 'lambda_halo': 0.2, 'lambda_mixup': 0.2, 'lambda_un': 1.0, 'lr': 0.001, 'margin': 0.1, 'n_layers': 2, 'optimiser': 'adam', 'sampling_sizes': [25, 10], 'tau_minus': 0.05, 'tau_mu': 0.05, 'tau_plus': 0.95, 'use_atlas_gate': True, 'use_conformal': True, 'use_pl': True, 'version': 4, 'weight_decay': 0.0001, 'loss': 'bce', 'num_epochs': 400, 'ebd_dim': 64, 'drop_out': 0.5, 'gamma': 0.1, 'damping': 0.001, 'p_cutoff': [0.05, 0.95], 'unlabeled_loss': 0.5, 'mixup_loss': 0.1, 'energy_loss_weight': 0.1, 'used_unlabeled_data': True, 'energy_loss': False, 'mixup': True, 'thresh_warmup': True, 'used_augment_for_anormaly': True, 'batch_size_for_anormaly': 20, 'sample_size_for_anormaly': 25, 'div_loss_alpha': 0.5, 'mixup_loss_type': 'consistency', 'device': 0, 'input_dim': 767}
2026-09-02 00:59:13,915 INFO Epoch: 0, loss: 0.44277259707450867, labeled_loss: 0.5363243818283081, unnlabeled_loss: 0.0, mixup_loss: -0.9355178475379944, energy_loss: 0.0
2026-09-02 00:59:13,915 INFO Best AUROC test all: 0.46708551924680297, AUPR test all: 0.14279661864586365, AUROC test unknown: 0.4558976534908229, AUPR test unknown: 0.11076746357834534
2026-09-02 00:59:16,094 INFO Epoch: 1, loss: 0.3087198734283447, labeled_loss: 0.4194534420967102, unnlabeled_loss: 0.0, mixup_loss: -1.1073356866836548, energy_loss: 0.0
2026-09-02 00:59:16,094 INFO Best AUROC test all: 0.46708551924680297, AUPR test all: 0.14279661864586365, AUROC test unknown: 0.4558976534908229, AUPR test unknown: 0.11076746357834534
2026-09-02 00:59:18,228 INFO Epoch: 2, loss: 0.20394569635391235, labeled_loss: 0.33010199666023254, unnlabeled_loss: 0.0, mixup_loss: -1.2615629434585571, energy_loss: 0.0
2026-09-02 00:59:18,228 INFO Best AUROC test all: 0.46708551924680297, AUPR test all: 0.14279661864586365, AUROC test unknown: 0.4558976534908229, AUPR test unknown: 0.11076746357834534
2026-09-02 00:59:20,441 INFO Epoch: 3, loss: 0.14435243606567383, labeled_loss: 0.2852048873901367, unnlabeled_loss: 0.0, mixup_loss: -1.408524513244629, energy_loss: 0.0
2026-09-02 00:59:20,441 INFO Best AUROC test all: 0.46708551924680297, AUPR test all: 0.14279661864586365, AUROC test unknown: 0.4558976534908229, AUPR test unknown: 0.11076746357834534
2026-09-02 00:59:22,660 INFO Epoch: 4, loss: 0.13047625124454498, labeled_loss: 0.28373581171035767, unnlabeled_loss: 0.0, mixup_loss: -1.5325955152511597, energy_loss: 0.0
2026-09-02 00:59:22,660 INFO Best AUROC test all: 0.46708551924680297, AUPR test all: 0.14279661864586365, AUROC test unknown: 0.4558976534908229, AUPR test unknown: 0.11076746357834534
2026-09-02 00:59:24,869 INFO Epoch: 5, loss: 0.1474073976278305, labeled_loss: 0.31285521388053894, unnlabeled_loss: 0.0, mixup_loss: -1.6544781923294067, energy_loss: 0.0
2026-09-02 00:59:24,870 INFO Best AUROC test all: 0.46969038162599674, AUPR test all: 0.1428439121905229, AUROC test unknown: 0.4558976534908229, AUPR test unknown: 0.11076746357834534
2026-09-02 00:59:27,051 INFO Epoch: 6, loss: 0.1666683852672577, labeled_loss: 0.3266797661781311, unnlabeled_loss: 0.031014859676361084, mixup_loss: -1.7551881074905396, energy_loss: 0.0
2026-09-02 00:59:27,051 INFO Best AUROC test all: 0.474923064897777, AUPR test all: 0.14523017233459184, AUROC test unknown: 0.4576225970082283, AUPR test unknown: 0.11113259023078834
2026-09-02 00:59:29,203 INFO Epoch: 7, loss: 0.14159853756427765, labeled_loss: 0.30998069047927856, unnlabeled_loss: 0.028619874268770218, mixup_loss: -1.8269208669662476, energy_loss: 0.0
2026-09-02 00:59:29,204 INFO Best AUROC test all: 0.4798487554605023, AUPR test all: 0.1473954813464977, AUROC test unknown: 0.4611802051886014, AUPR test unknown: 0.11263103349260171
2026-09-02 00:59:31,371 INFO Epoch: 8, loss: 0.1316247433423996, labeled_loss: 0.30409708619117737, unnlabeled_loss: 0.03141823038458824, mixup_loss: -1.8818144798278809, energy_loss: 0.0
2026-09-02 00:59:31,372 INFO Best AUROC test all: 0.4813379625280365, AUPR test all: 0.14743035509039842, AUROC test unknown: 0.4627662742344175, AUPR test unknown: 0.11281958282364415
2026-09-02 00:59:33,587 INFO Epoch: 9, loss: 0.10570874810218811, labeled_loss: 0.28390562534332275, unnlabeled_loss: 0.028126943856477737, mixup_loss: -1.9226034879684448, energy_loss: 0.0
2026-09-02 00:59:33,587 INFO Best AUROC test all: 0.48870422792606594, AUPR test all: 0.14941473236222869, AUROC test unknown: 0.468672370814751, AUPR test unknown: 0.11364325734433485
2026-09-02 00:59:35,880 INFO Epoch: 10, loss: 0.0975303053855896, labeled_loss: 0.28187131881713867, unnlabeled_loss: 0.018925610929727554, mixup_loss: -1.9380381107330322, energy_loss: 0.0
2026-09-02 00:59:35,881 INFO Best AUROC test all: 0.49559719474030317, AUPR test all: 0.1526247584942617, AUROC test unknown: 0.47571589266895864, AUPR test unknown: 0.11653735065856095
2026-09-02 00:59:38,145 INFO Epoch: 11, loss: 0.08249445259571075, labeled_loss: 0.27365097403526306, unnlabeled_loss: 0.007975971326231956, mixup_loss: -1.95144522190094, energy_loss: 0.0
2026-09-02 00:59:38,145 INFO Best AUROC test all: 0.5048334436687529, AUPR test all: 0.15632311160585072, AUROC test unknown: 0.4822933105377889, AUPR test unknown: 0.11857257382436343
2026-09-02 00:59:40,416 INFO Epoch: 12, loss: 0.08146105706691742, labeled_loss: 0.276034951210022, unnlabeled_loss: 0.0018005671445280313, mixup_loss: -1.9547418355941772, energy_loss: 0.0
2026-09-02 00:59:40,416 INFO Best AUROC test all: 0.5136732740702467, AUPR test all: 0.16030291341108605, AUROC test unknown: 0.4879724542410858, AUPR test unknown: 0.12060994277997283
2026-09-02 00:59:42,688 INFO Epoch: 13, loss: 0.08089908957481384, labeled_loss: 0.2765877842903137, unnlabeled_loss: 0.0004305908514652401, mixup_loss: -1.9590398073196411, energy_loss: 0.0
2026-09-02 00:59:42,688 INFO Best AUROC test all: 0.5252602362401212, AUPR test all: 0.16449799122504377, AUROC test unknown: 0.49684905932502166, AUPR test unknown: 0.12340605116441423
2026-09-02 00:59:44,972 INFO Epoch: 14, loss: 0.08126063644886017, labeled_loss: 0.27731186151504517, unnlabeled_loss: 4.15103422710672e-05, mixup_loss: -1.9607197046279907, energy_loss: 0.0
2026-09-02 00:59:44,972 INFO Best AUROC test all: 0.533380875728067, AUPR test all: 0.16834329621554806, AUROC test unknown: 0.5039936351542502, AUPR test unknown: 0.12583231961637664
2026-09-02 00:59:47,285 INFO Epoch: 15, loss: 0.08201651275157928, labeled_loss: 0.27805444598197937, unnlabeled_loss: 1.986371171369683e-05, mixup_loss: -1.9604785442352295, energy_loss: 0.0
2026-09-02 00:59:47,285 INFO Best AUROC test all: 0.5356213835180901, AUPR test all: 0.16936084087599965, AUROC test unknown: 0.5039936351542502, AUPR test unknown: 0.12627073263827146
2026-09-02 00:59:49,998 INFO Epoch: 16, loss: 0.08010326325893402, labeled_loss: 0.27632588148117065, unnlabeled_loss: 2.443739867885597e-05, mixup_loss: -1.9623483419418335, energy_loss: 0.0
2026-09-02 00:59:49,999 INFO Best AUROC test all: 0.5380492749788626, AUPR test all: 0.17107092878085411, AUROC test unknown: 0.5046787093505901, AUPR test unknown: 0.12675786109316356
2026-09-02 00:59:52,620 INFO Epoch: 17, loss: 0.07869397103786469, labeled_loss: 0.27499905228614807, unnlabeled_loss: 5.31275145476684e-05, mixup_loss: -1.9633163213729858, energy_loss: 0.0
2026-09-02 00:59:52,620 INFO Best AUROC test all: 0.5414880749674131, AUPR test all: 0.17247278871056515, AUROC test unknown: 0.5075322583422747, AUPR test unknown: 0.12726929296440506
2026-09-02 00:59:55,065 INFO Epoch: 18, loss: 0.07597304880619049, labeled_loss: 0.27216050028800964, unnlabeled_loss: 0.0003524587082210928, mixup_loss: -1.9636366367340088, energy_loss: 0.0
2026-09-02 00:59:55,065 INFO Best AUROC test all: 0.5414880749674131, AUPR test all: 0.17247278871056515, AUROC test unknown: 0.5075322583422747, AUPR test unknown: 0.12754123699461936
2026-09-02 00:59:57,357 INFO Epoch: 19, loss: 0.07573522627353668, labeled_loss: 0.2714219093322754, unnlabeled_loss: 0.0017950675683096051, mixup_loss: -1.9658420085906982, energy_loss: 0.0
2026-09-02 00:59:57,357 INFO Best AUROC test all: 0.5414880749674131, AUPR test all: 0.17377687587157686, AUROC test unknown: 0.5075322583422747, AUPR test unknown: 0.12760866749600938
2026-09-02 00:59:59,614 INFO Epoch: 20, loss: 0.07438088953495026, labeled_loss: 0.26908403635025024, unnlabeled_loss: 0.0042489576153457165, mixup_loss: -1.9682763814926147, energy_loss: 0.0
2026-09-02 00:59:59,614 INFO Best AUROC test all: 0.5424476078008854, AUPR test all: 0.1749659164981308, AUROC test unknown: 0.5075322583422747, AUPR test unknown: 0.12864260637318
2026-09-02 01:00:01,927 INFO Epoch: 21, loss: 0.07790814340114594, labeled_loss: 0.2706194519996643, unnlabeled_loss: 0.008666060864925385, mixup_loss: -1.9704432487487793, energy_loss: 0.0
2026-09-02 01:00:01,928 INFO Best AUROC test all: 0.5507295990787604, AUPR test all: 0.17908662754912108, AUROC test unknown: 0.5107906809818092, AUPR test unknown: 0.13028566954336002
2026-09-02 01:00:04,169 INFO Epoch: 22, loss: 0.0792657881975174, labeled_loss: 0.27084264159202576, unnlabeled_loss: 0.011470741592347622, mixup_loss: -1.973122239112854, energy_loss: 0.0
2026-09-02 01:00:04,169 INFO Best AUROC test all: 0.5579977460748969, AUPR test all: 0.18281188364825862, AUROC test unknown: 0.5162879275300686, AUPR test unknown: 0.13272334961502263
2026-09-02 01:00:06,409 INFO Epoch: 23, loss: 0.08008037507534027, labeled_loss: 0.270582914352417, unnlabeled_loss: 0.014265945181250572, mixup_loss: -1.9763551950454712, energy_loss: 0.0
2026-09-02 01:00:06,409 INFO Best AUROC test all: 0.5684722409784281, AUPR test all: 0.189904967684233, AUROC test unknown: 0.5239133169765416, AUPR test unknown: 0.13692984375251216
2026-09-02 01:00:08,643 INFO Epoch: 24, loss: 0.07849149405956268, labeled_loss: 0.2685057520866394, unnlabeled_loss: 0.015419214963912964, mixup_loss: -1.9772387742996216, energy_loss: 0.0
2026-09-02 01:00:08,643 INFO Best AUROC test all: 0.5785557530869453, AUPR test all: 0.1973058599082754, AUROC test unknown: 0.5329554054189806, AUPR test unknown: 0.14150955662063452
2026-09-02 01:00:11,005 INFO Epoch: 25, loss: 0.07910530269145966, labeled_loss: 0.26854851841926575, unnlabeled_loss: 0.017066583037376404, mixup_loss: -1.9797650575637817, energy_loss: 0.0
2026-09-02 01:00:11,005 INFO Best AUROC test all: 0.5888921758120296, AUPR test all: 0.20576247342170317, AUROC test unknown: 0.5374350563773549, AUPR test unknown: 0.1442087080596018
2026-09-02 01:00:13,324 INFO Epoch: 26, loss: 0.07736407220363617, labeled_loss: 0.2679630517959595, unnlabeled_loss: 0.015065803192555904, mixup_loss: -1.981318712234497, energy_loss: 0.0
2026-09-02 01:00:13,324 INFO Best AUROC test all: 0.6024452215833694, AUPR test all: 0.2169863769743976, AUROC test unknown: 0.5494553370132128, AUPR test unknown: 0.1514229569195101
2026-09-02 01:00:15,613 INFO Epoch: 27, loss: 0.07588821649551392, labeled_loss: 0.26836252212524414, unnlabeled_loss: 0.011727790348231792, mixup_loss: -1.9833821058273315, energy_loss: 0.0
2026-09-02 01:00:15,613 INFO Best AUROC test all: 0.6166282847417124, AUPR test all: 0.23001027328352988, AUROC test unknown: 0.5629893045429563, AUPR test unknown: 0.1600274396669999
2026-09-02 01:00:17,962 INFO Epoch: 28, loss: 0.07119832932949066, labeled_loss: 0.2654688060283661, unnlabeled_loss: 0.008487499319016933, mixup_loss: -1.9851423501968384, energy_loss: 0.0
2026-09-02 01:00:17,962 INFO Best AUROC test all: 0.6296826422446188, AUPR test all: 0.24480384106281936, AUROC test unknown: 0.5728432929101488, AUPR test unknown: 0.1673231612152705
2026-09-02 01:00:20,238 INFO Epoch: 29, loss: 0.06845095753669739, labeled_loss: 0.26414206624031067, unnlabeled_loss: 0.005910332780331373, mixup_loss: -1.9864627122879028, energy_loss: 0.0
2026-09-02 01:00:20,239 INFO Best AUROC test all: 0.6413268057455641, AUPR test all: 0.26048911740452696, AUROC test unknown: 0.580299970054538, AUPR test unknown: 0.1754996499967675
2026-09-02 01:00:22,566 INFO Epoch: 30, loss: 0.06679873168468475, labeled_loss: 0.2635118067264557, unnlabeled_loss: 0.00420404551550746, mixup_loss: -1.9881508350372314, energy_loss: 0.0
2026-09-02 01:00:22,566 INFO Best AUROC test all: 0.6476553509253496, AUPR test all: 0.2719114300749353, AUROC test unknown: 0.5860474298326641, AUPR test unknown: 0.18215802529783054
2026-09-02 01:00:24,864 INFO Epoch: 31, loss: 0.06443268060684204, labeled_loss: 0.2616848051548004, unnlabeled_loss: 0.003338643815368414, mixup_loss: -1.9892144203186035, energy_loss: 0.0
2026-09-02 01:00:24,864 INFO Best AUROC test all: 0.6547932697106522, AUPR test all: 0.28377352774237224, AUROC test unknown: 0.5919481149427376, AUPR test unknown: 0.19004517108851865
2026-09-02 01:00:27,164 INFO Epoch: 32, loss: 0.06358738243579865, labeled_loss: 0.26092687249183655, unnlabeled_loss: 0.0032721254974603653, mixup_loss: -1.9897555112838745, energy_loss: 0.0
2026-09-02 01:00:27,164 INFO Best AUROC test all: 0.6578928754388952, AUPR test all: 0.2896824681354876, AUROC test unknown: 0.5956908492217288, AUPR test unknown: 0.1929263324138865
2026-09-02 01:00:29,759 INFO Epoch: 33, loss: 0.0614248663187027, labeled_loss: 0.25811660289764404, unnlabeled_loss: 0.004810568876564503, mixup_loss: -1.990970253944397, energy_loss: 0.0
2026-09-02 01:00:29,759 INFO Best AUROC test all: 0.6578928754388952, AUPR test all: 0.2896824681354876, AUROC test unknown: 0.5956908492217288, AUPR test unknown: 0.1929263324138865
2026-09-02 01:00:32,034 INFO Epoch: 34, loss: 0.059907466173172, labeled_loss: 0.2552807033061981, unnlabeled_loss: 0.007551281712949276, mixup_loss: -1.9914885759353638, energy_loss: 0.0
2026-09-02 01:00:32,034 INFO Best AUROC test all: 0.6578928754388952, AUPR test all: 0.2896824681354876, AUROC test unknown: 0.5956908492217288, AUPR test unknown: 0.1929263324138865
2026-09-02 01:00:34,310 INFO Epoch: 35, loss: 0.059621214866638184, labeled_loss: 0.25261732935905457, unnlabeled_loss: 0.012488764710724354, mixup_loss: -1.9924050569534302, energy_loss: 0.0
2026-09-02 01:00:34,310 INFO Best AUROC test all: 0.6578928754388952, AUPR test all: 0.2896824681354876, AUROC test unknown: 0.5956908492217288, AUPR test unknown: 0.1929263324138865
2026-09-02 01:00:36,572 INFO Epoch: 36, loss: 0.06464314460754395, labeled_loss: 0.2554619610309601, unnlabeled_loss: 0.016767112538218498, mixup_loss: -1.9920235872268677, energy_loss: 0.0
2026-09-02 01:00:36,572 INFO Best AUROC test all: 0.6578928754388952, AUPR test all: 0.2896824681354876, AUROC test unknown: 0.5956908492217288, AUPR test unknown: 0.1929263324138865
2026-09-02 01:00:38,847 INFO Epoch: 37, loss: 0.06738650798797607, labeled_loss: 0.25588223338127136, unnlabeled_loss: 0.021511798724532127, mixup_loss: -1.9925161600112915, energy_loss: 0.0
2026-09-02 01:00:38,847 INFO Best AUROC test all: 0.6578928754388952, AUPR test all: 0.2896824681354876, AUROC test unknown: 0.5956908492217288, AUPR test unknown: 0.1929263324138865
2026-09-02 01:00:41,147 INFO Epoch: 38, loss: 0.0647478848695755, labeled_loss: 0.25301769375801086, unnlabeled_loss: 0.022017834708094597, mixup_loss: -1.99278724193573, energy_loss: 0.0
2026-09-02 01:00:41,147 INFO Best AUROC test all: 0.6578928754388952, AUPR test all: 0.2896824681354876, AUROC test unknown: 0.5956908492217288, AUPR test unknown: 0.1929263324138865
2026-09-02 01:00:43,477 INFO Epoch: 39, loss: 0.05822528898715973, labeled_loss: 0.24638792872428894, unnlabeled_loss: 0.022507697343826294, mixup_loss: -1.994165062904358, energy_loss: 0.0
2026-09-02 01:00:43,477 INFO Best AUROC test all: 0.6578928754388952, AUPR test all: 0.2896824681354876, AUROC test unknown: 0.5956908492217288, AUPR test unknown: 0.1929263324138865
2026-09-02 01:00:45,768 INFO Epoch: 40, loss: 0.0591089129447937, labeled_loss: 0.24812418222427368, unnlabeled_loss: 0.020817993208765984, mixup_loss: -1.9942426681518555, energy_loss: 0.0
2026-09-02 01:00:45,768 INFO Best AUROC test all: 0.6618824733286753, AUPR test all: 0.3051053646190341, AUROC test unknown: 0.5958745402343113, AUPR test unknown: 0.19896989132271434
2026-09-02 01:00:48,105 INFO Epoch: 41, loss: 0.054031550884246826, labeled_loss: 0.2427269071340561, unnlabeled_loss: 0.02153746224939823, mixup_loss: -1.994640827178955, energy_loss: 0.0
2026-09-02 01:00:48,106 INFO Best AUROC test all: 0.6683091369103538, AUPR test all: 0.3149691667056641, AUROC test unknown: 0.6026061700567386, AUPR test unknown: 0.20687356124233738
2026-09-02 01:00:50,394 INFO Epoch: 42, loss: 0.05239890515804291, labeled_loss: 0.24088279902935028, unnlabeled_loss: 0.02195168472826481, mixup_loss: -1.9945974349975586, energy_loss: 0.0
2026-09-02 01:00:50,394 INFO Best AUROC test all: 0.6751061183314349, AUPR test all: 0.3289616154253674, AUROC test unknown: 0.6074117051357424, AUPR test unknown: 0.21399067736832494
2026-09-02 01:00:52,704 INFO Epoch: 43, loss: 0.051194027066230774, labeled_loss: 0.2382092922925949, unnlabeled_loss: 0.024934042245149612, mixup_loss: -1.9948227405548096, energy_loss: 0.0
2026-09-02 01:00:52,704 INFO Best AUROC test all: 0.6799484151332246, AUPR test all: 0.33408891509265665, AUROC test unknown: 0.6127075313793521, AUPR test unknown: 0.21923300476091606
2026-09-02 01:00:54,997 INFO Epoch: 44, loss: 0.04766447842121124, labeled_loss: 0.23652733862400055, unnlabeled_loss: 0.021407615393400192, mixup_loss: -1.9956666231155396, energy_loss: 0.0
2026-09-02 01:00:54,997 INFO Best AUROC test all: 0.6799484151332246, AUPR test all: 0.33737114497440934, AUROC test unknown: 0.6127075313793521, AUPR test unknown: 0.22018817025781548
2026-09-02 01:00:57,333 INFO Epoch: 45, loss: 0.045512065291404724, labeled_loss: 0.23298870027065277, unnlabeled_loss: 0.02423153445124626, mixup_loss: -1.9959238767623901, energy_loss: 0.0
2026-09-02 01:00:57,334 INFO Best AUROC test all: 0.6799484151332246, AUPR test all: 0.3415006222351637, AUROC test unknown: 0.6127075313793521, AUPR test unknown: 0.22304250649821836
2026-09-02 01:00:59,646 INFO Epoch: 46, loss: 0.04466922581195831, labeled_loss: 0.23178189992904663, unnlabeled_loss: 0.02485446259379387, mixup_loss: -1.995398998260498, energy_loss: 0.0
2026-09-02 01:00:59,646 INFO Best AUROC test all: 0.6816731017781862, AUPR test all: 0.34234605793031636, AUROC test unknown: 0.6132834194464682, AUPR test unknown: 0.22348331328775647
2026-09-02 01:01:01,960 INFO Epoch: 47, loss: 0.04485839605331421, labeled_loss: 0.2313275784254074, unnlabeled_loss: 0.02618628740310669, mixup_loss: -1.995623230934143, energy_loss: 0.0
2026-09-02 01:01:01,961 INFO Best AUROC test all: 0.6866456038552321, AUPR test all: 0.35282402449389905, AUROC test unknown: 0.6176817189651882, AUPR test unknown: 0.23152066726935527
2026-09-02 01:01:04,280 INFO Epoch: 48, loss: 0.037562087178230286, labeled_loss: 0.2240496426820755, unnlabeled_loss: 0.026315459981560707, mixup_loss: -1.996452808380127, energy_loss: 0.0
2026-09-02 01:01:04,280 INFO Best AUROC test all: 0.6903549289841117, AUPR test all: 0.35879572210962296, AUROC test unknown: 0.6207562114111345, AUPR test unknown: 0.23489638921166786
2026-09-02 01:01:06,617 INFO Epoch: 49, loss: 0.03957648575305939, labeled_loss: 0.2259751409292221, unnlabeled_loss: 0.02635900489985943, mixup_loss: -1.995781421661377, energy_loss: 0.0
2026-09-02 01:01:06,617 INFO Best AUROC test all: 0.6946160382440668, AUPR test all: 0.3685090366802882, AUROC test unknown: 0.6248627400002009, AUPR test unknown: 0.24123727842595175
2026-09-02 01:01:09,021 INFO Epoch: 50, loss: 0.03770384192466736, labeled_loss: 0.2232435792684555, unnlabeled_loss: 0.02826496586203575, mixup_loss: -1.9967222213745117, energy_loss: 0.0
2026-09-02 01:01:09,021 INFO Best AUROC test all: 0.7004257577180971, AUPR test all: 0.3837736405401409, AUROC test unknown: 0.62984927530547, AUPR test unknown: 0.2508782692034286
2026-09-02 01:01:11,378 INFO Epoch: 51, loss: 0.03409673273563385, labeled_loss: 0.21890312433242798, unnlabeled_loss: 0.029764490202069283, mixup_loss: -1.9968863725662231, energy_loss: 0.0
2026-09-02 01:01:11,379 INFO Best AUROC test all: 0.7052826874185328, AUPR test all: 0.3939003934311176, AUROC test unknown: 0.6353162953541004, AUPR test unknown: 0.2591497043101909
2026-09-02 01:01:13,682 INFO Epoch: 52, loss: 0.029292449355125427, labeled_loss: 0.21717864274978638, unnlabeled_loss: 0.02358884923160076, mixup_loss: -1.996806025505066, energy_loss: 0.0
2026-09-02 01:01:13,682 INFO Best AUROC test all: 0.7097098273262914, AUPR test all: 0.40587502078933047, AUROC test unknown: 0.6395778730302846, AUPR test unknown: 0.2673573224549577
2026-09-02 01:01:15,932 INFO Epoch: 53, loss: 0.023903846740722656, labeled_loss: 0.21117432415485382, unnlabeled_loss: 0.024827662855386734, mixup_loss: -1.9968429803848267, energy_loss: 0.0
2026-09-02 01:01:15,932 INFO Best AUROC test all: 0.7128423456086992, AUPR test all: 0.41221539687373365, AUROC test unknown: 0.6421333127956577, AUPR test unknown: 0.27062671915065034
2026-09-02 01:01:18,143 INFO Epoch: 54, loss: 0.02034144103527069, labeled_loss: 0.20666959881782532, unnlabeled_loss: 0.02677936665713787, mixup_loss: -1.997178316116333, energy_loss: 0.0
2026-09-02 01:01:18,143 INFO Best AUROC test all: 0.7128423456086992, AUPR test all: 0.41645419815230506, AUROC test unknown: 0.6421333127956577, AUPR test unknown: 0.2739975471559396
2026-09-02 01:01:20,437 INFO Epoch: 55, loss: 0.023885831236839294, labeled_loss: 0.20951710641384125, unnlabeled_loss: 0.028145235031843185, mixup_loss: -1.9970388412475586, energy_loss: 0.0
2026-09-02 01:01:20,437 INFO Best AUROC test all: 0.7162365817695551, AUPR test all: 0.42451981689795837, AUROC test unknown: 0.6461772656540381, AUPR test unknown: 0.27940597701038555
2026-09-02 01:01:22,758 INFO Epoch: 56, loss: 0.019078344106674194, labeled_loss: 0.2044232040643692, unnlabeled_loss: 0.028631003573536873, mixup_loss: -1.9966036081314087, energy_loss: 0.0
2026-09-02 01:01:22,758 INFO Best AUROC test all: 0.7171781101744426, AUPR test all: 0.43778679780701113, AUROC test unknown: 0.6461772656540381, AUPR test unknown: 0.2852497742142012
2026-09-02 01:01:25,050 INFO Epoch: 57, loss: 0.01226450502872467, labeled_loss: 0.19888046383857727, unnlabeled_loss: 0.0261352751404047, mixup_loss: -1.9968359470367432, energy_loss: 0.0
2026-09-02 01:01:25,050 INFO Best AUROC test all: 0.721701510702291, AUPR test all: 0.45200641283235754, AUROC test unknown: 0.6510870238563919, AUPR test unknown: 0.29283898077985104
2026-09-02 01:01:27,411 INFO Epoch: 58, loss: 0.008239999413490295, labeled_loss: 0.19561737775802612, unnlabeled_loss: 0.02453557960689068, mixup_loss: -1.9964516162872314, energy_loss: 0.0
2026-09-02 01:01:27,411 INFO Best AUROC test all: 0.7271590314433928, AUPR test all: 0.47526791246715994, AUROC test unknown: 0.6574579089265701, AUPR test unknown: 0.3057267499711732
2026-09-02 01:01:30,442 INFO Epoch: 59, loss: 0.0008527040481567383, labeled_loss: 0.18867555260658264, unnlabeled_loss: 0.023580867797136307, mixup_loss: -1.9961328506469727, energy_loss: 0.0
2026-09-02 01:01:30,442 INFO Best AUROC test all: 0.7291985777006, AUPR test all: 0.49503999435379686, AUROC test unknown: 0.6583356135255902, AUPR test unknown: 0.31776551781770884
2026-09-02 01:01:33,168 INFO Epoch: 60, loss: -0.004272744059562683, labeled_loss: 0.18349048495292664, unnlabeled_loss: 0.02360212802886963, mixup_loss: -1.995642900466919, energy_loss: 0.0
2026-09-02 01:01:33,168 INFO Best AUROC test all: 0.7291985777006, AUPR test all: 0.5006787333111794, AUROC test unknown: 0.6583356135255902, AUPR test unknown: 0.3200863471675679
2026-09-02 01:01:35,687 INFO Epoch: 61, loss: -0.0024391114711761475, labeled_loss: 0.18421302735805511, unnlabeled_loss: 0.02585005760192871, mixup_loss: -1.9957716464996338, energy_loss: 0.0
2026-09-02 01:01:35,687 INFO Best AUROC test all: 0.7303488427991828, AUPR test all: 0.5102951580285038, AUROC test unknown: 0.6597646004457378, AUPR test unknown: 0.33109951625527106
2026-09-02 01:01:38,124 INFO Epoch: 62, loss: -0.015132471919059753, labeled_loss: 0.1725098341703415, unnlabeled_loss: 0.023591818287968636, mixup_loss: -1.9943821430206299, energy_loss: 0.0
2026-09-02 01:01:38,125 INFO Best AUROC test all: 0.7327258860839391, AUPR test all: 0.5212587436333946, AUROC test unknown: 0.661102818174121, AUPR test unknown: 0.3452169228173881
2026-09-02 01:01:40,911 INFO Epoch: 63, loss: -0.019030258059501648, labeled_loss: 0.1680077314376831, unnlabeled_loss: 0.024881377816200256, mixup_loss: -1.9947866201400757, energy_loss: 0.0
2026-09-02 01:01:40,911 INFO Best AUROC test all: 0.7356301724315089, AUPR test all: 0.5412160600728266, AUROC test unknown: 0.6644892026518476, AUPR test unknown: 0.3686438245152835
2026-09-02 01:01:44,819 INFO Epoch: 64, loss: -0.024961277842521667, labeled_loss: 0.16409501433372498, unnlabeled_loss: 0.020588597282767296, mixup_loss: -1.9935059547424316, energy_loss: 0.0
2026-09-02 01:01:44,819 INFO Best AUROC test all: 0.7419784651437933, AUPR test all: 0.559220224037905, AUROC test unknown: 0.6715716512147765, AUPR test unknown: 0.3911486283530047
2026-09-02 01:01:47,537 INFO Epoch: 65, loss: -0.027992546558380127, labeled_loss: 0.16000767052173615, unnlabeled_loss: 0.022586451843380928, mixup_loss: -1.9929344654083252, energy_loss: 0.0
2026-09-02 01:01:47,537 INFO Best AUROC test all: 0.7437999857982902, AUPR test all: 0.5707588995811218, AUROC test unknown: 0.673306221767672, AUPR test unknown: 0.4058470170436128
2026-09-02 01:01:50,205 INFO Epoch: 66, loss: -0.0325007289648056, labeled_loss: 0.15547055006027222, unnlabeled_loss: 0.02290123887360096, mixup_loss: -1.9942189455032349, energy_loss: 0.0
2026-09-02 01:01:50,205 INFO Best AUROC test all: 0.7437999857982902, AUPR test all: 0.5731248426187399, AUROC test unknown: 0.673306221767672, AUPR test unknown: 0.4072158397041445
2026-09-02 01:01:52,748 INFO Epoch: 67, loss: -0.041712984442710876, labeled_loss: 0.14544060826301575, unnlabeled_loss: 0.02394152246415615, mixup_loss: -1.9912434816360474, energy_loss: 0.0
2026-09-02 01:01:52,748 INFO Best AUROC test all: 0.7437999857982902, AUPR test all: 0.574431271757099, AUROC test unknown: 0.673306221767672, AUPR test unknown: 0.4072158397041445
2026-09-02 01:01:55,281 INFO Epoch: 68, loss: -0.05544264614582062, labeled_loss: 0.13381291925907135, unnlabeled_loss: 0.019553855061531067, mixup_loss: -1.9903249740600586, energy_loss: 0.0
2026-09-02 01:01:55,281 INFO Best AUROC test all: 0.7438990904300293, AUPR test all: 0.574431271757099, AUROC test unknown: 0.673306221767672, AUPR test unknown: 0.4072158397041445
2026-09-02 01:01:57,860 INFO Epoch: 69, loss: -0.04860226809978485, labeled_loss: 0.1408306062221527, unnlabeled_loss: 0.019721558317542076, mixup_loss: -1.992936611175537, energy_loss: 0.0
2026-09-02 01:01:57,860 INFO Best AUROC test all: 0.7458293486589476, AUPR test all: 0.5825899200796885, AUROC test unknown: 0.6749510396480786, AUPR test unknown: 0.4150458362636969
2026-09-02 01:02:00,407 INFO Epoch: 70, loss: -0.05554740130901337, labeled_loss: 0.13354523479938507, unnlabeled_loss: 0.020113876089453697, mixup_loss: -1.9914957284927368, energy_loss: 0.0
2026-09-02 01:02:00,407 INFO Best AUROC test all: 0.7483115974391419, AUPR test all: 0.5891155757446204, AUROC test unknown: 0.6778428277030922, AUPR test unknown: 0.4233654372958664
2026-09-02 01:02:02,998 INFO Epoch: 71, loss: -0.06373584270477295, labeled_loss: 0.1251952350139618, unnlabeled_loss: 0.020709384232759476, mixup_loss: -1.9928576946258545, energy_loss: 0.0
2026-09-02 01:02:02,998 INFO Best AUROC test all: 0.7495378022358702, AUPR test all: 0.5927622558280845, AUROC test unknown: 0.6789645567234498, AUPR test unknown: 0.4275981446044563
2026-09-02 01:02:05,553 INFO Epoch: 72, loss: -0.06793761253356934, labeled_loss: 0.12117008119821548, unnlabeled_loss: 0.02045517973601818, mixup_loss: -1.9933527708053589, energy_loss: 0.0
2026-09-02 01:02:05,553 INFO Best AUROC test all: 0.7495378022358702, AUPR test all: 0.5927622558280845, AUROC test unknown: 0.6789645567234498, AUPR test unknown: 0.4275981446044563
2026-09-02 01:02:08,062 INFO Epoch: 73, loss: -0.06000356376171112, labeled_loss: 0.1311832070350647, unnlabeled_loss: 0.016192378476262093, mixup_loss: -1.9928295612335205, energy_loss: 0.0
2026-09-02 01:02:08,063 INFO Best AUROC test all: 0.7495378022358702, AUPR test all: 0.5927622558280845, AUROC test unknown: 0.6789645567234498, AUPR test unknown: 0.4275981446044563
2026-09-02 01:02:10,583 INFO Epoch: 74, loss: -0.07760288566350937, labeled_loss: 0.11259006708860397, unnlabeled_loss: 0.017945943400263786, mixup_loss: -1.991659164428711, energy_loss: 0.0
2026-09-02 01:02:10,583 INFO Best AUROC test all: 0.7495378022358702, AUPR test all: 0.5934012285843445, AUROC test unknown: 0.6789645567234498, AUPR test unknown: 0.4275981446044563
2026-09-02 01:02:13,075 INFO Epoch: 75, loss: -0.08633645623922348, labeled_loss: 0.10521861910820007, unnlabeled_loss: 0.015612347051501274, mixup_loss: -1.9936124086380005, energy_loss: 0.0
2026-09-02 01:02:13,075 INFO Best AUROC test all: 0.7495378022358702, AUPR test all: 0.5934012285843445, AUROC test unknown: 0.6789645567234498, AUPR test unknown: 0.4275981446044563
2026-09-02 01:02:15,574 INFO Epoch: 76, loss: -0.0792618915438652, labeled_loss: 0.11185750365257263, unnlabeled_loss: 0.01646943762898445, mixup_loss: -1.9935411214828491, energy_loss: 0.0
2026-09-02 01:02:15,574 INFO Best AUROC test all: 0.7520979861094803, AUPR test all: 0.5989912223520548, AUROC test unknown: 0.6812527117146552, AUPR test unknown: 0.4328382743678294
2026-09-02 01:02:18,090 INFO Epoch: 77, loss: -0.0905226469039917, labeled_loss: 0.10137436538934708, unnlabeled_loss: 0.014919926412403584, mixup_loss: -1.9935697317123413, energy_loss: 0.0
2026-09-02 01:02:18,090 INFO Best AUROC test all: 0.7520979861094803, AUPR test all: 0.5989912223520548, AUROC test unknown: 0.6812527117146552, AUPR test unknown: 0.4328382743678294
2026-09-02 01:02:20,595 INFO Epoch: 78, loss: -0.09640612453222275, labeled_loss: 0.09533824771642685, unnlabeled_loss: 0.015351559035480022, mixup_loss: -1.9942015409469604, energy_loss: 0.0
2026-09-02 01:02:20,595 INFO Best AUROC test all: 0.7536366193472057, AUPR test all: 0.6015447683269243, AUROC test unknown: 0.682788702237347, AUPR test unknown: 0.43426043273697784
2026-09-02 01:02:23,108 INFO Epoch: 79, loss: -0.10227404534816742, labeled_loss: 0.08983257412910461, unnlabeled_loss: 0.014573928900063038, mixup_loss: -1.9939358234405518, energy_loss: 0.0
2026-09-02 01:02:23,109 INFO Best AUROC test all: 0.7536366193472057, AUPR test all: 0.6015447683269243, AUROC test unknown: 0.682788702237347, AUPR test unknown: 0.43426043273697784
2026-09-02 01:02:25,528 INFO Epoch: 80, loss: -0.10799717158079147, labeled_loss: 0.08481216430664062, unnlabeled_loss: 0.01328835915774107, mixup_loss: -1.994535207748413, energy_loss: 0.0
2026-09-02 01:02:25,528 INFO Best AUROC test all: 0.7536366193472057, AUPR test all: 0.6015447683269243, AUROC test unknown: 0.682788702237347, AUPR test unknown: 0.43426043273697784
2026-09-02 01:02:27,888 INFO Epoch: 81, loss: -0.11351939290761948, labeled_loss: 0.08005407452583313, unnlabeled_loss: 0.011898834258317947, mixup_loss: -1.9952287673950195, energy_loss: 0.0
2026-09-02 01:02:27,888 INFO Best AUROC test all: 0.7536366193472057, AUPR test all: 0.6015447683269243, AUROC test unknown: 0.682788702237347, AUPR test unknown: 0.43426043273697784
2026-09-02 01:02:30,240 INFO Epoch: 82, loss: -0.11048472672700882, labeled_loss: 0.083587147295475, unnlabeled_loss: 0.010851112194359303, mixup_loss: -1.9949742555618286, energy_loss: 0.0
2026-09-02 01:02:30,240 INFO Best AUROC test all: 0.7536366193472057, AUPR test all: 0.6015447683269243, AUROC test unknown: 0.682788702237347, AUPR test unknown: 0.43426043273697784
2026-09-02 01:02:32,578 INFO Epoch: 83, loss: -0.11725673079490662, labeled_loss: 0.07573986053466797, unnlabeled_loss: 0.01304369792342186, mixup_loss: -1.9951844215393066, energy_loss: 0.0
2026-09-02 01:02:32,578 INFO Best AUROC test all: 0.7536366193472057, AUPR test all: 0.6015447683269243, AUROC test unknown: 0.682788702237347, AUPR test unknown: 0.43426043273697784
2026-09-02 01:02:34,925 INFO Epoch: 84, loss: -0.12709853053092957, labeled_loss: 0.06454697996377945, unnlabeled_loss: 0.015921901911497116, mixup_loss: -1.99606454372406, energy_loss: 0.0
2026-09-02 01:02:34,926 INFO Best AUROC test all: 0.7536366193472057, AUPR test all: 0.6015447683269243, AUROC test unknown: 0.682788702237347, AUPR test unknown: 0.43426043273697784
2026-09-02 01:02:37,230 INFO Epoch: 85, loss: -0.12871190905570984, labeled_loss: 0.06521114706993103, unnlabeled_loss: 0.011128515005111694, mixup_loss: -1.9948731660842896, energy_loss: 0.0
2026-09-02 01:02:37,230 INFO Best AUROC test all: 0.7536366193472057, AUPR test all: 0.6015447683269243, AUROC test unknown: 0.682788702237347, AUPR test unknown: 0.43426043273697784
2026-09-02 01:02:39,552 INFO Epoch: 86, loss: -0.13458701968193054, labeled_loss: 0.060991112142801285, unnlabeled_loss: 0.008169001899659634, mixup_loss: -1.996626377105713, energy_loss: 0.0
2026-09-02 01:02:39,552 INFO Best AUROC test all: 0.7536366193472057, AUPR test all: 0.6015447683269243, AUROC test unknown: 0.682788702237347, AUPR test unknown: 0.43426043273697784
2026-09-02 01:02:41,857 INFO Epoch: 87, loss: -0.14482393860816956, labeled_loss: 0.05072304233908653, unnlabeled_loss: 0.008137519471347332, mixup_loss: -1.9961574077606201, energy_loss: 0.0
2026-09-02 01:02:41,857 INFO Best AUROC test all: 0.7536366193472057, AUPR test all: 0.6015447683269243, AUROC test unknown: 0.682788702237347, AUPR test unknown: 0.43426043273697784
2026-09-02 01:02:44,161 INFO Epoch: 88, loss: -0.14773696660995483, labeled_loss: 0.04651414602994919, unnlabeled_loss: 0.010703233070671558, mixup_loss: -1.9960273504257202, energy_loss: 0.0
2026-09-02 01:02:44,161 INFO Best AUROC test all: 0.7536366193472057, AUPR test all: 0.6015447683269243, AUROC test unknown: 0.682788702237347, AUPR test unknown: 0.43426043273697784
2026-09-02 01:02:46,520 INFO Epoch: 89, loss: -0.1516236811876297, labeled_loss: 0.042697448283433914, unnlabeled_loss: 0.010503665544092655, mixup_loss: -1.9957295656204224, energy_loss: 0.0
2026-09-02 01:02:46,520 INFO Best AUROC test all: 0.7536366193472057, AUPR test all: 0.6015447683269243, AUROC test unknown: 0.682788702237347, AUPR test unknown: 0.43426043273697784
2026-09-02 01:02:48,890 INFO Epoch: 90, loss: -0.14679773151874542, labeled_loss: 0.0487443245947361, unnlabeled_loss: 0.008256842382252216, mixup_loss: -1.9967046976089478, energy_loss: 0.0
2026-09-02 01:02:48,890 INFO Best AUROC test all: 0.7536366193472057, AUPR test all: 0.6015447683269243, AUROC test unknown: 0.682788702237347, AUPR test unknown: 0.43426043273697784
2026-09-02 01:02:51,245 INFO Epoch: 91, loss: -0.1528739035129547, labeled_loss: 0.04251745715737343, unnlabeled_loss: 0.00847037136554718, mixup_loss: -1.9962654113769531, energy_loss: 0.0
2026-09-02 01:02:51,245 INFO Best AUROC test all: 0.7536366193472057, AUPR test all: 0.6015447683269243, AUROC test unknown: 0.682788702237347, AUPR test unknown: 0.43426043273697784
2026-09-02 01:02:53,570 INFO Epoch: 92, loss: -0.1630149632692337, labeled_loss: 0.03003566339612007, unnlabeled_loss: 0.013135102577507496, mixup_loss: -1.9961817264556885, energy_loss: 0.0
2026-09-02 01:02:53,570 INFO Best AUROC test all: 0.7536366193472057, AUPR test all: 0.6015447683269243, AUROC test unknown: 0.682788702237347, AUPR test unknown: 0.43426043273697784
2026-09-02 01:02:55,870 INFO Epoch: 93, loss: -0.16393935680389404, labeled_loss: 0.030887002125382423, unnlabeled_loss: 0.00973234511911869, mixup_loss: -1.9969253540039062, energy_loss: 0.0
2026-09-02 01:02:55,870 INFO Best AUROC test all: 0.7536366193472057, AUPR test all: 0.6015447683269243, AUROC test unknown: 0.682788702237347, AUPR test unknown: 0.43426043273697784
2026-09-02 01:02:58,144 INFO Epoch: 94, loss: -0.1616591066122055, labeled_loss: 0.0349116325378418, unnlabeled_loss: 0.006057999096810818, mixup_loss: -1.995997428894043, energy_loss: 0.0
2026-09-02 01:02:58,144 INFO Best AUROC test all: 0.7536366193472057, AUPR test all: 0.6015447683269243, AUROC test unknown: 0.682788702237347, AUPR test unknown: 0.43426043273697784
2026-09-02 01:03:00,520 INFO Epoch: 95, loss: -0.16066130995750427, labeled_loss: 0.034706223756074905, unnlabeled_loss: 0.00849920604377985, mixup_loss: -1.9961713552474976, energy_loss: 0.0
2026-09-02 01:03:00,520 INFO Best AUROC test all: 0.7536366193472057, AUPR test all: 0.6015447683269243, AUROC test unknown: 0.682788702237347, AUPR test unknown: 0.43426043273697784
2026-09-02 01:03:02,844 INFO Epoch: 96, loss: -0.16518078744411469, labeled_loss: 0.02742827497422695, unnlabeled_loss: 0.014063462615013123, mixup_loss: -1.9964078664779663, energy_loss: 0.0
2026-09-02 01:03:02,845 INFO Best AUROC test all: 0.7536366193472057, AUPR test all: 0.6015447683269243, AUROC test unknown: 0.682788702237347, AUPR test unknown: 0.43426043273697784
2026-09-02 01:03:05,190 INFO Epoch: 97, loss: -0.16567251086235046, labeled_loss: 0.026763318106532097, unnlabeled_loss: 0.014438446611166, mixup_loss: -1.9965505599975586, energy_loss: 0.0
2026-09-02 01:03:05,191 INFO Best AUROC test all: 0.7536366193472057, AUPR test all: 0.6015447683269243, AUROC test unknown: 0.682788702237347, AUPR test unknown: 0.43426043273697784
2026-09-02 01:03:07,501 INFO Epoch: 98, loss: -0.1728009581565857, labeled_loss: 0.021894868463277817, unnlabeled_loss: 0.010058742016553879, mixup_loss: -1.9972518682479858, energy_loss: 0.0
2026-09-02 01:03:07,502 INFO Best AUROC test all: 0.7536366193472057, AUPR test all: 0.6015447683269243, AUROC test unknown: 0.682788702237347, AUPR test unknown: 0.43426043273697784
2026-09-02 01:03:09,802 INFO Epoch: 99, loss: -0.17169936001300812, labeled_loss: 0.025558382272720337, unnlabeled_loss: 0.004843884147703648, mixup_loss: -1.9967968463897705, energy_loss: 0.0
2026-09-02 01:03:09,802 INFO Best AUROC test all: 0.7536366193472057, AUPR test all: 0.6015447683269243, AUROC test unknown: 0.682788702237347, AUPR test unknown: 0.43426043273697784
2026-09-02 01:03:12,170 INFO Epoch: 100, loss: -0.17878541350364685, labeled_loss: 0.01615655981004238, unnlabeled_loss: 0.009511359967291355, mixup_loss: -1.9969764947891235, energy_loss: 0.0
2026-09-02 01:03:12,170 INFO Best AUROC test all: 0.7536366193472057, AUPR test all: 0.6015447683269243, AUROC test unknown: 0.682788702237347, AUPR test unknown: 0.43426043273697784
2026-09-02 01:03:14,472 INFO Epoch: 101, loss: -0.15666961669921875, labeled_loss: 0.01234972570091486, unnlabeled_loss: 0.061478566378355026, mixup_loss: -1.9975861310958862, energy_loss: 0.0
2026-09-02 01:03:14,472 INFO Best AUROC test all: 0.7536366193472057, AUPR test all: 0.6015447683269243, AUROC test unknown: 0.682788702237347, AUPR test unknown: 0.43426043273697784
2026-09-02 01:03:16,765 INFO Epoch: 102, loss: -0.13020506501197815, labeled_loss: 0.012623662129044533, unnlabeled_loss: 0.11375334113836288, mixup_loss: -1.9970539808273315, energy_loss: 0.0
2026-09-02 01:03:16,766 INFO Best AUROC test all: 0.7536366193472057, AUPR test all: 0.6015447683269243, AUROC test unknown: 0.682788702237347, AUPR test unknown: 0.43426043273697784
2026-09-02 01:03:19,048 INFO Epoch: 103, loss: -0.1506582647562027, labeled_loss: 0.011119499802589417, unnlabeled_loss: 0.07595089077949524, mixup_loss: -1.9975321292877197, energy_loss: 0.0
2026-09-02 01:03:19,048 INFO Best AUROC test all: 0.7536366193472057, AUPR test all: 0.6015447683269243, AUROC test unknown: 0.682788702237347, AUPR test unknown: 0.43426043273697784
2026-09-02 01:03:21,321 INFO Epoch: 104, loss: -0.1758476048707962, labeled_loss: 0.01020568422973156, unnlabeled_loss: 0.02738950401544571, mixup_loss: -1.9974803924560547, energy_loss: 0.0
2026-09-02 01:03:21,321 INFO Best AUROC test all: 0.7536366193472057, AUPR test all: 0.6015447683269243, AUROC test unknown: 0.682788702237347, AUPR test unknown: 0.43426043273697784
2026-09-02 01:03:23,592 INFO Epoch: 105, loss: -0.1365918517112732, labeled_loss: 0.008227651938796043, unnlabeled_loss: 0.10990937054157257, mixup_loss: -1.9977418184280396, energy_loss: 0.0
2026-09-02 01:03:23,592 INFO Best AUROC test all: 0.7536366193472057, AUPR test all: 0.6015447683269243, AUROC test unknown: 0.682788702237347, AUPR test unknown: 0.43426043273697784
2026-09-02 01:03:25,849 INFO Epoch: 106, loss: -0.14867772161960602, labeled_loss: 0.010403717868030071, unnlabeled_loss: 0.08136415481567383, mixup_loss: -1.9976352453231812, energy_loss: 0.0
2026-09-02 01:03:25,849 INFO Best AUROC test all: 0.7536366193472057, AUPR test all: 0.6015447683269243, AUROC test unknown: 0.682788702237347, AUPR test unknown: 0.43426043273697784
2026-09-02 01:03:28,099 INFO Epoch: 107, loss: -0.10781573504209518, labeled_loss: 0.011896531097590923, unnlabeled_loss: 0.1601192057132721, mixup_loss: -1.9977185726165771, energy_loss: 0.0
2026-09-02 01:03:28,099 INFO Best AUROC test all: 0.7536366193472057, AUPR test all: 0.6015447683269243, AUROC test unknown: 0.682788702237347, AUPR test unknown: 0.43426043273697784
2026-09-02 01:03:30,409 INFO Epoch: 108, loss: -0.1445675939321518, labeled_loss: 0.010350841097533703, unnlabeled_loss: 0.08970897644758224, mixup_loss: -1.9977291822433472, energy_loss: 0.0
2026-09-02 01:03:30,409 INFO Best AUROC test all: 0.7536366193472057, AUPR test all: 0.6015447683269243, AUROC test unknown: 0.682788702237347, AUPR test unknown: 0.43426043273697784
2026-09-02 01:03:32,802 INFO Epoch: 109, loss: -0.019409462809562683, labeled_loss: 0.01930166408419609, unnlabeled_loss: 0.32219862937927246, mixup_loss: -1.998104453086853, energy_loss: 0.0
2026-09-02 01:03:32,802 INFO Best AUROC test all: 0.7592623725515812, AUPR test all: 0.6015447683269243, AUROC test unknown: 0.6886596691074292, AUPR test unknown: 0.43426043273697784
2026-09-02 01:03:35,101 INFO Epoch: 110, loss: -0.0184745192527771, labeled_loss: 0.032073140144348145, unnlabeled_loss: 0.2986142337322235, mixup_loss: -1.9985476732254028, energy_loss: 0.0
2026-09-02 01:03:35,102 INFO Best AUROC test all: 0.7592623725515812, AUPR test all: 0.6015447683269243, AUROC test unknown: 0.6886596691074292, AUPR test unknown: 0.43426043273697784
2026-09-02 01:03:37,354 INFO Epoch: 111, loss: -0.13304072618484497, labeled_loss: 0.01843222975730896, unnlabeled_loss: 0.09668974578380585, mixup_loss: -1.998178243637085, energy_loss: 0.0
2026-09-02 01:03:37,354 INFO Best AUROC test all: 0.7592623725515812, AUPR test all: 0.6015447683269243, AUROC test unknown: 0.6886596691074292, AUPR test unknown: 0.43426043273697784
2026-09-02 01:03:39,572 INFO Epoch: 112, loss: -0.17622484266757965, labeled_loss: 0.019269438460469246, unnlabeled_loss: 0.008493425324559212, mixup_loss: -1.9974099397659302, energy_loss: 0.0
2026-09-02 01:03:39,572 INFO Best AUROC test all: 0.7592623725515812, AUPR test all: 0.6015447683269243, AUROC test unknown: 0.6886596691074292, AUPR test unknown: 0.43426043273697784
2026-09-02 01:03:41,778 INFO Epoch: 113, loss: -0.1428847461938858, labeled_loss: 0.04521488398313522, unnlabeled_loss: 0.02301265485584736, mixup_loss: -1.996059536933899, energy_loss: 0.0
2026-09-02 01:03:41,778 INFO Best AUROC test all: 0.7592623725515812, AUPR test all: 0.6015447683269243, AUROC test unknown: 0.6886596691074292, AUPR test unknown: 0.43426043273697784
2026-09-02 01:03:43,957 INFO Epoch: 114, loss: -0.15303552150726318, labeled_loss: 0.02301773801445961, unnlabeled_loss: 0.04753834009170532, mixup_loss: -1.9982242584228516, energy_loss: 0.0
2026-09-02 01:03:43,957 INFO Best AUROC test all: 0.7592623725515812, AUPR test all: 0.6015447683269243, AUROC test unknown: 0.6886596691074292, AUPR test unknown: 0.43426043273697784
2026-09-02 01:03:46,188 INFO Epoch: 115, loss: -0.17111888527870178, labeled_loss: 0.018787726759910583, unnlabeled_loss: 0.01995736174285412, mixup_loss: -1.9988529682159424, energy_loss: 0.0
2026-09-02 01:03:46,188 INFO Best AUROC test all: 0.7618067767476543, AUPR test all: 0.6015447683269243, AUROC test unknown: 0.692462437818918, AUPR test unknown: 0.43426043273697784
2026-09-02 01:03:48,405 INFO Epoch: 116, loss: -0.13703307509422302, labeled_loss: 0.014435090124607086, unnlabeled_loss: 0.09680226445198059, mixup_loss: -1.9986929893493652, energy_loss: 0.0
2026-09-02 01:03:48,405 INFO Best AUROC test all: 0.7618067767476543, AUPR test all: 0.6015447683269243, AUROC test unknown: 0.692462437818918, AUPR test unknown: 0.43426043273697784
2026-09-02 01:03:50,619 INFO Epoch: 117, loss: -0.11621062457561493, labeled_loss: 0.01955820992588997, unnlabeled_loss: 0.12815473973751068, mixup_loss: -1.9984620809555054, energy_loss: 0.0
2026-09-02 01:03:50,619 INFO Best AUROC test all: 0.7618067767476543, AUPR test all: 0.6015447683269243, AUROC test unknown: 0.692462437818918, AUPR test unknown: 0.43426043273697784
2026-09-02 01:03:52,820 INFO Epoch: 118, loss: -0.16877445578575134, labeled_loss: 0.019407743588089943, unnlabeled_loss: 0.0233678687363863, mixup_loss: -1.9986612796783447, energy_loss: 0.0
2026-09-02 01:03:52,821 INFO Best AUROC test all: 0.7618067767476543, AUPR test all: 0.6015447683269243, AUROC test unknown: 0.692462437818918, AUPR test unknown: 0.43426043273697784
2026-09-02 01:03:55,076 INFO Epoch: 119, loss: -0.15169689059257507, labeled_loss: 0.013992829248309135, unnlabeled_loss: 0.06835680454969406, mixup_loss: -1.9986813068389893, energy_loss: 0.0
2026-09-02 01:03:55,076 INFO Best AUROC test all: 0.7618067767476543, AUPR test all: 0.6015447683269243, AUROC test unknown: 0.692462437818918, AUPR test unknown: 0.43426043273697784
2026-09-02 01:03:57,354 INFO Epoch: 120, loss: -0.17111802101135254, labeled_loss: 0.022042028605937958, unnlabeled_loss: 0.013458251953125, mixup_loss: -1.998891830444336, energy_loss: 0.0
2026-09-02 01:03:57,354 INFO Best AUROC test all: 0.7618067767476543, AUPR test all: 0.6015447683269243, AUROC test unknown: 0.692462437818918, AUPR test unknown: 0.43426043273697784
2026-09-02 01:03:59,640 INFO Epoch: 121, loss: -0.148611381649971, labeled_loss: 0.022321105003356934, unnlabeled_loss: 0.057872477918863297, mixup_loss: -1.9986872673034668, energy_loss: 0.0
2026-09-02 01:03:59,640 INFO Best AUROC test all: 0.7618067767476543, AUPR test all: 0.6015447683269243, AUROC test unknown: 0.692462437818918, AUPR test unknown: 0.43426043273697784
2026-09-02 01:04:01,861 INFO Epoch: 122, loss: -0.17972733080387115, labeled_loss: 0.013112426735460758, unnlabeled_loss: 0.014035633765161037, mixup_loss: -1.9985758066177368, energy_loss: 0.0
2026-09-02 01:04:01,861 INFO Best AUROC test all: 0.7618067767476543, AUPR test all: 0.6015447683269243, AUROC test unknown: 0.692462437818918, AUPR test unknown: 0.43426043273697784
2026-09-02 01:04:04,084 INFO Epoch: 123, loss: -0.15047939121723175, labeled_loss: 0.015156667679548264, unnlabeled_loss: 0.06845325976610184, mixup_loss: -1.9986268281936646, energy_loss: 0.0
2026-09-02 01:04:04,084 INFO Best AUROC test all: 0.7618067767476543, AUPR test all: 0.6015447683269243, AUROC test unknown: 0.692462437818918, AUPR test unknown: 0.43426043273697784
2026-09-02 01:04:06,337 INFO Epoch: 124, loss: -0.13799503445625305, labeled_loss: 0.013723060488700867, unnlabeled_loss: 0.0963328555226326, mixup_loss: -1.9988452196121216, energy_loss: 0.0
2026-09-02 01:04:06,337 INFO Best AUROC test all: 0.7618067767476543, AUPR test all: 0.6015447683269243, AUROC test unknown: 0.692462437818918, AUPR test unknown: 0.43426043273697784
2026-09-02 01:04:08,617 INFO Epoch: 125, loss: -0.17108191549777985, labeled_loss: 0.012488201260566711, unnlabeled_loss: 0.03254440054297447, mixup_loss: -1.9984230995178223, energy_loss: 0.0
2026-09-02 01:04:08,617 INFO Best AUROC test all: 0.7618067767476543, AUPR test all: 0.6015447683269243, AUROC test unknown: 0.692462437818918, AUPR test unknown: 0.43426043273697784
2026-09-02 01:04:10,973 INFO Epoch: 126, loss: -0.12835918366909027, labeled_loss: 0.010296434164047241, unnlabeled_loss: 0.12239839881658554, mixup_loss: -1.998548150062561, energy_loss: 0.0
2026-09-02 01:04:10,974 INFO Best AUROC test all: 0.7618067767476543, AUPR test all: 0.6015447683269243, AUROC test unknown: 0.692462437818918, AUPR test unknown: 0.43426043273697784
2026-09-02 01:04:14,056 INFO Epoch: 127, loss: -0.14927293360233307, labeled_loss: 0.011237874627113342, unnlabeled_loss: 0.0786888375878334, mixup_loss: -1.9985522031784058, energy_loss: 0.0
2026-09-02 01:04:14,056 INFO Best AUROC test all: 0.7618067767476543, AUPR test all: 0.6015447683269243, AUROC test unknown: 0.692462437818918, AUPR test unknown: 0.43426043273697784
2026-09-02 01:04:16,842 INFO Epoch: 128, loss: -0.15304318070411682, labeled_loss: 0.010897060856223106, unnlabeled_loss: 0.07180071622133255, mixup_loss: -1.998405933380127, energy_loss: 0.0
2026-09-02 01:04:16,842 INFO Best AUROC test all: 0.7619936099645361, AUPR test all: 0.6015447683269243, AUROC test unknown: 0.6924823496376646, AUPR test unknown: 0.43426043273697784
2026-09-02 01:04:19,610 INFO Epoch: 129, loss: -0.12714900076389313, labeled_loss: 0.012802274897694588, unnlabeled_loss: 0.11980593204498291, mixup_loss: -1.998542308807373, energy_loss: 0.0
2026-09-02 01:04:19,611 INFO Best AUROC test all: 0.7651339951501345, AUPR test all: 0.6015447683269243, AUROC test unknown: 0.6966256224087728, AUPR test unknown: 0.43426043273697784
2026-09-02 01:04:22,023 INFO Epoch: 130, loss: -0.15989968180656433, labeled_loss: 0.017768826335668564, unnlabeled_loss: 0.04433513432741165, mixup_loss: -1.9983607530593872, energy_loss: 0.0
2026-09-02 01:04:22,023 INFO Best AUROC test all: 0.7651339951501345, AUPR test all: 0.6015447683269243, AUROC test unknown: 0.6966256224087728, AUPR test unknown: 0.43426043273697784
2026-09-02 01:04:24,417 INFO Epoch: 131, loss: -0.1541040688753128, labeled_loss: 0.012464940547943115, unnlabeled_loss: 0.06654632091522217, mixup_loss: -1.9984216690063477, energy_loss: 0.0
2026-09-02 01:04:24,417 INFO Best AUROC test all: 0.7664716668550443, AUPR test all: 0.6015447683269243, AUROC test unknown: 0.6983646178102787, AUPR test unknown: 0.43426043273697784
2026-09-02 01:04:26,709 INFO Epoch: 132, loss: -0.15730491280555725, labeled_loss: 0.011031197383999825, unnlabeled_loss: 0.06303802132606506, mixup_loss: -1.9985511302947998, energy_loss: 0.0
2026-09-02 01:04:26,709 INFO Best AUROC test all: 0.7695177180090891, AUPR test all: 0.6015447683269243, AUROC test unknown: 0.7025753097274438, AUPR test unknown: 0.43426043273697784
2026-09-02 01:04:28,953 INFO Epoch: 133, loss: -0.1489313840866089, labeled_loss: 0.011240694671869278, unnlabeled_loss: 0.07934225350618362, mixup_loss: -1.9984320402145386, energy_loss: 0.0
2026-09-02 01:04:28,953 INFO Best AUROC test all: 0.7721371215446176, AUPR test all: 0.6065403393010224, AUROC test unknown: 0.7056237613413654, AUPR test unknown: 0.43426043273697784
2026-09-02 01:04:31,220 INFO Epoch: 134, loss: -0.12235449254512787, labeled_loss: 0.01045253500342369, unnlabeled_loss: 0.13403795659542084, mixup_loss: -1.9982600212097168, energy_loss: 0.0
2026-09-02 01:04:31,220 INFO Best AUROC test all: 0.7770002209154854, AUPR test all: 0.6119731310301109, AUROC test unknown: 0.7121055965006862, AUPR test unknown: 0.43426043273697784
2026-09-02 01:04:33,466 INFO Epoch: 135, loss: -0.149224653840065, labeled_loss: 0.016809483990073204, unnlabeled_loss: 0.06766249984502792, mixup_loss: -1.998653769493103, energy_loss: 0.0
2026-09-02 01:04:33,466 INFO Best AUROC test all: 0.7770002209154854, AUPR test all: 0.6119731310301109, AUROC test unknown: 0.7121055965006862, AUPR test unknown: 0.43426043273697784
2026-09-02 01:04:35,675 INFO Epoch: 136, loss: -0.13149672746658325, labeled_loss: 0.013761618174612522, unnlabeled_loss: 0.10918212682008743, mixup_loss: -1.9984941482543945, energy_loss: 0.0
2026-09-02 01:04:35,675 INFO Best AUROC test all: 0.7770002209154854, AUPR test all: 0.6119731310301109, AUROC test unknown: 0.7121055965006862, AUPR test unknown: 0.43426043273697784
2026-09-02 01:04:37,948 INFO Epoch: 137, loss: -0.17892584204673767, labeled_loss: 0.012661336921155453, unnlabeled_loss: 0.01639850251376629, mixup_loss: -1.9978642463684082, energy_loss: 0.0
2026-09-02 01:04:37,949 INFO Best AUROC test all: 0.7770002209154854, AUPR test all: 0.6119731310301109, AUROC test unknown: 0.7121055965006862, AUPR test unknown: 0.43426043273697784
2026-09-02 01:04:40,228 INFO Epoch: 138, loss: -0.1775868982076645, labeled_loss: 0.013698400929570198, unnlabeled_loss: 0.01710977405309677, mixup_loss: -1.9984018802642822, energy_loss: 0.0
2026-09-02 01:04:40,228 INFO Best AUROC test all: 0.7770002209154854, AUPR test all: 0.6119731310301109, AUROC test unknown: 0.7121055965006862, AUPR test unknown: 0.43426043273697784
2026-09-02 01:04:42,505 INFO Epoch: 139, loss: -0.10560400038957596, labeled_loss: 0.010903899557888508, unnlabeled_loss: 0.16666778922080994, mixup_loss: -1.9984179735183716, energy_loss: 0.0
2026-09-02 01:04:42,505 INFO Best AUROC test all: 0.7770002209154854, AUPR test all: 0.6119731310301109, AUROC test unknown: 0.7121055965006862, AUPR test unknown: 0.43426043273697784
2026-09-02 01:04:44,806 INFO Epoch: 140, loss: -0.11003772914409637, labeled_loss: 0.01290377601981163, unnlabeled_loss: 0.15380539000034332, mixup_loss: -1.9984419345855713, energy_loss: 0.0
2026-09-02 01:04:44,807 INFO Best AUROC test all: 0.7770002209154854, AUPR test all: 0.6119731310301109, AUROC test unknown: 0.7121055965006862, AUPR test unknown: 0.43426043273697784
2026-09-02 01:04:47,050 INFO Epoch: 141, loss: -0.17039629817008972, labeled_loss: 0.01128097902983427, unnlabeled_loss: 0.03634345531463623, mixup_loss: -1.9984900951385498, energy_loss: 0.0
2026-09-02 01:04:47,050 INFO Best AUROC test all: 0.7770002209154854, AUPR test all: 0.6119731310301109, AUROC test unknown: 0.7121055965006862, AUPR test unknown: 0.43426043273697784
2026-09-02 01:04:49,362 INFO Epoch: 142, loss: -0.17221152782440186, labeled_loss: 0.009773168712854385, unnlabeled_loss: 0.03567725792527199, mixup_loss: -1.9982331991195679, energy_loss: 0.0
2026-09-02 01:04:49,362 INFO Best AUROC test all: 0.7770002209154854, AUPR test all: 0.6119731310301109, AUROC test unknown: 0.7121055965006862, AUPR test unknown: 0.43426043273697784
2026-09-02 01:04:51,617 INFO Epoch: 143, loss: -0.15822888910770416, labeled_loss: 0.005888468120247126, unnlabeled_loss: 0.07139281928539276, mixup_loss: -1.9981377124786377, energy_loss: 0.0
2026-09-02 01:04:51,617 INFO Best AUROC test all: 0.7770002209154854, AUPR test all: 0.6119731310301109, AUROC test unknown: 0.7121055965006862, AUPR test unknown: 0.43426043273697784
2026-09-02 01:04:53,867 INFO Epoch: 144, loss: -0.1451416015625, labeled_loss: 0.010198188945651054, unnlabeled_loss: 0.08892466127872467, mixup_loss: -1.998021125793457, energy_loss: 0.0
2026-09-02 01:04:53,867 INFO Best AUROC test all: 0.7770002209154854, AUPR test all: 0.6119731310301109, AUROC test unknown: 0.7121055965006862, AUPR test unknown: 0.43426043273697784
2026-09-02 01:04:56,139 INFO Epoch: 145, loss: -0.13846105337142944, labeled_loss: 0.010533000342547894, unnlabeled_loss: 0.10168904811143875, mixup_loss: -1.9983857870101929, energy_loss: 0.0
2026-09-02 01:04:56,139 INFO Best AUROC test all: 0.7770002209154854, AUPR test all: 0.6119731310301109, AUROC test unknown: 0.7121055965006862, AUPR test unknown: 0.43426043273697784
2026-09-02 01:04:58,362 INFO Epoch: 146, loss: -0.14355064928531647, labeled_loss: 0.008126821368932724, unnlabeled_loss: 0.09635262191295624, mixup_loss: -1.9985377788543701, energy_loss: 0.0
2026-09-02 01:04:58,362 INFO Best AUROC test all: 0.7770002209154854, AUPR test all: 0.6119731310301109, AUROC test unknown: 0.7121055965006862, AUPR test unknown: 0.43426043273697784
2026-09-02 01:05:00,596 INFO Epoch: 147, loss: -0.12918704748153687, labeled_loss: 0.008882565423846245, unnlabeled_loss: 0.12351413071155548, mixup_loss: -1.9982668161392212, energy_loss: 0.0
2026-09-02 01:05:00,596 INFO Best AUROC test all: 0.7770002209154854, AUPR test all: 0.6119731310301109, AUROC test unknown: 0.7121055965006862, AUPR test unknown: 0.43426043273697784
2026-09-02 01:05:02,862 INFO Epoch: 148, loss: -0.08845292776823044, labeled_loss: 0.015591532923281193, unnlabeled_loss: 0.19163872301578522, mixup_loss: -1.9986381530761719, energy_loss: 0.0
2026-09-02 01:05:02,862 INFO Best AUROC test all: 0.7770002209154854, AUPR test all: 0.6119731310301109, AUROC test unknown: 0.7121055965006862, AUPR test unknown: 0.43426043273697784
2026-09-02 01:05:05,170 INFO Epoch: 149, loss: -0.1217813715338707, labeled_loss: 0.015324315056204796, unnlabeled_loss: 0.12550711631774902, mixup_loss: -1.9985923767089844, energy_loss: 0.0
2026-09-02 01:05:05,170 INFO Best AUROC test all: 0.7770002209154854, AUPR test all: 0.6119731310301109, AUROC test unknown: 0.7121055965006862, AUPR test unknown: 0.43426043273697784
2026-09-02 01:05:07,445 INFO Epoch: 150, loss: -0.1787669062614441, labeled_loss: 0.008544382639229298, unnlabeled_loss: 0.02508077211678028, mixup_loss: -1.9985167980194092, energy_loss: 0.0
2026-09-02 01:05:07,445 INFO Best AUROC test all: 0.7770002209154854, AUPR test all: 0.6119731310301109, AUROC test unknown: 0.7121055965006862, AUPR test unknown: 0.43426043273697784
2026-09-02 01:05:09,712 INFO Epoch: 151, loss: -0.16150228679180145, labeled_loss: 0.009814049117267132, unnlabeled_loss: 0.05686101317405701, mixup_loss: -1.9974684715270996, energy_loss: 0.0
2026-09-02 01:05:09,712 INFO Best AUROC test all: 0.7770002209154854, AUPR test all: 0.6119731310301109, AUROC test unknown: 0.7121055965006862, AUPR test unknown: 0.43426043273697784
2026-09-02 01:05:11,962 INFO Epoch: 152, loss: -0.1646340787410736, labeled_loss: 0.02309504710137844, unnlabeled_loss: 0.024116475135087967, mixup_loss: -1.9978736639022827, energy_loss: 0.0
2026-09-02 01:05:11,962 INFO Best AUROC test all: 0.7770002209154854, AUPR test all: 0.6119731310301109, AUROC test unknown: 0.7121055965006862, AUPR test unknown: 0.43426043273697784
2026-09-02 01:05:14,216 INFO Epoch: 153, loss: -0.12899109721183777, labeled_loss: 0.012737711891531944, unnlabeled_loss: 0.11624618619680405, mixup_loss: -1.998518943786621, energy_loss: 0.0
2026-09-02 01:05:14,217 INFO Best AUROC test all: 0.7770002209154854, AUPR test all: 0.6119731310301109, AUROC test unknown: 0.7121055965006862, AUPR test unknown: 0.43426043273697784
2026-09-02 01:05:16,461 INFO Epoch: 154, loss: -0.15770137310028076, labeled_loss: 0.008937631733715534, unnlabeled_loss: 0.06637583673000336, mixup_loss: -1.9982692003250122, energy_loss: 0.0
2026-09-02 01:05:16,461 INFO Best AUROC test all: 0.7770002209154854, AUPR test all: 0.6119731310301109, AUROC test unknown: 0.7121055965006862, AUPR test unknown: 0.43426043273697784
2026-09-02 01:05:18,722 INFO Epoch: 155, loss: -0.13642583787441254, labeled_loss: 0.00905384961515665, unnlabeled_loss: 0.10864893347024918, mixup_loss: -1.9980415105819702, energy_loss: 0.0
2026-09-02 01:05:18,722 INFO Best AUROC test all: 0.7784085800712215, AUPR test all: 0.6119731310301109, AUROC test unknown: 0.7142416323720967, AUPR test unknown: 0.43426043273697784
2026-09-02 01:05:20,980 INFO Epoch: 156, loss: -0.07898888736963272, labeled_loss: 0.01843852736055851, unnlabeled_loss: 0.20480382442474365, mixup_loss: -1.9982932806015015, energy_loss: 0.0
2026-09-02 01:05:20,980 INFO Best AUROC test all: 0.7832818399030614, AUPR test all: 0.6119731310301109, AUROC test unknown: 0.7206206495964776, AUPR test unknown: 0.43426043273697784
2026-09-02 01:05:23,283 INFO Epoch: 157, loss: -0.15842781960964203, labeled_loss: 0.02578927017748356, unnlabeled_loss: 0.03128443658351898, mixup_loss: -1.9985930919647217, energy_loss: 0.0
2026-09-02 01:05:23,283 INFO Best AUROC test all: 0.7832818399030614, AUPR test all: 0.6119731310301109, AUROC test unknown: 0.7206206495964776, AUPR test unknown: 0.43426043273697784
2026-09-02 01:05:25,617 INFO Epoch: 158, loss: -0.17254365980625153, labeled_loss: 0.010367313399910927, unnlabeled_loss: 0.03359326720237732, mixup_loss: -1.997076153755188, energy_loss: 0.0
2026-09-02 01:05:25,617 INFO Best AUROC test all: 0.7832818399030614, AUPR test all: 0.6119731310301109, AUROC test unknown: 0.7206206495964776, AUPR test unknown: 0.43426043273697784
2026-09-02 01:05:27,878 INFO Epoch: 159, loss: -0.14138662815093994, labeled_loss: 0.016030827537178993, unnlabeled_loss: 0.08464381843805313, mixup_loss: -1.9973936080932617, energy_loss: 0.0
2026-09-02 01:05:27,878 INFO Best AUROC test all: 0.7832818399030614, AUPR test all: 0.6119731310301109, AUROC test unknown: 0.7206206495964776, AUPR test unknown: 0.43426043273697784
2026-09-02 01:05:30,125 INFO Epoch: 160, loss: -0.18056941032409668, labeled_loss: 0.01473857369273901, unnlabeled_loss: 0.008832636289298534, mixup_loss: -1.997243046760559, energy_loss: 0.0
2026-09-02 01:05:30,125 INFO Best AUROC test all: 0.7832818399030614, AUPR test all: 0.6119731310301109, AUROC test unknown: 0.7206206495964776, AUPR test unknown: 0.43426043273697784
2026-09-02 01:05:32,366 INFO Epoch: 161, loss: -0.16961821913719177, labeled_loss: 0.014629969373345375, unnlabeled_loss: 0.031126968562602997, mixup_loss: -1.9981166124343872, energy_loss: 0.0
2026-09-02 01:05:32,366 INFO Best AUROC test all: 0.7832818399030614, AUPR test all: 0.6119731310301109, AUROC test unknown: 0.7206206495964776, AUPR test unknown: 0.43426043273697784
2026-09-02 01:05:34,625 INFO Epoch: 162, loss: -0.14640842378139496, labeled_loss: 0.011264008469879627, unnlabeled_loss: 0.0842399075627327, mixup_loss: -1.9979238510131836, energy_loss: 0.0
2026-09-02 01:05:34,625 INFO Best AUROC test all: 0.7832818399030614, AUPR test all: 0.6119731310301109, AUROC test unknown: 0.7206206495964776, AUPR test unknown: 0.43426043273697784
2026-09-02 01:05:37,353 INFO Epoch: 163, loss: -0.13550496101379395, labeled_loss: 0.010878139175474644, unnlabeled_loss: 0.10675771534442902, mixup_loss: -1.9976195096969604, energy_loss: 0.0
2026-09-02 01:05:37,353 INFO Best AUROC test all: 0.7832818399030614, AUPR test all: 0.6119731310301109, AUROC test unknown: 0.7206206495964776, AUPR test unknown: 0.43426043273697784
2026-09-02 01:05:40,747 INFO Epoch: 164, loss: -0.12939460575580597, labeled_loss: 0.015453006140887737, unnlabeled_loss: 0.11001606285572052, mixup_loss: -1.99855637550354, energy_loss: 0.0
2026-09-02 01:05:40,748 INFO Best AUROC test all: 0.7851311126067146, AUPR test all: 0.613403623106583, AUROC test unknown: 0.7229098809022099, AUPR test unknown: 0.43426043273697784
2026-09-02 01:05:45,344 INFO Epoch: 165, loss: -0.13705845177173615, labeled_loss: 0.01761024259030819, unnlabeled_loss: 0.09039326012134552, mixup_loss: -1.9986532926559448, energy_loss: 0.0
2026-09-02 01:05:45,344 INFO Best AUROC test all: 0.7851311126067146, AUPR test all: 0.613403623106583, AUROC test unknown: 0.7229098809022099, AUPR test unknown: 0.43426043273697784
2026-09-02 01:05:48,520 INFO Epoch: 166, loss: -0.17761637270450592, labeled_loss: 0.010928639210760593, unnlabeled_loss: 0.02259298600256443, mixup_loss: -1.9984149932861328, energy_loss: 0.0
2026-09-02 01:05:48,520 INFO Best AUROC test all: 0.7851311126067146, AUPR test all: 0.613403623106583, AUROC test unknown: 0.7229098809022099, AUPR test unknown: 0.43426043273697784
2026-09-02 01:05:51,164 INFO Epoch: 167, loss: -0.1445816606283188, labeled_loss: 0.010708131827414036, unnlabeled_loss: 0.08900261670351028, mixup_loss: -1.997910976409912, energy_loss: 0.0
2026-09-02 01:05:51,164 INFO Best AUROC test all: 0.7851311126067146, AUPR test all: 0.613403623106583, AUROC test unknown: 0.7229098809022099, AUPR test unknown: 0.43426043273697784
2026-09-02 01:05:53,598 INFO Epoch: 168, loss: -0.13588231801986694, labeled_loss: 0.011898825876414776, unnlabeled_loss: 0.10395176708698273, mixup_loss: -1.997570276260376, energy_loss: 0.0
2026-09-02 01:05:53,599 INFO Best AUROC test all: 0.7851311126067146, AUPR test all: 0.613403623106583, AUROC test unknown: 0.7229098809022099, AUPR test unknown: 0.43426043273697784
2026-09-02 01:05:55,941 INFO Epoch: 169, loss: -0.1673825979232788, labeled_loss: 0.008948339149355888, unnlabeled_loss: 0.04699588194489479, mixup_loss: -1.9982887506484985, energy_loss: 0.0
2026-09-02 01:05:55,941 INFO Best AUROC test all: 0.7851311126067146, AUPR test all: 0.613403623106583, AUROC test unknown: 0.7229098809022099, AUPR test unknown: 0.43426043273697784
2026-09-02 01:05:58,232 INFO Epoch: 170, loss: -0.10760538280010223, labeled_loss: 0.01074426993727684, unnlabeled_loss: 0.16287446022033691, mixup_loss: -1.9978688955307007, energy_loss: 0.0
2026-09-02 01:05:58,232 INFO Best AUROC test all: 0.7851311126067146, AUPR test all: 0.613403623106583, AUROC test unknown: 0.7229098809022099, AUPR test unknown: 0.43426043273697784
2026-09-02 01:06:00,512 INFO Epoch: 171, loss: -0.16428562998771667, labeled_loss: 0.005903334356844425, unnlabeled_loss: 0.059301137924194336, mixup_loss: -1.998395323753357, energy_loss: 0.0
2026-09-02 01:06:00,512 INFO Best AUROC test all: 0.7851311126067146, AUPR test all: 0.613403623106583, AUROC test unknown: 0.7229098809022099, AUPR test unknown: 0.43426043273697784
2026-09-02 01:06:02,746 INFO Epoch: 172, loss: -0.1395273208618164, labeled_loss: 0.008860617876052856, unnlabeled_loss: 0.1029575765132904, mixup_loss: -1.9986672401428223, energy_loss: 0.0
2026-09-02 01:06:02,746 INFO Best AUROC test all: 0.7851311126067146, AUPR test all: 0.613403623106583, AUROC test unknown: 0.7229098809022099, AUPR test unknown: 0.43426043273697784
2026-09-02 01:06:05,029 INFO Epoch: 173, loss: -0.1057264655828476, labeled_loss: 0.013017266988754272, unnlabeled_loss: 0.16225549578666687, mixup_loss: -1.998714804649353, energy_loss: 0.0
2026-09-02 01:06:05,029 INFO Best AUROC test all: 0.7851311126067146, AUPR test all: 0.613403623106583, AUROC test unknown: 0.7229098809022099, AUPR test unknown: 0.43426043273697784
2026-09-02 01:06:07,284 INFO Epoch: 174, loss: -0.08268040418624878, labeled_loss: 0.014657958410680294, unnlabeled_loss: 0.20497620105743408, mixup_loss: -1.9982646703720093, energy_loss: 0.0
2026-09-02 01:06:07,284 INFO Best AUROC test all: 0.7851311126067146, AUPR test all: 0.613403623106583, AUROC test unknown: 0.7229098809022099, AUPR test unknown: 0.43426043273697784
2026-09-02 01:06:09,576 INFO Epoch: 175, loss: -0.17256344854831696, labeled_loss: 0.010316538624465466, unnlabeled_loss: 0.0339030884206295, mixup_loss: -1.9983153343200684, energy_loss: 0.0
2026-09-02 01:06:09,576 INFO Best AUROC test all: 0.7851311126067146, AUPR test all: 0.613403623106583, AUROC test unknown: 0.7229098809022099, AUPR test unknown: 0.43426043273697784
2026-09-02 01:06:11,810 INFO Epoch: 176, loss: -0.18135933578014374, labeled_loss: 0.008888288401067257, unnlabeled_loss: 0.019168490543961525, mixup_loss: -1.9983186721801758, energy_loss: 0.0
2026-09-02 01:06:11,810 INFO Best AUROC test all: 0.7851311126067146, AUPR test all: 0.613403623106583, AUROC test unknown: 0.7229098809022099, AUPR test unknown: 0.43426043273697784
2026-09-02 01:06:14,032 INFO Epoch: 177, loss: -0.1601686030626297, labeled_loss: 0.011042469181120396, unnlabeled_loss: 0.05732770264148712, mixup_loss: -1.9987492561340332, energy_loss: 0.0
2026-09-02 01:06:14,032 INFO Best AUROC test all: 0.7851311126067146, AUPR test all: 0.613403623106583, AUROC test unknown: 0.7229098809022099, AUPR test unknown: 0.43426043273697784
2026-09-02 01:06:16,246 INFO Epoch: 178, loss: -0.14431068301200867, labeled_loss: 0.0207460168749094, unnlabeled_loss: 0.06953354924917221, mixup_loss: -1.9982346296310425, energy_loss: 0.0
2026-09-02 01:06:16,247 INFO Best AUROC test all: 0.7851311126067146, AUPR test all: 0.613403623106583, AUROC test unknown: 0.7229098809022099, AUPR test unknown: 0.43426043273697784
2026-09-02 01:06:18,472 INFO Epoch: 179, loss: -0.14785657823085785, labeled_loss: 0.010770326480269432, unnlabeled_loss: 0.0823582336306572, mixup_loss: -1.9980602264404297, energy_loss: 0.0
2026-09-02 01:06:18,472 INFO Best AUROC test all: 0.7851311126067146, AUPR test all: 0.613403623106583, AUROC test unknown: 0.7229098809022099, AUPR test unknown: 0.43426043273697784
2026-09-02 01:06:20,739 INFO Epoch: 180, loss: -0.14928987622261047, labeled_loss: 0.006421882659196854, unnlabeled_loss: 0.08816329389810562, mixup_loss: -1.997934103012085, energy_loss: 0.0
2026-09-02 01:06:20,740 INFO Best AUROC test all: 0.7876163430120249, AUPR test all: 0.613403623106583, AUROC test unknown: 0.7264252736350298, AUPR test unknown: 0.43426043273697784
2026-09-02 01:06:22,945 INFO Epoch: 181, loss: -0.09778773784637451, labeled_loss: 0.009282107464969158, unnlabeled_loss: 0.18556822836399078, mixup_loss: -1.9985395669937134, energy_loss: 0.0
2026-09-02 01:06:22,945 INFO Best AUROC test all: 0.7952537298754065, AUPR test all: 0.6204520819226307, AUROC test unknown: 0.736017717572198, AUPR test unknown: 0.4412405667987356
2026-09-02 01:06:25,168 INFO Epoch: 182, loss: -0.12272802740335464, labeled_loss: 0.02078467793762684, unnlabeled_loss: 0.11277537047863007, mixup_loss: -1.9990038871765137, energy_loss: 0.0
2026-09-02 01:06:25,168 INFO Best AUROC test all: 0.7952537298754065, AUPR test all: 0.6204520819226307, AUROC test unknown: 0.736017717572198, AUPR test unknown: 0.4412405667987356
2026-09-02 01:06:27,425 INFO Epoch: 183, loss: -0.09959819167852402, labeled_loss: 0.01486851368099451, unnlabeled_loss: 0.17088009417057037, mixup_loss: -1.9990675449371338, energy_loss: 0.0
2026-09-02 01:06:27,425 INFO Best AUROC test all: 0.7952537298754065, AUPR test all: 0.6204520819226307, AUROC test unknown: 0.736017717572198, AUPR test unknown: 0.4412405667987356
2026-09-02 01:06:29,665 INFO Epoch: 184, loss: -0.12038471549749374, labeled_loss: 0.015240645036101341, unnlabeled_loss: 0.12845900654792786, mixup_loss: -1.9985486268997192, energy_loss: 0.0
2026-09-02 01:06:29,665 INFO Best AUROC test all: 0.7952537298754065, AUPR test all: 0.6204520819226307, AUROC test unknown: 0.736017717572198, AUPR test unknown: 0.4412405667987356
2026-09-02 01:06:31,879 INFO Epoch: 185, loss: -0.1402512788772583, labeled_loss: 0.009734912775456905, unnlabeled_loss: 0.09968286007642746, mixup_loss: -1.9982762336730957, energy_loss: 0.0
2026-09-02 01:06:31,879 INFO Best AUROC test all: 0.7952537298754065, AUPR test all: 0.6204520819226307, AUROC test unknown: 0.736017717572198, AUPR test unknown: 0.4412405667987356
2026-09-02 01:06:34,089 INFO Epoch: 186, loss: -0.15175844728946686, labeled_loss: 0.013289027847349644, unnlabeled_loss: 0.0695449635386467, mixup_loss: -1.998199462890625, energy_loss: 0.0
2026-09-02 01:06:34,090 INFO Best AUROC test all: 0.7952537298754065, AUPR test all: 0.6204520819226307, AUROC test unknown: 0.736017717572198, AUPR test unknown: 0.4412405667987356
2026-09-02 01:06:36,299 INFO Epoch: 187, loss: -0.15053105354309082, labeled_loss: 0.011252195574343204, unnlabeled_loss: 0.07616092264652252, mixup_loss: -1.9986369609832764, energy_loss: 0.0
2026-09-02 01:06:36,299 INFO Best AUROC test all: 0.7952537298754065, AUPR test all: 0.6204520819226307, AUROC test unknown: 0.736017717572198, AUPR test unknown: 0.4412405667987356
2026-09-02 01:06:38,512 INFO Epoch: 188, loss: -0.1810150295495987, labeled_loss: 0.013886130414903164, unnlabeled_loss: 0.009879937395453453, mixup_loss: -1.9984111785888672, energy_loss: 0.0
2026-09-02 01:06:38,512 INFO Best AUROC test all: 0.7952537298754065, AUPR test all: 0.6204520819226307, AUROC test unknown: 0.736017717572198, AUPR test unknown: 0.4412405667987356
2026-09-02 01:06:40,722 INFO Epoch: 189, loss: -0.1799640953540802, labeled_loss: 0.012575426138937473, unnlabeled_loss: 0.014463633298873901, mixup_loss: -1.9977134466171265, energy_loss: 0.0
2026-09-02 01:06:40,722 INFO Best AUROC test all: 0.7952537298754065, AUPR test all: 0.6204520819226307, AUROC test unknown: 0.736017717572198, AUPR test unknown: 0.4412405667987356
2026-09-02 01:06:42,933 INFO Epoch: 190, loss: -0.1181035041809082, labeled_loss: 0.009157459251582623, unnlabeled_loss: 0.1452426165342331, mixup_loss: -1.9988226890563965, energy_loss: 0.0
2026-09-02 01:06:42,933 INFO Best AUROC test all: 0.7952537298754065, AUPR test all: 0.6204520819226307, AUROC test unknown: 0.736017717572198, AUPR test unknown: 0.4412405667987356
2026-09-02 01:06:45,192 INFO Epoch: 191, loss: -0.1408977210521698, labeled_loss: 0.009161731228232384, unnlabeled_loss: 0.09958506375551224, mixup_loss: -1.9985198974609375, energy_loss: 0.0
2026-09-02 01:06:45,192 INFO Best AUROC test all: 0.7952537298754065, AUPR test all: 0.6204520819226307, AUROC test unknown: 0.736017717572198, AUPR test unknown: 0.4412405667987356
2026-09-02 01:06:47,505 INFO Epoch: 192, loss: -0.08023902028799057, labeled_loss: 0.014835800044238567, unnlabeled_loss: 0.2096223533153534, mixup_loss: -1.9988598823547363, energy_loss: 0.0
2026-09-02 01:06:47,505 INFO Best AUROC test all: 0.7952537298754065, AUPR test all: 0.6229943424881886, AUROC test unknown: 0.736017717572198, AUPR test unknown: 0.4450455060063853
2026-09-02 01:06:50,188 INFO Epoch: 193, loss: -0.1493396759033203, labeled_loss: 0.018914425745606422, unnlabeled_loss: 0.06315389275550842, mixup_loss: -1.9983103275299072, energy_loss: 0.0
2026-09-02 01:06:50,188 INFO Best AUROC test all: 0.7952537298754065, AUPR test all: 0.6229943424881886, AUROC test unknown: 0.736017717572198, AUPR test unknown: 0.4450455060063853
2026-09-02 01:06:52,474 INFO Epoch: 194, loss: -0.1354975700378418, labeled_loss: 0.01049401331692934, unnlabeled_loss: 0.10767067968845367, mixup_loss: -1.9982692003250122, energy_loss: 0.0
2026-09-02 01:06:52,474 INFO Best AUROC test all: 0.7952537298754065, AUPR test all: 0.6229943424881886, AUROC test unknown: 0.736017717572198, AUPR test unknown: 0.4450455060063853
2026-09-02 01:06:54,718 INFO Epoch: 195, loss: -0.17366375029087067, labeled_loss: 0.007703861687332392, unnlabeled_loss: 0.03693627938628197, mixup_loss: -1.9983574151992798, energy_loss: 0.0
2026-09-02 01:06:54,718 INFO Best AUROC test all: 0.7952537298754065, AUPR test all: 0.6229943424881886, AUROC test unknown: 0.736017717572198, AUPR test unknown: 0.4450455060063853
2026-09-02 01:06:56,973 INFO Epoch: 196, loss: -0.16126200556755066, labeled_loss: 0.011489037424325943, unnlabeled_loss: 0.05412973463535309, mixup_loss: -1.9981590509414673, energy_loss: 0.0
2026-09-02 01:06:56,973 INFO Best AUROC test all: 0.7952537298754065, AUPR test all: 0.6229943424881886, AUROC test unknown: 0.736017717572198, AUPR test unknown: 0.4450455060063853
2026-09-02 01:06:59,244 INFO Epoch: 197, loss: -0.1607905477285385, labeled_loss: 0.012344968505203724, unnlabeled_loss: 0.053391601890325546, mixup_loss: -1.9983131885528564, energy_loss: 0.0
2026-09-02 01:06:59,244 INFO Best AUROC test all: 0.7952537298754065, AUPR test all: 0.6229943424881886, AUROC test unknown: 0.736017717572198, AUPR test unknown: 0.4450455060063853
2026-09-02 01:07:01,575 INFO Epoch: 198, loss: -0.16415317356586456, labeled_loss: 0.011107313446700573, unnlabeled_loss: 0.04903793707489967, mixup_loss: -1.997794508934021, energy_loss: 0.0
2026-09-02 01:07:01,575 INFO Best AUROC test all: 0.7952537298754065, AUPR test all: 0.6229943424881886, AUROC test unknown: 0.736017717572198, AUPR test unknown: 0.4450455060063853
2026-09-02 01:07:04,888 INFO Epoch: 199, loss: -0.1288336217403412, labeled_loss: 0.0080309072509408, unnlabeled_loss: 0.12589873373508453, mixup_loss: -1.9981389045715332, energy_loss: 0.0
2026-09-02 01:07:04,888 INFO Best AUROC test all: 0.7952537298754065, AUPR test all: 0.6229943424881886, AUROC test unknown: 0.736017717572198, AUPR test unknown: 0.4450455060063853
2026-09-02 01:07:07,846 INFO Epoch: 200, loss: -0.11575286090373993, labeled_loss: 0.007820344530045986, unnlabeled_loss: 0.1524071842432022, mixup_loss: -1.9977679252624512, energy_loss: 0.0
2026-09-02 01:07:07,847 INFO Best AUROC test all: 0.7995602515794356, AUPR test all: 0.6272059725843637, AUROC test unknown: 0.7415998434799497, AUPR test unknown: 0.4511080966256622
2026-09-02 01:07:12,321 INFO Epoch: 201, loss: -0.10741796344518661, labeled_loss: 0.009387185797095299, unnlabeled_loss: 0.16605454683303833, mixup_loss: -1.9983241558074951, energy_loss: 0.0
2026-09-02 01:07:12,322 INFO Best AUROC test all: 0.8054216219747057, AUPR test all: 0.6326931313548456, AUROC test unknown: 0.7493401295021639, AUPR test unknown: 0.4597653697602953
2026-09-02 01:07:18,876 INFO Epoch: 202, loss: -0.0666736513376236, labeled_loss: 0.017766227945685387, unnlabeled_loss: 0.23080728948116302, mixup_loss: -1.9984352588653564, energy_loss: 0.0
2026-09-02 01:07:18,876 INFO Best AUROC test all: 0.8054216219747057, AUPR test all: 0.6328256116757287, AUROC test unknown: 0.7493401295021639, AUPR test unknown: 0.4597653697602953
2026-09-02 01:07:23,648 INFO Epoch: 203, loss: -0.08775237947702408, labeled_loss: 0.01996469311416149, unnlabeled_loss: 0.18430517613887787, mixup_loss: -1.9986965656280518, energy_loss: 0.0
2026-09-02 01:07:23,648 INFO Best AUROC test all: 0.8054216219747057, AUPR test all: 0.6328256116757287, AUROC test unknown: 0.7493401295021639, AUPR test unknown: 0.4597653697602953
2026-09-02 01:07:26,474 INFO Epoch: 204, loss: -0.12814214825630188, labeled_loss: 0.012792701832950115, unnlabeled_loss: 0.1178712546825409, mixup_loss: -1.9987047910690308, energy_loss: 0.0
2026-09-02 01:07:26,475 INFO Best AUROC test all: 0.8054216219747057, AUPR test all: 0.6328256116757287, AUROC test unknown: 0.7493401295021639, AUPR test unknown: 0.4597653697602953
2026-09-02 01:07:29,225 INFO Epoch: 205, loss: -0.16918136179447174, labeled_loss: 0.008825194090604782, unnlabeled_loss: 0.04365602508187294, mixup_loss: -1.9983457326889038, energy_loss: 0.0
2026-09-02 01:07:29,225 INFO Best AUROC test all: 0.8054216219747057, AUPR test all: 0.6328256116757287, AUROC test unknown: 0.7493401295021639, AUPR test unknown: 0.4597653697602953
2026-09-02 01:07:31,812 INFO Epoch: 206, loss: -0.15254908800125122, labeled_loss: 0.011683688499033451, unnlabeled_loss: 0.07107590138912201, mixup_loss: -1.9977072477340698, energy_loss: 0.0
2026-09-02 01:07:31,813 INFO Best AUROC test all: 0.8054216219747057, AUPR test all: 0.6328256116757287, AUROC test unknown: 0.7493401295021639, AUPR test unknown: 0.4597653697602953
2026-09-02 01:07:34,371 INFO Epoch: 207, loss: -0.14192986488342285, labeled_loss: 0.014562757685780525, unnlabeled_loss: 0.08663064986467361, mixup_loss: -1.9980794191360474, energy_loss: 0.0
2026-09-02 01:07:34,371 INFO Best AUROC test all: 0.8054216219747057, AUPR test all: 0.6328256116757287, AUROC test unknown: 0.7493401295021639, AUPR test unknown: 0.4597653697602953
2026-09-02 01:07:36,935 INFO Epoch: 208, loss: -0.13420870900154114, labeled_loss: 0.015123821794986725, unnlabeled_loss: 0.10078132152557373, mixup_loss: -1.9972318410873413, energy_loss: 0.0
2026-09-02 01:07:36,935 INFO Best AUROC test all: 0.8054216219747057, AUPR test all: 0.6328256116757287, AUROC test unknown: 0.7493401295021639, AUPR test unknown: 0.4597653697602953
2026-09-02 01:07:39,268 INFO Epoch: 209, loss: -0.132869690656662, labeled_loss: 0.009019956924021244, unnlabeled_loss: 0.11588818579912186, mixup_loss: -1.9983372688293457, energy_loss: 0.0
2026-09-02 01:07:39,268 INFO Best AUROC test all: 0.8054216219747057, AUPR test all: 0.6328256116757287, AUROC test unknown: 0.7493401295021639, AUPR test unknown: 0.4597653697602953
2026-09-02 01:07:41,878 INFO Epoch: 210, loss: -0.09670937806367874, labeled_loss: 0.008662277832627296, unnlabeled_loss: 0.1889645755290985, mixup_loss: -1.9985394477844238, energy_loss: 0.0
2026-09-02 01:07:41,878 INFO Best AUROC test all: 0.8054216219747057, AUPR test all: 0.6328256116757287, AUROC test unknown: 0.7493401295021639, AUPR test unknown: 0.4597653697602953
2026-09-02 01:07:44,270 INFO Epoch: 211, loss: -0.09338542819023132, labeled_loss: 0.016554830595850945, unnlabeled_loss: 0.1798764169216156, mixup_loss: -1.9987846612930298, energy_loss: 0.0
2026-09-02 01:07:44,270 INFO Best AUROC test all: 0.8054216219747057, AUPR test all: 0.6328256116757287, AUROC test unknown: 0.7493401295021639, AUPR test unknown: 0.4597653697602953
2026-09-02 01:07:46,652 INFO Epoch: 212, loss: -0.11381760239601135, labeled_loss: 0.028363021090626717, unnlabeled_loss: 0.1154307946562767, mixup_loss: -1.9989601373672485, energy_loss: 0.0
2026-09-02 01:07:46,652 INFO Best AUROC test all: 0.8054216219747057, AUPR test all: 0.6328256116757287, AUROC test unknown: 0.7493401295021639, AUPR test unknown: 0.4597653697602953
2026-09-02 01:07:49,053 INFO Epoch: 213, loss: -0.11348867416381836, labeled_loss: 0.01644628494977951, unnlabeled_loss: 0.13973478972911835, mixup_loss: -1.998023509979248, energy_loss: 0.0
2026-09-02 01:07:49,053 INFO Best AUROC test all: 0.8054216219747057, AUPR test all: 0.6328256116757287, AUROC test unknown: 0.7493401295021639, AUPR test unknown: 0.4597653697602953
2026-09-02 01:07:51,385 INFO Epoch: 214, loss: -0.13091033697128296, labeled_loss: 0.012163490988314152, unnlabeled_loss: 0.11348053812980652, mixup_loss: -1.9981409311294556, energy_loss: 0.0
2026-09-02 01:07:51,385 INFO Best AUROC test all: 0.8054216219747057, AUPR test all: 0.6328256116757287, AUROC test unknown: 0.7493401295021639, AUPR test unknown: 0.4597653697602953
2026-09-02 01:07:53,743 INFO Epoch: 215, loss: -0.1529097855091095, labeled_loss: 0.011374871246516705, unnlabeled_loss: 0.07096709311008453, mixup_loss: -1.997681975364685, energy_loss: 0.0
2026-09-02 01:07:53,743 INFO Best AUROC test all: 0.8054216219747057, AUPR test all: 0.6328256116757287, AUROC test unknown: 0.7493401295021639, AUPR test unknown: 0.4597653697602953
2026-09-02 01:07:56,142 INFO Epoch: 216, loss: -0.15395614504814148, labeled_loss: 0.019090963527560234, unnlabeled_loss: 0.05354990065097809, mixup_loss: -1.998220443725586, energy_loss: 0.0
2026-09-02 01:07:56,142 INFO Best AUROC test all: 0.8054216219747057, AUPR test all: 0.6328256116757287, AUROC test unknown: 0.7493401295021639, AUPR test unknown: 0.4597653697602953
2026-09-02 01:07:59,488 INFO Epoch: 217, loss: -0.15282143652439117, labeled_loss: 0.015455260872840881, unnlabeled_loss: 0.06303628534078598, mixup_loss: -1.997948408126831, energy_loss: 0.0
2026-09-02 01:07:59,488 INFO Best AUROC test all: 0.8054216219747057, AUPR test all: 0.6328256116757287, AUROC test unknown: 0.7493401295021639, AUPR test unknown: 0.4597653697602953
2026-09-02 01:08:06,039 INFO Epoch: 218, loss: -0.16761371493339539, labeled_loss: 0.010600322857499123, unnlabeled_loss: 0.043208956718444824, mixup_loss: -1.998185157775879, energy_loss: 0.0
2026-09-02 01:08:06,039 INFO Best AUROC test all: 0.8054216219747057, AUPR test all: 0.6328256116757287, AUROC test unknown: 0.7493401295021639, AUPR test unknown: 0.4597653697602953
2026-09-02 01:08:12,680 INFO Epoch: 219, loss: -0.13585004210472107, labeled_loss: 0.008881780318915844, unnlabeled_loss: 0.11024624109268188, mixup_loss: -1.9985493421554565, energy_loss: 0.0
2026-09-02 01:08:12,681 INFO Best AUROC test all: 0.8054216219747057, AUPR test all: 0.6328256116757287, AUROC test unknown: 0.7493401295021639, AUPR test unknown: 0.4597653697602953
2026-09-02 01:08:16,679 INFO Epoch: 220, loss: -0.13689856231212616, labeled_loss: 0.009552577510476112, unnlabeled_loss: 0.10680122673511505, mixup_loss: -1.9985175132751465, energy_loss: 0.0
2026-09-02 01:08:16,679 INFO Best AUROC test all: 0.8054216219747057, AUPR test all: 0.6328256116757287, AUROC test unknown: 0.7493401295021639, AUPR test unknown: 0.4597653697602953
2026-09-02 01:08:19,260 INFO Epoch: 221, loss: -0.1666419357061386, labeled_loss: 0.011718022637069225, unnlabeled_loss: 0.042968928813934326, mixup_loss: -1.9984441995620728, energy_loss: 0.0
2026-09-02 01:08:19,260 INFO Best AUROC test all: 0.8054216219747057, AUPR test all: 0.6328256116757287, AUROC test unknown: 0.7493401295021639, AUPR test unknown: 0.4597653697602953
2026-09-02 01:08:22,239 INFO Epoch: 222, loss: -0.0802687555551529, labeled_loss: 0.014580982737243176, unnlabeled_loss: 0.21002379059791565, mixup_loss: -1.998616337776184, energy_loss: 0.0
2026-09-02 01:08:22,240 INFO Best AUROC test all: 0.8054216219747057, AUPR test all: 0.6328256116757287, AUROC test unknown: 0.7493401295021639, AUPR test unknown: 0.4597653697602953
2026-09-02 01:08:24,687 INFO Epoch: 223, loss: -0.12413429468870163, labeled_loss: 0.01275452971458435, unnlabeled_loss: 0.1259058266878128, mixup_loss: -1.9984173774719238, energy_loss: 0.0
2026-09-02 01:08:24,687 INFO Best AUROC test all: 0.8054216219747057, AUPR test all: 0.6328256116757287, AUROC test unknown: 0.7493401295021639, AUPR test unknown: 0.4597653697602953
2026-09-02 01:08:27,011 INFO Epoch: 224, loss: -0.0953369215130806, labeled_loss: 0.009775602258741856, unnlabeled_loss: 0.1894553005695343, mixup_loss: -1.9984016418457031, energy_loss: 0.0
2026-09-02 01:08:27,011 INFO Best AUROC test all: 0.8054216219747057, AUPR test all: 0.6328256116757287, AUROC test unknown: 0.7493401295021639, AUPR test unknown: 0.4597653697602953
2026-09-02 01:08:29,331 INFO Epoch: 225, loss: -0.13734373450279236, labeled_loss: 0.009219545871019363, unnlabeled_loss: 0.10657518357038498, mixup_loss: -1.9985086917877197, energy_loss: 0.0
2026-09-02 01:08:29,331 INFO Best AUROC test all: 0.8054216219747057, AUPR test all: 0.6328256116757287, AUROC test unknown: 0.7493401295021639, AUPR test unknown: 0.4597653697602953
2026-09-02 01:08:31,671 INFO Epoch: 226, loss: -0.1274816244840622, labeled_loss: 0.00820862129330635, unnlabeled_loss: 0.12827225029468536, mixup_loss: -1.9982637166976929, energy_loss: 0.0
2026-09-02 01:08:31,672 INFO Best AUROC test all: 0.8054216219747057, AUPR test all: 0.6328256116757287, AUROC test unknown: 0.7493401295021639, AUPR test unknown: 0.4597653697602953
2026-09-02 01:08:34,035 INFO Epoch: 227, loss: -0.14652018249034882, labeled_loss: 0.009443886578083038, unnlabeled_loss: 0.08777640014886856, mixup_loss: -1.9985227584838867, energy_loss: 0.0
2026-09-02 01:08:34,035 INFO Best AUROC test all: 0.8054216219747057, AUPR test all: 0.6328256116757287, AUROC test unknown: 0.7493401295021639, AUPR test unknown: 0.4597653697602953
2026-09-02 01:08:36,348 INFO Epoch: 228, loss: -0.12801994383335114, labeled_loss: 0.008252897299826145, unnlabeled_loss: 0.12721161544322968, mixup_loss: -1.998786449432373, energy_loss: 0.0
2026-09-02 01:08:36,348 INFO Best AUROC test all: 0.8054216219747057, AUPR test all: 0.6328256116757287, AUROC test unknown: 0.7493401295021639, AUPR test unknown: 0.4597653697602953
2026-09-02 01:08:38,661 INFO Epoch: 229, loss: -0.12400098890066147, labeled_loss: 0.008465448394417763, unnlabeled_loss: 0.13482186198234558, mixup_loss: -1.9987735748291016, energy_loss: 0.0
2026-09-02 01:08:38,661 INFO Best AUROC test all: 0.8081489374038541, AUPR test all: 0.6328256116757287, AUROC test unknown: 0.7534134119314009, AUPR test unknown: 0.4597653697602953
2026-09-02 01:08:40,981 INFO Epoch: 230, loss: -0.13086071610450745, labeled_loss: 0.010288608260452747, unnlabeled_loss: 0.11732117086648941, mixup_loss: -1.9980990886688232, energy_loss: 0.0
2026-09-02 01:08:40,981 INFO Best AUROC test all: 0.8103059367550525, AUPR test all: 0.6329278530572316, AUROC test unknown: 0.7561023445957291, AUPR test unknown: 0.4597653697602953
2026-09-02 01:08:43,368 INFO Epoch: 231, loss: -0.15259388089179993, labeled_loss: 0.010830593295395374, unnlabeled_loss: 0.07287407666444778, mixup_loss: -1.998615026473999, energy_loss: 0.0
2026-09-02 01:08:43,369 INFO Best AUROC test all: 0.8131057286100968, AUPR test all: 0.6385427022609476, AUROC test unknown: 0.759454585984854, AUPR test unknown: 0.4664807938869519
2026-09-02 01:08:45,716 INFO Epoch: 232, loss: -0.1550000160932541, labeled_loss: 0.01179457362741232, unnlabeled_loss: 0.0661642998456955, mixup_loss: -1.998767375946045, energy_loss: 0.0
2026-09-02 01:08:45,716 INFO Best AUROC test all: 0.8131057286100968, AUPR test all: 0.6385427022609476, AUROC test unknown: 0.759454585984854, AUPR test unknown: 0.4664807938869519
2026-09-02 01:08:48,875 INFO Epoch: 233, loss: -0.10500869899988174, labeled_loss: 0.012000871822237968, unnlabeled_loss: 0.16568098962306976, mixup_loss: -1.9985005855560303, energy_loss: 0.0
2026-09-02 01:08:48,875 INFO Best AUROC test all: 0.8131057286100968, AUPR test all: 0.6385427022609476, AUROC test unknown: 0.759454585984854, AUPR test unknown: 0.4664807938869519
2026-09-02 01:08:53,899 INFO Epoch: 234, loss: -0.14432987570762634, labeled_loss: 0.011686510406434536, unnlabeled_loss: 0.08764348924160004, mixup_loss: -1.99838125705719, energy_loss: 0.0
2026-09-02 01:08:53,899 INFO Best AUROC test all: 0.8131057286100968, AUPR test all: 0.6385427022609476, AUROC test unknown: 0.759454585984854, AUPR test unknown: 0.4664807938869519
2026-09-02 01:08:59,022 INFO Epoch: 235, loss: -0.1443365067243576, labeled_loss: 0.012122989632189274, unnlabeled_loss: 0.08676093816757202, mixup_loss: -1.9983996152877808, energy_loss: 0.0
2026-09-02 01:08:59,022 INFO Best AUROC test all: 0.8131057286100968, AUPR test all: 0.6385427022609476, AUROC test unknown: 0.759454585984854, AUPR test unknown: 0.4664807938869519
2026-09-02 01:09:03,562 INFO Epoch: 236, loss: -0.10411511361598969, labeled_loss: 0.010515830479562283, unnlabeled_loss: 0.17039476335048676, mixup_loss: -1.9982832670211792, energy_loss: 0.0
2026-09-02 01:09:03,562 INFO Best AUROC test all: 0.8131057286100968, AUPR test all: 0.6385427022609476, AUROC test unknown: 0.759454585984854, AUPR test unknown: 0.4664807938869519
2026-09-02 01:09:06,632 INFO Epoch: 237, loss: -0.1206163614988327, labeled_loss: 0.012699779123067856, unnlabeled_loss: 0.1329939216375351, mixup_loss: -1.9981309175491333, energy_loss: 0.0
2026-09-02 01:09:06,632 INFO Best AUROC test all: 0.8131057286100968, AUPR test all: 0.6385427022609476, AUROC test unknown: 0.759454585984854, AUPR test unknown: 0.4664807938869519
2026-09-02 01:09:09,142 INFO Epoch: 238, loss: -0.11573341488838196, labeled_loss: 0.01069418154656887, unnlabeled_loss: 0.14666350185871124, mixup_loss: -1.9975934028625488, energy_loss: 0.0
2026-09-02 01:09:09,142 INFO Best AUROC test all: 0.8154861663603697, AUPR test all: 0.6396440215517593, AUROC test unknown: 0.7624523611231366, AUPR test unknown: 0.46903203910589586
2026-09-02 01:09:11,493 INFO Epoch: 239, loss: -0.1336042284965515, labeled_loss: 0.015296301804482937, unnlabeled_loss: 0.10187924653291702, mixup_loss: -1.9984015226364136, energy_loss: 0.0
2026-09-02 01:09:11,493 INFO Best AUROC test all: 0.8154861663603697, AUPR test all: 0.6396440215517593, AUROC test unknown: 0.7624523611231366, AUPR test unknown: 0.46903203910589586
2026-09-02 01:09:13,764 INFO Epoch: 240, loss: -0.1675388365983963, labeled_loss: 0.013931229710578918, unnlabeled_loss: 0.036696795374155045, mixup_loss: -1.9981845617294312, energy_loss: 0.0
2026-09-02 01:09:13,764 INFO Best AUROC test all: 0.8154861663603697, AUPR test all: 0.6396440215517593, AUROC test unknown: 0.7624523611231366, AUPR test unknown: 0.46903203910589586
2026-09-02 01:09:16,108 INFO Epoch: 241, loss: -0.10578314960002899, labeled_loss: 0.010272663086652756, unnlabeled_loss: 0.16757158935070038, mixup_loss: -1.9984160661697388, energy_loss: 0.0
2026-09-02 01:09:16,108 INFO Best AUROC test all: 0.8154861663603697, AUPR test all: 0.6396440215517593, AUROC test unknown: 0.7624523611231366, AUPR test unknown: 0.46903203910589586
2026-09-02 01:09:18,366 INFO Epoch: 242, loss: -0.14598551392555237, labeled_loss: 0.008531251922249794, unnlabeled_loss: 0.09067721664905548, mixup_loss: -1.99855375289917, energy_loss: 0.0
2026-09-02 01:09:18,366 INFO Best AUROC test all: 0.8154861663603697, AUPR test all: 0.6396440215517593, AUROC test unknown: 0.7624523611231366, AUPR test unknown: 0.46903203910589586
2026-09-02 01:09:20,634 INFO Epoch: 243, loss: -0.1529930680990219, labeled_loss: 0.008876877836883068, unnlabeled_loss: 0.07595796883106232, mixup_loss: -1.998489260673523, energy_loss: 0.0
2026-09-02 01:09:20,634 INFO Best AUROC test all: 0.8154861663603697, AUPR test all: 0.6396440215517593, AUROC test unknown: 0.7624523611231366, AUPR test unknown: 0.46903203910589586
2026-09-02 01:09:22,893 INFO Epoch: 244, loss: -0.178291916847229, labeled_loss: 0.00857316330075264, unnlabeled_loss: 0.025866976007819176, mixup_loss: -1.9979857206344604, energy_loss: 0.0
2026-09-02 01:09:22,893 INFO Best AUROC test all: 0.8154861663603697, AUPR test all: 0.6396440215517593, AUROC test unknown: 0.7624523611231366, AUPR test unknown: 0.46903203910589586
2026-09-02 01:09:25,255 INFO Epoch: 245, loss: -0.15979239344596863, labeled_loss: 0.007276746444404125, unnlabeled_loss: 0.06538765132427216, mixup_loss: -1.9976296424865723, energy_loss: 0.0
2026-09-02 01:09:25,255 INFO Best AUROC test all: 0.8154861663603697, AUPR test all: 0.6396440215517593, AUROC test unknown: 0.7624523611231366, AUPR test unknown: 0.46903203910589586
2026-09-02 01:09:27,564 INFO Epoch: 246, loss: -0.1489030420780182, labeled_loss: 0.006856265012174845, unnlabeled_loss: 0.08814392983913422, mixup_loss: -1.9983127117156982, energy_loss: 0.0
2026-09-02 01:09:27,564 INFO Best AUROC test all: 0.8154861663603697, AUPR test all: 0.6396440215517593, AUROC test unknown: 0.7624523611231366, AUPR test unknown: 0.46903203910589586
2026-09-02 01:09:29,866 INFO Epoch: 247, loss: -0.14611537754535675, labeled_loss: 0.006012255791574717, unnlabeled_loss: 0.0952819287776947, mixup_loss: -1.9976860284805298, energy_loss: 0.0
2026-09-02 01:09:29,866 INFO Best AUROC test all: 0.8165171664543138, AUPR test all: 0.6396440215517593, AUROC test unknown: 0.7644040183365726, AUPR test unknown: 0.46903203910589586
2026-09-02 01:09:32,161 INFO Epoch: 248, loss: -0.1467849761247635, labeled_loss: 0.007091304287314415, unnlabeled_loss: 0.09196003526449203, mixup_loss: -1.9985629320144653, energy_loss: 0.0
2026-09-02 01:09:32,161 INFO Best AUROC test all: 0.8177153210393744, AUPR test all: 0.6425923063674387, AUROC test unknown: 0.7656971504453312, AUPR test unknown: 0.47469577433152743
2026-09-02 01:09:34,451 INFO Epoch: 249, loss: -0.10391004383563995, labeled_loss: 0.007781154476106167, unnlabeled_loss: 0.1763049215078354, mixup_loss: -1.9984365701675415, energy_loss: 0.0
2026-09-02 01:09:34,451 INFO Best AUROC test all: 0.8234976324979156, AUPR test all: 0.6481669585846263, AUROC test unknown: 0.7733662801182702, AUPR test unknown: 0.48189966884244184
2026-09-02 01:09:36,768 INFO Epoch: 250, loss: -0.06883908808231354, labeled_loss: 0.01035712007433176, unnlabeled_loss: 0.24129189550876617, mixup_loss: -1.998421549797058, energy_loss: 0.0
2026-09-02 01:09:36,768 INFO Best AUROC test all: 0.8243458360366733, AUPR test all: 0.6486625381584534, AUROC test unknown: 0.774145472040458, AUPR test unknown: 0.4819045547875691
2026-09-02 01:09:39,033 INFO Epoch: 251, loss: -0.10336875915527344, labeled_loss: 0.011598534882068634, unnlabeled_loss: 0.16976098716259003, mixup_loss: -1.998477816581726, energy_loss: 0.0
2026-09-02 01:09:39,033 INFO Best AUROC test all: 0.8266839805814554, AUPR test all: 0.6520413581841852, AUROC test unknown: 0.7771798717702791, AUPR test unknown: 0.48624452071490903
2026-09-02 01:09:41,300 INFO Epoch: 252, loss: -0.13233715295791626, labeled_loss: 0.010664732195436954, unnlabeled_loss: 0.11365970969200134, mixup_loss: -1.9983173608779907, energy_loss: 0.0
2026-09-02 01:09:41,300 INFO Best AUROC test all: 0.8266839805814554, AUPR test all: 0.6520413581841852, AUROC test unknown: 0.7771798717702791, AUPR test unknown: 0.48624452071490903
2026-09-02 01:09:43,536 INFO Epoch: 253, loss: -0.11894089728593826, labeled_loss: 0.008677845820784569, unnlabeled_loss: 0.14435869455337524, mixup_loss: -1.9979809522628784, energy_loss: 0.0
2026-09-02 01:09:43,536 INFO Best AUROC test all: 0.8266839805814554, AUPR test all: 0.6520413581841852, AUROC test unknown: 0.7771798717702791, AUPR test unknown: 0.48624452071490903
2026-09-02 01:09:45,775 INFO Epoch: 254, loss: -0.1711007058620453, labeled_loss: 0.009958996437489986, unnlabeled_loss: 0.037456247955560684, mixup_loss: -1.9978781938552856, energy_loss: 0.0
2026-09-02 01:09:45,775 INFO Best AUROC test all: 0.8266839805814554, AUPR test all: 0.6520413581841852, AUROC test unknown: 0.7771798717702791, AUPR test unknown: 0.48624452071490903
2026-09-02 01:09:48,024 INFO Epoch: 255, loss: -0.13594037294387817, labeled_loss: 0.009825268760323524, unnlabeled_loss: 0.10812629014253616, mixup_loss: -1.9982877969741821, energy_loss: 0.0
2026-09-02 01:09:48,024 INFO Best AUROC test all: 0.8266839805814554, AUPR test all: 0.6520413581841852, AUROC test unknown: 0.7771798717702791, AUPR test unknown: 0.48624452071490903
2026-09-02 01:09:50,261 INFO Epoch: 256, loss: -0.17962846159934998, labeled_loss: 0.011885400861501694, unnlabeled_loss: 0.016570499166846275, mixup_loss: -1.9979912042617798, energy_loss: 0.0
2026-09-02 01:09:50,262 INFO Best AUROC test all: 0.8266839805814554, AUPR test all: 0.6520413581841852, AUROC test unknown: 0.7771798717702791, AUPR test unknown: 0.48624452071490903
2026-09-02 01:09:52,508 INFO Epoch: 257, loss: -0.13342642784118652, labeled_loss: 0.010326659306883812, unnlabeled_loss: 0.11221832036972046, mixup_loss: -1.9986224174499512, energy_loss: 0.0
2026-09-02 01:09:52,508 INFO Best AUROC test all: 0.8266839805814554, AUPR test all: 0.6520413581841852, AUROC test unknown: 0.7771798717702791, AUPR test unknown: 0.48624452071490903
2026-09-02 01:09:54,811 INFO Epoch: 258, loss: -0.1593797653913498, labeled_loss: 0.010181659832596779, unnlabeled_loss: 0.06043971702456474, mixup_loss: -1.9978127479553223, energy_loss: 0.0
2026-09-02 01:09:54,811 INFO Best AUROC test all: 0.8266839805814554, AUPR test all: 0.6520413581841852, AUROC test unknown: 0.7771798717702791, AUPR test unknown: 0.48624452071490903
2026-09-02 01:09:57,088 INFO Epoch: 259, loss: -0.17726770043373108, labeled_loss: 0.008923823945224285, unnlabeled_loss: 0.027217712253332138, mixup_loss: -1.9980037212371826, energy_loss: 0.0
2026-09-02 01:09:57,088 INFO Best AUROC test all: 0.8266839805814554, AUPR test all: 0.6520413581841852, AUROC test unknown: 0.7771798717702791, AUPR test unknown: 0.48624452071490903
2026-09-02 01:09:59,360 INFO Epoch: 260, loss: -0.13247239589691162, labeled_loss: 0.006959849037230015, unnlabeled_loss: 0.12079659104347229, mixup_loss: -1.9983054399490356, energy_loss: 0.0
2026-09-02 01:09:59,360 INFO Best AUROC test all: 0.8266839805814554, AUPR test all: 0.6520413581841852, AUROC test unknown: 0.7771798717702791, AUPR test unknown: 0.48624452071490903
2026-09-02 01:10:01,686 INFO Epoch: 261, loss: -0.17801359295845032, labeled_loss: 0.0100959911942482, unnlabeled_loss: 0.023478472605347633, mixup_loss: -1.9984880685806274, energy_loss: 0.0
2026-09-02 01:10:01,686 INFO Best AUROC test all: 0.8266839805814554, AUPR test all: 0.6520413581841852, AUROC test unknown: 0.7771798717702791, AUPR test unknown: 0.48624452071490903
2026-09-02 01:10:04,341 INFO Epoch: 262, loss: -0.12435737997293472, labeled_loss: 0.0055079334415495396, unnlabeled_loss: 0.13978801667690277, mixup_loss: -1.9975931644439697, energy_loss: 0.0
2026-09-02 01:10:04,341 INFO Best AUROC test all: 0.8266839805814554, AUPR test all: 0.6520413581841852, AUROC test unknown: 0.7771798717702791, AUPR test unknown: 0.48624452071490903
2026-09-02 01:10:07,734 INFO Epoch: 263, loss: -0.18026725947856903, labeled_loss: 0.009250633418560028, unnlabeled_loss: 0.020604200661182404, mixup_loss: -1.9981999397277832, energy_loss: 0.0
2026-09-02 01:10:07,734 INFO Best AUROC test all: 0.8266839805814554, AUPR test all: 0.6520413581841852, AUROC test unknown: 0.7771798717702791, AUPR test unknown: 0.48624452071490903
2026-09-02 01:10:13,212 INFO Epoch: 264, loss: -0.16249483823776245, labeled_loss: 0.00496953260153532, unnlabeled_loss: 0.06481730192899704, mixup_loss: -1.9987303018569946, energy_loss: 0.0
2026-09-02 01:10:13,212 INFO Best AUROC test all: 0.8266839805814554, AUPR test all: 0.6520413581841852, AUROC test unknown: 0.7771798717702791, AUPR test unknown: 0.48624452071490903
2026-09-02 01:10:17,022 INFO Epoch: 265, loss: -0.10036826133728027, labeled_loss: 0.005784749519079924, unnlabeled_loss: 0.18729859590530396, mixup_loss: -1.9980230331420898, energy_loss: 0.0
2026-09-02 01:10:17,022 INFO Best AUROC test all: 0.8266839805814554, AUPR test all: 0.6520413581841852, AUROC test unknown: 0.7771798717702791, AUPR test unknown: 0.48624452071490903
2026-09-02 01:10:19,680 INFO Epoch: 266, loss: -0.13865956664085388, labeled_loss: 0.005602639634162188, unnlabeled_loss: 0.11101741343736649, mixup_loss: -1.997709035873413, energy_loss: 0.0
2026-09-02 01:10:19,680 INFO Best AUROC test all: 0.8266839805814554, AUPR test all: 0.6520413581841852, AUROC test unknown: 0.7771798717702791, AUPR test unknown: 0.48624452071490903
2026-09-02 01:10:22,112 INFO Epoch: 267, loss: -0.16210642457008362, labeled_loss: 0.007193156983703375, unnlabeled_loss: 0.0610213577747345, mixup_loss: -1.9981024265289307, energy_loss: 0.0
2026-09-02 01:10:22,112 INFO Best AUROC test all: 0.8282850444619938, AUPR test all: 0.6520413581841852, AUROC test unknown: 0.7793566581055812, AUPR test unknown: 0.4865153580734054
2026-09-02 01:10:24,508 INFO Epoch: 268, loss: -0.12121191620826721, labeled_loss: 0.010922146029770374, unnlabeled_loss: 0.1353747844696045, mixup_loss: -1.9982144832611084, energy_loss: 0.0
2026-09-02 01:10:24,508 INFO Best AUROC test all: 0.8282850444619938, AUPR test all: 0.6520413581841852, AUROC test unknown: 0.7793566581055812, AUPR test unknown: 0.4865153580734054
2026-09-02 01:10:26,880 INFO Epoch: 269, loss: -0.1293778121471405, labeled_loss: 0.007388954516500235, unnlabeled_loss: 0.12619130313396454, mixup_loss: -1.9986242055892944, energy_loss: 0.0
2026-09-02 01:10:26,880 INFO Best AUROC test all: 0.8282850444619938, AUPR test all: 0.6520413581841852, AUROC test unknown: 0.7793566581055812, AUPR test unknown: 0.4872433553972842
2026-09-02 01:10:29,174 INFO Epoch: 270, loss: -0.07694467157125473, labeled_loss: 0.0074976407922804356, unnlabeled_loss: 0.23079340159893036, mixup_loss: -1.9983900785446167, energy_loss: 0.0
2026-09-02 01:10:29,174 INFO Best AUROC test all: 0.831049492591625, AUPR test all: 0.6558447507736183, AUROC test unknown: 0.7831094379868231, AUPR test unknown: 0.4913505163176639
2026-09-02 01:10:31,456 INFO Epoch: 271, loss: -0.12387797236442566, labeled_loss: 0.008844738826155663, unnlabeled_loss: 0.13422681391239166, mixup_loss: -1.9983612298965454, energy_loss: 0.0
2026-09-02 01:10:31,456 INFO Best AUROC test all: 0.831049492591625, AUPR test all: 0.6558447507736183, AUROC test unknown: 0.7831094379868231, AUPR test unknown: 0.4913505163176639
2026-09-02 01:10:33,733 INFO Epoch: 272, loss: -0.1418725699186325, labeled_loss: 0.008040196262300014, unnlabeled_loss: 0.09984301030635834, mixup_loss: -1.9983426332473755, energy_loss: 0.0
2026-09-02 01:10:33,733 INFO Best AUROC test all: 0.8332358265468488, AUPR test all: 0.6573116668608999, AUROC test unknown: 0.7863376341267286, AUPR test unknown: 0.49545066010599725
2026-09-02 01:10:36,002 INFO Epoch: 273, loss: -0.1418793946504593, labeled_loss: 0.01134029496461153, unnlabeled_loss: 0.09318544715642929, mixup_loss: -1.998124122619629, energy_loss: 0.0
2026-09-02 01:10:36,002 INFO Best AUROC test all: 0.8332358265468488, AUPR test all: 0.6573116668608999, AUROC test unknown: 0.7863376341267286, AUPR test unknown: 0.49545066010599725
2026-09-02 01:10:38,340 INFO Epoch: 274, loss: -0.15712425112724304, labeled_loss: 0.013299021869897842, unnlabeled_loss: 0.05887751281261444, mixup_loss: -1.9986202716827393, energy_loss: 0.0
2026-09-02 01:10:38,341 INFO Best AUROC test all: 0.8332358265468488, AUPR test all: 0.6573116668608999, AUROC test unknown: 0.7863376341267286, AUPR test unknown: 0.49545066010599725
2026-09-02 01:10:40,648 INFO Epoch: 275, loss: -0.1657293736934662, labeled_loss: 0.009274591691792011, unnlabeled_loss: 0.049533773213624954, mixup_loss: -1.9977084398269653, energy_loss: 0.0
2026-09-02 01:10:40,648 INFO Best AUROC test all: 0.8332358265468488, AUPR test all: 0.6573116668608999, AUROC test unknown: 0.7863376341267286, AUPR test unknown: 0.49545066010599725
2026-09-02 01:10:42,954 INFO Epoch: 276, loss: -0.17758406698703766, labeled_loss: 0.010733190923929214, unnlabeled_loss: 0.02313275635242462, mixup_loss: -1.9988363981246948, energy_loss: 0.0
2026-09-02 01:10:42,954 INFO Best AUROC test all: 0.8332358265468488, AUPR test all: 0.6573116668608999, AUROC test unknown: 0.7863376341267286, AUPR test unknown: 0.49545066010599725
2026-09-02 01:10:45,216 INFO Epoch: 277, loss: -0.09637188166379929, labeled_loss: 0.008789808489382267, unnlabeled_loss: 0.18934272229671478, mixup_loss: -1.9983304738998413, energy_loss: 0.0
2026-09-02 01:10:45,216 INFO Best AUROC test all: 0.8342043959979801, AUPR test all: 0.6609379750909038, AUROC test unknown: 0.7875665461353851, AUPR test unknown: 0.5006621357352109
2026-09-02 01:10:47,653 INFO Epoch: 278, loss: -0.14091575145721436, labeled_loss: 0.009282993152737617, unnlabeled_loss: 0.09930367022752762, mixup_loss: -1.9985058307647705, energy_loss: 0.0
2026-09-02 01:10:47,653 INFO Best AUROC test all: 0.8348004457942388, AUPR test all: 0.6611914758665874, AUROC test unknown: 0.7878932075942838, AUPR test unknown: 0.5012823901422812
2026-09-02 01:10:49,919 INFO Epoch: 279, loss: -0.15679974853992462, labeled_loss: 0.008719571866095066, unnlabeled_loss: 0.06863503903150558, mixup_loss: -1.998368263244629, energy_loss: 0.0
2026-09-02 01:10:49,919 INFO Best AUROC test all: 0.8386852051578261, AUPR test all: 0.6646221520807458, AUROC test unknown: 0.7928653621415694, AUPR test unknown: 0.5054739500247523
2026-09-02 01:10:52,179 INFO Epoch: 280, loss: -0.16818761825561523, labeled_loss: 0.009637235663831234, unnlabeled_loss: 0.04404743015766144, mixup_loss: -1.998485803604126, energy_loss: 0.0
2026-09-02 01:10:52,179 INFO Best AUROC test all: 0.8386852051578261, AUPR test all: 0.6646221520807458, AUROC test unknown: 0.7928653621415694, AUPR test unknown: 0.5054739500247523
2026-09-02 01:10:54,432 INFO Epoch: 281, loss: -0.09312241524457932, labeled_loss: 0.008537346497178078, unnlabeled_loss: 0.1961570680141449, mixup_loss: -1.9973828792572021, energy_loss: 0.0
2026-09-02 01:10:54,432 INFO Best AUROC test all: 0.8386852051578261, AUPR test all: 0.6646221520807458, AUROC test unknown: 0.7928653621415694, AUPR test unknown: 0.5054739500247523
2026-09-02 01:10:56,688 INFO Epoch: 282, loss: -0.14429715275764465, labeled_loss: 0.010203810408711433, unnlabeled_loss: 0.09063521772623062, mixup_loss: -1.998185634613037, energy_loss: 0.0
2026-09-02 01:10:56,688 INFO Best AUROC test all: 0.8386852051578261, AUPR test all: 0.6646221520807458, AUROC test unknown: 0.7928653621415694, AUPR test unknown: 0.5054739500247523
2026-09-02 01:10:58,933 INFO Epoch: 283, loss: -0.12449184060096741, labeled_loss: 0.005753306206315756, unnlabeled_loss: 0.13915309309959412, mixup_loss: -1.9982168674468994, energy_loss: 0.0
2026-09-02 01:10:58,933 INFO Best AUROC test all: 0.8386852051578261, AUPR test all: 0.6646221520807458, AUROC test unknown: 0.7928653621415694, AUPR test unknown: 0.5054739500247523
2026-09-02 01:11:01,161 INFO Epoch: 284, loss: -0.13943243026733398, labeled_loss: 0.0064734164625406265, unnlabeled_loss: 0.10787330567836761, mixup_loss: -1.9984248876571655, energy_loss: 0.0
2026-09-02 01:11:01,162 INFO Best AUROC test all: 0.8386852051578261, AUPR test all: 0.6646221520807458, AUROC test unknown: 0.7928653621415694, AUPR test unknown: 0.5054739500247523
2026-09-02 01:11:03,471 INFO Epoch: 285, loss: -0.13870438933372498, labeled_loss: 0.006919904612004757, unnlabeled_loss: 0.10836146771907806, mixup_loss: -1.9980502128601074, energy_loss: 0.0
2026-09-02 01:11:03,471 INFO Best AUROC test all: 0.8386852051578261, AUPR test all: 0.6646221520807458, AUROC test unknown: 0.7928653621415694, AUPR test unknown: 0.5054739500247523
2026-09-02 01:11:05,732 INFO Epoch: 286, loss: -0.17434696853160858, labeled_loss: 0.006766705773770809, unnlabeled_loss: 0.03750336170196533, mixup_loss: -1.998653531074524, energy_loss: 0.0
2026-09-02 01:11:05,732 INFO Best AUROC test all: 0.8386852051578261, AUPR test all: 0.6646221520807458, AUROC test unknown: 0.7928653621415694, AUPR test unknown: 0.5054739500247523
2026-09-02 01:11:08,001 INFO Epoch: 287, loss: -0.0849098265171051, labeled_loss: 0.0060587236657738686, unnlabeled_loss: 0.21769258379936218, mixup_loss: -1.9981484413146973, energy_loss: 0.0
2026-09-02 01:11:08,001 INFO Best AUROC test all: 0.8386852051578261, AUPR test all: 0.6646221520807458, AUROC test unknown: 0.7928653621415694, AUPR test unknown: 0.5054739500247523
2026-09-02 01:11:10,235 INFO Epoch: 288, loss: -0.12522925436496735, labeled_loss: 0.008718638680875301, unnlabeled_loss: 0.13183367252349854, mixup_loss: -1.9986472129821777, energy_loss: 0.0
2026-09-02 01:11:10,235 INFO Best AUROC test all: 0.840358401430593, AUPR test all: 0.6646221520807458, AUROC test unknown: 0.7955196733552837, AUPR test unknown: 0.5060284489291957
2026-09-02 01:11:12,460 INFO Epoch: 289, loss: -0.1643618941307068, labeled_loss: 0.010357927531003952, unnlabeled_loss: 0.05028481036424637, mixup_loss: -1.9986222982406616, energy_loss: 0.0
2026-09-02 01:11:12,461 INFO Best AUROC test all: 0.840358401430593, AUPR test all: 0.6646221520807458, AUROC test unknown: 0.7955196733552837, AUPR test unknown: 0.5060284489291957
2026-09-02 01:11:14,707 INFO Epoch: 290, loss: -0.14473137259483337, labeled_loss: 0.007869649678468704, unnlabeled_loss: 0.09451396018266678, mixup_loss: -1.998579978942871, energy_loss: 0.0
2026-09-02 01:11:14,707 INFO Best AUROC test all: 0.840358401430593, AUPR test all: 0.6646221520807458, AUROC test unknown: 0.7955196733552837, AUPR test unknown: 0.5060284489291957
2026-09-02 01:11:16,925 INFO Epoch: 291, loss: -0.150422602891922, labeled_loss: 0.00784740224480629, unnlabeled_loss: 0.08320896327495575, mixup_loss: -1.9987448453903198, energy_loss: 0.0
2026-09-02 01:11:16,925 INFO Best AUROC test all: 0.840358401430593, AUPR test all: 0.6646221520807458, AUROC test unknown: 0.7955196733552837, AUPR test unknown: 0.5060284489291957
2026-09-02 01:11:19,133 INFO Epoch: 292, loss: -0.1124458834528923, labeled_loss: 0.010256609879434109, unnlabeled_loss: 0.15422609448432922, mixup_loss: -1.9981553554534912, energy_loss: 0.0
2026-09-02 01:11:19,133 INFO Best AUROC test all: 0.840358401430593, AUPR test all: 0.6646221520807458, AUROC test unknown: 0.7955196733552837, AUPR test unknown: 0.5060284489291957
2026-09-02 01:11:21,352 INFO Epoch: 293, loss: -0.17989769577980042, labeled_loss: 0.008783835917711258, unnlabeled_loss: 0.02240918204188347, mixup_loss: -1.9988611936569214, energy_loss: 0.0
2026-09-02 01:11:21,352 INFO Best AUROC test all: 0.840358401430593, AUPR test all: 0.6646221520807458, AUROC test unknown: 0.7955196733552837, AUPR test unknown: 0.5060284489291957
2026-09-02 01:11:23,625 INFO Epoch: 294, loss: -0.15119457244873047, labeled_loss: 0.007897842675447464, unnlabeled_loss: 0.08156297355890274, mixup_loss: -1.9987390041351318, energy_loss: 0.0
2026-09-02 01:11:23,625 INFO Best AUROC test all: 0.840358401430593, AUPR test all: 0.6646221520807458, AUROC test unknown: 0.7955196733552837, AUPR test unknown: 0.5060284489291957
2026-09-02 01:11:25,925 INFO Epoch: 295, loss: -0.15998578071594238, labeled_loss: 0.007455133832991123, unnlabeled_loss: 0.06480678915977478, mixup_loss: -1.9984430074691772, energy_loss: 0.0
2026-09-02 01:11:25,925 INFO Best AUROC test all: 0.840358401430593, AUPR test all: 0.6646221520807458, AUROC test unknown: 0.7955196733552837, AUPR test unknown: 0.5060284489291957
2026-09-02 01:11:28,161 INFO Epoch: 296, loss: -0.1125345453619957, labeled_loss: 0.007908634841442108, unnlabeled_loss: 0.1586453914642334, mixup_loss: -1.9976587295532227, energy_loss: 0.0
2026-09-02 01:11:28,162 INFO Best AUROC test all: 0.840358401430593, AUPR test all: 0.6646221520807458, AUROC test unknown: 0.7955196733552837, AUPR test unknown: 0.5060284489291957
2026-09-02 01:11:30,456 INFO Epoch: 297, loss: -0.17235751450061798, labeled_loss: 0.011664529331028461, unnlabeled_loss: 0.03171910345554352, mixup_loss: -1.9988160133361816, energy_loss: 0.0
2026-09-02 01:11:30,456 INFO Best AUROC test all: 0.840358401430593, AUPR test all: 0.6646221520807458, AUROC test unknown: 0.7955196733552837, AUPR test unknown: 0.5060284489291957
2026-09-02 01:11:32,699 INFO Epoch: 298, loss: -0.11718475818634033, labeled_loss: 0.006448536645621061, unnlabeled_loss: 0.1525164544582367, mixup_loss: -1.998915195465088, energy_loss: 0.0
2026-09-02 01:11:32,700 INFO Best AUROC test all: 0.840358401430593, AUPR test all: 0.6646221520807458, AUROC test unknown: 0.7955196733552837, AUPR test unknown: 0.5060284489291957
2026-09-02 01:11:34,926 INFO Epoch: 299, loss: -0.1137622818350792, labeled_loss: 0.00844770111143589, unnlabeled_loss: 0.15528282523155212, mixup_loss: -1.99851393699646, energy_loss: 0.0
2026-09-02 01:11:34,926 INFO Best AUROC test all: 0.840358401430593, AUPR test all: 0.6646221520807458, AUROC test unknown: 0.7955196733552837, AUPR test unknown: 0.5060284489291957
2026-09-02 01:11:37,172 INFO Epoch: 300, loss: -0.17759162187576294, labeled_loss: 0.007672132458537817, unnlabeled_loss: 0.029149608686566353, mixup_loss: -1.9983856678009033, energy_loss: 0.0
2026-09-02 01:11:37,172 INFO Best AUROC test all: 0.840358401430593, AUPR test all: 0.6646221520807458, AUROC test unknown: 0.7955196733552837, AUPR test unknown: 0.5060284489291957
2026-09-02 01:11:39,435 INFO Epoch: 301, loss: -0.17904281616210938, labeled_loss: 0.007222791668027639, unnlabeled_loss: 0.027182506397366524, mixup_loss: -1.9985685348510742, energy_loss: 0.0
2026-09-02 01:11:39,435 INFO Best AUROC test all: 0.840358401430593, AUPR test all: 0.6646221520807458, AUROC test unknown: 0.7955196733552837, AUPR test unknown: 0.5060284489291957
2026-09-02 01:11:42,830 INFO Epoch: 302, loss: -0.1809387058019638, labeled_loss: 0.007935472764074802, unnlabeled_loss: 0.021845290437340736, mixup_loss: -1.9979681968688965, energy_loss: 0.0
2026-09-02 01:11:42,830 INFO Best AUROC test all: 0.840358401430593, AUPR test all: 0.6646221520807458, AUROC test unknown: 0.7955196733552837, AUPR test unknown: 0.5060284489291957
2026-09-02 01:11:45,878 INFO Epoch: 303, loss: -0.135703444480896, labeled_loss: 0.007157199550420046, unnlabeled_loss: 0.1136939749121666, mixup_loss: -1.997076392173767, energy_loss: 0.0
2026-09-02 01:11:45,878 INFO Best AUROC test all: 0.840358401430593, AUPR test all: 0.6646221520807458, AUROC test unknown: 0.7955196733552837, AUPR test unknown: 0.5060284489291957
2026-09-02 01:11:48,604 INFO Epoch: 304, loss: -0.14312727749347687, labeled_loss: 0.005224351305514574, unnlabeled_loss: 0.10289232432842255, mixup_loss: -1.9979779720306396, energy_loss: 0.0
2026-09-02 01:11:48,605 INFO Best AUROC test all: 0.840358401430593, AUPR test all: 0.6646221520807458, AUROC test unknown: 0.7955196733552837, AUPR test unknown: 0.5060284489291957
2026-09-02 01:11:51,118 INFO Epoch: 305, loss: -0.16973485052585602, labeled_loss: 0.0056963334791362286, unnlabeled_loss: 0.04853808134794235, mixup_loss: -1.997002124786377, energy_loss: 0.0
2026-09-02 01:11:51,119 INFO Best AUROC test all: 0.840358401430593, AUPR test all: 0.6646221520807458, AUROC test unknown: 0.7955196733552837, AUPR test unknown: 0.5060284489291957
2026-09-02 01:11:53,421 INFO Epoch: 306, loss: -0.13048981130123138, labeled_loss: 0.008192144334316254, unnlabeled_loss: 0.1222827285528183, mixup_loss: -1.9982331991195679, energy_loss: 0.0
2026-09-02 01:11:53,421 INFO Best AUROC test all: 0.840358401430593, AUPR test all: 0.6646221520807458, AUROC test unknown: 0.7955196733552837, AUPR test unknown: 0.5060284489291957
2026-09-02 01:11:55,711 INFO Epoch: 307, loss: -0.14143913984298706, labeled_loss: 0.0069040898233652115, unnlabeled_loss: 0.10279782116413116, mixup_loss: -1.997421383857727, energy_loss: 0.0
2026-09-02 01:11:55,712 INFO Best AUROC test all: 0.840358401430593, AUPR test all: 0.6646221520807458, AUROC test unknown: 0.7955196733552837, AUPR test unknown: 0.5060284489291957
2026-09-02 01:11:58,004 INFO Epoch: 308, loss: -0.12621065974235535, labeled_loss: 0.006396924145519733, unnlabeled_loss: 0.13432735204696655, mixup_loss: -1.99771249294281, energy_loss: 0.0
2026-09-02 01:11:58,004 INFO Best AUROC test all: 0.840358401430593, AUPR test all: 0.6646221520807458, AUROC test unknown: 0.7955196733552837, AUPR test unknown: 0.5060284489291957
2026-09-02 01:12:00,248 INFO Epoch: 309, loss: -0.10029112547636032, labeled_loss: 0.005612183827906847, unnlabeled_loss: 0.18782803416252136, mixup_loss: -1.9981732368469238, energy_loss: 0.0
2026-09-02 01:12:00,248 INFO Best AUROC test all: 0.840358401430593, AUPR test all: 0.6656207709324008, AUROC test unknown: 0.7955196733552837, AUPR test unknown: 0.5093100817519036
2026-09-02 01:12:02,476 INFO Epoch: 310, loss: -0.1473739743232727, labeled_loss: 0.008979965932667255, unnlabeled_loss: 0.08700859546661377, mixup_loss: -1.9985822439193726, energy_loss: 0.0
2026-09-02 01:12:02,476 INFO Best AUROC test all: 0.8427208347522811, AUPR test all: 0.6674907790500383, AUROC test unknown: 0.7984837538693507, AUPR test unknown: 0.5128715662468409
2026-09-02 01:12:04,762 INFO Epoch: 311, loss: -0.08197236061096191, labeled_loss: 0.0125127537176013, unnlabeled_loss: 0.2108062356710434, mixup_loss: -1.9988822937011719, energy_loss: 0.0
2026-09-02 01:12:04,762 INFO Best AUROC test all: 0.845164161856923, AUPR test all: 0.6696145020121347, AUROC test unknown: 0.8019489783861692, AUPR test unknown: 0.5154874711704746
2026-09-02 01:12:07,040 INFO Epoch: 312, loss: -0.13437464833259583, labeled_loss: 0.010680854320526123, unnlabeled_loss: 0.109564408659935, mixup_loss: -1.9983769655227661, energy_loss: 0.0
2026-09-02 01:12:07,040 INFO Best AUROC test all: 0.8455308788106087, AUPR test all: 0.6730907863213118, AUROC test unknown: 0.8020513777543486, AUPR test unknown: 0.5196391071097181
2026-09-02 01:12:09,351 INFO Epoch: 313, loss: -0.12159620225429535, labeled_loss: 0.011610519140958786, unnlabeled_loss: 0.13324278593063354, mixup_loss: -1.9982811212539673, energy_loss: 0.0
2026-09-02 01:12:09,351 INFO Best AUROC test all: 0.847344784853271, AUPR test all: 0.6730907863213118, AUROC test unknown: 0.8044881239455106, AUPR test unknown: 0.5196391071097181
2026-09-02 01:12:11,579 INFO Epoch: 314, loss: -0.08923491835594177, labeled_loss: 0.010351068340241909, unnlabeled_loss: 0.20053686201572418, mixup_loss: -1.9985440969467163, energy_loss: 0.0
2026-09-02 01:12:11,579 INFO Best AUROC test all: 0.8499150374455418, AUPR test all: 0.6758806425963522, AUROC test unknown: 0.808193097523185, AUPR test unknown: 0.5243215286577596
2026-09-02 01:12:13,816 INFO Epoch: 315, loss: -0.15849032998085022, labeled_loss: 0.011560644023120403, unnlabeled_loss: 0.05961977317929268, mixup_loss: -1.9986084699630737, energy_loss: 0.0
2026-09-02 01:12:13,816 INFO Best AUROC test all: 0.8499150374455418, AUPR test all: 0.6758806425963522, AUROC test unknown: 0.808193097523185, AUPR test unknown: 0.5243215286577596
2026-09-02 01:12:16,071 INFO Epoch: 316, loss: -0.16661527752876282, labeled_loss: 0.015939246863126755, unnlabeled_loss: 0.03453934192657471, mixup_loss: -1.998241901397705, energy_loss: 0.0
2026-09-02 01:12:16,071 INFO Best AUROC test all: 0.8499150374455418, AUPR test all: 0.6758806425963522, AUROC test unknown: 0.808193097523185, AUPR test unknown: 0.5243215286577596
2026-09-02 01:12:18,334 INFO Epoch: 317, loss: -0.1377529799938202, labeled_loss: 0.01355733536183834, unnlabeled_loss: 0.09705019742250443, mixup_loss: -1.998354196548462, energy_loss: 0.0
2026-09-02 01:12:18,334 INFO Best AUROC test all: 0.8499150374455418, AUPR test all: 0.6758806425963522, AUROC test unknown: 0.808193097523185, AUPR test unknown: 0.5243215286577596
2026-09-02 01:12:20,603 INFO Epoch: 318, loss: -0.17628967761993408, labeled_loss: 0.013524556532502174, unnlabeled_loss: 0.02005186676979065, mixup_loss: -1.9984016418457031, energy_loss: 0.0
2026-09-02 01:12:20,603 INFO Best AUROC test all: 0.8499150374455418, AUPR test all: 0.6758806425963522, AUROC test unknown: 0.808193097523185, AUPR test unknown: 0.5243215286577596
2026-09-02 01:12:22,860 INFO Epoch: 319, loss: -0.13198041915893555, labeled_loss: 0.008390942588448524, unnlabeled_loss: 0.11892260611057281, mixup_loss: -1.9983266592025757, energy_loss: 0.0
2026-09-02 01:12:22,860 INFO Best AUROC test all: 0.8499150374455418, AUPR test all: 0.6758806425963522, AUROC test unknown: 0.808193097523185, AUPR test unknown: 0.5243215286577596
2026-09-02 01:12:25,053 INFO Epoch: 320, loss: -0.15712791681289673, labeled_loss: 0.008834345266222954, unnlabeled_loss: 0.06778765469789505, mixup_loss: -1.998560905456543, energy_loss: 0.0
2026-09-02 01:12:25,054 INFO Best AUROC test all: 0.8499150374455418, AUPR test all: 0.6758806425963522, AUROC test unknown: 0.808193097523185, AUPR test unknown: 0.5243215286577596
2026-09-02 01:12:27,286 INFO Epoch: 321, loss: -0.16529208421707153, labeled_loss: 0.0052758692763745785, unnlabeled_loss: 0.058425020426511765, mixup_loss: -1.9978046417236328, energy_loss: 0.0
2026-09-02 01:12:27,287 INFO Best AUROC test all: 0.8499150374455418, AUPR test all: 0.6758806425963522, AUROC test unknown: 0.808193097523185, AUPR test unknown: 0.5243215286577596
2026-09-02 01:12:29,530 INFO Epoch: 322, loss: -0.15998807549476624, labeled_loss: 0.006862064357846975, unnlabeled_loss: 0.06600847095251083, mixup_loss: -1.9985437393188477, energy_loss: 0.0
2026-09-02 01:12:29,530 INFO Best AUROC test all: 0.8499150374455418, AUPR test all: 0.6758806425963522, AUROC test unknown: 0.808193097523185, AUPR test unknown: 0.5243215286577596
2026-09-02 01:12:31,784 INFO Epoch: 323, loss: -0.1591573804616928, labeled_loss: 0.006569518242031336, unnlabeled_loss: 0.06829914450645447, mixup_loss: -1.9987647533416748, energy_loss: 0.0
2026-09-02 01:12:31,784 INFO Best AUROC test all: 0.8499150374455418, AUPR test all: 0.6758806425963522, AUROC test unknown: 0.808193097523185, AUPR test unknown: 0.5243215286577596
2026-09-02 01:12:34,013 INFO Epoch: 324, loss: -0.14790937304496765, labeled_loss: 0.003965496551245451, unnlabeled_loss: 0.09584964066743851, mixup_loss: -1.9979968070983887, energy_loss: 0.0
2026-09-02 01:12:34,013 INFO Best AUROC test all: 0.8499150374455418, AUPR test all: 0.6758806425963522, AUROC test unknown: 0.808193097523185, AUPR test unknown: 0.5243215286577596
2026-09-02 01:12:36,213 INFO Epoch: 325, loss: -0.11392732709646225, labeled_loss: 0.005053013563156128, unnlabeled_loss: 0.16163291037082672, mixup_loss: -1.9979679584503174, energy_loss: 0.0
2026-09-02 01:12:36,214 INFO Best AUROC test all: 0.8499150374455418, AUPR test all: 0.6758806425963522, AUROC test unknown: 0.808193097523185, AUPR test unknown: 0.5243215286577596
2026-09-02 01:12:38,463 INFO Epoch: 326, loss: -0.06194974482059479, labeled_loss: 0.006683154962956905, unnlabeled_loss: 0.2624805271625519, mixup_loss: -1.9987316131591797, energy_loss: 0.0
2026-09-02 01:12:38,463 INFO Best AUROC test all: 0.8499150374455418, AUPR test all: 0.6758806425963522, AUROC test unknown: 0.808193097523185, AUPR test unknown: 0.5243215286577596
2026-09-02 01:12:40,771 INFO Epoch: 327, loss: -0.053867802023887634, labeled_loss: 0.011320971883833408, unnlabeled_loss: 0.26933565735816956, mixup_loss: -1.9985660314559937, energy_loss: 0.0
2026-09-02 01:12:40,771 INFO Best AUROC test all: 0.8499150374455418, AUPR test all: 0.6758806425963522, AUROC test unknown: 0.808193097523185, AUPR test unknown: 0.5243215286577596
2026-09-02 01:12:42,966 INFO Epoch: 328, loss: -0.1378946602344513, labeled_loss: 0.010370076633989811, unnlabeled_loss: 0.1031673476099968, mixup_loss: -1.9984841346740723, energy_loss: 0.0
2026-09-02 01:12:42,966 INFO Best AUROC test all: 0.8499150374455418, AUPR test all: 0.6758806425963522, AUROC test unknown: 0.808193097523185, AUPR test unknown: 0.5243215286577596
2026-09-02 01:12:45,198 INFO Epoch: 329, loss: -0.15454325079917908, labeled_loss: 0.006005288567394018, unnlabeled_loss: 0.0786508172750473, mixup_loss: -1.9987393617630005, energy_loss: 0.0
2026-09-02 01:12:45,198 INFO Best AUROC test all: 0.8499150374455418, AUPR test all: 0.6758806425963522, AUROC test unknown: 0.808193097523185, AUPR test unknown: 0.5243215286577596
2026-09-02 01:12:47,454 INFO Epoch: 330, loss: -0.15250210464000702, labeled_loss: 0.008999648503959179, unnlabeled_loss: 0.07666154950857162, mixup_loss: -1.998325228691101, energy_loss: 0.0
2026-09-02 01:12:47,454 INFO Best AUROC test all: 0.8499150374455418, AUPR test all: 0.6758806425963522, AUROC test unknown: 0.808193097523185, AUPR test unknown: 0.5243215286577596
2026-09-02 01:12:49,666 INFO Epoch: 331, loss: -0.13598087430000305, labeled_loss: 0.02007654868066311, unnlabeled_loss: 0.08742629736661911, mixup_loss: -1.9977056980133057, energy_loss: 0.0
2026-09-02 01:12:49,666 INFO Best AUROC test all: 0.8499150374455418, AUPR test all: 0.6758806425963522, AUROC test unknown: 0.808193097523185, AUPR test unknown: 0.5243215286577596
2026-09-02 01:12:51,911 INFO Epoch: 332, loss: -0.09592888504266739, labeled_loss: 0.014499993994832039, unnlabeled_loss: 0.17864052951335907, mixup_loss: -1.9974913597106934, energy_loss: 0.0
2026-09-02 01:12:51,911 INFO Best AUROC test all: 0.8499150374455418, AUPR test all: 0.6758806425963522, AUROC test unknown: 0.808193097523185, AUPR test unknown: 0.5243215286577596
2026-09-02 01:12:54,138 INFO Epoch: 333, loss: -0.13255640864372253, labeled_loss: 0.009832705371081829, unnlabeled_loss: 0.11495649814605713, mixup_loss: -1.9986735582351685, energy_loss: 0.0
2026-09-02 01:12:54,138 INFO Best AUROC test all: 0.8502176723948119, AUPR test all: 0.6758806425963522, AUROC test unknown: 0.808433295048427, AUPR test unknown: 0.5243215286577596
2026-09-02 01:12:56,410 INFO Epoch: 334, loss: -0.12301266193389893, labeled_loss: 0.01785062439739704, unnlabeled_loss: 0.1180843710899353, mixup_loss: -1.9990546703338623, energy_loss: 0.0
2026-09-02 01:12:56,411 INFO Best AUROC test all: 0.8539205526263254, AUPR test all: 0.6792557497803914, AUROC test unknown: 0.8132911210748602, AUPR test unknown: 0.526343448717564
2026-09-02 01:12:58,650 INFO Epoch: 335, loss: -0.10013683140277863, labeled_loss: 0.022790731862187386, unnlabeled_loss: 0.15396124124526978, mixup_loss: -1.9990818500518799, energy_loss: 0.0
2026-09-02 01:12:58,650 INFO Best AUROC test all: 0.8539205526263254, AUPR test all: 0.6792557497803914, AUROC test unknown: 0.8132911210748602, AUPR test unknown: 0.526343448717564
2026-09-02 01:13:00,914 INFO Epoch: 336, loss: -0.09221938252449036, labeled_loss: 0.015698660165071487, unnlabeled_loss: 0.18384985625743866, mixup_loss: -1.998429775238037, energy_loss: 0.0
2026-09-02 01:13:00,914 INFO Best AUROC test all: 0.8539205526263254, AUPR test all: 0.6792557497803914, AUROC test unknown: 0.8132911210748602, AUPR test unknown: 0.526343448717564
2026-09-02 01:13:03,151 INFO Epoch: 337, loss: -0.1761019378900528, labeled_loss: 0.011808163486421108, unnlabeled_loss: 0.023961937054991722, mixup_loss: -1.9989107847213745, energy_loss: 0.0
2026-09-02 01:13:03,151 INFO Best AUROC test all: 0.8539205526263254, AUPR test all: 0.6792557497803914, AUROC test unknown: 0.8132911210748602, AUPR test unknown: 0.526343448717564
2026-09-02 01:13:05,383 INFO Epoch: 338, loss: -0.1170351579785347, labeled_loss: 0.012091611512005329, unnlabeled_loss: 0.14140081405639648, mixup_loss: -1.9982718229293823, energy_loss: 0.0
2026-09-02 01:13:05,383 INFO Best AUROC test all: 0.8539205526263254, AUPR test all: 0.6792557497803914, AUROC test unknown: 0.8132911210748602, AUPR test unknown: 0.526343448717564
2026-09-02 01:13:07,577 INFO Epoch: 339, loss: -0.11885739117860794, labeled_loss: 0.019101271405816078, unnlabeled_loss: 0.12342383712530136, mixup_loss: -1.9967057704925537, energy_loss: 0.0
2026-09-02 01:13:07,577 INFO Best AUROC test all: 0.8539205526263254, AUPR test all: 0.6792557497803914, AUROC test unknown: 0.8132911210748602, AUPR test unknown: 0.526343448717564
2026-09-02 01:13:09,899 INFO Epoch: 340, loss: -0.15428513288497925, labeled_loss: 0.007372498512268066, unnlabeled_loss: 0.07633429765701294, mixup_loss: -1.998247742652893, energy_loss: 0.0
2026-09-02 01:13:09,900 INFO Best AUROC test all: 0.8539205526263254, AUPR test all: 0.6792557497803914, AUROC test unknown: 0.8132911210748602, AUPR test unknown: 0.526343448717564
2026-09-02 01:13:12,154 INFO Epoch: 341, loss: -0.08947763592004776, labeled_loss: 0.006057433318346739, unnlabeled_loss: 0.2086559534072876, mixup_loss: -1.998630404472351, energy_loss: 0.0
2026-09-02 01:13:12,155 INFO Best AUROC test all: 0.8539205526263254, AUPR test all: 0.6792557497803914, AUROC test unknown: 0.8132911210748602, AUPR test unknown: 0.526343448717564
2026-09-02 01:13:14,368 INFO Epoch: 342, loss: -0.13207444548606873, labeled_loss: 0.013584444299340248, unnlabeled_loss: 0.10850789397954941, mixup_loss: -1.9991284608840942, energy_loss: 0.0
2026-09-02 01:13:14,368 INFO Best AUROC test all: 0.8539205526263254, AUPR test all: 0.6792557497803914, AUROC test unknown: 0.8132911210748602, AUPR test unknown: 0.526343448717564
2026-09-02 01:13:16,581 INFO Epoch: 343, loss: -0.14747394621372223, labeled_loss: 0.011668688617646694, unnlabeled_loss: 0.0814334899187088, mixup_loss: -1.998593807220459, energy_loss: 0.0
2026-09-02 01:13:16,581 INFO Best AUROC test all: 0.8539205526263254, AUPR test all: 0.6792557497803914, AUROC test unknown: 0.8132911210748602, AUPR test unknown: 0.526343448717564
2026-09-02 01:13:18,816 INFO Epoch: 344, loss: -0.08876676857471466, labeled_loss: 0.013497249223291874, unnlabeled_loss: 0.19520846009254456, mixup_loss: -1.9986823797225952, energy_loss: 0.0
2026-09-02 01:13:18,816 INFO Best AUROC test all: 0.8539205526263254, AUPR test all: 0.6792557497803914, AUROC test unknown: 0.8132911210748602, AUPR test unknown: 0.526343448717564
2026-09-02 01:13:21,030 INFO Epoch: 345, loss: -0.1193535104393959, labeled_loss: 0.010186554864048958, unnlabeled_loss: 0.14061416685581207, mixup_loss: -1.9984713792800903, energy_loss: 0.0
2026-09-02 01:13:21,030 INFO Best AUROC test all: 0.8539205526263254, AUPR test all: 0.6792557497803914, AUROC test unknown: 0.8132911210748602, AUPR test unknown: 0.526343448717564
2026-09-02 01:13:23,230 INFO Epoch: 346, loss: -0.1455022692680359, labeled_loss: 0.008498952724039555, unnlabeled_loss: 0.09169728308916092, mixup_loss: -1.998498558998108, energy_loss: 0.0
2026-09-02 01:13:23,231 INFO Best AUROC test all: 0.8539205526263254, AUPR test all: 0.6792557497803914, AUROC test unknown: 0.8132911210748602, AUPR test unknown: 0.526343448717564
2026-09-02 01:13:25,435 INFO Epoch: 347, loss: -0.16286465525627136, labeled_loss: 0.009206018410623074, unnlabeled_loss: 0.05547218397259712, mixup_loss: -1.9980676174163818, energy_loss: 0.0
2026-09-02 01:13:25,435 INFO Best AUROC test all: 0.8539205526263254, AUPR test all: 0.6792557497803914, AUROC test unknown: 0.8132911210748602, AUPR test unknown: 0.526343448717564
2026-09-02 01:13:27,636 INFO Epoch: 348, loss: -0.11761756986379623, labeled_loss: 0.01088776160031557, unnlabeled_loss: 0.14265072345733643, mixup_loss: -1.9983068704605103, energy_loss: 0.0
2026-09-02 01:13:27,636 INFO Best AUROC test all: 0.8539205526263254, AUPR test all: 0.6792557497803914, AUROC test unknown: 0.8132911210748602, AUPR test unknown: 0.526343448717564
2026-09-02 01:13:29,861 INFO Epoch: 349, loss: -0.1502760499715805, labeled_loss: 0.008414770476520061, unnlabeled_loss: 0.08208341896533966, mixup_loss: -1.9973253011703491, energy_loss: 0.0
2026-09-02 01:13:29,861 INFO Best AUROC test all: 0.8539205526263254, AUPR test all: 0.6792557497803914, AUROC test unknown: 0.8132911210748602, AUPR test unknown: 0.526343448717564
2026-09-02 01:13:32,063 INFO Epoch: 350, loss: -0.12050792574882507, labeled_loss: 0.006748793181031942, unnlabeled_loss: 0.1451336145401001, mixup_loss: -1.9982352256774902, energy_loss: 0.0
2026-09-02 01:13:32,063 INFO Best AUROC test all: 0.8539205526263254, AUPR test all: 0.6792557497803914, AUROC test unknown: 0.8132911210748602, AUPR test unknown: 0.526343448717564
2026-09-02 01:13:34,292 INFO Epoch: 351, loss: -0.10019297897815704, labeled_loss: 0.0082887914031744, unnlabeled_loss: 0.18279002606868744, mixup_loss: -1.9987678527832031, energy_loss: 0.0
2026-09-02 01:13:34,292 INFO Best AUROC test all: 0.8539205526263254, AUPR test all: 0.6792557497803914, AUROC test unknown: 0.8132911210748602, AUPR test unknown: 0.526343448717564
2026-09-02 01:13:36,500 INFO Epoch: 352, loss: -0.06471718847751617, labeled_loss: 0.013827609829604626, unnlabeled_loss: 0.24271604418754578, mixup_loss: -1.9990280866622925, energy_loss: 0.0
2026-09-02 01:13:36,500 INFO Best AUROC test all: 0.8539205526263254, AUPR test all: 0.6792557497803914, AUROC test unknown: 0.8132911210748602, AUPR test unknown: 0.526343448717564
2026-09-02 01:13:38,746 INFO Epoch: 353, loss: -0.1003091037273407, labeled_loss: 0.02269941009581089, unnlabeled_loss: 0.15368176996707916, mixup_loss: -1.9984939098358154, energy_loss: 0.0
2026-09-02 01:13:38,746 INFO Best AUROC test all: 0.8539205526263254, AUPR test all: 0.6792557497803914, AUROC test unknown: 0.8132911210748602, AUPR test unknown: 0.526343448717564
2026-09-02 01:13:41,012 INFO Epoch: 354, loss: -0.09587814658880234, labeled_loss: 0.013758030720055103, unnlabeled_loss: 0.18047477304935455, mixup_loss: -1.9987356662750244, energy_loss: 0.0
2026-09-02 01:13:41,012 INFO Best AUROC test all: 0.8539205526263254, AUPR test all: 0.6792557497803914, AUROC test unknown: 0.8132911210748602, AUPR test unknown: 0.526343448717564
2026-09-02 01:13:43,227 INFO Epoch: 355, loss: -0.12929460406303406, labeled_loss: 0.011204596608877182, unnlabeled_loss: 0.11875908821821213, mixup_loss: -1.998787522315979, energy_loss: 0.0
2026-09-02 01:13:43,227 INFO Best AUROC test all: 0.8539205526263254, AUPR test all: 0.6792557497803914, AUROC test unknown: 0.8132911210748602, AUPR test unknown: 0.526343448717564
2026-09-02 01:13:45,462 INFO Epoch: 356, loss: -0.09477472305297852, labeled_loss: 0.018730320036411285, unnlabeled_loss: 0.17275778949260712, mixup_loss: -1.9988393783569336, energy_loss: 0.0
2026-09-02 01:13:45,462 INFO Best AUROC test all: 0.8539205526263254, AUPR test all: 0.6792557497803914, AUROC test unknown: 0.8132911210748602, AUPR test unknown: 0.526343448717564
2026-09-02 01:13:48,127 INFO Epoch: 357, loss: -0.12611404061317444, labeled_loss: 0.016133900731801987, unnlabeled_loss: 0.11525227129459381, mixup_loss: -1.9987406730651855, energy_loss: 0.0
2026-09-02 01:13:48,127 INFO Best AUROC test all: 0.8539205526263254, AUPR test all: 0.6792557497803914, AUROC test unknown: 0.8132911210748602, AUPR test unknown: 0.526343448717564
2026-09-02 01:13:51,047 INFO Epoch: 358, loss: -0.14258453249931335, labeled_loss: 0.014774764887988567, unnlabeled_loss: 0.0850127562880516, mixup_loss: -1.9986567497253418, energy_loss: 0.0
2026-09-02 01:13:51,047 INFO Best AUROC test all: 0.8539205526263254, AUPR test all: 0.6792557497803914, AUROC test unknown: 0.8132911210748602, AUPR test unknown: 0.526343448717564
2026-09-02 01:13:53,952 INFO Epoch: 359, loss: -0.1585691273212433, labeled_loss: 0.014662211760878563, unnlabeled_loss: 0.0533069409430027, mixup_loss: -1.9988481998443604, energy_loss: 0.0
2026-09-02 01:13:53,952 INFO Best AUROC test all: 0.8539205526263254, AUPR test all: 0.6792557497803914, AUROC test unknown: 0.8132911210748602, AUPR test unknown: 0.526343448717564
2026-09-02 01:13:56,854 INFO Epoch: 360, loss: -0.133623868227005, labeled_loss: 0.014316040091216564, unnlabeled_loss: 0.10392924398183823, mixup_loss: -1.9990452527999878, energy_loss: 0.0
2026-09-02 01:13:56,854 INFO Best AUROC test all: 0.8539205526263254, AUPR test all: 0.6792557497803914, AUROC test unknown: 0.8132911210748602, AUPR test unknown: 0.526343448717564
2026-09-02 01:14:00,010 INFO Epoch: 361, loss: -0.1203722432255745, labeled_loss: 0.012362041510641575, unnlabeled_loss: 0.1342998743057251, mixup_loss: -1.9988421201705933, energy_loss: 0.0
2026-09-02 01:14:00,011 INFO Best AUROC test all: 0.8539205526263254, AUPR test all: 0.6792557497803914, AUROC test unknown: 0.8132911210748602, AUPR test unknown: 0.526343448717564
2026-09-02 01:14:02,300 INFO Epoch: 362, loss: -0.11579383164644241, labeled_loss: 0.010132997296750546, unnlabeled_loss: 0.14790864288806915, mixup_loss: -1.9988114833831787, energy_loss: 0.0
2026-09-02 01:14:02,300 INFO Best AUROC test all: 0.8539205526263254, AUPR test all: 0.6792557497803914, AUROC test unknown: 0.8132911210748602, AUPR test unknown: 0.526343448717564
2026-09-02 01:14:04,555 INFO Epoch: 363, loss: -0.13904426991939545, labeled_loss: 0.010329523123800755, unnlabeled_loss: 0.10099516063928604, mixup_loss: -1.998713731765747, energy_loss: 0.0
2026-09-02 01:14:04,555 INFO Best AUROC test all: 0.8539205526263254, AUPR test all: 0.6792557497803914, AUROC test unknown: 0.8132911210748602, AUPR test unknown: 0.526343448717564
2026-09-02 01:14:06,810 INFO Epoch: 364, loss: -0.1234930008649826, labeled_loss: 0.011542877182364464, unnlabeled_loss: 0.1296829730272293, mixup_loss: -1.9987735748291016, energy_loss: 0.0
2026-09-02 01:14:06,810 INFO Best AUROC test all: 0.8539205526263254, AUPR test all: 0.6792557497803914, AUROC test unknown: 0.8132911210748602, AUPR test unknown: 0.526343448717564
2026-09-02 01:14:09,071 INFO Epoch: 365, loss: -0.13584761321544647, labeled_loss: 0.007901319302618504, unnlabeled_loss: 0.11220143735408783, mixup_loss: -1.998496413230896, energy_loss: 0.0
2026-09-02 01:14:09,071 INFO Best AUROC test all: 0.8539205526263254, AUPR test all: 0.6792557497803914, AUROC test unknown: 0.8132911210748602, AUPR test unknown: 0.526343448717564
2026-09-02 01:14:11,316 INFO Epoch: 366, loss: -0.14799925684928894, labeled_loss: 0.005943572614341974, unnlabeled_loss: 0.09181080758571625, mixup_loss: -1.998482346534729, energy_loss: 0.0
2026-09-02 01:14:11,316 INFO Best AUROC test all: 0.8539205526263254, AUPR test all: 0.6792557497803914, AUROC test unknown: 0.8132911210748602, AUPR test unknown: 0.526343448717564
2026-09-02 01:14:13,726 INFO Epoch: 367, loss: -0.10253222286701202, labeled_loss: 0.005300247110426426, unnlabeled_loss: 0.1840597540140152, mixup_loss: -1.9986234903335571, energy_loss: 0.0
2026-09-02 01:14:13,726 INFO Best AUROC test all: 0.8539205526263254, AUPR test all: 0.6792557497803914, AUROC test unknown: 0.8132911210748602, AUPR test unknown: 0.526343448717564
2026-09-02 01:14:16,040 INFO Epoch: 368, loss: -0.1428038328886032, labeled_loss: 0.006340647581964731, unnlabeled_loss: 0.10141486674547195, mixup_loss: -1.9985191822052002, energy_loss: 0.0
2026-09-02 01:14:16,040 INFO Best AUROC test all: 0.8539205526263254, AUPR test all: 0.6792557497803914, AUROC test unknown: 0.8132911210748602, AUPR test unknown: 0.526343448717564
2026-09-02 01:14:18,266 INFO Epoch: 369, loss: -0.10416111350059509, labeled_loss: 0.007422850467264652, unnlabeled_loss: 0.17660027742385864, mixup_loss: -1.9988410472869873, energy_loss: 0.0
2026-09-02 01:14:18,266 INFO Best AUROC test all: 0.8539205526263254, AUPR test all: 0.6792557497803914, AUROC test unknown: 0.8132911210748602, AUPR test unknown: 0.526343448717564
2026-09-02 01:14:20,468 INFO Epoch: 370, loss: -0.10515426099300385, labeled_loss: 0.009946044534444809, unnlabeled_loss: 0.16960026323795319, mixup_loss: -1.9990042448043823, energy_loss: 0.0
2026-09-02 01:14:20,468 INFO Best AUROC test all: 0.8539205526263254, AUPR test all: 0.6792557497803914, AUROC test unknown: 0.8132911210748602, AUPR test unknown: 0.5287888965524217
2026-09-02 01:14:22,708 INFO Epoch: 371, loss: -0.11288212239742279, labeled_loss: 0.009004093706607819, unnlabeled_loss: 0.15608812868595123, mixup_loss: -1.9993027448654175, energy_loss: 0.0
2026-09-02 01:14:22,708 INFO Best AUROC test all: 0.8539205526263254, AUPR test all: 0.6792557497803914, AUROC test unknown: 0.8132911210748602, AUPR test unknown: 0.5287888965524217
2026-09-02 01:14:24,954 INFO Epoch: 372, loss: -0.17244593799114227, labeled_loss: 0.008380080573260784, unnlabeled_loss: 0.038117919117212296, mixup_loss: -1.9988497495651245, energy_loss: 0.0
2026-09-02 01:14:24,954 INFO Best AUROC test all: 0.8539205526263254, AUPR test all: 0.6792557497803914, AUROC test unknown: 0.8132911210748602, AUPR test unknown: 0.5287888965524217
2026-09-02 01:14:27,212 INFO Epoch: 373, loss: -0.12474944442510605, labeled_loss: 0.00806424766778946, unnlabeled_loss: 0.13413125276565552, mixup_loss: -1.998793125152588, energy_loss: 0.0
2026-09-02 01:14:27,212 INFO Best AUROC test all: 0.8539205526263254, AUPR test all: 0.6792557497803914, AUROC test unknown: 0.8132911210748602, AUPR test unknown: 0.5287888965524217
2026-09-02 01:14:29,429 INFO Epoch: 374, loss: -0.1509878784418106, labeled_loss: 0.010423227213323116, unnlabeled_loss: 0.07700607925653458, mixup_loss: -1.9991413354873657, energy_loss: 0.0
2026-09-02 01:14:29,429 INFO Best AUROC test all: 0.8539205526263254, AUPR test all: 0.6792557497803914, AUROC test unknown: 0.8132911210748602, AUPR test unknown: 0.5287888965524217
2026-09-02 01:14:31,640 INFO Epoch: 375, loss: -0.1625928431749344, labeled_loss: 0.009521092288196087, unnlabeled_loss: 0.05550968647003174, mixup_loss: -1.9986878633499146, energy_loss: 0.0
2026-09-02 01:14:31,640 INFO Best AUROC test all: 0.8539205526263254, AUPR test all: 0.6792557497803914, AUROC test unknown: 0.8132911210748602, AUPR test unknown: 0.5287888965524217
2026-09-02 01:14:33,860 INFO Epoch: 376, loss: -0.14978262782096863, labeled_loss: 0.014657360501587391, unnlabeled_loss: 0.07093556225299835, mixup_loss: -1.999077558517456, energy_loss: 0.0
2026-09-02 01:14:33,860 INFO Best AUROC test all: 0.8539205526263254, AUPR test all: 0.6792557497803914, AUROC test unknown: 0.8132911210748602, AUPR test unknown: 0.5292271698622306
2026-09-02 01:14:36,096 INFO Epoch: 377, loss: -0.0846620723605156, labeled_loss: 0.008383962325751781, unnlabeled_loss: 0.21364791691303253, mixup_loss: -1.9986999034881592, energy_loss: 0.0
2026-09-02 01:14:36,096 INFO Best AUROC test all: 0.8539750016880586, AUPR test all: 0.6792557497803914, AUROC test unknown: 0.8132911210748602, AUPR test unknown: 0.5292271698622306
2026-09-02 01:14:38,299 INFO Epoch: 378, loss: -0.12552115321159363, labeled_loss: 0.011096316389739513, unnlabeled_loss: 0.12661395967006683, mixup_loss: -1.9992444515228271, energy_loss: 0.0
2026-09-02 01:14:38,300 INFO Best AUROC test all: 0.8554887956950104, AUPR test all: 0.6839823334937025, AUROC test unknown: 0.8152634973429382, AUPR test unknown: 0.5370539687273438
2026-09-02 01:14:40,506 INFO Epoch: 379, loss: -0.13302992284297943, labeled_loss: 0.015483374707400799, unnlabeled_loss: 0.10278697311878204, mixup_loss: -1.999067783355713, energy_loss: 0.0
2026-09-02 01:14:40,507 INFO Best AUROC test all: 0.8554887956950104, AUPR test all: 0.6839823334937025, AUROC test unknown: 0.8152634973429382, AUPR test unknown: 0.5370539687273438
2026-09-02 01:14:42,748 INFO Epoch: 380, loss: -0.13091740012168884, labeled_loss: 0.00928196869790554, unnlabeled_loss: 0.11944214999675751, mixup_loss: -1.999204397201538, energy_loss: 0.0
2026-09-02 01:14:42,748 INFO Best AUROC test all: 0.8554887956950104, AUPR test all: 0.6839823334937025, AUROC test unknown: 0.8152634973429382, AUPR test unknown: 0.5370539687273438
2026-09-02 01:14:44,968 INFO Epoch: 381, loss: -0.17268122732639313, labeled_loss: 0.0066116987727582455, unnlabeled_loss: 0.04121048375964165, mixup_loss: -1.9989815950393677, energy_loss: 0.0
2026-09-02 01:14:44,968 INFO Best AUROC test all: 0.8554887956950104, AUPR test all: 0.6839823334937025, AUROC test unknown: 0.8152634973429382, AUPR test unknown: 0.5370539687273438
2026-09-02 01:14:47,265 INFO Epoch: 382, loss: -0.10990628600120544, labeled_loss: 0.011391326785087585, unnlabeled_loss: 0.157154381275177, mixup_loss: -1.9987480640411377, energy_loss: 0.0
2026-09-02 01:14:47,265 INFO Best AUROC test all: 0.8554887956950104, AUPR test all: 0.6839823334937025, AUROC test unknown: 0.8152634973429382, AUPR test unknown: 0.5370539687273438
2026-09-02 01:14:49,484 INFO Epoch: 383, loss: -0.1382855772972107, labeled_loss: 0.00954099465161562, unnlabeled_loss: 0.10407409816980362, mixup_loss: -1.998636245727539, energy_loss: 0.0
2026-09-02 01:14:49,485 INFO Best AUROC test all: 0.8554887956950104, AUPR test all: 0.6839823334937025, AUROC test unknown: 0.8152634973429382, AUPR test unknown: 0.5370539687273438
2026-09-02 01:14:51,672 INFO Epoch: 384, loss: -0.1069287359714508, labeled_loss: 0.006911335047334433, unnlabeled_loss: 0.17204374074935913, mixup_loss: -1.9986194372177124, energy_loss: 0.0
2026-09-02 01:14:51,673 INFO Best AUROC test all: 0.8554887956950104, AUPR test all: 0.6839823334937025, AUROC test unknown: 0.8152634973429382, AUPR test unknown: 0.5370539687273438
2026-09-02 01:14:53,867 INFO Epoch: 385, loss: -0.11448052525520325, labeled_loss: 0.007725502829998732, unnlabeled_loss: 0.15541766583919525, mixup_loss: -1.9991484880447388, energy_loss: 0.0
2026-09-02 01:14:53,867 INFO Best AUROC test all: 0.8554887956950104, AUPR test all: 0.6839823334937025, AUROC test unknown: 0.8152634973429382, AUPR test unknown: 0.5370539687273438
2026-09-02 01:14:56,101 INFO Epoch: 386, loss: -0.14587214589118958, labeled_loss: 0.010730726644396782, unnlabeled_loss: 0.08660770207643509, mixup_loss: -1.9990671873092651, energy_loss: 0.0
2026-09-02 01:14:56,101 INFO Best AUROC test all: 0.8554887956950104, AUPR test all: 0.6839823334937025, AUROC test unknown: 0.8152634973429382, AUPR test unknown: 0.5370539687273438
2026-09-02 01:14:58,316 INFO Epoch: 387, loss: -0.10776099562644958, labeled_loss: 0.010980085469782352, unnlabeled_loss: 0.16231992840766907, mixup_loss: -1.999010443687439, energy_loss: 0.0
2026-09-02 01:14:58,316 INFO Best AUROC test all: 0.8554887956950104, AUPR test all: 0.6839823334937025, AUROC test unknown: 0.8152634973429382, AUPR test unknown: 0.5370539687273438
2026-09-02 01:15:00,530 INFO Epoch: 388, loss: -0.13405218720436096, labeled_loss: 0.012167983688414097, unnlabeled_loss: 0.10731900483369827, mixup_loss: -1.9987967014312744, energy_loss: 0.0
2026-09-02 01:15:00,530 INFO Best AUROC test all: 0.8554887956950104, AUPR test all: 0.6839823334937025, AUROC test unknown: 0.8152634973429382, AUPR test unknown: 0.5370539687273438
2026-09-02 01:15:02,732 INFO Epoch: 389, loss: -0.13210268318653107, labeled_loss: 0.0075201718136668205, unnlabeled_loss: 0.12048216909170151, mixup_loss: -1.9986393451690674, energy_loss: 0.0
2026-09-02 01:15:02,732 INFO Best AUROC test all: 0.8554887956950104, AUPR test all: 0.6839823334937025, AUROC test unknown: 0.8152634973429382, AUPR test unknown: 0.5370539687273438
2026-09-02 01:15:04,972 INFO Epoch: 390, loss: -0.10176227241754532, labeled_loss: 0.013093327172100544, unnlabeled_loss: 0.17010635137557983, mixup_loss: -1.9990876913070679, energy_loss: 0.0
2026-09-02 01:15:04,972 INFO Best AUROC test all: 0.8554887956950104, AUPR test all: 0.6839823334937025, AUROC test unknown: 0.8152634973429382, AUPR test unknown: 0.5370539687273438
2026-09-02 01:15:07,177 INFO Epoch: 391, loss: -0.13995535671710968, labeled_loss: 0.011354643851518631, unnlabeled_loss: 0.09715057909488678, mixup_loss: -1.9988529682159424, energy_loss: 0.0
2026-09-02 01:15:07,177 INFO Best AUROC test all: 0.8554887956950104, AUPR test all: 0.6839823334937025, AUROC test unknown: 0.8152634973429382, AUPR test unknown: 0.5370539687273438
2026-09-02 01:15:09,375 INFO Epoch: 392, loss: -0.13184279203414917, labeled_loss: 0.008664702996611595, unnlabeled_loss: 0.11879467964172363, mixup_loss: -1.9990484714508057, energy_loss: 0.0
2026-09-02 01:15:09,375 INFO Best AUROC test all: 0.8554887956950104, AUPR test all: 0.6839823334937025, AUROC test unknown: 0.8152634973429382, AUPR test unknown: 0.5370539687273438
2026-09-02 01:15:11,577 INFO Epoch: 393, loss: -0.13128980994224548, labeled_loss: 0.011188419535756111, unnlabeled_loss: 0.11489371955394745, mixup_loss: -1.9992507696151733, energy_loss: 0.0
2026-09-02 01:15:11,577 INFO Best AUROC test all: 0.8554887956950104, AUPR test all: 0.6839823334937025, AUROC test unknown: 0.8152634973429382, AUPR test unknown: 0.5370539687273438
2026-09-02 01:15:13,810 INFO Epoch: 394, loss: -0.16025714576244354, labeled_loss: 0.011597146280109882, unnlabeled_loss: 0.05609656870365143, mixup_loss: -1.999025821685791, energy_loss: 0.0
2026-09-02 01:15:13,810 INFO Best AUROC test all: 0.8554887956950104, AUPR test all: 0.6839823334937025, AUROC test unknown: 0.8152634973429382, AUPR test unknown: 0.5370539687273438
2026-09-02 01:15:16,025 INFO Epoch: 395, loss: -0.11379716545343399, labeled_loss: 0.012425241060554981, unnlabeled_loss: 0.14741827547550201, mixup_loss: -1.9993155002593994, energy_loss: 0.0
2026-09-02 01:15:16,026 INFO Best AUROC test all: 0.8554887956950104, AUPR test all: 0.6839823334937025, AUROC test unknown: 0.8152634973429382, AUPR test unknown: 0.5370539687273438
2026-09-02 01:15:18,274 INFO Epoch: 396, loss: -0.15172022581100464, labeled_loss: 0.010219047777354717, unnlabeled_loss: 0.07595045119524002, mixup_loss: -1.9991450309753418, energy_loss: 0.0
2026-09-02 01:15:18,274 INFO Best AUROC test all: 0.8554887956950104, AUPR test all: 0.6839823334937025, AUROC test unknown: 0.8152634973429382, AUPR test unknown: 0.5370539687273438
2026-09-02 01:15:20,502 INFO Epoch: 397, loss: -0.14793840050697327, labeled_loss: 0.010815901681780815, unnlabeled_loss: 0.08229240030050278, mixup_loss: -1.9990049600601196, energy_loss: 0.0
2026-09-02 01:15:20,502 INFO Best AUROC test all: 0.8554887956950104, AUPR test all: 0.6839823334937025, AUROC test unknown: 0.8152634973429382, AUPR test unknown: 0.5370539687273438
2026-09-02 01:15:22,718 INFO Epoch: 398, loss: -0.10547678172588348, labeled_loss: 0.009256103076040745, unnlabeled_loss: 0.17033328115940094, mixup_loss: -1.9989951848983765, energy_loss: 0.0
2026-09-02 01:15:22,718 INFO Best AUROC test all: 0.8554887956950104, AUPR test all: 0.6839823334937025, AUROC test unknown: 0.8152634973429382, AUPR test unknown: 0.5370539687273438
2026-09-02 01:15:24,934 INFO Epoch: 399, loss: -0.14919452369213104, labeled_loss: 0.0068448381498456, unnlabeled_loss: 0.08777783811092377, mixup_loss: -1.9992828369140625, energy_loss: 0.0
2026-09-02 01:15:24,934 INFO Best AUROC test all: 0.8554887956950104, AUPR test all: 0.6839823334937025, AUROC test unknown: 0.8152634973429382, AUPR test unknown: 0.5370539687273438
