2026-08-26 07:53:31,050 INFO cli={'dataset': 'cs', 'method': 'demo', 'seed': 2, 'train_seed': None, 'epochs': None, 'set': ['num_epochs=400', 'mixup=true', 'energy_loss=false'], 'tag': 'E400_demo', 'rotations': [12]}
2026-08-26 07:53:31,050 INFO config={'alpha_plus': 0.05, 'alpha_r': 0.1, 'atlas_gate_q': 0.9, 'batch_size': 512, 'hidden_dim': 64, 'lambda_halo': 0.2, 'lambda_mixup': 0.2, 'lambda_un': 1.0, 'lr': 0.001, 'margin': 0.1, 'n_layers': 2, 'optimiser': 'adam', 'sampling_sizes': [25, 10], 'tau_minus': 0.05, 'tau_mu': 0.05, 'tau_plus': 0.95, 'use_atlas_gate': True, 'use_conformal': True, 'use_pl': True, 'version': 4, 'weight_decay': 0.0001, 'loss': 'bce', 'num_epochs': 400, 'ebd_dim': 64, 'drop_out': 0.5, 'gamma': 0.1, 'damping': 0.001, 'p_cutoff': [0.05, 0.95], 'unlabeled_loss': 0.5, 'mixup_loss': 0.1, 'energy_loss_weight': 0.1, 'used_unlabeled_data': True, 'energy_loss': False, 'mixup': True, 'thresh_warmup': True, 'used_augment_for_anormaly': True, 'batch_size_for_anormaly': 20, 'sample_size_for_anormaly': 25, 'div_loss_alpha': 0.5, 'mixup_loss_type': 'consistency', 'device': 0, 'input_dim': 6805, 'eval_batch_mult': 1}
2026-08-26 07:53:44,071 INFO Epoch: 0, loss: 0.6557464599609375, labeled_loss: 0.7557432651519775, unnlabeled_loss: 0.0, mixup_loss: -0.9999679923057556, energy_loss: 0.0
2026-08-26 07:53:44,072 INFO Best AUROC test all: 0.7724219093172506, AUPR test all: 0.5521843964878795, AUROC test unknown: 0.75398587074932, AUPR test unknown: 0.48931929792419016
2026-08-26 07:53:55,436 INFO Epoch: 1, loss: 0.5138518810272217, labeled_loss: 0.6322816610336304, unnlabeled_loss: 0.0, mixup_loss: -1.1842979192733765, energy_loss: 0.0
2026-08-26 07:53:55,436 INFO Best AUROC test all: 0.7724219093172506, AUPR test all: 0.5521843964878795, AUROC test unknown: 0.75398587074932, AUPR test unknown: 0.48931929792419016
2026-08-26 07:54:07,146 INFO Epoch: 2, loss: 0.397288978099823, labeled_loss: 0.5332143902778625, unnlabeled_loss: 0.0, mixup_loss: -1.3592538833618164, energy_loss: 0.0
2026-08-26 07:54:07,146 INFO Best AUROC test all: 0.7724219093172506, AUPR test all: 0.5521843964878795, AUROC test unknown: 0.75398587074932, AUPR test unknown: 0.48931929792419016
2026-08-26 07:54:18,687 INFO Epoch: 3, loss: 0.2879819869995117, labeled_loss: 0.4388728141784668, unnlabeled_loss: 0.0, mixup_loss: -1.5089082717895508, energy_loss: 0.0
2026-08-26 07:54:18,687 INFO Best AUROC test all: 0.7724219093172506, AUPR test all: 0.5521843964878795, AUROC test unknown: 0.75398587074932, AUPR test unknown: 0.48931929792419016
2026-08-26 07:54:30,314 INFO Epoch: 4, loss: 0.1898365020751953, labeled_loss: 0.35388684272766113, unnlabeled_loss: 0.0, mixup_loss: -1.6405034065246582, energy_loss: 0.0
2026-08-26 07:54:30,314 INFO Best AUROC test all: 0.7724219093172506, AUPR test all: 0.5521843964878795, AUROC test unknown: 0.75398587074932, AUPR test unknown: 0.48931929792419016
2026-08-26 07:54:41,884 INFO Epoch: 5, loss: 0.10458780825138092, labeled_loss: 0.278956800699234, unnlabeled_loss: 0.0, mixup_loss: -1.7436898946762085, energy_loss: 0.0
2026-08-26 07:54:41,884 INFO Best AUROC test all: 0.7724219093172506, AUPR test all: 0.5521843964878795, AUROC test unknown: 0.75398587074932, AUPR test unknown: 0.48931929792419016
2026-08-26 07:54:53,489 INFO Epoch: 6, loss: 0.05804342031478882, labeled_loss: 0.22512774169445038, unnlabeled_loss: 0.03030182234942913, mixup_loss: -1.8223522901535034, energy_loss: 0.0
2026-08-26 07:54:53,489 INFO Best AUROC test all: 0.7724219093172506, AUPR test all: 0.5521843964878795, AUROC test unknown: 0.75398587074932, AUPR test unknown: 0.48931929792419016
2026-08-26 07:55:05,098 INFO Epoch: 7, loss: 0.01747290790081024, labeled_loss: 0.1970062404870987, unnlabeled_loss: 0.01736460253596306, mixup_loss: -1.882156252861023, energy_loss: 0.0
2026-08-26 07:55:05,098 INFO Best AUROC test all: 0.7724219093172506, AUPR test all: 0.5521843964878795, AUROC test unknown: 0.75398587074932, AUPR test unknown: 0.48931929792419016
2026-08-26 07:55:16,731 INFO Epoch: 8, loss: 0.003633439540863037, labeled_loss: 0.1858036071062088, unnlabeled_loss: 0.019007917493581772, mixup_loss: -1.9167412519454956, energy_loss: 0.0
2026-08-26 07:55:16,731 INFO Best AUROC test all: 0.7724219093172506, AUPR test all: 0.5562638964138853, AUROC test unknown: 0.75398587074932, AUPR test unknown: 0.48931929792419016
2026-08-26 07:55:28,310 INFO Epoch: 9, loss: 0.006119474768638611, labeled_loss: 0.19123326241970062, unnlabeled_loss: 0.018548306077718735, mixup_loss: -1.9438793659210205, energy_loss: 0.0
2026-08-26 07:55:28,310 INFO Best AUROC test all: 0.7724219093172506, AUPR test all: 0.5705229058093133, AUROC test unknown: 0.75398587074932, AUPR test unknown: 0.5002102894207759
2026-08-26 07:55:40,112 INFO Epoch: 10, loss: 0.006054788827896118, labeled_loss: 0.1947632133960724, unnlabeled_loss: 0.01348468940705061, mixup_loss: -1.95450758934021, energy_loss: 0.0
2026-08-26 07:55:40,113 INFO Best AUROC test all: 0.7724219093172506, AUPR test all: 0.5769812688396059, AUROC test unknown: 0.75398587074932, AUPR test unknown: 0.5086306478009773
2026-08-26 07:55:51,595 INFO Epoch: 11, loss: 0.0107840895652771, labeled_loss: 0.20239359140396118, unnlabeled_loss: 0.009192603640258312, mixup_loss: -1.9620580673217773, energy_loss: 0.0
2026-08-26 07:55:51,595 INFO Best AUROC test all: 0.7724219093172506, AUPR test all: 0.586609874127634, AUROC test unknown: 0.75398587074932, AUPR test unknown: 0.5203060763525225
2026-08-26 07:56:03,263 INFO Epoch: 12, loss: 0.01627841591835022, labeled_loss: 0.2093714028596878, unnlabeled_loss: 0.006558059249073267, mixup_loss: -1.9637202024459839, energy_loss: 0.0
2026-08-26 07:56:03,263 INFO Best AUROC test all: 0.7724219093172506, AUPR test all: 0.5919397888808304, AUROC test unknown: 0.75398587074932, AUPR test unknown: 0.527537594858495
2026-08-26 07:56:14,823 INFO Epoch: 13, loss: 0.018065109848976135, labeled_loss: 0.21227766573429108, unnlabeled_loss: 0.0052162474021315575, mixup_loss: -1.968206763267517, energy_loss: 0.0
2026-08-26 07:56:14,823 INFO Best AUROC test all: 0.7724219093172506, AUPR test all: 0.597947442134066, AUROC test unknown: 0.75398587074932, AUPR test unknown: 0.5348323508179547
2026-08-26 07:56:26,590 INFO Epoch: 14, loss: 0.020213663578033447, labeled_loss: 0.21457405388355255, unnlabeled_loss: 0.004554401151835918, mixup_loss: -1.9663758277893066, energy_loss: 0.0
2026-08-26 07:56:26,590 INFO Best AUROC test all: 0.7724219093172506, AUPR test all: 0.6013164126993384, AUROC test unknown: 0.75398587074932, AUPR test unknown: 0.5382585379294115
2026-08-26 07:56:38,198 INFO Epoch: 15, loss: 0.019208252429962158, labeled_loss: 0.21405315399169922, unnlabeled_loss: 0.003344156313687563, mixup_loss: -1.9651696681976318, energy_loss: 0.0
2026-08-26 07:56:38,198 INFO Best AUROC test all: 0.7759439898772232, AUPR test all: 0.6079322041960213, AUROC test unknown: 0.7560232868195738, AUPR test unknown: 0.5462000496463388
2026-08-26 07:56:49,972 INFO Epoch: 16, loss: 0.0154915452003479, labeled_loss: 0.2104272097349167, unnlabeled_loss: 0.003603337099775672, mixup_loss: -1.967373251914978, energy_loss: 0.0
2026-08-26 07:56:49,972 INFO Best AUROC test all: 0.7769125438628364, AUPR test all: 0.6113977773979846, AUROC test unknown: 0.7571113866466087, AUPR test unknown: 0.5500906175918419
2026-08-26 07:57:01,482 INFO Epoch: 17, loss: 0.003825470805168152, labeled_loss: 0.19867877662181854, unnlabeled_loss: 0.003748856717720628, mixup_loss: -1.9672772884368896, energy_loss: 0.0
2026-08-26 07:57:01,482 INFO Best AUROC test all: 0.7790212809213162, AUPR test all: 0.6137838416672454, AUROC test unknown: 0.7593437560684575, AUPR test unknown: 0.5530764175633633
2026-08-26 07:57:13,268 INFO Epoch: 18, loss: 0.0011636614799499512, labeled_loss: 0.19640910625457764, unnlabeled_loss: 0.0035300881136208773, mixup_loss: -1.9701048135757446, energy_loss: 0.0
2026-08-26 07:57:13,268 INFO Best AUROC test all: 0.78169715657969, AUPR test all: 0.6175410846225882, AUROC test unknown: 0.7622605496448116, AUPR test unknown: 0.5572818044688835
2026-08-26 07:57:24,874 INFO Epoch: 19, loss: -0.01090000569820404, labeled_loss: 0.18397925794124603, unnlabeled_loss: 0.003976144827902317, mixup_loss: -1.9686732292175293, energy_loss: 0.0
2026-08-26 07:57:24,874 INFO Best AUROC test all: 0.7822833006839129, AUPR test all: 0.6209423936147633, AUROC test unknown: 0.7629378484580411, AUPR test unknown: 0.5613025410422685
2026-08-26 07:57:36,572 INFO Epoch: 20, loss: -0.024245813488960266, labeled_loss: 0.17068730294704437, unnlabeled_loss: 0.004489901941269636, mixup_loss: -1.9717806577682495, energy_loss: 0.0
2026-08-26 07:57:36,572 INFO Best AUROC test all: 0.7841505592871003, AUPR test all: 0.6242770729933644, AUROC test unknown: 0.7649859023617496, AUPR test unknown: 0.5653735531455993
2026-08-26 07:57:48,097 INFO Epoch: 21, loss: -0.03629770874977112, labeled_loss: 0.1587975025177002, unnlabeled_loss: 0.005065640900284052, mixup_loss: -1.9762803316116333, energy_loss: 0.0
2026-08-26 07:57:48,097 INFO Best AUROC test all: 0.785330179241408, AUPR test all: 0.6273946020491479, AUROC test unknown: 0.7662353159010018, AUPR test unknown: 0.5687468810746288
2026-08-26 07:57:59,755 INFO Epoch: 22, loss: -0.038615256547927856, labeled_loss: 0.15626411139965057, unnlabeled_loss: 0.005678465589880943, mixup_loss: -1.9771859645843506, energy_loss: 0.0
2026-08-26 07:57:59,755 INFO Best AUROC test all: 0.7887388339212377, AUPR test all: 0.6302817949644672, AUROC test unknown: 0.769822985447745, AUPR test unknown: 0.5718148779963717
2026-08-26 07:58:11,275 INFO Epoch: 23, loss: -0.04933653771877289, labeled_loss: 0.14525556564331055, unnlabeled_loss: 0.006599231623113155, mixup_loss: -1.978917121887207, energy_loss: 0.0
2026-08-26 07:58:11,275 INFO Best AUROC test all: 0.789595222314265, AUPR test all: 0.6333102840964595, AUROC test unknown: 0.7708536309384326, AUPR test unknown: 0.5757630134672567
2026-08-26 07:58:22,907 INFO Epoch: 24, loss: -0.05931977927684784, labeled_loss: 0.13531629741191864, unnlabeled_loss: 0.007181786000728607, mixup_loss: -1.9822697639465332, energy_loss: 0.0
2026-08-26 07:58:22,907 INFO Best AUROC test all: 0.7903210651545669, AUPR test all: 0.637003326039839, AUROC test unknown: 0.7715240251956081, AUPR test unknown: 0.5798021548629249
2026-08-26 07:58:34,480 INFO Epoch: 25, loss: -0.06481541693210602, labeled_loss: 0.12950119376182556, unnlabeled_loss: 0.007528884802013636, mixup_loss: -1.9808104038238525, energy_loss: 0.0
2026-08-26 07:58:34,480 INFO Best AUROC test all: 0.7935554137859822, AUPR test all: 0.6403580446093737, AUROC test unknown: 0.775052263374692, AUPR test unknown: 0.5835634355331469
2026-08-26 07:58:46,130 INFO Epoch: 26, loss: -0.06900642812252045, labeled_loss: 0.1250753551721573, unnlabeled_loss: 0.008542319759726524, mixup_loss: -1.9835294485092163, energy_loss: 0.0
2026-08-26 07:58:46,130 INFO Best AUROC test all: 0.7942742468516959, AUPR test all: 0.6420821444107223, AUROC test unknown: 0.7758375060904106, AUPR test unknown: 0.5854275324974711
2026-08-26 07:58:57,658 INFO Epoch: 27, loss: -0.07605446130037308, labeled_loss: 0.11715272068977356, unnlabeled_loss: 0.010331163182854652, mixup_loss: -1.9837276935577393, energy_loss: 0.0
2026-08-26 07:58:57,658 INFO Best AUROC test all: 0.7955237805682978, AUPR test all: 0.6459355982975459, AUROC test unknown: 0.7772085120731882, AUPR test unknown: 0.5903409989408961
2026-08-26 07:59:09,331 INFO Epoch: 28, loss: -0.07916963845491409, labeled_loss: 0.11365488171577454, unnlabeled_loss: 0.011685620993375778, mixup_loss: -1.986673355102539, energy_loss: 0.0
2026-08-26 07:59:09,331 INFO Best AUROC test all: 0.7959927179297063, AUPR test all: 0.6466579251933423, AUROC test unknown: 0.7777948774817638, AUPR test unknown: 0.5912561784614495
2026-08-26 07:59:20,967 INFO Epoch: 29, loss: -0.08328679203987122, labeled_loss: 0.1099022701382637, unnlabeled_loss: 0.011261781677603722, mixup_loss: -1.9881994724273682, energy_loss: 0.0
2026-08-26 07:59:20,967 INFO Best AUROC test all: 0.7959927179297063, AUPR test all: 0.6468024526235148, AUROC test unknown: 0.7777948774817638, AUPR test unknown: 0.5912939663570453
2026-08-26 07:59:32,590 INFO Epoch: 30, loss: -0.0899469256401062, labeled_loss: 0.10302913188934326, unnlabeled_loss: 0.011573070660233498, mixup_loss: -1.9876259565353394, energy_loss: 0.0
2026-08-26 07:59:32,591 INFO Best AUROC test all: 0.7971912237990126, AUPR test all: 0.6509394340636259, AUROC test unknown: 0.7789731680722489, AUPR test unknown: 0.5962208188993889
2026-08-26 07:59:44,239 INFO Epoch: 31, loss: -0.09097355604171753, labeled_loss: 0.10140985250473022, unnlabeled_loss: 0.012631033547222614, mixup_loss: -1.986989140510559, energy_loss: 0.0
2026-08-26 07:59:44,239 INFO Best AUROC test all: 0.7971912237990126, AUPR test all: 0.6509394340636259, AUROC test unknown: 0.7789731680722489, AUPR test unknown: 0.5962208188993889
2026-08-26 07:59:55,863 INFO Epoch: 32, loss: -0.09522945433855057, labeled_loss: 0.09703100472688675, unnlabeled_loss: 0.012923842296004295, mixup_loss: -1.987223744392395, energy_loss: 0.0
2026-08-26 07:59:55,863 INFO Best AUROC test all: 0.7971912237990126, AUPR test all: 0.6509394340636259, AUROC test unknown: 0.7789731680722489, AUPR test unknown: 0.5962208188993889
2026-08-26 08:00:07,495 INFO Epoch: 33, loss: -0.10027619451284409, labeled_loss: 0.0931302011013031, unnlabeled_loss: 0.011217577382922173, mixup_loss: -1.9901517629623413, energy_loss: 0.0
2026-08-26 08:00:07,495 INFO Best AUROC test all: 0.7971912237990126, AUPR test all: 0.6519607293035075, AUROC test unknown: 0.7789731680722489, AUPR test unknown: 0.5974484931109363
2026-08-26 08:00:19,137 INFO Epoch: 34, loss: -0.10407226532697678, labeled_loss: 0.08892959356307983, unnlabeled_loss: 0.011553156189620495, mixup_loss: -1.9877843856811523, energy_loss: 0.0
2026-08-26 08:00:19,137 INFO Best AUROC test all: 0.7971912237990126, AUPR test all: 0.6519607293035075, AUROC test unknown: 0.7789731680722489, AUPR test unknown: 0.5974484931109363
2026-08-26 08:00:30,681 INFO Epoch: 35, loss: -0.10845401883125305, labeled_loss: 0.08586424589157104, unnlabeled_loss: 0.009452402591705322, mixup_loss: -1.9904446601867676, energy_loss: 0.0
2026-08-26 08:00:30,681 INFO Best AUROC test all: 0.7971912237990126, AUPR test all: 0.6519607293035075, AUROC test unknown: 0.7789731680722489, AUPR test unknown: 0.5974484931109363
2026-08-26 08:00:42,324 INFO Epoch: 36, loss: -0.11358768492937088, labeled_loss: 0.0811750665307045, unnlabeled_loss: 0.008595499210059643, mixup_loss: -1.9906049966812134, energy_loss: 0.0
2026-08-26 08:00:42,325 INFO Best AUROC test all: 0.7971912237990126, AUPR test all: 0.6522002841562596, AUROC test unknown: 0.7789731680722489, AUPR test unknown: 0.5977869890004972
2026-08-26 08:00:53,894 INFO Epoch: 37, loss: -0.11900525540113449, labeled_loss: 0.07620110362768173, unnlabeled_loss: 0.007489977870136499, mixup_loss: -1.9895135164260864, energy_loss: 0.0
2026-08-26 08:00:53,894 INFO Best AUROC test all: 0.7971912237990126, AUPR test all: 0.6528648440888678, AUROC test unknown: 0.7789731680722489, AUPR test unknown: 0.5983701432137576
2026-08-26 08:01:05,543 INFO Epoch: 38, loss: -0.1218748688697815, labeled_loss: 0.07344246655702591, unnlabeled_loss: 0.0070886737667024136, mixup_loss: -1.988616704940796, energy_loss: 0.0
2026-08-26 08:01:05,544 INFO Best AUROC test all: 0.7971912237990126, AUPR test all: 0.6543389442580535, AUROC test unknown: 0.7789731680722489, AUPR test unknown: 0.6005320423867888
2026-08-26 08:01:17,112 INFO Epoch: 39, loss: -0.12645024061203003, labeled_loss: 0.06934916973114014, unnlabeled_loss: 0.005921145901083946, mixup_loss: -1.9875998497009277, energy_loss: 0.0
2026-08-26 08:01:17,112 INFO Best AUROC test all: 0.7971912237990126, AUPR test all: 0.6569816668193064, AUROC test unknown: 0.7789731680722489, AUPR test unknown: 0.6033409868409448
2026-08-26 08:01:28,613 INFO Epoch: 40, loss: -0.1306428611278534, labeled_loss: 0.06553119421005249, unnlabeled_loss: 0.005480361636728048, mixup_loss: -1.9891422986984253, energy_loss: 0.0
2026-08-26 08:01:28,613 INFO Best AUROC test all: 0.7971912237990126, AUPR test all: 0.6573765589738312, AUROC test unknown: 0.7789731680722489, AUPR test unknown: 0.6039535411412579
2026-08-26 08:01:40,147 INFO Epoch: 41, loss: -0.13563823699951172, labeled_loss: 0.06088579073548317, unnlabeled_loss: 0.005121469963341951, mixup_loss: -1.9908477067947388, energy_loss: 0.0
2026-08-26 08:01:40,148 INFO Best AUROC test all: 0.7972084078658503, AUPR test all: 0.6598182054376973, AUROC test unknown: 0.7789731680722489, AUPR test unknown: 0.6064711896888391
2026-08-26 08:01:51,669 INFO Epoch: 42, loss: -0.1354045569896698, labeled_loss: 0.05880117416381836, unnlabeled_loss: 0.009642369113862514, mixup_loss: -1.9902690649032593, energy_loss: 0.0
2026-08-26 08:01:51,669 INFO Best AUROC test all: 0.7978347247858546, AUPR test all: 0.6607078823429846, AUROC test unknown: 0.7796004590325493, AUPR test unknown: 0.6074744280845319
2026-08-26 08:02:03,400 INFO Epoch: 43, loss: -0.14294663071632385, labeled_loss: 0.05426977947354317, unnlabeled_loss: 0.0036274478770792484, mixup_loss: -1.990301251411438, energy_loss: 0.0
2026-08-26 08:02:03,400 INFO Best AUROC test all: 0.7982392586933393, AUPR test all: 0.6612658659536088, AUROC test unknown: 0.7801451261411209, AUPR test unknown: 0.6084499709214544
2026-08-26 08:02:14,881 INFO Epoch: 44, loss: -0.14471164345741272, labeled_loss: 0.052313148975372314, unnlabeled_loss: 0.004080104175955057, mixup_loss: -1.9906485080718994, energy_loss: 0.0
2026-08-26 08:02:14,881 INFO Best AUROC test all: 0.7994567056727199, AUPR test all: 0.6634908476531154, AUROC test unknown: 0.781346368359069, AUPR test unknown: 0.6107992340576078
2026-08-26 08:02:26,474 INFO Epoch: 45, loss: -0.1444745659828186, labeled_loss: 0.05277249217033386, unnlabeled_loss: 0.0035209956113249063, mixup_loss: -1.9900755882263184, energy_loss: 0.0
2026-08-26 08:02:26,474 INFO Best AUROC test all: 0.7996106631366349, AUPR test all: 0.6660178247862251, AUROC test unknown: 0.7816016562905974, AUPR test unknown: 0.6138274401043845
2026-08-26 08:02:38,114 INFO Epoch: 46, loss: -0.15108558535575867, labeled_loss: 0.0462416410446167, unnlabeled_loss: 0.003276634495705366, mixup_loss: -1.9896552562713623, energy_loss: 0.0
2026-08-26 08:02:38,114 INFO Best AUROC test all: 0.8009363016631657, AUPR test all: 0.66692534284635, AUROC test unknown: 0.7830755983655873, AUPR test unknown: 0.6149048520260236
2026-08-26 08:02:49,685 INFO Epoch: 47, loss: -0.15322795510292053, labeled_loss: 0.044487204402685165, unnlabeled_loss: 0.003154841484501958, mixup_loss: -1.992925763130188, energy_loss: 0.0
2026-08-26 08:02:49,685 INFO Best AUROC test all: 0.8009647455254042, AUPR test all: 0.6684634758872132, AUROC test unknown: 0.7830755983655873, AUPR test unknown: 0.6164226815954348
2026-08-26 08:03:01,188 INFO Epoch: 48, loss: -0.15304550528526306, labeled_loss: 0.04494025930762291, unnlabeled_loss: 0.002521371701732278, mixup_loss: -1.992464542388916, energy_loss: 0.0
2026-08-26 08:03:01,188 INFO Best AUROC test all: 0.8009647455254042, AUPR test all: 0.669088547468753, AUROC test unknown: 0.7830755983655873, AUPR test unknown: 0.6171738508465926
2026-08-26 08:03:12,717 INFO Epoch: 49, loss: -0.15407846868038177, labeled_loss: 0.04427196457982063, unnlabeled_loss: 0.0020526235457509756, mixup_loss: -1.993767499923706, energy_loss: 0.0
2026-08-26 08:03:12,717 INFO Best AUROC test all: 0.8025734060007166, AUPR test all: 0.6712461235191143, AUROC test unknown: 0.7848159479187731, AUPR test unknown: 0.6199131683732959
2026-08-26 08:03:24,277 INFO Epoch: 50, loss: -0.15674011409282684, labeled_loss: 0.04148290678858757, unnlabeled_loss: 0.001763969543389976, mixup_loss: -1.991050124168396, energy_loss: 0.0
2026-08-26 08:03:24,277 INFO Best AUROC test all: 0.8051805637900986, AUPR test all: 0.6735083983687511, AUROC test unknown: 0.7876042244241646, AUPR test unknown: 0.6221333544193896
2026-08-26 08:03:35,889 INFO Epoch: 51, loss: -0.15764224529266357, labeled_loss: 0.040634289383888245, unnlabeled_loss: 0.0018083342583850026, mixup_loss: -1.991806983947754, energy_loss: 0.0
2026-08-26 08:03:35,889 INFO Best AUROC test all: 0.8066603805608463, AUPR test all: 0.675342284820998, AUROC test unknown: 0.7891447031367058, AUPR test unknown: 0.6241454264894242
2026-08-26 08:03:47,463 INFO Epoch: 52, loss: -0.15646032989025116, labeled_loss: 0.041914135217666626, unnlabeled_loss: 0.0016321049770340323, mixup_loss: -1.9919050931930542, energy_loss: 0.0
2026-08-26 08:03:47,463 INFO Best AUROC test all: 0.8080717370396213, AUPR test all: 0.6775366361382881, AUROC test unknown: 0.7908208041901021, AUPR test unknown: 0.6271620139466435
2026-08-26 08:03:58,961 INFO Epoch: 53, loss: -0.1585320085287094, labeled_loss: 0.04013798385858536, unnlabeled_loss: 0.0015100688906386495, mixup_loss: -1.9942501783370972, energy_loss: 0.0
2026-08-26 08:03:58,961 INFO Best AUROC test all: 0.8080717370396213, AUPR test all: 0.6775366361382881, AUROC test unknown: 0.7908208041901021, AUPR test unknown: 0.6271620139466435
2026-08-26 08:04:10,461 INFO Epoch: 54, loss: -0.16048777103424072, labeled_loss: 0.03809396177530289, unnlabeled_loss: 0.001329442486166954, mixup_loss: -1.9924644231796265, energy_loss: 0.0
2026-08-26 08:04:10,461 INFO Best AUROC test all: 0.8080717370396213, AUPR test all: 0.6775366361382881, AUROC test unknown: 0.7908208041901021, AUPR test unknown: 0.6271620139466435
2026-08-26 08:04:22,051 INFO Epoch: 55, loss: -0.16036823391914368, labeled_loss: 0.038415104150772095, unnlabeled_loss: 0.0012040161527693272, mixup_loss: -1.9938534498214722, energy_loss: 0.0
2026-08-26 08:04:22,051 INFO Best AUROC test all: 0.8080717370396213, AUPR test all: 0.6775366361382881, AUROC test unknown: 0.7908208041901021, AUPR test unknown: 0.6271620139466435
2026-08-26 08:04:33,644 INFO Epoch: 56, loss: -0.16400697827339172, labeled_loss: 0.034855589270591736, unnlabeled_loss: 0.00108454586006701, mixup_loss: -1.9940483570098877, energy_loss: 0.0
2026-08-26 08:04:33,644 INFO Best AUROC test all: 0.8080717370396213, AUPR test all: 0.6814060297079984, AUROC test unknown: 0.7908208041901021, AUPR test unknown: 0.6317810579886147
2026-08-26 08:04:45,173 INFO Epoch: 57, loss: -0.1668270379304886, labeled_loss: 0.03208709508180618, unnlabeled_loss: 0.0011417517671361566, mixup_loss: -1.9948500394821167, energy_loss: 0.0
2026-08-26 08:04:45,173 INFO Best AUROC test all: 0.80923345539111, AUPR test all: 0.681597375529368, AUROC test unknown: 0.7920660428815081, AUPR test unknown: 0.6317810579886147
2026-08-26 08:04:56,667 INFO Epoch: 58, loss: -0.1685866415500641, labeled_loss: 0.030093535780906677, unnlabeled_loss: 0.0011635859264060855, mixup_loss: -1.9926196336746216, energy_loss: 0.0
2026-08-26 08:04:56,667 INFO Best AUROC test all: 0.8106825285048068, AUPR test all: 0.6833825786327501, AUROC test unknown: 0.793598412754963, AUPR test unknown: 0.6333894366568453
2026-08-26 08:05:08,353 INFO Epoch: 59, loss: -0.17154201865196228, labeled_loss: 0.027438897639513016, unnlabeled_loss: 0.001091384096071124, mixup_loss: -1.995266079902649, energy_loss: 0.0
2026-08-26 08:05:08,353 INFO Best AUROC test all: 0.8106825285048068, AUPR test all: 0.6833825786327501, AUROC test unknown: 0.793598412754963, AUPR test unknown: 0.6333894366568453
2026-08-26 08:05:20,099 INFO Epoch: 60, loss: -0.1738046109676361, labeled_loss: 0.024823101237416267, unnlabeled_loss: 0.001837402582168579, mixup_loss: -1.9954640865325928, energy_loss: 0.0
2026-08-26 08:05:20,099 INFO Best AUROC test all: 0.8118244318241925, AUPR test all: 0.6847640575985362, AUROC test unknown: 0.7948086068101201, AUPR test unknown: 0.6351433326845213
2026-08-26 08:05:31,587 INFO Epoch: 61, loss: -0.17722228169441223, labeled_loss: 0.02126411162316799, unnlabeled_loss: 0.0020393957383930683, mixup_loss: -1.995060920715332, energy_loss: 0.0
2026-08-26 08:05:31,587 INFO Best AUROC test all: 0.8125267339647957, AUPR test all: 0.6861963361144476, AUROC test unknown: 0.7956077088164054, AUPR test unknown: 0.636803286347392
2026-08-26 08:05:43,207 INFO Epoch: 62, loss: -0.18000128865242004, labeled_loss: 0.018949367105960846, unnlabeled_loss: 0.0010890463599935174, mixup_loss: -1.994951844215393, energy_loss: 0.0
2026-08-26 08:05:43,207 INFO Best AUROC test all: 0.8125267339647957, AUPR test all: 0.6861963361144476, AUROC test unknown: 0.7956077088164054, AUPR test unknown: 0.636803286347392
2026-08-26 08:05:54,747 INFO Epoch: 63, loss: -0.1836763620376587, labeled_loss: 0.015363029204308987, unnlabeled_loss: 0.0009344530990347266, mixup_loss: -1.9950661659240723, energy_loss: 0.0
2026-08-26 08:05:54,747 INFO Best AUROC test all: 0.8125267339647957, AUPR test all: 0.6861963361144476, AUROC test unknown: 0.7956077088164054, AUPR test unknown: 0.636803286347392
2026-08-26 08:06:06,304 INFO Epoch: 64, loss: -0.18573345243930817, labeled_loss: 0.012742155231535435, unnlabeled_loss: 0.0019373773830011487, mixup_loss: -1.9944429397583008, energy_loss: 0.0
2026-08-26 08:06:06,304 INFO Best AUROC test all: 0.8136106272598358, AUPR test all: 0.6891518899721724, AUROC test unknown: 0.7967461075314355, AUPR test unknown: 0.6401706612740452
2026-08-26 08:06:17,788 INFO Epoch: 65, loss: -0.183522567152977, labeled_loss: 0.010525025427341461, unnlabeled_loss: 0.010939670726656914, mixup_loss: -1.9951742887496948, energy_loss: 0.0
2026-08-26 08:06:17,788 INFO Best AUROC test all: 0.8144147091196523, AUPR test all: 0.6898244979868818, AUROC test unknown: 0.7976837623006221, AUPR test unknown: 0.6408545955148479
2026-08-26 08:06:29,354 INFO Epoch: 66, loss: -0.18669886887073517, labeled_loss: 0.008804606273770332, unnlabeled_loss: 0.007847405970096588, mixup_loss: -1.9942716360092163, energy_loss: 0.0
2026-08-26 08:06:29,354 INFO Best AUROC test all: 0.8144147091196523, AUPR test all: 0.6914004930474416, AUROC test unknown: 0.7976837623006221, AUPR test unknown: 0.6427602995561756
2026-08-26 08:06:40,891 INFO Epoch: 67, loss: -0.19152115285396576, labeled_loss: 0.006315744947642088, unnlabeled_loss: 0.003331251908093691, mixup_loss: -1.9950252771377563, energy_loss: 0.0
2026-08-26 08:06:40,891 INFO Best AUROC test all: 0.8162673318286543, AUPR test all: 0.6936753777897051, AUROC test unknown: 0.7996017034583496, AUPR test unknown: 0.6451981653098897
2026-08-26 08:06:52,526 INFO Epoch: 68, loss: -0.14942751824855804, labeled_loss: 0.005276673939079046, unnlabeled_loss: 0.08965058624744415, mixup_loss: -1.9952948093414307, energy_loss: 0.0
2026-08-26 08:06:52,526 INFO Best AUROC test all: 0.8200087944153625, AUPR test all: 0.6983231013791186, AUROC test unknown: 0.803785703855763, AUPR test unknown: 0.6506673040689055
2026-08-26 08:07:04,160 INFO Epoch: 69, loss: -0.16860422492027283, labeled_loss: 0.0036588783841580153, unnlabeled_loss: 0.054157555103302, mixup_loss: -1.9934186935424805, energy_loss: 0.0
2026-08-26 08:07:04,160 INFO Best AUROC test all: 0.8248294311181557, AUPR test all: 0.7072839331421383, AUROC test unknown: 0.8090374215898845, AUPR test unknown: 0.6610891608941633
2026-08-26 08:07:15,720 INFO Epoch: 70, loss: -0.15395939350128174, labeled_loss: 0.004120234865695238, unnlabeled_loss: 0.08300269395112991, mixup_loss: -1.9958096742630005, energy_loss: 0.0
2026-08-26 08:07:15,721 INFO Best AUROC test all: 0.8313582358182002, AUPR test all: 0.7159212701561926, AUROC test unknown: 0.8160978720820597, AUPR test unknown: 0.6706815297451966
2026-08-26 08:07:27,274 INFO Epoch: 71, loss: -0.16263291239738464, labeled_loss: 0.00404346501454711, unnlabeled_loss: 0.06584783643484116, mixup_loss: -1.9960029125213623, energy_loss: 0.0
2026-08-26 08:07:27,274 INFO Best AUROC test all: 0.8402744115170045, AUPR test all: 0.7315845465326598, AUROC test unknown: 0.8258817685097047, AUPR test unknown: 0.6887547524764972
2026-08-26 08:07:38,819 INFO Epoch: 72, loss: -0.17474249005317688, labeled_loss: 0.010845132172107697, unnlabeled_loss: 0.027969151735305786, mixup_loss: -1.9957218170166016, energy_loss: 0.0
2026-08-26 08:07:38,819 INFO Best AUROC test all: 0.8503984026545153, AUPR test all: 0.7447658560730364, AUROC test unknown: 0.8368344015491095, AUPR test unknown: 0.7036501896004759
2026-08-26 08:07:50,401 INFO Epoch: 73, loss: -0.13780227303504944, labeled_loss: 0.014614827930927277, unnlabeled_loss: 0.09448276460170746, mixup_loss: -1.9965847730636597, energy_loss: 0.0
2026-08-26 08:07:50,401 INFO Best AUROC test all: 0.858607317855101, AUPR test all: 0.7540652243058081, AUROC test unknown: 0.8457833585145568, AUPR test unknown: 0.7140759467113007
2026-08-26 08:08:02,011 INFO Epoch: 74, loss: -0.12493767589330673, labeled_loss: 0.017400110140442848, unnlabeled_loss: 0.11463939398527145, mixup_loss: -1.996574878692627, energy_loss: 0.0
2026-08-26 08:08:02,012 INFO Best AUROC test all: 0.8638117995112475, AUPR test all: 0.7610871175335496, AUROC test unknown: 0.8514695313883829, AUPR test unknown: 0.7223652806614089
2026-08-26 08:08:13,612 INFO Epoch: 75, loss: -0.13560223579406738, labeled_loss: 0.021510004997253418, unnlabeled_loss: 0.08524034172296524, mixup_loss: -1.997323989868164, energy_loss: 0.0
2026-08-26 08:08:13,612 INFO Best AUROC test all: 0.8663781957373764, AUPR test all: 0.7631835753546596, AUROC test unknown: 0.8542644615575294, AUPR test unknown: 0.7245512356929753
2026-08-26 08:08:25,214 INFO Epoch: 76, loss: -0.14654108881950378, labeled_loss: 0.015309328213334084, unnlabeled_loss: 0.07558327168226242, mixup_loss: -1.9964206218719482, energy_loss: 0.0
2026-08-26 08:08:25,214 INFO Best AUROC test all: 0.8663781957373764, AUPR test all: 0.7631835753546596, AUROC test unknown: 0.8542644615575294, AUPR test unknown: 0.7245512356929753
2026-08-26 08:08:36,764 INFO Epoch: 77, loss: -0.18959173560142517, labeled_loss: 0.004539953079074621, unnlabeled_loss: 0.011087674647569656, mixup_loss: -1.9967552423477173, energy_loss: 0.0
2026-08-26 08:08:36,764 INFO Best AUROC test all: 0.8663781957373764, AUPR test all: 0.7631835753546596, AUROC test unknown: 0.8542644615575294, AUPR test unknown: 0.7245512356929753
2026-08-26 08:08:48,290 INFO Epoch: 78, loss: -0.18610058724880219, labeled_loss: 0.002422021236270666, unnlabeled_loss: 0.022435007616877556, mixup_loss: -1.9974011182785034, energy_loss: 0.0
2026-08-26 08:08:48,290 INFO Best AUROC test all: 0.8663781957373764, AUPR test all: 0.7631835753546596, AUROC test unknown: 0.8542644615575294, AUPR test unknown: 0.7245512356929753
2026-08-26 08:08:59,798 INFO Epoch: 79, loss: -0.08102873712778091, labeled_loss: 0.006429457571357489, unnlabeled_loss: 0.2243584394454956, mixup_loss: -1.9963741302490234, energy_loss: 0.0
2026-08-26 08:08:59,798 INFO Best AUROC test all: 0.8663781957373764, AUPR test all: 0.7631835753546596, AUROC test unknown: 0.8542644615575294, AUPR test unknown: 0.7245512356929753
2026-08-26 08:09:11,499 INFO Epoch: 80, loss: -0.12084179371595383, labeled_loss: 0.0035769029054790735, unnlabeled_loss: 0.15051178634166718, mixup_loss: -1.9967458248138428, energy_loss: 0.0
2026-08-26 08:09:11,499 INFO Best AUROC test all: 0.8785766385923048, AUPR test all: 0.7732996544856356, AUROC test unknown: 0.8676270255162486, AUPR test unknown: 0.735752566440632
2026-08-26 08:09:23,107 INFO Epoch: 81, loss: -0.16383790969848633, labeled_loss: 0.0024171113036572933, unnlabeled_loss: 0.06692307442426682, mixup_loss: -1.9971654415130615, energy_loss: 0.0
2026-08-26 08:09:23,107 INFO Best AUROC test all: 0.8907637480583983, AUPR test all: 0.7903636195116771, AUROC test unknown: 0.8808800599331524, AUPR test unknown: 0.7553320305641014
2026-08-26 08:09:34,701 INFO Epoch: 82, loss: -0.15004384517669678, labeled_loss: 0.007179143372923136, unnlabeled_loss: 0.08498304337263107, mixup_loss: -1.9971450567245483, energy_loss: 0.0
2026-08-26 08:09:34,701 INFO Best AUROC test all: 0.9089877177158254, AUPR test all: 0.8172371009496571, AUROC test unknown: 0.9007356262547751, AUPR test unknown: 0.7860296125252704
2026-08-26 08:09:46,341 INFO Epoch: 83, loss: -0.15744906663894653, labeled_loss: 0.01039104349911213, unnlabeled_loss: 0.06375032663345337, mixup_loss: -1.9971526861190796, energy_loss: 0.0
2026-08-26 08:09:46,341 INFO Best AUROC test all: 0.9191568584250912, AUPR test all: 0.8318442215539388, AUROC test unknown: 0.9118236407784285, AUPR test unknown: 0.8023974314968976
2026-08-26 08:09:57,991 INFO Epoch: 84, loss: -0.15447194874286652, labeled_loss: 0.019464632496237755, unnlabeled_loss: 0.0515182726085186, mixup_loss: -1.9969571828842163, energy_loss: 0.0
2026-08-26 08:09:57,991 INFO Best AUROC test all: 0.9191568584250912, AUPR test all: 0.8318442215539388, AUROC test unknown: 0.9118236407784285, AUPR test unknown: 0.8023974314968976
2026-08-26 08:10:09,568 INFO Epoch: 85, loss: -0.1755993813276291, labeled_loss: 0.010921931825578213, unnlabeled_loss: 0.026437681168317795, mixup_loss: -1.9974015951156616, energy_loss: 0.0
2026-08-26 08:10:09,568 INFO Best AUROC test all: 0.9191568584250912, AUPR test all: 0.8318442215539388, AUROC test unknown: 0.9118236407784285, AUPR test unknown: 0.8023974314968976
2026-08-26 08:10:21,263 INFO Epoch: 86, loss: -0.1760856807231903, labeled_loss: 0.005065074190497398, unnlabeled_loss: 0.037168994545936584, mixup_loss: -1.9973524808883667, energy_loss: 0.0
2026-08-26 08:10:21,263 INFO Best AUROC test all: 0.9191568584250912, AUPR test all: 0.8318442215539388, AUROC test unknown: 0.9118236407784285, AUPR test unknown: 0.8023974314968976
2026-08-26 08:10:32,846 INFO Epoch: 87, loss: -0.1505763828754425, labeled_loss: 0.002532584359869361, unnlabeled_loss: 0.09327108412981033, mixup_loss: -1.9974451065063477, energy_loss: 0.0
2026-08-26 08:10:32,846 INFO Best AUROC test all: 0.9191568584250912, AUPR test all: 0.8318442215539388, AUROC test unknown: 0.9118236407784285, AUPR test unknown: 0.8023974314968976
2026-08-26 08:10:44,540 INFO Epoch: 88, loss: -0.19219711422920227, labeled_loss: 0.0018773649353533983, unnlabeled_loss: 0.011335614137351513, mixup_loss: -1.9974228143692017, energy_loss: 0.0
2026-08-26 08:10:44,541 INFO Best AUROC test all: 0.9191568584250912, AUPR test all: 0.8318442215539388, AUROC test unknown: 0.9118236407784285, AUPR test unknown: 0.8023974314968976
2026-08-26 08:10:56,030 INFO Epoch: 89, loss: -0.12625151872634888, labeled_loss: 0.0021985704079270363, unnlabeled_loss: 0.1425919085741043, mixup_loss: -1.9974603652954102, energy_loss: 0.0
2026-08-26 08:10:56,030 INFO Best AUROC test all: 0.9191568584250912, AUPR test all: 0.8318442215539388, AUROC test unknown: 0.9118236407784285, AUPR test unknown: 0.8023974314968976
2026-08-26 08:11:07,642 INFO Epoch: 90, loss: -0.17806334793567657, labeled_loss: 0.0011203252943232656, unnlabeled_loss: 0.040973588824272156, mixup_loss: -1.9967045783996582, energy_loss: 0.0
2026-08-26 08:11:07,642 INFO Best AUROC test all: 0.9191568584250912, AUPR test all: 0.8318442215539388, AUROC test unknown: 0.9118236407784285, AUPR test unknown: 0.8023974314968976
2026-08-26 08:11:19,200 INFO Epoch: 91, loss: -0.15109741687774658, labeled_loss: 0.0017368210246786475, unnlabeled_loss: 0.09368520230054855, mixup_loss: -1.9967683553695679, energy_loss: 0.0
2026-08-26 08:11:19,200 INFO Best AUROC test all: 0.9191568584250912, AUPR test all: 0.8318442215539388, AUROC test unknown: 0.9118236407784285, AUPR test unknown: 0.8023974314968976
2026-08-26 08:11:30,769 INFO Epoch: 92, loss: -0.16617225110530853, labeled_loss: 0.0014079707907512784, unnlabeled_loss: 0.06432114541530609, mixup_loss: -1.9974079132080078, energy_loss: 0.0
2026-08-26 08:11:30,770 INFO Best AUROC test all: 0.9191568584250912, AUPR test all: 0.8318442215539388, AUROC test unknown: 0.9118236407784285, AUPR test unknown: 0.8023974314968976
2026-08-26 08:11:42,279 INFO Epoch: 93, loss: -0.1387452781200409, labeled_loss: 0.0016231905901804566, unnlabeled_loss: 0.11876209825277328, mixup_loss: -1.997495174407959, energy_loss: 0.0
2026-08-26 08:11:42,279 INFO Best AUROC test all: 0.9191568584250912, AUPR test all: 0.8318442215539388, AUROC test unknown: 0.9118236407784285, AUPR test unknown: 0.8023974314968976
2026-08-26 08:11:53,818 INFO Epoch: 94, loss: -0.18969152867794037, labeled_loss: 0.0036670027766376734, unnlabeled_loss: 0.01280043926090002, mixup_loss: -1.9975875616073608, energy_loss: 0.0
2026-08-26 08:11:53,819 INFO Best AUROC test all: 0.9191568584250912, AUPR test all: 0.8318442215539388, AUROC test unknown: 0.9118236407784285, AUPR test unknown: 0.8023974314968976
2026-08-26 08:12:05,348 INFO Epoch: 95, loss: -0.15123069286346436, labeled_loss: 0.0018606932135298848, unnlabeled_loss: 0.09321366250514984, mixup_loss: -1.996982216835022, energy_loss: 0.0
2026-08-26 08:12:05,348 INFO Best AUROC test all: 0.92099016285767, AUPR test all: 0.8385469738232847, AUROC test unknown: 0.9138530985449753, AUPR test unknown: 0.8104399405634468
2026-08-26 08:12:16,863 INFO Epoch: 96, loss: -0.16192951798439026, labeled_loss: 0.0036795572377741337, unnlabeled_loss: 0.06830520927906036, mixup_loss: -1.9976168870925903, energy_loss: 0.0
2026-08-26 08:12:16,863 INFO Best AUROC test all: 0.9260354895136257, AUPR test all: 0.8473366785562219, AUROC test unknown: 0.9193336099839076, AUPR test unknown: 0.8204824091896927
2026-08-26 08:12:28,558 INFO Epoch: 97, loss: -0.14789217710494995, labeled_loss: 0.0046683549880981445, unnlabeled_loss: 0.09427094459533691, mixup_loss: -1.9969600439071655, energy_loss: 0.0
2026-08-26 08:12:28,558 INFO Best AUROC test all: 0.9306721334322553, AUPR test all: 0.8538582710360032, AUROC test unknown: 0.9245077518193454, AUPR test unknown: 0.8282877231234935
2026-08-26 08:12:40,065 INFO Epoch: 98, loss: -0.16596418619155884, labeled_loss: 0.0063561936840415, unnlabeled_loss: 0.05487031862139702, mixup_loss: -1.9975552558898926, energy_loss: 0.0
2026-08-26 08:12:40,065 INFO Best AUROC test all: 0.9332666055534524, AUPR test all: 0.8591811322460656, AUROC test unknown: 0.9272392764868255, AUPR test unknown: 0.8342123053676006
2026-08-26 08:12:51,680 INFO Epoch: 99, loss: -0.16120857000350952, labeled_loss: 0.00979863665997982, unnlabeled_loss: 0.05747330188751221, mixup_loss: -1.997438669204712, energy_loss: 0.0
2026-08-26 08:12:51,680 INFO Best AUROC test all: 0.9358369114307622, AUPR test all: 0.8637214411459382, AUROC test unknown: 0.930123614635451, AUPR test unknown: 0.8395644917736818
2026-08-26 08:13:03,283 INFO Epoch: 100, loss: -0.1695203185081482, labeled_loss: 0.0066419620998203754, unnlabeled_loss: 0.04720466583967209, mixup_loss: -1.9976460933685303, energy_loss: 0.0
2026-08-26 08:13:03,283 INFO Best AUROC test all: 0.9358369114307622, AUPR test all: 0.8637214411459382, AUROC test unknown: 0.930123614635451, AUPR test unknown: 0.8395644917736818
2026-08-26 08:13:14,885 INFO Epoch: 101, loss: -0.14858603477478027, labeled_loss: 0.004536998923867941, unnlabeled_loss: 0.0932948961853981, mixup_loss: -1.9977047443389893, energy_loss: 0.0
2026-08-26 08:13:14,885 INFO Best AUROC test all: 0.9358369114307622, AUPR test all: 0.8637214411459382, AUROC test unknown: 0.930123614635451, AUPR test unknown: 0.8395644917736818
2026-08-26 08:13:26,559 INFO Epoch: 102, loss: -0.16614767909049988, labeled_loss: 0.007694250904023647, unnlabeled_loss: 0.051905758678913116, mixup_loss: -1.997948169708252, energy_loss: 0.0
2026-08-26 08:13:26,560 INFO Best AUROC test all: 0.9358369114307622, AUPR test all: 0.8637214411459382, AUROC test unknown: 0.930123614635451, AUPR test unknown: 0.8395644917736818
2026-08-26 08:13:38,125 INFO Epoch: 103, loss: -0.1575659066438675, labeled_loss: 0.0038437964394688606, unnlabeled_loss: 0.07663390040397644, mixup_loss: -1.9972665309906006, energy_loss: 0.0
2026-08-26 08:13:38,125 INFO Best AUROC test all: 0.9358369114307622, AUPR test all: 0.8637214411459382, AUROC test unknown: 0.930123614635451, AUPR test unknown: 0.8395644917736818
2026-08-26 08:13:49,738 INFO Epoch: 104, loss: -0.1679202765226364, labeled_loss: 0.0026335373986512423, unnlabeled_loss: 0.05846415460109711, mixup_loss: -1.9978588819503784, energy_loss: 0.0
2026-08-26 08:13:49,738 INFO Best AUROC test all: 0.9358369114307622, AUPR test all: 0.8637214411459382, AUROC test unknown: 0.930123614635451, AUPR test unknown: 0.8395644917736818
2026-08-26 08:14:01,393 INFO Epoch: 105, loss: -0.17325568199157715, labeled_loss: 0.002062480663880706, unnlabeled_loss: 0.0488692969083786, mixup_loss: -1.997528076171875, energy_loss: 0.0
2026-08-26 08:14:01,393 INFO Best AUROC test all: 0.9358369114307622, AUPR test all: 0.8637214411459382, AUROC test unknown: 0.930123614635451, AUPR test unknown: 0.8395644917736818
2026-08-26 08:14:12,889 INFO Epoch: 106, loss: -0.15339383482933044, labeled_loss: 0.001670074532739818, unnlabeled_loss: 0.08938610553741455, mixup_loss: -1.9975696802139282, energy_loss: 0.0
2026-08-26 08:14:12,889 INFO Best AUROC test all: 0.9358369114307622, AUPR test all: 0.8637214411459382, AUROC test unknown: 0.930123614635451, AUPR test unknown: 0.8395644917736818
2026-08-26 08:14:24,428 INFO Epoch: 107, loss: -0.180597186088562, labeled_loss: 0.0019250441109761596, unnlabeled_loss: 0.034499261528253555, mixup_loss: -1.9977185726165771, energy_loss: 0.0
2026-08-26 08:14:24,429 INFO Best AUROC test all: 0.9358369114307622, AUPR test all: 0.8637214411459382, AUROC test unknown: 0.930123614635451, AUPR test unknown: 0.8395644917736818
2026-08-26 08:14:35,958 INFO Epoch: 108, loss: -0.1679820567369461, labeled_loss: 0.0019339729333296418, unnlabeled_loss: 0.05976034700870514, mixup_loss: -1.9979619979858398, energy_loss: 0.0
2026-08-26 08:14:35,958 INFO Best AUROC test all: 0.9358369114307622, AUPR test all: 0.8637214411459382, AUROC test unknown: 0.930123614635451, AUPR test unknown: 0.8395644917736818
2026-08-26 08:14:47,527 INFO Epoch: 109, loss: -0.1479800045490265, labeled_loss: 0.002177867107093334, unnlabeled_loss: 0.09916150569915771, mixup_loss: -1.9973862171173096, energy_loss: 0.0
2026-08-26 08:14:47,527 INFO Best AUROC test all: 0.9358369114307622, AUPR test all: 0.8637214411459382, AUROC test unknown: 0.930123614635451, AUPR test unknown: 0.8395644917736818
2026-08-26 08:14:59,099 INFO Epoch: 110, loss: -0.1594732105731964, labeled_loss: 0.0026069197338074446, unnlabeled_loss: 0.07540563493967056, mixup_loss: -1.997829556465149, energy_loss: 0.0
2026-08-26 08:14:59,099 INFO Best AUROC test all: 0.9358369114307622, AUPR test all: 0.8637214411459382, AUROC test unknown: 0.930123614635451, AUPR test unknown: 0.8395644917736818
2026-08-26 08:15:10,746 INFO Epoch: 111, loss: -0.18244224786758423, labeled_loss: 0.0031399892177432775, unnlabeled_loss: 0.028403956443071365, mixup_loss: -1.9978421926498413, energy_loss: 0.0
2026-08-26 08:15:10,746 INFO Best AUROC test all: 0.9358369114307622, AUPR test all: 0.8637214411459382, AUROC test unknown: 0.930123614635451, AUPR test unknown: 0.8395644917736818
2026-08-26 08:15:22,311 INFO Epoch: 112, loss: -0.1758761703968048, labeled_loss: 0.003224331187084317, unnlabeled_loss: 0.041413985192775726, mixup_loss: -1.9980748891830444, energy_loss: 0.0
2026-08-26 08:15:22,311 INFO Best AUROC test all: 0.9358369114307622, AUPR test all: 0.8637214411459382, AUROC test unknown: 0.930123614635451, AUPR test unknown: 0.8395644917736818
2026-08-26 08:15:33,955 INFO Epoch: 113, loss: -0.17353640496730804, labeled_loss: 0.0035565397702157497, unnlabeled_loss: 0.04538576304912567, mixup_loss: -1.9978582859039307, energy_loss: 0.0
2026-08-26 08:15:33,955 INFO Best AUROC test all: 0.9358369114307622, AUPR test all: 0.8637214411459382, AUROC test unknown: 0.930123614635451, AUPR test unknown: 0.8395644917736818
2026-08-26 08:15:45,514 INFO Epoch: 114, loss: -0.1546894758939743, labeled_loss: 0.002873760648071766, unnlabeled_loss: 0.08447331190109253, mixup_loss: -1.9979989528656006, energy_loss: 0.0
2026-08-26 08:15:45,514 INFO Best AUROC test all: 0.9358369114307622, AUPR test all: 0.8637214411459382, AUROC test unknown: 0.930123614635451, AUPR test unknown: 0.8395644917736818
2026-08-26 08:15:57,050 INFO Epoch: 115, loss: -0.17047350108623505, labeled_loss: 0.002926040906459093, unnlabeled_loss: 0.052781254053115845, mixup_loss: -1.9979016780853271, energy_loss: 0.0
2026-08-26 08:15:57,050 INFO Best AUROC test all: 0.9358369114307622, AUPR test all: 0.8637214411459382, AUROC test unknown: 0.930123614635451, AUPR test unknown: 0.8395644917736818
2026-08-26 08:16:08,607 INFO Epoch: 116, loss: -0.16623161733150482, labeled_loss: 0.004493745509535074, unnlabeled_loss: 0.05815880000591278, mixup_loss: -1.9980475902557373, energy_loss: 0.0
2026-08-26 08:16:08,607 INFO Best AUROC test all: 0.9358369114307622, AUPR test all: 0.8637214411459382, AUROC test unknown: 0.930123614635451, AUPR test unknown: 0.8395644917736818
2026-08-26 08:16:20,150 INFO Epoch: 117, loss: -0.18172338604927063, labeled_loss: 0.0032106060534715652, unnlabeled_loss: 0.02974460832774639, mixup_loss: -1.9980628490447998, energy_loss: 0.0
2026-08-26 08:16:20,150 INFO Best AUROC test all: 0.9358369114307622, AUPR test all: 0.8637214411459382, AUROC test unknown: 0.930123614635451, AUPR test unknown: 0.8395644917736818
2026-08-26 08:16:31,731 INFO Epoch: 118, loss: -0.14971530437469482, labeled_loss: 0.0021083387546241283, unnlabeled_loss: 0.09594675898551941, mixup_loss: -1.9979701042175293, energy_loss: 0.0
2026-08-26 08:16:31,731 INFO Best AUROC test all: 0.9358369114307622, AUPR test all: 0.8637214411459382, AUROC test unknown: 0.930123614635451, AUPR test unknown: 0.8395644917736818
2026-08-26 08:16:43,251 INFO Epoch: 119, loss: -0.1639876365661621, labeled_loss: 0.0025600679218769073, unnlabeled_loss: 0.06654153764247894, mixup_loss: -1.9981846809387207, energy_loss: 0.0
2026-08-26 08:16:43,251 INFO Best AUROC test all: 0.9358369114307622, AUPR test all: 0.8637214411459382, AUROC test unknown: 0.930123614635451, AUPR test unknown: 0.8395644917736818
2026-08-26 08:16:54,965 INFO Epoch: 120, loss: -0.16390979290008545, labeled_loss: 0.0021649005357176065, unnlabeled_loss: 0.0674605593085289, mixup_loss: -1.9980497360229492, energy_loss: 0.0
2026-08-26 08:16:54,965 INFO Best AUROC test all: 0.9358369114307622, AUPR test all: 0.8637214411459382, AUROC test unknown: 0.930123614635451, AUPR test unknown: 0.8395644917736818
2026-08-26 08:17:06,601 INFO Epoch: 121, loss: -0.17042969167232513, labeled_loss: 0.0020026357378810644, unnlabeled_loss: 0.054753635078668594, mixup_loss: -1.998091459274292, energy_loss: 0.0
2026-08-26 08:17:06,601 INFO Best AUROC test all: 0.9358369114307622, AUPR test all: 0.8637214411459382, AUROC test unknown: 0.930123614635451, AUPR test unknown: 0.8395644917736818
2026-08-26 08:17:18,125 INFO Epoch: 122, loss: -0.1646844744682312, labeled_loss: 0.0024526233319193125, unnlabeled_loss: 0.06535091251134872, mixup_loss: -1.998125433921814, energy_loss: 0.0
2026-08-26 08:17:18,125 INFO Best AUROC test all: 0.9358369114307622, AUPR test all: 0.8637214411459382, AUROC test unknown: 0.930123614635451, AUPR test unknown: 0.8395644917736818
2026-08-26 08:17:29,790 INFO Epoch: 123, loss: -0.17215362191200256, labeled_loss: 0.002734724199399352, unnlabeled_loss: 0.04983491078019142, mixup_loss: -1.9980579614639282, energy_loss: 0.0
2026-08-26 08:17:29,790 INFO Best AUROC test all: 0.9358369114307622, AUPR test all: 0.8637214411459382, AUROC test unknown: 0.930123614635451, AUPR test unknown: 0.8395644917736818
2026-08-26 08:17:41,396 INFO Epoch: 124, loss: -0.15239664912223816, labeled_loss: 0.00277755968272686, unnlabeled_loss: 0.08922065794467926, mixup_loss: -1.9978454113006592, energy_loss: 0.0
2026-08-26 08:17:41,396 INFO Best AUROC test all: 0.9358369114307622, AUPR test all: 0.8637214411459382, AUROC test unknown: 0.930123614635451, AUPR test unknown: 0.8395644917736818
2026-08-26 08:17:52,955 INFO Epoch: 125, loss: -0.17132529616355896, labeled_loss: 0.002406112151220441, unnlabeled_loss: 0.05208965390920639, mixup_loss: -1.9977623224258423, energy_loss: 0.0
2026-08-26 08:17:52,955 INFO Best AUROC test all: 0.9358369114307622, AUPR test all: 0.8637214411459382, AUROC test unknown: 0.930123614635451, AUPR test unknown: 0.8395644917736818
2026-08-26 08:18:04,670 INFO Epoch: 126, loss: -0.16332311928272247, labeled_loss: 0.00394824193790555, unnlabeled_loss: 0.06501602381467819, mixup_loss: -1.9977937936782837, energy_loss: 0.0
2026-08-26 08:18:04,670 INFO Best AUROC test all: 0.9358369114307622, AUPR test all: 0.8637214411459382, AUROC test unknown: 0.930123614635451, AUPR test unknown: 0.8395644917736818
2026-08-26 08:18:16,451 INFO Epoch: 127, loss: -0.16736778616905212, labeled_loss: 0.003035983070731163, unnlabeled_loss: 0.05876454710960388, mixup_loss: -1.9978605508804321, energy_loss: 0.0
2026-08-26 08:18:16,451 INFO Best AUROC test all: 0.9358369114307622, AUPR test all: 0.8637214411459382, AUROC test unknown: 0.930123614635451, AUPR test unknown: 0.8395644917736818
2026-08-26 08:18:28,055 INFO Epoch: 128, loss: -0.17292430996894836, labeled_loss: 0.007514051161706448, unnlabeled_loss: 0.038762904703617096, mixup_loss: -1.99819815158844, energy_loss: 0.0
2026-08-26 08:18:28,055 INFO Best AUROC test all: 0.9358369114307622, AUPR test all: 0.8637214411459382, AUROC test unknown: 0.930123614635451, AUPR test unknown: 0.8395644917736818
2026-08-26 08:18:39,650 INFO Epoch: 129, loss: -0.1761896312236786, labeled_loss: 0.0025373632088303566, unnlabeled_loss: 0.04215283691883087, mixup_loss: -1.998034119606018, energy_loss: 0.0
2026-08-26 08:18:39,650 INFO Best AUROC test all: 0.9358369114307622, AUPR test all: 0.8637214411459382, AUROC test unknown: 0.930123614635451, AUPR test unknown: 0.8395644917736818
2026-08-26 08:18:51,260 INFO Epoch: 130, loss: -0.16343046724796295, labeled_loss: 0.002687453757971525, unnlabeled_loss: 0.06744078546762466, mixup_loss: -1.9983830451965332, energy_loss: 0.0
2026-08-26 08:18:51,260 INFO Best AUROC test all: 0.9358369114307622, AUPR test all: 0.8637214411459382, AUROC test unknown: 0.930123614635451, AUPR test unknown: 0.8395644917736818
2026-08-26 08:19:02,924 INFO Epoch: 131, loss: -0.1624930500984192, labeled_loss: 0.010545380413532257, unnlabeled_loss: 0.05354754626750946, mixup_loss: -1.998121976852417, energy_loss: 0.0
2026-08-26 08:19:02,925 INFO Best AUROC test all: 0.9358369114307622, AUPR test all: 0.8637214411459382, AUROC test unknown: 0.930123614635451, AUPR test unknown: 0.8395644917736818
2026-08-26 08:19:14,588 INFO Epoch: 132, loss: -0.18288223445415497, labeled_loss: 0.0017846116097643971, unnlabeled_loss: 0.030188480392098427, mixup_loss: -1.9976109266281128, energy_loss: 0.0
2026-08-26 08:19:14,588 INFO Best AUROC test all: 0.9358369114307622, AUPR test all: 0.8637214411459382, AUROC test unknown: 0.930123614635451, AUPR test unknown: 0.8395644917736818
2026-08-26 08:19:26,172 INFO Epoch: 133, loss: -0.18586361408233643, labeled_loss: 0.00155066663865, unnlabeled_loss: 0.02471279166638851, mixup_loss: -1.9977067708969116, energy_loss: 0.0
2026-08-26 08:19:26,172 INFO Best AUROC test all: 0.9358369114307622, AUPR test all: 0.8637214411459382, AUROC test unknown: 0.930123614635451, AUPR test unknown: 0.8395644917736818
2026-08-26 08:19:37,768 INFO Epoch: 134, loss: -0.16609732806682587, labeled_loss: 0.0013200367102399468, unnlabeled_loss: 0.06474705040454865, mixup_loss: -1.9979089498519897, energy_loss: 0.0
2026-08-26 08:19:37,768 INFO Best AUROC test all: 0.9358369114307622, AUPR test all: 0.8637214411459382, AUROC test unknown: 0.930123614635451, AUPR test unknown: 0.8395644917736818
2026-08-26 08:19:49,544 INFO Epoch: 135, loss: -0.17271409928798676, labeled_loss: 0.0012874589301645756, unnlabeled_loss: 0.05167505890130997, mixup_loss: -1.998390793800354, energy_loss: 0.0
2026-08-26 08:19:49,544 INFO Best AUROC test all: 0.9358369114307622, AUPR test all: 0.8637214411459382, AUROC test unknown: 0.930123614635451, AUPR test unknown: 0.8395644917736818
2026-08-26 08:20:01,063 INFO Epoch: 136, loss: -0.18854866921901703, labeled_loss: 0.0018959647277370095, unnlabeled_loss: 0.018783679232001305, mixup_loss: -1.9983646869659424, energy_loss: 0.0
2026-08-26 08:20:01,063 INFO Best AUROC test all: 0.9358369114307622, AUPR test all: 0.8637214411459382, AUROC test unknown: 0.930123614635451, AUPR test unknown: 0.8395644917736818
2026-08-26 08:20:12,624 INFO Epoch: 137, loss: -0.17460881173610687, labeled_loss: 0.0011179122375324368, unnlabeled_loss: 0.04820258915424347, mixup_loss: -1.9982801675796509, energy_loss: 0.0
2026-08-26 08:20:12,625 INFO Best AUROC test all: 0.9358369114307622, AUPR test all: 0.8637214411459382, AUROC test unknown: 0.930123614635451, AUPR test unknown: 0.8395644917736818
2026-08-26 08:20:24,163 INFO Epoch: 138, loss: -0.18518060445785522, labeled_loss: 0.0014673644909635186, unnlabeled_loss: 0.026274506002664566, mixup_loss: -1.997852087020874, energy_loss: 0.0
2026-08-26 08:20:24,163 INFO Best AUROC test all: 0.9358369114307622, AUPR test all: 0.8637214411459382, AUROC test unknown: 0.930123614635451, AUPR test unknown: 0.8395644917736818
2026-08-26 08:20:35,875 INFO Epoch: 139, loss: -0.18407374620437622, labeled_loss: 0.0011861318489536643, unnlabeled_loss: 0.029111340641975403, mixup_loss: -1.9981555938720703, energy_loss: 0.0
2026-08-26 08:20:35,875 INFO Best AUROC test all: 0.9358369114307622, AUPR test all: 0.8637214411459382, AUROC test unknown: 0.930123614635451, AUPR test unknown: 0.8395644917736818
2026-08-26 08:20:47,586 INFO Epoch: 140, loss: -0.1876198798418045, labeled_loss: 0.001419559703208506, unnlabeled_loss: 0.021530255675315857, mixup_loss: -1.9980456829071045, energy_loss: 0.0
2026-08-26 08:20:47,586 INFO Best AUROC test all: 0.9358369114307622, AUPR test all: 0.8637214411459382, AUROC test unknown: 0.930123614635451, AUPR test unknown: 0.8395644917736818
2026-08-26 08:20:59,224 INFO Epoch: 141, loss: -0.18316176533699036, labeled_loss: 0.0012528432998806238, unnlabeled_loss: 0.030726207420229912, mixup_loss: -1.997776985168457, energy_loss: 0.0
2026-08-26 08:20:59,224 INFO Best AUROC test all: 0.9358369114307622, AUPR test all: 0.8637214411459382, AUROC test unknown: 0.930123614635451, AUPR test unknown: 0.8395644917736818
2026-08-26 08:21:10,849 INFO Epoch: 142, loss: -0.18040642142295837, labeled_loss: 0.0015034668613225222, unnlabeled_loss: 0.03574974462389946, mixup_loss: -1.997847557067871, energy_loss: 0.0
2026-08-26 08:21:10,849 INFO Best AUROC test all: 0.9358369114307622, AUPR test all: 0.8637214411459382, AUROC test unknown: 0.930123614635451, AUPR test unknown: 0.8395644917736818
2026-08-26 08:21:22,485 INFO Epoch: 143, loss: -0.15370303392410278, labeled_loss: 0.001219567726366222, unnlabeled_loss: 0.08980979025363922, mixup_loss: -1.9982749223709106, energy_loss: 0.0
2026-08-26 08:21:22,485 INFO Best AUROC test all: 0.9358369114307622, AUPR test all: 0.8637214411459382, AUROC test unknown: 0.930123614635451, AUPR test unknown: 0.8395644917736818
2026-08-26 08:21:34,117 INFO Epoch: 144, loss: -0.17837394773960114, labeled_loss: 0.0017815092578530312, unnlabeled_loss: 0.03937402740120888, mixup_loss: -1.9984246492385864, energy_loss: 0.0
2026-08-26 08:21:34,117 INFO Best AUROC test all: 0.9358369114307622, AUPR test all: 0.8637214411459382, AUROC test unknown: 0.930123614635451, AUPR test unknown: 0.8395644917736818
2026-08-26 08:21:45,716 INFO Epoch: 145, loss: -0.17271976172924042, labeled_loss: 0.001409179181791842, unnlabeled_loss: 0.05137617886066437, mixup_loss: -1.998170256614685, energy_loss: 0.0
2026-08-26 08:21:45,716 INFO Best AUROC test all: 0.9358369114307622, AUPR test all: 0.8637214411459382, AUROC test unknown: 0.930123614635451, AUPR test unknown: 0.8395644917736818
2026-08-26 08:21:57,316 INFO Epoch: 146, loss: -0.18309251964092255, labeled_loss: 0.0016616078792139888, unnlabeled_loss: 0.030187124386429787, mixup_loss: -1.9984768629074097, energy_loss: 0.0
2026-08-26 08:21:57,316 INFO Best AUROC test all: 0.9358369114307622, AUPR test all: 0.8637214411459382, AUROC test unknown: 0.930123614635451, AUPR test unknown: 0.8395644917736818
2026-08-26 08:22:08,887 INFO Epoch: 147, loss: -0.1756865382194519, labeled_loss: 0.0017588230548426509, unnlabeled_loss: 0.04480324313044548, mixup_loss: -1.9984698295593262, energy_loss: 0.0
2026-08-26 08:22:08,887 INFO Best AUROC test all: 0.9358369114307622, AUPR test all: 0.8637214411459382, AUROC test unknown: 0.930123614635451, AUPR test unknown: 0.8395644917736818
2026-08-26 08:22:20,449 INFO Epoch: 148, loss: -0.16965831816196442, labeled_loss: 0.0029254816472530365, unnlabeled_loss: 0.05448538064956665, mixup_loss: -1.9982649087905884, energy_loss: 0.0
2026-08-26 08:22:20,449 INFO Best AUROC test all: 0.9358369114307622, AUPR test all: 0.8637214411459382, AUROC test unknown: 0.930123614635451, AUPR test unknown: 0.8395644917736818
2026-08-26 08:22:32,130 INFO Epoch: 149, loss: -0.1689015030860901, labeled_loss: 0.0025086861569434404, unnlabeled_loss: 0.05683717504143715, mixup_loss: -1.9982876777648926, energy_loss: 0.0
2026-08-26 08:22:32,130 INFO Best AUROC test all: 0.9358369114307622, AUPR test all: 0.8637214411459382, AUROC test unknown: 0.930123614635451, AUPR test unknown: 0.8395644917736818
2026-08-26 08:22:43,768 INFO Epoch: 150, loss: -0.18731258809566498, labeled_loss: 0.0037556795869022608, unnlabeled_loss: 0.017538033425807953, mixup_loss: -1.9983727931976318, energy_loss: 0.0
2026-08-26 08:22:43,768 INFO Best AUROC test all: 0.9358369114307622, AUPR test all: 0.8637214411459382, AUROC test unknown: 0.930123614635451, AUPR test unknown: 0.8395644917736818
2026-08-26 08:22:55,331 INFO Epoch: 151, loss: -0.1853736788034439, labeled_loss: 0.0037792017683386803, unnlabeled_loss: 0.02141343057155609, mixup_loss: -1.9985958337783813, energy_loss: 0.0
2026-08-26 08:22:55,331 INFO Best AUROC test all: 0.9358369114307622, AUPR test all: 0.8637214411459382, AUROC test unknown: 0.930123614635451, AUPR test unknown: 0.8395644917736818
2026-08-26 08:23:07,199 INFO Epoch: 152, loss: -0.18419702351093292, labeled_loss: 0.002627332927659154, unnlabeled_loss: 0.02599629946053028, mixup_loss: -1.9982249736785889, energy_loss: 0.0
2026-08-26 08:23:07,199 INFO Best AUROC test all: 0.9358369114307622, AUPR test all: 0.8637214411459382, AUROC test unknown: 0.930123614635451, AUPR test unknown: 0.8395644917736818
2026-08-26 08:23:18,702 INFO Epoch: 153, loss: -0.16937267780303955, labeled_loss: 0.002075113356113434, unnlabeled_loss: 0.05680388584733009, mixup_loss: -1.9984973669052124, energy_loss: 0.0
2026-08-26 08:23:18,702 INFO Best AUROC test all: 0.9358369114307622, AUPR test all: 0.8637214411459382, AUROC test unknown: 0.930123614635451, AUPR test unknown: 0.8395644917736818
2026-08-26 08:23:30,262 INFO Epoch: 154, loss: -0.18146952986717224, labeled_loss: 0.0014004651457071304, unnlabeled_loss: 0.03395787999033928, mixup_loss: -1.998489260673523, energy_loss: 0.0
2026-08-26 08:23:30,262 INFO Best AUROC test all: 0.9358369114307622, AUPR test all: 0.8637214411459382, AUROC test unknown: 0.930123614635451, AUPR test unknown: 0.8395644917736818
2026-08-26 08:23:41,799 INFO Epoch: 155, loss: -0.1905892789363861, labeled_loss: 0.001474982127547264, unnlabeled_loss: 0.015568876639008522, mixup_loss: -1.9984869956970215, energy_loss: 0.0
2026-08-26 08:23:41,799 INFO Best AUROC test all: 0.9358369114307622, AUPR test all: 0.8637214411459382, AUROC test unknown: 0.930123614635451, AUPR test unknown: 0.8395644917736818
2026-08-26 08:23:53,295 INFO Epoch: 156, loss: -0.16842885315418243, labeled_loss: 0.001594984787516296, unnlabeled_loss: 0.05970526114106178, mixup_loss: -1.9987646341323853, energy_loss: 0.0
2026-08-26 08:23:53,295 INFO Best AUROC test all: 0.9358369114307622, AUPR test all: 0.8637214411459382, AUROC test unknown: 0.930123614635451, AUPR test unknown: 0.8395644917736818
2026-08-26 08:24:04,799 INFO Epoch: 157, loss: -0.19008663296699524, labeled_loss: 0.0010710358619689941, unnlabeled_loss: 0.017335569486021996, mixup_loss: -1.9982545375823975, energy_loss: 0.0
2026-08-26 08:24:04,799 INFO Best AUROC test all: 0.9358369114307622, AUPR test all: 0.8637214411459382, AUROC test unknown: 0.930123614635451, AUPR test unknown: 0.8395644917736818
2026-08-26 08:24:16,365 INFO Epoch: 158, loss: -0.18911431729793549, labeled_loss: 0.000837214756757021, unnlabeled_loss: 0.01979747973382473, mixup_loss: -1.9985027313232422, energy_loss: 0.0
2026-08-26 08:24:16,365 INFO Best AUROC test all: 0.9358369114307622, AUPR test all: 0.8637214411459382, AUROC test unknown: 0.930123614635451, AUPR test unknown: 0.8395644917736818
2026-08-26 08:24:27,867 INFO Epoch: 159, loss: -0.17936620116233826, labeled_loss: 0.0007961121154949069, unnlabeled_loss: 0.03937811776995659, mixup_loss: -1.9985136985778809, energy_loss: 0.0
2026-08-26 08:24:27,867 INFO Best AUROC test all: 0.9358369114307622, AUPR test all: 0.8637214411459382, AUROC test unknown: 0.930123614635451, AUPR test unknown: 0.8395644917736818
2026-08-26 08:24:39,528 INFO Epoch: 160, loss: -0.19528828561306, labeled_loss: 0.0006148060783743858, unnlabeled_loss: 0.007912975735962391, mixup_loss: -1.9985957145690918, energy_loss: 0.0
2026-08-26 08:24:39,528 INFO Best AUROC test all: 0.9358369114307622, AUPR test all: 0.8637214411459382, AUROC test unknown: 0.930123614635451, AUPR test unknown: 0.8395644917736818
2026-08-26 08:24:51,079 INFO Epoch: 161, loss: -0.17291884124279022, labeled_loss: 0.0006083432817831635, unnlabeled_loss: 0.0525759682059288, mixup_loss: -1.9981516599655151, energy_loss: 0.0
2026-08-26 08:24:51,079 INFO Best AUROC test all: 0.9358369114307622, AUPR test all: 0.8637214411459382, AUROC test unknown: 0.930123614635451, AUPR test unknown: 0.8395644917736818
2026-08-26 08:25:02,646 INFO Epoch: 162, loss: -0.16937260329723358, labeled_loss: 0.0007561164675280452, unnlabeled_loss: 0.059386953711509705, mixup_loss: -1.99822199344635, energy_loss: 0.0
2026-08-26 08:25:02,646 INFO Best AUROC test all: 0.9358369114307622, AUPR test all: 0.8637214411459382, AUROC test unknown: 0.930123614635451, AUPR test unknown: 0.8395644917736818
2026-08-26 08:25:14,300 INFO Epoch: 163, loss: -0.15776211023330688, labeled_loss: 0.0008140755817294121, unnlabeled_loss: 0.08252082020044327, mixup_loss: -1.998365879058838, energy_loss: 0.0
2026-08-26 08:25:14,300 INFO Best AUROC test all: 0.9358369114307622, AUPR test all: 0.8637214411459382, AUROC test unknown: 0.930123614635451, AUPR test unknown: 0.8395644917736818
2026-08-26 08:25:25,879 INFO Epoch: 164, loss: -0.1697184145450592, labeled_loss: 0.0010397431906312704, unnlabeled_loss: 0.05818143114447594, mixup_loss: -1.9984886646270752, energy_loss: 0.0
2026-08-26 08:25:25,879 INFO Best AUROC test all: 0.9358369114307622, AUPR test all: 0.8637214411459382, AUROC test unknown: 0.930123614635451, AUPR test unknown: 0.8395644917736818
2026-08-26 08:25:37,563 INFO Epoch: 165, loss: -0.1707318276166916, labeled_loss: 0.0009516144054941833, unnlabeled_loss: 0.05635002627968788, mixup_loss: -1.998584508895874, energy_loss: 0.0
2026-08-26 08:25:37,564 INFO Best AUROC test all: 0.9358369114307622, AUPR test all: 0.8637214411459382, AUROC test unknown: 0.930123614635451, AUPR test unknown: 0.8395644917736818
2026-08-26 08:25:49,117 INFO Epoch: 166, loss: -0.18670369684696198, labeled_loss: 0.002539861248806119, unnlabeled_loss: 0.021211035549640656, mixup_loss: -1.9984906911849976, energy_loss: 0.0
2026-08-26 08:25:49,117 INFO Best AUROC test all: 0.9358369114307622, AUPR test all: 0.8637214411459382, AUROC test unknown: 0.930123614635451, AUPR test unknown: 0.8395644917736818
2026-08-26 08:26:00,763 INFO Epoch: 167, loss: -0.18627670407295227, labeled_loss: 0.0022340239956974983, unnlabeled_loss: 0.022696807980537415, mixup_loss: -1.9985911846160889, energy_loss: 0.0
2026-08-26 08:26:00,763 INFO Best AUROC test all: 0.9358369114307622, AUPR test all: 0.8637214411459382, AUROC test unknown: 0.930123614635451, AUPR test unknown: 0.8395644917736818
2026-08-26 08:26:12,317 INFO Epoch: 168, loss: -0.1761835664510727, labeled_loss: 0.0023793033324182034, unnlabeled_loss: 0.04257000610232353, mixup_loss: -1.9984787702560425, energy_loss: 0.0
2026-08-26 08:26:12,317 INFO Best AUROC test all: 0.9358369114307622, AUPR test all: 0.8637214411459382, AUROC test unknown: 0.930123614635451, AUPR test unknown: 0.8395644917736818
2026-08-26 08:26:23,921 INFO Epoch: 169, loss: -0.16546714305877686, labeled_loss: 0.002899934072047472, unnlabeled_loss: 0.06295359134674072, mixup_loss: -1.9984387159347534, energy_loss: 0.0
2026-08-26 08:26:23,921 INFO Best AUROC test all: 0.9358369114307622, AUPR test all: 0.8637214411459382, AUROC test unknown: 0.930123614635451, AUPR test unknown: 0.8395644917736818
2026-08-26 08:26:35,518 INFO Epoch: 170, loss: -0.16879212856292725, labeled_loss: 0.0023341174237430096, unnlabeled_loss: 0.05741727724671364, mixup_loss: -1.9983488321304321, energy_loss: 0.0
2026-08-26 08:26:35,518 INFO Best AUROC test all: 0.9358369114307622, AUPR test all: 0.8637214411459382, AUROC test unknown: 0.930123614635451, AUPR test unknown: 0.8395644917736818
2026-08-26 08:26:47,030 INFO Epoch: 171, loss: -0.1752520501613617, labeled_loss: 0.0018453089287504554, unnlabeled_loss: 0.04546789452433586, mixup_loss: -1.998313069343567, energy_loss: 0.0
2026-08-26 08:26:47,030 INFO Best AUROC test all: 0.9358369114307622, AUPR test all: 0.8637214411459382, AUROC test unknown: 0.930123614635451, AUPR test unknown: 0.8395644917736818
2026-08-26 08:26:58,710 INFO Epoch: 172, loss: -0.1697130650281906, labeled_loss: 0.0014684490161016583, unnlabeled_loss: 0.05735772103071213, mixup_loss: -1.9986038208007812, energy_loss: 0.0
2026-08-26 08:26:58,710 INFO Best AUROC test all: 0.9358369114307622, AUPR test all: 0.8637214411459382, AUROC test unknown: 0.930123614635451, AUPR test unknown: 0.8395644917736818
2026-08-26 08:27:10,409 INFO Epoch: 173, loss: -0.1742299646139145, labeled_loss: 0.005320216529071331, unnlabeled_loss: 0.04062384366989136, mixup_loss: -1.9986211061477661, energy_loss: 0.0
2026-08-26 08:27:10,410 INFO Best AUROC test all: 0.9358369114307622, AUPR test all: 0.8637214411459382, AUROC test unknown: 0.930123614635451, AUPR test unknown: 0.8395644917736818
2026-08-26 08:27:21,988 INFO Epoch: 174, loss: -0.17454023659229279, labeled_loss: 0.002149091335013509, unnlabeled_loss: 0.046273086220026016, mixup_loss: -1.9982587099075317, energy_loss: 0.0
2026-08-26 08:27:21,988 INFO Best AUROC test all: 0.9358369114307622, AUPR test all: 0.8637214411459382, AUROC test unknown: 0.930123614635451, AUPR test unknown: 0.8395644917736818
2026-08-26 08:27:33,590 INFO Epoch: 175, loss: -0.18857353925704956, labeled_loss: 0.001378592918626964, unnlabeled_loss: 0.019800879061222076, mixup_loss: -1.9985257387161255, energy_loss: 0.0
2026-08-26 08:27:33,590 INFO Best AUROC test all: 0.9358369114307622, AUPR test all: 0.8637214411459382, AUROC test unknown: 0.930123614635451, AUPR test unknown: 0.8395644917736818
2026-08-26 08:27:45,350 INFO Epoch: 176, loss: -0.15658468008041382, labeled_loss: 0.0007951203151606023, unnlabeled_loss: 0.08496929705142975, mixup_loss: -1.998644471168518, energy_loss: 0.0
2026-08-26 08:27:45,350 INFO Best AUROC test all: 0.9358369114307622, AUPR test all: 0.8637214411459382, AUROC test unknown: 0.930123614635451, AUPR test unknown: 0.8395644917736818
2026-08-26 08:27:57,040 INFO Epoch: 177, loss: -0.16947758197784424, labeled_loss: 0.0009041364537551999, unnlabeled_loss: 0.0589684322476387, mixup_loss: -1.998659372329712, energy_loss: 0.0
2026-08-26 08:27:57,040 INFO Best AUROC test all: 0.9358369114307622, AUPR test all: 0.8637214411459382, AUROC test unknown: 0.930123614635451, AUPR test unknown: 0.8395644917736818
2026-08-26 08:28:08,634 INFO Epoch: 178, loss: -0.1757601797580719, labeled_loss: 0.0010775302071124315, unnlabeled_loss: 0.046023230999708176, mixup_loss: -1.9984931945800781, energy_loss: 0.0
2026-08-26 08:28:08,634 INFO Best AUROC test all: 0.9358369114307622, AUPR test all: 0.8637214411459382, AUROC test unknown: 0.930123614635451, AUPR test unknown: 0.8395644917736818
2026-08-26 08:28:20,201 INFO Epoch: 179, loss: -0.1746802031993866, labeled_loss: 0.0014643259346485138, unnlabeled_loss: 0.04736790806055069, mixup_loss: -1.9982848167419434, energy_loss: 0.0
2026-08-26 08:28:20,202 INFO Best AUROC test all: 0.9358369114307622, AUPR test all: 0.8637214411459382, AUROC test unknown: 0.930123614635451, AUPR test unknown: 0.8395644917736818
2026-08-26 08:28:31,902 INFO Epoch: 180, loss: -0.17236855626106262, labeled_loss: 0.00174072221852839, unnlabeled_loss: 0.05147358775138855, mixup_loss: -1.9984607696533203, energy_loss: 0.0
2026-08-26 08:28:31,902 INFO Best AUROC test all: 0.9358369114307622, AUPR test all: 0.8637214411459382, AUROC test unknown: 0.930123614635451, AUPR test unknown: 0.8395644917736818
2026-08-26 08:28:43,466 INFO Epoch: 181, loss: -0.17133882641792297, labeled_loss: 0.002526735421270132, unnlabeled_loss: 0.05192757770419121, mixup_loss: -1.9982935190200806, energy_loss: 0.0
2026-08-26 08:28:43,466 INFO Best AUROC test all: 0.9358369114307622, AUPR test all: 0.8637214411459382, AUROC test unknown: 0.930123614635451, AUPR test unknown: 0.8395644917736818
2026-08-26 08:28:55,278 INFO Epoch: 182, loss: -0.17932085692882538, labeled_loss: 0.002747459104284644, unnlabeled_loss: 0.03558770567178726, mixup_loss: -1.9986215829849243, energy_loss: 0.0
2026-08-26 08:28:55,279 INFO Best AUROC test all: 0.9358369114307622, AUPR test all: 0.8637214411459382, AUROC test unknown: 0.930123614635451, AUPR test unknown: 0.8395644917736818
2026-08-26 08:29:06,826 INFO Epoch: 183, loss: -0.17176884412765503, labeled_loss: 0.0030028619803488255, unnlabeled_loss: 0.05020869895815849, mixup_loss: -1.9987605810165405, energy_loss: 0.0
2026-08-26 08:29:06,826 INFO Best AUROC test all: 0.9358369114307622, AUPR test all: 0.8637214411459382, AUROC test unknown: 0.930123614635451, AUPR test unknown: 0.8395644917736818
2026-08-26 08:29:18,434 INFO Epoch: 184, loss: -0.17814743518829346, labeled_loss: 0.002716965973377228, unnlabeled_loss: 0.03804191201925278, mixup_loss: -1.9988534450531006, energy_loss: 0.0
2026-08-26 08:29:18,434 INFO Best AUROC test all: 0.9358369114307622, AUPR test all: 0.8637214411459382, AUROC test unknown: 0.930123614635451, AUPR test unknown: 0.8395644917736818
2026-08-26 08:29:29,974 INFO Epoch: 185, loss: -0.17510050535202026, labeled_loss: 0.003011999186128378, unnlabeled_loss: 0.0434691458940506, mixup_loss: -1.998470664024353, energy_loss: 0.0
2026-08-26 08:29:29,974 INFO Best AUROC test all: 0.9358369114307622, AUPR test all: 0.8637214411459382, AUROC test unknown: 0.930123614635451, AUPR test unknown: 0.8395644917736818
2026-08-26 08:29:41,618 INFO Epoch: 186, loss: -0.17062252759933472, labeled_loss: 0.0023407270200550556, unnlabeled_loss: 0.053839556872844696, mixup_loss: -1.9988301992416382, energy_loss: 0.0
2026-08-26 08:29:41,618 INFO Best AUROC test all: 0.9358369114307622, AUPR test all: 0.8637214411459382, AUROC test unknown: 0.930123614635451, AUPR test unknown: 0.8395644917736818
2026-08-26 08:29:53,233 INFO Epoch: 187, loss: -0.17224007844924927, labeled_loss: 0.0011878327932208776, unnlabeled_loss: 0.05285005643963814, mixup_loss: -1.9985294342041016, energy_loss: 0.0
2026-08-26 08:29:53,233 INFO Best AUROC test all: 0.9358369114307622, AUPR test all: 0.8637214411459382, AUROC test unknown: 0.930123614635451, AUPR test unknown: 0.8395644917736818
2026-08-26 08:30:04,762 INFO Epoch: 188, loss: -0.16829431056976318, labeled_loss: 0.0010613190243020654, unnlabeled_loss: 0.060996342450380325, mixup_loss: -1.9985378980636597, energy_loss: 0.0
2026-08-26 08:30:04,762 INFO Best AUROC test all: 0.9358369114307622, AUPR test all: 0.8637214411459382, AUROC test unknown: 0.930123614635451, AUPR test unknown: 0.8395644917736818
2026-08-26 08:30:16,437 INFO Epoch: 189, loss: -0.18594929575920105, labeled_loss: 0.0012253153836354613, unnlabeled_loss: 0.02534501627087593, mixup_loss: -1.9984711408615112, energy_loss: 0.0
2026-08-26 08:30:16,437 INFO Best AUROC test all: 0.9358369114307622, AUPR test all: 0.8637214411459382, AUROC test unknown: 0.930123614635451, AUPR test unknown: 0.8395644917736818
2026-08-26 08:30:27,967 INFO Epoch: 190, loss: -0.17679890990257263, labeled_loss: 0.0013087466359138489, unnlabeled_loss: 0.043546754866838455, mixup_loss: -1.9988102912902832, energy_loss: 0.0
2026-08-26 08:30:27,967 INFO Best AUROC test all: 0.9358369114307622, AUPR test all: 0.8637214411459382, AUROC test unknown: 0.930123614635451, AUPR test unknown: 0.8395644917736818
2026-08-26 08:30:39,474 INFO Epoch: 191, loss: -0.17410850524902344, labeled_loss: 0.003999484237283468, unnlabeled_loss: 0.04353248327970505, mixup_loss: -1.9987423419952393, energy_loss: 0.0
2026-08-26 08:30:39,474 INFO Best AUROC test all: 0.9358369114307622, AUPR test all: 0.8637214411459382, AUROC test unknown: 0.930123614635451, AUPR test unknown: 0.8395644917736818
2026-08-26 08:30:51,214 INFO Epoch: 192, loss: -0.16493597626686096, labeled_loss: 0.0012585049262270331, unnlabeled_loss: 0.06732762604951859, mixup_loss: -1.9985829591751099, energy_loss: 0.0
2026-08-26 08:30:51,214 INFO Best AUROC test all: 0.9358369114307622, AUPR test all: 0.8637214411459382, AUROC test unknown: 0.930123614635451, AUPR test unknown: 0.8395644917736818
2026-08-26 08:31:02,704 INFO Epoch: 193, loss: -0.17530791461467743, labeled_loss: 0.0019444477511569858, unnlabeled_loss: 0.04528457298874855, mixup_loss: -1.9989465475082397, energy_loss: 0.0
2026-08-26 08:31:02,704 INFO Best AUROC test all: 0.9358369114307622, AUPR test all: 0.8637214411459382, AUROC test unknown: 0.930123614635451, AUPR test unknown: 0.8395644917736818
2026-08-26 08:31:14,322 INFO Epoch: 194, loss: -0.17288772761821747, labeled_loss: 0.0028950588312000036, unnlabeled_loss: 0.04816949740052223, mixup_loss: -1.9986752271652222, energy_loss: 0.0
2026-08-26 08:31:14,322 INFO Best AUROC test all: 0.9358369114307622, AUPR test all: 0.8637214411459382, AUROC test unknown: 0.930123614635451, AUPR test unknown: 0.8395644917736818
2026-08-26 08:31:25,995 INFO Epoch: 195, loss: -0.17581616342067719, labeled_loss: 0.0026827941183000803, unnlabeled_loss: 0.042779598385095596, mixup_loss: -1.998887538909912, energy_loss: 0.0
2026-08-26 08:31:25,995 INFO Best AUROC test all: 0.9358369114307622, AUPR test all: 0.8637214411459382, AUROC test unknown: 0.930123614635451, AUPR test unknown: 0.8395644917736818
2026-08-26 08:31:37,501 INFO Epoch: 196, loss: -0.1830466240644455, labeled_loss: 0.0027174558490514755, unnlabeled_loss: 0.028170311823487282, mixup_loss: -1.9984923601150513, energy_loss: 0.0
2026-08-26 08:31:37,501 INFO Best AUROC test all: 0.9358369114307622, AUPR test all: 0.8637214411459382, AUROC test unknown: 0.930123614635451, AUPR test unknown: 0.8395644917736818
2026-08-26 08:31:49,017 INFO Epoch: 197, loss: -0.1667780876159668, labeled_loss: 0.0019516509491950274, unnlabeled_loss: 0.06231993809342384, mixup_loss: -1.9988970756530762, energy_loss: 0.0
2026-08-26 08:31:49,017 INFO Best AUROC test all: 0.9358369114307622, AUPR test all: 0.8637214411459382, AUROC test unknown: 0.930123614635451, AUPR test unknown: 0.8395644917736818
2026-08-26 08:32:00,646 INFO Epoch: 198, loss: -0.18240945041179657, labeled_loss: 0.0016306708566844463, unnlabeled_loss: 0.03163614124059677, mixup_loss: -1.998581886291504, energy_loss: 0.0
2026-08-26 08:32:00,646 INFO Best AUROC test all: 0.9358369114307622, AUPR test all: 0.8637214411459382, AUROC test unknown: 0.930123614635451, AUPR test unknown: 0.8395644917736818
2026-08-26 08:32:12,259 INFO Epoch: 199, loss: -0.18094834685325623, labeled_loss: 0.0020094115752726793, unnlabeled_loss: 0.03379945456981659, mixup_loss: -1.9985748529434204, energy_loss: 0.0
2026-08-26 08:32:12,259 INFO Best AUROC test all: 0.9358369114307622, AUPR test all: 0.8637214411459382, AUROC test unknown: 0.930123614635451, AUPR test unknown: 0.8395644917736818
2026-08-26 08:32:23,850 INFO Epoch: 200, loss: -0.1697664111852646, labeled_loss: 0.001243717153556645, unnlabeled_loss: 0.057748641818761826, mixup_loss: -1.9988443851470947, energy_loss: 0.0
2026-08-26 08:32:23,851 INFO Best AUROC test all: 0.9358369114307622, AUPR test all: 0.8637214411459382, AUROC test unknown: 0.930123614635451, AUPR test unknown: 0.8395644917736818
2026-08-26 08:32:35,397 INFO Epoch: 201, loss: -0.1758059710264206, labeled_loss: 0.0024217397440224886, unnlabeled_loss: 0.04329334571957588, mixup_loss: -1.9987438917160034, energy_loss: 0.0
2026-08-26 08:32:35,397 INFO Best AUROC test all: 0.9358369114307622, AUPR test all: 0.8637214411459382, AUROC test unknown: 0.930123614635451, AUPR test unknown: 0.8395644917736818
2026-08-26 08:32:47,025 INFO Epoch: 202, loss: -0.18752031028270721, labeled_loss: 0.0012768948217853904, unnlabeled_loss: 0.02211144007742405, mixup_loss: -1.9985291957855225, energy_loss: 0.0
2026-08-26 08:32:47,025 INFO Best AUROC test all: 0.9358369114307622, AUPR test all: 0.8637214411459382, AUROC test unknown: 0.930123614635451, AUPR test unknown: 0.8395644917736818
2026-08-26 08:32:58,608 INFO Epoch: 203, loss: -0.16999273002147675, labeled_loss: 0.0018867019098252058, unnlabeled_loss: 0.05596121773123741, mixup_loss: -1.9986003637313843, energy_loss: 0.0
2026-08-26 08:32:58,608 INFO Best AUROC test all: 0.9358369114307622, AUPR test all: 0.8637214411459382, AUROC test unknown: 0.930123614635451, AUPR test unknown: 0.8395644917736818
2026-08-26 08:33:10,245 INFO Epoch: 204, loss: -0.17649230360984802, labeled_loss: 0.0013171585742384195, unnlabeled_loss: 0.04411541298031807, mixup_loss: -1.9986717700958252, energy_loss: 0.0
2026-08-26 08:33:10,245 INFO Best AUROC test all: 0.9358369114307622, AUPR test all: 0.8637214411459382, AUROC test unknown: 0.930123614635451, AUPR test unknown: 0.8395644917736818
2026-08-26 08:33:21,751 INFO Epoch: 205, loss: -0.19202661514282227, labeled_loss: 0.0010551110608503222, unnlabeled_loss: 0.013528939336538315, mixup_loss: -1.9984619617462158, energy_loss: 0.0
2026-08-26 08:33:21,751 INFO Best AUROC test all: 0.9358369114307622, AUPR test all: 0.8637214411459382, AUROC test unknown: 0.930123614635451, AUPR test unknown: 0.8395644917736818
2026-08-26 08:33:33,369 INFO Epoch: 206, loss: -0.18864689767360687, labeled_loss: 0.0007861054036766291, unnlabeled_loss: 0.02090028114616871, mixup_loss: -1.9988313913345337, energy_loss: 0.0
2026-08-26 08:33:33,369 INFO Best AUROC test all: 0.9358369114307622, AUPR test all: 0.8637214411459382, AUROC test unknown: 0.930123614635451, AUPR test unknown: 0.8395644917736818
2026-08-26 08:33:45,016 INFO Epoch: 207, loss: -0.17921572923660278, labeled_loss: 0.001838260912336409, unnlabeled_loss: 0.03763571381568909, mixup_loss: -1.998718500137329, energy_loss: 0.0
2026-08-26 08:33:45,016 INFO Best AUROC test all: 0.9358369114307622, AUPR test all: 0.8637214411459382, AUROC test unknown: 0.930123614635451, AUPR test unknown: 0.8395644917736818
2026-08-26 08:33:56,585 INFO Epoch: 208, loss: -0.1718125194311142, labeled_loss: 0.0008744499646127224, unnlabeled_loss: 0.05438593775033951, mixup_loss: -1.998799443244934, energy_loss: 0.0
2026-08-26 08:33:56,585 INFO Best AUROC test all: 0.9358369114307622, AUPR test all: 0.8637214411459382, AUROC test unknown: 0.930123614635451, AUPR test unknown: 0.8395644917736818
2026-08-26 08:34:08,213 INFO Epoch: 209, loss: -0.17834784090518951, labeled_loss: 0.0009704242111183703, unnlabeled_loss: 0.04108288139104843, mixup_loss: -1.9985970258712769, energy_loss: 0.0
2026-08-26 08:34:08,213 INFO Best AUROC test all: 0.9358369114307622, AUPR test all: 0.8637214411459382, AUROC test unknown: 0.930123614635451, AUPR test unknown: 0.8395644917736818
2026-08-26 08:34:19,893 INFO Epoch: 210, loss: -0.17357765138149261, labeled_loss: 0.0009987945668399334, unnlabeled_loss: 0.050590209662914276, mixup_loss: -1.9987155199050903, energy_loss: 0.0
2026-08-26 08:34:19,893 INFO Best AUROC test all: 0.9358369114307622, AUPR test all: 0.8637214411459382, AUROC test unknown: 0.930123614635451, AUPR test unknown: 0.8395644917736818
2026-08-26 08:34:31,466 INFO Epoch: 211, loss: -0.16044752299785614, labeled_loss: 0.001374515239149332, unnlabeled_loss: 0.07617651671171188, mixup_loss: -1.9991029500961304, energy_loss: 0.0
2026-08-26 08:34:31,466 INFO Best AUROC test all: 0.9358369114307622, AUPR test all: 0.8637214411459382, AUROC test unknown: 0.930123614635451, AUPR test unknown: 0.8395644917736818
2026-08-26 08:34:43,239 INFO Epoch: 212, loss: -0.174280047416687, labeled_loss: 0.0013866610825061798, unnlabeled_loss: 0.048447057604789734, mixup_loss: -1.9989023208618164, energy_loss: 0.0
2026-08-26 08:34:43,239 INFO Best AUROC test all: 0.9358369114307622, AUPR test all: 0.8637214411459382, AUROC test unknown: 0.930123614635451, AUPR test unknown: 0.8395644917736818
2026-08-26 08:34:54,838 INFO Epoch: 213, loss: -0.18444328010082245, labeled_loss: 0.0016773828538134694, unnlabeled_loss: 0.027503954246640205, mixup_loss: -1.9987263679504395, energy_loss: 0.0
2026-08-26 08:34:54,838 INFO Best AUROC test all: 0.9358369114307622, AUPR test all: 0.8637214411459382, AUROC test unknown: 0.930123614635451, AUPR test unknown: 0.8395644917736818
2026-08-26 08:35:06,340 INFO Epoch: 214, loss: -0.17239084839820862, labeled_loss: 0.002654559211805463, unnlabeled_loss: 0.04966684430837631, mixup_loss: -1.9987882375717163, energy_loss: 0.0
2026-08-26 08:35:06,340 INFO Best AUROC test all: 0.9358369114307622, AUPR test all: 0.8637214411459382, AUROC test unknown: 0.930123614635451, AUPR test unknown: 0.8395644917736818
2026-08-26 08:35:17,995 INFO Epoch: 215, loss: -0.18036091327667236, labeled_loss: 0.001852920395322144, unnlabeled_loss: 0.03537289425730705, mixup_loss: -1.9990028142929077, energy_loss: 0.0
2026-08-26 08:35:17,996 INFO Best AUROC test all: 0.9358369114307622, AUPR test all: 0.8637214411459382, AUROC test unknown: 0.930123614635451, AUPR test unknown: 0.8395644917736818
2026-08-26 08:35:29,543 INFO Epoch: 216, loss: -0.17179416120052338, labeled_loss: 0.0013841197360306978, unnlabeled_loss: 0.053451791405677795, mixup_loss: -1.9990416765213013, energy_loss: 0.0
2026-08-26 08:35:29,543 INFO Best AUROC test all: 0.9358369114307622, AUPR test all: 0.8637214411459382, AUROC test unknown: 0.930123614635451, AUPR test unknown: 0.8395644917736818
2026-08-26 08:35:41,219 INFO Epoch: 217, loss: -0.18268881738185883, labeled_loss: 0.0012211923021823168, unnlabeled_loss: 0.031867317855358124, mixup_loss: -1.998436689376831, energy_loss: 0.0
2026-08-26 08:35:41,219 INFO Best AUROC test all: 0.9358369114307622, AUPR test all: 0.8637214411459382, AUROC test unknown: 0.930123614635451, AUPR test unknown: 0.8395644917736818
2026-08-26 08:35:52,899 INFO Epoch: 218, loss: -0.1722416877746582, labeled_loss: 0.0018882225267589092, unnlabeled_loss: 0.05149741470813751, mixup_loss: -1.9987860918045044, energy_loss: 0.0
2026-08-26 08:35:52,899 INFO Best AUROC test all: 0.9358369114307622, AUPR test all: 0.8637214411459382, AUROC test unknown: 0.930123614635451, AUPR test unknown: 0.8395644917736818
2026-08-26 08:36:04,488 INFO Epoch: 219, loss: -0.18322764337062836, labeled_loss: 0.0008842831593938172, unnlabeled_loss: 0.03155988082289696, mixup_loss: -1.9989186525344849, energy_loss: 0.0
2026-08-26 08:36:04,488 INFO Best AUROC test all: 0.9358369114307622, AUPR test all: 0.8637214411459382, AUROC test unknown: 0.930123614635451, AUPR test unknown: 0.8395644917736818
2026-08-26 08:36:16,099 INFO Epoch: 220, loss: -0.1731158345937729, labeled_loss: 0.0008975676610134542, unnlabeled_loss: 0.05171585455536842, mixup_loss: -1.9987132549285889, energy_loss: 0.0
2026-08-26 08:36:16,099 INFO Best AUROC test all: 0.9358369114307622, AUPR test all: 0.8637214411459382, AUROC test unknown: 0.930123614635451, AUPR test unknown: 0.8395644917736818
2026-08-26 08:36:27,728 INFO Epoch: 221, loss: -0.17486801743507385, labeled_loss: 0.0007825600332580507, unnlabeled_loss: 0.04845130443572998, mixup_loss: -1.9987622499465942, energy_loss: 0.0
2026-08-26 08:36:27,728 INFO Best AUROC test all: 0.9358369114307622, AUPR test all: 0.8637214411459382, AUROC test unknown: 0.930123614635451, AUPR test unknown: 0.8395644917736818
2026-08-26 08:36:39,333 INFO Epoch: 222, loss: -0.18518245220184326, labeled_loss: 0.0009669012506492436, unnlabeled_loss: 0.02742624469101429, mixup_loss: -1.9986248016357422, energy_loss: 0.0
2026-08-26 08:36:39,333 INFO Best AUROC test all: 0.9358369114307622, AUPR test all: 0.8637214411459382, AUROC test unknown: 0.930123614635451, AUPR test unknown: 0.8395644917736818
2026-08-26 08:36:51,085 INFO Epoch: 223, loss: -0.18418392539024353, labeled_loss: 0.0009257716592401266, unnlabeled_loss: 0.029525816440582275, mixup_loss: -1.9987261295318604, energy_loss: 0.0
2026-08-26 08:36:51,085 INFO Best AUROC test all: 0.9358369114307622, AUPR test all: 0.8637214411459382, AUROC test unknown: 0.930123614635451, AUPR test unknown: 0.8395644917736818
2026-08-26 08:37:02,779 INFO Epoch: 224, loss: -0.16885247826576233, labeled_loss: 0.001349643338471651, unnlabeled_loss: 0.05926395207643509, mixup_loss: -1.9983409643173218, energy_loss: 0.0
2026-08-26 08:37:02,779 INFO Best AUROC test all: 0.9358369114307622, AUPR test all: 0.8637214411459382, AUROC test unknown: 0.930123614635451, AUPR test unknown: 0.8395644917736818
2026-08-26 08:37:14,419 INFO Epoch: 225, loss: -0.1828494817018509, labeled_loss: 0.0012685429537668824, unnlabeled_loss: 0.03153764083981514, mixup_loss: -1.998868465423584, energy_loss: 0.0
2026-08-26 08:37:14,419 INFO Best AUROC test all: 0.9358369114307622, AUPR test all: 0.8637214411459382, AUROC test unknown: 0.930123614635451, AUPR test unknown: 0.8395644917736818
2026-08-26 08:37:25,929 INFO Epoch: 226, loss: -0.18773490190505981, labeled_loss: 0.002519650151953101, unnlabeled_loss: 0.019268304109573364, mixup_loss: -1.998887062072754, energy_loss: 0.0
2026-08-26 08:37:25,929 INFO Best AUROC test all: 0.9358369114307622, AUPR test all: 0.8637214411459382, AUROC test unknown: 0.930123614635451, AUPR test unknown: 0.8395644917736818
2026-08-26 08:37:37,704 INFO Epoch: 227, loss: -0.1852511763572693, labeled_loss: 0.0011361457873135805, unnlabeled_loss: 0.02702801674604416, mixup_loss: -1.9990133047103882, energy_loss: 0.0
2026-08-26 08:37:37,704 INFO Best AUROC test all: 0.9358369114307622, AUPR test all: 0.8637214411459382, AUROC test unknown: 0.930123614635451, AUPR test unknown: 0.8395644917736818
2026-08-26 08:37:49,249 INFO Epoch: 228, loss: -0.17734213173389435, labeled_loss: 0.0011942198034375906, unnlabeled_loss: 0.042719338089227676, mixup_loss: -1.998960256576538, energy_loss: 0.0
2026-08-26 08:37:49,250 INFO Best AUROC test all: 0.9358369114307622, AUPR test all: 0.8637214411459382, AUROC test unknown: 0.930123614635451, AUPR test unknown: 0.8395644917736818
2026-08-26 08:38:00,986 INFO Epoch: 229, loss: -0.18921495974063873, labeled_loss: 0.0008591863443143666, unnlabeled_loss: 0.019616158679127693, mixup_loss: -1.9988222122192383, energy_loss: 0.0
2026-08-26 08:38:00,986 INFO Best AUROC test all: 0.9358369114307622, AUPR test all: 0.8637214411459382, AUROC test unknown: 0.930123614635451, AUPR test unknown: 0.8395644917736818
2026-08-26 08:38:12,565 INFO Epoch: 230, loss: -0.17293229699134827, labeled_loss: 0.000981129938736558, unnlabeled_loss: 0.05192694067955017, mixup_loss: -1.998768925666809, energy_loss: 0.0
2026-08-26 08:38:12,566 INFO Best AUROC test all: 0.9358369114307622, AUPR test all: 0.8637214411459382, AUROC test unknown: 0.930123614635451, AUPR test unknown: 0.8395644917736818
2026-08-26 08:38:24,290 INFO Epoch: 231, loss: -0.19100655615329742, labeled_loss: 0.0004918119520880282, unnlabeled_loss: 0.01668836735188961, mixup_loss: -1.9984254837036133, energy_loss: 0.0
2026-08-26 08:38:24,291 INFO Best AUROC test all: 0.9358369114307622, AUPR test all: 0.8637214411459382, AUROC test unknown: 0.930123614635451, AUPR test unknown: 0.8395644917736818
2026-08-26 08:38:35,820 INFO Epoch: 232, loss: -0.17787043750286102, labeled_loss: 0.00043207997805438936, unnlabeled_loss: 0.04315467178821564, mixup_loss: -1.9987984895706177, energy_loss: 0.0
2026-08-26 08:38:35,820 INFO Best AUROC test all: 0.9358369114307622, AUPR test all: 0.8637214411459382, AUROC test unknown: 0.930123614635451, AUPR test unknown: 0.8395644917736818
2026-08-26 08:38:47,476 INFO Epoch: 233, loss: -0.1673552542924881, labeled_loss: 0.000605350942350924, unnlabeled_loss: 0.06384678184986115, mixup_loss: -1.9988399744033813, energy_loss: 0.0
2026-08-26 08:38:47,476 INFO Best AUROC test all: 0.9358369114307622, AUPR test all: 0.8637214411459382, AUROC test unknown: 0.930123614635451, AUPR test unknown: 0.8395644917736818
2026-08-26 08:38:59,006 INFO Epoch: 234, loss: -0.18554134666919708, labeled_loss: 0.0022459549363702536, unnlabeled_loss: 0.024206945672631264, mixup_loss: -1.9989078044891357, energy_loss: 0.0
2026-08-26 08:38:59,006 INFO Best AUROC test all: 0.9358369114307622, AUPR test all: 0.8637214411459382, AUROC test unknown: 0.930123614635451, AUPR test unknown: 0.8395644917736818
2026-08-26 08:39:10,589 INFO Epoch: 235, loss: -0.17769622802734375, labeled_loss: 0.0007941739168018103, unnlabeled_loss: 0.04279441013932228, mixup_loss: -1.9988759756088257, energy_loss: 0.0
2026-08-26 08:39:10,589 INFO Best AUROC test all: 0.9358369114307622, AUPR test all: 0.8637214411459382, AUROC test unknown: 0.930123614635451, AUPR test unknown: 0.8395644917736818
2026-08-26 08:39:22,233 INFO Epoch: 236, loss: -0.18580922484397888, labeled_loss: 0.0012792795896530151, unnlabeled_loss: 0.02559034898877144, mixup_loss: -1.9988367557525635, energy_loss: 0.0
2026-08-26 08:39:22,233 INFO Best AUROC test all: 0.9358369114307622, AUPR test all: 0.8637214411459382, AUROC test unknown: 0.930123614635451, AUPR test unknown: 0.8395644917736818
2026-08-26 08:39:33,900 INFO Epoch: 237, loss: -0.180428609251976, labeled_loss: 0.0008459323435090482, unnlabeled_loss: 0.037273336201906204, mixup_loss: -1.9991120100021362, energy_loss: 0.0
2026-08-26 08:39:33,900 INFO Best AUROC test all: 0.9358369114307622, AUPR test all: 0.8637214411459382, AUROC test unknown: 0.930123614635451, AUPR test unknown: 0.8395644917736818
2026-08-26 08:39:45,496 INFO Epoch: 238, loss: -0.19133859872817993, labeled_loss: 0.0007748138741590083, unnlabeled_loss: 0.015576200559735298, mixup_loss: -1.9990150928497314, energy_loss: 0.0
2026-08-26 08:39:45,496 INFO Best AUROC test all: 0.9358369114307622, AUPR test all: 0.8637214411459382, AUROC test unknown: 0.930123614635451, AUPR test unknown: 0.8395644917736818
2026-08-26 08:39:57,012 INFO Epoch: 239, loss: -0.18531689047813416, labeled_loss: 0.0010678337421268225, unnlabeled_loss: 0.02696024440228939, mixup_loss: -1.9986485242843628, energy_loss: 0.0
2026-08-26 08:39:57,012 INFO Best AUROC test all: 0.9358369114307622, AUPR test all: 0.8637214411459382, AUROC test unknown: 0.930123614635451, AUPR test unknown: 0.8395644917736818
2026-08-26 08:40:08,615 INFO Epoch: 240, loss: -0.1802559643983841, labeled_loss: 0.00089185347314924, unnlabeled_loss: 0.037470247596502304, mixup_loss: -1.9988293647766113, energy_loss: 0.0
2026-08-26 08:40:08,615 INFO Best AUROC test all: 0.9358369114307622, AUPR test all: 0.8637214411459382, AUROC test unknown: 0.930123614635451, AUPR test unknown: 0.8395644917736818
2026-08-26 08:40:20,294 INFO Epoch: 241, loss: -0.18344144523143768, labeled_loss: 0.0006790119805373251, unnlabeled_loss: 0.03156306967139244, mixup_loss: -1.999019980430603, energy_loss: 0.0
2026-08-26 08:40:20,294 INFO Best AUROC test all: 0.9358369114307622, AUPR test all: 0.8637214411459382, AUROC test unknown: 0.930123614635451, AUPR test unknown: 0.8395644917736818
2026-08-26 08:40:31,988 INFO Epoch: 242, loss: -0.18497522175312042, labeled_loss: 0.0009263484389521182, unnlabeled_loss: 0.027977759018540382, mixup_loss: -1.9989044666290283, energy_loss: 0.0
2026-08-26 08:40:31,988 INFO Best AUROC test all: 0.9358369114307622, AUPR test all: 0.8637214411459382, AUROC test unknown: 0.930123614635451, AUPR test unknown: 0.8395644917736818
2026-08-26 08:40:43,696 INFO Epoch: 243, loss: -0.1855408400297165, labeled_loss: 0.001647647120989859, unnlabeled_loss: 0.025400981307029724, mixup_loss: -1.998889684677124, energy_loss: 0.0
2026-08-26 08:40:43,696 INFO Best AUROC test all: 0.9358369114307622, AUPR test all: 0.8637214411459382, AUROC test unknown: 0.930123614635451, AUPR test unknown: 0.8395644917736818
2026-08-26 08:40:55,337 INFO Epoch: 244, loss: -0.17924661934375763, labeled_loss: 0.0008426192798651755, unnlabeled_loss: 0.03960167244076729, mixup_loss: -1.9989007711410522, energy_loss: 0.0
2026-08-26 08:40:55,337 INFO Best AUROC test all: 0.9358369114307622, AUPR test all: 0.8637214411459382, AUROC test unknown: 0.930123614635451, AUPR test unknown: 0.8395644917736818
2026-08-26 08:41:06,920 INFO Epoch: 245, loss: -0.1624986231327057, labeled_loss: 0.0010345815680921078, unnlabeled_loss: 0.07269478589296341, mixup_loss: -1.9988059997558594, energy_loss: 0.0
2026-08-26 08:41:06,920 INFO Best AUROC test all: 0.9358369114307622, AUPR test all: 0.8637214411459382, AUROC test unknown: 0.930123614635451, AUPR test unknown: 0.8395644917736818
2026-08-26 08:41:18,497 INFO Epoch: 246, loss: -0.1822587102651596, labeled_loss: 0.0008432012400589883, unnlabeled_loss: 0.03360773250460625, mixup_loss: -1.9990577697753906, energy_loss: 0.0
2026-08-26 08:41:18,497 INFO Best AUROC test all: 0.9358369114307622, AUPR test all: 0.8637214411459382, AUROC test unknown: 0.930123614635451, AUPR test unknown: 0.8395644917736818
2026-08-26 08:41:30,200 INFO Epoch: 247, loss: -0.17902201414108276, labeled_loss: 0.0011678750161081553, unnlabeled_loss: 0.03942681849002838, mixup_loss: -1.9990328550338745, energy_loss: 0.0
2026-08-26 08:41:30,200 INFO Best AUROC test all: 0.9358369114307622, AUPR test all: 0.8637214411459382, AUROC test unknown: 0.930123614635451, AUPR test unknown: 0.8395644917736818
2026-08-26 08:41:41,794 INFO Epoch: 248, loss: -0.18292033672332764, labeled_loss: 0.0017892110627144575, unnlabeled_loss: 0.030341345816850662, mixup_loss: -1.9988021850585938, energy_loss: 0.0
2026-08-26 08:41:41,794 INFO Best AUROC test all: 0.9358369114307622, AUPR test all: 0.8637214411459382, AUROC test unknown: 0.930123614635451, AUPR test unknown: 0.8395644917736818
2026-08-26 08:41:53,370 INFO Epoch: 249, loss: -0.17151901125907898, labeled_loss: 0.002482072915881872, unnlabeled_loss: 0.05183124914765358, mixup_loss: -1.9991670846939087, energy_loss: 0.0
2026-08-26 08:41:53,370 INFO Best AUROC test all: 0.9358369114307622, AUPR test all: 0.8637214411459382, AUROC test unknown: 0.930123614635451, AUPR test unknown: 0.8395644917736818
2026-08-26 08:42:04,953 INFO Epoch: 250, loss: -0.18252335488796234, labeled_loss: 0.0015646774554625154, unnlabeled_loss: 0.03160072863101959, mixup_loss: -1.998883843421936, energy_loss: 0.0
2026-08-26 08:42:04,953 INFO Best AUROC test all: 0.9358369114307622, AUPR test all: 0.8637214411459382, AUROC test unknown: 0.930123614635451, AUPR test unknown: 0.8395644917736818
2026-08-26 08:42:16,537 INFO Epoch: 251, loss: -0.1780083179473877, labeled_loss: 0.0016856290167197585, unnlabeled_loss: 0.04039241001009941, mixup_loss: -1.9989014863967896, energy_loss: 0.0
2026-08-26 08:42:16,537 INFO Best AUROC test all: 0.9358369114307622, AUPR test all: 0.8637214411459382, AUROC test unknown: 0.930123614635451, AUPR test unknown: 0.8395644917736818
2026-08-26 08:42:28,169 INFO Epoch: 252, loss: -0.1742124855518341, labeled_loss: 0.0010294903768226504, unnlabeled_loss: 0.04931754991412163, mixup_loss: -1.9990074634552002, energy_loss: 0.0
2026-08-26 08:42:28,169 INFO Best AUROC test all: 0.9358369114307622, AUPR test all: 0.8637214411459382, AUROC test unknown: 0.930123614635451, AUPR test unknown: 0.8395644917736818
2026-08-26 08:42:39,742 INFO Epoch: 253, loss: -0.17779146134853363, labeled_loss: 0.000990193453617394, unnlabeled_loss: 0.042218394577503204, mixup_loss: -1.998908519744873, energy_loss: 0.0
2026-08-26 08:42:39,742 INFO Best AUROC test all: 0.9358369114307622, AUPR test all: 0.8637214411459382, AUROC test unknown: 0.930123614635451, AUPR test unknown: 0.8395644917736818
2026-08-26 08:42:51,410 INFO Epoch: 254, loss: -0.17832890152931213, labeled_loss: 0.0010726507753133774, unnlabeled_loss: 0.041004810482263565, mixup_loss: -1.9990395307540894, energy_loss: 0.0
2026-08-26 08:42:51,410 INFO Best AUROC test all: 0.9358369114307622, AUPR test all: 0.8637214411459382, AUROC test unknown: 0.930123614635451, AUPR test unknown: 0.8395644917736818
2026-08-26 08:43:03,019 INFO Epoch: 255, loss: -0.17624126374721527, labeled_loss: 0.0009280634112656116, unnlabeled_loss: 0.04548116773366928, mixup_loss: -1.9990990161895752, energy_loss: 0.0
2026-08-26 08:43:03,019 INFO Best AUROC test all: 0.9358369114307622, AUPR test all: 0.8637214411459382, AUROC test unknown: 0.930123614635451, AUPR test unknown: 0.8395644917736818
2026-08-26 08:43:14,589 INFO Epoch: 256, loss: -0.18819014728069305, labeled_loss: 0.0010907131945714355, unnlabeled_loss: 0.021242275834083557, mixup_loss: -1.999019980430603, energy_loss: 0.0
2026-08-26 08:43:14,589 INFO Best AUROC test all: 0.9358369114307622, AUPR test all: 0.8637214411459382, AUROC test unknown: 0.930123614635451, AUPR test unknown: 0.8395644917736818
2026-08-26 08:43:26,158 INFO Epoch: 257, loss: -0.1749001145362854, labeled_loss: 0.0010437698801979423, unnlabeled_loss: 0.04788316786289215, mixup_loss: -1.998854637145996, energy_loss: 0.0
2026-08-26 08:43:26,159 INFO Best AUROC test all: 0.9358369114307622, AUPR test all: 0.8637214411459382, AUROC test unknown: 0.930123614635451, AUPR test unknown: 0.8395644917736818
2026-08-26 08:43:37,719 INFO Epoch: 258, loss: -0.19014465808868408, labeled_loss: 0.0008586397161707282, unnlabeled_loss: 0.017788054421544075, mixup_loss: -1.9989731311798096, energy_loss: 0.0
2026-08-26 08:43:37,719 INFO Best AUROC test all: 0.9358369114307622, AUPR test all: 0.8637214411459382, AUROC test unknown: 0.930123614635451, AUPR test unknown: 0.8395644917736818
2026-08-26 08:43:49,362 INFO Epoch: 259, loss: -0.1806938201189041, labeled_loss: 0.0007433090941049159, unnlabeled_loss: 0.036841340363025665, mixup_loss: -1.9985779523849487, energy_loss: 0.0
2026-08-26 08:43:49,363 INFO Best AUROC test all: 0.9358369114307622, AUPR test all: 0.8637214411459382, AUROC test unknown: 0.930123614635451, AUPR test unknown: 0.8395644917736818
2026-08-26 08:44:00,937 INFO Epoch: 260, loss: -0.17554734647274017, labeled_loss: 0.0008149354835040867, unnlabeled_loss: 0.047089092433452606, mixup_loss: -1.999068260192871, energy_loss: 0.0
2026-08-26 08:44:00,938 INFO Best AUROC test all: 0.9358369114307622, AUPR test all: 0.8637214411459382, AUROC test unknown: 0.930123614635451, AUPR test unknown: 0.8395644917736818
2026-08-26 08:44:12,586 INFO Epoch: 261, loss: -0.1757781207561493, labeled_loss: 0.0009274215553887188, unnlabeled_loss: 0.04640636593103409, mixup_loss: -1.9990872144699097, energy_loss: 0.0
2026-08-26 08:44:12,586 INFO Best AUROC test all: 0.9358369114307622, AUPR test all: 0.8637214411459382, AUROC test unknown: 0.930123614635451, AUPR test unknown: 0.8395644917736818
2026-08-26 08:44:24,254 INFO Epoch: 262, loss: -0.1674375981092453, labeled_loss: 0.0006725384155288339, unnlabeled_loss: 0.06356494873762131, mixup_loss: -1.998926043510437, energy_loss: 0.0
2026-08-26 08:44:24,255 INFO Best AUROC test all: 0.9358369114307622, AUPR test all: 0.8637214411459382, AUROC test unknown: 0.930123614635451, AUPR test unknown: 0.8395644917736818
2026-08-26 08:44:35,860 INFO Epoch: 263, loss: -0.17564749717712402, labeled_loss: 0.0010201039258390665, unnlabeled_loss: 0.04645312950015068, mixup_loss: -1.9989415407180786, energy_loss: 0.0
2026-08-26 08:44:35,860 INFO Best AUROC test all: 0.9358369114307622, AUPR test all: 0.8637214411459382, AUROC test unknown: 0.930123614635451, AUPR test unknown: 0.8395644917736818
2026-08-26 08:44:47,577 INFO Epoch: 264, loss: -0.18831196427345276, labeled_loss: 0.0020105033181607723, unnlabeled_loss: 0.019144607707858086, mixup_loss: -1.9989476203918457, energy_loss: 0.0
2026-08-26 08:44:47,577 INFO Best AUROC test all: 0.9358369114307622, AUPR test all: 0.8637214411459382, AUROC test unknown: 0.930123614635451, AUPR test unknown: 0.8395644917736818
2026-08-26 08:44:59,179 INFO Epoch: 265, loss: -0.17913946509361267, labeled_loss: 0.0010542034870013595, unnlabeled_loss: 0.039444081485271454, mixup_loss: -1.9991570711135864, energy_loss: 0.0
2026-08-26 08:44:59,179 INFO Best AUROC test all: 0.9358369114307622, AUPR test all: 0.8637214411459382, AUROC test unknown: 0.930123614635451, AUPR test unknown: 0.8395644917736818
2026-08-26 08:45:10,827 INFO Epoch: 266, loss: -0.1788305640220642, labeled_loss: 0.0012287598801776767, unnlabeled_loss: 0.039687298238277435, mixup_loss: -1.9990296363830566, energy_loss: 0.0
2026-08-26 08:45:10,827 INFO Best AUROC test all: 0.9358369114307622, AUPR test all: 0.8637214411459382, AUROC test unknown: 0.930123614635451, AUPR test unknown: 0.8395644917736818
2026-08-26 08:45:22,457 INFO Epoch: 267, loss: -0.18341070413589478, labeled_loss: 0.0008197379065677524, unnlabeled_loss: 0.03132900595664978, mixup_loss: -1.998949408531189, energy_loss: 0.0
2026-08-26 08:45:22,457 INFO Best AUROC test all: 0.9358369114307622, AUPR test all: 0.8637214411459382, AUROC test unknown: 0.930123614635451, AUPR test unknown: 0.8395644917736818
2026-08-26 08:45:34,037 INFO Epoch: 268, loss: -0.19285863637924194, labeled_loss: 0.0007559702498838305, unnlabeled_loss: 0.012570086866617203, mixup_loss: -1.998996376991272, energy_loss: 0.0
2026-08-26 08:45:34,037 INFO Best AUROC test all: 0.9358369114307622, AUPR test all: 0.8637214411459382, AUROC test unknown: 0.930123614635451, AUPR test unknown: 0.8395644917736818
2026-08-26 08:45:45,665 INFO Epoch: 269, loss: -0.1784837692975998, labeled_loss: 0.001811205642297864, unnlabeled_loss: 0.03920459747314453, mixup_loss: -1.9989726543426514, energy_loss: 0.0
2026-08-26 08:45:45,665 INFO Best AUROC test all: 0.9358369114307622, AUPR test all: 0.8637214411459382, AUROC test unknown: 0.930123614635451, AUPR test unknown: 0.8395644917736818
2026-08-26 08:45:57,270 INFO Epoch: 270, loss: -0.18086427450180054, labeled_loss: 0.0005225766799412668, unnlabeled_loss: 0.03700845316052437, mixup_loss: -1.998910665512085, energy_loss: 0.0
2026-08-26 08:45:57,270 INFO Best AUROC test all: 0.9358369114307622, AUPR test all: 0.8637214411459382, AUROC test unknown: 0.930123614635451, AUPR test unknown: 0.8395644917736818
2026-08-26 08:46:08,858 INFO Epoch: 271, loss: -0.18539051711559296, labeled_loss: 0.0006374323274940252, unnlabeled_loss: 0.027734477072954178, mixup_loss: -1.99895179271698, energy_loss: 0.0
2026-08-26 08:46:08,858 INFO Best AUROC test all: 0.9358369114307622, AUPR test all: 0.8637214411459382, AUROC test unknown: 0.930123614635451, AUPR test unknown: 0.8395644917736818
2026-08-26 08:46:20,479 INFO Epoch: 272, loss: -0.18862226605415344, labeled_loss: 0.0005269372486509383, unnlabeled_loss: 0.021525241434574127, mixup_loss: -1.9991182088851929, energy_loss: 0.0
2026-08-26 08:46:20,479 INFO Best AUROC test all: 0.9358369114307622, AUPR test all: 0.8637214411459382, AUROC test unknown: 0.930123614635451, AUPR test unknown: 0.8395644917736818
2026-08-26 08:46:32,007 INFO Epoch: 273, loss: -0.1805245727300644, labeled_loss: 0.0006662611267529428, unnlabeled_loss: 0.03743912652134895, mixup_loss: -1.9991040229797363, energy_loss: 0.0
2026-08-26 08:46:32,007 INFO Best AUROC test all: 0.9358369114307622, AUPR test all: 0.8637214411459382, AUROC test unknown: 0.930123614635451, AUPR test unknown: 0.8395644917736818
2026-08-26 08:46:43,579 INFO Epoch: 274, loss: -0.1823536902666092, labeled_loss: 0.0008369387942366302, unnlabeled_loss: 0.03342070430517197, mixup_loss: -1.9990098476409912, energy_loss: 0.0
2026-08-26 08:46:43,579 INFO Best AUROC test all: 0.9358369114307622, AUPR test all: 0.8637214411459382, AUROC test unknown: 0.930123614635451, AUPR test unknown: 0.8395644917736818
2026-08-26 08:46:55,153 INFO Epoch: 275, loss: -0.1710636466741562, labeled_loss: 0.0005305638769641519, unnlabeled_loss: 0.05658111348748207, mixup_loss: -1.9988477230072021, energy_loss: 0.0
2026-08-26 08:46:55,153 INFO Best AUROC test all: 0.9358369114307622, AUPR test all: 0.8637214411459382, AUROC test unknown: 0.930123614635451, AUPR test unknown: 0.8395644917736818
2026-08-26 08:47:06,695 INFO Epoch: 276, loss: -0.17309296131134033, labeled_loss: 0.0009234747849404812, unnlabeled_loss: 0.051779914647340775, mixup_loss: -1.9990638494491577, energy_loss: 0.0
2026-08-26 08:47:06,695 INFO Best AUROC test all: 0.9358369114307622, AUPR test all: 0.8637214411459382, AUROC test unknown: 0.930123614635451, AUPR test unknown: 0.8395644917736818
2026-08-26 08:47:18,365 INFO Epoch: 277, loss: -0.17691010236740112, labeled_loss: 0.003798181191086769, unnlabeled_loss: 0.038409337401390076, mixup_loss: -1.9991295337677002, energy_loss: 0.0
2026-08-26 08:47:18,365 INFO Best AUROC test all: 0.9358369114307622, AUPR test all: 0.8637214411459382, AUROC test unknown: 0.930123614635451, AUPR test unknown: 0.8395644917736818
2026-08-26 08:47:30,012 INFO Epoch: 278, loss: -0.1795451045036316, labeled_loss: 0.0016474007861688733, unnlabeled_loss: 0.037442900240421295, mixup_loss: -1.999139428138733, energy_loss: 0.0
2026-08-26 08:47:30,013 INFO Best AUROC test all: 0.9358369114307622, AUPR test all: 0.8637214411459382, AUROC test unknown: 0.930123614635451, AUPR test unknown: 0.8395644917736818
2026-08-26 08:47:41,684 INFO Epoch: 279, loss: -0.18466545641422272, labeled_loss: 0.0015815740916877985, unnlabeled_loss: 0.027296174317598343, mixup_loss: -1.9989510774612427, energy_loss: 0.0
2026-08-26 08:47:41,684 INFO Best AUROC test all: 0.9358369114307622, AUPR test all: 0.8637214411459382, AUROC test unknown: 0.930123614635451, AUPR test unknown: 0.8395644917736818
2026-08-26 08:47:53,335 INFO Epoch: 280, loss: -0.18196077644824982, labeled_loss: 0.0014475618954747915, unnlabeled_loss: 0.03297893702983856, mixup_loss: -1.9989781379699707, energy_loss: 0.0
2026-08-26 08:47:53,335 INFO Best AUROC test all: 0.9358369114307622, AUPR test all: 0.8637214411459382, AUROC test unknown: 0.930123614635451, AUPR test unknown: 0.8395644917736818
2026-08-26 08:48:05,000 INFO Epoch: 281, loss: -0.17776808142662048, labeled_loss: 0.0006387568428181112, unnlabeled_loss: 0.043011970818042755, mixup_loss: -1.9991281032562256, energy_loss: 0.0
2026-08-26 08:48:05,000 INFO Best AUROC test all: 0.9358369114307622, AUPR test all: 0.8637214411459382, AUROC test unknown: 0.930123614635451, AUPR test unknown: 0.8395644917736818
2026-08-26 08:48:16,693 INFO Epoch: 282, loss: -0.18012401461601257, labeled_loss: 0.0011122222058475018, unnlabeled_loss: 0.03733469545841217, mixup_loss: -1.9990357160568237, energy_loss: 0.0
2026-08-26 08:48:16,693 INFO Best AUROC test all: 0.9358369114307622, AUPR test all: 0.8637214411459382, AUROC test unknown: 0.930123614635451, AUPR test unknown: 0.8395644917736818
2026-08-26 08:48:28,246 INFO Epoch: 283, loss: -0.16604404151439667, labeled_loss: 0.0007356922142207623, unnlabeled_loss: 0.06628168374300003, mixup_loss: -1.9992058277130127, energy_loss: 0.0
2026-08-26 08:48:28,246 INFO Best AUROC test all: 0.9358369114307622, AUPR test all: 0.8637214411459382, AUROC test unknown: 0.930123614635451, AUPR test unknown: 0.8395644917736818
2026-08-26 08:48:39,856 INFO Epoch: 284, loss: -0.17519105970859528, labeled_loss: 0.005142754875123501, unnlabeled_loss: 0.039177604019641876, mixup_loss: -1.9992262125015259, energy_loss: 0.0
2026-08-26 08:48:39,856 INFO Best AUROC test all: 0.9358369114307622, AUPR test all: 0.8637214411459382, AUROC test unknown: 0.930123614635451, AUPR test unknown: 0.8395644917736818
2026-08-26 08:48:51,521 INFO Epoch: 285, loss: -0.17170502245426178, labeled_loss: 0.0011670143576338887, unnlabeled_loss: 0.05401448532938957, mixup_loss: -1.9987926483154297, energy_loss: 0.0
2026-08-26 08:48:51,521 INFO Best AUROC test all: 0.9358369114307622, AUPR test all: 0.8637214411459382, AUROC test unknown: 0.930123614635451, AUPR test unknown: 0.8395644917736818
2026-08-26 08:49:03,078 INFO Epoch: 286, loss: -0.18958815932273865, labeled_loss: 0.0024443643633276224, unnlabeled_loss: 0.015749353915452957, mixup_loss: -1.9990719556808472, energy_loss: 0.0
2026-08-26 08:49:03,078 INFO Best AUROC test all: 0.9358369114307622, AUPR test all: 0.8637214411459382, AUROC test unknown: 0.930123614635451, AUPR test unknown: 0.8395644917736818
2026-08-26 08:49:14,694 INFO Epoch: 287, loss: -0.1817050576210022, labeled_loss: 0.0016622260445728898, unnlabeled_loss: 0.033100735396146774, mixup_loss: -1.9991765022277832, energy_loss: 0.0
2026-08-26 08:49:14,694 INFO Best AUROC test all: 0.9358369114307622, AUPR test all: 0.8637214411459382, AUROC test unknown: 0.930123614635451, AUPR test unknown: 0.8395644917736818
2026-08-26 08:49:26,385 INFO Epoch: 288, loss: -0.1775435209274292, labeled_loss: 0.0014086139854043722, unnlabeled_loss: 0.041905567049980164, mixup_loss: -1.999049186706543, energy_loss: 0.0
2026-08-26 08:49:26,385 INFO Best AUROC test all: 0.9358369114307622, AUPR test all: 0.8637214411459382, AUROC test unknown: 0.930123614635451, AUPR test unknown: 0.8395644917736818
2026-08-26 08:49:37,928 INFO Epoch: 289, loss: -0.1832515448331833, labeled_loss: 0.0011338640470057726, unnlabeled_loss: 0.031054072082042694, mixup_loss: -1.9991244077682495, energy_loss: 0.0
2026-08-26 08:49:37,928 INFO Best AUROC test all: 0.9358369114307622, AUPR test all: 0.8637214411459382, AUROC test unknown: 0.930123614635451, AUPR test unknown: 0.8395644917736818
2026-08-26 08:49:49,604 INFO Epoch: 290, loss: -0.17662407457828522, labeled_loss: 0.0011429833248257637, unnlabeled_loss: 0.04430694878101349, mixup_loss: -1.9992053508758545, energy_loss: 0.0
2026-08-26 08:49:49,604 INFO Best AUROC test all: 0.9358369114307622, AUPR test all: 0.8637214411459382, AUROC test unknown: 0.930123614635451, AUPR test unknown: 0.8395644917736818
2026-08-26 08:50:01,223 INFO Epoch: 291, loss: -0.17544053494930267, labeled_loss: 0.0007053451845422387, unnlabeled_loss: 0.047489434480667114, mixup_loss: -1.998905897140503, energy_loss: 0.0
2026-08-26 08:50:01,223 INFO Best AUROC test all: 0.9358369114307622, AUPR test all: 0.8637214411459382, AUROC test unknown: 0.930123614635451, AUPR test unknown: 0.8395644917736818
2026-08-26 08:50:12,711 INFO Epoch: 292, loss: -0.19201497733592987, labeled_loss: 0.0008208442013710737, unnlabeled_loss: 0.014171863906085491, mixup_loss: -1.9992175102233887, energy_loss: 0.0
2026-08-26 08:50:12,711 INFO Best AUROC test all: 0.9358369114307622, AUPR test all: 0.8637214411459382, AUROC test unknown: 0.930123614635451, AUPR test unknown: 0.8395644917736818
2026-08-26 08:50:24,320 INFO Epoch: 293, loss: -0.17460165917873383, labeled_loss: 0.0004733454261440784, unnlabeled_loss: 0.04956310987472534, mixup_loss: -1.998565673828125, energy_loss: 0.0
2026-08-26 08:50:24,320 INFO Best AUROC test all: 0.9358369114307622, AUPR test all: 0.8637214411459382, AUROC test unknown: 0.930123614635451, AUPR test unknown: 0.8395644917736818
2026-08-26 08:50:35,942 INFO Epoch: 294, loss: -0.1639641374349594, labeled_loss: 0.0005520027480088174, unnlabeled_loss: 0.07079120725393295, mixup_loss: -1.999117374420166, energy_loss: 0.0
2026-08-26 08:50:35,942 INFO Best AUROC test all: 0.9358369114307622, AUPR test all: 0.8637214411459382, AUROC test unknown: 0.930123614635451, AUPR test unknown: 0.8395644917736818
2026-08-26 08:50:47,514 INFO Epoch: 295, loss: -0.1782902479171753, labeled_loss: 0.0006258192006498575, unnlabeled_loss: 0.04197007417678833, mixup_loss: -1.9990110397338867, energy_loss: 0.0
2026-08-26 08:50:47,514 INFO Best AUROC test all: 0.9358369114307622, AUPR test all: 0.8637214411459382, AUROC test unknown: 0.930123614635451, AUPR test unknown: 0.8395644917736818
2026-08-26 08:50:59,107 INFO Epoch: 296, loss: -0.17449450492858887, labeled_loss: 0.002328743925318122, unnlabeled_loss: 0.04617433622479439, mixup_loss: -1.9991041421890259, energy_loss: 0.0
2026-08-26 08:50:59,107 INFO Best AUROC test all: 0.9358369114307622, AUPR test all: 0.8637214411459382, AUROC test unknown: 0.930123614635451, AUPR test unknown: 0.8395644917736818
2026-08-26 08:51:10,736 INFO Epoch: 297, loss: -0.1790313869714737, labeled_loss: 0.001699349726550281, unnlabeled_loss: 0.03836923837661743, mixup_loss: -1.9991534948349, energy_loss: 0.0
2026-08-26 08:51:10,736 INFO Best AUROC test all: 0.9358369114307622, AUPR test all: 0.8637214411459382, AUROC test unknown: 0.930123614635451, AUPR test unknown: 0.8395644917736818
2026-08-26 08:51:22,300 INFO Epoch: 298, loss: -0.1781175434589386, labeled_loss: 0.0026378673501312733, unnlabeled_loss: 0.038315389305353165, mixup_loss: -1.9991309642791748, energy_loss: 0.0
2026-08-26 08:51:22,300 INFO Best AUROC test all: 0.9358369114307622, AUPR test all: 0.8637214411459382, AUROC test unknown: 0.930123614635451, AUPR test unknown: 0.8395644917736818
2026-08-26 08:51:33,870 INFO Epoch: 299, loss: -0.1778418868780136, labeled_loss: 0.002736993134021759, unnlabeled_loss: 0.038712065666913986, mixup_loss: -1.9993491172790527, energy_loss: 0.0
2026-08-26 08:51:33,870 INFO Best AUROC test all: 0.9358369114307622, AUPR test all: 0.8637214411459382, AUROC test unknown: 0.930123614635451, AUPR test unknown: 0.8395644917736818
2026-08-26 08:51:45,441 INFO Epoch: 300, loss: -0.17975251376628876, labeled_loss: 0.001444414141587913, unnlabeled_loss: 0.03745970129966736, mixup_loss: -1.9992676973342896, energy_loss: 0.0
2026-08-26 08:51:45,441 INFO Best AUROC test all: 0.9358369114307622, AUPR test all: 0.8637214411459382, AUROC test unknown: 0.930123614635451, AUPR test unknown: 0.8395644917736818
2026-08-26 08:51:57,050 INFO Epoch: 301, loss: -0.1757078319787979, labeled_loss: 0.000510821002535522, unnlabeled_loss: 0.04740804433822632, mixup_loss: -1.9992268085479736, energy_loss: 0.0
2026-08-26 08:51:57,050 INFO Best AUROC test all: 0.9358369114307622, AUPR test all: 0.8637214411459382, AUROC test unknown: 0.930123614635451, AUPR test unknown: 0.8395644917736818
2026-08-26 08:52:08,673 INFO Epoch: 302, loss: -0.19026871025562286, labeled_loss: 0.0005531830829568207, unnlabeled_loss: 0.01818842999637127, mixup_loss: -1.9991610050201416, energy_loss: 0.0
2026-08-26 08:52:08,673 INFO Best AUROC test all: 0.9358369114307622, AUPR test all: 0.8637214411459382, AUROC test unknown: 0.930123614635451, AUPR test unknown: 0.8395644917736818
2026-08-26 08:52:20,262 INFO Epoch: 303, loss: -0.1753455102443695, labeled_loss: 0.0008300626650452614, unnlabeled_loss: 0.047430600970983505, mixup_loss: -1.9989087581634521, energy_loss: 0.0
2026-08-26 08:52:20,262 INFO Best AUROC test all: 0.9358369114307622, AUPR test all: 0.8637214411459382, AUROC test unknown: 0.930123614635451, AUPR test unknown: 0.8395644917736818
2026-08-26 08:52:31,884 INFO Epoch: 304, loss: -0.17999862134456635, labeled_loss: 0.0004433253197930753, unnlabeled_loss: 0.03894006088376045, mixup_loss: -1.999119758605957, energy_loss: 0.0
2026-08-26 08:52:31,884 INFO Best AUROC test all: 0.9358369114307622, AUPR test all: 0.8637214411459382, AUROC test unknown: 0.930123614635451, AUPR test unknown: 0.8395644917736818
2026-08-26 08:52:43,384 INFO Epoch: 305, loss: -0.1907048374414444, labeled_loss: 0.000460439216112718, unnlabeled_loss: 0.017444506287574768, mixup_loss: -1.9988752603530884, energy_loss: 0.0
2026-08-26 08:52:43,385 INFO Best AUROC test all: 0.9358369114307622, AUPR test all: 0.8637214411459382, AUROC test unknown: 0.930123614635451, AUPR test unknown: 0.8395644917736818
2026-08-26 08:52:54,941 INFO Epoch: 306, loss: -0.17538613080978394, labeled_loss: 0.0004683952429331839, unnlabeled_loss: 0.04813911393284798, mixup_loss: -1.999240756034851, energy_loss: 0.0
2026-08-26 08:52:54,941 INFO Best AUROC test all: 0.9358369114307622, AUPR test all: 0.8637214411459382, AUROC test unknown: 0.930123614635451, AUPR test unknown: 0.8395644917736818
2026-08-26 08:53:06,546 INFO Epoch: 307, loss: -0.18946248292922974, labeled_loss: 0.0005661128088831902, unnlabeled_loss: 0.019764849916100502, mixup_loss: -1.999110221862793, energy_loss: 0.0
2026-08-26 08:53:06,546 INFO Best AUROC test all: 0.9358369114307622, AUPR test all: 0.8637214411459382, AUROC test unknown: 0.930123614635451, AUPR test unknown: 0.8395644917736818
2026-08-26 08:53:18,068 INFO Epoch: 308, loss: -0.17784711718559265, labeled_loss: 0.0007445181254297495, unnlabeled_loss: 0.04263709485530853, mixup_loss: -1.9991017580032349, energy_loss: 0.0
2026-08-26 08:53:18,068 INFO Best AUROC test all: 0.9358369114307622, AUPR test all: 0.8637214411459382, AUROC test unknown: 0.930123614635451, AUPR test unknown: 0.8395644917736818
2026-08-26 08:53:29,607 INFO Epoch: 309, loss: -0.19066794216632843, labeled_loss: 0.0007494481396861374, unnlabeled_loss: 0.017001425847411156, mixup_loss: -1.9991810321807861, energy_loss: 0.0
2026-08-26 08:53:29,607 INFO Best AUROC test all: 0.9358369114307622, AUPR test all: 0.8637214411459382, AUROC test unknown: 0.930123614635451, AUPR test unknown: 0.8395644917736818
2026-08-26 08:53:41,143 INFO Epoch: 310, loss: -0.17976635694503784, labeled_loss: 0.000777058710809797, unnlabeled_loss: 0.03875312954187393, mixup_loss: -1.9991997480392456, energy_loss: 0.0
2026-08-26 08:53:41,143 INFO Best AUROC test all: 0.9358369114307622, AUPR test all: 0.8637214411459382, AUROC test unknown: 0.930123614635451, AUPR test unknown: 0.8395644917736818
2026-08-26 08:53:52,655 INFO Epoch: 311, loss: -0.17807075381278992, labeled_loss: 0.0007825972861610353, unnlabeled_loss: 0.04208233579993248, mixup_loss: -1.9989451169967651, energy_loss: 0.0
2026-08-26 08:53:52,655 INFO Best AUROC test all: 0.9358369114307622, AUPR test all: 0.8637214411459382, AUROC test unknown: 0.930123614635451, AUPR test unknown: 0.8395644917736818
2026-08-26 08:54:04,204 INFO Epoch: 312, loss: -0.18603643774986267, labeled_loss: 0.0012161366175860167, unnlabeled_loss: 0.025316793471574783, mixup_loss: -1.9991096258163452, energy_loss: 0.0
2026-08-26 08:54:04,205 INFO Best AUROC test all: 0.9358369114307622, AUPR test all: 0.8637214411459382, AUROC test unknown: 0.930123614635451, AUPR test unknown: 0.8395644917736818
2026-08-26 08:54:15,849 INFO Epoch: 313, loss: -0.19175848364830017, labeled_loss: 0.0012372748460620642, unnlabeled_loss: 0.01382294949144125, mixup_loss: -1.9990721940994263, energy_loss: 0.0
2026-08-26 08:54:15,849 INFO Best AUROC test all: 0.9358369114307622, AUPR test all: 0.8637214411459382, AUROC test unknown: 0.930123614635451, AUPR test unknown: 0.8395644917736818
2026-08-26 08:54:27,478 INFO Epoch: 314, loss: -0.1761436015367508, labeled_loss: 0.0010531547013670206, unnlabeled_loss: 0.04540353640913963, mixup_loss: -1.9989851713180542, energy_loss: 0.0
2026-08-26 08:54:27,478 INFO Best AUROC test all: 0.9358369114307622, AUPR test all: 0.8637214411459382, AUROC test unknown: 0.930123614635451, AUPR test unknown: 0.8395644917736818
2026-08-26 08:54:39,087 INFO Epoch: 315, loss: -0.1797163039445877, labeled_loss: 0.000772753672208637, unnlabeled_loss: 0.03885415568947792, mixup_loss: -1.9991613626480103, energy_loss: 0.0
2026-08-26 08:54:39,087 INFO Best AUROC test all: 0.9358369114307622, AUPR test all: 0.8637214411459382, AUROC test unknown: 0.930123614635451, AUPR test unknown: 0.8395644917736818
2026-08-26 08:54:50,840 INFO Epoch: 316, loss: -0.18733105063438416, labeled_loss: 0.0006280377856455743, unnlabeled_loss: 0.023919150233268738, mixup_loss: -1.9991865158081055, energy_loss: 0.0
2026-08-26 08:54:50,841 INFO Best AUROC test all: 0.9358369114307622, AUPR test all: 0.8637214411459382, AUROC test unknown: 0.930123614635451, AUPR test unknown: 0.8395644917736818
2026-08-26 08:55:02,469 INFO Epoch: 317, loss: -0.18262560665607452, labeled_loss: 0.0005025739083066583, unnlabeled_loss: 0.0335584357380867, mixup_loss: -1.99907386302948, energy_loss: 0.0
2026-08-26 08:55:02,469 INFO Best AUROC test all: 0.9358369114307622, AUPR test all: 0.8637214411459382, AUROC test unknown: 0.930123614635451, AUPR test unknown: 0.8395644917736818
2026-08-26 08:55:14,025 INFO Epoch: 318, loss: -0.1870386004447937, labeled_loss: 0.0006858552806079388, unnlabeled_loss: 0.02436109259724617, mixup_loss: -1.9990500211715698, energy_loss: 0.0
2026-08-26 08:55:14,025 INFO Best AUROC test all: 0.9358369114307622, AUPR test all: 0.8637214411459382, AUROC test unknown: 0.930123614635451, AUPR test unknown: 0.8395644917736818
2026-08-26 08:55:25,789 INFO Epoch: 319, loss: -0.1790478527545929, labeled_loss: 0.0007039946503937244, unnlabeled_loss: 0.040341153740882874, mixup_loss: -1.999224305152893, energy_loss: 0.0
2026-08-26 08:55:25,789 INFO Best AUROC test all: 0.9358369114307622, AUPR test all: 0.8637214411459382, AUROC test unknown: 0.930123614635451, AUPR test unknown: 0.8395644917736818
2026-08-26 08:55:37,378 INFO Epoch: 320, loss: -0.189829021692276, labeled_loss: 0.0006121649057604373, unnlabeled_loss: 0.01893751695752144, mixup_loss: -1.9990993738174438, energy_loss: 0.0
2026-08-26 08:55:37,378 INFO Best AUROC test all: 0.9358369114307622, AUPR test all: 0.8637214411459382, AUROC test unknown: 0.930123614635451, AUPR test unknown: 0.8395644917736818
2026-08-26 08:55:48,885 INFO Epoch: 321, loss: -0.1847304403781891, labeled_loss: 0.0006414961535483599, unnlabeled_loss: 0.029103495180606842, mixup_loss: -1.999236822128296, energy_loss: 0.0
2026-08-26 08:55:48,886 INFO Best AUROC test all: 0.9358369114307622, AUPR test all: 0.8637214411459382, AUROC test unknown: 0.930123614635451, AUPR test unknown: 0.8395644917736818
2026-08-26 08:56:00,533 INFO Epoch: 322, loss: -0.17524148523807526, labeled_loss: 0.0005333428853191435, unnlabeled_loss: 0.048218537122011185, mixup_loss: -1.9988409280776978, energy_loss: 0.0
2026-08-26 08:56:00,533 INFO Best AUROC test all: 0.9358369114307622, AUPR test all: 0.8637214411459382, AUROC test unknown: 0.930123614635451, AUPR test unknown: 0.8395644917736818
2026-08-26 08:56:12,156 INFO Epoch: 323, loss: -0.18645434081554413, labeled_loss: 0.0011741839116439223, unnlabeled_loss: 0.02461581863462925, mixup_loss: -1.9993643760681152, energy_loss: 0.0
2026-08-26 08:56:12,157 INFO Best AUROC test all: 0.9358369114307622, AUPR test all: 0.8637214411459382, AUROC test unknown: 0.930123614635451, AUPR test unknown: 0.8395644917736818
2026-08-26 08:56:23,817 INFO Epoch: 324, loss: -0.1784057766199112, labeled_loss: 0.0008613389218226075, unnlabeled_loss: 0.04129153862595558, mixup_loss: -1.999128818511963, energy_loss: 0.0
2026-08-26 08:56:23,817 INFO Best AUROC test all: 0.9358369114307622, AUPR test all: 0.8637214411459382, AUROC test unknown: 0.930123614635451, AUPR test unknown: 0.8395644917736818
2026-08-26 08:56:35,343 INFO Epoch: 325, loss: -0.18630506098270416, labeled_loss: 0.0009087921935133636, unnlabeled_loss: 0.02538735419511795, mixup_loss: -1.9990752935409546, energy_loss: 0.0
2026-08-26 08:56:35,343 INFO Best AUROC test all: 0.9358369114307622, AUPR test all: 0.8637214411459382, AUROC test unknown: 0.930123614635451, AUPR test unknown: 0.8395644917736818
2026-08-26 08:56:46,945 INFO Epoch: 326, loss: -0.18050459027290344, labeled_loss: 0.0009252956369891763, unnlabeled_loss: 0.036991577595472336, mixup_loss: -1.9992567300796509, energy_loss: 0.0
2026-08-26 08:56:46,945 INFO Best AUROC test all: 0.9358369114307622, AUPR test all: 0.8637214411459382, AUROC test unknown: 0.930123614635451, AUPR test unknown: 0.8395644917736818
2026-08-26 08:56:58,577 INFO Epoch: 327, loss: -0.16916009783744812, labeled_loss: 0.0007275796961039305, unnlabeled_loss: 0.06009625270962715, mixup_loss: -1.999358057975769, energy_loss: 0.0
2026-08-26 08:56:58,578 INFO Best AUROC test all: 0.9358369114307622, AUPR test all: 0.8637214411459382, AUROC test unknown: 0.930123614635451, AUPR test unknown: 0.8395644917736818
2026-08-26 08:57:10,120 INFO Epoch: 328, loss: -0.1797970086336136, labeled_loss: 0.0009696626220829785, unnlabeled_loss: 0.03829675540328026, mixup_loss: -1.9991505146026611, energy_loss: 0.0
2026-08-26 08:57:10,120 INFO Best AUROC test all: 0.9358369114307622, AUPR test all: 0.8637214411459382, AUROC test unknown: 0.930123614635451, AUPR test unknown: 0.8395644917736818
2026-08-26 08:57:21,784 INFO Epoch: 329, loss: -0.19239270687103271, labeled_loss: 0.0006843425217084587, unnlabeled_loss: 0.013662870973348618, mixup_loss: -1.9990848302841187, energy_loss: 0.0
2026-08-26 08:57:21,785 INFO Best AUROC test all: 0.9358369114307622, AUPR test all: 0.8637214411459382, AUROC test unknown: 0.930123614635451, AUPR test unknown: 0.8395644917736818
2026-08-26 08:57:33,470 INFO Epoch: 330, loss: -0.19513244926929474, labeled_loss: 0.0005083600408397615, unnlabeled_loss: 0.00851519126445055, mixup_loss: -1.9989840984344482, energy_loss: 0.0
2026-08-26 08:57:33,470 INFO Best AUROC test all: 0.9358369114307622, AUPR test all: 0.8637214411459382, AUROC test unknown: 0.930123614635451, AUPR test unknown: 0.8395644917736818
2026-08-26 08:57:45,195 INFO Epoch: 331, loss: -0.18642626702785492, labeled_loss: 0.0009160407935269177, unnlabeled_loss: 0.025145821273326874, mixup_loss: -1.9991520643234253, energy_loss: 0.0
2026-08-26 08:57:45,195 INFO Best AUROC test all: 0.9358369114307622, AUPR test all: 0.8637214411459382, AUROC test unknown: 0.930123614635451, AUPR test unknown: 0.8395644917736818
2026-08-26 08:57:56,777 INFO Epoch: 332, loss: -0.172371044754982, labeled_loss: 0.0002898290113080293, unnlabeled_loss: 0.05452229455113411, mixup_loss: -1.9992202520370483, energy_loss: 0.0
2026-08-26 08:57:56,777 INFO Best AUROC test all: 0.9358369114307622, AUPR test all: 0.8637214411459382, AUROC test unknown: 0.930123614635451, AUPR test unknown: 0.8395644917736818
2026-08-26 08:58:08,442 INFO Epoch: 333, loss: -0.1747874766588211, labeled_loss: 0.0037455696146935225, unnlabeled_loss: 0.042778294533491135, mixup_loss: -1.999221920967102, energy_loss: 0.0
2026-08-26 08:58:08,442 INFO Best AUROC test all: 0.9358369114307622, AUPR test all: 0.8637214411459382, AUROC test unknown: 0.930123614635451, AUPR test unknown: 0.8395644917736818
2026-08-26 08:58:20,021 INFO Epoch: 334, loss: -0.17635828256607056, labeled_loss: 0.00031834031688049436, unnlabeled_loss: 0.04650011286139488, mixup_loss: -1.9992667436599731, energy_loss: 0.0
2026-08-26 08:58:20,021 INFO Best AUROC test all: 0.9358369114307622, AUPR test all: 0.8637214411459382, AUROC test unknown: 0.930123614635451, AUPR test unknown: 0.8395644917736818
2026-08-26 08:58:31,565 INFO Epoch: 335, loss: -0.19343116879463196, labeled_loss: 0.0007691667415201664, unnlabeled_loss: 0.011460172943770885, mixup_loss: -1.9993042945861816, energy_loss: 0.0
2026-08-26 08:58:31,566 INFO Best AUROC test all: 0.9358369114307622, AUPR test all: 0.8637214411459382, AUROC test unknown: 0.930123614635451, AUPR test unknown: 0.8395644917736818
2026-08-26 08:58:43,211 INFO Epoch: 336, loss: -0.17355547845363617, labeled_loss: 0.0009438638226129115, unnlabeled_loss: 0.050857603549957275, mixup_loss: -1.999281406402588, energy_loss: 0.0
2026-08-26 08:58:43,211 INFO Best AUROC test all: 0.9358369114307622, AUPR test all: 0.8637214411459382, AUROC test unknown: 0.930123614635451, AUPR test unknown: 0.8395644917736818
2026-08-26 08:58:54,863 INFO Epoch: 337, loss: -0.17986880242824554, labeled_loss: 0.0009342792327515781, unnlabeled_loss: 0.03824722021818161, mixup_loss: -1.9992668628692627, energy_loss: 0.0
2026-08-26 08:58:54,863 INFO Best AUROC test all: 0.9358369114307622, AUPR test all: 0.8637214411459382, AUROC test unknown: 0.930123614635451, AUPR test unknown: 0.8395644917736818
2026-08-26 08:59:06,434 INFO Epoch: 338, loss: -0.18535873293876648, labeled_loss: 0.001090114819817245, unnlabeled_loss: 0.026957577094435692, mixup_loss: -1.9992763996124268, energy_loss: 0.0
2026-08-26 08:59:06,434 INFO Best AUROC test all: 0.9358369114307622, AUPR test all: 0.8637214411459382, AUROC test unknown: 0.930123614635451, AUPR test unknown: 0.8395644917736818
2026-08-26 08:59:18,112 INFO Epoch: 339, loss: -0.17567574977874756, labeled_loss: 0.001024266704916954, unnlabeled_loss: 0.0464433953166008, mixup_loss: -1.99921715259552, energy_loss: 0.0
2026-08-26 08:59:18,112 INFO Best AUROC test all: 0.9358369114307622, AUPR test all: 0.8637214411459382, AUROC test unknown: 0.930123614635451, AUPR test unknown: 0.8395644917736818
2026-08-26 08:59:29,617 INFO Epoch: 340, loss: -0.1895052194595337, labeled_loss: 0.0008659359882585704, unnlabeled_loss: 0.019121738150715828, mixup_loss: -1.9993202686309814, energy_loss: 0.0
2026-08-26 08:59:29,617 INFO Best AUROC test all: 0.9358369114307622, AUPR test all: 0.8637214411459382, AUROC test unknown: 0.930123614635451, AUPR test unknown: 0.8395644917736818
2026-08-26 08:59:41,177 INFO Epoch: 341, loss: -0.18447242677211761, labeled_loss: 0.0007462682551704347, unnlabeled_loss: 0.029404206201434135, mixup_loss: -1.9992079734802246, energy_loss: 0.0
2026-08-26 08:59:41,177 INFO Best AUROC test all: 0.9358369114307622, AUPR test all: 0.8637214411459382, AUROC test unknown: 0.930123614635451, AUPR test unknown: 0.8395644917736818
2026-08-26 08:59:52,853 INFO Epoch: 342, loss: -0.18509170413017273, labeled_loss: 0.0006422630394808948, unnlabeled_loss: 0.02838701754808426, mixup_loss: -1.999274730682373, energy_loss: 0.0
2026-08-26 08:59:52,853 INFO Best AUROC test all: 0.9358369114307622, AUPR test all: 0.8637214411459382, AUROC test unknown: 0.930123614635451, AUPR test unknown: 0.8395644917736818
2026-08-26 09:00:04,476 INFO Epoch: 343, loss: -0.17001429200172424, labeled_loss: 0.0006419949932023883, unnlabeled_loss: 0.058512743562459946, mixup_loss: -1.9991265535354614, energy_loss: 0.0
2026-08-26 09:00:04,476 INFO Best AUROC test all: 0.9358369114307622, AUPR test all: 0.8637214411459382, AUROC test unknown: 0.930123614635451, AUPR test unknown: 0.8395644917736818
2026-08-26 09:00:16,160 INFO Epoch: 344, loss: -0.18162505328655243, labeled_loss: 0.0005080284317955375, unnlabeled_loss: 0.035550229251384735, mixup_loss: -1.9990819692611694, energy_loss: 0.0
2026-08-26 09:00:16,160 INFO Best AUROC test all: 0.9358369114307622, AUPR test all: 0.8637214411459382, AUROC test unknown: 0.930123614635451, AUPR test unknown: 0.8395644917736818
2026-08-26 09:00:27,811 INFO Epoch: 345, loss: -0.18067866563796997, labeled_loss: 0.00039218130405060947, unnlabeled_loss: 0.037713423371315, mixup_loss: -1.9992755651474, energy_loss: 0.0
2026-08-26 09:00:27,811 INFO Best AUROC test all: 0.9358369114307622, AUPR test all: 0.8637214411459382, AUROC test unknown: 0.930123614635451, AUPR test unknown: 0.8395644917736818
2026-08-26 09:00:39,511 INFO Epoch: 346, loss: -0.18750673532485962, labeled_loss: 0.0004510781727731228, unnlabeled_loss: 0.023929720744490623, mixup_loss: -1.9992265701293945, energy_loss: 0.0
2026-08-26 09:00:39,511 INFO Best AUROC test all: 0.9358369114307622, AUPR test all: 0.8637214411459382, AUROC test unknown: 0.930123614635451, AUPR test unknown: 0.8395644917736818
2026-08-26 09:00:51,151 INFO Epoch: 347, loss: -0.19253621995449066, labeled_loss: 0.0006230225553736091, unnlabeled_loss: 0.013532575219869614, mixup_loss: -1.9992552995681763, energy_loss: 0.0
2026-08-26 09:00:51,151 INFO Best AUROC test all: 0.9358369114307622, AUPR test all: 0.8637214411459382, AUROC test unknown: 0.930123614635451, AUPR test unknown: 0.8395644917736818
2026-08-26 09:01:02,719 INFO Epoch: 348, loss: -0.18617284297943115, labeled_loss: 0.0008358304621651769, unnlabeled_loss: 0.02582799829542637, mixup_loss: -1.9992265701293945, energy_loss: 0.0
2026-08-26 09:01:02,719 INFO Best AUROC test all: 0.9358369114307622, AUPR test all: 0.8637214411459382, AUROC test unknown: 0.930123614635451, AUPR test unknown: 0.8395644917736818
2026-08-26 09:01:14,342 INFO Epoch: 349, loss: -0.18854786455631256, labeled_loss: 0.0005468190065585077, unnlabeled_loss: 0.02168814279139042, mixup_loss: -1.9993876218795776, energy_loss: 0.0
2026-08-26 09:01:14,343 INFO Best AUROC test all: 0.9358369114307622, AUPR test all: 0.8637214411459382, AUROC test unknown: 0.930123614635451, AUPR test unknown: 0.8395644917736818
2026-08-26 09:01:26,009 INFO Epoch: 350, loss: -0.18285878002643585, labeled_loss: 0.000515325169544667, unnlabeled_loss: 0.0330711230635643, mixup_loss: -1.9990967512130737, energy_loss: 0.0
2026-08-26 09:01:26,009 INFO Best AUROC test all: 0.9358369114307622, AUPR test all: 0.8637214411459382, AUROC test unknown: 0.930123614635451, AUPR test unknown: 0.8395644917736818
2026-08-26 09:01:37,811 INFO Epoch: 351, loss: -0.1702384501695633, labeled_loss: 0.0003880108124576509, unnlabeled_loss: 0.058567244559526443, mixup_loss: -1.999100923538208, energy_loss: 0.0
2026-08-26 09:01:37,811 INFO Best AUROC test all: 0.9358369114307622, AUPR test all: 0.8637214411459382, AUROC test unknown: 0.930123614635451, AUPR test unknown: 0.8395644917736818
2026-08-26 09:01:49,415 INFO Epoch: 352, loss: -0.16714923083782196, labeled_loss: 0.0005427710129879415, unnlabeled_loss: 0.064444400370121, mixup_loss: -1.9991419315338135, energy_loss: 0.0
2026-08-26 09:01:49,416 INFO Best AUROC test all: 0.9358369114307622, AUPR test all: 0.8637214411459382, AUROC test unknown: 0.930123614635451, AUPR test unknown: 0.8395644917736818
2026-08-26 09:02:00,983 INFO Epoch: 353, loss: -0.183750718832016, labeled_loss: 0.000978361815214157, unnlabeled_loss: 0.03037131018936634, mixup_loss: -1.9991474151611328, energy_loss: 0.0
2026-08-26 09:02:00,983 INFO Best AUROC test all: 0.9358369114307622, AUPR test all: 0.8637214411459382, AUROC test unknown: 0.930123614635451, AUPR test unknown: 0.8395644917736818
2026-08-26 09:02:12,679 INFO Epoch: 354, loss: -0.1684209406375885, labeled_loss: 0.0033467335160821676, unnlabeled_loss: 0.05627911910414696, mixup_loss: -1.9990723133087158, energy_loss: 0.0
2026-08-26 09:02:12,680 INFO Best AUROC test all: 0.9358369114307622, AUPR test all: 0.8637214411459382, AUROC test unknown: 0.930123614635451, AUPR test unknown: 0.8395644917736818
2026-08-26 09:02:24,289 INFO Epoch: 355, loss: -0.16814512014389038, labeled_loss: 0.002550039440393448, unnlabeled_loss: 0.058474134653806686, mixup_loss: -1.9993221759796143, energy_loss: 0.0
2026-08-26 09:02:24,289 INFO Best AUROC test all: 0.9358369114307622, AUPR test all: 0.8637214411459382, AUROC test unknown: 0.930123614635451, AUPR test unknown: 0.8395644917736818
2026-08-26 09:02:35,949 INFO Epoch: 356, loss: -0.1732984036207199, labeled_loss: 0.0014543920988216996, unnlabeled_loss: 0.05025367811322212, mixup_loss: -1.9987963438034058, energy_loss: 0.0
2026-08-26 09:02:35,949 INFO Best AUROC test all: 0.9358369114307622, AUPR test all: 0.8637214411459382, AUROC test unknown: 0.930123614635451, AUPR test unknown: 0.8395644917736818
2026-08-26 09:02:47,612 INFO Epoch: 357, loss: -0.18915168941020966, labeled_loss: 0.001055997097864747, unnlabeled_loss: 0.019451897591352463, mixup_loss: -1.9993363618850708, energy_loss: 0.0
2026-08-26 09:02:47,612 INFO Best AUROC test all: 0.9358369114307622, AUPR test all: 0.8637214411459382, AUROC test unknown: 0.930123614635451, AUPR test unknown: 0.8395644917736818
2026-08-26 09:02:59,183 INFO Epoch: 358, loss: -0.17878437042236328, labeled_loss: 0.0007360059535130858, unnlabeled_loss: 0.04079725220799446, mixup_loss: -1.9991899728775024, energy_loss: 0.0
2026-08-26 09:02:59,183 INFO Best AUROC test all: 0.9358369114307622, AUPR test all: 0.8637214411459382, AUROC test unknown: 0.930123614635451, AUPR test unknown: 0.8395644917736818
2026-08-26 09:03:10,876 INFO Epoch: 359, loss: -0.19610415399074554, labeled_loss: 0.0007743011810816824, unnlabeled_loss: 0.006071463227272034, mixup_loss: -1.999141812324524, energy_loss: 0.0
2026-08-26 09:03:10,876 INFO Best AUROC test all: 0.9358369114307622, AUPR test all: 0.8637214411459382, AUROC test unknown: 0.930123614635451, AUPR test unknown: 0.8395644917736818
2026-08-26 09:03:22,611 INFO Epoch: 360, loss: -0.17617225646972656, labeled_loss: 0.00023969431640580297, unnlabeled_loss: 0.04700465127825737, mixup_loss: -1.9991427659988403, energy_loss: 0.0
2026-08-26 09:03:22,611 INFO Best AUROC test all: 0.9358369114307622, AUPR test all: 0.8637214411459382, AUROC test unknown: 0.930123614635451, AUPR test unknown: 0.8395644917736818
2026-08-26 09:03:34,246 INFO Epoch: 361, loss: -0.1831534504890442, labeled_loss: 0.0004181785334367305, unnlabeled_loss: 0.03267974779009819, mixup_loss: -1.999114990234375, energy_loss: 0.0
2026-08-26 09:03:34,246 INFO Best AUROC test all: 0.9358369114307622, AUPR test all: 0.8637214411459382, AUROC test unknown: 0.930123614635451, AUPR test unknown: 0.8395644917736818
2026-08-26 09:03:45,854 INFO Epoch: 362, loss: -0.1728665679693222, labeled_loss: 0.00036513799568638206, unnlabeled_loss: 0.053328774869441986, mixup_loss: -1.9989609718322754, energy_loss: 0.0
2026-08-26 09:03:45,854 INFO Best AUROC test all: 0.9358369114307622, AUPR test all: 0.8637214411459382, AUROC test unknown: 0.930123614635451, AUPR test unknown: 0.8395644917736818
2026-08-26 09:03:57,633 INFO Epoch: 363, loss: -0.17190419137477875, labeled_loss: 0.0002649460220709443, unnlabeled_loss: 0.055511441081762314, mixup_loss: -1.9992485046386719, energy_loss: 0.0
2026-08-26 09:03:57,633 INFO Best AUROC test all: 0.9358369114307622, AUPR test all: 0.8637214411459382, AUROC test unknown: 0.930123614635451, AUPR test unknown: 0.8395644917736818
2026-08-26 09:04:09,274 INFO Epoch: 364, loss: -0.15685221552848816, labeled_loss: 0.0004084233951289207, unnlabeled_loss: 0.08534068614244461, mixup_loss: -1.999309778213501, energy_loss: 0.0
2026-08-26 09:04:09,274 INFO Best AUROC test all: 0.9358369114307622, AUPR test all: 0.8637214411459382, AUROC test unknown: 0.930123614635451, AUPR test unknown: 0.8395644917736818
2026-08-26 09:04:20,778 INFO Epoch: 365, loss: -0.17386439442634583, labeled_loss: 0.0017294730059802532, unnlabeled_loss: 0.04861180856823921, mixup_loss: -1.998997688293457, energy_loss: 0.0
2026-08-26 09:04:20,778 INFO Best AUROC test all: 0.9358369114307622, AUPR test all: 0.8637214411459382, AUROC test unknown: 0.930123614635451, AUPR test unknown: 0.8395644917736818
2026-08-26 09:04:32,378 INFO Epoch: 366, loss: -0.17683285474777222, labeled_loss: 0.003412502584978938, unnlabeled_loss: 0.039379533380270004, mixup_loss: -1.9993512630462646, energy_loss: 0.0
2026-08-26 09:04:32,379 INFO Best AUROC test all: 0.9358369114307622, AUPR test all: 0.8637214411459382, AUROC test unknown: 0.930123614635451, AUPR test unknown: 0.8395644917736818
2026-08-26 09:04:44,042 INFO Epoch: 367, loss: -0.17218537628650665, labeled_loss: 0.007716393563896418, unnlabeled_loss: 0.040037110447883606, mixup_loss: -1.9992032051086426, energy_loss: 0.0
2026-08-26 09:04:44,042 INFO Best AUROC test all: 0.9358369114307622, AUPR test all: 0.8637214411459382, AUROC test unknown: 0.930123614635451, AUPR test unknown: 0.8395644917736818
2026-08-26 09:04:55,684 INFO Epoch: 368, loss: -0.1756933182477951, labeled_loss: 0.0019957658369094133, unnlabeled_loss: 0.04445355385541916, mixup_loss: -1.999158501625061, energy_loss: 0.0
2026-08-26 09:04:55,684 INFO Best AUROC test all: 0.9358369114307622, AUPR test all: 0.8637214411459382, AUROC test unknown: 0.930123614635451, AUPR test unknown: 0.8395644917736818
2026-08-26 09:05:07,315 INFO Epoch: 369, loss: -0.18310199677944183, labeled_loss: 0.0010111082810908556, unnlabeled_loss: 0.031582608819007874, mixup_loss: -1.9990440607070923, energy_loss: 0.0
2026-08-26 09:05:07,315 INFO Best AUROC test all: 0.9358369114307622, AUPR test all: 0.8637214411459382, AUROC test unknown: 0.930123614635451, AUPR test unknown: 0.8395644917736818
2026-08-26 09:05:18,950 INFO Epoch: 370, loss: -0.17695944011211395, labeled_loss: 0.000578903709538281, unnlabeled_loss: 0.044763702899217606, mixup_loss: -1.9992018938064575, energy_loss: 0.0
2026-08-26 09:05:18,951 INFO Best AUROC test all: 0.9358369114307622, AUPR test all: 0.8637214411459382, AUROC test unknown: 0.930123614635451, AUPR test unknown: 0.8395644917736818
2026-08-26 09:05:30,657 INFO Epoch: 371, loss: -0.18943333625793457, labeled_loss: 0.0002579449792392552, unnlabeled_loss: 0.020461110398173332, mixup_loss: -1.999218225479126, energy_loss: 0.0
2026-08-26 09:05:30,657 INFO Best AUROC test all: 0.9358369114307622, AUPR test all: 0.8637214411459382, AUROC test unknown: 0.930123614635451, AUPR test unknown: 0.8395644917736818
2026-08-26 09:05:42,327 INFO Epoch: 372, loss: -0.1766555905342102, labeled_loss: 0.000406487233703956, unnlabeled_loss: 0.04571671783924103, mixup_loss: -1.9992042779922485, energy_loss: 0.0
2026-08-26 09:05:42,327 INFO Best AUROC test all: 0.9358369114307622, AUPR test all: 0.8637214411459382, AUROC test unknown: 0.930123614635451, AUPR test unknown: 0.8395644917736818
2026-08-26 09:05:53,879 INFO Epoch: 373, loss: -0.19238245487213135, labeled_loss: 0.00019496510503813624, unnlabeled_loss: 0.014684638008475304, mixup_loss: -1.9991973638534546, energy_loss: 0.0
2026-08-26 09:05:53,879 INFO Best AUROC test all: 0.9358369114307622, AUPR test all: 0.8637214411459382, AUROC test unknown: 0.930123614635451, AUPR test unknown: 0.8395644917736818
2026-08-26 09:06:05,560 INFO Epoch: 374, loss: -0.17205162346363068, labeled_loss: 0.0002025402500294149, unnlabeled_loss: 0.05532369017601013, mixup_loss: -1.9991600513458252, energy_loss: 0.0
2026-08-26 09:06:05,560 INFO Best AUROC test all: 0.9358369114307622, AUPR test all: 0.8637214411459382, AUROC test unknown: 0.930123614635451, AUPR test unknown: 0.8395644917736818
2026-08-26 09:06:17,250 INFO Epoch: 375, loss: -0.15008175373077393, labeled_loss: 0.00026822835206985474, unnlabeled_loss: 0.09904248267412186, mixup_loss: -1.9987123012542725, energy_loss: 0.0
2026-08-26 09:06:17,251 INFO Best AUROC test all: 0.9358369114307622, AUPR test all: 0.8637214411459382, AUROC test unknown: 0.930123614635451, AUPR test unknown: 0.8395644917736818
2026-08-26 09:06:28,889 INFO Epoch: 376, loss: -0.17799316346645355, labeled_loss: 0.0004373432893771678, unnlabeled_loss: 0.042969174683094025, mixup_loss: -1.9991509914398193, energy_loss: 0.0
2026-08-26 09:06:28,889 INFO Best AUROC test all: 0.9358369114307622, AUPR test all: 0.8637214411459382, AUROC test unknown: 0.930123614635451, AUPR test unknown: 0.8395644917736818
2026-08-26 09:06:40,507 INFO Epoch: 377, loss: -0.16412723064422607, labeled_loss: 0.00035337460576556623, unnlabeled_loss: 0.07087675482034683, mixup_loss: -1.999189853668213, energy_loss: 0.0
2026-08-26 09:06:40,507 INFO Best AUROC test all: 0.9358369114307622, AUPR test all: 0.8637214411459382, AUROC test unknown: 0.930123614635451, AUPR test unknown: 0.8395644917736818
2026-08-26 09:06:52,105 INFO Epoch: 378, loss: -0.18147119879722595, labeled_loss: 0.0009765615686774254, unnlabeled_loss: 0.03494768962264061, mixup_loss: -1.999216079711914, energy_loss: 0.0
2026-08-26 09:06:52,105 INFO Best AUROC test all: 0.9358369114307622, AUPR test all: 0.8637214411459382, AUROC test unknown: 0.930123614635451, AUPR test unknown: 0.8395644917736818
2026-08-26 09:07:03,827 INFO Epoch: 379, loss: -0.17067277431488037, labeled_loss: 0.0024644634686410427, unnlabeled_loss: 0.05358139052987099, mixup_loss: -1.9992793798446655, energy_loss: 0.0
2026-08-26 09:07:03,827 INFO Best AUROC test all: 0.9358369114307622, AUPR test all: 0.8637214411459382, AUROC test unknown: 0.930123614635451, AUPR test unknown: 0.8395644917736818
2026-08-26 09:07:15,412 INFO Epoch: 380, loss: -0.17958346009254456, labeled_loss: 0.006288346368819475, unnlabeled_loss: 0.028108803555369377, mixup_loss: -1.9992620944976807, energy_loss: 0.0
2026-08-26 09:07:15,412 INFO Best AUROC test all: 0.9370428410377227, AUPR test all: 0.8637214411459382, AUROC test unknown: 0.9313439848822335, AUPR test unknown: 0.8395644917736818
2026-08-26 09:07:26,972 INFO Epoch: 381, loss: -0.17451736330986023, labeled_loss: 0.004533693660050631, unnlabeled_loss: 0.04171110689640045, mixup_loss: -1.9990659952163696, energy_loss: 0.0
2026-08-26 09:07:26,972 INFO Best AUROC test all: 0.9449159401998154, AUPR test all: 0.8637214411459382, AUROC test unknown: 0.9399825378960271, AUPR test unknown: 0.8395644917736818
2026-08-26 09:07:38,538 INFO Epoch: 382, loss: -0.18519611656665802, labeled_loss: 0.0016915644519031048, unnlabeled_loss: 0.02606336586177349, mixup_loss: -1.999193549156189, energy_loss: 0.0
2026-08-26 09:07:38,538 INFO Best AUROC test all: 0.9469066701868858, AUPR test all: 0.864883185400951, AUROC test unknown: 0.9421137174360613, AUPR test unknown: 0.8395644917736818
2026-08-26 09:07:50,055 INFO Epoch: 383, loss: -0.1776190996170044, labeled_loss: 0.004938425496220589, unnlabeled_loss: 0.03475125879049301, mixup_loss: -1.9993315935134888, energy_loss: 0.0
2026-08-26 09:07:50,055 INFO Best AUROC test all: 0.9469066701868858, AUPR test all: 0.864883185400951, AUROC test unknown: 0.9421137174360613, AUPR test unknown: 0.8395644917736818
2026-08-26 09:08:01,665 INFO Epoch: 384, loss: -0.1695762574672699, labeled_loss: 0.0005217225989326835, unnlabeled_loss: 0.059662558138370514, mixup_loss: -1.9992926120758057, energy_loss: 0.0
2026-08-26 09:08:01,665 INFO Best AUROC test all: 0.9469066701868858, AUPR test all: 0.864883185400951, AUROC test unknown: 0.9421137174360613, AUPR test unknown: 0.8395644917736818
2026-08-26 09:08:13,276 INFO Epoch: 385, loss: -0.1852399855852127, labeled_loss: 0.00043726846342906356, unnlabeled_loss: 0.02851458080112934, mixup_loss: -1.9993454217910767, energy_loss: 0.0
2026-08-26 09:08:13,277 INFO Best AUROC test all: 0.9469066701868858, AUPR test all: 0.864883185400951, AUROC test unknown: 0.9421137174360613, AUPR test unknown: 0.8395644917736818
2026-08-26 09:08:24,797 INFO Epoch: 386, loss: -0.1849108636379242, labeled_loss: 0.00046478555304929614, unnlabeled_loss: 0.02912275865674019, mixup_loss: -1.9993703365325928, energy_loss: 0.0
2026-08-26 09:08:24,797 INFO Best AUROC test all: 0.9469066701868858, AUPR test all: 0.864883185400951, AUROC test unknown: 0.9421137174360613, AUPR test unknown: 0.8395644917736818
2026-08-26 09:08:36,339 INFO Epoch: 387, loss: -0.1689561903476715, labeled_loss: 0.0003880960284732282, unnlabeled_loss: 0.061191413551568985, mixup_loss: -1.9993999004364014, energy_loss: 0.0
2026-08-26 09:08:36,340 INFO Best AUROC test all: 0.9469066701868858, AUPR test all: 0.864883185400951, AUROC test unknown: 0.9421137174360613, AUPR test unknown: 0.8395644917736818
2026-08-26 09:08:48,075 INFO Epoch: 388, loss: -0.1725301891565323, labeled_loss: 0.00029884802643209696, unnlabeled_loss: 0.054195571690797806, mixup_loss: -1.9992681741714478, energy_loss: 0.0
2026-08-26 09:08:48,075 INFO Best AUROC test all: 0.9469066701868858, AUPR test all: 0.864883185400951, AUROC test unknown: 0.9421137174360613, AUPR test unknown: 0.8395644917736818
2026-08-26 09:08:59,645 INFO Epoch: 389, loss: -0.18032217025756836, labeled_loss: 0.00040418602293357253, unnlabeled_loss: 0.03839676082134247, mixup_loss: -1.9992473125457764, energy_loss: 0.0
2026-08-26 09:08:59,645 INFO Best AUROC test all: 0.9469066701868858, AUPR test all: 0.864883185400951, AUROC test unknown: 0.9421137174360613, AUPR test unknown: 0.8395644917736818
2026-08-26 09:09:11,239 INFO Epoch: 390, loss: -0.19336628913879395, labeled_loss: 0.00045630126260221004, unnlabeled_loss: 0.012166367843747139, mixup_loss: -1.999057650566101, energy_loss: 0.0
2026-08-26 09:09:11,239 INFO Best AUROC test all: 0.9469066701868858, AUPR test all: 0.864883185400951, AUROC test unknown: 0.9421137174360613, AUPR test unknown: 0.8395644917736818
2026-08-26 09:09:22,828 INFO Epoch: 391, loss: -0.18963345885276794, labeled_loss: 0.0006497275899164379, unnlabeled_loss: 0.019259780645370483, mixup_loss: -1.9991307258605957, energy_loss: 0.0
2026-08-26 09:09:22,828 INFO Best AUROC test all: 0.9469066701868858, AUPR test all: 0.864883185400951, AUROC test unknown: 0.9421137174360613, AUPR test unknown: 0.8395644917736818
2026-08-26 09:09:34,370 INFO Epoch: 392, loss: -0.18478329479694366, labeled_loss: 0.0007852226844988763, unnlabeled_loss: 0.0287579745054245, mixup_loss: -1.9994750022888184, energy_loss: 0.0
2026-08-26 09:09:34,370 INFO Best AUROC test all: 0.9469066701868858, AUPR test all: 0.864883185400951, AUROC test unknown: 0.9421137174360613, AUPR test unknown: 0.8395644917736818
2026-08-26 09:09:46,008 INFO Epoch: 393, loss: -0.17715874314308167, labeled_loss: 0.002315421123057604, unnlabeled_loss: 0.040889665484428406, mixup_loss: -1.9991899728775024, energy_loss: 0.0
2026-08-26 09:09:46,008 INFO Best AUROC test all: 0.9469066701868858, AUPR test all: 0.864883185400951, AUROC test unknown: 0.9421137174360613, AUPR test unknown: 0.8395644917736818
2026-08-26 09:09:57,589 INFO Epoch: 394, loss: -0.18299555778503418, labeled_loss: 0.0009773561032488942, unnlabeled_loss: 0.03190648928284645, mixup_loss: -1.999261498451233, energy_loss: 0.0
2026-08-26 09:09:57,589 INFO Best AUROC test all: 0.9469066701868858, AUPR test all: 0.864883185400951, AUROC test unknown: 0.9421137174360613, AUPR test unknown: 0.8395644917736818
2026-08-26 09:10:09,178 INFO Epoch: 395, loss: -0.17777161300182343, labeled_loss: 0.0008084712899290025, unnlabeled_loss: 0.04271257296204567, mixup_loss: -1.999363660812378, energy_loss: 0.0
2026-08-26 09:10:09,178 INFO Best AUROC test all: 0.9469066701868858, AUPR test all: 0.864883185400951, AUROC test unknown: 0.9421137174360613, AUPR test unknown: 0.8395644917736818
2026-08-26 09:10:20,815 INFO Epoch: 396, loss: -0.17545554041862488, labeled_loss: 0.002024739282205701, unnlabeled_loss: 0.04487014561891556, mixup_loss: -1.9991534948349, energy_loss: 0.0
2026-08-26 09:10:20,815 INFO Best AUROC test all: 0.9469066701868858, AUPR test all: 0.864883185400951, AUROC test unknown: 0.9421137174360613, AUPR test unknown: 0.8395644917736818
2026-08-26 09:10:32,422 INFO Epoch: 397, loss: -0.19081029295921326, labeled_loss: 0.00066801329376176, unnlabeled_loss: 0.016885854303836823, mixup_loss: -1.999212384223938, energy_loss: 0.0
2026-08-26 09:10:32,422 INFO Best AUROC test all: 0.9469066701868858, AUPR test all: 0.864883185400951, AUROC test unknown: 0.9421137174360613, AUPR test unknown: 0.8395644917736818
2026-08-26 09:10:44,024 INFO Epoch: 398, loss: -0.18115070462226868, labeled_loss: 0.0005478990497067571, unnlabeled_loss: 0.03644419088959694, mixup_loss: -1.9992069005966187, energy_loss: 0.0
2026-08-26 09:10:44,024 INFO Best AUROC test all: 0.9469066701868858, AUPR test all: 0.864883185400951, AUROC test unknown: 0.9421137174360613, AUPR test unknown: 0.8395644917736818
2026-08-26 09:10:55,549 INFO Epoch: 399, loss: -0.1766979843378067, labeled_loss: 0.0005228911177255213, unnlabeled_loss: 0.04542871192097664, mixup_loss: -1.999352216720581, energy_loss: 0.0
2026-08-26 09:10:55,549 INFO Best AUROC test all: 0.9469066701868858, AUPR test all: 0.864883185400951, AUROC test unknown: 0.9421137174360613, AUPR test unknown: 0.8395644917736818
