2026-08-25 16:12:42,840 INFO cli={'dataset': 'cs', 'method': 'demo', 'seed': 0, 'train_seed': None, 'epochs': None, 'set': ['num_epochs=400', 'mixup=true', 'energy_loss=false'], 'tag': 'E400_demo', 'rotations': [1]}
2026-08-25 16:12:42,840 INFO config={'alpha_plus': 0.05, 'alpha_r': 0.1, 'atlas_gate_q': 0.9, 'batch_size': 512, 'hidden_dim': 64, 'lambda_halo': 0.2, 'lambda_mixup': 0.2, 'lambda_un': 1.0, 'lr': 0.001, 'margin': 0.1, 'n_layers': 2, 'optimiser': 'adam', 'sampling_sizes': [25, 10], 'tau_minus': 0.05, 'tau_mu': 0.05, 'tau_plus': 0.95, 'use_atlas_gate': True, 'use_conformal': True, 'use_pl': True, 'version': 4, 'weight_decay': 0.0001, 'loss': 'bce', 'num_epochs': 400, 'ebd_dim': 64, 'drop_out': 0.5, 'gamma': 0.1, 'damping': 0.001, 'p_cutoff': [0.05, 0.95], 'unlabeled_loss': 0.5, 'mixup_loss': 0.1, 'energy_loss_weight': 0.1, 'used_unlabeled_data': True, 'energy_loss': False, 'mixup': True, 'thresh_warmup': True, 'used_augment_for_anormaly': True, 'batch_size_for_anormaly': 20, 'sample_size_for_anormaly': 25, 'div_loss_alpha': 0.5, 'mixup_loss_type': 'consistency', 'device': 0, 'input_dim': 6805, 'eval_batch_mult': 1}
2026-08-25 16:12:42,882 INFO cli={'dataset': 'cs', 'method': 'demo', 'seed': 0, 'train_seed': None, 'epochs': None, 'set': ['num_epochs=400', 'mixup=true', 'energy_loss=false'], 'tag': 'E400_demo', 'rotations': [0]}
2026-08-25 16:12:42,883 INFO config={'alpha_plus': 0.05, 'alpha_r': 0.1, 'atlas_gate_q': 0.9, 'batch_size': 512, 'hidden_dim': 64, 'lambda_halo': 0.2, 'lambda_mixup': 0.2, 'lambda_un': 1.0, 'lr': 0.001, 'margin': 0.1, 'n_layers': 2, 'optimiser': 'adam', 'sampling_sizes': [25, 10], 'tau_minus': 0.05, 'tau_mu': 0.05, 'tau_plus': 0.95, 'use_atlas_gate': True, 'use_conformal': True, 'use_pl': True, 'version': 4, 'weight_decay': 0.0001, 'loss': 'bce', 'num_epochs': 400, 'ebd_dim': 64, 'drop_out': 0.5, 'gamma': 0.1, 'damping': 0.001, 'p_cutoff': [0.05, 0.95], 'unlabeled_loss': 0.5, 'mixup_loss': 0.1, 'energy_loss_weight': 0.1, 'used_unlabeled_data': True, 'energy_loss': False, 'mixup': True, 'thresh_warmup': True, 'used_augment_for_anormaly': True, 'batch_size_for_anormaly': 20, 'sample_size_for_anormaly': 25, 'div_loss_alpha': 0.5, 'mixup_loss_type': 'consistency', 'device': 0, 'input_dim': 6805, 'eval_batch_mult': 1}
2026-08-25 16:12:56,718 INFO Epoch: 0, loss: 0.6244748830795288, labeled_loss: 0.7196943759918213, unnlabeled_loss: 0.0, mixup_loss: -0.9521949291229248, energy_loss: 0.0
2026-08-25 16:12:56,719 INFO Best AUROC test all: 0.7489987475317451, AUPR test all: 0.49217749401562627, AUROC test unknown: 0.7242878399985212, AUPR test unknown: 0.41539525706748387
2026-08-25 16:12:57,017 INFO Epoch: 0, loss: 0.6360150575637817, labeled_loss: 0.7266472578048706, unnlabeled_loss: 0.0, mixup_loss: -0.9063217639923096, energy_loss: 0.0
2026-08-25 16:12:57,017 INFO Best AUROC test all: 0.7646906890967188, AUPR test all: 0.5246029903995989, AUROC test unknown: 0.7676328507318697, AUPR test unknown: 0.5147496735198364
2026-08-25 16:13:08,883 INFO Epoch: 1, loss: 0.452475368976593, labeled_loss: 0.5660719871520996, unnlabeled_loss: 0.0, mixup_loss: -1.1359660625457764, energy_loss: 0.0
2026-08-25 16:13:08,883 INFO Best AUROC test all: 0.7489987475317451, AUPR test all: 0.49850628182821166, AUROC test unknown: 0.7242878399985212, AUPR test unknown: 0.41883091785254545
2026-08-25 16:13:09,391 INFO Epoch: 1, loss: 0.4908771216869354, labeled_loss: 0.6007753610610962, unnlabeled_loss: 0.0, mixup_loss: -1.0989824533462524, energy_loss: 0.0
2026-08-25 16:13:09,391 INFO Best AUROC test all: 0.7646906890967188, AUPR test all: 0.5246029903995989, AUROC test unknown: 0.7676328507318697, AUPR test unknown: 0.5147496735198364
2026-08-25 16:13:20,816 INFO Epoch: 2, loss: 0.3326525390148163, labeled_loss: 0.46341633796691895, unnlabeled_loss: 0.0, mixup_loss: -1.3076379299163818, energy_loss: 0.0
2026-08-25 16:13:20,816 INFO Best AUROC test all: 0.7489987475317451, AUPR test all: 0.5154166726505636, AUROC test unknown: 0.7242878399985212, AUPR test unknown: 0.4270698499163925
2026-08-25 16:13:21,721 INFO Epoch: 2, loss: 0.3903225064277649, labeled_loss: 0.5184834599494934, unnlabeled_loss: 0.0, mixup_loss: -1.2816094160079956, energy_loss: 0.0
2026-08-25 16:13:21,721 INFO Best AUROC test all: 0.7646906890967188, AUPR test all: 0.5246029903995989, AUROC test unknown: 0.7676328507318697, AUPR test unknown: 0.5147496735198364
2026-08-25 16:13:32,716 INFO Epoch: 3, loss: 0.2336554378271103, labeled_loss: 0.37928760051727295, unnlabeled_loss: 0.0, mixup_loss: -1.4563215970993042, energy_loss: 0.0
2026-08-25 16:13:32,717 INFO Best AUROC test all: 0.7489987475317451, AUPR test all: 0.5154166726505636, AUROC test unknown: 0.7242878399985212, AUPR test unknown: 0.4270698499163925
2026-08-25 16:13:33,787 INFO Epoch: 3, loss: 0.3138802647590637, labeled_loss: 0.45871469378471375, unnlabeled_loss: 0.0, mixup_loss: -1.448344111442566, energy_loss: 0.0
2026-08-25 16:13:33,787 INFO Best AUROC test all: 0.7646906890967188, AUPR test all: 0.5246029903995989, AUROC test unknown: 0.7676328507318697, AUPR test unknown: 0.5147496735198364
2026-08-25 16:13:44,595 INFO Epoch: 4, loss: 0.1409764438867569, labeled_loss: 0.2999245524406433, unnlabeled_loss: 0.0, mixup_loss: -1.589480996131897, energy_loss: 0.0
2026-08-25 16:13:44,595 INFO Best AUROC test all: 0.7493920952372629, AUPR test all: 0.5154166726505636, AUROC test unknown: 0.7242878399985212, AUPR test unknown: 0.42799543322122235
2026-08-25 16:13:45,731 INFO Epoch: 4, loss: 0.2390577644109726, labeled_loss: 0.3978859484195709, unnlabeled_loss: 0.0, mixup_loss: -1.5882817506790161, energy_loss: 0.0
2026-08-25 16:13:45,731 INFO Best AUROC test all: 0.7646906890967188, AUPR test all: 0.5246029903995989, AUROC test unknown: 0.7696346056155261, AUPR test unknown: 0.5147496735198364
2026-08-25 16:13:56,426 INFO Epoch: 5, loss: 0.07172486186027527, labeled_loss: 0.23995138704776764, unnlabeled_loss: 0.0, mixup_loss: -1.6822651624679565, energy_loss: 0.0
2026-08-25 16:13:56,426 INFO Best AUROC test all: 0.752702033524569, AUPR test all: 0.5257113781012397, AUROC test unknown: 0.724575077621137, AUPR test unknown: 0.43463490364606094
2026-08-25 16:13:57,944 INFO Epoch: 5, loss: 0.16921304166316986, labeled_loss: 0.3388151526451111, unnlabeled_loss: 0.0, mixup_loss: -1.6960210800170898, energy_loss: 0.0
2026-08-25 16:13:57,944 INFO Best AUROC test all: 0.7687718865722801, AUPR test all: 0.5246029903995989, AUROC test unknown: 0.7754635800743059, AUPR test unknown: 0.5147496735198364
2026-08-25 16:14:08,095 INFO Epoch: 6, loss: 0.049320757389068604, labeled_loss: 0.2006203979253769, unnlabeled_loss: 0.04947514832019806, mixup_loss: -1.7603721618652344, energy_loss: 0.0
2026-08-25 16:14:08,095 INFO Best AUROC test all: 0.7553947620793273, AUPR test all: 0.5371886712203688, AUROC test unknown: 0.726503430769992, AUPR test unknown: 0.44120869052141054
2026-08-25 16:14:10,390 INFO Epoch: 6, loss: 0.11607387661933899, labeled_loss: 0.2888250946998596, unnlabeled_loss: 0.0098003214225173, mixup_loss: -1.776513695716858, energy_loss: 0.0
2026-08-25 16:14:10,390 INFO Best AUROC test all: 0.7779196516086835, AUPR test all: 0.5320623132041237, AUROC test unknown: 0.7829008561782004, AUPR test unknown: 0.5231469647387238
2026-08-25 16:14:19,719 INFO Epoch: 7, loss: 0.022355735301971436, labeled_loss: 0.19214089214801788, unnlabeled_loss: 0.023827364668250084, mixup_loss: -1.8169883489608765, energy_loss: 0.0
2026-08-25 16:14:19,719 INFO Best AUROC test all: 0.7598232561690846, AUPR test all: 0.5545509241906632, AUROC test unknown: 0.7306845719461363, AUPR test unknown: 0.4530536039133013
2026-08-25 16:14:22,470 INFO Epoch: 7, loss: 0.06937436759471893, labeled_loss: 0.2502075135707855, unnlabeled_loss: 0.007410993333905935, mixup_loss: -1.8453865051269531, energy_loss: 0.0
2026-08-25 16:14:22,470 INFO Best AUROC test all: 0.7856987167604906, AUPR test all: 0.5543202709851238, AUROC test unknown: 0.7900142045094116, AUPR test unknown: 0.5455976939621343
2026-08-25 16:14:31,399 INFO Epoch: 8, loss: 0.01212736964225769, labeled_loss: 0.18970102071762085, unnlabeled_loss: 0.017092807218432426, mixup_loss: -1.8612004518508911, energy_loss: 0.0
2026-08-25 16:14:31,399 INFO Best AUROC test all: 0.7634769125898587, AUPR test all: 0.5693509624670378, AUROC test unknown: 0.7333642531218347, AUPR test unknown: 0.4645349492802418
2026-08-25 16:14:34,263 INFO Epoch: 8, loss: 0.04276326298713684, labeled_loss: 0.22602197527885437, unnlabeled_loss: 0.01240047998726368, mixup_loss: -1.8945894241333008, energy_loss: 0.0
2026-08-25 16:14:34,263 INFO Best AUROC test all: 0.7944728019366112, AUPR test all: 0.5802825565988865, AUROC test unknown: 0.796851694061561, AUPR test unknown: 0.5702103979876687
2026-08-25 16:14:43,015 INFO Epoch: 9, loss: 0.015916645526885986, labeled_loss: 0.19866855442523956, unnlabeled_loss: 0.012467967346310616, mixup_loss: -1.8898589611053467, energy_loss: 0.0
2026-08-25 16:14:43,015 INFO Best AUROC test all: 0.770820139027196, AUPR test all: 0.5850646073499739, AUROC test unknown: 0.740246887135523, AUPR test unknown: 0.4787104254510078
2026-08-25 16:14:46,084 INFO Epoch: 9, loss: 0.03771252930164337, labeled_loss: 0.21960555016994476, unnlabeled_loss: 0.020910928025841713, mixup_loss: -1.9234848022460938, energy_loss: 0.0
2026-08-25 16:14:46,084 INFO Best AUROC test all: 0.804761200805664, AUPR test all: 0.6046112654662661, AUROC test unknown: 0.8061605348081529, AUPR test unknown: 0.5932874074374651
2026-08-25 16:14:54,651 INFO Epoch: 10, loss: 0.02047760784626007, labeled_loss: 0.2072155475616455, unnlabeled_loss: 0.008696331642568111, mixup_loss: -1.9108608961105347, energy_loss: 0.0
2026-08-25 16:14:54,651 INFO Best AUROC test all: 0.7741965873804739, AUPR test all: 0.5956491051861736, AUROC test unknown: 0.7432541455477191, AUPR test unknown: 0.4884353387275474
2026-08-25 16:14:57,942 INFO Epoch: 10, loss: 0.03669755160808563, labeled_loss: 0.22105664014816284, unnlabeled_loss: 0.01975255273282528, mixup_loss: -1.9423537254333496, energy_loss: 0.0
2026-08-25 16:14:57,942 INFO Best AUROC test all: 0.8136443422517843, AUPR test all: 0.6308772457115762, AUROC test unknown: 0.8136747761102379, AUPR test unknown: 0.6175616460475184
2026-08-25 16:15:06,529 INFO Epoch: 11, loss: 0.024603620171546936, labeled_loss: 0.21435852348804474, unnlabeled_loss: 0.005560757126659155, mixup_loss: -1.9253528118133545, energy_loss: 0.0
2026-08-25 16:15:06,529 INFO Best AUROC test all: 0.7799293687017244, AUPR test all: 0.6085925905648839, AUROC test unknown: 0.7494569755184213, AUPR test unknown: 0.5042485980238947
2026-08-25 16:15:10,025 INFO Epoch: 11, loss: 0.04580920934677124, labeled_loss: 0.23265503346920013, unnlabeled_loss: 0.017575902864336967, mixup_loss: -1.9563376903533936, energy_loss: 0.0
2026-08-25 16:15:10,025 INFO Best AUROC test all: 0.8248781315731011, AUPR test all: 0.6577844644979938, AUROC test unknown: 0.8232280927540762, AUPR test unknown: 0.6419764621799734
2026-08-25 16:15:18,128 INFO Epoch: 12, loss: 0.023130327463150024, labeled_loss: 0.21474632620811462, unnlabeled_loss: 0.005471484735608101, mixup_loss: -1.9435174465179443, energy_loss: 0.0
2026-08-25 16:15:18,128 INFO Best AUROC test all: 0.7839911559090699, AUPR test all: 0.6165788689552201, AUROC test unknown: 0.7537543078303974, AUPR test unknown: 0.5143686940737875
2026-08-25 16:15:21,991 INFO Epoch: 12, loss: 0.04738187789916992, labeled_loss: 0.23547548055648804, unnlabeled_loss: 0.016470275819301605, mixup_loss: -1.9632874727249146, energy_loss: 0.0
2026-08-25 16:15:21,991 INFO Best AUROC test all: 0.8338805863740837, AUPR test all: 0.6784633005946907, AUROC test unknown: 0.8310853635699754, AUPR test unknown: 0.6604459620860451
2026-08-25 16:15:29,686 INFO Epoch: 13, loss: 0.0208597332239151, labeled_loss: 0.21338815987110138, unnlabeled_loss: 0.004435008391737938, mixup_loss: -1.9474592208862305, energy_loss: 0.0
2026-08-25 16:15:29,686 INFO Best AUROC test all: 0.7893471480474512, AUPR test all: 0.6258050052675643, AUROC test unknown: 0.7596399879742283, AUPR test unknown: 0.5250020724458864
2026-08-25 16:15:33,977 INFO Epoch: 13, loss: 0.04470549523830414, labeled_loss: 0.23431123793125153, unnlabeled_loss: 0.01402165275067091, mixup_loss: -1.9661656618118286, energy_loss: 0.0
2026-08-25 16:15:33,977 INFO Best AUROC test all: 0.8434452766124207, AUPR test all: 0.698021402873759, AUROC test unknown: 0.8399915148482544, AUPR test unknown: 0.6779441457735308
2026-08-25 16:15:41,365 INFO Epoch: 14, loss: 0.006674647331237793, labeled_loss: 0.19976425170898438, unnlabeled_loss: 0.004606551490724087, mixup_loss: -1.9539287090301514, energy_loss: 0.0
2026-08-25 16:15:41,365 INFO Best AUROC test all: 0.7933286540174885, AUPR test all: 0.6330951300688246, AUROC test unknown: 0.7636718943254341, AUPR test unknown: 0.5332017279943431
2026-08-25 16:15:45,620 INFO Epoch: 14, loss: 0.044038087129592896, labeled_loss: 0.23420976102352142, unnlabeled_loss: 0.012918459251523018, mixup_loss: -1.9663090705871582, energy_loss: 0.0
2026-08-25 16:15:45,620 INFO Best AUROC test all: 0.851218665870631, AUPR test all: 0.7172357210290147, AUROC test unknown: 0.8469392809239884, AUPR test unknown: 0.6950855027512183
2026-08-25 16:15:53,017 INFO Epoch: 15, loss: -0.005134150385856628, labeled_loss: 0.18933935463428497, unnlabeled_loss: 0.0039742798544466496, mixup_loss: -1.9646064043045044, energy_loss: 0.0
2026-08-25 16:15:53,017 INFO Best AUROC test all: 0.7967386517774884, AUPR test all: 0.6403534811560176, AUROC test unknown: 0.7674686131164635, AUPR test unknown: 0.5419616614400908
2026-08-25 16:15:57,318 INFO Epoch: 15, loss: 0.03828024864196777, labeled_loss: 0.22909021377563477, unnlabeled_loss: 0.01164289191365242, mixup_loss: -1.9663141965866089, energy_loss: 0.0
2026-08-25 16:15:57,318 INFO Best AUROC test all: 0.8589796362368549, AUPR test all: 0.7346354502410479, AUROC test unknown: 0.8536937560549321, AUPR test unknown: 0.7105156279827621
2026-08-25 16:16:04,734 INFO Epoch: 16, loss: -0.013489097356796265, labeled_loss: 0.18097302317619324, unnlabeled_loss: 0.004528049845248461, mixup_loss: -1.9672614336013794, energy_loss: 0.0
2026-08-25 16:16:04,734 INFO Best AUROC test all: 0.8028439906591534, AUPR test all: 0.6492549367326078, AUROC test unknown: 0.7734007979849764, AUPR test unknown: 0.5515940270116896
2026-08-25 16:16:09,175 INFO Epoch: 16, loss: 0.03481157124042511, labeled_loss: 0.22532393038272858, unnlabeled_loss: 0.01205670926719904, mixup_loss: -1.965407133102417, energy_loss: 0.0
2026-08-25 16:16:09,175 INFO Best AUROC test all: 0.8655722832408891, AUPR test all: 0.7482461502011886, AUROC test unknown: 0.8598266836708026, AUPR test unknown: 0.7230144539516623
2026-08-25 16:16:16,335 INFO Epoch: 17, loss: -0.026821225881576538, labeled_loss: 0.16792955994606018, unnlabeled_loss: 0.0046536605805158615, mixup_loss: -1.9707762002944946, energy_loss: 0.0
2026-08-25 16:16:16,335 INFO Best AUROC test all: 0.8062019302637818, AUPR test all: 0.6538541810210392, AUROC test unknown: 0.7780287737790336, AUPR test unknown: 0.5565157146803439
2026-08-25 16:16:20,988 INFO Epoch: 17, loss: 0.022090837359428406, labeled_loss: 0.21257659792900085, unnlabeled_loss: 0.0117063969373703, mixup_loss: -1.9633896350860596, energy_loss: 0.0
2026-08-25 16:16:20,988 INFO Best AUROC test all: 0.8714825995224705, AUPR test all: 0.7614747713673495, AUROC test unknown: 0.8651208702761379, AUPR test unknown: 0.735041970609592
2026-08-25 16:16:27,928 INFO Epoch: 18, loss: -0.0339454710483551, labeled_loss: 0.16044390201568604, unnlabeled_loss: 0.005871045868843794, mixup_loss: -1.9732489585876465, energy_loss: 0.0
2026-08-25 16:16:27,928 INFO Best AUROC test all: 0.8126964404235855, AUPR test all: 0.6636298813235062, AUROC test unknown: 0.7843440871205182, AUPR test unknown: 0.5676092878720768
2026-08-25 16:16:32,784 INFO Epoch: 18, loss: 0.010391995310783386, labeled_loss: 0.20090317726135254, unnlabeled_loss: 0.012073029763996601, mixup_loss: -1.9654769897460938, energy_loss: 0.0
2026-08-25 16:16:32,784 INFO Best AUROC test all: 0.8773927226212879, AUPR test all: 0.7728547322952526, AUROC test unknown: 0.8713000297893784, AUPR test unknown: 0.7469267614331364
2026-08-25 16:16:39,530 INFO Epoch: 19, loss: -0.04339343309402466, labeled_loss: 0.15065449476242065, unnlabeled_loss: 0.007171450182795525, mixup_loss: -1.9763364791870117, energy_loss: 0.0
2026-08-25 16:16:39,531 INFO Best AUROC test all: 0.8163336763093997, AUPR test all: 0.67134909967449, AUROC test unknown: 0.7885593375604754, AUPR test unknown: 0.5773980223666126
2026-08-25 16:16:44,549 INFO Epoch: 19, loss: 0.006521373987197876, labeled_loss: 0.19675034284591675, unnlabeled_loss: 0.013195101171731949, mixup_loss: -1.968265175819397, energy_loss: 0.0
2026-08-25 16:16:44,549 INFO Best AUROC test all: 0.8802917059739931, AUPR test all: 0.7784524552721072, AUROC test unknown: 0.8733900058919025, AUPR test unknown: 0.751607500879891
2026-08-25 16:16:51,324 INFO Epoch: 20, loss: -0.055749401450157166, labeled_loss: 0.13817240297794342, unnlabeled_loss: 0.008138241246342659, mixup_loss: -1.9799091815948486, energy_loss: 0.0
2026-08-25 16:16:51,324 INFO Best AUROC test all: 0.8206562326509229, AUPR test all: 0.6800786141156688, AUROC test unknown: 0.7937901241883827, AUPR test unknown: 0.5889272613377432
2026-08-25 16:16:56,407 INFO Epoch: 20, loss: 0.0006102025508880615, labeled_loss: 0.19035926461219788, unnlabeled_loss: 0.014282806776463985, mixup_loss: -1.9689044952392578, energy_loss: 0.0
2026-08-25 16:16:56,408 INFO Best AUROC test all: 0.8840782077423052, AUPR test all: 0.7862504067760422, AUROC test unknown: 0.8772152564246354, AUPR test unknown: 0.7589408632105868
2026-08-25 16:17:02,993 INFO Epoch: 21, loss: -0.06078295409679413, labeled_loss: 0.13270147144794464, unnlabeled_loss: 0.009479960426688194, mixup_loss: -1.9822441339492798, energy_loss: 0.0
2026-08-25 16:17:02,993 INFO Best AUROC test all: 0.8253187538607806, AUPR test all: 0.6862655480401653, AUROC test unknown: 0.7986566799845384, AUPR test unknown: 0.5946540669212711
2026-08-25 16:17:08,244 INFO Epoch: 21, loss: -0.00624614953994751, labeled_loss: 0.18334469199180603, unnlabeled_loss: 0.01472577266395092, mixup_loss: -1.9695372581481934, energy_loss: 0.0
2026-08-25 16:17:08,244 INFO Best AUROC test all: 0.8866648145652445, AUPR test all: 0.7909574845883343, AUROC test unknown: 0.879351768915621, AUPR test unknown: 0.7628389370207731
2026-08-25 16:17:14,712 INFO Epoch: 22, loss: -0.07034070789813995, labeled_loss: 0.12151841074228287, unnlabeled_loss: 0.012739722616970539, mixup_loss: -1.9822897911071777, energy_loss: 0.0
2026-08-25 16:17:14,712 INFO Best AUROC test all: 0.8301859200122166, AUPR test all: 0.6947860654946719, AUROC test unknown: 0.804221980957745, AUPR test unknown: 0.6064136798682979
2026-08-25 16:17:20,112 INFO Epoch: 22, loss: -0.011921793222427368, labeled_loss: 0.17653320729732513, unnlabeled_loss: 0.01716972328722477, mixup_loss: -1.9703985452651978, energy_loss: 0.0
2026-08-25 16:17:20,112 INFO Best AUROC test all: 0.887152683837548, AUPR test all: 0.7909574845883343, AUROC test unknown: 0.8795419946500914, AUPR test unknown: 0.7628389370207731
2026-08-25 16:17:26,351 INFO Epoch: 23, loss: -0.07617709040641785, labeled_loss: 0.11559700965881348, unnlabeled_loss: 0.013411201536655426, mixup_loss: -1.9847970008850098, energy_loss: 0.0
2026-08-25 16:17:26,351 INFO Best AUROC test all: 0.8340061551708357, AUPR test all: 0.7001814518222217, AUROC test unknown: 0.8085037102115221, AUPR test unknown: 0.6127644786908383
2026-08-25 16:17:31,896 INFO Epoch: 23, loss: -0.017935439944267273, labeled_loss: 0.1715903878211975, unnlabeled_loss: 0.015927573665976524, mixup_loss: -1.9748961925506592, energy_loss: 0.0
2026-08-25 16:17:31,897 INFO Best AUROC test all: 0.887152683837548, AUPR test all: 0.7909574845883343, AUROC test unknown: 0.8795419946500914, AUPR test unknown: 0.7628389370207731
2026-08-25 16:17:37,970 INFO Epoch: 24, loss: -0.08322449028491974, labeled_loss: 0.10878428816795349, unnlabeled_loss: 0.012824601493775845, mixup_loss: -1.984210729598999, energy_loss: 0.0
2026-08-25 16:17:37,971 INFO Best AUROC test all: 0.836540795830196, AUPR test all: 0.7067763188023688, AUROC test unknown: 0.8111789877366486, AUPR test unknown: 0.6212646309667601
2026-08-25 16:17:43,606 INFO Epoch: 24, loss: -0.023693054914474487, labeled_loss: 0.16643482446670532, unnlabeled_loss: 0.015079951845109463, mixup_loss: -1.976678490638733, energy_loss: 0.0
2026-08-25 16:17:43,606 INFO Best AUROC test all: 0.8879564069293736, AUPR test all: 0.7909574845883343, AUROC test unknown: 0.8803712558379824, AUPR test unknown: 0.7628389370207731
2026-08-25 16:17:49,640 INFO Epoch: 25, loss: -0.08770967274904251, labeled_loss: 0.10350020974874496, unnlabeled_loss: 0.014885097742080688, mixup_loss: -1.986524224281311, energy_loss: 0.0
2026-08-25 16:17:49,640 INFO Best AUROC test all: 0.8398326393319189, AUPR test all: 0.7105623230157769, AUROC test unknown: 0.8145844448926624, AUPR test unknown: 0.623808200813552
2026-08-25 16:17:55,302 INFO Epoch: 25, loss: -0.027800321578979492, labeled_loss: 0.1618804782629013, unnlabeled_loss: 0.016284015029668808, mixup_loss: -1.9782280921936035, energy_loss: 0.0
2026-08-25 16:17:55,302 INFO Best AUROC test all: 0.8879564069293736, AUPR test all: 0.7909574845883343, AUROC test unknown: 0.8803712558379824, AUPR test unknown: 0.7628389370207731
2026-08-25 16:18:01,369 INFO Epoch: 26, loss: -0.08822493255138397, labeled_loss: 0.1031251847743988, unnlabeled_loss: 0.014653749763965607, mixup_loss: -1.9867699146270752, energy_loss: 0.0
2026-08-25 16:18:01,369 INFO Best AUROC test all: 0.8413980544655806, AUPR test all: 0.7164837545296281, AUROC test unknown: 0.8161556347971032, AUPR test unknown: 0.6317232990615814
2026-08-25 16:18:07,106 INFO Epoch: 26, loss: -0.03078235685825348, labeled_loss: 0.15951207280158997, unnlabeled_loss: 0.015401159413158894, mixup_loss: -1.9799500703811646, energy_loss: 0.0
2026-08-25 16:18:07,106 INFO Best AUROC test all: 0.8879564069293736, AUPR test all: 0.7909574845883343, AUROC test unknown: 0.8803712558379824, AUPR test unknown: 0.7628389370207731
2026-08-25 16:18:13,052 INFO Epoch: 27, loss: -0.09395714849233627, labeled_loss: 0.09719636291265488, unnlabeled_loss: 0.014812503941357136, mixup_loss: -1.9855976104736328, energy_loss: 0.0
2026-08-25 16:18:13,053 INFO Best AUROC test all: 0.8432725068269409, AUPR test all: 0.7194205771225451, AUROC test unknown: 0.8184260591731032, AUPR test unknown: 0.635911905550627
2026-08-25 16:18:18,806 INFO Epoch: 27, loss: -0.03449283540248871, labeled_loss: 0.15556694567203522, unnlabeled_loss: 0.01630571484565735, mixup_loss: -1.9821263551712036, energy_loss: 0.0
2026-08-25 16:18:18,806 INFO Best AUROC test all: 0.8879564069293736, AUPR test all: 0.7909574845883343, AUROC test unknown: 0.8803712558379824, AUPR test unknown: 0.7628389370207731
2026-08-25 16:18:24,693 INFO Epoch: 28, loss: -0.10152611136436462, labeled_loss: 0.09038451313972473, unnlabeled_loss: 0.014047713950276375, mixup_loss: -1.9893447160720825, energy_loss: 0.0
2026-08-25 16:18:24,693 INFO Best AUROC test all: 0.8432725068269409, AUPR test all: 0.7212021771372266, AUROC test unknown: 0.8184260591731032, AUPR test unknown: 0.6388145916922501
2026-08-25 16:18:30,739 INFO Epoch: 28, loss: -0.04106968641281128, labeled_loss: 0.14950449764728546, unnlabeled_loss: 0.01574363373219967, mixup_loss: -1.9844599962234497, energy_loss: 0.0
2026-08-25 16:18:30,739 INFO Best AUROC test all: 0.8879564069293736, AUPR test all: 0.7909574845883343, AUROC test unknown: 0.8803712558379824, AUPR test unknown: 0.7628389370207731
2026-08-25 16:18:36,323 INFO Epoch: 29, loss: -0.10433926433324814, labeled_loss: 0.08791226893663406, unnlabeled_loss: 0.012941813096404076, mixup_loss: -1.9872243404388428, energy_loss: 0.0
2026-08-25 16:18:36,323 INFO Best AUROC test all: 0.845295369547129, AUPR test all: 0.7236297799376102, AUROC test unknown: 0.8204943831708785, AUPR test unknown: 0.6402557431949643
2026-08-25 16:18:42,421 INFO Epoch: 29, loss: -0.04437758028507233, labeled_loss: 0.14622798562049866, unnlabeled_loss: 0.015559370629489422, mixup_loss: -1.983852505683899, energy_loss: 0.0
2026-08-25 16:18:42,421 INFO Best AUROC test all: 0.8879564069293736, AUPR test all: 0.7909574845883343, AUROC test unknown: 0.8803712558379824, AUPR test unknown: 0.7628389370207731
2026-08-25 16:18:48,005 INFO Epoch: 30, loss: -0.11519650369882584, labeled_loss: 0.07798877358436584, unnlabeled_loss: 0.011518081650137901, mixup_loss: -1.989443063735962, energy_loss: 0.0
2026-08-25 16:18:48,005 INFO Best AUROC test all: 0.8456239642299115, AUPR test all: 0.7248945464444833, AUROC test unknown: 0.8209370968417127, AUPR test unknown: 0.6424275516852063
2026-08-25 16:18:54,207 INFO Epoch: 30, loss: -0.0481928288936615, labeled_loss: 0.142872154712677, unnlabeled_loss: 0.015137551352381706, mixup_loss: -1.9863375425338745, energy_loss: 0.0
2026-08-25 16:18:54,207 INFO Best AUROC test all: 0.8884466771874613, AUPR test all: 0.7909574845883343, AUROC test unknown: 0.8804628163091519, AUPR test unknown: 0.7628389370207731
2026-08-25 16:18:59,597 INFO Epoch: 31, loss: -0.12091685831546783, labeled_loss: 0.0730450227856636, unnlabeled_loss: 0.009687968529760838, mixup_loss: -1.9880586862564087, energy_loss: 0.0
2026-08-25 16:18:59,597 INFO Best AUROC test all: 0.8467224014273448, AUPR test all: 0.7267892267948916, AUROC test unknown: 0.822000344680798, AUPR test unknown: 0.6441152943860448
2026-08-25 16:19:05,932 INFO Epoch: 31, loss: -0.05058649182319641, labeled_loss: 0.14035673439502716, unnlabeled_loss: 0.01574726030230522, mixup_loss: -1.988168478012085, energy_loss: 0.0
2026-08-25 16:19:05,932 INFO Best AUROC test all: 0.8884466771874613, AUPR test all: 0.7909574845883343, AUROC test unknown: 0.8804628163091519, AUPR test unknown: 0.7628389370207731
2026-08-25 16:19:11,150 INFO Epoch: 32, loss: -0.12967543303966522, labeled_loss: 0.06509354710578918, unnlabeled_loss: 0.008476401679217815, mixup_loss: -1.9900717735290527, energy_loss: 0.0
2026-08-25 16:19:11,151 INFO Best AUROC test all: 0.8475568405786835, AUPR test all: 0.7284177409600036, AUROC test unknown: 0.8230713777391659, AUPR test unknown: 0.6461606625541871
2026-08-25 16:19:17,693 INFO Epoch: 32, loss: -0.05767570436000824, labeled_loss: 0.13397254049777985, unnlabeled_loss: 0.014274928718805313, mixup_loss: -1.9878569841384888, energy_loss: 0.0
2026-08-25 16:19:17,693 INFO Best AUROC test all: 0.8884466771874613, AUPR test all: 0.7909574845883343, AUROC test unknown: 0.8804628163091519, AUPR test unknown: 0.7628389370207731
2026-08-25 16:19:22,752 INFO Epoch: 33, loss: -0.13075673580169678, labeled_loss: 0.06451251357793808, unnlabeled_loss: 0.00741725554689765, mixup_loss: -1.9897786378860474, energy_loss: 0.0
2026-08-25 16:19:22,752 INFO Best AUROC test all: 0.848437100841863, AUPR test all: 0.7306791915997995, AUROC test unknown: 0.8245123065723671, AUPR test unknown: 0.649657931792907
2026-08-25 16:19:29,457 INFO Epoch: 33, loss: -0.060214340686798096, labeled_loss: 0.13121230900287628, unnlabeled_loss: 0.014739235863089561, mixup_loss: -1.9879627227783203, energy_loss: 0.0
2026-08-25 16:19:29,457 INFO Best AUROC test all: 0.8884466771874613, AUPR test all: 0.7909574845883343, AUROC test unknown: 0.8804628163091519, AUPR test unknown: 0.7628389370207731
2026-08-25 16:19:34,326 INFO Epoch: 34, loss: -0.14051857590675354, labeled_loss: 0.055792029947042465, unnlabeled_loss: 0.005492852069437504, mixup_loss: -1.990570306777954, energy_loss: 0.0
2026-08-25 16:19:34,326 INFO Best AUROC test all: 0.8495323183265588, AUPR test all: 0.73293731368293, AUROC test unknown: 0.825176594542844, AUPR test unknown: 0.6525583268987619
2026-08-25 16:19:41,153 INFO Epoch: 34, loss: -0.06527729332447052, labeled_loss: 0.12693190574645996, unnlabeled_loss: 0.01324539352208376, mixup_loss: -1.9883190393447876, energy_loss: 0.0
2026-08-25 16:19:41,153 INFO Best AUROC test all: 0.89024591705928, AUPR test all: 0.7909574845883343, AUROC test unknown: 0.8821190347023423, AUPR test unknown: 0.7628389370207731
2026-08-25 16:19:45,900 INFO Epoch: 35, loss: -0.14530077576637268, labeled_loss: 0.051050182431936264, unnlabeled_loss: 0.004788420163094997, mixup_loss: -1.9874516725540161, energy_loss: 0.0
2026-08-25 16:19:45,900 INFO Best AUROC test all: 0.8505319931355724, AUPR test all: 0.734366249391513, AUROC test unknown: 0.8267038023076217, AUPR test unknown: 0.6550546597086396
2026-08-25 16:19:52,803 INFO Epoch: 35, loss: -0.06707791984081268, labeled_loss: 0.12545230984687805, unnlabeled_loss: 0.013063976541161537, mixup_loss: -1.9906220436096191, energy_loss: 0.0
2026-08-25 16:19:52,803 INFO Best AUROC test all: 0.89024591705928, AUPR test all: 0.7909574845883343, AUROC test unknown: 0.8821190347023423, AUPR test unknown: 0.7628389370207731
2026-08-25 16:19:57,487 INFO Epoch: 36, loss: -0.14758549630641937, labeled_loss: 0.04919923469424248, unnlabeled_loss: 0.0045516774989664555, mixup_loss: -1.9906057119369507, energy_loss: 0.0
2026-08-25 16:19:57,487 INFO Best AUROC test all: 0.8523306718574569, AUPR test all: 0.7363736620496903, AUROC test unknown: 0.8286475410504501, AUPR test unknown: 0.655916987397914
2026-08-25 16:20:04,495 INFO Epoch: 36, loss: -0.07626324146986008, labeled_loss: 0.11689145863056183, unnlabeled_loss: 0.011436923407018185, mixup_loss: -1.9887316226959229, energy_loss: 0.0
2026-08-25 16:20:04,495 INFO Best AUROC test all: 0.8905844652540102, AUPR test all: 0.7909574845883343, AUROC test unknown: 0.8824002220755026, AUPR test unknown: 0.7628389370207731
2026-08-25 16:20:09,067 INFO Epoch: 37, loss: -0.15917891263961792, labeled_loss: 0.03746474161744118, unnlabeled_loss: 0.004722724203020334, mixup_loss: -1.9900500774383545, energy_loss: 0.0
2026-08-25 16:20:09,067 INFO Best AUROC test all: 0.8528456971069042, AUPR test all: 0.7400347493682551, AUROC test unknown: 0.8294815163563, AUPR test unknown: 0.6617767110126765
2026-08-25 16:20:16,258 INFO Epoch: 37, loss: -0.08246210217475891, labeled_loss: 0.1100929006934166, unnlabeled_loss: 0.012158267199993134, mixup_loss: -1.9863413572311401, energy_loss: 0.0
2026-08-25 16:20:16,258 INFO Best AUROC test all: 0.8912257584378322, AUPR test all: 0.7909574845883343, AUROC test unknown: 0.8832254944300968, AUPR test unknown: 0.7628389370207731
2026-08-25 16:20:20,695 INFO Epoch: 38, loss: -0.16174434125423431, labeled_loss: 0.03559741750359535, unnlabeled_loss: 0.003411256242543459, mixup_loss: -1.9904738664627075, energy_loss: 0.0
2026-08-25 16:20:20,695 INFO Best AUROC test all: 0.8570134588592007, AUPR test all: 0.745625874118844, AUROC test unknown: 0.8340964551700216, AUPR test unknown: 0.6677792412556399
2026-08-25 16:20:27,993 INFO Epoch: 38, loss: -0.08697997033596039, labeled_loss: 0.10686875879764557, unnlabeled_loss: 0.010366560891270638, mixup_loss: -1.990320086479187, energy_loss: 0.0
2026-08-25 16:20:27,993 INFO Best AUROC test all: 0.89324458271833, AUPR test all: 0.7909574845883343, AUROC test unknown: 0.8850238086659179, AUPR test unknown: 0.7628389370207731
2026-08-25 16:20:32,325 INFO Epoch: 39, loss: -0.1657598465681076, labeled_loss: 0.03141994774341583, unnlabeled_loss: 0.003764369757845998, mixup_loss: -1.9906197786331177, energy_loss: 0.0
2026-08-25 16:20:32,325 INFO Best AUROC test all: 0.8612839570453523, AUPR test all: 0.7524355063691723, AUROC test unknown: 0.8387591708741464, AUPR test unknown: 0.6763514765521916
2026-08-25 16:20:39,790 INFO Epoch: 39, loss: -0.09161625057458878, labeled_loss: 0.10169853270053864, unnlabeled_loss: 0.010802701115608215, mixup_loss: -1.9871612787246704, energy_loss: 0.0
2026-08-25 16:20:39,790 INFO Best AUROC test all: 0.89324458271833, AUPR test all: 0.7909574845883343, AUROC test unknown: 0.8850238086659179, AUPR test unknown: 0.7628389370207731
2026-08-25 16:20:43,978 INFO Epoch: 40, loss: -0.16414740681648254, labeled_loss: 0.032979272305965424, unnlabeled_loss: 0.004011836834251881, mixup_loss: -1.991325855255127, energy_loss: 0.0
2026-08-25 16:20:43,978 INFO Best AUROC test all: 0.862956183849277, AUPR test all: 0.7557224711555155, AUROC test unknown: 0.8405984398029123, AUPR test unknown: 0.6807727792134475
2026-08-25 16:20:51,551 INFO Epoch: 40, loss: -0.09321217238903046, labeled_loss: 0.10058153420686722, unnlabeled_loss: 0.010212412104010582, mixup_loss: -1.9889990091323853, energy_loss: 0.0
2026-08-25 16:20:51,551 INFO Best AUROC test all: 0.89324458271833, AUPR test all: 0.7909574845883343, AUROC test unknown: 0.8850238086659179, AUPR test unknown: 0.7628389370207731
2026-08-25 16:20:55,591 INFO Epoch: 41, loss: -0.17029604315757751, labeled_loss: 0.026545599102973938, unnlabeled_loss: 0.004369197878986597, mixup_loss: -1.9902623891830444, energy_loss: 0.0
2026-08-25 16:20:55,591 INFO Best AUROC test all: 0.8666652745242069, AUPR test all: 0.7623401815251245, AUROC test unknown: 0.8445887778673609, AUPR test unknown: 0.6876479735421115
2026-08-25 16:21:03,398 INFO Epoch: 41, loss: -0.10048142075538635, labeled_loss: 0.09296869486570358, unnlabeled_loss: 0.010692759416997433, mixup_loss: -1.9879649877548218, energy_loss: 0.0
2026-08-25 16:21:03,398 INFO Best AUROC test all: 0.8938593270708387, AUPR test all: 0.79177287555104, AUROC test unknown: 0.886038027892399, AUPR test unknown: 0.7628389370207731
2026-08-25 16:21:07,175 INFO Epoch: 42, loss: -0.17661704123020172, labeled_loss: 0.020255545154213905, unnlabeled_loss: 0.004414829425513744, mixup_loss: -1.9908000230789185, energy_loss: 0.0
2026-08-25 16:21:07,175 INFO Best AUROC test all: 0.8697542209284087, AUPR test all: 0.76512760639381, AUROC test unknown: 0.8486532603595881, AUPR test unknown: 0.691784521093144
2026-08-25 16:21:15,123 INFO Epoch: 42, loss: -0.1048898845911026, labeled_loss: 0.08883501589298248, unnlabeled_loss: 0.009771051816642284, mixup_loss: -1.9861042499542236, energy_loss: 0.0
2026-08-25 16:21:15,123 INFO Best AUROC test all: 0.8938593270708387, AUPR test all: 0.79177287555104, AUROC test unknown: 0.886038027892399, AUPR test unknown: 0.7628389370207731
2026-08-25 16:21:18,808 INFO Epoch: 43, loss: -0.17778509855270386, labeled_loss: 0.018192846328020096, unnlabeled_loss: 0.00653839111328125, mixup_loss: -1.9924713373184204, energy_loss: 0.0
2026-08-25 16:21:18,808 INFO Best AUROC test all: 0.8729146817520941, AUPR test all: 0.7712075256901723, AUROC test unknown: 0.8518081987275081, AUPR test unknown: 0.6986394929264449
2026-08-25 16:21:26,802 INFO Epoch: 43, loss: -0.10974365472793579, labeled_loss: 0.08427457511425018, unnlabeled_loss: 0.009065724909305573, mixup_loss: -1.9855108261108398, energy_loss: 0.0
2026-08-25 16:21:26,802 INFO Best AUROC test all: 0.8949459985180123, AUPR test all: 0.79177287555104, AUROC test unknown: 0.8868421990143622, AUPR test unknown: 0.7628389370207731
2026-08-25 16:21:30,361 INFO Epoch: 44, loss: -0.18121880292892456, labeled_loss: 0.01398469042032957, unnlabeled_loss: 0.007631716784089804, mixup_loss: -1.990193486213684, energy_loss: 0.0
2026-08-25 16:21:30,361 INFO Best AUROC test all: 0.8738105990183556, AUPR test all: 0.7725149394097691, AUROC test unknown: 0.8529440252519459, AUPR test unknown: 0.7005642135337198
2026-08-25 16:21:38,575 INFO Epoch: 44, loss: -0.11417394131422043, labeled_loss: 0.08025623857975006, unnlabeled_loss: 0.008648950606584549, mixup_loss: -1.987546443939209, energy_loss: 0.0
2026-08-25 16:21:38,575 INFO Best AUROC test all: 0.8955749280049234, AUPR test all: 0.79177287555104, AUROC test unknown: 0.8879476031730003, AUPR test unknown: 0.7628389370207731
2026-08-25 16:21:41,944 INFO Epoch: 45, loss: -0.18072372674942017, labeled_loss: 0.012415772303938866, unnlabeled_loss: 0.012062406167387962, mixup_loss: -1.9917068481445312, energy_loss: 0.0
2026-08-25 16:21:41,944 INFO Best AUROC test all: 0.875297710738248, AUPR test all: 0.7751875860285609, AUROC test unknown: 0.8544211401323161, AUPR test unknown: 0.7026081023176574
2026-08-25 16:21:50,282 INFO Epoch: 45, loss: -0.12008984386920929, labeled_loss: 0.0750071257352829, unnlabeled_loss: 0.007492394186556339, mixup_loss: -1.988431692123413, energy_loss: 0.0
2026-08-25 16:21:50,282 INFO Best AUROC test all: 0.8969221386067936, AUPR test all: 0.7918708808952206, AUROC test unknown: 0.8890850296447453, AUPR test unknown: 0.7628389370207731
2026-08-25 16:21:53,524 INFO Epoch: 46, loss: -0.17074672877788544, labeled_loss: 0.00927591323852539, unnlabeled_loss: 0.03844105079770088, mixup_loss: -1.992431640625, energy_loss: 0.0
2026-08-25 16:21:53,524 INFO Best AUROC test all: 0.875646589611275, AUPR test all: 0.7767704500685761, AUROC test unknown: 0.8548494033053474, AUPR test unknown: 0.7051243235606703
2026-08-25 16:22:02,019 INFO Epoch: 46, loss: -0.12257729470729828, labeled_loss: 0.07081170380115509, unnlabeled_loss: 0.010186076164245605, mixup_loss: -1.9848203659057617, energy_loss: 0.0
2026-08-25 16:22:02,019 INFO Best AUROC test all: 0.8969221386067936, AUPR test all: 0.7918708808952206, AUROC test unknown: 0.8890850296447453, AUPR test unknown: 0.7628389370207731
2026-08-25 16:22:05,122 INFO Epoch: 47, loss: -0.18825581669807434, labeled_loss: 0.007883893325924873, unnlabeled_loss: 0.005874904803931713, mixup_loss: -1.9907715320587158, energy_loss: 0.0
2026-08-25 16:22:05,122 INFO Best AUROC test all: 0.8759806670048899, AUPR test all: 0.7777945694548508, AUROC test unknown: 0.8551285621319757, AUPR test unknown: 0.7063010890532179
2026-08-25 16:22:13,841 INFO Epoch: 47, loss: -0.1314825713634491, labeled_loss: 0.06383632123470306, unnlabeled_loss: 0.007058918941766024, mixup_loss: -1.9884835481643677, energy_loss: 0.0
2026-08-25 16:22:13,841 INFO Best AUROC test all: 0.8973040517325045, AUPR test all: 0.7924263194217778, AUROC test unknown: 0.8893379196458158, AUPR test unknown: 0.7628389370207731
2026-08-25 16:22:16,700 INFO Epoch: 48, loss: -0.18817710876464844, labeled_loss: 0.00644346047192812, unnlabeled_loss: 0.009348517283797264, mixup_loss: -1.9929481744766235, energy_loss: 0.0
2026-08-25 16:22:16,700 INFO Best AUROC test all: 0.87762464312934, AUPR test all: 0.7784612544882292, AUROC test unknown: 0.8572933858799391, AUPR test unknown: 0.7069564963989989
2026-08-25 16:22:25,595 INFO Epoch: 48, loss: -0.1356305629014969, labeled_loss: 0.05980001389980316, unnlabeled_loss: 0.006151076406240463, mixup_loss: -1.9850611686706543, energy_loss: 0.0
2026-08-25 16:22:25,595 INFO Best AUROC test all: 0.8973040517325045, AUPR test all: 0.7924263194217778, AUROC test unknown: 0.8893379196458158, AUPR test unknown: 0.7628389370207731
2026-08-25 16:22:28,322 INFO Epoch: 49, loss: -0.17969557642936707, labeled_loss: 0.004710882902145386, unnlabeled_loss: 0.029865995049476624, mixup_loss: -1.9933944940567017, energy_loss: 0.0
2026-08-25 16:22:28,323 INFO Best AUROC test all: 0.8800332550329859, AUPR test all: 0.7832407270656345, AUROC test unknown: 0.8598623451450841, AUPR test unknown: 0.7131773995169617
2026-08-25 16:22:37,337 INFO Epoch: 49, loss: -0.13782899081707, labeled_loss: 0.056686412543058395, unnlabeled_loss: 0.008260475471615791, mixup_loss: -1.9864563941955566, energy_loss: 0.0
2026-08-25 16:22:37,337 INFO Best AUROC test all: 0.8973040517325045, AUPR test all: 0.7924263194217778, AUROC test unknown: 0.8893379196458158, AUPR test unknown: 0.7628389370207731
2026-08-25 16:22:39,961 INFO Epoch: 50, loss: -0.14481866359710693, labeled_loss: 0.004417046904563904, unnlabeled_loss: 0.09996272623538971, mixup_loss: -1.9921705722808838, energy_loss: 0.0
2026-08-25 16:22:39,961 INFO Best AUROC test all: 0.8801108225124155, AUPR test all: 0.7838889937560333, AUROC test unknown: 0.8601258030546113, AUPR test unknown: 0.7137995248676106
2026-08-25 16:22:49,075 INFO Epoch: 50, loss: -0.1465422660112381, labeled_loss: 0.04844902083277702, unnlabeled_loss: 0.007478939834982157, mixup_loss: -1.9873075485229492, energy_loss: 0.0
2026-08-25 16:22:49,075 INFO Best AUROC test all: 0.8973040517325045, AUPR test all: 0.7924263194217778, AUROC test unknown: 0.8893379196458158, AUPR test unknown: 0.7628389370207731
2026-08-25 16:22:51,571 INFO Epoch: 51, loss: -0.18854095041751862, labeled_loss: 0.0039733354933559895, unnlabeled_loss: 0.01377910003066063, mixup_loss: -1.9940383434295654, energy_loss: 0.0
2026-08-25 16:22:51,571 INFO Best AUROC test all: 0.8843020605701559, AUPR test all: 0.789608372805795, AUROC test unknown: 0.865194633200372, AUPR test unknown: 0.7212220522293129
2026-08-25 16:23:00,859 INFO Epoch: 51, loss: -0.15214656293392181, labeled_loss: 0.043187521398067474, unnlabeled_loss: 0.006662502884864807, mixup_loss: -1.9866533279418945, energy_loss: 0.0
2026-08-25 16:23:00,859 INFO Best AUROC test all: 0.8973040517325045, AUPR test all: 0.7924263194217778, AUROC test unknown: 0.8893379196458158, AUPR test unknown: 0.7628389370207731
2026-08-25 16:23:03,173 INFO Epoch: 52, loss: -0.16662189364433289, labeled_loss: 0.0032667373307049274, unnlabeled_loss: 0.05879250913858414, mixup_loss: -1.9928487539291382, energy_loss: 0.0
2026-08-25 16:23:03,174 INFO Best AUROC test all: 0.8867263478752426, AUPR test all: 0.7940476779205418, AUROC test unknown: 0.8674228695165717, AUPR test unknown: 0.725489123891094
2026-08-25 16:23:12,615 INFO Epoch: 52, loss: -0.15583309531211853, labeled_loss: 0.03867032378911972, unnlabeled_loss: 0.008209258317947388, mixup_loss: -1.9860804080963135, energy_loss: 0.0
2026-08-25 16:23:12,615 INFO Best AUROC test all: 0.8973040517325045, AUPR test all: 0.7924263194217778, AUROC test unknown: 0.8893379196458158, AUPR test unknown: 0.7628389370207731
2026-08-25 16:23:14,803 INFO Epoch: 53, loss: -0.1360633671283722, labeled_loss: 0.0028855917043983936, unnlabeled_loss: 0.12093079835176468, mixup_loss: -1.9941436052322388, energy_loss: 0.0
2026-08-25 16:23:14,803 INFO Best AUROC test all: 0.8939898082293097, AUPR test all: 0.8064120117021816, AUROC test unknown: 0.8762215699503584, AUPR test unknown: 0.7418438640375681
2026-08-25 16:23:24,346 INFO Epoch: 53, loss: -0.16151371598243713, labeled_loss: 0.03408070653676987, unnlabeled_loss: 0.00633943872526288, mixup_loss: -1.987641453742981, energy_loss: 0.0
2026-08-25 16:23:24,346 INFO Best AUROC test all: 0.8973040517325045, AUPR test all: 0.7924263194217778, AUROC test unknown: 0.8893379196458158, AUPR test unknown: 0.7628389370207731
2026-08-25 16:23:26,381 INFO Epoch: 54, loss: -0.18388178944587708, labeled_loss: 0.004941945429891348, unnlabeled_loss: 0.021442463621497154, mixup_loss: -1.9954496622085571, energy_loss: 0.0
2026-08-25 16:23:26,381 INFO Best AUROC test all: 0.8990078961155086, AUPR test all: 0.8133112874530721, AUROC test unknown: 0.8818458363483842, AUPR test unknown: 0.7497231819946617
2026-08-25 16:23:36,108 INFO Epoch: 54, loss: -0.16494782269001007, labeled_loss: 0.03130272403359413, unnlabeled_loss: 0.00539030646905303, mixup_loss: -1.9894570112228394, energy_loss: 0.0
2026-08-25 16:23:36,108 INFO Best AUROC test all: 0.8973040517325045, AUPR test all: 0.7924263194217778, AUROC test unknown: 0.8893379196458158, AUPR test unknown: 0.7628389370207731
2026-08-25 16:23:37,955 INFO Epoch: 55, loss: -0.15470737218856812, labeled_loss: 0.00841415673494339, unnlabeled_loss: 0.07258663326501846, mixup_loss: -1.9941484928131104, energy_loss: 0.0
2026-08-25 16:23:37,955 INFO Best AUROC test all: 0.9030772266498382, AUPR test all: 0.8211596781788255, AUROC test unknown: 0.8865431288644072, AUPR test unknown: 0.7605472508694276
2026-08-25 16:23:47,793 INFO Epoch: 55, loss: -0.17048637568950653, labeled_loss: 0.025204556062817574, unnlabeled_loss: 0.006588804069906473, mixup_loss: -1.9898533821105957, energy_loss: 0.0
2026-08-25 16:23:47,793 INFO Best AUROC test all: 0.8973040517325045, AUPR test all: 0.7924263194217778, AUROC test unknown: 0.8893379196458158, AUPR test unknown: 0.7628389370207731
2026-08-25 16:23:49,533 INFO Epoch: 56, loss: -0.1775858998298645, labeled_loss: 0.007079508621245623, unnlabeled_loss: 0.029376547783613205, mixup_loss: -1.9935368299484253, energy_loss: 0.0
2026-08-25 16:23:49,533 INFO Best AUROC test all: 0.9059020002235402, AUPR test all: 0.8241614650859397, AUROC test unknown: 0.8896594782054634, AUPR test unknown: 0.7644618050028861
2026-08-25 16:23:59,508 INFO Epoch: 56, loss: -0.17066769301891327, labeled_loss: 0.025410491973161697, unnlabeled_loss: 0.0056538889184594154, mixup_loss: -1.9890512228012085, energy_loss: 0.0
2026-08-25 16:23:59,542 INFO Best AUROC test all: 0.8973040517325045, AUPR test all: 0.7924263194217778, AUROC test unknown: 0.8893379196458158, AUPR test unknown: 0.7628389370207731
2026-08-25 16:24:01,203 INFO Epoch: 57, loss: -0.18753322958946228, labeled_loss: 0.007694089785218239, unnlabeled_loss: 0.008616670966148376, mixup_loss: -1.995356559753418, energy_loss: 0.0
2026-08-25 16:24:01,204 INFO Best AUROC test all: 0.9059694210082577, AUPR test all: 0.8242184010707378, AUROC test unknown: 0.890091362157854, AUPR test unknown: 0.7655487143645069
2026-08-25 16:24:11,282 INFO Epoch: 57, loss: -0.17790067195892334, labeled_loss: 0.01938868872821331, unnlabeled_loss: 0.0035052967723459005, mixup_loss: -1.9904199838638306, energy_loss: 0.0
2026-08-25 16:24:11,282 INFO Best AUROC test all: 0.8973040517325045, AUPR test all: 0.7924263194217778, AUROC test unknown: 0.8893379196458158, AUPR test unknown: 0.7628389370207731
2026-08-25 16:24:12,827 INFO Epoch: 58, loss: -0.18035325407981873, labeled_loss: 0.004088184330612421, unnlabeled_loss: 0.03012988343834877, mixup_loss: -1.9950639009475708, energy_loss: 0.0
2026-08-25 16:24:12,827 INFO Best AUROC test all: 0.9059694210082577, AUPR test all: 0.8242184010707378, AUROC test unknown: 0.890091362157854, AUPR test unknown: 0.7655487143645069
2026-08-25 16:24:23,054 INFO Epoch: 58, loss: -0.17870761454105377, labeled_loss: 0.0171751007437706, unnlabeled_loss: 0.006280433852225542, mixup_loss: -1.9902293682098389, energy_loss: 0.0
2026-08-25 16:24:23,054 INFO Best AUROC test all: 0.8973040517325045, AUPR test all: 0.7924263194217778, AUROC test unknown: 0.8893379196458158, AUPR test unknown: 0.7628389370207731
2026-08-25 16:24:24,447 INFO Epoch: 59, loss: -0.1187710165977478, labeled_loss: 0.002303643152117729, unnlabeled_loss: 0.15683501958847046, mixup_loss: -1.9949216842651367, energy_loss: 0.0
2026-08-25 16:24:24,448 INFO Best AUROC test all: 0.9069175620151169, AUPR test all: 0.825198270668341, AUROC test unknown: 0.8910272738195363, AUPR test unknown: 0.7655487143645069
2026-08-25 16:24:34,744 INFO Epoch: 59, loss: -0.17765723168849945, labeled_loss: 0.013211292214691639, unnlabeled_loss: 0.01598314568400383, mixup_loss: -1.9886008501052856, energy_loss: 0.0
2026-08-25 16:24:34,745 INFO Best AUROC test all: 0.8973040517325045, AUPR test all: 0.7924263194217778, AUROC test unknown: 0.8893379196458158, AUPR test unknown: 0.7628389370207731
2026-08-25 16:24:36,097 INFO Epoch: 60, loss: -0.12431009858846664, labeled_loss: 0.0019149035215377808, unnlabeled_loss: 0.14624468982219696, mixup_loss: -1.9934734106063843, energy_loss: 0.0
2026-08-25 16:24:36,097 INFO Best AUROC test all: 0.9134085672876265, AUPR test all: 0.8340611561524082, AUROC test unknown: 0.8987906270744049, AUPR test unknown: 0.77640672328729
2026-08-25 16:24:46,427 INFO Epoch: 60, loss: -0.17160730063915253, labeled_loss: 0.012698343023657799, unnlabeled_loss: 0.029575131833553314, mixup_loss: -1.9909321069717407, energy_loss: 0.0
2026-08-25 16:24:46,428 INFO Best AUROC test all: 0.8973040517325045, AUPR test all: 0.7924263194217778, AUROC test unknown: 0.8893379196458158, AUPR test unknown: 0.7628389370207731
2026-08-25 16:24:47,691 INFO Epoch: 61, loss: -0.14741139113903046, labeled_loss: 0.004914228804409504, unnlabeled_loss: 0.09444031119346619, mixup_loss: -1.995457649230957, energy_loss: 0.0
2026-08-25 16:24:47,691 INFO Best AUROC test all: 0.922348191694337, AUPR test all: 0.8486005410155888, AUROC test unknown: 0.9090905700444114, AUPR test unknown: 0.7953455176633906
2026-08-25 16:24:58,188 INFO Epoch: 61, loss: -0.1768452674150467, labeled_loss: 0.0125759681686759, unnlabeled_loss: 0.019337056204676628, mixup_loss: -1.9908976554870605, energy_loss: 0.0
2026-08-25 16:24:58,189 INFO Best AUROC test all: 0.8973040517325045, AUPR test all: 0.7924263194217778, AUROC test unknown: 0.8893379196458158, AUPR test unknown: 0.7628389370207731
2026-08-25 16:24:59,359 INFO Epoch: 62, loss: -0.16054746508598328, labeled_loss: 0.009510553441941738, unnlabeled_loss: 0.05911579728126526, mixup_loss: -1.9961590766906738, energy_loss: 0.0
2026-08-25 16:24:59,359 INFO Best AUROC test all: 0.9252727855620722, AUPR test all: 0.8511021415151206, AUROC test unknown: 0.91250155079176, AUPR test unknown: 0.7960635584404059
2026-08-25 16:25:10,085 INFO Epoch: 62, loss: -0.18120215833187103, labeled_loss: 0.006731806788593531, unnlabeled_loss: 0.022370247170329094, mixup_loss: -1.9911909103393555, energy_loss: 0.0
2026-08-25 16:25:10,085 INFO Best AUROC test all: 0.8973040517325045, AUPR test all: 0.7924263194217778, AUROC test unknown: 0.8893379196458158, AUPR test unknown: 0.7628389370207731
2026-08-25 16:25:10,938 INFO Epoch: 63, loss: -0.12429638206958771, labeled_loss: 0.01177606638520956, unnlabeled_loss: 0.12685267627239227, mixup_loss: -1.9949878454208374, energy_loss: 0.0
2026-08-25 16:25:10,938 INFO Best AUROC test all: 0.9315442248242611, AUPR test all: 0.8609776386440227, AUROC test unknown: 0.9199068709453115, AUPR test unknown: 0.810117771708152
2026-08-25 16:25:21,696 INFO Epoch: 63, loss: -0.15006011724472046, labeled_loss: 0.011846652254462242, unnlabeled_loss: 0.07394227385520935, mixup_loss: -1.988779067993164, energy_loss: 0.0
2026-08-25 16:25:21,696 INFO Best AUROC test all: 0.8973040517325045, AUPR test all: 0.7924263194217778, AUROC test unknown: 0.8893379196458158, AUPR test unknown: 0.7628389370207731
2026-08-25 16:25:22,527 INFO Epoch: 64, loss: -0.12297599017620087, labeled_loss: 0.01232128869742155, unnlabeled_loss: 0.12871165573596954, mixup_loss: -1.9965310096740723, energy_loss: 0.0
2026-08-25 16:25:22,527 INFO Best AUROC test all: 0.9340078846165345, AUPR test all: 0.8650107648197523, AUROC test unknown: 0.9229187395990938, AUPR test unknown: 0.8156278324187506
2026-08-25 16:25:33,399 INFO Epoch: 64, loss: -0.13349397480487823, labeled_loss: 0.009575524367392063, unnlabeled_loss: 0.1121344342827797, mixup_loss: -1.9913671016693115, energy_loss: 0.0
2026-08-25 16:25:33,399 INFO Best AUROC test all: 0.8973040517325045, AUPR test all: 0.7924263194217778, AUROC test unknown: 0.8893379196458158, AUPR test unknown: 0.7628389370207731
2026-08-25 16:25:34,175 INFO Epoch: 65, loss: -0.1498766392469406, labeled_loss: 0.011864174157381058, unnlabeled_loss: 0.07569505274295807, mixup_loss: -1.9958834648132324, energy_loss: 0.0
2026-08-25 16:25:34,175 INFO Best AUROC test all: 0.9348987239358505, AUPR test all: 0.8672531084803303, AUROC test unknown: 0.923706753840826, AUPR test unknown: 0.8189099467751331
2026-08-25 16:25:45,026 INFO Epoch: 65, loss: -0.15466372668743134, labeled_loss: 0.008905882015824318, unnlabeled_loss: 0.07106651365756989, mixup_loss: -1.9910285472869873, energy_loss: 0.0
2026-08-25 16:25:45,026 INFO Best AUROC test all: 0.8973040517325045, AUPR test all: 0.7924263194217778, AUROC test unknown: 0.8893379196458158, AUPR test unknown: 0.7628389370207731
2026-08-25 16:25:45,770 INFO Epoch: 66, loss: -0.1532386690378189, labeled_loss: 0.015420016832649708, unnlabeled_loss: 0.06199092045426369, mixup_loss: -1.9965415000915527, energy_loss: 0.0
2026-08-25 16:25:45,770 INFO Best AUROC test all: 0.9348987239358505, AUPR test all: 0.8672531084803303, AUROC test unknown: 0.923706753840826, AUPR test unknown: 0.8189099467751331
2026-08-25 16:25:56,878 INFO Epoch: 66, loss: -0.16585057973861694, labeled_loss: 0.006098595913499594, unnlabeled_loss: 0.054591111838817596, mixup_loss: -1.9924471378326416, energy_loss: 0.0
2026-08-25 16:25:56,878 INFO Best AUROC test all: 0.8973040517325045, AUPR test all: 0.7924263194217778, AUROC test unknown: 0.8893379196458158, AUPR test unknown: 0.7628389370207731
2026-08-25 16:25:57,402 INFO Epoch: 67, loss: -0.15821290016174316, labeled_loss: 0.005000975914299488, unnlabeled_loss: 0.0725620910525322, mixup_loss: -1.9949491024017334, energy_loss: 0.0
2026-08-25 16:25:57,402 INFO Best AUROC test all: 0.9348987239358505, AUPR test all: 0.8672531084803303, AUROC test unknown: 0.923706753840826, AUPR test unknown: 0.8189099467751331
2026-08-25 16:26:08,648 INFO Epoch: 67, loss: -0.1458122730255127, labeled_loss: 0.007384503725916147, unnlabeled_loss: 0.09207860380411148, mixup_loss: -1.9923608303070068, energy_loss: 0.0
2026-08-25 16:26:08,649 INFO Best AUROC test all: 0.8997105202273854, AUPR test all: 0.7924263194217778, AUROC test unknown: 0.8912303114791619, AUPR test unknown: 0.7628389370207731
2026-08-25 16:26:09,058 INFO Epoch: 68, loss: -0.16974002122879028, labeled_loss: 0.002225083066150546, unnlabeled_loss: 0.05536390095949173, mixup_loss: -1.9964704513549805, energy_loss: 0.0
2026-08-25 16:26:09,058 INFO Best AUROC test all: 0.9348987239358505, AUPR test all: 0.8672531084803303, AUROC test unknown: 0.923706753840826, AUPR test unknown: 0.8189099467751331
2026-08-25 16:26:20,436 INFO Epoch: 68, loss: -0.14653602242469788, labeled_loss: 0.005666171666234732, unnlabeled_loss: 0.09390563517808914, mixup_loss: -1.9915502071380615, energy_loss: 0.0
2026-08-25 16:26:20,437 INFO Best AUROC test all: 0.9043479184787133, AUPR test all: 0.8028789170281623, AUROC test unknown: 0.8963543687620559, AUPR test unknown: 0.763592183039038
2026-08-25 16:26:20,758 INFO Epoch: 69, loss: -0.17469678819179535, labeled_loss: 0.001702520065009594, unnlabeled_loss: 0.04644496738910675, mixup_loss: -1.996217966079712, energy_loss: 0.0
2026-08-25 16:26:20,758 INFO Best AUROC test all: 0.9348987239358505, AUPR test all: 0.8672531084803303, AUROC test unknown: 0.923706753840826, AUPR test unknown: 0.8189099467751331
2026-08-25 16:26:32,042 INFO Epoch: 69, loss: -0.1407061219215393, labeled_loss: 0.008195100352168083, unnlabeled_loss: 0.10078795254230499, mixup_loss: -1.9929518699645996, energy_loss: 0.0
2026-08-25 16:26:32,043 INFO Best AUROC test all: 0.9066729834364178, AUPR test all: 0.8075115519219764, AUROC test unknown: 0.8990894802895304, AUPR test unknown: 0.7696733620413525
2026-08-25 16:26:32,353 INFO Epoch: 70, loss: -0.16200190782546997, labeled_loss: 0.0010912958532571793, unnlabeled_loss: 0.07289616018533707, mixup_loss: -1.995412826538086, energy_loss: 0.0
2026-08-25 16:26:32,353 INFO Best AUROC test all: 0.9348987239358505, AUPR test all: 0.8672531084803303, AUROC test unknown: 0.923706753840826, AUPR test unknown: 0.8189099467751331
2026-08-25 16:26:43,846 INFO Epoch: 70, loss: -0.12396323680877686, labeled_loss: 0.004860238637775183, unnlabeled_loss: 0.14086398482322693, mixup_loss: -1.9925546646118164, energy_loss: 0.0
2026-08-25 16:26:43,846 INFO Best AUROC test all: 0.9123088422050984, AUPR test all: 0.8192000710830333, AUROC test unknown: 0.9048050622658907, AUPR test unknown: 0.7844590701176094
2026-08-25 16:26:44,130 INFO Epoch: 71, loss: -0.170554518699646, labeled_loss: 0.001365177915431559, unnlabeled_loss: 0.05513285472989082, mixup_loss: -1.9948612451553345, energy_loss: 0.0
2026-08-25 16:26:44,131 INFO Best AUROC test all: 0.9348987239358505, AUPR test all: 0.8672531084803303, AUROC test unknown: 0.923706753840826, AUPR test unknown: 0.8189099467751331
2026-08-25 16:26:55,595 INFO Epoch: 71, loss: -0.13367116451263428, labeled_loss: 0.007359122391790152, unnlabeled_loss: 0.11621975898742676, mixup_loss: -1.9914015531539917, energy_loss: 0.0
2026-08-25 16:26:55,595 INFO Best AUROC test all: 0.9155871721125042, AUPR test all: 0.8262403967734817, AUROC test unknown: 0.9086768694864908, AUPR test unknown: 0.793080681948672
2026-08-25 16:26:55,766 INFO Epoch: 72, loss: -0.17160071432590485, labeled_loss: 0.0011284291977062821, unnlabeled_loss: 0.05316697806119919, mixup_loss: -1.9931262731552124, energy_loss: 0.0
2026-08-25 16:26:55,766 INFO Best AUROC test all: 0.9348987239358505, AUPR test all: 0.8672531084803303, AUROC test unknown: 0.923706753840826, AUPR test unknown: 0.8189099467751331
2026-08-25 16:27:07,281 INFO Epoch: 72, loss: -0.1513996571302414, labeled_loss: 0.009465540759265423, unnlabeled_loss: 0.07682261615991592, mixup_loss: -1.9927650690078735, energy_loss: 0.0
2026-08-25 16:27:07,281 INFO Best AUROC test all: 0.9214335265007656, AUPR test all: 0.8364399814433451, AUROC test unknown: 0.9150858385760778, AUPR test unknown: 0.8058264798981953
2026-08-25 16:27:07,409 INFO Epoch: 73, loss: -0.15409085154533386, labeled_loss: 0.0011608118657022715, unnlabeled_loss: 0.088460274040699, mixup_loss: -1.9948179721832275, energy_loss: 0.0
2026-08-25 16:27:07,409 INFO Best AUROC test all: 0.9348987239358505, AUPR test all: 0.8672531084803303, AUROC test unknown: 0.923706753840826, AUPR test unknown: 0.8189099467751331
2026-08-25 16:27:19,095 INFO Epoch: 73, loss: -0.12381245195865631, labeled_loss: 0.011551598086953163, unnlabeled_loss: 0.1275305598974228, mixup_loss: -1.9912933111190796, energy_loss: 0.0
2026-08-25 16:27:19,095 INFO Best AUROC test all: 0.9257556780784018, AUPR test all: 0.8470564576985343, AUROC test unknown: 0.9198873281464968, AUPR test unknown: 0.8197896306199208
2026-08-25 16:27:19,146 INFO Epoch: 74, loss: -0.11610979586839676, labeled_loss: 0.003276847768574953, unnlabeled_loss: 0.16049841046333313, mixup_loss: -1.9963583946228027, energy_loss: 0.0
2026-08-25 16:27:19,146 INFO Best AUROC test all: 0.9348987239358505, AUPR test all: 0.8672531084803303, AUROC test unknown: 0.923706753840826, AUPR test unknown: 0.8189099467751331
2026-08-25 16:27:30,917 INFO Epoch: 74, loss: -0.11020366102457047, labeled_loss: 0.01034296490252018, unnlabeled_loss: 0.15728908777236938, mixup_loss: -1.9919116497039795, energy_loss: 0.0
2026-08-25 16:27:30,917 INFO Best AUROC test all: 0.929212481262422, AUPR test all: 0.8524751073862277, AUROC test unknown: 0.9240216777357636, AUPR test unknown: 0.8268026602382803
2026-08-25 16:27:30,941 INFO Epoch: 75, loss: -0.18072724342346191, labeled_loss: 0.0014566646423190832, unnlabeled_loss: 0.03479669988155365, mixup_loss: -1.995822548866272, energy_loss: 0.0
2026-08-25 16:27:30,941 INFO Best AUROC test all: 0.9405395410621465, AUPR test all: 0.8738180614200888, AUROC test unknown: 0.9304821671179955, AUPR test unknown: 0.8272488582660886
2026-08-25 16:27:42,550 INFO Epoch: 76, loss: -0.15885913372039795, labeled_loss: 0.002358863828703761, unnlabeled_loss: 0.0768190547823906, mixup_loss: -1.9962753057479858, energy_loss: 0.0
2026-08-25 16:27:42,551 INFO Best AUROC test all: 0.9455694314953219, AUPR test all: 0.8832960243359782, AUROC test unknown: 0.9367868247124171, AUPR test unknown: 0.8407281898670823
2026-08-25 16:27:42,580 INFO Epoch: 75, loss: -0.14568530023097992, labeled_loss: 0.010033688507974148, unnlabeled_loss: 0.08724663406610489, mixup_loss: -1.9934231042861938, energy_loss: 0.0
2026-08-25 16:27:42,580 INFO Best AUROC test all: 0.9326855577945335, AUPR test all: 0.8604451019412871, AUROC test unknown: 0.9278587729719496, AUPR test unknown: 0.8368375626013682
2026-08-25 16:27:54,263 INFO Epoch: 77, loss: -0.15948843955993652, labeled_loss: 0.0040066721849143505, unnlabeled_loss: 0.07235237956047058, mixup_loss: -1.9967129230499268, energy_loss: 0.0
2026-08-25 16:27:54,264 INFO Best AUROC test all: 0.9516852482421517, AUPR test all: 0.8940611540499966, AUROC test unknown: 0.9436850944039386, AUPR test unknown: 0.8542231683103955
2026-08-25 16:27:54,429 INFO Epoch: 76, loss: -0.1366184651851654, labeled_loss: 0.010145150125026703, unnlabeled_loss: 0.10458019375801086, mixup_loss: -1.990537166595459, energy_loss: 0.0
2026-08-25 16:27:54,429 INFO Best AUROC test all: 0.9343198471832344, AUPR test all: 0.8618194972113747, AUROC test unknown: 0.9300272976263396, AUPR test unknown: 0.8390984175471032
2026-08-25 16:28:05,842 INFO Epoch: 78, loss: -0.15906383097171783, labeled_loss: 0.00974279548972845, unnlabeled_loss: 0.06172581762075424, mixup_loss: -1.9966953992843628, energy_loss: 0.0
2026-08-25 16:28:05,843 INFO Best AUROC test all: 0.9541055339042651, AUPR test all: 0.8980103735273295, AUROC test unknown: 0.946406441725296, AUPR test unknown: 0.8590315150795786
2026-08-25 16:28:06,113 INFO Epoch: 77, loss: -0.13887442648410797, labeled_loss: 0.007900347001850605, unnlabeled_loss: 0.10439403355121613, mixup_loss: -1.9897178411483765, energy_loss: 0.0
2026-08-25 16:28:06,113 INFO Best AUROC test all: 0.9381175167551552, AUPR test all: 0.8702946449350397, AUROC test unknown: 0.9338058392256589, AUPR test unknown: 0.8494265160103482
2026-08-25 16:28:17,507 INFO Epoch: 79, loss: -0.14882996678352356, labeled_loss: 0.017727704718708992, unnlabeled_loss: 0.06614266335964203, mixup_loss: -1.996289849281311, energy_loss: 0.0
2026-08-25 16:28:17,507 INFO Best AUROC test all: 0.9548046991247442, AUPR test all: 0.9003459082210099, AUROC test unknown: 0.9474445180802475, AUPR test unknown: 0.8627136742539986
2026-08-25 16:28:17,883 INFO Epoch: 78, loss: -0.16093415021896362, labeled_loss: 0.007174037862569094, unnlabeled_loss: 0.06238492950797081, mixup_loss: -1.9930065870285034, energy_loss: 0.0
2026-08-25 16:28:17,883 INFO Best AUROC test all: 0.9381175167551552, AUPR test all: 0.8702946449350397, AUROC test unknown: 0.9338058392256589, AUPR test unknown: 0.8494265160103482
2026-08-25 16:28:29,085 INFO Epoch: 80, loss: -0.16936340928077698, labeled_loss: 0.010295094922184944, unnlabeled_loss: 0.03977389261126518, mixup_loss: -1.9954545497894287, energy_loss: 0.0
2026-08-25 16:28:29,085 INFO Best AUROC test all: 0.9548046991247442, AUPR test all: 0.9003459082210099, AUROC test unknown: 0.9474445180802475, AUPR test unknown: 0.8627136742539986
2026-08-25 16:28:29,656 INFO Epoch: 79, loss: -0.139370858669281, labeled_loss: 0.011508950032293797, unnlabeled_loss: 0.09608399122953415, mixup_loss: -1.98921799659729, energy_loss: 0.0
2026-08-25 16:28:29,656 INFO Best AUROC test all: 0.9405215934634312, AUPR test all: 0.8740004303110849, AUROC test unknown: 0.9368911764064064, AUPR test unknown: 0.8543571485297435
2026-08-25 16:28:40,668 INFO Epoch: 81, loss: -0.16614627838134766, labeled_loss: 0.007640539668500423, unnlabeled_loss: 0.05143219977617264, mixup_loss: -1.995029091835022, energy_loss: 0.0
2026-08-25 16:28:40,668 INFO Best AUROC test all: 0.9548046991247442, AUPR test all: 0.9003459082210099, AUROC test unknown: 0.9474445180802475, AUPR test unknown: 0.8627136742539986
2026-08-25 16:28:41,451 INFO Epoch: 80, loss: -0.15509937703609467, labeled_loss: 0.006350966170430183, unnlabeled_loss: 0.07563328742980957, mixup_loss: -1.9926698207855225, energy_loss: 0.0
2026-08-25 16:28:41,452 INFO Best AUROC test all: 0.9434180654402013, AUPR test all: 0.8796968570314898, AUROC test unknown: 0.9398804567975352, AUPR test unknown: 0.8607871547582107
2026-08-25 16:28:52,271 INFO Epoch: 82, loss: -0.1646655797958374, labeled_loss: 0.007862147875130177, unnlabeled_loss: 0.05434064939618111, mixup_loss: -1.9969804286956787, energy_loss: 0.0
2026-08-25 16:28:52,271 INFO Best AUROC test all: 0.9548046991247442, AUPR test all: 0.9003459082210099, AUROC test unknown: 0.9474445180802475, AUPR test unknown: 0.8627136742539986
2026-08-25 16:28:53,264 INFO Epoch: 81, loss: -0.16103282570838928, labeled_loss: 0.007271988317370415, unnlabeled_loss: 0.061667293310165405, mixup_loss: -1.9913846254348755, energy_loss: 0.0
2026-08-25 16:28:53,265 INFO Best AUROC test all: 0.9450087139225437, AUPR test all: 0.8808441334697075, AUROC test unknown: 0.9420287632434594, AUPR test unknown: 0.8623866827122765
2026-08-25 16:29:03,904 INFO Epoch: 83, loss: -0.16821107268333435, labeled_loss: 0.002163729164749384, unnlabeled_loss: 0.058597300201654434, mixup_loss: -1.996734619140625, energy_loss: 0.0
2026-08-25 16:29:03,904 INFO Best AUROC test all: 0.9548046991247442, AUPR test all: 0.9003459082210099, AUROC test unknown: 0.9474445180802475, AUPR test unknown: 0.8627136742539986
2026-08-25 16:29:04,968 INFO Epoch: 82, loss: -0.16596940159797668, labeled_loss: 0.00699380598962307, unnlabeled_loss: 0.052216917276382446, mixup_loss: -1.9907166957855225, energy_loss: 0.0
2026-08-25 16:29:04,968 INFO Best AUROC test all: 0.9453868737831209, AUPR test all: 0.8814242301287273, AUROC test unknown: 0.9420287632434594, AUPR test unknown: 0.8629497683743841
2026-08-25 16:29:15,523 INFO Epoch: 84, loss: -0.15916910767555237, labeled_loss: 0.0018031276995316148, unnlabeled_loss: 0.07730287313461304, mixup_loss: -1.9962366819381714, energy_loss: 0.0
2026-08-25 16:29:15,523 INFO Best AUROC test all: 0.9548046991247442, AUPR test all: 0.9003459082210099, AUROC test unknown: 0.9474445180802475, AUPR test unknown: 0.8627136742539986
2026-08-25 16:29:16,708 INFO Epoch: 83, loss: -0.17397630214691162, labeled_loss: 0.007578695192933083, unnlabeled_loss: 0.03543981537222862, mixup_loss: -1.9927489757537842, energy_loss: 0.0
2026-08-25 16:29:16,708 INFO Best AUROC test all: 0.9453868737831209, AUPR test all: 0.8814242301287273, AUROC test unknown: 0.9420287632434594, AUPR test unknown: 0.8629497683743841
2026-08-25 16:29:27,175 INFO Epoch: 85, loss: -0.12153050303459167, labeled_loss: 0.0016273371875286102, unnlabeled_loss: 0.15295028686523438, mixup_loss: -1.9963299036026, energy_loss: 0.0
2026-08-25 16:29:27,175 INFO Best AUROC test all: 0.9548046991247442, AUPR test all: 0.9003459082210099, AUROC test unknown: 0.9474445180802475, AUPR test unknown: 0.8627136742539986
2026-08-25 16:29:28,352 INFO Epoch: 84, loss: -0.1467999666929245, labeled_loss: 0.003865753533318639, unnlabeled_loss: 0.09730570763349533, mixup_loss: -1.9931857585906982, energy_loss: 0.0
2026-08-25 16:29:28,352 INFO Best AUROC test all: 0.9453868737831209, AUPR test all: 0.8814242301287273, AUROC test unknown: 0.9420287632434594, AUPR test unknown: 0.8629497683743841
2026-08-25 16:29:38,831 INFO Epoch: 86, loss: -0.11799640953540802, labeled_loss: 0.0015717536443844438, unnlabeled_loss: 0.16023291647434235, mixup_loss: -1.9968461990356445, energy_loss: 0.0
2026-08-25 16:29:38,831 INFO Best AUROC test all: 0.9548046991247442, AUPR test all: 0.9003459082210099, AUROC test unknown: 0.9474445180802475, AUPR test unknown: 0.8627136742539986
2026-08-25 16:29:40,059 INFO Epoch: 85, loss: -0.11629800498485565, labeled_loss: 0.00556156737729907, unnlabeled_loss: 0.1547749787569046, mixup_loss: -1.992470622062683, energy_loss: 0.0
2026-08-25 16:29:40,059 INFO Best AUROC test all: 0.9462674008224985, AUPR test all: 0.8830252985247032, AUROC test unknown: 0.942976704909056, AUPR test unknown: 0.8647973398300088
2026-08-25 16:29:50,537 INFO Epoch: 87, loss: -0.1359250247478485, labeled_loss: 0.0022081092465668917, unnlabeled_loss: 0.12305600941181183, mixup_loss: -1.9966113567352295, energy_loss: 0.0
2026-08-25 16:29:50,537 INFO Best AUROC test all: 0.9572937118550283, AUPR test all: 0.9071988992806657, AUROC test unknown: 0.9502514049548137, AUPR test unknown: 0.8729423656653905
2026-08-25 16:29:52,030 INFO Epoch: 86, loss: -0.10477184504270554, labeled_loss: 0.0069143567234277725, unnlabeled_loss: 0.17541924118995667, mixup_loss: -1.9939581155776978, energy_loss: 0.0
2026-08-25 16:29:52,030 INFO Best AUROC test all: 0.949148041011781, AUPR test all: 0.8860477487871767, AUROC test unknown: 0.9460526434647838, AUPR test unknown: 0.8678064947944591
2026-08-25 16:30:02,161 INFO Epoch: 88, loss: -0.15042181313037872, labeled_loss: 0.0037474913988262415, unnlabeled_loss: 0.09112272411584854, mixup_loss: -1.9973065853118896, energy_loss: 0.0
2026-08-25 16:30:02,161 INFO Best AUROC test all: 0.9624744136328158, AUPR test all: 0.9165621278570721, AUROC test unknown: 0.956756586311823, AUPR test unknown: 0.8853954503994949
2026-08-25 16:30:03,788 INFO Epoch: 87, loss: -0.13297705352306366, labeled_loss: 0.008813212625682354, unnlabeled_loss: 0.11515609920024872, mixup_loss: -1.993683099746704, energy_loss: 0.0
2026-08-25 16:30:03,788 INFO Best AUROC test all: 0.9503198416637267, AUPR test all: 0.8860477487871767, AUROC test unknown: 0.9471654873557537, AUPR test unknown: 0.8678064947944591
2026-08-25 16:30:13,729 INFO Epoch: 89, loss: -0.15914934873580933, labeled_loss: 0.008463257923722267, unnlabeled_loss: 0.06406404078006744, mixup_loss: -1.9964462518692017, energy_loss: 0.0
2026-08-25 16:30:13,730 INFO Best AUROC test all: 0.9649042388438104, AUPR test all: 0.9201261323083492, AUROC test unknown: 0.9591964153197025, AUPR test unknown: 0.889511102460133
2026-08-25 16:30:15,482 INFO Epoch: 88, loss: -0.11854632943868637, labeled_loss: 0.019129320979118347, unnlabeled_loss: 0.12349610030651093, mixup_loss: -1.994236946105957, energy_loss: 0.0
2026-08-25 16:30:15,482 INFO Best AUROC test all: 0.9512975580318723, AUPR test all: 0.8860477487871767, AUROC test unknown: 0.9482614015420445, AUPR test unknown: 0.8678064947944591
2026-08-25 16:30:25,320 INFO Epoch: 90, loss: -0.14731693267822266, labeled_loss: 0.012589341029524803, unnlabeled_loss: 0.0794636681675911, mixup_loss: -1.996381163597107, energy_loss: 0.0
2026-08-25 16:30:25,320 INFO Best AUROC test all: 0.9649042388438104, AUPR test all: 0.9202878160421256, AUROC test unknown: 0.9591964153197025, AUPR test unknown: 0.889511102460133
2026-08-25 16:30:27,139 INFO Epoch: 89, loss: -0.12673410773277283, labeled_loss: 0.023474883288145065, unnlabeled_loss: 0.09843170642852783, mixup_loss: -1.994248390197754, energy_loss: 0.0
2026-08-25 16:30:27,139 INFO Best AUROC test all: 0.9523816629080353, AUPR test all: 0.8860477487871767, AUROC test unknown: 0.9493766915114482, AUPR test unknown: 0.8678064947944591
2026-08-25 16:30:36,938 INFO Epoch: 91, loss: -0.1603284478187561, labeled_loss: 0.013409117236733437, unnlabeled_loss: 0.05166332423686981, mixup_loss: -1.995692253112793, energy_loss: 0.0
2026-08-25 16:30:36,938 INFO Best AUROC test all: 0.965168549661999, AUPR test all: 0.9206001345990144, AUROC test unknown: 0.9597796108803875, AUPR test unknown: 0.8896577007007556
2026-08-25 16:30:38,898 INFO Epoch: 90, loss: -0.1320016086101532, labeled_loss: 0.017666617408394814, unnlabeled_loss: 0.09953582286834717, mixup_loss: -1.994361400604248, energy_loss: 0.0
2026-08-25 16:30:38,934 INFO Best AUROC test all: 0.9523816629080353, AUPR test all: 0.8874403089936648, AUROC test unknown: 0.9493766915114482, AUPR test unknown: 0.8697461089367451
2026-08-25 16:30:48,608 INFO Epoch: 92, loss: -0.13230910897254944, labeled_loss: 0.008693460375070572, unnlabeled_loss: 0.11745622754096985, mixup_loss: -1.9973067045211792, energy_loss: 0.0
2026-08-25 16:30:48,608 INFO Best AUROC test all: 0.965168549661999, AUPR test all: 0.92086773138006, AUROC test unknown: 0.9597796108803875, AUPR test unknown: 0.8915574931180781
2026-08-25 16:30:50,594 INFO Epoch: 91, loss: -0.1459008753299713, labeled_loss: 0.007473589852452278, unnlabeled_loss: 0.09214770048856735, mixup_loss: -1.9944831132888794, energy_loss: 0.0
2026-08-25 16:30:50,594 INFO Best AUROC test all: 0.9523816629080353, AUPR test all: 0.8900250114576439, AUROC test unknown: 0.9493766915114482, AUPR test unknown: 0.8733012657257916
2026-08-25 16:31:00,235 INFO Epoch: 93, loss: -0.14801159501075745, labeled_loss: 0.005965983495116234, unnlabeled_loss: 0.09154795110225677, mixup_loss: -1.9975155591964722, energy_loss: 0.0
2026-08-25 16:31:00,235 INFO Best AUROC test all: 0.9653633698801393, AUPR test all: 0.9243605191536763, AUROC test unknown: 0.9600410898654604, AUPR test unknown: 0.8964462592772438
2026-08-25 16:31:02,418 INFO Epoch: 92, loss: -0.07852613925933838, labeled_loss: 0.007707860320806503, unnlabeled_loss: 0.22641253471374512, mixup_loss: -1.9944026470184326, energy_loss: 0.0
2026-08-25 16:31:02,418 INFO Best AUROC test all: 0.9523816629080353, AUPR test all: 0.8900250114576439, AUROC test unknown: 0.9493766915114482, AUPR test unknown: 0.8733012657257916
2026-08-25 16:31:11,905 INFO Epoch: 94, loss: -0.15241676568984985, labeled_loss: 0.004878479056060314, unnlabeled_loss: 0.08487246185541153, mixup_loss: -1.9973148107528687, energy_loss: 0.0
2026-08-25 16:31:11,906 INFO Best AUROC test all: 0.9653633698801393, AUPR test all: 0.9244852649474473, AUROC test unknown: 0.9600410898654604, AUPR test unknown: 0.8971141381826659
2026-08-25 16:31:14,082 INFO Epoch: 93, loss: -0.12363500893115997, labeled_loss: 0.0053255073726177216, unnlabeled_loss: 0.14120082557201385, mixup_loss: -1.995609164237976, energy_loss: 0.0
2026-08-25 16:31:14,083 INFO Best AUROC test all: 0.9532340772556273, AUPR test all: 0.8914387235662969, AUROC test unknown: 0.9507020397350725, AUPR test unknown: 0.8745335366827768
2026-08-25 16:31:23,510 INFO Epoch: 95, loss: -0.16225093603134155, labeled_loss: 0.004675073083490133, unnlabeled_loss: 0.0655227079987526, mixup_loss: -1.9968736171722412, energy_loss: 0.0
2026-08-25 16:31:23,510 INFO Best AUROC test all: 0.9653633698801393, AUPR test all: 0.9252513589089086, AUROC test unknown: 0.9600410898654604, AUPR test unknown: 0.8984071868911796
2026-08-25 16:31:25,810 INFO Epoch: 94, loss: -0.1463458240032196, labeled_loss: 0.004869581200182438, unnlabeled_loss: 0.09664033353328705, mixup_loss: -1.9953556060791016, energy_loss: 0.0
2026-08-25 16:31:25,811 INFO Best AUROC test all: 0.9548491035629804, AUPR test all: 0.8924872627417458, AUROC test unknown: 0.9525280322110976, AUPR test unknown: 0.8760853153598479
2026-08-25 16:31:35,110 INFO Epoch: 96, loss: -0.13672581315040588, labeled_loss: 0.003906663041561842, unnlabeled_loss: 0.1180385947227478, mixup_loss: -1.9965176582336426, energy_loss: 0.0
2026-08-25 16:31:35,110 INFO Best AUROC test all: 0.9653633698801393, AUPR test all: 0.9252513589089086, AUROC test unknown: 0.9600410898654604, AUPR test unknown: 0.8984071868911796
2026-08-25 16:31:37,573 INFO Epoch: 95, loss: -0.14614905416965485, labeled_loss: 0.006797356531023979, unnlabeled_loss: 0.09327537566423416, mixup_loss: -1.9958409070968628, energy_loss: 0.0
2026-08-25 16:31:37,574 INFO Best AUROC test all: 0.9558899263007754, AUPR test all: 0.8954705157725789, AUROC test unknown: 0.9535944513603393, AUPR test unknown: 0.8792766525122999
2026-08-25 16:31:46,689 INFO Epoch: 97, loss: -0.16245311498641968, labeled_loss: 0.0033843775745481253, unnlabeled_loss: 0.06761389225721359, mixup_loss: -1.9964444637298584, energy_loss: 0.0
2026-08-25 16:31:46,689 INFO Best AUROC test all: 0.9670327817352137, AUPR test all: 0.9287370401930628, AUROC test unknown: 0.9617673426360904, AUPR test unknown: 0.9024236344503145
2026-08-25 16:31:49,308 INFO Epoch: 96, loss: -0.12647515535354614, labeled_loss: 0.006555021740496159, unnlabeled_loss: 0.1331091672182083, mixup_loss: -1.9958477020263672, energy_loss: 0.0
2026-08-25 16:31:49,308 INFO Best AUROC test all: 0.9591445315248973, AUPR test all: 0.901825916562699, AUROC test unknown: 0.9567932419217245, AUPR test unknown: 0.886177195308543
2026-08-25 16:31:58,285 INFO Epoch: 98, loss: -0.15817323327064514, labeled_loss: 0.0036050898488610983, unnlabeled_loss: 0.07595515251159668, mixup_loss: -1.997558832168579, energy_loss: 0.0
2026-08-25 16:31:58,285 INFO Best AUROC test all: 0.9670327817352137, AUPR test all: 0.9287370401930628, AUROC test unknown: 0.9617673426360904, AUPR test unknown: 0.9024236344503145
2026-08-25 16:32:01,045 INFO Epoch: 97, loss: -0.14019790291786194, labeled_loss: 0.008598635904490948, unnlabeled_loss: 0.1015138253569603, mixup_loss: -1.9955344200134277, energy_loss: 0.0
2026-08-25 16:32:01,045 INFO Best AUROC test all: 0.9591445315248973, AUPR test all: 0.901825916562699, AUROC test unknown: 0.9567932419217245, AUPR test unknown: 0.886177195308543
2026-08-25 16:32:09,875 INFO Epoch: 99, loss: -0.14817103743553162, labeled_loss: 0.0047565340064466, unnlabeled_loss: 0.0935162678360939, mixup_loss: -1.9968570470809937, energy_loss: 0.0
2026-08-25 16:32:09,875 INFO Best AUROC test all: 0.9670327817352137, AUPR test all: 0.9287370401930628, AUROC test unknown: 0.9617673426360904, AUPR test unknown: 0.9024236344503145
2026-08-25 16:32:12,766 INFO Epoch: 98, loss: -0.1372678577899933, labeled_loss: 0.01088990643620491, unnlabeled_loss: 0.1029052734375, mixup_loss: -1.9961040019989014, energy_loss: 0.0
2026-08-25 16:32:12,766 INFO Best AUROC test all: 0.9607592542593348, AUPR test all: 0.9034949299068593, AUROC test unknown: 0.9588276382503739, AUPR test unknown: 0.8886524974393415
2026-08-25 16:32:21,525 INFO Epoch: 100, loss: -0.15625564754009247, labeled_loss: 0.003581269644200802, unnlabeled_loss: 0.07973399013280869, mixup_loss: -1.9970391988754272, energy_loss: 0.0
2026-08-25 16:32:21,525 INFO Best AUROC test all: 0.9682679831305451, AUPR test all: 0.9321218651289102, AUROC test unknown: 0.9632316271271399, AUPR test unknown: 0.9081821591426739
2026-08-25 16:32:24,581 INFO Epoch: 99, loss: -0.14243602752685547, labeled_loss: 0.015153666958212852, unnlabeled_loss: 0.08390722423791885, mixup_loss: -1.9954330921173096, energy_loss: 0.0
2026-08-25 16:32:24,581 INFO Best AUROC test all: 0.9627657700379972, AUPR test all: 0.907316461378748, AUROC test unknown: 0.961036507974368, AUPR test unknown: 0.893066345526887
2026-08-25 16:32:33,093 INFO Epoch: 101, loss: -0.16539180278778076, labeled_loss: 0.004261360038071871, unnlabeled_loss: 0.060155875980854034, mixup_loss: -1.9973108768463135, energy_loss: 0.0
2026-08-25 16:32:33,093 INFO Best AUROC test all: 0.9686629958875069, AUPR test all: 0.9331581886900493, AUROC test unknown: 0.9637079825137016, AUPR test unknown: 0.9090925815861228
2026-08-25 16:32:36,391 INFO Epoch: 100, loss: -0.14131447672843933, labeled_loss: 0.013050363399088383, unnlabeled_loss: 0.09058411419391632, mixup_loss: -1.9965689182281494, energy_loss: 0.0
2026-08-25 16:32:36,391 INFO Best AUROC test all: 0.9631098745369937, AUPR test all: 0.9104920364032115, AUROC test unknown: 0.9611129149388913, AUPR test unknown: 0.8966337377120532
2026-08-25 16:32:44,722 INFO Epoch: 102, loss: -0.14736022055149078, labeled_loss: 0.004846785683184862, unnlabeled_loss: 0.09504103660583496, mixup_loss: -1.9972752332687378, energy_loss: 0.0
2026-08-25 16:32:44,722 INFO Best AUROC test all: 0.9698572701343586, AUPR test all: 0.9346365489911208, AUROC test unknown: 0.9651854127171992, AUPR test unknown: 0.9111250816092641
2026-08-25 16:32:48,162 INFO Epoch: 101, loss: -0.14170381426811218, labeled_loss: 0.013594187796115875, unnlabeled_loss: 0.08863545954227448, mixup_loss: -1.9961572885513306, energy_loss: 0.0
2026-08-25 16:32:48,162 INFO Best AUROC test all: 0.9649752841051521, AUPR test all: 0.9145856924258212, AUROC test unknown: 0.9634103205225473, AUPR test unknown: 0.9018413069512876
2026-08-25 16:32:56,412 INFO Epoch: 103, loss: -0.17840582132339478, labeled_loss: 0.004758493974804878, unnlabeled_loss: 0.033062081784009933, mixup_loss: -1.9969534873962402, energy_loss: 0.0
2026-08-25 16:32:56,412 INFO Best AUROC test all: 0.9698572701343586, AUPR test all: 0.9346365489911208, AUROC test unknown: 0.9651854127171992, AUPR test unknown: 0.9111250816092641
2026-08-25 16:32:59,948 INFO Epoch: 102, loss: -0.13516569137573242, labeled_loss: 0.00705486536026001, unnlabeled_loss: 0.11476428061723709, mixup_loss: -1.996026873588562, energy_loss: 0.0
2026-08-25 16:32:59,948 INFO Best AUROC test all: 0.9664423692118189, AUPR test all: 0.9193383345787508, AUROC test unknown: 0.9650032555172516, AUPR test unknown: 0.9074016148722126
2026-08-25 16:33:07,986 INFO Epoch: 104, loss: -0.16026242077350616, labeled_loss: 0.006763952784240246, unnlabeled_loss: 0.06546127796173096, mixup_loss: -1.9975700378417969, energy_loss: 0.0
2026-08-25 16:33:07,987 INFO Best AUROC test all: 0.9698572701343586, AUPR test all: 0.9346365489911208, AUROC test unknown: 0.9651854127171992, AUPR test unknown: 0.9111250816092641
2026-08-25 16:33:11,620 INFO Epoch: 103, loss: -0.1769614815711975, labeled_loss: 0.004093674011528492, unnlabeled_loss: 0.03701705113053322, mixup_loss: -1.9956368207931519, energy_loss: 0.0
2026-08-25 16:33:11,620 INFO Best AUROC test all: 0.9664423692118189, AUPR test all: 0.9193383345787508, AUROC test unknown: 0.9650032555172516, AUPR test unknown: 0.9074016148722126
2026-08-25 16:33:19,588 INFO Epoch: 105, loss: -0.1417657434940338, labeled_loss: 0.004917933605611324, unnlabeled_loss: 0.10599042475223541, mixup_loss: -1.9967889785766602, energy_loss: 0.0
2026-08-25 16:33:19,588 INFO Best AUROC test all: 0.9700404809882862, AUPR test all: 0.9346365489911208, AUROC test unknown: 0.9652243170671905, AUPR test unknown: 0.9111250816092641
2026-08-25 16:33:23,412 INFO Epoch: 104, loss: -0.14604786038398743, labeled_loss: 0.005086574237793684, unnlabeled_loss: 0.09689125418663025, mixup_loss: -1.9958006143569946, energy_loss: 0.0
2026-08-25 16:33:23,412 INFO Best AUROC test all: 0.9664423692118189, AUPR test all: 0.9193383345787508, AUROC test unknown: 0.9650032555172516, AUPR test unknown: 0.9074016148722126
2026-08-25 16:33:31,171 INFO Epoch: 106, loss: -0.17947177588939667, labeled_loss: 0.004260729998350143, unnlabeled_loss: 0.032064542174339294, mixup_loss: -1.9976476430892944, energy_loss: 0.0
2026-08-25 16:33:31,171 INFO Best AUROC test all: 0.9700404809882862, AUPR test all: 0.9347125356235817, AUROC test unknown: 0.9652243170671905, AUPR test unknown: 0.9111250816092641
2026-08-25 16:33:35,196 INFO Epoch: 105, loss: -0.13082557916641235, labeled_loss: 0.003691159188747406, unnlabeled_loss: 0.13019652664661407, mixup_loss: -1.996150016784668, energy_loss: 0.0
2026-08-25 16:33:35,196 INFO Best AUROC test all: 0.967113780508503, AUPR test all: 0.9217764896580385, AUROC test unknown: 0.9657092688610663, AUPR test unknown: 0.9107318326043006
2026-08-25 16:33:42,755 INFO Epoch: 107, loss: -0.16735488176345825, labeled_loss: 0.0034890673123300076, unnlabeled_loss: 0.05787792056798935, mixup_loss: -1.9978290796279907, energy_loss: 0.0
2026-08-25 16:33:42,755 INFO Best AUROC test all: 0.9700404809882862, AUPR test all: 0.9347125356235817, AUROC test unknown: 0.9652243170671905, AUPR test unknown: 0.9111250816092641
2026-08-25 16:33:46,903 INFO Epoch: 106, loss: -0.17487399280071259, labeled_loss: 0.004131832625716925, unnlabeled_loss: 0.041111867874860764, mixup_loss: -1.9956176280975342, energy_loss: 0.0
2026-08-25 16:33:46,903 INFO Best AUROC test all: 0.967113780508503, AUPR test all: 0.9224799744549763, AUROC test unknown: 0.9657092688610663, AUPR test unknown: 0.9114417444038401
2026-08-25 16:33:54,409 INFO Epoch: 108, loss: -0.13114672899246216, labeled_loss: 0.003240372287109494, unnlabeled_loss: 0.1306673288345337, mixup_loss: -1.997207522392273, energy_loss: 0.0
2026-08-25 16:33:54,410 INFO Best AUROC test all: 0.9700404809882862, AUPR test all: 0.9347125356235817, AUROC test unknown: 0.9652243170671905, AUPR test unknown: 0.9111250816092641
2026-08-25 16:33:58,668 INFO Epoch: 107, loss: -0.14603133499622345, labeled_loss: 0.0057154325768351555, unnlabeled_loss: 0.09575226157903671, mixup_loss: -1.9962289333343506, energy_loss: 0.0
2026-08-25 16:33:58,668 INFO Best AUROC test all: 0.9677576954584112, AUPR test all: 0.9244511653092391, AUROC test unknown: 0.9668542467118768, AUPR test unknown: 0.9141784690566617
2026-08-25 16:34:06,000 INFO Epoch: 109, loss: -0.17679773271083832, labeled_loss: 0.00341142644174397, unnlabeled_loss: 0.03905020281672478, mixup_loss: -1.997342586517334, energy_loss: 0.0
2026-08-25 16:34:06,000 INFO Best AUROC test all: 0.9700404809882862, AUPR test all: 0.9347125356235817, AUROC test unknown: 0.9652243170671905, AUPR test unknown: 0.9111250816092641
2026-08-25 16:34:10,352 INFO Epoch: 108, loss: -0.12275480479001999, labeled_loss: 0.004394477233290672, unnlabeled_loss: 0.14493104815483093, mixup_loss: -1.9961479902267456, energy_loss: 0.0
2026-08-25 16:34:10,353 INFO Best AUROC test all: 0.9680958848851504, AUPR test all: 0.9244511653092391, AUROC test unknown: 0.9672899836133044, AUPR test unknown: 0.9141784690566617
2026-08-25 16:34:17,581 INFO Epoch: 110, loss: -0.15607841312885284, labeled_loss: 0.003695068648084998, unnlabeled_loss: 0.07980460673570633, mixup_loss: -1.9967578649520874, energy_loss: 0.0
2026-08-25 16:34:17,581 INFO Best AUROC test all: 0.9700404809882862, AUPR test all: 0.9347125356235817, AUROC test unknown: 0.9652243170671905, AUPR test unknown: 0.9111250816092641
2026-08-25 16:34:22,114 INFO Epoch: 109, loss: -0.17308402061462402, labeled_loss: 0.004775203764438629, unnlabeled_loss: 0.043703801929950714, mixup_loss: -1.997111201286316, energy_loss: 0.0
2026-08-25 16:34:22,114 INFO Best AUROC test all: 0.9690716418281159, AUPR test all: 0.9244511653092391, AUROC test unknown: 0.9680585394272827, AUPR test unknown: 0.9141784690566617
2026-08-25 16:34:29,180 INFO Epoch: 111, loss: -0.16355019807815552, labeled_loss: 0.003373555140569806, unnlabeled_loss: 0.06566037982702255, mixup_loss: -1.9975394010543823, energy_loss: 0.0
2026-08-25 16:34:29,180 INFO Best AUROC test all: 0.9700404809882862, AUPR test all: 0.9347125356235817, AUROC test unknown: 0.9652243170671905, AUPR test unknown: 0.9111250816092641
2026-08-25 16:34:33,825 INFO Epoch: 110, loss: -0.14846010506153107, labeled_loss: 0.005103605333715677, unnlabeled_loss: 0.09209699928760529, mixup_loss: -1.996122121810913, energy_loss: 0.0
2026-08-25 16:34:33,825 INFO Best AUROC test all: 0.9692463342420589, AUPR test all: 0.9251728496291324, AUROC test unknown: 0.9680585394272827, AUPR test unknown: 0.9142361826366161
2026-08-25 16:34:40,763 INFO Epoch: 112, loss: -0.17028312385082245, labeled_loss: 0.0029192829970270395, unnlabeled_loss: 0.053118884563446045, mixup_loss: -1.9976184368133545, energy_loss: 0.0
2026-08-25 16:34:40,763 INFO Best AUROC test all: 0.9700404809882862, AUPR test all: 0.9347125356235817, AUROC test unknown: 0.9652243170671905, AUPR test unknown: 0.9111250816092641
2026-08-25 16:34:45,507 INFO Epoch: 111, loss: -0.16194871068000793, labeled_loss: 0.006790824234485626, unnlabeled_loss: 0.061860475689172745, mixup_loss: -1.9966976642608643, energy_loss: 0.0
2026-08-25 16:34:45,507 INFO Best AUROC test all: 0.9692463342420589, AUPR test all: 0.9251728496291324, AUROC test unknown: 0.9680585394272827, AUPR test unknown: 0.9142361826366161
2026-08-25 16:34:52,375 INFO Epoch: 113, loss: -0.1447475552558899, labeled_loss: 0.0024891835637390614, unnlabeled_loss: 0.10508060455322266, mixup_loss: -1.9977703094482422, energy_loss: 0.0
2026-08-25 16:34:52,375 INFO Best AUROC test all: 0.9700404809882862, AUPR test all: 0.9347125356235817, AUROC test unknown: 0.9652243170671905, AUPR test unknown: 0.9111250816092641
2026-08-25 16:34:57,164 INFO Epoch: 112, loss: -0.1591337025165558, labeled_loss: 0.007120882160961628, unnlabeled_loss: 0.06682728230953217, mixup_loss: -1.9966822862625122, energy_loss: 0.0
2026-08-25 16:34:57,165 INFO Best AUROC test all: 0.970134588592006, AUPR test all: 0.9255967277575707, AUROC test unknown: 0.9687686735505336, AUPR test unknown: 0.9149496219923807
2026-08-25 16:35:03,957 INFO Epoch: 114, loss: -0.170863538980484, labeled_loss: 0.003214971162378788, unnlabeled_loss: 0.051298242062330246, mixup_loss: -1.9972763061523438, energy_loss: 0.0
2026-08-25 16:35:03,957 INFO Best AUROC test all: 0.9700404809882862, AUPR test all: 0.9347125356235817, AUROC test unknown: 0.9652243170671905, AUPR test unknown: 0.9111250816092641
2026-08-25 16:35:08,996 INFO Epoch: 113, loss: -0.13266214728355408, labeled_loss: 0.006862421054393053, unnlabeled_loss: 0.12004746496677399, mixup_loss: -1.9954830408096313, energy_loss: 0.0
2026-08-25 16:35:08,996 INFO Best AUROC test all: 0.970134588592006, AUPR test all: 0.9255967277575707, AUROC test unknown: 0.9687686735505336, AUPR test unknown: 0.9149496219923807
2026-08-25 16:35:15,526 INFO Epoch: 115, loss: -0.16130536794662476, labeled_loss: 0.0036090698558837175, unnlabeled_loss: 0.06962571293115616, mixup_loss: -1.9972729682922363, energy_loss: 0.0
2026-08-25 16:35:15,526 INFO Best AUROC test all: 0.9700404809882862, AUPR test all: 0.9347125356235817, AUROC test unknown: 0.9652243170671905, AUPR test unknown: 0.9111250816092641
2026-08-25 16:35:20,683 INFO Epoch: 114, loss: -0.1592869758605957, labeled_loss: 0.007485878653824329, unnlabeled_loss: 0.06584233790636063, mixup_loss: -1.9969401359558105, energy_loss: 0.0
2026-08-25 16:35:20,683 INFO Best AUROC test all: 0.970134588592006, AUPR test all: 0.927130879044161, AUROC test unknown: 0.9693643393228423, AUPR test unknown: 0.9171961993371351
2026-08-25 16:35:27,124 INFO Epoch: 116, loss: -0.13852274417877197, labeled_loss: 0.0034344452433288097, unnlabeled_loss: 0.11558016389608383, mixup_loss: -1.9974726438522339, energy_loss: 0.0
2026-08-25 16:35:27,124 INFO Best AUROC test all: 0.9700404809882862, AUPR test all: 0.9347125356235817, AUROC test unknown: 0.9652243170671905, AUPR test unknown: 0.9111250816092641
2026-08-25 16:35:32,354 INFO Epoch: 115, loss: -0.15140703320503235, labeled_loss: 0.005368549842387438, unnlabeled_loss: 0.08572714775800705, mixup_loss: -1.9963915348052979, energy_loss: 0.0
2026-08-25 16:35:32,354 INFO Best AUROC test all: 0.9701418559436127, AUPR test all: 0.927130879044161, AUROC test unknown: 0.9693767016611511, AUPR test unknown: 0.9171961993371351
2026-08-25 16:35:38,690 INFO Epoch: 117, loss: -0.1724257618188858, labeled_loss: 0.005410018377006054, unnlabeled_loss: 0.043699711561203, mixup_loss: -1.9968563318252563, energy_loss: 0.0
2026-08-25 16:35:38,690 INFO Best AUROC test all: 0.9700404809882862, AUPR test all: 0.9347125356235817, AUROC test unknown: 0.9652243170671905, AUPR test unknown: 0.9111250816092641
2026-08-25 16:35:44,197 INFO Epoch: 116, loss: -0.1252911239862442, labeled_loss: 0.004476425237953663, unnlabeled_loss: 0.13978856801986694, mixup_loss: -1.996618390083313, energy_loss: 0.0
2026-08-25 16:35:44,197 INFO Best AUROC test all: 0.9704814712431359, AUPR test all: 0.9273080677782018, AUROC test unknown: 0.9695149812154371, AUPR test unknown: 0.9174636338485643
2026-08-25 16:35:50,280 INFO Epoch: 118, loss: -0.1586524099111557, labeled_loss: 0.004565054085105658, unnlabeled_loss: 0.07305561751127243, mixup_loss: -1.9974526166915894, energy_loss: 0.0
2026-08-25 16:35:50,280 INFO Best AUROC test all: 0.9700404809882862, AUPR test all: 0.9347125356235817, AUROC test unknown: 0.9652243170671905, AUPR test unknown: 0.9111250816092641
2026-08-25 16:35:56,034 INFO Epoch: 117, loss: -0.1660771667957306, labeled_loss: 0.005715774372220039, unnlabeled_loss: 0.055790286511182785, mixup_loss: -1.9968807697296143, energy_loss: 0.0
2026-08-25 16:35:56,034 INFO Best AUROC test all: 0.9704814712431359, AUPR test all: 0.9273080677782018, AUROC test unknown: 0.9695149812154371, AUPR test unknown: 0.9174636338485643
2026-08-25 16:36:01,865 INFO Epoch: 119, loss: -0.16971656680107117, labeled_loss: 0.004037806764245033, unnlabeled_loss: 0.05205773934721947, mixup_loss: -1.9978324174880981, energy_loss: 0.0
2026-08-25 16:36:01,865 INFO Best AUROC test all: 0.9700404809882862, AUPR test all: 0.9347125356235817, AUROC test unknown: 0.9652243170671905, AUPR test unknown: 0.9111250816092641
2026-08-25 16:36:07,794 INFO Epoch: 118, loss: -0.1468503773212433, labeled_loss: 0.006833014078438282, unnlabeled_loss: 0.09209802001714706, mixup_loss: -1.997323989868164, energy_loss: 0.0
2026-08-25 16:36:07,794 INFO Best AUROC test all: 0.9704814712431359, AUPR test all: 0.9273080677782018, AUROC test unknown: 0.9695149812154371, AUPR test unknown: 0.9174636338485643
2026-08-25 16:36:13,440 INFO Epoch: 120, loss: -0.16548027098178864, labeled_loss: 0.003586663631722331, unnlabeled_loss: 0.061442650854587555, mixup_loss: -1.997882604598999, energy_loss: 0.0
2026-08-25 16:36:13,440 INFO Best AUROC test all: 0.9700404809882862, AUPR test all: 0.9347125356235817, AUROC test unknown: 0.9652243170671905, AUPR test unknown: 0.9111250816092641
2026-08-25 16:36:19,536 INFO Epoch: 119, loss: -0.15668077766895294, labeled_loss: 0.005874439608305693, unnlabeled_loss: 0.07406923919916153, mixup_loss: -1.9958983659744263, energy_loss: 0.0
2026-08-25 16:36:19,536 INFO Best AUROC test all: 0.9704814712431359, AUPR test all: 0.9273080677782018, AUROC test unknown: 0.9695149812154371, AUPR test unknown: 0.9174636338485643
2026-08-25 16:36:25,066 INFO Epoch: 121, loss: -0.17081943154335022, labeled_loss: 0.0028113671578466892, unnlabeled_loss: 0.05227036401629448, mixup_loss: -1.9976598024368286, energy_loss: 0.0
2026-08-25 16:36:25,066 INFO Best AUROC test all: 0.9700404809882862, AUPR test all: 0.9347125356235817, AUROC test unknown: 0.9652243170671905, AUPR test unknown: 0.9111250816092641
2026-08-25 16:36:31,216 INFO Epoch: 120, loss: -0.1513456106185913, labeled_loss: 0.0048440685495734215, unnlabeled_loss: 0.08697284013032913, mixup_loss: -1.9967609643936157, energy_loss: 0.0
2026-08-25 16:36:31,216 INFO Best AUROC test all: 0.9709273738597043, AUPR test all: 0.928611004125276, AUROC test unknown: 0.9702253589315611, AUPR test unknown: 0.9189188426086616
2026-08-25 16:36:36,654 INFO Epoch: 122, loss: -0.1779239922761917, labeled_loss: 0.0020497553050518036, unnlabeled_loss: 0.039587028324604034, mixup_loss: -1.9976725578308105, energy_loss: 0.0
2026-08-25 16:36:36,654 INFO Best AUROC test all: 0.9700404809882862, AUPR test all: 0.9347125356235817, AUROC test unknown: 0.9652243170671905, AUPR test unknown: 0.9111250816092641
2026-08-25 16:36:43,055 INFO Epoch: 121, loss: -0.16045591235160828, labeled_loss: 0.004317053128033876, unnlabeled_loss: 0.06988881528377533, mixup_loss: -1.9971736669540405, energy_loss: 0.0
2026-08-25 16:36:43,055 INFO Best AUROC test all: 0.9709273738597043, AUPR test all: 0.928611004125276, AUROC test unknown: 0.9702253589315611, AUPR test unknown: 0.9189188426086616
2026-08-25 16:36:48,239 INFO Epoch: 123, loss: -0.158244788646698, labeled_loss: 0.002150836167857051, unnlabeled_loss: 0.07881691306829453, mixup_loss: -1.998040795326233, energy_loss: 0.0
2026-08-25 16:36:48,240 INFO Best AUROC test all: 0.9700404809882862, AUPR test all: 0.9347125356235817, AUROC test unknown: 0.9652243170671905, AUPR test unknown: 0.9111250816092641
2026-08-25 16:36:54,723 INFO Epoch: 122, loss: -0.16269680857658386, labeled_loss: 0.0037077837623655796, unnlabeled_loss: 0.06665534526109695, mixup_loss: -1.997322678565979, energy_loss: 0.0
2026-08-25 16:36:54,723 INFO Best AUROC test all: 0.9709273738597043, AUPR test all: 0.928611004125276, AUROC test unknown: 0.9702253589315611, AUPR test unknown: 0.9189188426086616
2026-08-25 16:36:59,831 INFO Epoch: 124, loss: -0.19067151844501495, labeled_loss: 0.002301580738276243, unnlabeled_loss: 0.013619236648082733, mixup_loss: -1.997827172279358, energy_loss: 0.0
2026-08-25 16:36:59,831 INFO Best AUROC test all: 0.9700404809882862, AUPR test all: 0.9347125356235817, AUROC test unknown: 0.9652243170671905, AUPR test unknown: 0.9111250816092641
2026-08-25 16:37:06,484 INFO Epoch: 123, loss: -0.13088694214820862, labeled_loss: 0.004030552227050066, unnlabeled_loss: 0.12959347665309906, mixup_loss: -1.9971423149108887, energy_loss: 0.0
2026-08-25 16:37:06,484 INFO Best AUROC test all: 0.9709273738597043, AUPR test all: 0.928611004125276, AUROC test unknown: 0.9702253589315611, AUPR test unknown: 0.9189188426086616
2026-08-25 16:37:11,407 INFO Epoch: 125, loss: -0.16685032844543457, labeled_loss: 0.0022066812962293625, unnlabeled_loss: 0.06136155501008034, mixup_loss: -1.997377872467041, energy_loss: 0.0
2026-08-25 16:37:11,408 INFO Best AUROC test all: 0.9700404809882862, AUPR test all: 0.9347125356235817, AUROC test unknown: 0.9652243170671905, AUPR test unknown: 0.9111250816092641
2026-08-25 16:37:18,243 INFO Epoch: 124, loss: -0.18155458569526672, labeled_loss: 0.004756641108542681, unnlabeled_loss: 0.026762675493955612, mixup_loss: -1.9969255924224854, energy_loss: 0.0
2026-08-25 16:37:18,270 INFO Best AUROC test all: 0.9709273738597043, AUPR test all: 0.928611004125276, AUROC test unknown: 0.9702253589315611, AUPR test unknown: 0.9189188426086616
2026-08-25 16:37:22,997 INFO Epoch: 126, loss: -0.16325055062770844, labeled_loss: 0.00175301858689636, unnlabeled_loss: 0.06942633539438248, mixup_loss: -1.9971672296524048, energy_loss: 0.0
2026-08-25 16:37:22,997 INFO Best AUROC test all: 0.9700404809882862, AUPR test all: 0.9347125356235817, AUROC test unknown: 0.9652243170671905, AUPR test unknown: 0.9111250816092641
2026-08-25 16:37:29,981 INFO Epoch: 125, loss: -0.14932680130004883, labeled_loss: 0.0028640658129006624, unnlabeled_loss: 0.09494883567094803, mixup_loss: -1.9966527223587036, energy_loss: 0.0
2026-08-25 16:37:29,981 INFO Best AUROC test all: 0.9709273738597043, AUPR test all: 0.928611004125276, AUROC test unknown: 0.9702253589315611, AUPR test unknown: 0.9189188426086616
2026-08-25 16:37:34,578 INFO Epoch: 127, loss: -0.1655178815126419, labeled_loss: 0.0013217049418017268, unnlabeled_loss: 0.06586217880249023, mixup_loss: -1.997706651687622, energy_loss: 0.0
2026-08-25 16:37:34,578 INFO Best AUROC test all: 0.9700404809882862, AUPR test all: 0.9347125356235817, AUROC test unknown: 0.9652243170671905, AUPR test unknown: 0.9111250816092641
2026-08-25 16:37:41,797 INFO Epoch: 126, loss: -0.14152029156684875, labeled_loss: 0.003564761485904455, unnlabeled_loss: 0.10915975272655487, mixup_loss: -1.9966492652893066, energy_loss: 0.0
2026-08-25 16:37:41,798 INFO Best AUROC test all: 0.9709273738597043, AUPR test all: 0.928611004125276, AUROC test unknown: 0.9702253589315611, AUPR test unknown: 0.9189188426086616
2026-08-25 16:37:46,133 INFO Epoch: 128, loss: -0.1694735586643219, labeled_loss: 0.0022854353301227093, unnlabeled_loss: 0.05604583024978638, mixup_loss: -1.9978190660476685, energy_loss: 0.0
2026-08-25 16:37:46,133 INFO Best AUROC test all: 0.9700404809882862, AUPR test all: 0.9347125356235817, AUROC test unknown: 0.9652243170671905, AUPR test unknown: 0.9111250816092641
2026-08-25 16:37:53,462 INFO Epoch: 127, loss: -0.15444448590278625, labeled_loss: 0.003969481214880943, unnlabeled_loss: 0.08266956359148026, mixup_loss: -1.9974873065948486, energy_loss: 0.0
2026-08-25 16:37:53,462 INFO Best AUROC test all: 0.9709273738597043, AUPR test all: 0.928611004125276, AUROC test unknown: 0.9702253589315611, AUPR test unknown: 0.9189188426086616
2026-08-25 16:37:57,697 INFO Epoch: 129, loss: -0.1570359766483307, labeled_loss: 0.0017761376220732927, unnlabeled_loss: 0.08192279189825058, mixup_loss: -1.9977350234985352, energy_loss: 0.0
2026-08-25 16:37:57,697 INFO Best AUROC test all: 0.9700404809882862, AUPR test all: 0.9347125356235817, AUROC test unknown: 0.9652243170671905, AUPR test unknown: 0.9111250816092641
2026-08-25 16:38:05,212 INFO Epoch: 128, loss: -0.15926235914230347, labeled_loss: 0.003541148966178298, unnlabeled_loss: 0.07385315746068954, mixup_loss: -1.9973007440567017, energy_loss: 0.0
2026-08-25 16:38:05,212 INFO Best AUROC test all: 0.9709273738597043, AUPR test all: 0.928611004125276, AUROC test unknown: 0.9702253589315611, AUPR test unknown: 0.9189188426086616
2026-08-25 16:38:09,268 INFO Epoch: 130, loss: -0.17431311309337616, labeled_loss: 0.002821859437972307, unnlabeled_loss: 0.04519045725464821, mixup_loss: -1.9973019361495972, energy_loss: 0.0
2026-08-25 16:38:09,268 INFO Best AUROC test all: 0.9700404809882862, AUPR test all: 0.9347125356235817, AUROC test unknown: 0.9652243170671905, AUPR test unknown: 0.9111250816092641
2026-08-25 16:38:17,000 INFO Epoch: 129, loss: -0.1459033191204071, labeled_loss: 0.00384707935154438, unnlabeled_loss: 0.0999784916639328, mixup_loss: -1.9973963499069214, energy_loss: 0.0
2026-08-25 16:38:17,000 INFO Best AUROC test all: 0.9709273738597043, AUPR test all: 0.928611004125276, AUROC test unknown: 0.9702253589315611, AUPR test unknown: 0.9189188426086616
2026-08-25 16:38:20,833 INFO Epoch: 131, loss: -0.16669343411922455, labeled_loss: 0.0028724721632897854, unnlabeled_loss: 0.060442108660936356, mixup_loss: -1.997869610786438, energy_loss: 0.0
2026-08-25 16:38:20,833 INFO Best AUROC test all: 0.9700404809882862, AUPR test all: 0.9347125356235817, AUROC test unknown: 0.9652243170671905, AUPR test unknown: 0.9111250816092641
2026-08-25 16:38:28,759 INFO Epoch: 130, loss: -0.1634640097618103, labeled_loss: 0.00894811749458313, unnlabeled_loss: 0.0546308271586895, mixup_loss: -1.9972753524780273, energy_loss: 0.0
2026-08-25 16:38:28,759 INFO Best AUROC test all: 0.9709273738597043, AUPR test all: 0.928611004125276, AUROC test unknown: 0.9702253589315611, AUPR test unknown: 0.9189188426086616
2026-08-25 16:38:32,419 INFO Epoch: 132, loss: -0.16982229053974152, labeled_loss: 0.0031107524409890175, unnlabeled_loss: 0.05369517579674721, mixup_loss: -1.997806191444397, energy_loss: 0.0
2026-08-25 16:38:32,419 INFO Best AUROC test all: 0.9700404809882862, AUPR test all: 0.9347125356235817, AUROC test unknown: 0.9652243170671905, AUPR test unknown: 0.9111250816092641
2026-08-25 16:38:40,576 INFO Epoch: 131, loss: -0.16189342737197876, labeled_loss: 0.002769453451037407, unnlabeled_loss: 0.07019060850143433, mixup_loss: -1.9975818395614624, energy_loss: 0.0
2026-08-25 16:38:40,576 INFO Best AUROC test all: 0.9709273738597043, AUPR test all: 0.928611004125276, AUROC test unknown: 0.9702253589315611, AUPR test unknown: 0.9189188426086616
2026-08-25 16:38:44,004 INFO Epoch: 133, loss: -0.15920215845108032, labeled_loss: 0.003945996053516865, unnlabeled_loss: 0.07331845909357071, mixup_loss: -1.998073697090149, energy_loss: 0.0
2026-08-25 16:38:44,005 INFO Best AUROC test all: 0.9700404809882862, AUPR test all: 0.9347125356235817, AUROC test unknown: 0.9652243170671905, AUPR test unknown: 0.9111250816092641
2026-08-25 16:38:52,352 INFO Epoch: 132, loss: -0.16049325466156006, labeled_loss: 0.0028486524242907763, unnlabeled_loss: 0.072757288813591, mixup_loss: -1.9972054958343506, energy_loss: 0.0
2026-08-25 16:38:52,352 INFO Best AUROC test all: 0.9709273738597043, AUPR test all: 0.928611004125276, AUROC test unknown: 0.9702253589315611, AUPR test unknown: 0.9189188426086616
2026-08-25 16:38:55,583 INFO Epoch: 134, loss: -0.1642541140317917, labeled_loss: 0.0037127945106476545, unnlabeled_loss: 0.06366720050573349, mixup_loss: -1.9980050325393677, energy_loss: 0.0
2026-08-25 16:38:55,583 INFO Best AUROC test all: 0.9700404809882862, AUPR test all: 0.9347125356235817, AUROC test unknown: 0.9652243170671905, AUPR test unknown: 0.9111250816092641
2026-08-25 16:39:04,037 INFO Epoch: 133, loss: -0.15351027250289917, labeled_loss: 0.0035424844827502966, unnlabeled_loss: 0.08538635075092316, mixup_loss: -1.9974591732025146, energy_loss: 0.0
2026-08-25 16:39:04,037 INFO Best AUROC test all: 0.9709273738597043, AUPR test all: 0.928611004125276, AUROC test unknown: 0.9702253589315611, AUPR test unknown: 0.9189188426086616
2026-08-25 16:39:07,310 INFO Epoch: 135, loss: -0.15970078110694885, labeled_loss: 0.003454875899478793, unnlabeled_loss: 0.0732436329126358, mixup_loss: -1.9977747201919556, energy_loss: 0.0
2026-08-25 16:39:07,310 INFO Best AUROC test all: 0.9700404809882862, AUPR test all: 0.9347125356235817, AUROC test unknown: 0.9652243170671905, AUPR test unknown: 0.9111250816092641
2026-08-25 16:39:15,678 INFO Epoch: 134, loss: -0.1583065539598465, labeled_loss: 0.0039162482134997845, unnlabeled_loss: 0.07503338903188705, mixup_loss: -1.9973949193954468, energy_loss: 0.0
2026-08-25 16:39:15,678 INFO Best AUROC test all: 0.9709273738597043, AUPR test all: 0.928611004125276, AUROC test unknown: 0.9702253589315611, AUPR test unknown: 0.9189188426086616
2026-08-25 16:39:18,859 INFO Epoch: 136, loss: -0.17319436371326447, labeled_loss: 0.0035668767523020506, unnlabeled_loss: 0.046021170914173126, mixup_loss: -1.9977182149887085, energy_loss: 0.0
2026-08-25 16:39:18,859 INFO Best AUROC test all: 0.9700404809882862, AUPR test all: 0.9347125356235817, AUROC test unknown: 0.9652243170671905, AUPR test unknown: 0.9111250816092641
2026-08-25 16:39:27,373 INFO Epoch: 135, loss: -0.15227288007736206, labeled_loss: 0.003020328236743808, unnlabeled_loss: 0.0886932834982872, mixup_loss: -1.9963985681533813, energy_loss: 0.0
2026-08-25 16:39:27,373 INFO Best AUROC test all: 0.9709273738597043, AUPR test all: 0.9287783315165893, AUROC test unknown: 0.9702253589315611, AUPR test unknown: 0.9193499871430618
2026-08-25 16:39:30,450 INFO Epoch: 137, loss: -0.16838496923446655, labeled_loss: 0.0030135023407638073, unnlabeled_loss: 0.05679913982748985, mixup_loss: -1.9979804754257202, energy_loss: 0.0
2026-08-25 16:39:30,450 INFO Best AUROC test all: 0.9700404809882862, AUPR test all: 0.9347125356235817, AUROC test unknown: 0.9652243170671905, AUPR test unknown: 0.9111250816092641
2026-08-25 16:39:39,031 INFO Epoch: 136, loss: -0.1626586616039276, labeled_loss: 0.003732644720003009, unnlabeled_loss: 0.06672793626785278, mixup_loss: -1.9975526332855225, energy_loss: 0.0
2026-08-25 16:39:39,031 INFO Best AUROC test all: 0.9709273738597043, AUPR test all: 0.9287783315165893, AUROC test unknown: 0.9702253589315611, AUPR test unknown: 0.9193499871430618
2026-08-25 16:39:42,228 INFO Epoch: 138, loss: -0.17168574035167694, labeled_loss: 0.0023384415544569492, unnlabeled_loss: 0.051590025424957275, mixup_loss: -1.9981918334960938, energy_loss: 0.0
2026-08-25 16:39:42,228 INFO Best AUROC test all: 0.9700404809882862, AUPR test all: 0.9347125356235817, AUROC test unknown: 0.9652243170671905, AUPR test unknown: 0.9111250816092641
2026-08-25 16:39:50,706 INFO Epoch: 137, loss: -0.15599806606769562, labeled_loss: 0.005119370296597481, unnlabeled_loss: 0.07726877182722092, mixup_loss: -1.9975181818008423, energy_loss: 0.0
2026-08-25 16:39:50,706 INFO Best AUROC test all: 0.9709273738597043, AUPR test all: 0.9287783315165893, AUROC test unknown: 0.9702253589315611, AUPR test unknown: 0.9196741576502829
2026-08-25 16:39:53,863 INFO Epoch: 139, loss: -0.16280359029769897, labeled_loss: 0.0017836039187386632, unnlabeled_loss: 0.0704420730471611, mixup_loss: -1.9980823993682861, energy_loss: 0.0
2026-08-25 16:39:53,863 INFO Best AUROC test all: 0.9700404809882862, AUPR test all: 0.9347125356235817, AUROC test unknown: 0.9652243170671905, AUPR test unknown: 0.9111250816092641
2026-08-25 16:40:02,411 INFO Epoch: 138, loss: -0.1653900444507599, labeled_loss: 0.0035028832498937845, unnlabeled_loss: 0.06175824999809265, mixup_loss: -1.9977205991744995, energy_loss: 0.0
2026-08-25 16:40:02,411 INFO Best AUROC test all: 0.9709273738597043, AUPR test all: 0.9289747100857029, AUROC test unknown: 0.9702253589315611, AUPR test unknown: 0.9197470789350861
2026-08-25 16:40:05,473 INFO Epoch: 140, loss: -0.17988334596157074, labeled_loss: 0.00129023683257401, unnlabeled_loss: 0.03727669268846512, mixup_loss: -1.9981193542480469, energy_loss: 0.0
2026-08-25 16:40:05,473 INFO Best AUROC test all: 0.9700404809882862, AUPR test all: 0.9347125356235817, AUROC test unknown: 0.9652243170671905, AUPR test unknown: 0.9111250816092641
2026-08-25 16:40:14,074 INFO Epoch: 139, loss: -0.15371042490005493, labeled_loss: 0.008429881185293198, unnlabeled_loss: 0.07527564465999603, mixup_loss: -1.9977812767028809, energy_loss: 0.0
2026-08-25 16:40:14,074 INFO Best AUROC test all: 0.9709273738597043, AUPR test all: 0.9311777582916131, AUROC test unknown: 0.9702253589315611, AUPR test unknown: 0.9223693347141606
2026-08-25 16:40:17,079 INFO Epoch: 141, loss: -0.15963056683540344, labeled_loss: 0.0016638548113405704, unnlabeled_loss: 0.07693848758935928, mixup_loss: -1.9976366758346558, energy_loss: 0.0
2026-08-25 16:40:17,080 INFO Best AUROC test all: 0.9700404809882862, AUPR test all: 0.9347125356235817, AUROC test unknown: 0.9652243170671905, AUPR test unknown: 0.9111250816092641
2026-08-25 16:40:25,718 INFO Epoch: 140, loss: -0.1656647026538849, labeled_loss: 0.003843733575195074, unnlabeled_loss: 0.060332879424095154, mixup_loss: -1.996748685836792, energy_loss: 0.0
2026-08-25 16:40:25,718 INFO Best AUROC test all: 0.9709763686883855, AUPR test all: 0.9333438586823829, AUROC test unknown: 0.9702253589315611, AUPR test unknown: 0.9247082605403443
2026-08-25 16:40:28,642 INFO Epoch: 142, loss: -0.1516413688659668, labeled_loss: 0.0017310334369540215, unnlabeled_loss: 0.09280798584222794, mixup_loss: -1.9977638721466064, energy_loss: 0.0
2026-08-25 16:40:28,642 INFO Best AUROC test all: 0.9700404809882862, AUPR test all: 0.9347125356235817, AUROC test unknown: 0.9652243170671905, AUPR test unknown: 0.9111250816092641
2026-08-25 16:40:37,428 INFO Epoch: 141, loss: -0.14836525917053223, labeled_loss: 0.0036008101888000965, unnlabeled_loss: 0.09562768787145615, mixup_loss: -1.997799038887024, energy_loss: 0.0
2026-08-25 16:40:37,428 INFO Best AUROC test all: 0.9709763686883855, AUPR test all: 0.9333438586823829, AUROC test unknown: 0.9702253589315611, AUPR test unknown: 0.9247082605403443
2026-08-25 16:40:40,209 INFO Epoch: 143, loss: -0.1848730742931366, labeled_loss: 0.0015056668780744076, unnlabeled_loss: 0.02685539238154888, mixup_loss: -1.998064398765564, energy_loss: 0.0
2026-08-25 16:40:40,209 INFO Best AUROC test all: 0.9700404809882862, AUPR test all: 0.9347125356235817, AUROC test unknown: 0.9652243170671905, AUPR test unknown: 0.9111250816092641
2026-08-25 16:40:49,078 INFO Epoch: 142, loss: -0.15280406177043915, labeled_loss: 0.004009315278381109, unnlabeled_loss: 0.08594485372304916, mixup_loss: -1.997857928276062, energy_loss: 0.0
2026-08-25 16:40:49,078 INFO Best AUROC test all: 0.9709763686883855, AUPR test all: 0.9345882793009532, AUROC test unknown: 0.9702253589315611, AUPR test unknown: 0.9264348914478199
2026-08-25 16:40:51,844 INFO Epoch: 144, loss: -0.1640685647726059, labeled_loss: 0.0018363074632361531, unnlabeled_loss: 0.06783978641033173, mixup_loss: -1.9982476234436035, energy_loss: 0.0
2026-08-25 16:40:51,844 INFO Best AUROC test all: 0.9700404809882862, AUPR test all: 0.9347125356235817, AUROC test unknown: 0.9652243170671905, AUPR test unknown: 0.9111250816092641
2026-08-25 16:41:00,804 INFO Epoch: 143, loss: -0.16414305567741394, labeled_loss: 0.004241016693413258, unnlabeled_loss: 0.06279709190130234, mixup_loss: -1.997826099395752, energy_loss: 0.0
2026-08-25 16:41:00,805 INFO Best AUROC test all: 0.9724859172064669, AUPR test all: 0.9348352672100124, AUROC test unknown: 0.9714934425306052, AUPR test unknown: 0.9266465613218617
2026-08-25 16:41:03,461 INFO Epoch: 145, loss: -0.15843838453292847, labeled_loss: 0.0020107298623770475, unnlabeled_loss: 0.07865242660045624, mixup_loss: -1.9977532625198364, energy_loss: 0.0
2026-08-25 16:41:03,461 INFO Best AUROC test all: 0.9700404809882862, AUPR test all: 0.9347125356235817, AUROC test unknown: 0.9652243170671905, AUPR test unknown: 0.9111250816092641
2026-08-25 16:41:12,470 INFO Epoch: 144, loss: -0.16318754851818085, labeled_loss: 0.002925525652244687, unnlabeled_loss: 0.06714470684528351, mixup_loss: -1.9968541860580444, energy_loss: 0.0
2026-08-25 16:41:12,470 INFO Best AUROC test all: 0.972781394843952, AUPR test all: 0.9377884377814271, AUROC test unknown: 0.9720265049345319, AUPR test unknown: 0.9304434326960251
2026-08-25 16:41:15,101 INFO Epoch: 146, loss: -0.1681327521800995, labeled_loss: 0.001934786676429212, unnlabeled_loss: 0.059544991701841354, mixup_loss: -1.998400330543518, energy_loss: 0.0
2026-08-25 16:41:15,101 INFO Best AUROC test all: 0.9700404809882862, AUPR test all: 0.9347125356235817, AUROC test unknown: 0.9652243170671905, AUPR test unknown: 0.9111250816092641
2026-08-25 16:41:24,170 INFO Epoch: 145, loss: -0.13977539539337158, labeled_loss: 0.004575020167976618, unnlabeled_loss: 0.11082037538290024, mixup_loss: -1.9976059198379517, energy_loss: 0.0
2026-08-25 16:41:24,170 INFO Best AUROC test all: 0.9731606034109637, AUPR test all: 0.9392014794489054, AUROC test unknown: 0.9724702601013652, AUPR test unknown: 0.9319305000576723
2026-08-25 16:41:26,732 INFO Epoch: 147, loss: -0.16910934448242188, labeled_loss: 0.0025624274276196957, unnlabeled_loss: 0.05629590526223183, mixup_loss: -1.998197317123413, energy_loss: 0.0
2026-08-25 16:41:26,732 INFO Best AUROC test all: 0.9700404809882862, AUPR test all: 0.9347125356235817, AUROC test unknown: 0.9652243170671905, AUPR test unknown: 0.9111250816092641
2026-08-25 16:41:35,902 INFO Epoch: 146, loss: -0.15922147035598755, labeled_loss: 0.004208595957607031, unnlabeled_loss: 0.07260314375162125, mixup_loss: -1.9973163604736328, energy_loss: 0.0
2026-08-25 16:41:35,902 INFO Best AUROC test all: 0.9731606034109637, AUPR test all: 0.9392014794489054, AUROC test unknown: 0.9724702601013652, AUPR test unknown: 0.9319305000576723
2026-08-25 16:41:38,377 INFO Epoch: 148, loss: -0.1800089180469513, labeled_loss: 0.003220566548407078, unnlabeled_loss: 0.033091478049755096, mixup_loss: -1.9977521896362305, energy_loss: 0.0
2026-08-25 16:41:38,377 INFO Best AUROC test all: 0.9700404809882862, AUPR test all: 0.9347125356235817, AUROC test unknown: 0.9652243170671905, AUPR test unknown: 0.9111250816092641
2026-08-25 16:41:47,819 INFO Epoch: 147, loss: -0.1575024425983429, labeled_loss: 0.002966508502140641, unnlabeled_loss: 0.07861466705799103, mixup_loss: -1.9977627992630005, energy_loss: 0.0
2026-08-25 16:41:47,819 INFO Best AUROC test all: 0.9737895696945917, AUPR test all: 0.9402919831545444, AUROC test unknown: 0.9732988514088549, AUPR test unknown: 0.9332728348280959
2026-08-25 16:41:49,946 INFO Epoch: 149, loss: -0.162884920835495, labeled_loss: 0.002497380832210183, unnlabeled_loss: 0.06885869055986404, mixup_loss: -1.9981164932250977, energy_loss: 0.0
2026-08-25 16:41:49,946 INFO Best AUROC test all: 0.9700404809882862, AUPR test all: 0.9347125356235817, AUROC test unknown: 0.9652243170671905, AUPR test unknown: 0.9111250816092641
2026-08-25 16:41:59,577 INFO Epoch: 148, loss: -0.17177970707416534, labeled_loss: 0.003006375627592206, unnlabeled_loss: 0.04987930506467819, mixup_loss: -1.9972573518753052, energy_loss: 0.0
2026-08-25 16:41:59,577 INFO Best AUROC test all: 0.9737895696945917, AUPR test all: 0.9402919831545444, AUROC test unknown: 0.9732988514088549, AUPR test unknown: 0.9332728348280959
2026-08-25 16:42:01,512 INFO Epoch: 150, loss: -0.1568993777036667, labeled_loss: 0.0017535259248688817, unnlabeled_loss: 0.08232057094573975, mixup_loss: -1.9981318712234497, energy_loss: 0.0
2026-08-25 16:42:01,512 INFO Best AUROC test all: 0.9700404809882862, AUPR test all: 0.9347125356235817, AUROC test unknown: 0.9652243170671905, AUPR test unknown: 0.9111250816092641
2026-08-25 16:42:11,368 INFO Epoch: 149, loss: -0.14982320368289948, labeled_loss: 0.002314572921022773, unnlabeled_loss: 0.09523122012615204, mixup_loss: -1.9975337982177734, energy_loss: 0.0
2026-08-25 16:42:11,368 INFO Best AUROC test all: 0.9737895696945917, AUPR test all: 0.9402919831545444, AUROC test unknown: 0.9732988514088549, AUPR test unknown: 0.9332728348280959
2026-08-25 16:42:13,064 INFO Epoch: 151, loss: -0.16407710313796997, labeled_loss: 0.0020838517230004072, unnlabeled_loss: 0.0672968178987503, mixup_loss: -1.9980937242507935, energy_loss: 0.0
2026-08-25 16:42:13,064 INFO Best AUROC test all: 0.9700404809882862, AUPR test all: 0.9347125356235817, AUROC test unknown: 0.9652243170671905, AUPR test unknown: 0.9111250816092641
2026-08-25 16:42:23,001 INFO Epoch: 150, loss: -0.1297776997089386, labeled_loss: 0.00600781524553895, unnlabeled_loss: 0.1279175579547882, mixup_loss: -1.9974428415298462, energy_loss: 0.0
2026-08-25 16:42:23,002 INFO Best AUROC test all: 0.9737895696945917, AUPR test all: 0.9402919831545444, AUROC test unknown: 0.9732988514088549, AUPR test unknown: 0.9332728348280959
2026-08-25 16:42:24,605 INFO Epoch: 152, loss: -0.15008950233459473, labeled_loss: 0.0018120065797120333, unnlabeled_loss: 0.09576112031936646, mixup_loss: -1.9978207349777222, energy_loss: 0.0
2026-08-25 16:42:24,605 INFO Best AUROC test all: 0.9700404809882862, AUPR test all: 0.9347125356235817, AUROC test unknown: 0.9652243170671905, AUPR test unknown: 0.9111250816092641
2026-08-25 16:42:34,697 INFO Epoch: 151, loss: -0.15326234698295593, labeled_loss: 0.0022288840264081955, unnlabeled_loss: 0.08856157958507538, mixup_loss: -1.9977201223373413, energy_loss: 0.0
2026-08-25 16:42:34,698 INFO Best AUROC test all: 0.974288091616466, AUPR test all: 0.9402919831545444, AUROC test unknown: 0.9733612720825822, AUPR test unknown: 0.9332728348280959
2026-08-25 16:42:36,191 INFO Epoch: 153, loss: -0.17634369432926178, labeled_loss: 0.002534156199544668, unnlabeled_loss: 0.04182739183306694, mixup_loss: -1.997915506362915, energy_loss: 0.0
2026-08-25 16:42:36,192 INFO Best AUROC test all: 0.9700404809882862, AUPR test all: 0.9347125356235817, AUROC test unknown: 0.9652243170671905, AUPR test unknown: 0.9111250816092641
2026-08-25 16:42:46,338 INFO Epoch: 152, loss: -0.13774503767490387, labeled_loss: 0.004107550717890263, unnlabeled_loss: 0.11583855748176575, mixup_loss: -1.9977185726165771, energy_loss: 0.0
2026-08-25 16:42:46,338 INFO Best AUROC test all: 0.974288091616466, AUPR test all: 0.9402919831545444, AUROC test unknown: 0.9733612720825822, AUPR test unknown: 0.9332728348280959
2026-08-25 16:42:47,760 INFO Epoch: 154, loss: -0.18307137489318848, labeled_loss: 0.002704123267903924, unnlabeled_loss: 0.028014978393912315, mixup_loss: -1.997829794883728, energy_loss: 0.0
2026-08-25 16:42:47,760 INFO Best AUROC test all: 0.9700404809882862, AUPR test all: 0.9347125356235817, AUROC test unknown: 0.9652243170671905, AUPR test unknown: 0.9111250816092641
2026-08-25 16:42:58,043 INFO Epoch: 153, loss: -0.15882408618927002, labeled_loss: 0.008686581626534462, unnlabeled_loss: 0.06454875320196152, mixup_loss: -1.9978504180908203, energy_loss: 0.0
2026-08-25 16:42:58,043 INFO Best AUROC test all: 0.974288091616466, AUPR test all: 0.9402919831545444, AUROC test unknown: 0.9733612720825822, AUPR test unknown: 0.9332728348280959
2026-08-25 16:42:59,322 INFO Epoch: 155, loss: -0.1677463799715042, labeled_loss: 0.00296169170178473, unnlabeled_loss: 0.058259353041648865, mixup_loss: -1.9983774423599243, energy_loss: 0.0
2026-08-25 16:42:59,322 INFO Best AUROC test all: 0.9700404809882862, AUPR test all: 0.9347125356235817, AUROC test unknown: 0.9652243170671905, AUPR test unknown: 0.9111250816092641
2026-08-25 16:43:09,906 INFO Epoch: 154, loss: -0.15054205060005188, labeled_loss: 0.009909233078360558, unnlabeled_loss: 0.07862386107444763, mixup_loss: -1.9976321458816528, energy_loss: 0.0
2026-08-25 16:43:09,907 INFO Best AUROC test all: 0.974288091616466, AUPR test all: 0.9402919831545444, AUROC test unknown: 0.9733612720825822, AUPR test unknown: 0.9332728348280959
2026-08-25 16:43:10,891 INFO Epoch: 156, loss: -0.14340458810329437, labeled_loss: 0.003140905639156699, unnlabeled_loss: 0.10654888302087784, mixup_loss: -1.9981993436813354, energy_loss: 0.0
2026-08-25 16:43:10,891 INFO Best AUROC test all: 0.9700404809882862, AUPR test all: 0.9347125356235817, AUROC test unknown: 0.9652243170671905, AUPR test unknown: 0.9111250816092641
2026-08-25 16:43:21,632 INFO Epoch: 155, loss: -0.14958927035331726, labeled_loss: 0.009594385512173176, unnlabeled_loss: 0.08118600398302078, mixup_loss: -1.9977666139602661, energy_loss: 0.0
2026-08-25 16:43:21,632 INFO Best AUROC test all: 0.9746481750898184, AUPR test all: 0.9406504459006482, AUROC test unknown: 0.9743758262492636, AUPR test unknown: 0.9341387462116792
2026-08-25 16:43:22,512 INFO Epoch: 157, loss: -0.14462578296661377, labeled_loss: 0.002998383715748787, unnlabeled_loss: 0.1044241413474083, mixup_loss: -1.9983623027801514, energy_loss: 0.0
2026-08-25 16:43:22,512 INFO Best AUROC test all: 0.9700404809882862, AUPR test all: 0.9347125356235817, AUROC test unknown: 0.9652243170671905, AUPR test unknown: 0.9111250816092641
2026-08-25 16:43:33,487 INFO Epoch: 156, loss: -0.12814918160438538, labeled_loss: 0.004264381714165211, unnlabeled_loss: 0.13477547466754913, mixup_loss: -1.9980131387710571, energy_loss: 0.0
2026-08-25 16:43:33,487 INFO Best AUROC test all: 0.9751057698632128, AUPR test all: 0.9421498343660115, AUROC test unknown: 0.9747117915697582, AUPR test unknown: 0.9358836938840559
2026-08-25 16:43:34,093 INFO Epoch: 158, loss: -0.1572035551071167, labeled_loss: 0.004237459506839514, unnlabeled_loss: 0.07675670832395554, mixup_loss: -1.998193621635437, energy_loss: 0.0
2026-08-25 16:43:34,093 INFO Best AUROC test all: 0.97057686673195, AUPR test all: 0.9347125356235817, AUROC test unknown: 0.9657945517600195, AUPR test unknown: 0.9111250816092641
2026-08-25 16:43:45,216 INFO Epoch: 157, loss: -0.13374292850494385, labeled_loss: 0.003061755793169141, unnlabeled_loss: 0.12586434185504913, mixup_loss: -1.9973684549331665, energy_loss: 0.0
2026-08-25 16:43:45,216 INFO Best AUROC test all: 0.9751057698632128, AUPR test all: 0.9421498343660115, AUROC test unknown: 0.9747117915697582, AUPR test unknown: 0.9358836938840559
2026-08-25 16:43:45,768 INFO Epoch: 159, loss: -0.17555513978004456, labeled_loss: 0.0041748275980353355, unnlabeled_loss: 0.04015067219734192, mixup_loss: -1.998052954673767, energy_loss: 0.0
2026-08-25 16:43:45,768 INFO Best AUROC test all: 0.9722408786688053, AUPR test all: 0.9359571617555311, AUROC test unknown: 0.9678321371894816, AUPR test unknown: 0.9129058567827164
2026-08-25 16:43:56,966 INFO Epoch: 158, loss: -0.12601320445537567, labeled_loss: 0.0030547843780368567, unnlabeled_loss: 0.14135408401489258, mixup_loss: -1.9974502325057983, energy_loss: 0.0
2026-08-25 16:43:56,967 INFO Best AUROC test all: 0.9753611114816335, AUPR test all: 0.9435761605145345, AUROC test unknown: 0.9750531768316788, AUPR test unknown: 0.9375176142529974
2026-08-25 16:43:57,371 INFO Epoch: 160, loss: -0.17627687752246857, labeled_loss: 0.002855196362361312, unnlabeled_loss: 0.041392721235752106, mixup_loss: -1.9982843399047852, energy_loss: 0.0
2026-08-25 16:43:57,371 INFO Best AUROC test all: 0.9722408786688053, AUPR test all: 0.9359571617555311, AUROC test unknown: 0.9678321371894816, AUPR test unknown: 0.9129058567827164
2026-08-25 16:44:08,628 INFO Epoch: 159, loss: -0.16960617899894714, labeled_loss: 0.003110685618594289, unnlabeled_loss: 0.05417608097195625, mixup_loss: -1.998049020767212, energy_loss: 0.0
2026-08-25 16:44:08,628 INFO Best AUROC test all: 0.9759824056497679, AUPR test all: 0.9442218957066606, AUROC test unknown: 0.9757545010126867, AUPR test unknown: 0.9385289441655306
2026-08-25 16:44:09,018 INFO Epoch: 161, loss: -0.175272136926651, labeled_loss: 0.002738109789788723, unnlabeled_loss: 0.04361337795853615, mixup_loss: -1.9981694221496582, energy_loss: 0.0
2026-08-25 16:44:09,018 INFO Best AUROC test all: 0.9722408786688053, AUPR test all: 0.9359571617555311, AUROC test unknown: 0.9678321371894816, AUPR test unknown: 0.9129058567827164
2026-08-25 16:44:20,376 INFO Epoch: 160, loss: -0.15654294192790985, labeled_loss: 0.003896799637004733, unnlabeled_loss: 0.07868653535842896, mixup_loss: -1.9978301525115967, energy_loss: 0.0
2026-08-25 16:44:20,376 INFO Best AUROC test all: 0.9765273374309545, AUPR test all: 0.9456768839627872, AUROC test unknown: 0.9763826762838484, AUPR test unknown: 0.9400082188036545
2026-08-25 16:44:20,685 INFO Epoch: 162, loss: -0.170919269323349, labeled_loss: 0.0017311347182840109, unnlabeled_loss: 0.054356180131435394, mixup_loss: -1.998284935951233, energy_loss: 0.0
2026-08-25 16:44:20,685 INFO Best AUROC test all: 0.9722408786688053, AUPR test all: 0.9359571617555311, AUROC test unknown: 0.9678321371894816, AUPR test unknown: 0.9129058567827164
2026-08-25 16:44:32,105 INFO Epoch: 161, loss: -0.1719905287027359, labeled_loss: 0.003578044706955552, unnlabeled_loss: 0.04844815656542778, mixup_loss: -1.9979264736175537, energy_loss: 0.0
2026-08-25 16:44:32,106 INFO Best AUROC test all: 0.9767581816350345, AUPR test all: 0.9456768839627872, AUROC test unknown: 0.9766076749009516, AUPR test unknown: 0.9400082188036545
2026-08-25 16:44:32,362 INFO Epoch: 163, loss: -0.1668391227722168, labeled_loss: 0.0014351506251841784, unnlabeled_loss: 0.06300371140241623, mixup_loss: -1.9977612495422363, energy_loss: 0.0
2026-08-25 16:44:32,362 INFO Best AUROC test all: 0.9722408786688053, AUPR test all: 0.9359571617555311, AUROC test unknown: 0.9678321371894816, AUPR test unknown: 0.9129058567827164
2026-08-25 16:44:43,792 INFO Epoch: 162, loss: -0.14631685614585876, labeled_loss: 0.003588223597034812, unnlabeled_loss: 0.09970738738775253, mixup_loss: -1.9975876808166504, energy_loss: 0.0
2026-08-25 16:44:43,792 INFO Best AUROC test all: 0.9767581816350345, AUPR test all: 0.9456768839627872, AUROC test unknown: 0.9766076749009516, AUPR test unknown: 0.9400082188036545
2026-08-25 16:44:43,980 INFO Epoch: 164, loss: -0.14788158237934113, labeled_loss: 0.0017011710442602634, unnlabeled_loss: 0.10049289464950562, mixup_loss: -1.998292088508606, energy_loss: 0.0
2026-08-25 16:44:43,980 INFO Best AUROC test all: 0.9722408786688053, AUPR test all: 0.9359571617555311, AUROC test unknown: 0.9678321371894816, AUPR test unknown: 0.9129058567827164
2026-08-25 16:44:55,463 INFO Epoch: 163, loss: -0.14063653349876404, labeled_loss: 0.006686361040920019, unnlabeled_loss: 0.10496832430362701, mixup_loss: -1.998070478439331, energy_loss: 0.0
2026-08-25 16:44:55,463 INFO Best AUROC test all: 0.9767581816350345, AUPR test all: 0.9456768839627872, AUROC test unknown: 0.9766076749009516, AUPR test unknown: 0.9400082188036545
2026-08-25 16:44:55,640 INFO Epoch: 165, loss: -0.17860016226768494, labeled_loss: 0.0017770951380953193, unnlabeled_loss: 0.038864076137542725, mixup_loss: -1.9980930089950562, energy_loss: 0.0
2026-08-25 16:44:55,640 INFO Best AUROC test all: 0.9722408786688053, AUPR test all: 0.9359571617555311, AUROC test unknown: 0.9678321371894816, AUPR test unknown: 0.9129058567827164
2026-08-25 16:45:07,170 INFO Epoch: 164, loss: -0.1335185468196869, labeled_loss: 0.0035078125074505806, unnlabeled_loss: 0.12558035552501678, mixup_loss: -1.9981653690338135, energy_loss: 0.0
2026-08-25 16:45:07,170 INFO Best AUROC test all: 0.9767581816350345, AUPR test all: 0.9456768839627872, AUROC test unknown: 0.9766076749009516, AUPR test unknown: 0.9400082188036545
2026-08-25 16:45:07,319 INFO Epoch: 166, loss: -0.16762728989124298, labeled_loss: 0.0019445926882326603, unnlabeled_loss: 0.060460057109594345, mixup_loss: -1.9980190992355347, energy_loss: 0.0
2026-08-25 16:45:07,319 INFO Best AUROC test all: 0.9722408786688053, AUPR test all: 0.9359571617555311, AUROC test unknown: 0.9678321371894816, AUPR test unknown: 0.9129058567827164
2026-08-25 16:45:18,788 INFO Epoch: 165, loss: -0.1648145318031311, labeled_loss: 0.005330529995262623, unnlabeled_loss: 0.05928210914134979, mixup_loss: -1.9978611469268799, energy_loss: 0.0
2026-08-25 16:45:18,788 INFO Best AUROC test all: 0.9767581816350345, AUPR test all: 0.9456768839627872, AUROC test unknown: 0.9766076749009516, AUPR test unknown: 0.9400082188036545
2026-08-25 16:45:18,917 INFO Epoch: 167, loss: -0.17381522059440613, labeled_loss: 0.0020199697464704514, unnlabeled_loss: 0.048009250313043594, mixup_loss: -1.9983981847763062, energy_loss: 0.0
2026-08-25 16:45:18,918 INFO Best AUROC test all: 0.9722408786688053, AUPR test all: 0.9359571617555311, AUROC test unknown: 0.9678321371894816, AUPR test unknown: 0.9129058567827164
2026-08-25 16:45:30,598 INFO Epoch: 168, loss: -0.17888078093528748, labeled_loss: 0.0029313149861991405, unnlabeled_loss: 0.03604564815759659, mixup_loss: -1.9983493089675903, energy_loss: 0.0
2026-08-25 16:45:30,599 INFO Best AUROC test all: 0.9722408786688053, AUPR test all: 0.9359571617555311, AUROC test unknown: 0.9678321371894816, AUPR test unknown: 0.9129058567827164
2026-08-25 16:45:30,624 INFO Epoch: 166, loss: -0.13874417543411255, labeled_loss: 0.005347308702766895, unnlabeled_loss: 0.11143338680267334, mixup_loss: -1.9980818033218384, energy_loss: 0.0
2026-08-25 16:45:30,624 INFO Best AUROC test all: 0.9767581816350345, AUPR test all: 0.9456768839627872, AUROC test unknown: 0.9766076749009516, AUPR test unknown: 0.9400082188036545
2026-08-25 16:45:42,280 INFO Epoch: 169, loss: -0.17833948135375977, labeled_loss: 0.003224671818315983, unnlabeled_loss: 0.036528702825307846, mixup_loss: -1.9982850551605225, energy_loss: 0.0
2026-08-25 16:45:42,280 INFO Best AUROC test all: 0.9722408786688053, AUPR test all: 0.9359571617555311, AUROC test unknown: 0.9678321371894816, AUPR test unknown: 0.9129058567827164
2026-08-25 16:45:42,412 INFO Epoch: 167, loss: -0.16534419357776642, labeled_loss: 0.004223830532282591, unnlabeled_loss: 0.06040409952402115, mixup_loss: -1.9977006912231445, energy_loss: 0.0
2026-08-25 16:45:42,412 INFO Best AUROC test all: 0.9767581816350345, AUPR test all: 0.9456768839627872, AUROC test unknown: 0.9766076749009516, AUPR test unknown: 0.9400082188036545
2026-08-25 16:45:53,897 INFO Epoch: 170, loss: -0.17426538467407227, labeled_loss: 0.003892906941473484, unnlabeled_loss: 0.04333291947841644, mixup_loss: -1.998247504234314, energy_loss: 0.0
2026-08-25 16:45:53,897 INFO Best AUROC test all: 0.9722408786688053, AUPR test all: 0.9359571617555311, AUROC test unknown: 0.9678321371894816, AUPR test unknown: 0.9129058567827164
2026-08-25 16:45:54,087 INFO Epoch: 168, loss: -0.17010211944580078, labeled_loss: 0.0039952704682946205, unnlabeled_loss: 0.051325712352991104, mixup_loss: -1.9976023435592651, energy_loss: 0.0
2026-08-25 16:45:54,087 INFO Best AUROC test all: 0.9767581816350345, AUPR test all: 0.9456768839627872, AUROC test unknown: 0.9766076749009516, AUPR test unknown: 0.9400082188036545
2026-08-25 16:46:05,532 INFO Epoch: 171, loss: -0.16295988857746124, labeled_loss: 0.0020890343002974987, unnlabeled_loss: 0.06957964599132538, mixup_loss: -1.9983874559402466, energy_loss: 0.0
2026-08-25 16:46:05,533 INFO Best AUROC test all: 0.9722408786688053, AUPR test all: 0.9359571617555311, AUROC test unknown: 0.9678321371894816, AUPR test unknown: 0.9129058567827164
2026-08-25 16:46:05,909 INFO Epoch: 169, loss: -0.1645846664905548, labeled_loss: 0.003943797666579485, unnlabeled_loss: 0.06255636364221573, mixup_loss: -1.9980664253234863, energy_loss: 0.0
2026-08-25 16:46:05,910 INFO Best AUROC test all: 0.9767581816350345, AUPR test all: 0.9456768839627872, AUROC test unknown: 0.9766076749009516, AUPR test unknown: 0.9400082188036545
2026-08-25 16:46:17,114 INFO Epoch: 172, loss: -0.1669655591249466, labeled_loss: 0.0017131747445091605, unnlabeled_loss: 0.06228833273053169, mixup_loss: -1.9982290267944336, energy_loss: 0.0
2026-08-25 16:46:17,114 INFO Best AUROC test all: 0.9722408786688053, AUPR test all: 0.9359571617555311, AUROC test unknown: 0.9678321371894816, AUPR test unknown: 0.9129058567827164
2026-08-25 16:46:17,594 INFO Epoch: 170, loss: -0.14663922786712646, labeled_loss: 0.0031112232245504856, unnlabeled_loss: 0.10009311139583588, mixup_loss: -1.9979699850082397, energy_loss: 0.0
2026-08-25 16:46:17,594 INFO Best AUROC test all: 0.9767581816350345, AUPR test all: 0.9456768839627872, AUROC test unknown: 0.9766076749009516, AUPR test unknown: 0.9400082188036545
2026-08-25 16:46:28,725 INFO Epoch: 173, loss: -0.15305905044078827, labeled_loss: 0.0019636638462543488, unnlabeled_loss: 0.08962544798851013, mixup_loss: -1.9983543157577515, energy_loss: 0.0
2026-08-25 16:46:28,725 INFO Best AUROC test all: 0.9722408786688053, AUPR test all: 0.9359571617555311, AUROC test unknown: 0.9678321371894816, AUPR test unknown: 0.9129058567827164
2026-08-25 16:46:29,332 INFO Epoch: 171, loss: -0.15265607833862305, labeled_loss: 0.0024418914690613747, unnlabeled_loss: 0.08938294649124146, mixup_loss: -1.997894525527954, energy_loss: 0.0
2026-08-25 16:46:29,332 INFO Best AUROC test all: 0.9767581816350345, AUPR test all: 0.9456768839627872, AUROC test unknown: 0.9766076749009516, AUPR test unknown: 0.9400082188036545
2026-08-25 16:46:40,336 INFO Epoch: 174, loss: -0.16583159565925598, labeled_loss: 0.0021410773042589426, unnlabeled_loss: 0.0636659637093544, mixup_loss: -1.998056411743164, energy_loss: 0.0
2026-08-25 16:46:40,336 INFO Best AUROC test all: 0.9722408786688053, AUPR test all: 0.9359571617555311, AUROC test unknown: 0.9678321371894816, AUPR test unknown: 0.9129058567827164
2026-08-25 16:46:41,178 INFO Epoch: 172, loss: -0.144564688205719, labeled_loss: 0.0021992495749145746, unnlabeled_loss: 0.10607747733592987, mixup_loss: -1.998026728630066, energy_loss: 0.0
2026-08-25 16:46:41,178 INFO Best AUROC test all: 0.9767581816350345, AUPR test all: 0.9456768839627872, AUROC test unknown: 0.9766076749009516, AUPR test unknown: 0.9400082188036545
2026-08-25 16:46:51,915 INFO Epoch: 175, loss: -0.18832384049892426, labeled_loss: 0.002194551983848214, unnlabeled_loss: 0.01863141544163227, mixup_loss: -1.9983408451080322, energy_loss: 0.0
2026-08-25 16:46:51,915 INFO Best AUROC test all: 0.9722408786688053, AUPR test all: 0.9359571617555311, AUROC test unknown: 0.9678321371894816, AUPR test unknown: 0.9129058567827164
2026-08-25 16:46:52,896 INFO Epoch: 173, loss: -0.1394502967596054, labeled_loss: 0.0034977432806044817, unnlabeled_loss: 0.11363308131694794, mixup_loss: -1.9976457357406616, energy_loss: 0.0
2026-08-25 16:46:52,897 INFO Best AUROC test all: 0.9767581816350345, AUPR test all: 0.9456768839627872, AUROC test unknown: 0.9766076749009516, AUPR test unknown: 0.9400082188036545
2026-08-25 16:47:03,500 INFO Epoch: 176, loss: -0.17289909720420837, labeled_loss: 0.0017772400751709938, unnlabeled_loss: 0.050367940217256546, mixup_loss: -1.9986029863357544, energy_loss: 0.0
2026-08-25 16:47:03,500 INFO Best AUROC test all: 0.9722408786688053, AUPR test all: 0.9359571617555311, AUROC test unknown: 0.9678321371894816, AUPR test unknown: 0.9129058567827164
2026-08-25 16:47:04,700 INFO Epoch: 174, loss: -0.1452663540840149, labeled_loss: 0.004467666614800692, unnlabeled_loss: 0.10012805461883545, mixup_loss: -1.9979804754257202, energy_loss: 0.0
2026-08-25 16:47:04,700 INFO Best AUROC test all: 0.9767581816350345, AUPR test all: 0.9456768839627872, AUROC test unknown: 0.9766076749009516, AUPR test unknown: 0.9400082188036545
2026-08-25 16:47:15,104 INFO Epoch: 177, loss: -0.1749168187379837, labeled_loss: 0.0013468139804899693, unnlabeled_loss: 0.0471692755818367, mixup_loss: -1.998482584953308, energy_loss: 0.0
2026-08-25 16:47:15,104 INFO Best AUROC test all: 0.9722408786688053, AUPR test all: 0.9359571617555311, AUROC test unknown: 0.9678321371894816, AUPR test unknown: 0.9129058567827164
2026-08-25 16:47:16,348 INFO Epoch: 175, loss: -0.16878841817378998, labeled_loss: 0.006094020791351795, unnlabeled_loss: 0.0498872846364975, mixup_loss: -1.998260736465454, energy_loss: 0.0
2026-08-25 16:47:16,348 INFO Best AUROC test all: 0.9767581816350345, AUPR test all: 0.9456768839627872, AUROC test unknown: 0.9766076749009516, AUPR test unknown: 0.9400082188036545
2026-08-25 16:47:26,832 INFO Epoch: 178, loss: -0.18097956478595734, labeled_loss: 0.0016366192139685154, unnlabeled_loss: 0.03447362035512924, mixup_loss: -1.9985297918319702, energy_loss: 0.0
2026-08-25 16:47:26,832 INFO Best AUROC test all: 0.9722408786688053, AUPR test all: 0.9359571617555311, AUROC test unknown: 0.9678321371894816, AUPR test unknown: 0.9129058567827164
2026-08-25 16:47:27,985 INFO Epoch: 176, loss: -0.14937086403369904, labeled_loss: 0.004916653502732515, unnlabeled_loss: 0.09105847030878067, mixup_loss: -1.9981673955917358, energy_loss: 0.0
2026-08-25 16:47:27,986 INFO Best AUROC test all: 0.9767581816350345, AUPR test all: 0.9456768839627872, AUROC test unknown: 0.9766076749009516, AUPR test unknown: 0.9400082188036545
2026-08-25 16:47:38,419 INFO Epoch: 179, loss: -0.16509267687797546, labeled_loss: 0.001391368918120861, unnlabeled_loss: 0.0667208805680275, mixup_loss: -1.99844491481781, energy_loss: 0.0
2026-08-25 16:47:38,420 INFO Best AUROC test all: 0.9722408786688053, AUPR test all: 0.9359571617555311, AUROC test unknown: 0.9678321371894816, AUPR test unknown: 0.9129058567827164
2026-08-25 16:47:39,640 INFO Epoch: 177, loss: -0.14711889624595642, labeled_loss: 0.002369744936004281, unnlabeled_loss: 0.10060335695743561, mixup_loss: -1.9979031085968018, energy_loss: 0.0
2026-08-25 16:47:39,640 INFO Best AUROC test all: 0.9767581816350345, AUPR test all: 0.9456768839627872, AUROC test unknown: 0.9766076749009516, AUPR test unknown: 0.9400082188036545
2026-08-25 16:47:49,987 INFO Epoch: 180, loss: -0.16395294666290283, labeled_loss: 0.00128262210637331, unnlabeled_loss: 0.06924182176589966, mixup_loss: -1.9985647201538086, energy_loss: 0.0
2026-08-25 16:47:49,987 INFO Best AUROC test all: 0.9722408786688053, AUPR test all: 0.9359571617555311, AUROC test unknown: 0.9678321371894816, AUPR test unknown: 0.9129058567827164
2026-08-25 16:47:51,265 INFO Epoch: 178, loss: -0.16240577399730682, labeled_loss: 0.002873410237953067, unnlabeled_loss: 0.06903278827667236, mixup_loss: -1.9979556798934937, energy_loss: 0.0
2026-08-25 16:47:51,265 INFO Best AUROC test all: 0.9767581816350345, AUPR test all: 0.9456768839627872, AUROC test unknown: 0.9766076749009516, AUPR test unknown: 0.9400082188036545
2026-08-25 16:48:01,574 INFO Epoch: 181, loss: -0.17466096580028534, labeled_loss: 0.0018478402635082603, unnlabeled_loss: 0.046692632138729095, mixup_loss: -1.9985511302947998, energy_loss: 0.0
2026-08-25 16:48:01,574 INFO Best AUROC test all: 0.9722408786688053, AUPR test all: 0.9359571617555311, AUROC test unknown: 0.9678321371894816, AUPR test unknown: 0.9129058567827164
2026-08-25 16:48:02,902 INFO Epoch: 179, loss: -0.1505330502986908, labeled_loss: 0.0032277966383844614, unnlabeled_loss: 0.09213627874851227, mixup_loss: -1.9982898235321045, energy_loss: 0.0
2026-08-25 16:48:02,902 INFO Best AUROC test all: 0.9769988045666566, AUPR test all: 0.9457119117098406, AUROC test unknown: 0.9766269288876278, AUPR test unknown: 0.9400082188036545
2026-08-25 16:48:13,150 INFO Epoch: 182, loss: -0.17091849446296692, labeled_loss: 0.001501808175817132, unnlabeled_loss: 0.05484917014837265, mixup_loss: -1.9984488487243652, energy_loss: 0.0
2026-08-25 16:48:13,151 INFO Best AUROC test all: 0.9722408786688053, AUPR test all: 0.9359571617555311, AUROC test unknown: 0.9678321371894816, AUPR test unknown: 0.9129058567827164
2026-08-25 16:48:14,515 INFO Epoch: 180, loss: -0.1426713615655899, labeled_loss: 0.003936305176466703, unnlabeled_loss: 0.10635419934988022, mixup_loss: -1.9978476762771606, energy_loss: 0.0
2026-08-25 16:48:14,515 INFO Best AUROC test all: 0.9769988045666566, AUPR test all: 0.9457119117098406, AUROC test unknown: 0.9766269288876278, AUPR test unknown: 0.9400082188036545
2026-08-25 16:48:24,791 INFO Epoch: 183, loss: -0.16128475964069366, labeled_loss: 0.001989682437852025, unnlabeled_loss: 0.07312747836112976, mixup_loss: -1.9983817338943481, energy_loss: 0.0
2026-08-25 16:48:24,792 INFO Best AUROC test all: 0.9722408786688053, AUPR test all: 0.9359571617555311, AUROC test unknown: 0.9678321371894816, AUPR test unknown: 0.9129058567827164
2026-08-25 16:48:26,204 INFO Epoch: 181, loss: -0.14660027623176575, labeled_loss: 0.0032904231920838356, unnlabeled_loss: 0.09981872141361237, mixup_loss: -1.9980006217956543, energy_loss: 0.0
2026-08-25 16:48:26,204 INFO Best AUROC test all: 0.9769988045666566, AUPR test all: 0.9457119117098406, AUROC test unknown: 0.9766269288876278, AUPR test unknown: 0.9400082188036545
2026-08-25 16:48:36,381 INFO Epoch: 184, loss: -0.1717023253440857, labeled_loss: 0.0022585217375308275, unnlabeled_loss: 0.0517873615026474, mixup_loss: -1.9985451698303223, energy_loss: 0.0
2026-08-25 16:48:36,382 INFO Best AUROC test all: 0.9722408786688053, AUPR test all: 0.9359571617555311, AUROC test unknown: 0.9678321371894816, AUPR test unknown: 0.9129058567827164
2026-08-25 16:48:38,006 INFO Epoch: 182, loss: -0.15551593899726868, labeled_loss: 0.004856666084378958, unnlabeled_loss: 0.07883580774068832, mixup_loss: -1.9979050159454346, energy_loss: 0.0
2026-08-25 16:48:38,006 INFO Best AUROC test all: 0.9769988045666566, AUPR test all: 0.9457119117098406, AUROC test unknown: 0.9766269288876278, AUPR test unknown: 0.9400082188036545
2026-08-25 16:48:47,968 INFO Epoch: 185, loss: -0.18060041964054108, labeled_loss: 0.0016838919837027788, unnlabeled_loss: 0.035095542669296265, mixup_loss: -1.9983208179473877, energy_loss: 0.0
2026-08-25 16:48:47,968 INFO Best AUROC test all: 0.9722408786688053, AUPR test all: 0.9359571617555311, AUROC test unknown: 0.9678321371894816, AUPR test unknown: 0.9129058567827164
2026-08-25 16:48:49,727 INFO Epoch: 183, loss: -0.1314331293106079, labeled_loss: 0.004650712478905916, unnlabeled_loss: 0.1274840533733368, mixup_loss: -1.9982585906982422, energy_loss: 0.0
2026-08-25 16:48:49,728 INFO Best AUROC test all: 0.9769988045666566, AUPR test all: 0.9457119117098406, AUROC test unknown: 0.9766269288876278, AUPR test unknown: 0.9400082188036545
2026-08-25 16:48:59,502 INFO Epoch: 186, loss: -0.17201077938079834, labeled_loss: 0.002324329223483801, unnlabeled_loss: 0.051015302538871765, mixup_loss: -1.9984276294708252, energy_loss: 0.0
2026-08-25 16:48:59,502 INFO Best AUROC test all: 0.9722408786688053, AUPR test all: 0.9359571617555311, AUROC test unknown: 0.9678321371894816, AUPR test unknown: 0.9129058567827164
2026-08-25 16:49:01,388 INFO Epoch: 184, loss: -0.1533612757921219, labeled_loss: 0.004168480634689331, unnlabeled_loss: 0.08457869291305542, mixup_loss: -1.998190999031067, energy_loss: 0.0
2026-08-25 16:49:01,388 INFO Best AUROC test all: 0.9769988045666566, AUPR test all: 0.9457119117098406, AUROC test unknown: 0.9766269288876278, AUPR test unknown: 0.9400082188036545
2026-08-25 16:49:11,105 INFO Epoch: 187, loss: -0.1602400690317154, labeled_loss: 0.0012750577880069613, unnlabeled_loss: 0.07671304047107697, mixup_loss: -1.9987163543701172, energy_loss: 0.0
2026-08-25 16:49:11,105 INFO Best AUROC test all: 0.9722408786688053, AUPR test all: 0.9359571617555311, AUROC test unknown: 0.9678321371894816, AUPR test unknown: 0.9129058567827164
2026-08-25 16:49:13,126 INFO Epoch: 185, loss: -0.15484000742435455, labeled_loss: 0.0033028533216565847, unnlabeled_loss: 0.08340398967266083, mixup_loss: -1.9984484910964966, energy_loss: 0.0
2026-08-25 16:49:13,126 INFO Best AUROC test all: 0.9769988045666566, AUPR test all: 0.9457119117098406, AUROC test unknown: 0.9766269288876278, AUPR test unknown: 0.9400082188036545
2026-08-25 16:49:22,693 INFO Epoch: 188, loss: -0.19039836525917053, labeled_loss: 0.0011438839137554169, unnlabeled_loss: 0.016594285145401955, mixup_loss: -1.9983938932418823, energy_loss: 0.0
2026-08-25 16:49:22,693 INFO Best AUROC test all: 0.9722408786688053, AUPR test all: 0.9359571617555311, AUROC test unknown: 0.9678321371894816, AUPR test unknown: 0.9129058567827164
2026-08-25 16:49:24,834 INFO Epoch: 186, loss: -0.16464515030384064, labeled_loss: 0.002991960383951664, unnlabeled_loss: 0.06424576789140701, mixup_loss: -1.9975998401641846, energy_loss: 0.0
2026-08-25 16:49:24,834 INFO Best AUROC test all: 0.9769988045666566, AUPR test all: 0.9457119117098406, AUROC test unknown: 0.9766269288876278, AUPR test unknown: 0.9400082188036545
2026-08-25 16:49:34,319 INFO Epoch: 189, loss: -0.1763516366481781, labeled_loss: 0.0011317870812490582, unnlabeled_loss: 0.04470264911651611, mixup_loss: -1.9983474016189575, energy_loss: 0.0
2026-08-25 16:49:34,319 INFO Best AUROC test all: 0.9722408786688053, AUPR test all: 0.9359571617555311, AUROC test unknown: 0.9678321371894816, AUPR test unknown: 0.9129058567827164
2026-08-25 16:49:36,614 INFO Epoch: 187, loss: -0.1377648115158081, labeled_loss: 0.00247568148188293, unnlabeled_loss: 0.11913240700960159, mixup_loss: -1.998067021369934, energy_loss: 0.0
2026-08-25 16:49:36,614 INFO Best AUROC test all: 0.9769988045666566, AUPR test all: 0.9457119117098406, AUROC test unknown: 0.9766269288876278, AUPR test unknown: 0.9400082188036545
2026-08-25 16:49:45,948 INFO Epoch: 190, loss: -0.15243563055992126, labeled_loss: 0.001172380056232214, unnlabeled_loss: 0.09248699992895126, mixup_loss: -1.9985151290893555, energy_loss: 0.0
2026-08-25 16:49:45,948 INFO Best AUROC test all: 0.9722408786688053, AUPR test all: 0.9359571617555311, AUROC test unknown: 0.9678321371894816, AUPR test unknown: 0.9129058567827164
2026-08-25 16:49:48,240 INFO Epoch: 188, loss: -0.17108440399169922, labeled_loss: 0.0024567756336182356, unnlabeled_loss: 0.05245449021458626, mixup_loss: -1.9976842403411865, energy_loss: 0.0
2026-08-25 16:49:48,240 INFO Best AUROC test all: 0.9769988045666566, AUPR test all: 0.9457119117098406, AUROC test unknown: 0.9766269288876278, AUPR test unknown: 0.9400082188036545
2026-08-25 16:49:57,558 INFO Epoch: 191, loss: -0.16333618760108948, labeled_loss: 0.0018736431375145912, unnlabeled_loss: 0.06923877447843552, mixup_loss: -1.9982922077178955, energy_loss: 0.0
2026-08-25 16:49:57,558 INFO Best AUROC test all: 0.9722408786688053, AUPR test all: 0.9359571617555311, AUROC test unknown: 0.9678321371894816, AUPR test unknown: 0.9129058567827164
2026-08-25 16:49:59,996 INFO Epoch: 189, loss: -0.15821826457977295, labeled_loss: 0.002606814494356513, unnlabeled_loss: 0.07797235995531082, mixup_loss: -1.998112440109253, energy_loss: 0.0
2026-08-25 16:49:59,996 INFO Best AUROC test all: 0.9769988045666566, AUPR test all: 0.9457119117098406, AUROC test unknown: 0.9766269288876278, AUPR test unknown: 0.9400082188036545
2026-08-25 16:50:09,124 INFO Epoch: 192, loss: -0.16743412613868713, labeled_loss: 0.008526237681508064, unnlabeled_loss: 0.0477813258767128, mixup_loss: -1.9985102415084839, energy_loss: 0.0
2026-08-25 16:50:09,125 INFO Best AUROC test all: 0.9722408786688053, AUPR test all: 0.9359571617555311, AUROC test unknown: 0.9678321371894816, AUPR test unknown: 0.9129058567827164
2026-08-25 16:50:11,698 INFO Epoch: 190, loss: -0.1461872160434723, labeled_loss: 0.0032138670794665813, unnlabeled_loss: 0.1007811650633812, mixup_loss: -1.9979166984558105, energy_loss: 0.0
2026-08-25 16:50:11,699 INFO Best AUROC test all: 0.9769988045666566, AUPR test all: 0.9457119117098406, AUROC test unknown: 0.9766269288876278, AUPR test unknown: 0.9400082188036545
2026-08-25 16:50:20,716 INFO Epoch: 193, loss: -0.18506290018558502, labeled_loss: 0.0023909190203994513, unnlabeled_loss: 0.024717239663004875, mixup_loss: -1.998124361038208, energy_loss: 0.0
2026-08-25 16:50:20,716 INFO Best AUROC test all: 0.9722408786688053, AUPR test all: 0.9359571617555311, AUROC test unknown: 0.9678321371894816, AUPR test unknown: 0.9129058567827164
2026-08-25 16:50:23,486 INFO Epoch: 191, loss: -0.15216484665870667, labeled_loss: 0.007030390668660402, unnlabeled_loss: 0.0812513679265976, mixup_loss: -1.9982091188430786, energy_loss: 0.0
2026-08-25 16:50:23,486 INFO Best AUROC test all: 0.9769988045666566, AUPR test all: 0.9457119117098406, AUROC test unknown: 0.9766269288876278, AUPR test unknown: 0.9400082188036545
2026-08-25 16:50:32,363 INFO Epoch: 194, loss: -0.18197833001613617, labeled_loss: 0.003359684022143483, unnlabeled_loss: 0.029036208987236023, mixup_loss: -1.998561143875122, energy_loss: 0.0
2026-08-25 16:50:32,363 INFO Best AUROC test all: 0.9722408786688053, AUPR test all: 0.9359571617555311, AUROC test unknown: 0.9678321371894816, AUPR test unknown: 0.9129058567827164
2026-08-25 16:50:35,242 INFO Epoch: 192, loss: -0.140872985124588, labeled_loss: 0.004619792103767395, unnlabeled_loss: 0.10864302515983582, mixup_loss: -1.9981428384780884, energy_loss: 0.0
2026-08-25 16:50:35,242 INFO Best AUROC test all: 0.9769988045666566, AUPR test all: 0.9457119117098406, AUROC test unknown: 0.9766269288876278, AUPR test unknown: 0.9400082188036545
2026-08-25 16:50:43,923 INFO Epoch: 195, loss: -0.15363770723342896, labeled_loss: 0.0014039931120350957, unnlabeled_loss: 0.08955549448728561, mixup_loss: -1.9981944561004639, energy_loss: 0.0
2026-08-25 16:50:43,923 INFO Best AUROC test all: 0.9722408786688053, AUPR test all: 0.9359571617555311, AUROC test unknown: 0.9678321371894816, AUPR test unknown: 0.9129058567827164
2026-08-25 16:50:46,998 INFO Epoch: 193, loss: -0.15742860734462738, labeled_loss: 0.006824236363172531, unnlabeled_loss: 0.07111774384975433, mixup_loss: -1.9981170892715454, energy_loss: 0.0
2026-08-25 16:50:46,998 INFO Best AUROC test all: 0.9769988045666566, AUPR test all: 0.9457119117098406, AUROC test unknown: 0.9766269288876278, AUPR test unknown: 0.9400082188036545
2026-08-25 16:50:55,516 INFO Epoch: 196, loss: -0.18716345727443695, labeled_loss: 0.002273355145007372, unnlabeled_loss: 0.02083834819495678, mixup_loss: -1.998559832572937, energy_loss: 0.0
2026-08-25 16:50:55,516 INFO Best AUROC test all: 0.9722408786688053, AUPR test all: 0.9359571617555311, AUROC test unknown: 0.9678321371894816, AUPR test unknown: 0.9129058567827164
2026-08-25 16:50:58,674 INFO Epoch: 194, loss: -0.16649743914604187, labeled_loss: 0.003875762689858675, unnlabeled_loss: 0.058913640677928925, mixup_loss: -1.9983001947402954, energy_loss: 0.0
2026-08-25 16:50:58,674 INFO Best AUROC test all: 0.9773225972778709, AUPR test all: 0.9475360647387084, AUROC test unknown: 0.977136372932569, AUPR test unknown: 0.9427234083175079
2026-08-25 16:51:07,077 INFO Epoch: 197, loss: -0.17605966329574585, labeled_loss: 0.001421443186700344, unnlabeled_loss: 0.04473279416561127, mixup_loss: -1.9984750747680664, energy_loss: 0.0
2026-08-25 16:51:07,077 INFO Best AUROC test all: 0.9722408786688053, AUPR test all: 0.9359571617555311, AUROC test unknown: 0.9678321371894816, AUPR test unknown: 0.9129058567827164
2026-08-25 16:51:10,293 INFO Epoch: 195, loss: -0.14346563816070557, labeled_loss: 0.0018658197950571775, unnlabeled_loss: 0.10894893109798431, mixup_loss: -1.9980592727661133, energy_loss: 0.0
2026-08-25 16:51:10,293 INFO Best AUROC test all: 0.9786815644308213, AUPR test all: 0.950130846309311, AUROC test unknown: 0.9786593358744806, AUPR test unknown: 0.9457724164222965
2026-08-25 16:51:18,668 INFO Epoch: 198, loss: -0.14868953824043274, labeled_loss: 0.001747401081956923, unnlabeled_loss: 0.09882248193025589, mixup_loss: -1.9984817504882812, energy_loss: 0.0
2026-08-25 16:51:18,668 INFO Best AUROC test all: 0.9722408786688053, AUPR test all: 0.9359571617555311, AUROC test unknown: 0.9678321371894816, AUPR test unknown: 0.9129058567827164
2026-08-25 16:51:21,951 INFO Epoch: 196, loss: -0.178553968667984, labeled_loss: 0.0020916962530463934, unnlabeled_loss: 0.0381942056119442, mixup_loss: -1.9974275827407837, energy_loss: 0.0
2026-08-25 16:51:21,951 INFO Best AUROC test all: 0.9786815644308213, AUPR test all: 0.950130846309311, AUROC test unknown: 0.9786593358744806, AUPR test unknown: 0.9457724164222965
2026-08-25 16:51:30,232 INFO Epoch: 199, loss: -0.17494536936283112, labeled_loss: 0.001501804799772799, unnlabeled_loss: 0.04680339992046356, mixup_loss: -1.9984887838363647, energy_loss: 0.0
2026-08-25 16:51:30,232 INFO Best AUROC test all: 0.9722408786688053, AUPR test all: 0.9359571617555311, AUROC test unknown: 0.9678321371894816, AUPR test unknown: 0.9129058567827164
2026-08-25 16:51:33,650 INFO Epoch: 197, loss: -0.16065320372581482, labeled_loss: 0.0018847780302166939, unnlabeled_loss: 0.07452106475830078, mixup_loss: -1.9979850053787231, energy_loss: 0.0
2026-08-25 16:51:33,650 INFO Best AUROC test all: 0.9786815644308213, AUPR test all: 0.9509952022797714, AUROC test unknown: 0.9786593358744806, AUPR test unknown: 0.9466229324506785
2026-08-25 16:51:41,797 INFO Epoch: 200, loss: -0.17744606733322144, labeled_loss: 0.0012552740518003702, unnlabeled_loss: 0.04234321787953377, mixup_loss: -1.9987295866012573, energy_loss: 0.0
2026-08-25 16:51:41,797 INFO Best AUROC test all: 0.9722408786688053, AUPR test all: 0.9359571617555311, AUROC test unknown: 0.9678321371894816, AUPR test unknown: 0.9129058567827164
2026-08-25 16:51:45,476 INFO Epoch: 198, loss: -0.1358822137117386, labeled_loss: 0.0018628914840519428, unnlabeled_loss: 0.12403707206249237, mixup_loss: -1.997636318206787, energy_loss: 0.0
2026-08-25 16:51:45,477 INFO Best AUROC test all: 0.9786815644308213, AUPR test all: 0.9509952022797714, AUROC test unknown: 0.9786593358744806, AUPR test unknown: 0.9466229324506785
2026-08-25 16:51:53,354 INFO Epoch: 201, loss: -0.17411816120147705, labeled_loss: 0.0046340469270944595, unnlabeled_loss: 0.04226800426840782, mixup_loss: -1.9988621473312378, energy_loss: 0.0
2026-08-25 16:51:53,354 INFO Best AUROC test all: 0.9722408786688053, AUPR test all: 0.9359571617555311, AUROC test unknown: 0.9678321371894816, AUPR test unknown: 0.9129058567827164
2026-08-25 16:51:57,183 INFO Epoch: 199, loss: -0.1682162582874298, labeled_loss: 0.0010666005546227098, unnlabeled_loss: 0.06106119230389595, mixup_loss: -1.9981344938278198, energy_loss: 0.0
2026-08-25 16:51:57,183 INFO Best AUROC test all: 0.9786815644308213, AUPR test all: 0.9509952022797714, AUROC test unknown: 0.9786593358744806, AUPR test unknown: 0.9466229324506785
2026-08-25 16:52:04,988 INFO Epoch: 202, loss: -0.1738167405128479, labeled_loss: 0.0021858380641788244, unnlabeled_loss: 0.0477057583630085, mixup_loss: -1.9985545873641968, energy_loss: 0.0
2026-08-25 16:52:04,988 INFO Best AUROC test all: 0.9722408786688053, AUPR test all: 0.9359571617555311, AUROC test unknown: 0.9678321371894816, AUPR test unknown: 0.9129058567827164
2026-08-25 16:52:08,941 INFO Epoch: 200, loss: -0.16387876868247986, labeled_loss: 0.0022676391527056694, unnlabeled_loss: 0.0674525573849678, mixup_loss: -1.9987268447875977, energy_loss: 0.0
2026-08-25 16:52:08,941 INFO Best AUROC test all: 0.9786815644308213, AUPR test all: 0.9509952022797714, AUROC test unknown: 0.9786593358744806, AUPR test unknown: 0.9466229324506785
2026-08-25 16:52:16,596 INFO Epoch: 203, loss: -0.181461364030838, labeled_loss: 0.0026836758479475975, unnlabeled_loss: 0.03145242854952812, mixup_loss: -1.9987125396728516, energy_loss: 0.0
2026-08-25 16:52:16,597 INFO Best AUROC test all: 0.9722408786688053, AUPR test all: 0.9359571617555311, AUROC test unknown: 0.9678321371894816, AUPR test unknown: 0.9129058567827164
2026-08-25 16:52:20,674 INFO Epoch: 201, loss: -0.16291296482086182, labeled_loss: 0.0018091988749802113, unnlabeled_loss: 0.070229671895504, mixup_loss: -1.9983699321746826, energy_loss: 0.0
2026-08-25 16:52:20,674 INFO Best AUROC test all: 0.9786815644308213, AUPR test all: 0.9509952022797714, AUROC test unknown: 0.9786593358744806, AUPR test unknown: 0.9466229324506785
2026-08-25 16:52:28,278 INFO Epoch: 204, loss: -0.15806236863136292, labeled_loss: 0.002375255338847637, unnlabeled_loss: 0.07884156703948975, mixup_loss: -1.9985841512680054, energy_loss: 0.0
2026-08-25 16:52:28,278 INFO Best AUROC test all: 0.9722408786688053, AUPR test all: 0.9359571617555311, AUROC test unknown: 0.9678321371894816, AUPR test unknown: 0.9129058567827164
2026-08-25 16:52:32,545 INFO Epoch: 202, loss: -0.14260874688625336, labeled_loss: 0.00685293460264802, unnlabeled_loss: 0.10065639764070511, mixup_loss: -1.997898817062378, energy_loss: 0.0
2026-08-25 16:52:32,545 INFO Best AUROC test all: 0.9786815644308213, AUPR test all: 0.9509952022797714, AUROC test unknown: 0.9786593358744806, AUPR test unknown: 0.9466229324506785
2026-08-25 16:52:39,849 INFO Epoch: 205, loss: -0.167484849691391, labeled_loss: 0.001793700153939426, unnlabeled_loss: 0.06118045747280121, mixup_loss: -1.998687744140625, energy_loss: 0.0
2026-08-25 16:52:39,866 INFO Best AUROC test all: 0.9722408786688053, AUPR test all: 0.9359571617555311, AUROC test unknown: 0.9678321371894816, AUPR test unknown: 0.9129058567827164
2026-08-25 16:52:44,303 INFO Epoch: 203, loss: -0.15061868727207184, labeled_loss: 0.0074243247509002686, unnlabeled_loss: 0.08354958891868591, mixup_loss: -1.9981780052185059, energy_loss: 0.0
2026-08-25 16:52:44,303 INFO Best AUROC test all: 0.9786815644308213, AUPR test all: 0.9509952022797714, AUROC test unknown: 0.9786593358744806, AUPR test unknown: 0.9466229324506785
2026-08-25 16:52:51,424 INFO Epoch: 206, loss: -0.18174082040786743, labeled_loss: 0.001728078699670732, unnlabeled_loss: 0.032800499349832535, mixup_loss: -1.9986913204193115, energy_loss: 0.0
2026-08-25 16:52:51,424 INFO Best AUROC test all: 0.9722408786688053, AUPR test all: 0.9359571617555311, AUROC test unknown: 0.9678321371894816, AUPR test unknown: 0.9129058567827164
2026-08-25 16:52:56,047 INFO Epoch: 204, loss: -0.12590964138507843, labeled_loss: 0.007301507517695427, unnlabeled_loss: 0.1331736445426941, mixup_loss: -1.9979796409606934, energy_loss: 0.0
2026-08-25 16:52:56,047 INFO Best AUROC test all: 0.9786815644308213, AUPR test all: 0.9509952022797714, AUROC test unknown: 0.9786593358744806, AUPR test unknown: 0.9466229324506785
2026-08-25 16:53:03,061 INFO Epoch: 207, loss: -0.17199403047561646, labeled_loss: 0.001661775866523385, unnlabeled_loss: 0.052411992102861404, mixup_loss: -1.9986180067062378, energy_loss: 0.0
2026-08-25 16:53:03,062 INFO Best AUROC test all: 0.9722408786688053, AUPR test all: 0.9359571617555311, AUROC test unknown: 0.9678321371894816, AUPR test unknown: 0.9129058567827164
2026-08-25 16:53:07,817 INFO Epoch: 205, loss: -0.14022302627563477, labeled_loss: 0.002630352508276701, unnlabeled_loss: 0.11390411108732224, mixup_loss: -1.9980543851852417, energy_loss: 0.0
2026-08-25 16:53:07,817 INFO Best AUROC test all: 0.9786815644308213, AUPR test all: 0.9509952022797714, AUROC test unknown: 0.9786593358744806, AUPR test unknown: 0.9466229324506785
2026-08-25 16:53:14,644 INFO Epoch: 208, loss: -0.17580752074718475, labeled_loss: 0.001125722425058484, unnlabeled_loss: 0.04585582762956619, mixup_loss: -1.998611569404602, energy_loss: 0.0
2026-08-25 16:53:14,645 INFO Best AUROC test all: 0.9722408786688053, AUPR test all: 0.9359571617555311, AUROC test unknown: 0.9678321371894816, AUPR test unknown: 0.9129058567827164
2026-08-25 16:53:19,576 INFO Epoch: 206, loss: -0.1695387065410614, labeled_loss: 0.0031747776083648205, unnlabeled_loss: 0.05422345921397209, mixup_loss: -1.9982521533966064, energy_loss: 0.0
2026-08-25 16:53:19,576 INFO Best AUROC test all: 0.9786815644308213, AUPR test all: 0.9509952022797714, AUROC test unknown: 0.9786593358744806, AUPR test unknown: 0.9466229324506785
2026-08-25 16:53:26,233 INFO Epoch: 209, loss: -0.17102056741714478, labeled_loss: 0.0014256528811529279, unnlabeled_loss: 0.05486316978931427, mixup_loss: -1.998777985572815, energy_loss: 0.0
2026-08-25 16:53:26,233 INFO Best AUROC test all: 0.9722408786688053, AUPR test all: 0.9359571617555311, AUROC test unknown: 0.9678321371894816, AUPR test unknown: 0.9129058567827164
2026-08-25 16:53:31,469 INFO Epoch: 207, loss: -0.1439083367586136, labeled_loss: 0.001447221264243126, unnlabeled_loss: 0.10879121720790863, mixup_loss: -1.997511625289917, energy_loss: 0.0
2026-08-25 16:53:31,470 INFO Best AUROC test all: 0.9786815644308213, AUPR test all: 0.9509952022797714, AUROC test unknown: 0.9786593358744806, AUPR test unknown: 0.9466229324506785
2026-08-25 16:53:37,956 INFO Epoch: 210, loss: -0.18638621270656586, labeled_loss: 0.0016062575159594417, unnlabeled_loss: 0.023782705888152122, mixup_loss: -1.998838186264038, energy_loss: 0.0
2026-08-25 16:53:37,956 INFO Best AUROC test all: 0.9722408786688053, AUPR test all: 0.9359571617555311, AUROC test unknown: 0.9678321371894816, AUPR test unknown: 0.9129058567827164
2026-08-25 16:53:43,174 INFO Epoch: 208, loss: -0.14913910627365112, labeled_loss: 0.002022586762905121, unnlabeled_loss: 0.09730164706707001, mixup_loss: -1.9981250762939453, energy_loss: 0.0
2026-08-25 16:53:43,174 INFO Best AUROC test all: 0.9786815644308213, AUPR test all: 0.9509952022797714, AUROC test unknown: 0.9786593358744806, AUPR test unknown: 0.9466229324506785
2026-08-25 16:53:49,548 INFO Epoch: 211, loss: -0.1769256591796875, labeled_loss: 0.0011438342044129968, unnlabeled_loss: 0.04362783208489418, mixup_loss: -1.9988341331481934, energy_loss: 0.0
2026-08-25 16:53:49,548 INFO Best AUROC test all: 0.9722408786688053, AUPR test all: 0.9359571617555311, AUROC test unknown: 0.9678321371894816, AUPR test unknown: 0.9129058567827164
2026-08-25 16:53:54,922 INFO Epoch: 209, loss: -0.14508044719696045, labeled_loss: 0.0024471848737448454, unnlabeled_loss: 0.10459151864051819, mixup_loss: -1.9982339143753052, energy_loss: 0.0
2026-08-25 16:53:54,922 INFO Best AUROC test all: 0.9786815644308213, AUPR test all: 0.9509952022797714, AUROC test unknown: 0.9786593358744806, AUPR test unknown: 0.9466229324506785
2026-08-25 16:54:01,189 INFO Epoch: 212, loss: -0.18852287530899048, labeled_loss: 0.0015848800539970398, unnlabeled_loss: 0.019485346972942352, mixup_loss: -1.9985042810440063, energy_loss: 0.0
2026-08-25 16:54:01,189 INFO Best AUROC test all: 0.9722408786688053, AUPR test all: 0.9359571617555311, AUROC test unknown: 0.9678321371894816, AUPR test unknown: 0.9129058567827164
2026-08-25 16:54:06,559 INFO Epoch: 210, loss: -0.1668502241373062, labeled_loss: 0.0020227988716214895, unnlabeled_loss: 0.06184185668826103, mixup_loss: -1.9979394674301147, energy_loss: 0.0
2026-08-25 16:54:06,559 INFO Best AUROC test all: 0.9786815644308213, AUPR test all: 0.9509952022797714, AUROC test unknown: 0.9786593358744806, AUPR test unknown: 0.9466229324506785
2026-08-25 16:54:12,759 INFO Epoch: 213, loss: -0.18235859274864197, labeled_loss: 0.0013446644879877567, unnlabeled_loss: 0.032322388142347336, mixup_loss: -1.998644471168518, energy_loss: 0.0
2026-08-25 16:54:12,760 INFO Best AUROC test all: 0.9722408786688053, AUPR test all: 0.9359571617555311, AUROC test unknown: 0.9678321371894816, AUPR test unknown: 0.9129058567827164
2026-08-25 16:54:18,363 INFO Epoch: 211, loss: -0.15865570306777954, labeled_loss: 0.003054484026506543, unnlabeled_loss: 0.07622094452381134, mixup_loss: -1.9982064962387085, energy_loss: 0.0
2026-08-25 16:54:18,363 INFO Best AUROC test all: 0.9786815644308213, AUPR test all: 0.9509952022797714, AUROC test unknown: 0.9786593358744806, AUPR test unknown: 0.9466229324506785
2026-08-25 16:54:24,345 INFO Epoch: 214, loss: -0.16928629577159882, labeled_loss: 0.0012544478522613645, unnlabeled_loss: 0.0586157962679863, mixup_loss: -1.9984862804412842, energy_loss: 0.0
2026-08-25 16:54:24,345 INFO Best AUROC test all: 0.9722408786688053, AUPR test all: 0.9359571617555311, AUROC test unknown: 0.9678321371894816, AUPR test unknown: 0.9129058567827164
2026-08-25 16:54:30,099 INFO Epoch: 212, loss: -0.1643247902393341, labeled_loss: 0.0049616023898124695, unnlabeled_loss: 0.06113079935312271, mixup_loss: -1.9985179901123047, energy_loss: 0.0
2026-08-25 16:54:30,099 INFO Best AUROC test all: 0.9786815644308213, AUPR test all: 0.9509952022797714, AUROC test unknown: 0.9786593358744806, AUPR test unknown: 0.9466229324506785
2026-08-25 16:54:35,930 INFO Epoch: 215, loss: -0.16492360830307007, labeled_loss: 0.0016712271608412266, unnlabeled_loss: 0.06655889749526978, mixup_loss: -1.9987428188323975, energy_loss: 0.0
2026-08-25 16:54:35,930 INFO Best AUROC test all: 0.9722408786688053, AUPR test all: 0.9359571617555311, AUROC test unknown: 0.9678321371894816, AUPR test unknown: 0.9129058567827164
2026-08-25 16:54:41,764 INFO Epoch: 213, loss: -0.16439977288246155, labeled_loss: 0.006523501127958298, unnlabeled_loss: 0.057856012135744095, mixup_loss: -1.998512864112854, energy_loss: 0.0
2026-08-25 16:54:41,764 INFO Best AUROC test all: 0.9786815644308213, AUPR test all: 0.9509952022797714, AUROC test unknown: 0.9786593358744806, AUPR test unknown: 0.9466229324506785
2026-08-25 16:54:47,508 INFO Epoch: 216, loss: -0.17850810289382935, labeled_loss: 0.0014489077730104327, unnlabeled_loss: 0.03983045741915703, mixup_loss: -1.9987223148345947, energy_loss: 0.0
2026-08-25 16:54:47,508 INFO Best AUROC test all: 0.9722408786688053, AUPR test all: 0.9359571617555311, AUROC test unknown: 0.9678321371894816, AUPR test unknown: 0.9129058567827164
2026-08-25 16:54:53,466 INFO Epoch: 214, loss: -0.16383275389671326, labeled_loss: 0.0026884356047958136, unnlabeled_loss: 0.06657267361879349, mixup_loss: -1.998075246810913, energy_loss: 0.0
2026-08-25 16:54:53,466 INFO Best AUROC test all: 0.9786815644308213, AUPR test all: 0.9509952022797714, AUROC test unknown: 0.9786593358744806, AUPR test unknown: 0.9466229324506785
2026-08-25 16:54:59,086 INFO Epoch: 217, loss: -0.17414794862270355, labeled_loss: 0.001631918945349753, unnlabeled_loss: 0.04819558933377266, mixup_loss: -1.9987766742706299, energy_loss: 0.0
2026-08-25 16:54:59,086 INFO Best AUROC test all: 0.9722408786688053, AUPR test all: 0.9359571617555311, AUROC test unknown: 0.9678321371894816, AUPR test unknown: 0.9129058567827164
2026-08-25 16:55:05,139 INFO Epoch: 215, loss: -0.15408505499362946, labeled_loss: 0.0023067158181220293, unnlabeled_loss: 0.08662386983633041, mixup_loss: -1.9970370531082153, energy_loss: 0.0
2026-08-25 16:55:05,139 INFO Best AUROC test all: 0.9790073717622915, AUPR test all: 0.9509952022797714, AUROC test unknown: 0.9792703784469026, AUPR test unknown: 0.9466229324506785
2026-08-25 16:55:10,656 INFO Epoch: 218, loss: -0.17168547213077545, labeled_loss: 0.0018513455288484693, unnlabeled_loss: 0.0526939295232296, mixup_loss: -1.9988378286361694, energy_loss: 0.0
2026-08-25 16:55:10,656 INFO Best AUROC test all: 0.9722408786688053, AUPR test all: 0.9359571617555311, AUROC test unknown: 0.9678321371894816, AUPR test unknown: 0.9129058567827164
2026-08-25 16:55:16,775 INFO Epoch: 216, loss: -0.16016973555088043, labeled_loss: 0.0013946087565273046, unnlabeled_loss: 0.07648356258869171, mixup_loss: -1.998061180114746, energy_loss: 0.0
2026-08-25 16:55:16,775 INFO Best AUROC test all: 0.9797884740723433, AUPR test all: 0.9522194690767697, AUROC test unknown: 0.9799532098689624, AUPR test unknown: 0.9484290023165847
2026-08-25 16:55:22,219 INFO Epoch: 219, loss: -0.1877238154411316, labeled_loss: 0.002052212366834283, unnlabeled_loss: 0.020173897966742516, mixup_loss: -1.9986296892166138, energy_loss: 0.0
2026-08-25 16:55:22,219 INFO Best AUROC test all: 0.9722408786688053, AUPR test all: 0.9359571617555311, AUROC test unknown: 0.9678321371894816, AUPR test unknown: 0.9129058567827164
2026-08-25 16:55:28,586 INFO Epoch: 217, loss: -0.15713077783584595, labeled_loss: 0.0023941497784107924, unnlabeled_loss: 0.08020580559968948, mixup_loss: -1.9962782859802246, energy_loss: 0.0
2026-08-25 16:55:28,586 INFO Best AUROC test all: 0.9803641127138636, AUPR test all: 0.9547426008478316, AUROC test unknown: 0.9808621259263507, AUPR test unknown: 0.9512139335577781
2026-08-25 16:55:33,791 INFO Epoch: 220, loss: -0.17052078247070312, labeled_loss: 0.0017438686918467283, unnlabeled_loss: 0.05523708090186119, mixup_loss: -1.998831868171692, energy_loss: 0.0
2026-08-25 16:55:33,791 INFO Best AUROC test all: 0.9722408786688053, AUPR test all: 0.9359571617555311, AUROC test unknown: 0.9678321371894816, AUPR test unknown: 0.9129058567827164
2026-08-25 16:55:40,486 INFO Epoch: 218, loss: -0.14324015378952026, labeled_loss: 0.0032587095629423857, unnlabeled_loss: 0.10655907541513443, mixup_loss: -1.997783899307251, energy_loss: 0.0
2026-08-25 16:55:40,486 INFO Best AUROC test all: 0.9803641127138636, AUPR test all: 0.9547426008478316, AUROC test unknown: 0.9808621259263507, AUPR test unknown: 0.9512139335577781
2026-08-25 16:55:45,360 INFO Epoch: 221, loss: -0.17624978721141815, labeled_loss: 0.0014857257483527064, unnlabeled_loss: 0.04425671324133873, mixup_loss: -1.99863862991333, energy_loss: 0.0
2026-08-25 16:55:45,360 INFO Best AUROC test all: 0.9722408786688053, AUPR test all: 0.9359571617555311, AUROC test unknown: 0.9678321371894816, AUPR test unknown: 0.9129058567827164
2026-08-25 16:55:52,205 INFO Epoch: 219, loss: -0.18147574365139008, labeled_loss: 0.0018634387524798512, unnlabeled_loss: 0.03294514864683151, mixup_loss: -1.9981175661087036, energy_loss: 0.0
2026-08-25 16:55:52,205 INFO Best AUROC test all: 0.9803641127138636, AUPR test all: 0.9547426008478316, AUROC test unknown: 0.9808621259263507, AUPR test unknown: 0.9512139335577781
2026-08-25 16:55:56,925 INFO Epoch: 222, loss: -0.17381936311721802, labeled_loss: 0.001407685107551515, unnlabeled_loss: 0.04927907511591911, mixup_loss: -1.9986658096313477, energy_loss: 0.0
2026-08-25 16:55:56,925 INFO Best AUROC test all: 0.9722408786688053, AUPR test all: 0.9359571617555311, AUROC test unknown: 0.9678321371894816, AUPR test unknown: 0.9129058567827164
2026-08-25 16:56:03,879 INFO Epoch: 220, loss: -0.15572883188724518, labeled_loss: 0.001815914292819798, unnlabeled_loss: 0.08451571315526962, mixup_loss: -1.9980260133743286, energy_loss: 0.0
2026-08-25 16:56:03,879 INFO Best AUROC test all: 0.9803641127138636, AUPR test all: 0.9547426008478316, AUROC test unknown: 0.9808621259263507, AUPR test unknown: 0.9512139335577781
2026-08-25 16:56:08,504 INFO Epoch: 223, loss: -0.17813806235790253, labeled_loss: 0.0011855218326672912, unnlabeled_loss: 0.04111012443900108, mixup_loss: -1.998786449432373, energy_loss: 0.0
2026-08-25 16:56:08,504 INFO Best AUROC test all: 0.9722408786688053, AUPR test all: 0.9359571617555311, AUROC test unknown: 0.9678321371894816, AUPR test unknown: 0.9129058567827164
2026-08-25 16:56:15,547 INFO Epoch: 221, loss: -0.14811617136001587, labeled_loss: 0.008180579170584679, unnlabeled_loss: 0.08703327178955078, mixup_loss: -1.9981337785720825, energy_loss: 0.0
2026-08-25 16:56:15,547 INFO Best AUROC test all: 0.9803641127138636, AUPR test all: 0.9547426008478316, AUROC test unknown: 0.9808621259263507, AUPR test unknown: 0.9512139335577781
2026-08-25 16:56:20,098 INFO Epoch: 224, loss: -0.16115543246269226, labeled_loss: 0.0010523161618039012, unnlabeled_loss: 0.07530473172664642, mixup_loss: -1.9986010789871216, energy_loss: 0.0
2026-08-25 16:56:20,098 INFO Best AUROC test all: 0.9722408786688053, AUPR test all: 0.9359571617555311, AUROC test unknown: 0.9678321371894816, AUPR test unknown: 0.9129058567827164
2026-08-25 16:56:27,320 INFO Epoch: 222, loss: -0.1438472419977188, labeled_loss: 0.004779779817909002, unnlabeled_loss: 0.10232091695070267, mixup_loss: -1.9978748559951782, energy_loss: 0.0
2026-08-25 16:56:27,320 INFO Best AUROC test all: 0.9803641127138636, AUPR test all: 0.9547426008478316, AUROC test unknown: 0.9808621259263507, AUPR test unknown: 0.9512139335577781
2026-08-25 16:56:31,690 INFO Epoch: 225, loss: -0.15617293119430542, labeled_loss: 0.0009680811199359596, unnlabeled_loss: 0.08548476547002792, mixup_loss: -1.9988338947296143, energy_loss: 0.0
2026-08-25 16:56:31,690 INFO Best AUROC test all: 0.9722408786688053, AUPR test all: 0.9359571617555311, AUROC test unknown: 0.9678321371894816, AUPR test unknown: 0.9129058567827164
2026-08-25 16:56:39,007 INFO Epoch: 223, loss: -0.1561632752418518, labeled_loss: 0.005411941558122635, unnlabeled_loss: 0.0764893963932991, mixup_loss: -1.9981991052627563, energy_loss: 0.0
2026-08-25 16:56:39,007 INFO Best AUROC test all: 0.9803641127138636, AUPR test all: 0.9547426008478316, AUROC test unknown: 0.9808621259263507, AUPR test unknown: 0.9512139335577781
2026-08-25 16:56:43,256 INFO Epoch: 226, loss: -0.181015744805336, labeled_loss: 0.0019189551239833236, unnlabeled_loss: 0.033848315477371216, mixup_loss: -1.9985885620117188, energy_loss: 0.0
2026-08-25 16:56:43,257 INFO Best AUROC test all: 0.9722408786688053, AUPR test all: 0.9359571617555311, AUROC test unknown: 0.9678321371894816, AUPR test unknown: 0.9129058567827164
2026-08-25 16:56:50,749 INFO Epoch: 224, loss: -0.15225446224212646, labeled_loss: 0.003032070817425847, unnlabeled_loss: 0.08905040472745895, mixup_loss: -1.9981173276901245, energy_loss: 0.0
2026-08-25 16:56:50,749 INFO Best AUROC test all: 0.9803641127138636, AUPR test all: 0.9547426008478316, AUROC test unknown: 0.9808621259263507, AUPR test unknown: 0.9512139335577781
2026-08-25 16:56:54,865 INFO Epoch: 227, loss: -0.16335031390190125, labeled_loss: 0.0030749556608498096, unnlabeled_loss: 0.06690403074026108, mixup_loss: -1.9987727403640747, energy_loss: 0.0
2026-08-25 16:56:54,865 INFO Best AUROC test all: 0.9722408786688053, AUPR test all: 0.9359571617555311, AUROC test unknown: 0.9678321371894816, AUPR test unknown: 0.9129058567827164
2026-08-25 16:57:02,461 INFO Epoch: 225, loss: -0.15627062320709229, labeled_loss: 0.002475036308169365, unnlabeled_loss: 0.0821446105837822, mixup_loss: -1.9981796741485596, energy_loss: 0.0
2026-08-25 16:57:02,462 INFO Best AUROC test all: 0.9803641127138636, AUPR test all: 0.9547426008478316, AUROC test unknown: 0.9808621259263507, AUPR test unknown: 0.9512139335577781
2026-08-25 16:57:06,561 INFO Epoch: 228, loss: -0.1593359112739563, labeled_loss: 0.003699985332787037, unnlabeled_loss: 0.07366740703582764, mixup_loss: -1.998695969581604, energy_loss: 0.0
2026-08-25 16:57:06,561 INFO Best AUROC test all: 0.9722408786688053, AUPR test all: 0.9359571617555311, AUROC test unknown: 0.9678321371894816, AUPR test unknown: 0.9129058567827164
2026-08-25 16:57:14,250 INFO Epoch: 226, loss: -0.16883541643619537, labeled_loss: 0.0013714524684473872, unnlabeled_loss: 0.059213295578956604, mixup_loss: -1.9981350898742676, energy_loss: 0.0
2026-08-25 16:57:14,250 INFO Best AUROC test all: 0.9803641127138636, AUPR test all: 0.9547426008478316, AUROC test unknown: 0.9808621259263507, AUPR test unknown: 0.9512139335577781
2026-08-25 16:57:18,143 INFO Epoch: 229, loss: -0.18071797490119934, labeled_loss: 0.003942788112908602, unnlabeled_loss: 0.03046325594186783, mixup_loss: -1.9989237785339355, energy_loss: 0.0
2026-08-25 16:57:18,143 INFO Best AUROC test all: 0.9722408786688053, AUPR test all: 0.9359571617555311, AUROC test unknown: 0.9678321371894816, AUPR test unknown: 0.9129058567827164
2026-08-25 16:57:26,103 INFO Epoch: 227, loss: -0.16086268424987793, labeled_loss: 0.0015770827885717154, unnlabeled_loss: 0.07469730824232101, mixup_loss: -1.9978841543197632, energy_loss: 0.0
2026-08-25 16:57:26,103 INFO Best AUROC test all: 0.9803641127138636, AUPR test all: 0.9547426008478316, AUROC test unknown: 0.9808621259263507, AUPR test unknown: 0.9512139335577781
2026-08-25 16:57:29,752 INFO Epoch: 230, loss: -0.18344338238239288, labeled_loss: 0.0018939283909276128, unnlabeled_loss: 0.029105721041560173, mixup_loss: -1.998901605606079, energy_loss: 0.0
2026-08-25 16:57:29,752 INFO Best AUROC test all: 0.9722408786688053, AUPR test all: 0.9359571617555311, AUROC test unknown: 0.9678321371894816, AUPR test unknown: 0.9129058567827164
2026-08-25 16:57:37,829 INFO Epoch: 228, loss: -0.14375275373458862, labeled_loss: 0.0015583080239593983, unnlabeled_loss: 0.10899485647678375, mixup_loss: -1.9980849027633667, energy_loss: 0.0
2026-08-25 16:57:37,829 INFO Best AUROC test all: 0.9803641127138636, AUPR test all: 0.9547426008478316, AUROC test unknown: 0.9808621259263507, AUPR test unknown: 0.9512139335577781
2026-08-25 16:57:41,332 INFO Epoch: 231, loss: -0.17823882400989532, labeled_loss: 0.00087116495706141, unnlabeled_loss: 0.041529521346092224, mixup_loss: -1.99874746799469, energy_loss: 0.0
2026-08-25 16:57:41,332 INFO Best AUROC test all: 0.9722408786688053, AUPR test all: 0.9359571617555311, AUROC test unknown: 0.9678321371894816, AUPR test unknown: 0.9129058567827164
2026-08-25 16:57:49,615 INFO Epoch: 229, loss: -0.16243910789489746, labeled_loss: 0.0016087471740320325, unnlabeled_loss: 0.07155060768127441, mixup_loss: -1.9982315301895142, energy_loss: 0.0
2026-08-25 16:57:49,615 INFO Best AUROC test all: 0.9803641127138636, AUPR test all: 0.9547426008478316, AUROC test unknown: 0.9808621259263507, AUPR test unknown: 0.9512139335577781
2026-08-25 16:57:52,914 INFO Epoch: 232, loss: -0.19176605343818665, labeled_loss: 0.0012735715135931969, unnlabeled_loss: 0.013621178455650806, mixup_loss: -1.9985021352767944, energy_loss: 0.0
2026-08-25 16:57:52,914 INFO Best AUROC test all: 0.9722408786688053, AUPR test all: 0.9359571617555311, AUROC test unknown: 0.9678321371894816, AUPR test unknown: 0.9129058567827164
2026-08-25 16:58:01,334 INFO Epoch: 230, loss: -0.17153985798358917, labeled_loss: 0.002843384398147464, unnlabeled_loss: 0.05095343291759491, mixup_loss: -1.998599648475647, energy_loss: 0.0
2026-08-25 16:58:01,334 INFO Best AUROC test all: 0.9803641127138636, AUPR test all: 0.9547426008478316, AUROC test unknown: 0.9808621259263507, AUPR test unknown: 0.9512139335577781
2026-08-25 16:58:04,491 INFO Epoch: 233, loss: -0.16721102595329285, labeled_loss: 0.0010471341665834188, unnlabeled_loss: 0.06322929263114929, mixup_loss: -1.9987280368804932, energy_loss: 0.0
2026-08-25 16:58:04,491 INFO Best AUROC test all: 0.9722408786688053, AUPR test all: 0.9359571617555311, AUROC test unknown: 0.9678321371894816, AUPR test unknown: 0.9129058567827164
2026-08-25 16:58:13,078 INFO Epoch: 231, loss: -0.14824604988098145, labeled_loss: 0.003598632290959358, unnlabeled_loss: 0.09606067836284637, mixup_loss: -1.99875009059906, energy_loss: 0.0
2026-08-25 16:58:13,078 INFO Best AUROC test all: 0.9803641127138636, AUPR test all: 0.9547426008478316, AUROC test unknown: 0.9808621259263507, AUPR test unknown: 0.9512139335577781
2026-08-25 16:58:16,052 INFO Epoch: 234, loss: -0.1587689220905304, labeled_loss: 0.0004073978343512863, unnlabeled_loss: 0.08141636848449707, mixup_loss: -1.9988449811935425, energy_loss: 0.0
2026-08-25 16:58:16,052 INFO Best AUROC test all: 0.9722408786688053, AUPR test all: 0.9359571617555311, AUROC test unknown: 0.9678321371894816, AUPR test unknown: 0.9129058567827164
2026-08-25 16:58:24,804 INFO Epoch: 232, loss: -0.17366358637809753, labeled_loss: 0.0030123055912554264, unnlabeled_loss: 0.04627913981676102, mixup_loss: -1.998154640197754, energy_loss: 0.0
2026-08-25 16:58:24,804 INFO Best AUROC test all: 0.9803641127138636, AUPR test all: 0.9547426008478316, AUROC test unknown: 0.9808621259263507, AUPR test unknown: 0.9512139335577781
2026-08-25 16:58:27,629 INFO Epoch: 235, loss: -0.17949242889881134, labeled_loss: 0.001632151659578085, unnlabeled_loss: 0.037488631904125214, mixup_loss: -1.9986889362335205, energy_loss: 0.0
2026-08-25 16:58:27,629 INFO Best AUROC test all: 0.9722408786688053, AUPR test all: 0.9359571617555311, AUROC test unknown: 0.9678321371894816, AUPR test unknown: 0.9129058567827164
2026-08-25 16:58:36,519 INFO Epoch: 233, loss: -0.16350412368774414, labeled_loss: 0.0015105758793652058, unnlabeled_loss: 0.06962502002716064, mixup_loss: -1.9982720613479614, energy_loss: 0.0
2026-08-25 16:58:36,520 INFO Best AUROC test all: 0.9803641127138636, AUPR test all: 0.9547426008478316, AUROC test unknown: 0.9808621259263507, AUPR test unknown: 0.9512139335577781
2026-08-25 16:58:39,217 INFO Epoch: 236, loss: -0.19336260855197906, labeled_loss: 0.0006054311525076628, unnlabeled_loss: 0.01183178648352623, mixup_loss: -1.9988393783569336, energy_loss: 0.0
2026-08-25 16:58:39,218 INFO Best AUROC test all: 0.9722408786688053, AUPR test all: 0.9359571617555311, AUROC test unknown: 0.9678321371894816, AUPR test unknown: 0.9129058567827164
2026-08-25 16:58:48,213 INFO Epoch: 234, loss: -0.15818487107753754, labeled_loss: 0.0018829652108252048, unnlabeled_loss: 0.07947203516960144, mixup_loss: -1.9980385303497314, energy_loss: 0.0
2026-08-25 16:58:48,213 INFO Best AUROC test all: 0.9803641127138636, AUPR test all: 0.9547426008478316, AUROC test unknown: 0.9808621259263507, AUPR test unknown: 0.9512139335577781
2026-08-25 16:58:50,833 INFO Epoch: 237, loss: -0.1501256376504898, labeled_loss: 0.0006079465383663774, unnlabeled_loss: 0.09832199662923813, mixup_loss: -1.998945713043213, energy_loss: 0.0
2026-08-25 16:58:50,833 INFO Best AUROC test all: 0.9722408786688053, AUPR test all: 0.9359571617555311, AUROC test unknown: 0.9678321371894816, AUPR test unknown: 0.9129058567827164
2026-08-25 16:58:59,886 INFO Epoch: 235, loss: -0.17197328805923462, labeled_loss: 0.0014159592101350427, unnlabeled_loss: 0.05290686711668968, mixup_loss: -1.9984266757965088, energy_loss: 0.0
2026-08-25 16:58:59,886 INFO Best AUROC test all: 0.9803641127138636, AUPR test all: 0.9547426008478316, AUROC test unknown: 0.9808621259263507, AUPR test unknown: 0.9512139335577781
2026-08-25 16:59:02,468 INFO Epoch: 238, loss: -0.15844330191612244, labeled_loss: 0.0010748016647994518, unnlabeled_loss: 0.08073627948760986, mixup_loss: -1.9988625049591064, energy_loss: 0.0
2026-08-25 16:59:02,469 INFO Best AUROC test all: 0.9722408786688053, AUPR test all: 0.9359571617555311, AUROC test unknown: 0.9678321371894816, AUPR test unknown: 0.9129058567827164
2026-08-25 16:59:11,689 INFO Epoch: 236, loss: -0.1794949322938919, labeled_loss: 0.001322162221185863, unnlabeled_loss: 0.03803849592804909, mixup_loss: -1.9983633756637573, energy_loss: 0.0
2026-08-25 16:59:11,689 INFO Best AUROC test all: 0.9803641127138636, AUPR test all: 0.9547426008478316, AUROC test unknown: 0.9808621259263507, AUPR test unknown: 0.9512139335577781
2026-08-25 16:59:14,127 INFO Epoch: 239, loss: -0.17925766110420227, labeled_loss: 0.002572413766756654, unnlabeled_loss: 0.036097362637519836, mixup_loss: -1.998787522315979, energy_loss: 0.0
2026-08-25 16:59:14,127 INFO Best AUROC test all: 0.9722408786688053, AUPR test all: 0.9359571617555311, AUROC test unknown: 0.9678321371894816, AUPR test unknown: 0.9129058567827164
2026-08-25 16:59:23,350 INFO Epoch: 237, loss: -0.1630876213312149, labeled_loss: 0.0014644890325143933, unnlabeled_loss: 0.07055231928825378, mixup_loss: -1.9982826709747314, energy_loss: 0.0
2026-08-25 16:59:23,350 INFO Best AUROC test all: 0.9803641127138636, AUPR test all: 0.9547426008478316, AUROC test unknown: 0.9808621259263507, AUPR test unknown: 0.9512139335577781
2026-08-25 16:59:25,772 INFO Epoch: 240, loss: -0.16431593894958496, labeled_loss: 0.006145978346467018, unnlabeled_loss: 0.05886095389723778, mixup_loss: -1.998923897743225, energy_loss: 0.0
2026-08-25 16:59:25,773 INFO Best AUROC test all: 0.9722408786688053, AUPR test all: 0.9359571617555311, AUROC test unknown: 0.9678321371894816, AUPR test unknown: 0.9129058567827164
2026-08-25 16:59:35,165 INFO Epoch: 238, loss: -0.1403178870677948, labeled_loss: 0.001352190040051937, unnlabeled_loss: 0.11631257086992264, mixup_loss: -1.9982635974884033, energy_loss: 0.0
2026-08-25 16:59:35,165 INFO Best AUROC test all: 0.9803641127138636, AUPR test all: 0.9547426008478316, AUROC test unknown: 0.9808621259263507, AUPR test unknown: 0.9512139335577781
2026-08-25 16:59:37,398 INFO Epoch: 241, loss: -0.15836191177368164, labeled_loss: 0.009034090675413609, unnlabeled_loss: 0.06499972939491272, mixup_loss: -1.9989585876464844, energy_loss: 0.0
2026-08-25 16:59:37,398 INFO Best AUROC test all: 0.9722408786688053, AUPR test all: 0.9359571617555311, AUROC test unknown: 0.9678321371894816, AUPR test unknown: 0.9129058567827164
2026-08-25 16:59:47,000 INFO Epoch: 239, loss: -0.17433257400989532, labeled_loss: 0.002258439315482974, unnlabeled_loss: 0.04653923586010933, mixup_loss: -1.9986063241958618, energy_loss: 0.0
2026-08-25 16:59:47,000 INFO Best AUROC test all: 0.9803641127138636, AUPR test all: 0.9547426008478316, AUROC test unknown: 0.9808621259263507, AUPR test unknown: 0.9512139335577781
2026-08-25 16:59:48,957 INFO Epoch: 242, loss: -0.15493932366371155, labeled_loss: 0.005520883947610855, unnlabeled_loss: 0.07885189354419708, mixup_loss: -1.99886155128479, energy_loss: 0.0
2026-08-25 16:59:48,957 INFO Best AUROC test all: 0.9722408786688053, AUPR test all: 0.9359571617555311, AUROC test unknown: 0.9678321371894816, AUPR test unknown: 0.9129058567827164
2026-08-25 16:59:58,748 INFO Epoch: 240, loss: -0.16645637154579163, labeled_loss: 0.0017957007512450218, unnlabeled_loss: 0.06321397423744202, mixup_loss: -1.9985905885696411, energy_loss: 0.0
2026-08-25 16:59:58,749 INFO Best AUROC test all: 0.9803641127138636, AUPR test all: 0.9547426008478316, AUROC test unknown: 0.9808621259263507, AUPR test unknown: 0.9512139335577781
2026-08-25 17:00:00,503 INFO Epoch: 243, loss: -0.15944507718086243, labeled_loss: 0.003236522199586034, unnlabeled_loss: 0.07435023039579391, mixup_loss: -1.9985671043395996, energy_loss: 0.0
2026-08-25 17:00:00,503 INFO Best AUROC test all: 0.9722408786688053, AUPR test all: 0.9359571617555311, AUROC test unknown: 0.9678321371894816, AUPR test unknown: 0.9129058567827164
2026-08-25 17:00:10,480 INFO Epoch: 241, loss: -0.15724463760852814, labeled_loss: 0.00327406101860106, unnlabeled_loss: 0.07872635871171951, mixup_loss: -1.9988187551498413, energy_loss: 0.0
2026-08-25 17:00:10,481 INFO Best AUROC test all: 0.9803641127138636, AUPR test all: 0.9547426008478316, AUROC test unknown: 0.9808621259263507, AUPR test unknown: 0.9512139335577781
2026-08-25 17:00:12,043 INFO Epoch: 244, loss: -0.16545915603637695, labeled_loss: 0.001854156726039946, unnlabeled_loss: 0.06516195088624954, mixup_loss: -1.9989429712295532, energy_loss: 0.0
2026-08-25 17:00:12,043 INFO Best AUROC test all: 0.9722408786688053, AUPR test all: 0.9359571617555311, AUROC test unknown: 0.9678321371894816, AUPR test unknown: 0.9129058567827164
2026-08-25 17:00:22,202 INFO Epoch: 242, loss: -0.15120193362236023, labeled_loss: 0.005058521404862404, unnlabeled_loss: 0.08720175176858902, mixup_loss: -1.9986133575439453, energy_loss: 0.0
2026-08-25 17:00:22,202 INFO Best AUROC test all: 0.9803641127138636, AUPR test all: 0.9547426008478316, AUROC test unknown: 0.9808621259263507, AUPR test unknown: 0.9512139335577781
2026-08-25 17:00:23,636 INFO Epoch: 245, loss: -0.1494288146495819, labeled_loss: 0.001537609612569213, unnlabeled_loss: 0.09780347347259521, mixup_loss: -1.9986815452575684, energy_loss: 0.0
2026-08-25 17:00:23,636 INFO Best AUROC test all: 0.9722408786688053, AUPR test all: 0.9359571617555311, AUROC test unknown: 0.9678321371894816, AUPR test unknown: 0.9129058567827164
2026-08-25 17:00:34,096 INFO Epoch: 243, loss: -0.15955452620983124, labeled_loss: 0.0049441056326031685, unnlabeled_loss: 0.07067357748746872, mixup_loss: -1.998354196548462, energy_loss: 0.0
2026-08-25 17:00:34,097 INFO Best AUROC test all: 0.9803641127138636, AUPR test all: 0.9547426008478316, AUROC test unknown: 0.9808621259263507, AUPR test unknown: 0.9512139335577781
2026-08-25 17:00:35,298 INFO Epoch: 246, loss: -0.15083611011505127, labeled_loss: 0.0019683188293129206, unnlabeled_loss: 0.09418127685785294, mixup_loss: -1.998950719833374, energy_loss: 0.0
2026-08-25 17:00:35,298 INFO Best AUROC test all: 0.9722408786688053, AUPR test all: 0.9359571617555311, AUROC test unknown: 0.9678321371894816, AUPR test unknown: 0.9129058567827164
2026-08-25 17:00:45,788 INFO Epoch: 244, loss: -0.15784956514835358, labeled_loss: 0.004370290320366621, unnlabeled_loss: 0.07527697086334229, mixup_loss: -1.9985833168029785, energy_loss: 0.0
2026-08-25 17:00:45,788 INFO Best AUROC test all: 0.9803641127138636, AUPR test all: 0.9547426008478316, AUROC test unknown: 0.9808621259263507, AUPR test unknown: 0.9512139335577781
2026-08-25 17:00:46,906 INFO Epoch: 247, loss: -0.165101557970047, labeled_loss: 0.0026300004683434963, unnlabeled_loss: 0.06428598612546921, mixup_loss: -1.9987454414367676, energy_loss: 0.0
2026-08-25 17:00:46,906 INFO Best AUROC test all: 0.9722408786688053, AUPR test all: 0.9359571617555311, AUROC test unknown: 0.9678321371894816, AUPR test unknown: 0.9129058567827164
2026-08-25 17:00:57,636 INFO Epoch: 245, loss: -0.14385312795639038, labeled_loss: 0.0012453567469492555, unnlabeled_loss: 0.1094743013381958, mixup_loss: -1.9983562231063843, energy_loss: 0.0
2026-08-25 17:00:57,636 INFO Best AUROC test all: 0.9803641127138636, AUPR test all: 0.9547426008478316, AUROC test unknown: 0.9808621259263507, AUPR test unknown: 0.9512139335577781
2026-08-25 17:00:58,559 INFO Epoch: 248, loss: -0.1818082183599472, labeled_loss: 0.002122008940204978, unnlabeled_loss: 0.03191903233528137, mixup_loss: -1.9988974332809448, energy_loss: 0.0
2026-08-25 17:00:58,559 INFO Best AUROC test all: 0.9722408786688053, AUPR test all: 0.9371959777412706, AUROC test unknown: 0.9678321371894816, AUPR test unknown: 0.9164288669758587
2026-08-25 17:01:09,378 INFO Epoch: 246, loss: -0.15142562985420227, labeled_loss: 0.00133995630312711, unnlabeled_loss: 0.09415547549724579, mixup_loss: -1.9984333515167236, energy_loss: 0.0
2026-08-25 17:01:09,378 INFO Best AUROC test all: 0.9803641127138636, AUPR test all: 0.9547426008478316, AUROC test unknown: 0.9808621259263507, AUPR test unknown: 0.9512139335577781
2026-08-25 17:01:10,115 INFO Epoch: 249, loss: -0.15072107315063477, labeled_loss: 0.002427483443170786, unnlabeled_loss: 0.09349748492240906, mixup_loss: -1.99897301197052, energy_loss: 0.0
2026-08-25 17:01:10,115 INFO Best AUROC test all: 0.9722408786688053, AUPR test all: 0.9378323154326814, AUROC test unknown: 0.9678321371894816, AUPR test unknown: 0.9168078249299818
2026-08-25 17:01:21,288 INFO Epoch: 247, loss: -0.15260685980319977, labeled_loss: 0.003718915395438671, unnlabeled_loss: 0.08698265254497528, mixup_loss: -1.998171091079712, energy_loss: 0.0
2026-08-25 17:01:21,288 INFO Best AUROC test all: 0.9803641127138636, AUPR test all: 0.9547426008478316, AUROC test unknown: 0.9808621259263507, AUPR test unknown: 0.9512139335577781
2026-08-25 17:01:21,743 INFO Epoch: 250, loss: -0.1504310518503189, labeled_loss: 0.0030738934874534607, unnlabeled_loss: 0.09279174357652664, mixup_loss: -1.9990081787109375, energy_loss: 0.0
2026-08-25 17:01:21,743 INFO Best AUROC test all: 0.9722408786688053, AUPR test all: 0.9378323154326814, AUROC test unknown: 0.9678321371894816, AUPR test unknown: 0.9168078249299818
2026-08-25 17:01:32,879 INFO Epoch: 248, loss: -0.17694208025932312, labeled_loss: 0.001385468989610672, unnlabeled_loss: 0.04292821139097214, mixup_loss: -1.9979164600372314, energy_loss: 0.0
2026-08-25 17:01:32,879 INFO Best AUROC test all: 0.9803641127138636, AUPR test all: 0.9547426008478316, AUROC test unknown: 0.9808621259263507, AUPR test unknown: 0.9512139335577781
2026-08-25 17:01:33,361 INFO Epoch: 251, loss: -0.1618729829788208, labeled_loss: 0.0033371406607329845, unnlabeled_loss: 0.06936424225568771, mixup_loss: -1.9989224672317505, energy_loss: 0.0
2026-08-25 17:01:33,361 INFO Best AUROC test all: 0.9722408786688053, AUPR test all: 0.9378323154326814, AUROC test unknown: 0.9678321371894816, AUPR test unknown: 0.9168078249299818
2026-08-25 17:01:44,542 INFO Epoch: 249, loss: -0.1572771668434143, labeled_loss: 0.001713295467197895, unnlabeled_loss: 0.08170033246278763, mixup_loss: -1.998406171798706, energy_loss: 0.0
2026-08-25 17:01:44,542 INFO Best AUROC test all: 0.9803641127138636, AUPR test all: 0.9547426008478316, AUROC test unknown: 0.9808621259263507, AUPR test unknown: 0.9512139335577781
2026-08-25 17:01:44,993 INFO Epoch: 252, loss: -0.15225909650325775, labeled_loss: 0.005130929872393608, unnlabeled_loss: 0.08499488234519958, mixup_loss: -1.9988746643066406, energy_loss: 0.0
2026-08-25 17:01:44,993 INFO Best AUROC test all: 0.9727894625241537, AUPR test all: 0.9378323154326814, AUROC test unknown: 0.9687180429524466, AUPR test unknown: 0.9168078249299818
2026-08-25 17:01:56,312 INFO Epoch: 250, loss: -0.15859130024909973, labeled_loss: 0.002361556515097618, unnlabeled_loss: 0.07771115005016327, mixup_loss: -1.998084306716919, energy_loss: 0.0
2026-08-25 17:01:56,313 INFO Best AUROC test all: 0.9803641127138636, AUPR test all: 0.9547426008478316, AUROC test unknown: 0.9808621259263507, AUPR test unknown: 0.9512139335577781
2026-08-25 17:01:56,575 INFO Epoch: 253, loss: -0.15417228639125824, labeled_loss: 0.0037183184176683426, unnlabeled_loss: 0.08400309085845947, mixup_loss: -1.9989213943481445, energy_loss: 0.0
2026-08-25 17:01:56,575 INFO Best AUROC test all: 0.9740441753786728, AUPR test all: 0.9404726229455027, AUROC test unknown: 0.9701746944491713, AUPR test unknown: 0.9208922360117764
2026-08-25 17:02:08,107 INFO Epoch: 251, loss: -0.1573789268732071, labeled_loss: 0.003063332522287965, unnlabeled_loss: 0.07880373299121857, mixup_loss: -1.998441219329834, energy_loss: 0.0
2026-08-25 17:02:08,107 INFO Best AUROC test all: 0.9803641127138636, AUPR test all: 0.9547426008478316, AUROC test unknown: 0.9808621259263507, AUPR test unknown: 0.9512139335577781
2026-08-25 17:02:08,267 INFO Epoch: 254, loss: -0.15015879273414612, labeled_loss: 0.001722189481370151, unnlabeled_loss: 0.09602144360542297, mixup_loss: -1.9989169836044312, energy_loss: 0.0
2026-08-25 17:02:08,268 INFO Best AUROC test all: 0.9746870876180427, AUPR test all: 0.9425207615188214, AUROC test unknown: 0.9709854554489196, AUPR test unknown: 0.9239270167111556
2026-08-25 17:02:19,813 INFO Epoch: 252, loss: -0.1589662879705429, labeled_loss: 0.00317922024987638, unnlabeled_loss: 0.07544191181659698, mixup_loss: -1.9986646175384521, energy_loss: 0.0
2026-08-25 17:02:19,813 INFO Best AUROC test all: 0.9803641127138636, AUPR test all: 0.9547426008478316, AUROC test unknown: 0.9808621259263507, AUPR test unknown: 0.9512139335577781
2026-08-25 17:02:19,927 INFO Epoch: 255, loss: -0.16135483980178833, labeled_loss: 0.0016115691978484392, unnlabeled_loss: 0.07384739071130753, mixup_loss: -1.9989010095596313, energy_loss: 0.0
2026-08-25 17:02:19,927 INFO Best AUROC test all: 0.9746870876180427, AUPR test all: 0.9425207615188214, AUROC test unknown: 0.9709854554489196, AUPR test unknown: 0.9239270167111556
2026-08-25 17:02:31,537 INFO Epoch: 253, loss: -0.1609347015619278, labeled_loss: 0.005015009082853794, unnlabeled_loss: 0.06766558438539505, mixup_loss: -1.997825026512146, energy_loss: 0.0
2026-08-25 17:02:31,537 INFO Best AUROC test all: 0.9803641127138636, AUPR test all: 0.9547426008478316, AUROC test unknown: 0.9808621259263507, AUPR test unknown: 0.9512139335577781
2026-08-25 17:02:31,587 INFO Epoch: 256, loss: -0.1521604210138321, labeled_loss: 0.002431585220620036, unnlabeled_loss: 0.09055974334478378, mixup_loss: -1.9987187385559082, energy_loss: 0.0
2026-08-25 17:02:31,588 INFO Best AUROC test all: 0.9746870876180427, AUPR test all: 0.9425207615188214, AUROC test unknown: 0.9709854554489196, AUPR test unknown: 0.9239270167111556
2026-08-25 17:02:43,177 INFO Epoch: 257, loss: -0.15803712606430054, labeled_loss: 0.004728727042675018, unnlabeled_loss: 0.07427870482206345, mixup_loss: -1.9990519285202026, energy_loss: 0.0
2026-08-25 17:02:43,177 INFO Best AUROC test all: 0.9755248844698076, AUPR test all: 0.9426346005327588, AUROC test unknown: 0.9717352177333377, AUPR test unknown: 0.9239270167111556
2026-08-25 17:02:43,279 INFO Epoch: 254, loss: -0.15650412440299988, labeled_loss: 0.0021333403419703245, unnlabeled_loss: 0.08240493386983871, mixup_loss: -1.9983993768692017, energy_loss: 0.0
2026-08-25 17:02:43,279 INFO Best AUROC test all: 0.9803641127138636, AUPR test all: 0.9547426008478316, AUROC test unknown: 0.9808621259263507, AUPR test unknown: 0.9512139335577781
2026-08-25 17:02:54,814 INFO Epoch: 258, loss: -0.14957411587238312, labeled_loss: 0.0026687190402299166, unnlabeled_loss: 0.09521431475877762, mixup_loss: -1.998499870300293, energy_loss: 0.0
2026-08-25 17:02:54,814 INFO Best AUROC test all: 0.9762579210682822, AUPR test all: 0.9442128559231056, AUROC test unknown: 0.9730294451998306, AUPR test unknown: 0.9261737572625215
2026-08-25 17:02:55,024 INFO Epoch: 255, loss: -0.16350659728050232, labeled_loss: 0.002117818919941783, unnlabeled_loss: 0.0684831365942955, mixup_loss: -1.9986597299575806, energy_loss: 0.0
2026-08-25 17:02:55,024 INFO Best AUROC test all: 0.9803641127138636, AUPR test all: 0.9547426008478316, AUROC test unknown: 0.9808621259263507, AUPR test unknown: 0.9512139335577781
2026-08-25 17:03:06,482 INFO Epoch: 259, loss: -0.15224581956863403, labeled_loss: 0.0018542486941441894, unnlabeled_loss: 0.09159120172262192, mixup_loss: -1.998956561088562, energy_loss: 0.0
2026-08-25 17:03:06,482 INFO Best AUROC test all: 0.9762579210682822, AUPR test all: 0.9442128559231056, AUROC test unknown: 0.9730294451998306, AUPR test unknown: 0.9261737572625215
2026-08-25 17:03:06,710 INFO Epoch: 256, loss: -0.15531793236732483, labeled_loss: 0.0024411212652921677, unnlabeled_loss: 0.08419841527938843, mixup_loss: -1.9985826015472412, energy_loss: 0.0
2026-08-25 17:03:06,710 INFO Best AUROC test all: 0.9803641127138636, AUPR test all: 0.9547426008478316, AUROC test unknown: 0.9808621259263507, AUPR test unknown: 0.9512139335577781
2026-08-25 17:03:18,094 INFO Epoch: 260, loss: -0.15893623232841492, labeled_loss: 0.0013882346684113145, unnlabeled_loss: 0.07914381474256516, mixup_loss: -1.998963713645935, energy_loss: 0.0
2026-08-25 17:03:18,094 INFO Best AUROC test all: 0.9762579210682822, AUPR test all: 0.9442128559231056, AUROC test unknown: 0.9730294451998306, AUPR test unknown: 0.9261737572625215
2026-08-25 17:03:18,451 INFO Epoch: 257, loss: -0.15849752724170685, labeled_loss: 0.0030941886361688375, unnlabeled_loss: 0.07648224383592606, mixup_loss: -1.9983283281326294, energy_loss: 0.0
2026-08-25 17:03:18,451 INFO Best AUROC test all: 0.9803641127138636, AUPR test all: 0.9547426008478316, AUROC test unknown: 0.9808621259263507, AUPR test unknown: 0.9512139335577781
2026-08-25 17:03:29,754 INFO Epoch: 261, loss: -0.14935651421546936, labeled_loss: 0.0026233538519591093, unnlabeled_loss: 0.0958671048283577, mixup_loss: -1.9991341829299927, energy_loss: 0.0
2026-08-25 17:03:29,754 INFO Best AUROC test all: 0.9766883230678158, AUPR test all: 0.9442128559231056, AUROC test unknown: 0.9732194980599471, AUPR test unknown: 0.9261737572625215
2026-08-25 17:03:30,264 INFO Epoch: 258, loss: -0.15241214632987976, labeled_loss: 0.00204271636903286, unnlabeled_loss: 0.09082575142383575, mixup_loss: -1.998677372932434, energy_loss: 0.0
2026-08-25 17:03:30,264 INFO Best AUROC test all: 0.9803641127138636, AUPR test all: 0.9547426008478316, AUROC test unknown: 0.9808621259263507, AUPR test unknown: 0.9512139335577781
2026-08-25 17:03:41,293 INFO Epoch: 262, loss: -0.16867071390151978, labeled_loss: 0.004227263852953911, unnlabeled_loss: 0.053948819637298584, mixup_loss: -1.9987238645553589, energy_loss: 0.0
2026-08-25 17:03:41,294 INFO Best AUROC test all: 0.9766883230678158, AUPR test all: 0.9442128559231056, AUROC test unknown: 0.9732194980599471, AUPR test unknown: 0.9261737572625215
2026-08-25 17:03:41,962 INFO Epoch: 259, loss: -0.152114599943161, labeled_loss: 0.0027512579690665007, unnlabeled_loss: 0.08999036252498627, mixup_loss: -1.998610258102417, energy_loss: 0.0
2026-08-25 17:03:41,963 INFO Best AUROC test all: 0.9803641127138636, AUPR test all: 0.9547426008478316, AUROC test unknown: 0.9808621259263507, AUPR test unknown: 0.9512139335577781
2026-08-25 17:03:52,854 INFO Epoch: 263, loss: -0.1559063345193863, labeled_loss: 0.003543159458786249, unnlabeled_loss: 0.08084871619939804, mixup_loss: -1.998738408088684, energy_loss: 0.0
2026-08-25 17:03:52,854 INFO Best AUROC test all: 0.9772498317700097, AUPR test all: 0.9455762644064009, AUROC test unknown: 0.9740114266577435, AUPR test unknown: 0.9282195895149871
2026-08-25 17:03:53,765 INFO Epoch: 260, loss: -0.16594433784484863, labeled_loss: 0.0015472897794097662, unnlabeled_loss: 0.06473524123430252, mixup_loss: -1.9985923767089844, energy_loss: 0.0
2026-08-25 17:03:53,765 INFO Best AUROC test all: 0.9803641127138636, AUPR test all: 0.9547426008478316, AUROC test unknown: 0.9808621259263507, AUPR test unknown: 0.9512139335577781
2026-08-25 17:04:04,484 INFO Epoch: 264, loss: -0.15189260244369507, labeled_loss: 0.004171282984316349, unnlabeled_loss: 0.08765840530395508, mixup_loss: -1.998930811882019, energy_loss: 0.0
2026-08-25 17:04:04,484 INFO Best AUROC test all: 0.9772498317700097, AUPR test all: 0.9455762644064009, AUROC test unknown: 0.9740114266577435, AUPR test unknown: 0.9282195895149871
2026-08-25 17:04:05,499 INFO Epoch: 261, loss: -0.14935576915740967, labeled_loss: 0.002183338161557913, unnlabeled_loss: 0.0965905636548996, mixup_loss: -1.998343825340271, energy_loss: 0.0
2026-08-25 17:04:05,499 INFO Best AUROC test all: 0.9803641127138636, AUPR test all: 0.9547426008478316, AUROC test unknown: 0.9808621259263507, AUPR test unknown: 0.9512139335577781
2026-08-25 17:04:16,125 INFO Epoch: 265, loss: -0.1523541510105133, labeled_loss: 0.0023949448950588703, unnlabeled_loss: 0.09026508778333664, mixup_loss: -1.9988163709640503, energy_loss: 0.0
2026-08-25 17:04:16,125 INFO Best AUROC test all: 0.9772498317700097, AUPR test all: 0.9455762644064009, AUROC test unknown: 0.9740114266577435, AUPR test unknown: 0.9282195895149871
2026-08-25 17:04:17,171 INFO Epoch: 262, loss: -0.1620766967535019, labeled_loss: 0.0029282954055815935, unnlabeled_loss: 0.06966517120599747, mixup_loss: -1.9983757734298706, energy_loss: 0.0
2026-08-25 17:04:17,171 INFO Best AUROC test all: 0.9803641127138636, AUPR test all: 0.9547426008478316, AUROC test unknown: 0.9808621259263507, AUPR test unknown: 0.9512139335577781
2026-08-25 17:04:27,752 INFO Epoch: 266, loss: -0.16270986199378967, labeled_loss: 0.002055822405964136, unnlabeled_loss: 0.07029400765895844, mixup_loss: -1.9991267919540405, energy_loss: 0.0
2026-08-25 17:04:27,752 INFO Best AUROC test all: 0.9772498317700097, AUPR test all: 0.9455762644064009, AUROC test unknown: 0.9740114266577435, AUPR test unknown: 0.9282195895149871
2026-08-25 17:04:29,163 INFO Epoch: 263, loss: -0.1574130356311798, labeled_loss: 0.002103446051478386, unnlabeled_loss: 0.08067470043897629, mixup_loss: -1.9985382556915283, energy_loss: 0.0
2026-08-25 17:04:29,163 INFO Best AUROC test all: 0.9803641127138636, AUPR test all: 0.9547426008478316, AUROC test unknown: 0.9808621259263507, AUPR test unknown: 0.9512139335577781
2026-08-25 17:04:39,363 INFO Epoch: 267, loss: -0.16064465045928955, labeled_loss: 0.0037359350826591253, unnlabeled_loss: 0.07105978578329086, mixup_loss: -1.9991047382354736, energy_loss: 0.0
2026-08-25 17:04:39,363 INFO Best AUROC test all: 0.9772498317700097, AUPR test all: 0.9455762644064009, AUROC test unknown: 0.9740114266577435, AUPR test unknown: 0.9282195895149871
2026-08-25 17:04:40,744 INFO Epoch: 264, loss: -0.15634188055992126, labeled_loss: 0.003145284717902541, unnlabeled_loss: 0.08076896518468857, mixup_loss: -1.9987163543701172, energy_loss: 0.0
2026-08-25 17:04:40,744 INFO Best AUROC test all: 0.9803641127138636, AUPR test all: 0.9547426008478316, AUROC test unknown: 0.9808621259263507, AUPR test unknown: 0.9512139335577781
2026-08-25 17:04:50,942 INFO Epoch: 268, loss: -0.1565394252538681, labeled_loss: 0.003311790758743882, unnlabeled_loss: 0.08007567375898361, mixup_loss: -1.9988905191421509, energy_loss: 0.0
2026-08-25 17:04:50,942 INFO Best AUROC test all: 0.9772498317700097, AUPR test all: 0.9455762644064009, AUROC test unknown: 0.9740114266577435, AUPR test unknown: 0.9282195895149871
2026-08-25 17:04:52,467 INFO Epoch: 265, loss: -0.14331234991550446, labeled_loss: 0.0017408125568181276, unnlabeled_loss: 0.10956423729658127, mixup_loss: -1.9983527660369873, energy_loss: 0.0
2026-08-25 17:04:52,468 INFO Best AUROC test all: 0.9803641127138636, AUPR test all: 0.9547426008478316, AUROC test unknown: 0.9808621259263507, AUPR test unknown: 0.9512139335577781
2026-08-25 17:05:02,556 INFO Epoch: 269, loss: -0.1463642418384552, labeled_loss: 0.0023559648543596268, unnlabeled_loss: 0.1023438349366188, mixup_loss: -1.998921275138855, energy_loss: 0.0
2026-08-25 17:05:02,556 INFO Best AUROC test all: 0.9772498317700097, AUPR test all: 0.9455762644064009, AUROC test unknown: 0.9740114266577435, AUPR test unknown: 0.9282195895149871
2026-08-25 17:05:04,172 INFO Epoch: 266, loss: -0.16159991919994354, labeled_loss: 0.0021777895744889975, unnlabeled_loss: 0.0721554160118103, mixup_loss: -1.9985541105270386, energy_loss: 0.0
2026-08-25 17:05:04,172 INFO Best AUROC test all: 0.9803641127138636, AUPR test all: 0.9547426008478316, AUROC test unknown: 0.9808621259263507, AUPR test unknown: 0.9512139335577781
2026-08-25 17:05:14,146 INFO Epoch: 270, loss: -0.1573924720287323, labeled_loss: 0.0021620746701955795, unnlabeled_loss: 0.0806507095694542, mixup_loss: -1.9987989664077759, energy_loss: 0.0
2026-08-25 17:05:14,147 INFO Best AUROC test all: 0.9772498317700097, AUPR test all: 0.9455762644064009, AUROC test unknown: 0.9740114266577435, AUPR test unknown: 0.9282195895149871
2026-08-25 17:05:15,873 INFO Epoch: 267, loss: -0.15878407657146454, labeled_loss: 0.003153451718389988, unnlabeled_loss: 0.07585223019123077, mixup_loss: -1.9986363649368286, energy_loss: 0.0
2026-08-25 17:05:15,873 INFO Best AUROC test all: 0.9803641127138636, AUPR test all: 0.9547426008478316, AUROC test unknown: 0.9808621259263507, AUPR test unknown: 0.9512139335577781
2026-08-25 17:05:25,729 INFO Epoch: 271, loss: -0.16517026722431183, labeled_loss: 0.002642621286213398, unnlabeled_loss: 0.06413324922323227, mixup_loss: -1.9987950325012207, energy_loss: 0.0
2026-08-25 17:05:25,729 INFO Best AUROC test all: 0.9772498317700097, AUPR test all: 0.9455762644064009, AUROC test unknown: 0.9740114266577435, AUPR test unknown: 0.9282195895149871
2026-08-25 17:05:27,731 INFO Epoch: 268, loss: -0.1640954315662384, labeled_loss: 0.0029239882715046406, unnlabeled_loss: 0.06561516970396042, mixup_loss: -1.998270034790039, energy_loss: 0.0
2026-08-25 17:05:27,731 INFO Best AUROC test all: 0.9803641127138636, AUPR test all: 0.9547426008478316, AUROC test unknown: 0.9808621259263507, AUPR test unknown: 0.9512139335577781
2026-08-25 17:05:37,313 INFO Epoch: 272, loss: -0.16154953837394714, labeled_loss: 0.0019610519520938396, unnlabeled_loss: 0.0727819874882698, mixup_loss: -1.9990158081054688, energy_loss: 0.0
2026-08-25 17:05:37,313 INFO Best AUROC test all: 0.9772498317700097, AUPR test all: 0.9455762644064009, AUROC test unknown: 0.9740114266577435, AUPR test unknown: 0.9282195895149871
2026-08-25 17:05:39,342 INFO Epoch: 269, loss: -0.15422610938549042, labeled_loss: 0.0023163529112935066, unnlabeled_loss: 0.08664659410715103, mixup_loss: -1.9986575841903687, energy_loss: 0.0
2026-08-25 17:05:39,342 INFO Best AUROC test all: 0.9803641127138636, AUPR test all: 0.9547426008478316, AUROC test unknown: 0.9808621259263507, AUPR test unknown: 0.9512139335577781
2026-08-25 17:05:48,911 INFO Epoch: 273, loss: -0.17185969650745392, labeled_loss: 0.0021373459603637457, unnlabeled_loss: 0.05171602591872215, mixup_loss: -1.998550534248352, energy_loss: 0.0
2026-08-25 17:05:48,912 INFO Best AUROC test all: 0.978053104102052, AUPR test all: 0.947805714166438, AUROC test unknown: 0.9748791524114336, AUPR test unknown: 0.9316886189575225
2026-08-25 17:05:51,131 INFO Epoch: 270, loss: -0.15391632914543152, labeled_loss: 0.0021418568212538958, unnlabeled_loss: 0.0876283049583435, mixup_loss: -1.9987232685089111, energy_loss: 0.0
2026-08-25 17:05:51,131 INFO Best AUROC test all: 0.9803641127138636, AUPR test all: 0.9547426008478316, AUROC test unknown: 0.9808621259263507, AUPR test unknown: 0.9512139335577781
2026-08-25 17:06:00,592 INFO Epoch: 274, loss: -0.16454382240772247, labeled_loss: 0.0019689060281962156, unnlabeled_loss: 0.06670806556940079, mixup_loss: -1.9986674785614014, energy_loss: 0.0
2026-08-25 17:06:00,592 INFO Best AUROC test all: 0.978053104102052, AUPR test all: 0.947805714166438, AUROC test unknown: 0.9748791524114336, AUPR test unknown: 0.9316886189575225
2026-08-25 17:06:02,907 INFO Epoch: 271, loss: -0.16482649743556976, labeled_loss: 0.0016304929740726948, unnlabeled_loss: 0.06681622564792633, mixup_loss: -1.9986510276794434, energy_loss: 0.0
2026-08-25 17:06:02,907 INFO Best AUROC test all: 0.9803641127138636, AUPR test all: 0.9547426008478316, AUROC test unknown: 0.9808621259263507, AUPR test unknown: 0.9512139335577781
2026-08-25 17:06:12,221 INFO Epoch: 275, loss: -0.15308994054794312, labeled_loss: 0.001593690481968224, unnlabeled_loss: 0.09045148640871048, mixup_loss: -1.9990936517715454, energy_loss: 0.0
2026-08-25 17:06:12,221 INFO Best AUROC test all: 0.978053104102052, AUPR test all: 0.947805714166438, AUROC test unknown: 0.9748791524114336, AUPR test unknown: 0.9316886189575225
2026-08-25 17:06:14,674 INFO Epoch: 272, loss: -0.1506984382867813, labeled_loss: 0.001980723813176155, unnlabeled_loss: 0.09438645839691162, mixup_loss: -1.9987238645553589, energy_loss: 0.0
2026-08-25 17:06:14,674 INFO Best AUROC test all: 0.9803641127138636, AUPR test all: 0.9547426008478316, AUROC test unknown: 0.9808621259263507, AUPR test unknown: 0.9512139335577781
2026-08-25 17:06:23,808 INFO Epoch: 276, loss: -0.16252940893173218, labeled_loss: 0.002613560762256384, unnlabeled_loss: 0.06947846710681915, mixup_loss: -1.9988219738006592, energy_loss: 0.0
2026-08-25 17:06:23,808 INFO Best AUROC test all: 0.9783837226042692, AUPR test all: 0.947805714166438, AUROC test unknown: 0.9754244874504114, AUPR test unknown: 0.9316886189575225
2026-08-25 17:06:26,448 INFO Epoch: 273, loss: -0.17170754075050354, labeled_loss: 0.0018690431024879217, unnlabeled_loss: 0.052616797387599945, mixup_loss: -1.9988497495651245, energy_loss: 0.0
2026-08-25 17:06:26,448 INFO Best AUROC test all: 0.9803641127138636, AUPR test all: 0.9547426008478316, AUROC test unknown: 0.9808621259263507, AUPR test unknown: 0.9512139335577781
2026-08-25 17:06:35,611 INFO Epoch: 277, loss: -0.16729000210762024, labeled_loss: 0.0032925496343523264, unnlabeled_loss: 0.05860893055796623, mixup_loss: -1.9988701343536377, energy_loss: 0.0
2026-08-25 17:06:35,611 INFO Best AUROC test all: 0.9783837226042692, AUPR test all: 0.947805714166438, AUROC test unknown: 0.9754244874504114, AUPR test unknown: 0.9316886189575225
2026-08-25 17:06:38,207 INFO Epoch: 274, loss: -0.16629637777805328, labeled_loss: 0.0015832851640880108, unnlabeled_loss: 0.06391159445047379, mixup_loss: -1.9983545541763306, energy_loss: 0.0
2026-08-25 17:06:38,207 INFO Best AUROC test all: 0.9803641127138636, AUPR test all: 0.9547426008478316, AUROC test unknown: 0.9808621259263507, AUPR test unknown: 0.9512139335577781
2026-08-25 17:06:47,187 INFO Epoch: 278, loss: -0.16450385749340057, labeled_loss: 0.0033620339818298817, unnlabeled_loss: 0.06405460834503174, mixup_loss: -1.998931884765625, energy_loss: 0.0
2026-08-25 17:06:47,187 INFO Best AUROC test all: 0.9783837226042692, AUPR test all: 0.947805714166438, AUROC test unknown: 0.9754244874504114, AUPR test unknown: 0.9316886189575225
2026-08-25 17:06:50,020 INFO Epoch: 275, loss: -0.16040217876434326, labeled_loss: 0.00137286726385355, unnlabeled_loss: 0.07616209983825684, mixup_loss: -1.9985607862472534, energy_loss: 0.0
2026-08-25 17:06:50,021 INFO Best AUROC test all: 0.9803641127138636, AUPR test all: 0.9547426008478316, AUROC test unknown: 0.9808621259263507, AUPR test unknown: 0.9512139335577781
2026-08-25 17:06:58,786 INFO Epoch: 279, loss: -0.1620781123638153, labeled_loss: 0.0025636358186602592, unnlabeled_loss: 0.07054049521684647, mixup_loss: -1.9991199970245361, energy_loss: 0.0
2026-08-25 17:06:58,787 INFO Best AUROC test all: 0.9783837226042692, AUPR test all: 0.947805714166438, AUROC test unknown: 0.9754244874504114, AUPR test unknown: 0.9317197332102968
2026-08-25 17:07:01,705 INFO Epoch: 276, loss: -0.15901902318000793, labeled_loss: 0.001643272815272212, unnlabeled_loss: 0.07837314158678055, mixup_loss: -1.9984885454177856, energy_loss: 0.0
2026-08-25 17:07:01,705 INFO Best AUROC test all: 0.9803641127138636, AUPR test all: 0.9547426008478316, AUROC test unknown: 0.9808621259263507, AUPR test unknown: 0.9512139335577781
2026-08-25 17:07:10,469 INFO Epoch: 280, loss: -0.1645595133304596, labeled_loss: 0.001632656785659492, unnlabeled_loss: 0.06740617007017136, mixup_loss: -1.9989526271820068, energy_loss: 0.0
2026-08-25 17:07:10,470 INFO Best AUROC test all: 0.9788919864569683, AUPR test all: 0.9505738582884453, AUROC test unknown: 0.9760218290589834, AUPR test unknown: 0.9355355395154652
2026-08-25 17:07:13,435 INFO Epoch: 277, loss: -0.16607044637203217, labeled_loss: 0.003114611841738224, unnlabeled_loss: 0.06129395589232445, mixup_loss: -1.9983203411102295, energy_loss: 0.0
2026-08-25 17:07:13,435 INFO Best AUROC test all: 0.9803641127138636, AUPR test all: 0.9547426008478316, AUROC test unknown: 0.9808621259263507, AUPR test unknown: 0.9512139335577781
2026-08-25 17:07:22,066 INFO Epoch: 281, loss: -0.18084406852722168, labeled_loss: 0.000686626648530364, unnlabeled_loss: 0.03672280162572861, mixup_loss: -1.9989209175109863, energy_loss: 0.0
2026-08-25 17:07:22,066 INFO Best AUROC test all: 0.9788919864569683, AUPR test all: 0.9508991075955393, AUROC test unknown: 0.9760218290589834, AUPR test unknown: 0.9357520287524849
2026-08-25 17:07:25,146 INFO Epoch: 278, loss: -0.16430385410785675, labeled_loss: 0.002029730938374996, unnlabeled_loss: 0.06708494573831558, mixup_loss: -1.998760461807251, energy_loss: 0.0
2026-08-25 17:07:25,146 INFO Best AUROC test all: 0.9803641127138636, AUPR test all: 0.9547426008478316, AUROC test unknown: 0.9808621259263507, AUPR test unknown: 0.9512139335577781
2026-08-25 17:07:33,659 INFO Epoch: 282, loss: -0.1569838970899582, labeled_loss: 0.0005509437760338187, unnlabeled_loss: 0.08478017151355743, mixup_loss: -1.9992492198944092, energy_loss: 0.0
2026-08-25 17:07:33,659 INFO Best AUROC test all: 0.9788919864569683, AUPR test all: 0.9508991075955393, AUROC test unknown: 0.9760218290589834, AUPR test unknown: 0.9357520287524849
2026-08-25 17:07:36,882 INFO Epoch: 279, loss: -0.1608389914035797, labeled_loss: 0.0018665888346731663, unnlabeled_loss: 0.07427062839269638, mixup_loss: -1.9984087944030762, energy_loss: 0.0
2026-08-25 17:07:36,882 INFO Best AUROC test all: 0.9803641127138636, AUPR test all: 0.9547426008478316, AUROC test unknown: 0.9808621259263507, AUPR test unknown: 0.9512139335577781
2026-08-25 17:07:45,215 INFO Epoch: 283, loss: -0.16066819429397583, labeled_loss: 0.0006049561779946089, unnlabeled_loss: 0.07719210535287857, mixup_loss: -1.9986919164657593, energy_loss: 0.0
2026-08-25 17:07:45,215 INFO Best AUROC test all: 0.9788919864569683, AUPR test all: 0.9508991075955393, AUROC test unknown: 0.9760218290589834, AUPR test unknown: 0.9357520287524849
2026-08-25 17:07:48,550 INFO Epoch: 280, loss: -0.15358757972717285, labeled_loss: 0.0013844928471371531, unnlabeled_loss: 0.08971872180700302, mixup_loss: -1.998314380645752, energy_loss: 0.0
2026-08-25 17:07:48,551 INFO Best AUROC test all: 0.9803641127138636, AUPR test all: 0.9547426008478316, AUROC test unknown: 0.9808621259263507, AUPR test unknown: 0.9512139335577781
2026-08-25 17:07:56,813 INFO Epoch: 284, loss: -0.16746456921100616, labeled_loss: 0.0007099952781572938, unnlabeled_loss: 0.06346588581800461, mixup_loss: -1.9990750551223755, energy_loss: 0.0
2026-08-25 17:07:56,813 INFO Best AUROC test all: 0.9788919864569683, AUPR test all: 0.9508991075955393, AUROC test unknown: 0.9760218290589834, AUPR test unknown: 0.9357520287524849
2026-08-25 17:08:00,339 INFO Epoch: 281, loss: -0.17788848280906677, labeled_loss: 0.00231374055147171, unnlabeled_loss: 0.039346691220998764, mixup_loss: -1.9987555742263794, energy_loss: 0.0
2026-08-25 17:08:00,340 INFO Best AUROC test all: 0.9803641127138636, AUPR test all: 0.9547426008478316, AUROC test unknown: 0.9808621259263507, AUPR test unknown: 0.9512139335577781
2026-08-25 17:08:08,444 INFO Epoch: 285, loss: -0.15547911822795868, labeled_loss: 0.0015094839036464691, unnlabeled_loss: 0.0858100950717926, mixup_loss: -1.9989365339279175, energy_loss: 0.0
2026-08-25 17:08:08,445 INFO Best AUROC test all: 0.9788919864569683, AUPR test all: 0.9508991075955393, AUROC test unknown: 0.9760218290589834, AUPR test unknown: 0.9357520287524849
2026-08-25 17:08:12,006 INFO Epoch: 282, loss: -0.15512950718402863, labeled_loss: 0.0012559961760416627, unnlabeled_loss: 0.08689825236797333, mixup_loss: -1.9983463287353516, energy_loss: 0.0
2026-08-25 17:08:12,006 INFO Best AUROC test all: 0.9803641127138636, AUPR test all: 0.9547426008478316, AUROC test unknown: 0.9808621259263507, AUPR test unknown: 0.9512139335577781
2026-08-25 17:08:20,080 INFO Epoch: 286, loss: -0.1600680947303772, labeled_loss: 0.003577770898118615, unnlabeled_loss: 0.07251590490341187, mixup_loss: -1.9990381002426147, energy_loss: 0.0
2026-08-25 17:08:20,080 INFO Best AUROC test all: 0.9788919864569683, AUPR test all: 0.9508991075955393, AUROC test unknown: 0.9760218290589834, AUPR test unknown: 0.9357520287524849
2026-08-25 17:08:23,608 INFO Epoch: 283, loss: -0.15220531821250916, labeled_loss: 0.00115187035407871, unnlabeled_loss: 0.09305571764707565, mixup_loss: -1.9988503456115723, energy_loss: 0.0
2026-08-25 17:08:23,608 INFO Best AUROC test all: 0.9803641127138636, AUPR test all: 0.9547426008478316, AUROC test unknown: 0.9808621259263507, AUPR test unknown: 0.9512139335577781
2026-08-25 17:08:31,661 INFO Epoch: 287, loss: -0.15819013118743896, labeled_loss: 0.005497337784618139, unnlabeled_loss: 0.07243599742650986, mixup_loss: -1.9990546703338623, energy_loss: 0.0
2026-08-25 17:08:31,661 INFO Best AUROC test all: 0.9788919864569683, AUPR test all: 0.9508991075955393, AUROC test unknown: 0.9760218290589834, AUPR test unknown: 0.9357520287524849
2026-08-25 17:08:35,411 INFO Epoch: 284, loss: -0.17280596494674683, labeled_loss: 0.0023047977592796087, unnlabeled_loss: 0.04954449087381363, mixup_loss: -1.9988300800323486, energy_loss: 0.0
2026-08-25 17:08:35,411 INFO Best AUROC test all: 0.9803641127138636, AUPR test all: 0.9547426008478316, AUROC test unknown: 0.9808621259263507, AUPR test unknown: 0.9512139335577781
2026-08-25 17:08:43,242 INFO Epoch: 288, loss: -0.1609247922897339, labeled_loss: 0.002387393731623888, unnlabeled_loss: 0.07316265255212784, mixup_loss: -1.9989349842071533, energy_loss: 0.0
2026-08-25 17:08:43,242 INFO Best AUROC test all: 0.9788919864569683, AUPR test all: 0.9508991075955393, AUROC test unknown: 0.9760218290589834, AUPR test unknown: 0.9357520287524849
2026-08-25 17:08:47,256 INFO Epoch: 285, loss: -0.15094108879566193, labeled_loss: 0.002692166017368436, unnlabeled_loss: 0.09250801801681519, mixup_loss: -1.9988726377487183, energy_loss: 0.0
2026-08-25 17:08:47,256 INFO Best AUROC test all: 0.9803641127138636, AUPR test all: 0.9547426008478316, AUROC test unknown: 0.9808621259263507, AUPR test unknown: 0.9512139335577781
2026-08-25 17:08:54,914 INFO Epoch: 289, loss: -0.14965397119522095, labeled_loss: 0.0038220526184886694, unnlabeled_loss: 0.09278557449579239, mixup_loss: -1.9986881017684937, energy_loss: 0.0
2026-08-25 17:08:54,914 INFO Best AUROC test all: 0.9788919864569683, AUPR test all: 0.9508991075955393, AUROC test unknown: 0.9760218290589834, AUPR test unknown: 0.9357520287524849
2026-08-25 17:08:58,984 INFO Epoch: 286, loss: -0.1599809229373932, labeled_loss: 0.0029034309554845095, unnlabeled_loss: 0.07394851744174957, mixup_loss: -1.9985861778259277, energy_loss: 0.0
2026-08-25 17:08:58,984 INFO Best AUROC test all: 0.9803641127138636, AUPR test all: 0.9547426008478316, AUROC test unknown: 0.9808621259263507, AUPR test unknown: 0.9512139335577781
2026-08-25 17:09:06,493 INFO Epoch: 290, loss: -0.17122647166252136, labeled_loss: 0.0015064015751704574, unnlabeled_loss: 0.054295532405376434, mixup_loss: -1.998806357383728, energy_loss: 0.0
2026-08-25 17:09:06,493 INFO Best AUROC test all: 0.9788919864569683, AUPR test all: 0.9508991075955393, AUROC test unknown: 0.9760218290589834, AUPR test unknown: 0.9357520287524849
2026-08-25 17:09:10,717 INFO Epoch: 287, loss: -0.1533326506614685, labeled_loss: 0.003181522013619542, unnlabeled_loss: 0.08672527223825455, mixup_loss: -1.9987679719924927, energy_loss: 0.0
2026-08-25 17:09:10,717 INFO Best AUROC test all: 0.9803641127138636, AUPR test all: 0.9547426008478316, AUROC test unknown: 0.9808621259263507, AUPR test unknown: 0.9512139335577781
2026-08-25 17:09:18,093 INFO Epoch: 291, loss: -0.1598178744316101, labeled_loss: 0.0010697826510295272, unnlabeled_loss: 0.07803163677453995, mixup_loss: -1.9990347623825073, energy_loss: 0.0
2026-08-25 17:09:18,093 INFO Best AUROC test all: 0.9788919864569683, AUPR test all: 0.9508991075955393, AUROC test unknown: 0.9760218290589834, AUPR test unknown: 0.9357520287524849
2026-08-25 17:09:22,436 INFO Epoch: 288, loss: -0.16381298005580902, labeled_loss: 0.0026898898649960756, unnlabeled_loss: 0.06675077229738235, mixup_loss: -1.9987825155258179, energy_loss: 0.0
2026-08-25 17:09:22,436 INFO Best AUROC test all: 0.9803641127138636, AUPR test all: 0.9547426008478316, AUROC test unknown: 0.9808621259263507, AUPR test unknown: 0.9512139335577781
2026-08-25 17:09:29,720 INFO Epoch: 292, loss: -0.17340265214443207, labeled_loss: 0.0011908368906006217, unnlabeled_loss: 0.05061447620391846, mixup_loss: -1.9990073442459106, energy_loss: 0.0
2026-08-25 17:09:29,720 INFO Best AUROC test all: 0.9788919864569683, AUPR test all: 0.9508991075955393, AUROC test unknown: 0.9760218290589834, AUPR test unknown: 0.9357520287524849
2026-08-25 17:09:34,092 INFO Epoch: 289, loss: -0.14788801968097687, labeled_loss: 0.007160666398704052, unnlabeled_loss: 0.08966749161481857, mixup_loss: -1.9988243579864502, energy_loss: 0.0
2026-08-25 17:09:34,093 INFO Best AUROC test all: 0.9803641127138636, AUPR test all: 0.9547426008478316, AUROC test unknown: 0.9808621259263507, AUPR test unknown: 0.9512139335577781
2026-08-25 17:09:41,374 INFO Epoch: 293, loss: -0.1550208330154419, labeled_loss: 0.0012358598178252578, unnlabeled_loss: 0.08730369806289673, mixup_loss: -1.9990854263305664, energy_loss: 0.0
2026-08-25 17:09:41,374 INFO Best AUROC test all: 0.9788919864569683, AUPR test all: 0.9508991075955393, AUROC test unknown: 0.9760218290589834, AUPR test unknown: 0.9357520287524849
2026-08-25 17:09:45,838 INFO Epoch: 290, loss: -0.17299103736877441, labeled_loss: 0.002308828290551901, unnlabeled_loss: 0.04899201542139053, mixup_loss: -1.9979586601257324, energy_loss: 0.0
2026-08-25 17:09:45,838 INFO Best AUROC test all: 0.9803641127138636, AUPR test all: 0.9547426008478316, AUROC test unknown: 0.9808621259263507, AUPR test unknown: 0.9512139335577781
2026-08-25 17:09:52,962 INFO Epoch: 294, loss: -0.15064965188503265, labeled_loss: 0.0020266238134354353, unnlabeled_loss: 0.0943753644824028, mixup_loss: -1.998639464378357, energy_loss: 0.0
2026-08-25 17:09:52,962 INFO Best AUROC test all: 0.9788919864569683, AUPR test all: 0.9508991075955393, AUROC test unknown: 0.9760218290589834, AUPR test unknown: 0.9357520287524849
2026-08-25 17:09:57,562 INFO Epoch: 291, loss: -0.16299714148044586, labeled_loss: 0.0013135637855157256, unnlabeled_loss: 0.07112038135528564, mixup_loss: -1.998708963394165, energy_loss: 0.0
2026-08-25 17:09:57,563 INFO Best AUROC test all: 0.9803641127138636, AUPR test all: 0.9547426008478316, AUROC test unknown: 0.9808621259263507, AUPR test unknown: 0.9512139335577781
2026-08-25 17:10:04,531 INFO Epoch: 295, loss: -0.1478939652442932, labeled_loss: 0.0030782800167798996, unnlabeled_loss: 0.09785275161266327, mixup_loss: -1.9989862442016602, energy_loss: 0.0
2026-08-25 17:10:04,532 INFO Best AUROC test all: 0.9788919864569683, AUPR test all: 0.9508991075955393, AUROC test unknown: 0.9760218290589834, AUPR test unknown: 0.9357520287524849
2026-08-25 17:10:09,497 INFO Epoch: 292, loss: -0.1772068738937378, labeled_loss: 0.0009143290808424354, unnlabeled_loss: 0.04351864382624626, mixup_loss: -1.9988051652908325, energy_loss: 0.0
2026-08-25 17:10:09,497 INFO Best AUROC test all: 0.9803641127138636, AUPR test all: 0.9547426008478316, AUROC test unknown: 0.9808621259263507, AUPR test unknown: 0.9512139335577781
2026-08-25 17:10:16,119 INFO Epoch: 296, loss: -0.17361018061637878, labeled_loss: 0.002430899301543832, unnlabeled_loss: 0.04766398295760155, mixup_loss: -1.9987306594848633, energy_loss: 0.0
2026-08-25 17:10:16,120 INFO Best AUROC test all: 0.9788919864569683, AUPR test all: 0.9508991075955393, AUROC test unknown: 0.9760218290589834, AUPR test unknown: 0.9357520287524849
2026-08-25 17:10:21,192 INFO Epoch: 293, loss: -0.14941588044166565, labeled_loss: 0.0008586852927692235, unnlabeled_loss: 0.09920625388622284, mixup_loss: -1.998776912689209, energy_loss: 0.0
2026-08-25 17:10:21,192 INFO Best AUROC test all: 0.9803641127138636, AUPR test all: 0.9547426008478316, AUROC test unknown: 0.9808621259263507, AUPR test unknown: 0.9512139335577781
2026-08-25 17:10:27,699 INFO Epoch: 297, loss: -0.1552298367023468, labeled_loss: 0.0027913316152989864, unnlabeled_loss: 0.0837840884923935, mixup_loss: -1.9991320371627808, energy_loss: 0.0
2026-08-25 17:10:27,699 INFO Best AUROC test all: 0.9788919864569683, AUPR test all: 0.9508991075955393, AUROC test unknown: 0.9760218290589834, AUPR test unknown: 0.9357520287524849
2026-08-25 17:10:32,863 INFO Epoch: 294, loss: -0.15823517739772797, labeled_loss: 0.0009280160302296281, unnlabeled_loss: 0.0814473032951355, mixup_loss: -1.998868465423584, energy_loss: 0.0
2026-08-25 17:10:32,863 INFO Best AUROC test all: 0.9803641127138636, AUPR test all: 0.9547426008478316, AUROC test unknown: 0.9808621259263507, AUPR test unknown: 0.9512139335577781
2026-08-25 17:10:39,260 INFO Epoch: 298, loss: -0.15346968173980713, labeled_loss: 0.0006952128023840487, unnlabeled_loss: 0.09147143363952637, mixup_loss: -1.9990060329437256, energy_loss: 0.0
2026-08-25 17:10:39,260 INFO Best AUROC test all: 0.9788919864569683, AUPR test all: 0.9508991075955393, AUROC test unknown: 0.9760218290589834, AUPR test unknown: 0.9357520287524849
2026-08-25 17:10:44,656 INFO Epoch: 295, loss: -0.1475311815738678, labeled_loss: 0.001385989016853273, unnlabeled_loss: 0.10187983512878418, mixup_loss: -1.9985707998275757, energy_loss: 0.0
2026-08-25 17:10:44,656 INFO Best AUROC test all: 0.9803641127138636, AUPR test all: 0.9547426008478316, AUROC test unknown: 0.9808621259263507, AUPR test unknown: 0.9512139335577781
2026-08-25 17:10:50,842 INFO Epoch: 299, loss: -0.1717212200164795, labeled_loss: 0.0006365894223563373, unnlabeled_loss: 0.05507504194974899, mixup_loss: -1.9989532232284546, energy_loss: 0.0
2026-08-25 17:10:50,842 INFO Best AUROC test all: 0.9788919864569683, AUPR test all: 0.9508991075955393, AUROC test unknown: 0.9760218290589834, AUPR test unknown: 0.9357520287524849
2026-08-25 17:10:56,386 INFO Epoch: 296, loss: -0.16825544834136963, labeled_loss: 0.0024956781417131424, unnlabeled_loss: 0.058194417506456375, mixup_loss: -1.9984833002090454, energy_loss: 0.0
2026-08-25 17:10:56,386 INFO Best AUROC test all: 0.9803641127138636, AUPR test all: 0.9547426008478316, AUROC test unknown: 0.9808621259263507, AUPR test unknown: 0.9512139335577781
2026-08-25 17:11:02,429 INFO Epoch: 300, loss: -0.14091482758522034, labeled_loss: 0.000737200491130352, unnlabeled_loss: 0.11648070812225342, mixup_loss: -1.998923897743225, energy_loss: 0.0
2026-08-25 17:11:02,429 INFO Best AUROC test all: 0.9788919864569683, AUPR test all: 0.9508991075955393, AUROC test unknown: 0.9760218290589834, AUPR test unknown: 0.9357520287524849
2026-08-25 17:11:08,244 INFO Epoch: 297, loss: -0.14746829867362976, labeled_loss: 0.0022134429309517145, unnlabeled_loss: 0.10039244592189789, mixup_loss: -1.998779535293579, energy_loss: 0.0
2026-08-25 17:11:08,244 INFO Best AUROC test all: 0.9803641127138636, AUPR test all: 0.9547426008478316, AUROC test unknown: 0.9808621259263507, AUPR test unknown: 0.9512139335577781
2026-08-25 17:11:14,036 INFO Epoch: 301, loss: -0.14786070585250854, labeled_loss: 0.0012735615018755198, unnlabeled_loss: 0.10155145823955536, mixup_loss: -1.9990999698638916, energy_loss: 0.0
2026-08-25 17:11:14,036 INFO Best AUROC test all: 0.9788919864569683, AUPR test all: 0.9508991075955393, AUROC test unknown: 0.9760218290589834, AUPR test unknown: 0.9357520287524849
2026-08-25 17:11:19,933 INFO Epoch: 298, loss: -0.16101914644241333, labeled_loss: 0.0011708829551935196, unnlabeled_loss: 0.07534506916999817, mixup_loss: -1.9986255168914795, energy_loss: 0.0
2026-08-25 17:11:19,933 INFO Best AUROC test all: 0.9803641127138636, AUPR test all: 0.9547426008478316, AUROC test unknown: 0.9808621259263507, AUPR test unknown: 0.9512139335577781
2026-08-25 17:11:25,596 INFO Epoch: 302, loss: -0.1581021100282669, labeled_loss: 0.0019768073689192533, unnlabeled_loss: 0.07960724085569382, mixup_loss: -1.9988253116607666, energy_loss: 0.0
2026-08-25 17:11:25,596 INFO Best AUROC test all: 0.9788919864569683, AUPR test all: 0.9508991075955393, AUROC test unknown: 0.9760218290589834, AUPR test unknown: 0.9357520287524849
2026-08-25 17:11:31,547 INFO Epoch: 299, loss: -0.1642920821905136, labeled_loss: 0.002273073187097907, unnlabeled_loss: 0.06655707955360413, mixup_loss: -1.9984369277954102, energy_loss: 0.0
2026-08-25 17:11:31,547 INFO Best AUROC test all: 0.9803641127138636, AUPR test all: 0.9547426008478316, AUROC test unknown: 0.9808621259263507, AUPR test unknown: 0.9512139335577781
2026-08-25 17:11:37,182 INFO Epoch: 303, loss: -0.15294264256954193, labeled_loss: 0.004350164905190468, unnlabeled_loss: 0.08515355736017227, mixup_loss: -1.9986958503723145, energy_loss: 0.0
2026-08-25 17:11:37,182 INFO Best AUROC test all: 0.9788919864569683, AUPR test all: 0.9508991075955393, AUROC test unknown: 0.9760218290589834, AUPR test unknown: 0.9357520287524849
2026-08-25 17:11:43,192 INFO Epoch: 300, loss: -0.14823994040489197, labeled_loss: 0.0010701019782572985, unnlabeled_loss: 0.10113638639450073, mixup_loss: -1.9987822771072388, energy_loss: 0.0
2026-08-25 17:11:43,192 INFO Best AUROC test all: 0.9803641127138636, AUPR test all: 0.9547426008478316, AUROC test unknown: 0.9808621259263507, AUPR test unknown: 0.9512139335577781
2026-08-25 17:11:48,816 INFO Epoch: 304, loss: -0.15567860007286072, labeled_loss: 0.00948936864733696, unnlabeled_loss: 0.0694427415728569, mixup_loss: -1.9988934993743896, energy_loss: 0.0
2026-08-25 17:11:48,816 INFO Best AUROC test all: 0.9788919864569683, AUPR test all: 0.9508991075955393, AUROC test unknown: 0.9760218290589834, AUPR test unknown: 0.9357520287524849
2026-08-25 17:11:54,762 INFO Epoch: 301, loss: -0.14648061990737915, labeled_loss: 0.0012006540782749653, unnlabeled_loss: 0.10432711243629456, mixup_loss: -1.9984482526779175, energy_loss: 0.0
2026-08-25 17:11:54,762 INFO Best AUROC test all: 0.9803641127138636, AUPR test all: 0.9547426008478316, AUROC test unknown: 0.9808621259263507, AUPR test unknown: 0.9512139335577781
2026-08-25 17:12:00,568 INFO Epoch: 305, loss: -0.16348198056221008, labeled_loss: 0.003839083481580019, unnlabeled_loss: 0.06514792144298553, mixup_loss: -1.9989502429962158, energy_loss: 0.0
2026-08-25 17:12:00,568 INFO Best AUROC test all: 0.9788919864569683, AUPR test all: 0.9508991075955393, AUROC test unknown: 0.9760218290589834, AUPR test unknown: 0.9357520287524849
2026-08-25 17:12:06,462 INFO Epoch: 302, loss: -0.15909403562545776, labeled_loss: 0.0017452220199629664, unnlabeled_loss: 0.07808850705623627, mixup_loss: -1.9988350868225098, energy_loss: 0.0
2026-08-25 17:12:06,463 INFO Best AUROC test all: 0.9803641127138636, AUPR test all: 0.9547426008478316, AUROC test unknown: 0.9808621259263507, AUPR test unknown: 0.9512139335577781
2026-08-25 17:12:12,184 INFO Epoch: 306, loss: -0.17366519570350647, labeled_loss: 0.0017555372323840857, unnlabeled_loss: 0.04893865808844566, mixup_loss: -1.9989005327224731, energy_loss: 0.0
2026-08-25 17:12:12,184 INFO Best AUROC test all: 0.9788919864569683, AUPR test all: 0.9508991075955393, AUROC test unknown: 0.9760218290589834, AUPR test unknown: 0.9357520287524849
2026-08-25 17:12:18,115 INFO Epoch: 303, loss: -0.15196143090724945, labeled_loss: 0.0014874293701723218, unnlabeled_loss: 0.09287364780902863, mixup_loss: -1.998856782913208, energy_loss: 0.0
2026-08-25 17:12:18,115 INFO Best AUROC test all: 0.9803641127138636, AUPR test all: 0.9547426008478316, AUROC test unknown: 0.9808621259263507, AUPR test unknown: 0.9512139335577781
2026-08-25 17:12:23,767 INFO Epoch: 307, loss: -0.16185833513736725, labeled_loss: 0.0011753367725759745, unnlabeled_loss: 0.07374460250139236, mixup_loss: -1.9990596771240234, energy_loss: 0.0
2026-08-25 17:12:23,767 INFO Best AUROC test all: 0.9788919864569683, AUPR test all: 0.9508991075955393, AUROC test unknown: 0.9760218290589834, AUPR test unknown: 0.9357520287524849
2026-08-25 17:12:29,840 INFO Epoch: 304, loss: -0.16480502486228943, labeled_loss: 0.005080844275653362, unnlabeled_loss: 0.060011643916368484, mixup_loss: -1.9989168643951416, energy_loss: 0.0
2026-08-25 17:12:29,840 INFO Best AUROC test all: 0.9803641127138636, AUPR test all: 0.9547426008478316, AUROC test unknown: 0.9808621259263507, AUPR test unknown: 0.9512139335577781
2026-08-25 17:12:35,369 INFO Epoch: 308, loss: -0.1576976180076599, labeled_loss: 0.002158980118110776, unnlabeled_loss: 0.08007760345935822, mixup_loss: -1.998953938484192, energy_loss: 0.0
2026-08-25 17:12:35,370 INFO Best AUROC test all: 0.9788919864569683, AUPR test all: 0.9508991075955393, AUROC test unknown: 0.9760218290589834, AUPR test unknown: 0.9357520287524849
2026-08-25 17:12:41,524 INFO Epoch: 305, loss: -0.15775665640830994, labeled_loss: 0.0038039195351302624, unnlabeled_loss: 0.07668512314558029, mixup_loss: -1.9990314245224, energy_loss: 0.0
2026-08-25 17:12:41,524 INFO Best AUROC test all: 0.9803641127138636, AUPR test all: 0.9547426008478316, AUROC test unknown: 0.9808621259263507, AUPR test unknown: 0.9512139335577781
2026-08-25 17:12:46,959 INFO Epoch: 309, loss: -0.1549815684556961, labeled_loss: 0.0009579063626006246, unnlabeled_loss: 0.08794593065977097, mixup_loss: -1.9991244077682495, energy_loss: 0.0
2026-08-25 17:12:46,960 INFO Best AUROC test all: 0.9788919864569683, AUPR test all: 0.9508991075955393, AUROC test unknown: 0.9760218290589834, AUPR test unknown: 0.9357520287524849
2026-08-25 17:12:53,390 INFO Epoch: 306, loss: -0.16627904772758484, labeled_loss: 0.003998056519776583, unnlabeled_loss: 0.05922062695026398, mixup_loss: -1.9988741874694824, energy_loss: 0.0
2026-08-25 17:12:53,390 INFO Best AUROC test all: 0.9803641127138636, AUPR test all: 0.9547426008478316, AUROC test unknown: 0.9808621259263507, AUPR test unknown: 0.9512139335577781
2026-08-25 17:12:58,546 INFO Epoch: 310, loss: -0.18030688166618347, labeled_loss: 0.0010110682342201471, unnlabeled_loss: 0.03717092424631119, mixup_loss: -1.99903404712677, energy_loss: 0.0
2026-08-25 17:12:58,546 INFO Best AUROC test all: 0.9788919864569683, AUPR test all: 0.9508991075955393, AUROC test unknown: 0.9760218290589834, AUPR test unknown: 0.9357520287524849
2026-08-25 17:13:05,083 INFO Epoch: 307, loss: -0.16460976004600525, labeled_loss: 0.0013770365621894598, unnlabeled_loss: 0.06778399646282196, mixup_loss: -1.9987879991531372, energy_loss: 0.0
2026-08-25 17:13:05,083 INFO Best AUROC test all: 0.9803641127138636, AUPR test all: 0.9547426008478316, AUROC test unknown: 0.9808621259263507, AUPR test unknown: 0.9512139335577781
2026-08-25 17:13:10,127 INFO Epoch: 311, loss: -0.1482163518667221, labeled_loss: 0.009254560805857182, unnlabeled_loss: 0.08483591675758362, mixup_loss: -1.998888611793518, energy_loss: 0.0
2026-08-25 17:13:10,128 INFO Best AUROC test all: 0.9788919864569683, AUPR test all: 0.9508991075955393, AUROC test unknown: 0.9760218290589834, AUPR test unknown: 0.9357520287524849
2026-08-25 17:13:16,759 INFO Epoch: 308, loss: -0.1722744107246399, labeled_loss: 0.001003276789560914, unnlabeled_loss: 0.05323540046811104, mixup_loss: -1.9989538192749023, energy_loss: 0.0
2026-08-25 17:13:16,759 INFO Best AUROC test all: 0.9803641127138636, AUPR test all: 0.9547426008478316, AUROC test unknown: 0.9808621259263507, AUPR test unknown: 0.9512139335577781
2026-08-25 17:13:21,704 INFO Epoch: 312, loss: -0.15902036428451538, labeled_loss: 0.0008820950170047581, unnlabeled_loss: 0.08001300692558289, mixup_loss: -1.9990895986557007, energy_loss: 0.0
2026-08-25 17:13:21,704 INFO Best AUROC test all: 0.9788919864569683, AUPR test all: 0.9508991075955393, AUROC test unknown: 0.9760218290589834, AUPR test unknown: 0.9357520287524849
2026-08-25 17:13:28,471 INFO Epoch: 309, loss: -0.15260270237922668, labeled_loss: 0.001204966800287366, unnlabeled_loss: 0.09200573712587357, mixup_loss: -1.9981052875518799, energy_loss: 0.0
2026-08-25 17:13:28,471 INFO Best AUROC test all: 0.9803641127138636, AUPR test all: 0.9547426008478316, AUROC test unknown: 0.9808621259263507, AUPR test unknown: 0.9512139335577781
2026-08-25 17:13:33,254 INFO Epoch: 313, loss: -0.15641915798187256, labeled_loss: 0.0020681992173194885, unnlabeled_loss: 0.08276914060115814, mixup_loss: -1.9987192153930664, energy_loss: 0.0
2026-08-25 17:13:33,254 INFO Best AUROC test all: 0.9788919864569683, AUPR test all: 0.9508991075955393, AUROC test unknown: 0.9760218290589834, AUPR test unknown: 0.9357520287524849
2026-08-25 17:13:40,190 INFO Epoch: 310, loss: -0.17499294877052307, labeled_loss: 0.0025852415710687637, unnlabeled_loss: 0.04452335834503174, mixup_loss: -1.9983986616134644, energy_loss: 0.0
2026-08-25 17:13:40,190 INFO Best AUROC test all: 0.9803641127138636, AUPR test all: 0.9547426008478316, AUROC test unknown: 0.9808621259263507, AUPR test unknown: 0.9512139335577781
2026-08-25 17:13:44,898 INFO Epoch: 314, loss: -0.16660776734352112, labeled_loss: 0.002160728210583329, unnlabeled_loss: 0.062257084995508194, mixup_loss: -1.99897038936615, energy_loss: 0.0
2026-08-25 17:13:44,898 INFO Best AUROC test all: 0.9788919864569683, AUPR test all: 0.9508991075955393, AUROC test unknown: 0.9760218290589834, AUPR test unknown: 0.9357520287524849
2026-08-25 17:13:51,977 INFO Epoch: 311, loss: -0.15966296195983887, labeled_loss: 0.0015081994934007525, unnlabeled_loss: 0.0772797241806984, mixup_loss: -1.9981101751327515, energy_loss: 0.0
2026-08-25 17:13:51,977 INFO Best AUROC test all: 0.9803641127138636, AUPR test all: 0.9547426008478316, AUROC test unknown: 0.9808621259263507, AUPR test unknown: 0.9512139335577781
2026-08-25 17:13:56,462 INFO Epoch: 315, loss: -0.15480203926563263, labeled_loss: 0.0018466068431735039, unnlabeled_loss: 0.08645623922348022, mixup_loss: -1.998767614364624, energy_loss: 0.0
2026-08-25 17:13:56,462 INFO Best AUROC test all: 0.9788919864569683, AUPR test all: 0.9508991075955393, AUROC test unknown: 0.9760218290589834, AUPR test unknown: 0.9357520287524849
2026-08-25 17:14:03,774 INFO Epoch: 312, loss: -0.16163453459739685, labeled_loss: 0.0009790253825485706, unnlabeled_loss: 0.07441375404596329, mixup_loss: -1.9982043504714966, energy_loss: 0.0
2026-08-25 17:14:03,774 INFO Best AUROC test all: 0.9803641127138636, AUPR test all: 0.9547426008478316, AUROC test unknown: 0.9808621259263507, AUPR test unknown: 0.9512139335577781
2026-08-25 17:14:08,082 INFO Epoch: 316, loss: -0.1560596078634262, labeled_loss: 0.003524161409586668, unnlabeled_loss: 0.08061327040195465, mixup_loss: -1.9989039897918701, energy_loss: 0.0
2026-08-25 17:14:08,082 INFO Best AUROC test all: 0.9788919864569683, AUPR test all: 0.9508991075955393, AUROC test unknown: 0.9760218290589834, AUPR test unknown: 0.9357520287524849
2026-08-25 17:14:15,418 INFO Epoch: 313, loss: -0.14957760274410248, labeled_loss: 0.005864246282726526, unnlabeled_loss: 0.08885958045721054, mixup_loss: -1.9987163543701172, energy_loss: 0.0
2026-08-25 17:14:15,418 INFO Best AUROC test all: 0.9803641127138636, AUPR test all: 0.9547426008478316, AUROC test unknown: 0.9808621259263507, AUPR test unknown: 0.9512139335577781
2026-08-25 17:14:19,720 INFO Epoch: 317, loss: -0.16237717866897583, labeled_loss: 0.0023865012917667627, unnlabeled_loss: 0.07029116153717041, mixup_loss: -1.99909245967865, energy_loss: 0.0
2026-08-25 17:14:19,720 INFO Best AUROC test all: 0.9788919864569683, AUPR test all: 0.9508991075955393, AUROC test unknown: 0.9760218290589834, AUPR test unknown: 0.9357520287524849
2026-08-25 17:14:27,015 INFO Epoch: 314, loss: -0.15949638187885284, labeled_loss: 0.002485600532963872, unnlabeled_loss: 0.07580900192260742, mixup_loss: -1.9988648891448975, energy_loss: 0.0
2026-08-25 17:14:27,015 INFO Best AUROC test all: 0.9803641127138636, AUPR test all: 0.9547426008478316, AUROC test unknown: 0.9808621259263507, AUPR test unknown: 0.9512139335577781
2026-08-25 17:14:31,301 INFO Epoch: 318, loss: -0.15212371945381165, labeled_loss: 0.00231180596165359, unnlabeled_loss: 0.09090492874383926, mixup_loss: -1.9988799095153809, energy_loss: 0.0
2026-08-25 17:14:31,301 INFO Best AUROC test all: 0.9788919864569683, AUPR test all: 0.9508991075955393, AUROC test unknown: 0.9760218290589834, AUPR test unknown: 0.9357520287524849
2026-08-25 17:14:38,759 INFO Epoch: 315, loss: -0.14712026715278625, labeled_loss: 0.0032812077552080154, unnlabeled_loss: 0.098854199051857, mixup_loss: -1.9982857704162598, energy_loss: 0.0
2026-08-25 17:14:38,759 INFO Best AUROC test all: 0.9803641127138636, AUPR test all: 0.9547426008478316, AUROC test unknown: 0.9808621259263507, AUPR test unknown: 0.9512139335577781
2026-08-25 17:14:42,953 INFO Epoch: 319, loss: -0.17434096336364746, labeled_loss: 0.004721423611044884, unnlabeled_loss: 0.04167893901467323, mixup_loss: -1.9990184307098389, energy_loss: 0.0
2026-08-25 17:14:42,953 INFO Best AUROC test all: 0.9788919864569683, AUPR test all: 0.9508991075955393, AUROC test unknown: 0.9760218290589834, AUPR test unknown: 0.9357520287524849
2026-08-25 17:14:50,391 INFO Epoch: 316, loss: -0.14995822310447693, labeled_loss: 0.004039823543280363, unnlabeled_loss: 0.0917704701423645, mixup_loss: -1.9988328218460083, energy_loss: 0.0
2026-08-25 17:14:50,391 INFO Best AUROC test all: 0.9803641127138636, AUPR test all: 0.9547426008478316, AUROC test unknown: 0.9808621259263507, AUPR test unknown: 0.9512139335577781
2026-08-25 17:14:54,525 INFO Epoch: 320, loss: -0.1614479124546051, labeled_loss: 0.0008878936059772968, unnlabeled_loss: 0.07515309005975723, mixup_loss: -1.9991235733032227, energy_loss: 0.0
2026-08-25 17:14:54,525 INFO Best AUROC test all: 0.9788919864569683, AUPR test all: 0.9508991075955393, AUROC test unknown: 0.9760218290589834, AUPR test unknown: 0.9357520287524849
2026-08-25 17:15:02,024 INFO Epoch: 317, loss: -0.16090314090251923, labeled_loss: 0.0029551121406257153, unnlabeled_loss: 0.07205300778150558, mixup_loss: -1.9988476037979126, energy_loss: 0.0
2026-08-25 17:15:02,024 INFO Best AUROC test all: 0.9803641127138636, AUPR test all: 0.9547426008478316, AUROC test unknown: 0.9808621259263507, AUPR test unknown: 0.9512139335577781
2026-08-25 17:15:06,125 INFO Epoch: 321, loss: -0.16185304522514343, labeled_loss: 0.0019412306137382984, unnlabeled_loss: 0.07218316197395325, mixup_loss: -1.9988585710525513, energy_loss: 0.0
2026-08-25 17:15:06,125 INFO Best AUROC test all: 0.9788919864569683, AUPR test all: 0.9508991075955393, AUROC test unknown: 0.9760218290589834, AUPR test unknown: 0.9357520287524849
2026-08-25 17:15:13,786 INFO Epoch: 318, loss: -0.1606673151254654, labeled_loss: 0.001304168370552361, unnlabeled_loss: 0.07578031718730927, mixup_loss: -1.9986164569854736, energy_loss: 0.0
2026-08-25 17:15:13,786 INFO Best AUROC test all: 0.9803641127138636, AUPR test all: 0.9547426008478316, AUROC test unknown: 0.9808621259263507, AUPR test unknown: 0.9512139335577781
2026-08-25 17:15:17,728 INFO Epoch: 322, loss: -0.17183957993984222, labeled_loss: 0.0008427298162132502, unnlabeled_loss: 0.054410308599472046, mixup_loss: -1.9988746643066406, energy_loss: 0.0
2026-08-25 17:15:17,728 INFO Best AUROC test all: 0.9788919864569683, AUPR test all: 0.9508991075955393, AUROC test unknown: 0.9760218290589834, AUPR test unknown: 0.9357520287524849
2026-08-25 17:15:25,483 INFO Epoch: 319, loss: -0.18375436961650848, labeled_loss: 0.0014964052243158221, unnlabeled_loss: 0.02919422835111618, mixup_loss: -1.998478889465332, energy_loss: 0.0
2026-08-25 17:15:25,483 INFO Best AUROC test all: 0.9803641127138636, AUPR test all: 0.9547426008478316, AUROC test unknown: 0.9808621259263507, AUPR test unknown: 0.9512139335577781
2026-08-25 17:15:29,299 INFO Epoch: 323, loss: -0.15859009325504303, labeled_loss: 0.0007311356021091342, unnlabeled_loss: 0.0811101645231247, mixup_loss: -1.998763084411621, energy_loss: 0.0
2026-08-25 17:15:29,299 INFO Best AUROC test all: 0.9788919864569683, AUPR test all: 0.9508991075955393, AUROC test unknown: 0.9760218290589834, AUPR test unknown: 0.9357520287524849
2026-08-25 17:15:37,157 INFO Epoch: 320, loss: -0.16081692278385162, labeled_loss: 0.0008270356920547783, unnlabeled_loss: 0.07625467330217361, mixup_loss: -1.9977129697799683, energy_loss: 0.0
2026-08-25 17:15:37,157 INFO Best AUROC test all: 0.9803641127138636, AUPR test all: 0.9547426008478316, AUROC test unknown: 0.9808621259263507, AUPR test unknown: 0.9512139335577781
2026-08-25 17:15:40,930 INFO Epoch: 324, loss: -0.15488523244857788, labeled_loss: 0.004658492282032967, unnlabeled_loss: 0.08072652667760849, mixup_loss: -1.9990698099136353, energy_loss: 0.0
2026-08-25 17:15:40,930 INFO Best AUROC test all: 0.9788919864569683, AUPR test all: 0.9508991075955393, AUROC test unknown: 0.9760218290589834, AUPR test unknown: 0.9357520287524849
2026-08-25 17:15:48,894 INFO Epoch: 321, loss: -0.1556030660867691, labeled_loss: 0.0012491210363805294, unnlabeled_loss: 0.08603844046592712, mixup_loss: -1.9987140893936157, energy_loss: 0.0
2026-08-25 17:15:48,894 INFO Best AUROC test all: 0.9803641127138636, AUPR test all: 0.9547426008478316, AUROC test unknown: 0.9808621259263507, AUPR test unknown: 0.9512139335577781
2026-08-25 17:15:52,696 INFO Epoch: 325, loss: -0.16829538345336914, labeled_loss: 0.0020300077740103006, unnlabeled_loss: 0.0591396726667881, mixup_loss: -1.9989522695541382, energy_loss: 0.0
2026-08-25 17:15:52,696 INFO Best AUROC test all: 0.9788919864569683, AUPR test all: 0.9508991075955393, AUROC test unknown: 0.9760218290589834, AUPR test unknown: 0.9357520287524849
2026-08-25 17:16:00,549 INFO Epoch: 322, loss: -0.17865265905857086, labeled_loss: 0.0008999296696856618, unnlabeled_loss: 0.04058767482638359, mixup_loss: -1.9984643459320068, energy_loss: 0.0
2026-08-25 17:16:00,549 INFO Best AUROC test all: 0.9803641127138636, AUPR test all: 0.9547426008478316, AUROC test unknown: 0.9808621259263507, AUPR test unknown: 0.9512139335577781
2026-08-25 17:16:04,285 INFO Epoch: 326, loss: -0.15268349647521973, labeled_loss: 0.0032237928826361895, unnlabeled_loss: 0.08797198534011841, mixup_loss: -1.9989327192306519, energy_loss: 0.0
2026-08-25 17:16:04,285 INFO Best AUROC test all: 0.9788919864569683, AUPR test all: 0.9508991075955393, AUROC test unknown: 0.9760218290589834, AUPR test unknown: 0.9357520287524849
2026-08-25 17:16:12,426 INFO Epoch: 323, loss: -0.16063575446605682, labeled_loss: 0.001537051983177662, unnlabeled_loss: 0.07540589570999146, mixup_loss: -1.9987576007843018, energy_loss: 0.0
2026-08-25 17:16:12,426 INFO Best AUROC test all: 0.9803641127138636, AUPR test all: 0.9547426008478316, AUROC test unknown: 0.9808621259263507, AUPR test unknown: 0.9512139335577781
2026-08-25 17:16:15,986 INFO Epoch: 327, loss: -0.1616171896457672, labeled_loss: 0.004090339411050081, unnlabeled_loss: 0.06840475648641586, mixup_loss: -1.9990990161895752, energy_loss: 0.0
2026-08-25 17:16:15,986 INFO Best AUROC test all: 0.9788919864569683, AUPR test all: 0.9508991075955393, AUROC test unknown: 0.9760218290589834, AUPR test unknown: 0.9357520287524849
2026-08-25 17:16:24,041 INFO Epoch: 324, loss: -0.16100817918777466, labeled_loss: 0.001770952483639121, unnlabeled_loss: 0.074211984872818, mixup_loss: -1.9988512992858887, energy_loss: 0.0
2026-08-25 17:16:24,041 INFO Best AUROC test all: 0.9803641127138636, AUPR test all: 0.9547426008478316, AUROC test unknown: 0.9808621259263507, AUPR test unknown: 0.9512139335577781
2026-08-25 17:16:27,571 INFO Epoch: 328, loss: -0.1706448197364807, labeled_loss: 0.0027270549908280373, unnlabeled_loss: 0.05306259170174599, mixup_loss: -1.9990317821502686, energy_loss: 0.0
2026-08-25 17:16:27,571 INFO Best AUROC test all: 0.9788919864569683, AUPR test all: 0.9508991075955393, AUROC test unknown: 0.9760218290589834, AUPR test unknown: 0.9357520287524849
2026-08-25 17:16:35,662 INFO Epoch: 325, loss: -0.15987429022789001, labeled_loss: 0.00471790274605155, unnlabeled_loss: 0.07061050832271576, mixup_loss: -1.998974323272705, energy_loss: 0.0
2026-08-25 17:16:35,662 INFO Best AUROC test all: 0.9803641127138636, AUPR test all: 0.9547426008478316, AUROC test unknown: 0.9808621259263507, AUPR test unknown: 0.9512139335577781
2026-08-25 17:16:39,251 INFO Epoch: 329, loss: -0.16461892426013947, labeled_loss: 0.0028449425008147955, unnlabeled_loss: 0.0648343414068222, mixup_loss: -1.9988102912902832, energy_loss: 0.0
2026-08-25 17:16:39,251 INFO Best AUROC test all: 0.9788919864569683, AUPR test all: 0.9508991075955393, AUROC test unknown: 0.9760218290589834, AUPR test unknown: 0.9357520287524849
2026-08-25 17:16:47,302 INFO Epoch: 326, loss: -0.1391209065914154, labeled_loss: 0.004828770644962788, unnlabeled_loss: 0.11189055442810059, mixup_loss: -1.998949408531189, energy_loss: 0.0
2026-08-25 17:16:47,302 INFO Best AUROC test all: 0.9803641127138636, AUPR test all: 0.9547426008478316, AUROC test unknown: 0.9808621259263507, AUPR test unknown: 0.9512139335577781
2026-08-25 17:16:50,815 INFO Epoch: 330, loss: -0.14332686364650726, labeled_loss: 0.0008365325047634542, unnlabeled_loss: 0.11141649633646011, mixup_loss: -1.9987163543701172, energy_loss: 0.0
2026-08-25 17:16:50,815 INFO Best AUROC test all: 0.9788919864569683, AUPR test all: 0.9508991075955393, AUROC test unknown: 0.9760218290589834, AUPR test unknown: 0.9357520287524849
2026-08-25 17:16:58,992 INFO Epoch: 327, loss: -0.1624375581741333, labeled_loss: 0.004578413441777229, unnlabeled_loss: 0.0657225102186203, mixup_loss: -1.9987722635269165, energy_loss: 0.0
2026-08-25 17:16:58,992 INFO Best AUROC test all: 0.9803641127138636, AUPR test all: 0.9547426008478316, AUROC test unknown: 0.9808621259263507, AUPR test unknown: 0.9512139335577781
2026-08-25 17:17:02,411 INFO Epoch: 331, loss: -0.16377396881580353, labeled_loss: 0.0007812237017787993, unnlabeled_loss: 0.07066578418016434, mixup_loss: -1.9988807439804077, energy_loss: 0.0
2026-08-25 17:17:02,411 INFO Best AUROC test all: 0.9788919864569683, AUPR test all: 0.9508991075955393, AUROC test unknown: 0.9760218290589834, AUPR test unknown: 0.9357520287524849
2026-08-25 17:17:10,641 INFO Epoch: 328, loss: -0.17770500481128693, labeled_loss: 0.0014722036430612206, unnlabeled_loss: 0.041369203478097916, mixup_loss: -1.9986180067062378, energy_loss: 0.0
2026-08-25 17:17:10,641 INFO Best AUROC test all: 0.9803641127138636, AUPR test all: 0.9547426008478316, AUROC test unknown: 0.9808621259263507, AUPR test unknown: 0.9512139335577781
2026-08-25 17:17:13,980 INFO Epoch: 332, loss: -0.16021938621997833, labeled_loss: 0.0008065504371188581, unnlabeled_loss: 0.07768373191356659, mixup_loss: -1.9986779689788818, energy_loss: 0.0
2026-08-25 17:17:13,980 INFO Best AUROC test all: 0.9788919864569683, AUPR test all: 0.9508991075955393, AUROC test unknown: 0.9760218290589834, AUPR test unknown: 0.9357520287524849
2026-08-25 17:17:22,326 INFO Epoch: 329, loss: -0.16645078361034393, labeled_loss: 0.0007651005289517343, unnlabeled_loss: 0.06509536504745483, mixup_loss: -1.9976356029510498, energy_loss: 0.0
2026-08-25 17:17:22,326 INFO Best AUROC test all: 0.9803641127138636, AUPR test all: 0.9547426008478316, AUROC test unknown: 0.9808621259263507, AUPR test unknown: 0.9512139335577781
2026-08-25 17:17:25,555 INFO Epoch: 333, loss: -0.16897304356098175, labeled_loss: 0.000919180572964251, unnlabeled_loss: 0.06001333147287369, mixup_loss: -1.9989888668060303, energy_loss: 0.0
2026-08-25 17:17:25,555 INFO Best AUROC test all: 0.9788919864569683, AUPR test all: 0.9508991075955393, AUROC test unknown: 0.9760218290589834, AUPR test unknown: 0.9357520287524849
2026-08-25 17:17:33,993 INFO Epoch: 330, loss: -0.15091821551322937, labeled_loss: 0.0017880521481856704, unnlabeled_loss: 0.09415794163942337, mixup_loss: -1.9978524446487427, energy_loss: 0.0
2026-08-25 17:17:33,993 INFO Best AUROC test all: 0.9803641127138636, AUPR test all: 0.9547426008478316, AUROC test unknown: 0.9808621259263507, AUPR test unknown: 0.9512139335577781
2026-08-25 17:17:37,170 INFO Epoch: 334, loss: -0.15960422158241272, labeled_loss: 0.0010671998606994748, unnlabeled_loss: 0.07843762636184692, mixup_loss: -1.9989023208618164, energy_loss: 0.0
2026-08-25 17:17:37,170 INFO Best AUROC test all: 0.9788919864569683, AUPR test all: 0.9508991075955393, AUROC test unknown: 0.9760218290589834, AUPR test unknown: 0.9357520287524849
2026-08-25 17:17:45,712 INFO Epoch: 331, loss: -0.16301387548446655, labeled_loss: 0.001559562049806118, unnlabeled_loss: 0.07048393040895462, mixup_loss: -1.9981540441513062, energy_loss: 0.0
2026-08-25 17:17:45,713 INFO Best AUROC test all: 0.9803641127138636, AUPR test all: 0.9547426008478316, AUROC test unknown: 0.9808621259263507, AUPR test unknown: 0.9512139335577781
2026-08-25 17:17:48,753 INFO Epoch: 335, loss: -0.156948983669281, labeled_loss: 0.0020515327341854572, unnlabeled_loss: 0.08181985467672348, mixup_loss: -1.999104380607605, energy_loss: 0.0
2026-08-25 17:17:48,753 INFO Best AUROC test all: 0.9788919864569683, AUPR test all: 0.9508991075955393, AUROC test unknown: 0.9760218290589834, AUPR test unknown: 0.9357520287524849
2026-08-25 17:17:57,284 INFO Epoch: 332, loss: -0.16532295942306519, labeled_loss: 0.0011978702386841178, unnlabeled_loss: 0.06669861823320389, mixup_loss: -1.9987013339996338, energy_loss: 0.0
2026-08-25 17:17:57,284 INFO Best AUROC test all: 0.9803641127138636, AUPR test all: 0.9547426008478316, AUROC test unknown: 0.9808621259263507, AUPR test unknown: 0.9512139335577781
2026-08-25 17:18:00,324 INFO Epoch: 336, loss: -0.16351869702339172, labeled_loss: 0.005199259612709284, unnlabeled_loss: 0.06237736716866493, mixup_loss: -1.9990663528442383, energy_loss: 0.0
2026-08-25 17:18:00,325 INFO Best AUROC test all: 0.9788919864569683, AUPR test all: 0.9508991075955393, AUROC test unknown: 0.9760218290589834, AUPR test unknown: 0.9357520287524849
2026-08-25 17:18:09,018 INFO Epoch: 333, loss: -0.17016200721263885, labeled_loss: 0.00117235048674047, unnlabeled_loss: 0.056884899735450745, mixup_loss: -1.9977680444717407, energy_loss: 0.0
2026-08-25 17:18:09,018 INFO Best AUROC test all: 0.9803641127138636, AUPR test all: 0.9547426008478316, AUROC test unknown: 0.9808621259263507, AUPR test unknown: 0.9512139335577781
2026-08-25 17:18:11,897 INFO Epoch: 337, loss: -0.17077425122261047, labeled_loss: 0.0034463319461792707, unnlabeled_loss: 0.05128683149814606, mixup_loss: -1.9986399412155151, energy_loss: 0.0
2026-08-25 17:18:11,897 INFO Best AUROC test all: 0.9788919864569683, AUPR test all: 0.9508991075955393, AUROC test unknown: 0.9760218290589834, AUPR test unknown: 0.9357520287524849
2026-08-25 17:18:20,642 INFO Epoch: 334, loss: -0.16766944527626038, labeled_loss: 0.002117600291967392, unnlabeled_loss: 0.06019037961959839, mixup_loss: -1.9988223314285278, energy_loss: 0.0
2026-08-25 17:18:20,642 INFO Best AUROC test all: 0.9803641127138636, AUPR test all: 0.9547426008478316, AUROC test unknown: 0.9808621259263507, AUPR test unknown: 0.9512139335577781
2026-08-25 17:18:23,741 INFO Epoch: 338, loss: -0.13646478950977325, labeled_loss: 0.002067484660074115, unnlabeled_loss: 0.12270872294902802, mixup_loss: -1.998866319656372, energy_loss: 0.0
2026-08-25 17:18:23,741 INFO Best AUROC test all: 0.9788919864569683, AUPR test all: 0.9508991075955393, AUROC test unknown: 0.9760218290589834, AUPR test unknown: 0.9357520287524849
2026-08-25 17:18:32,235 INFO Epoch: 335, loss: -0.15241345763206482, labeled_loss: 0.0019137690542265773, unnlabeled_loss: 0.09094195812940598, mixup_loss: -1.9979819059371948, energy_loss: 0.0
2026-08-25 17:18:32,235 INFO Best AUROC test all: 0.9803641127138636, AUPR test all: 0.9547426008478316, AUROC test unknown: 0.9808621259263507, AUPR test unknown: 0.9512139335577781
2026-08-25 17:18:35,349 INFO Epoch: 339, loss: -0.1569274365901947, labeled_loss: 0.0020225620828568935, unnlabeled_loss: 0.08188443630933762, mixup_loss: -1.9989222288131714, energy_loss: 0.0
2026-08-25 17:18:35,349 INFO Best AUROC test all: 0.9788919864569683, AUPR test all: 0.9508991075955393, AUROC test unknown: 0.9760218290589834, AUPR test unknown: 0.9357520287524849
2026-08-25 17:18:43,907 INFO Epoch: 336, loss: -0.16496366262435913, labeled_loss: 0.0038425144739449024, unnlabeled_loss: 0.062067240476608276, mixup_loss: -1.998397946357727, energy_loss: 0.0
2026-08-25 17:18:43,907 INFO Best AUROC test all: 0.9803641127138636, AUPR test all: 0.9547426008478316, AUROC test unknown: 0.9808621259263507, AUPR test unknown: 0.9512139335577781
2026-08-25 17:18:46,929 INFO Epoch: 340, loss: -0.16542261838912964, labeled_loss: 0.0019670615438371897, unnlabeled_loss: 0.06501992046833038, mixup_loss: -1.998996376991272, energy_loss: 0.0
2026-08-25 17:18:46,929 INFO Best AUROC test all: 0.9788919864569683, AUPR test all: 0.9508991075955393, AUROC test unknown: 0.9760218290589834, AUPR test unknown: 0.9357520287524849
2026-08-25 17:18:55,537 INFO Epoch: 337, loss: -0.1662033498287201, labeled_loss: 0.001993821933865547, unnlabeled_loss: 0.06343210488557816, mixup_loss: -1.9991322755813599, energy_loss: 0.0
2026-08-25 17:18:55,538 INFO Best AUROC test all: 0.9803641127138636, AUPR test all: 0.9547426008478316, AUROC test unknown: 0.9808621259263507, AUPR test unknown: 0.9512139335577781
2026-08-25 17:18:58,576 INFO Epoch: 341, loss: -0.1860879361629486, labeled_loss: 0.0016795276897028089, unnlabeled_loss: 0.024264059960842133, mixup_loss: -1.9989949464797974, energy_loss: 0.0
2026-08-25 17:18:58,576 INFO Best AUROC test all: 0.9788919864569683, AUPR test all: 0.9508991075955393, AUROC test unknown: 0.9760218290589834, AUPR test unknown: 0.9357520287524849
2026-08-25 17:19:07,171 INFO Epoch: 338, loss: -0.13403385877609253, labeled_loss: 0.001585691818036139, unnlabeled_loss: 0.12850028276443481, mixup_loss: -1.9986969232559204, energy_loss: 0.0
2026-08-25 17:19:07,171 INFO Best AUROC test all: 0.9803641127138636, AUPR test all: 0.9547426008478316, AUROC test unknown: 0.9808621259263507, AUPR test unknown: 0.9512139335577781
2026-08-25 17:19:10,168 INFO Epoch: 342, loss: -0.17651256918907166, labeled_loss: 0.0012671833392232656, unnlabeled_loss: 0.04420994594693184, mixup_loss: -1.998847246170044, energy_loss: 0.0
2026-08-25 17:19:10,168 INFO Best AUROC test all: 0.9788919864569683, AUPR test all: 0.9508991075955393, AUROC test unknown: 0.9760218290589834, AUPR test unknown: 0.9357520287524849
2026-08-25 17:19:18,845 INFO Epoch: 339, loss: -0.15272945165634155, labeled_loss: 0.0017668097279965878, unnlabeled_loss: 0.09070880711078644, mixup_loss: -1.9985066652297974, energy_loss: 0.0
2026-08-25 17:19:18,846 INFO Best AUROC test all: 0.9803641127138636, AUPR test all: 0.9547426008478316, AUROC test unknown: 0.9808621259263507, AUPR test unknown: 0.9512139335577781
2026-08-25 17:19:21,768 INFO Epoch: 343, loss: -0.16391149163246155, labeled_loss: 0.0008321976638399065, unnlabeled_loss: 0.07032682746648788, mixup_loss: -1.9990708827972412, energy_loss: 0.0
2026-08-25 17:19:21,769 INFO Best AUROC test all: 0.9788919864569683, AUPR test all: 0.9508991075955393, AUROC test unknown: 0.9760218290589834, AUPR test unknown: 0.9357520287524849
2026-08-25 17:19:30,452 INFO Epoch: 340, loss: -0.15376131236553192, labeled_loss: 0.003726222785189748, unnlabeled_loss: 0.08480267971754074, mixup_loss: -1.9988887310028076, energy_loss: 0.0
2026-08-25 17:19:30,452 INFO Best AUROC test all: 0.9803641127138636, AUPR test all: 0.9547426008478316, AUROC test unknown: 0.9808621259263507, AUPR test unknown: 0.9512139335577781
2026-08-25 17:19:33,383 INFO Epoch: 344, loss: -0.16503563523292542, labeled_loss: 0.0013697926187887788, unnlabeled_loss: 0.06695867329835892, mixup_loss: -1.9988477230072021, energy_loss: 0.0
2026-08-25 17:19:33,383 INFO Best AUROC test all: 0.9788919864569683, AUPR test all: 0.9508991075955393, AUROC test unknown: 0.9760218290589834, AUPR test unknown: 0.9357520287524849
2026-08-25 17:19:42,152 INFO Epoch: 341, loss: -0.18397292494773865, labeled_loss: 0.0023470891173928976, unnlabeled_loss: 0.02714284509420395, mixup_loss: -1.9989142417907715, energy_loss: 0.0
2026-08-25 17:19:42,152 INFO Best AUROC test all: 0.9803641127138636, AUPR test all: 0.9547426008478316, AUROC test unknown: 0.9808621259263507, AUPR test unknown: 0.9512139335577781
2026-08-25 17:19:44,973 INFO Epoch: 345, loss: -0.16381904482841492, labeled_loss: 0.000621784187387675, unnlabeled_loss: 0.0708349198102951, mixup_loss: -1.9985828399658203, energy_loss: 0.0
2026-08-25 17:19:44,974 INFO Best AUROC test all: 0.9788919864569683, AUPR test all: 0.9508991075955393, AUROC test unknown: 0.9760218290589834, AUPR test unknown: 0.9357520287524849
2026-08-25 17:19:53,877 INFO Epoch: 342, loss: -0.16833357512950897, labeled_loss: 0.002184046432375908, unnlabeled_loss: 0.05872467905282974, mixup_loss: -1.9987995624542236, energy_loss: 0.0
2026-08-25 17:19:53,878 INFO Best AUROC test all: 0.9803641127138636, AUPR test all: 0.9547426008478316, AUROC test unknown: 0.9808621259263507, AUPR test unknown: 0.9512139335577781
2026-08-25 17:19:56,639 INFO Epoch: 346, loss: -0.17956405878067017, labeled_loss: 0.0019360706210136414, unnlabeled_loss: 0.03683875873684883, mixup_loss: -1.9991950988769531, energy_loss: 0.0
2026-08-25 17:19:56,640 INFO Best AUROC test all: 0.9788919864569683, AUPR test all: 0.9508991075955393, AUROC test unknown: 0.9760218290589834, AUPR test unknown: 0.9357520287524849
2026-08-25 17:20:05,641 INFO Epoch: 343, loss: -0.1670088768005371, labeled_loss: 0.0010168752633035183, unnlabeled_loss: 0.06362020969390869, mixup_loss: -1.9983584880828857, energy_loss: 0.0
2026-08-25 17:20:05,642 INFO Best AUROC test all: 0.9803641127138636, AUPR test all: 0.9547426008478316, AUROC test unknown: 0.9808621259263507, AUPR test unknown: 0.9512139335577781
2026-08-25 17:20:08,211 INFO Epoch: 347, loss: -0.16194911301136017, labeled_loss: 0.0009916807757690549, unnlabeled_loss: 0.07390939444303513, mixup_loss: -1.9989548921585083, energy_loss: 0.0
2026-08-25 17:20:08,211 INFO Best AUROC test all: 0.9788919864569683, AUPR test all: 0.9508991075955393, AUROC test unknown: 0.9760218290589834, AUPR test unknown: 0.9357520287524849
2026-08-25 17:20:17,410 INFO Epoch: 344, loss: -0.15847338736057281, labeled_loss: 0.0009811916388571262, unnlabeled_loss: 0.08072015643119812, mixup_loss: -1.998146653175354, energy_loss: 0.0
2026-08-25 17:20:17,410 INFO Best AUROC test all: 0.9803641127138636, AUPR test all: 0.9547426008478316, AUROC test unknown: 0.9808621259263507, AUPR test unknown: 0.9512139335577781
2026-08-25 17:20:19,874 INFO Epoch: 348, loss: -0.16649866104125977, labeled_loss: 0.001801901962608099, unnlabeled_loss: 0.06319835782051086, mixup_loss: -1.998997449874878, energy_loss: 0.0
2026-08-25 17:20:19,875 INFO Best AUROC test all: 0.9788919864569683, AUPR test all: 0.9508991075955393, AUROC test unknown: 0.9760218290589834, AUPR test unknown: 0.9357520287524849
2026-08-25 17:20:29,280 INFO Epoch: 345, loss: -0.16797055304050446, labeled_loss: 0.0011046855943277478, unnlabeled_loss: 0.06162870302796364, mixup_loss: -1.9988957643508911, energy_loss: 0.0
2026-08-25 17:20:29,281 INFO Best AUROC test all: 0.9803641127138636, AUPR test all: 0.9547426008478316, AUROC test unknown: 0.9808621259263507, AUPR test unknown: 0.9512139335577781
2026-08-25 17:20:31,506 INFO Epoch: 349, loss: -0.16147613525390625, labeled_loss: 0.0015617840690538287, unnlabeled_loss: 0.07372969388961792, mixup_loss: -1.9990277290344238, energy_loss: 0.0
2026-08-25 17:20:31,506 INFO Best AUROC test all: 0.9788919864569683, AUPR test all: 0.9508991075955393, AUROC test unknown: 0.9760218290589834, AUPR test unknown: 0.9357520287524849
2026-08-25 17:20:40,872 INFO Epoch: 346, loss: -0.1765124499797821, labeled_loss: 0.0012392622884362936, unnlabeled_loss: 0.04424813762307167, mixup_loss: -1.9987578392028809, energy_loss: 0.0
2026-08-25 17:20:40,873 INFO Best AUROC test all: 0.9803641127138636, AUPR test all: 0.9547426008478316, AUROC test unknown: 0.9808621259263507, AUPR test unknown: 0.9512139335577781
2026-08-25 17:20:43,090 INFO Epoch: 350, loss: -0.16501843929290771, labeled_loss: 0.0017183246091008186, unnlabeled_loss: 0.06631030142307281, mixup_loss: -1.9989190101623535, energy_loss: 0.0
2026-08-25 17:20:43,090 INFO Best AUROC test all: 0.9788919864569683, AUPR test all: 0.9508991075955393, AUROC test unknown: 0.9760218290589834, AUPR test unknown: 0.9357520287524849
2026-08-25 17:20:52,737 INFO Epoch: 347, loss: -0.1562635451555252, labeled_loss: 0.0018735602498054504, unnlabeled_loss: 0.08345203101634979, mixup_loss: -1.998631238937378, energy_loss: 0.0
2026-08-25 17:20:52,738 INFO Best AUROC test all: 0.9803641127138636, AUPR test all: 0.9547426008478316, AUROC test unknown: 0.9808621259263507, AUPR test unknown: 0.9512139335577781
2026-08-25 17:20:54,795 INFO Epoch: 351, loss: -0.16137337684631348, labeled_loss: 0.0014014758635312319, unnlabeled_loss: 0.07420896738767624, mixup_loss: -1.998793363571167, energy_loss: 0.0
2026-08-25 17:20:54,795 INFO Best AUROC test all: 0.9788919864569683, AUPR test all: 0.9508991075955393, AUROC test unknown: 0.9760218290589834, AUPR test unknown: 0.9357520287524849
2026-08-25 17:21:04,382 INFO Epoch: 348, loss: -0.15950456261634827, labeled_loss: 0.0016174770426005125, unnlabeled_loss: 0.07754717767238617, mixup_loss: -1.9989562034606934, energy_loss: 0.0
2026-08-25 17:21:04,382 INFO Best AUROC test all: 0.9803641127138636, AUPR test all: 0.9547426008478316, AUROC test unknown: 0.9808621259263507, AUPR test unknown: 0.9512139335577781
2026-08-25 17:21:06,386 INFO Epoch: 352, loss: -0.1607811003923416, labeled_loss: 0.000922373728826642, unnlabeled_loss: 0.07636003941297531, mixup_loss: -1.9988348484039307, energy_loss: 0.0
2026-08-25 17:21:06,386 INFO Best AUROC test all: 0.9788919864569683, AUPR test all: 0.9508991075955393, AUROC test unknown: 0.9760218290589834, AUPR test unknown: 0.9357520287524849
2026-08-25 17:21:16,147 INFO Epoch: 349, loss: -0.15844613313674927, labeled_loss: 0.001967846415936947, unnlabeled_loss: 0.07899435609579086, mixup_loss: -1.999111533164978, energy_loss: 0.0
2026-08-25 17:21:16,147 INFO Best AUROC test all: 0.9803641127138636, AUPR test all: 0.9547426008478316, AUROC test unknown: 0.9808621259263507, AUPR test unknown: 0.9512139335577781
2026-08-25 17:21:18,014 INFO Epoch: 353, loss: -0.1453915536403656, labeled_loss: 0.0006358175305649638, unnlabeled_loss: 0.10770313441753387, mixup_loss: -1.9987894296646118, energy_loss: 0.0
2026-08-25 17:21:18,014 INFO Best AUROC test all: 0.9788919864569683, AUPR test all: 0.9508991075955393, AUROC test unknown: 0.9760218290589834, AUPR test unknown: 0.9357520287524849
2026-08-25 17:21:27,865 INFO Epoch: 350, loss: -0.16186507046222687, labeled_loss: 0.0016066464595496655, unnlabeled_loss: 0.07278614491224289, mixup_loss: -1.9986478090286255, energy_loss: 0.0
2026-08-25 17:21:27,865 INFO Best AUROC test all: 0.9803641127138636, AUPR test all: 0.9547426008478316, AUROC test unknown: 0.9808621259263507, AUPR test unknown: 0.9512139335577781
2026-08-25 17:21:29,645 INFO Epoch: 354, loss: -0.17558202147483826, labeled_loss: 0.0007840044563636184, unnlabeled_loss: 0.04707350954413414, mixup_loss: -1.9990278482437134, energy_loss: 0.0
2026-08-25 17:21:29,645 INFO Best AUROC test all: 0.9788919864569683, AUPR test all: 0.9508991075955393, AUROC test unknown: 0.9760218290589834, AUPR test unknown: 0.9357520287524849
2026-08-25 17:21:39,638 INFO Epoch: 351, loss: -0.15801507234573364, labeled_loss: 0.0011899304809048772, unnlabeled_loss: 0.08137934654951096, mixup_loss: -1.9989467859268188, energy_loss: 0.0
2026-08-25 17:21:39,639 INFO Best AUROC test all: 0.9803641127138636, AUPR test all: 0.9547426008478316, AUROC test unknown: 0.9808621259263507, AUPR test unknown: 0.9512139335577781
2026-08-25 17:21:41,287 INFO Epoch: 355, loss: -0.16245076060295105, labeled_loss: 0.0009474157122895122, unnlabeled_loss: 0.07302660495042801, mixup_loss: -1.999114751815796, energy_loss: 0.0
2026-08-25 17:21:41,287 INFO Best AUROC test all: 0.9788919864569683, AUPR test all: 0.9508991075955393, AUROC test unknown: 0.9760218290589834, AUPR test unknown: 0.9357520287524849
2026-08-25 17:21:51,367 INFO Epoch: 352, loss: -0.15197698771953583, labeled_loss: 0.0010080684442073107, unnlabeled_loss: 0.0938483327627182, mixup_loss: -1.9990922212600708, energy_loss: 0.0
2026-08-25 17:21:51,367 INFO Best AUROC test all: 0.9803641127138636, AUPR test all: 0.9547426008478316, AUROC test unknown: 0.9808621259263507, AUPR test unknown: 0.9512139335577781
2026-08-25 17:21:52,930 INFO Epoch: 356, loss: -0.17310599982738495, labeled_loss: 0.0012162819039076567, unnlabeled_loss: 0.05117662996053696, mixup_loss: -1.9991059303283691, energy_loss: 0.0
2026-08-25 17:21:52,930 INFO Best AUROC test all: 0.9788919864569683, AUPR test all: 0.9508991075955393, AUROC test unknown: 0.9760218290589834, AUPR test unknown: 0.9357520287524849
2026-08-25 17:22:03,087 INFO Epoch: 353, loss: -0.14760969579219818, labeled_loss: 0.0011560849379748106, unnlabeled_loss: 0.10227394849061966, mixup_loss: -1.9990276098251343, energy_loss: 0.0
2026-08-25 17:22:03,087 INFO Best AUROC test all: 0.9803641127138636, AUPR test all: 0.9547426008478316, AUROC test unknown: 0.9808621259263507, AUPR test unknown: 0.9512139335577781
2026-08-25 17:22:04,476 INFO Epoch: 357, loss: -0.15428295731544495, labeled_loss: 0.0012404235312715173, unnlabeled_loss: 0.08876432478427887, mixup_loss: -1.9990553855895996, energy_loss: 0.0
2026-08-25 17:22:04,476 INFO Best AUROC test all: 0.9788919864569683, AUPR test all: 0.9508991075955393, AUROC test unknown: 0.9760218290589834, AUPR test unknown: 0.9357520287524849
2026-08-25 17:22:14,816 INFO Epoch: 354, loss: -0.16509009897708893, labeled_loss: 0.0011609136126935482, unnlabeled_loss: 0.06735130399465561, mixup_loss: -1.999266505241394, energy_loss: 0.0
2026-08-25 17:22:14,817 INFO Best AUROC test all: 0.9803641127138636, AUPR test all: 0.9547426008478316, AUROC test unknown: 0.9808621259263507, AUPR test unknown: 0.9512139335577781
2026-08-25 17:22:16,062 INFO Epoch: 358, loss: -0.15987363457679749, labeled_loss: 0.0012656886829063296, unnlabeled_loss: 0.07753919810056686, mixup_loss: -1.999089241027832, energy_loss: 0.0
2026-08-25 17:22:16,063 INFO Best AUROC test all: 0.9788919864569683, AUPR test all: 0.9508991075955393, AUROC test unknown: 0.9760218290589834, AUPR test unknown: 0.9357520287524849
2026-08-25 17:22:26,538 INFO Epoch: 355, loss: -0.15722805261611938, labeled_loss: 0.0012500165030360222, unnlabeled_loss: 0.08277511596679688, mixup_loss: -1.9986562728881836, energy_loss: 0.0
2026-08-25 17:22:26,538 INFO Best AUROC test all: 0.9803641127138636, AUPR test all: 0.9547426008478316, AUROC test unknown: 0.9808621259263507, AUPR test unknown: 0.9512139335577781
2026-08-25 17:22:27,653 INFO Epoch: 359, loss: -0.15563887357711792, labeled_loss: 0.002037089318037033, unnlabeled_loss: 0.08447075635194778, mixup_loss: -1.9991133213043213, energy_loss: 0.0
2026-08-25 17:22:27,653 INFO Best AUROC test all: 0.9788919864569683, AUPR test all: 0.9508991075955393, AUROC test unknown: 0.9760218290589834, AUPR test unknown: 0.9357520287524849
2026-08-25 17:22:38,285 INFO Epoch: 356, loss: -0.16424652934074402, labeled_loss: 0.0019740185234695673, unnlabeled_loss: 0.06737152487039566, mixup_loss: -1.9990630149841309, energy_loss: 0.0
2026-08-25 17:22:38,286 INFO Best AUROC test all: 0.9803641127138636, AUPR test all: 0.9547426008478316, AUROC test unknown: 0.9808621259263507, AUPR test unknown: 0.9512139335577781
2026-08-25 17:22:39,216 INFO Epoch: 360, loss: -0.15221962332725525, labeled_loss: 0.001958609325811267, unnlabeled_loss: 0.09142856299877167, mixup_loss: -1.9989250898361206, energy_loss: 0.0
2026-08-25 17:22:39,216 INFO Best AUROC test all: 0.9788919864569683, AUPR test all: 0.9508991075955393, AUROC test unknown: 0.9760218290589834, AUPR test unknown: 0.9357520287524849
2026-08-25 17:22:50,057 INFO Epoch: 357, loss: -0.15405075252056122, labeled_loss: 0.0014913587365299463, unnlabeled_loss: 0.08874203264713287, mixup_loss: -1.9991313219070435, energy_loss: 0.0
2026-08-25 17:22:50,058 INFO Best AUROC test all: 0.9803641127138636, AUPR test all: 0.9547426008478316, AUROC test unknown: 0.9808621259263507, AUPR test unknown: 0.9512139335577781
2026-08-25 17:22:50,829 INFO Epoch: 361, loss: -0.17054815590381622, labeled_loss: 0.0036041138228029013, unnlabeled_loss: 0.0515422560274601, mixup_loss: -1.9992339611053467, energy_loss: 0.0
2026-08-25 17:22:50,829 INFO Best AUROC test all: 0.9788919864569683, AUPR test all: 0.9508991075955393, AUROC test unknown: 0.9760218290589834, AUPR test unknown: 0.9357520287524849
2026-08-25 17:23:01,680 INFO Epoch: 358, loss: -0.16120323538780212, labeled_loss: 0.0016065003583207726, unnlabeled_loss: 0.07417244464159012, mixup_loss: -1.9989595413208008, energy_loss: 0.0
2026-08-25 17:23:01,680 INFO Best AUROC test all: 0.9803641127138636, AUPR test all: 0.9547426008478316, AUROC test unknown: 0.9808621259263507, AUPR test unknown: 0.9512139335577781
2026-08-25 17:23:02,438 INFO Epoch: 362, loss: -0.17993628978729248, labeled_loss: 0.0016977869672700763, unnlabeled_loss: 0.03658114746212959, mixup_loss: -1.9992464780807495, energy_loss: 0.0
2026-08-25 17:23:02,438 INFO Best AUROC test all: 0.9788919864569683, AUPR test all: 0.9508991075955393, AUROC test unknown: 0.9760218290589834, AUPR test unknown: 0.9357520287524849
2026-08-25 17:23:13,310 INFO Epoch: 359, loss: -0.1501975804567337, labeled_loss: 0.0014103639405220747, unnlabeled_loss: 0.09657540172338486, mixup_loss: -1.9989564418792725, energy_loss: 0.0
2026-08-25 17:23:13,310 INFO Best AUROC test all: 0.9803641127138636, AUPR test all: 0.9547426008478316, AUROC test unknown: 0.9808621259263507, AUPR test unknown: 0.9512139335577781
2026-08-25 17:23:14,048 INFO Epoch: 363, loss: -0.17161428928375244, labeled_loss: 0.0007939512142911553, unnlabeled_loss: 0.05497816577553749, mixup_loss: -1.9989731311798096, energy_loss: 0.0
2026-08-25 17:23:14,048 INFO Best AUROC test all: 0.9788919864569683, AUPR test all: 0.9508991075955393, AUROC test unknown: 0.9760218290589834, AUPR test unknown: 0.9357520287524849
2026-08-25 17:23:24,977 INFO Epoch: 360, loss: -0.154098242521286, labeled_loss: 0.0015384802827611566, unnlabeled_loss: 0.08849146217107773, mixup_loss: -1.9988244771957397, energy_loss: 0.0
2026-08-25 17:23:24,977 INFO Best AUROC test all: 0.9803641127138636, AUPR test all: 0.9547426008478316, AUROC test unknown: 0.9808621259263507, AUPR test unknown: 0.9512139335577781
2026-08-25 17:23:25,663 INFO Epoch: 364, loss: -0.16576197743415833, labeled_loss: 0.000666390173137188, unnlabeled_loss: 0.06690856069326401, mixup_loss: -1.998826503753662, energy_loss: 0.0
2026-08-25 17:23:25,663 INFO Best AUROC test all: 0.9788919864569683, AUPR test all: 0.9508991075955393, AUROC test unknown: 0.9760218290589834, AUPR test unknown: 0.9357520287524849
2026-08-25 17:23:36,703 INFO Epoch: 361, loss: -0.16428092122077942, labeled_loss: 0.006462999619543552, unnlabeled_loss: 0.058334965258836746, mixup_loss: -1.9991140365600586, energy_loss: 0.0
2026-08-25 17:23:36,703 INFO Best AUROC test all: 0.9803641127138636, AUPR test all: 0.9547426008478316, AUROC test unknown: 0.9808621259263507, AUPR test unknown: 0.9512139335577781
2026-08-25 17:23:37,317 INFO Epoch: 365, loss: -0.17604172229766846, labeled_loss: 0.0007038384792394936, unnlabeled_loss: 0.046325717121362686, mixup_loss: -1.999084234237671, energy_loss: 0.0
2026-08-25 17:23:37,317 INFO Best AUROC test all: 0.9788919864569683, AUPR test all: 0.9508991075955393, AUROC test unknown: 0.9760218290589834, AUPR test unknown: 0.9357520287524849
2026-08-25 17:23:48,462 INFO Epoch: 362, loss: -0.17724758386611938, labeled_loss: 0.00351533479988575, unnlabeled_loss: 0.03829851746559143, mixup_loss: -1.9991216659545898, energy_loss: 0.0
2026-08-25 17:23:48,462 INFO Best AUROC test all: 0.9803641127138636, AUPR test all: 0.9547426008478316, AUROC test unknown: 0.9808621259263507, AUPR test unknown: 0.9512139335577781
2026-08-25 17:23:48,951 INFO Epoch: 366, loss: -0.15159010887145996, labeled_loss: 0.0004648166068363935, unnlabeled_loss: 0.09562041610479355, mixup_loss: -1.9986512660980225, energy_loss: 0.0
2026-08-25 17:23:48,951 INFO Best AUROC test all: 0.9788919864569683, AUPR test all: 0.9508991075955393, AUROC test unknown: 0.9760218290589834, AUPR test unknown: 0.9357520287524849
2026-08-25 17:24:00,267 INFO Epoch: 363, loss: -0.16940109431743622, labeled_loss: 0.001141851651482284, unnlabeled_loss: 0.058725226670503616, mixup_loss: -1.9990556240081787, energy_loss: 0.0
2026-08-25 17:24:00,267 INFO Best AUROC test all: 0.9803641127138636, AUPR test all: 0.9547426008478316, AUROC test unknown: 0.9808621259263507, AUPR test unknown: 0.9512139335577781
2026-08-25 17:24:00,618 INFO Epoch: 367, loss: -0.16894596815109253, labeled_loss: 0.0005094283260405064, unnlabeled_loss: 0.060849204659461975, mixup_loss: -1.9988000392913818, energy_loss: 0.0
2026-08-25 17:24:00,618 INFO Best AUROC test all: 0.9788919864569683, AUPR test all: 0.9508991075955393, AUROC test unknown: 0.9760218290589834, AUPR test unknown: 0.9357520287524849
2026-08-25 17:24:12,093 INFO Epoch: 364, loss: -0.16327984631061554, labeled_loss: 0.0008172561647370458, unnlabeled_loss: 0.07160606235265732, mixup_loss: -1.9990012645721436, energy_loss: 0.0
2026-08-25 17:24:12,093 INFO Best AUROC test all: 0.9803641127138636, AUPR test all: 0.9547426008478316, AUROC test unknown: 0.9808621259263507, AUPR test unknown: 0.9512139335577781
2026-08-25 17:24:12,324 INFO Epoch: 368, loss: -0.17463819682598114, labeled_loss: 0.0012512451503425837, unnlabeled_loss: 0.047983318567276, mixup_loss: -1.9988110065460205, energy_loss: 0.0
2026-08-25 17:24:12,324 INFO Best AUROC test all: 0.9788919864569683, AUPR test all: 0.9508991075955393, AUROC test unknown: 0.9760218290589834, AUPR test unknown: 0.9357520287524849
2026-08-25 17:24:23,703 INFO Epoch: 365, loss: -0.1659827083349228, labeled_loss: 0.001004677964374423, unnlabeled_loss: 0.06585738062858582, mixup_loss: -1.9991607666015625, energy_loss: 0.0
2026-08-25 17:24:23,703 INFO Best AUROC test all: 0.9803641127138636, AUPR test all: 0.9547426008478316, AUROC test unknown: 0.9808621259263507, AUPR test unknown: 0.9512139335577781
2026-08-25 17:24:23,913 INFO Epoch: 369, loss: -0.17258073389530182, labeled_loss: 0.0023220714647322893, unnlabeled_loss: 0.05004478245973587, mixup_loss: -1.9992519617080688, energy_loss: 0.0
2026-08-25 17:24:23,914 INFO Best AUROC test all: 0.9788919864569683, AUPR test all: 0.9508991075955393, AUROC test unknown: 0.9760218290589834, AUPR test unknown: 0.9357520287524849
2026-08-25 17:24:35,598 INFO Epoch: 366, loss: -0.15487557649612427, labeled_loss: 0.0017520779510959983, unnlabeled_loss: 0.08654604107141495, mixup_loss: -1.9990066289901733, energy_loss: 0.0
2026-08-25 17:24:35,599 INFO Best AUROC test all: 0.9803641127138636, AUPR test all: 0.9547426008478316, AUROC test unknown: 0.9808621259263507, AUPR test unknown: 0.9512139335577781
2026-08-25 17:24:35,610 INFO Epoch: 370, loss: -0.15759563446044922, labeled_loss: 0.0030426993034780025, unnlabeled_loss: 0.07856392860412598, mixup_loss: -1.9992029666900635, energy_loss: 0.0
2026-08-25 17:24:35,610 INFO Best AUROC test all: 0.9788919864569683, AUPR test all: 0.9508991075955393, AUROC test unknown: 0.9760218290589834, AUPR test unknown: 0.9357520287524849
2026-08-25 17:24:47,199 INFO Epoch: 371, loss: -0.16832540929317474, labeled_loss: 0.0019171496387571096, unnlabeled_loss: 0.05930696800351143, mixup_loss: -1.9989603757858276, energy_loss: 0.0
2026-08-25 17:24:47,199 INFO Best AUROC test all: 0.9788919864569683, AUPR test all: 0.9508991075955393, AUROC test unknown: 0.9760218290589834, AUPR test unknown: 0.9357520287524849
2026-08-25 17:24:47,200 INFO Epoch: 367, loss: -0.16658809781074524, labeled_loss: 0.002672786358743906, unnlabeled_loss: 0.06128191202878952, mixup_loss: -1.9990183115005493, energy_loss: 0.0
2026-08-25 17:24:47,200 INFO Best AUROC test all: 0.9803641127138636, AUPR test all: 0.9547426008478316, AUROC test unknown: 0.9808621259263507, AUPR test unknown: 0.9512139335577781
2026-08-25 17:24:58,791 INFO Epoch: 372, loss: -0.156140998005867, labeled_loss: 0.0009856513934209943, unnlabeled_loss: 0.08556091785430908, mixup_loss: -1.9990711212158203, energy_loss: 0.0
2026-08-25 17:24:58,792 INFO Best AUROC test all: 0.9788919864569683, AUPR test all: 0.9508991075955393, AUROC test unknown: 0.9760218290589834, AUPR test unknown: 0.9357520287524849
2026-08-25 17:24:58,878 INFO Epoch: 368, loss: -0.17517772316932678, labeled_loss: 0.001317391055636108, unnlabeled_loss: 0.046772364526987076, mixup_loss: -1.9988130331039429, energy_loss: 0.0
2026-08-25 17:24:58,878 INFO Best AUROC test all: 0.9803641127138636, AUPR test all: 0.9547426008478316, AUROC test unknown: 0.9808621259263507, AUPR test unknown: 0.9512139335577781
2026-08-25 17:25:10,396 INFO Epoch: 373, loss: -0.15905100107192993, labeled_loss: 0.0005792052834294736, unnlabeled_loss: 0.08054178953170776, mixup_loss: -1.9990110397338867, energy_loss: 0.0
2026-08-25 17:25:10,396 INFO Best AUROC test all: 0.9788919864569683, AUPR test all: 0.9508991075955393, AUROC test unknown: 0.9760218290589834, AUPR test unknown: 0.9357520287524849
2026-08-25 17:25:10,739 INFO Epoch: 369, loss: -0.1676100343465805, labeled_loss: 0.003025391837581992, unnlabeled_loss: 0.058490682393312454, mixup_loss: -1.998807668685913, energy_loss: 0.0
2026-08-25 17:25:10,739 INFO Best AUROC test all: 0.9803641127138636, AUPR test all: 0.9547426008478316, AUROC test unknown: 0.9808621259263507, AUPR test unknown: 0.9512139335577781
2026-08-25 17:25:21,966 INFO Epoch: 374, loss: -0.1608511507511139, labeled_loss: 0.0008573390077799559, unnlabeled_loss: 0.07644064724445343, mixup_loss: -1.9992879629135132, energy_loss: 0.0
2026-08-25 17:25:21,966 INFO Best AUROC test all: 0.9788919864569683, AUPR test all: 0.9508991075955393, AUROC test unknown: 0.9760218290589834, AUPR test unknown: 0.9357520287524849
2026-08-25 17:25:22,584 INFO Epoch: 370, loss: -0.15456655621528625, labeled_loss: 0.004621678497642279, unnlabeled_loss: 0.08142857253551483, mixup_loss: -1.9990252256393433, energy_loss: 0.0
2026-08-25 17:25:22,584 INFO Best AUROC test all: 0.9803641127138636, AUPR test all: 0.9547426008478316, AUROC test unknown: 0.9808621259263507, AUPR test unknown: 0.9512139335577781
2026-08-25 17:25:33,562 INFO Epoch: 375, loss: -0.15597966313362122, labeled_loss: 0.000610485440120101, unnlabeled_loss: 0.08660822361707687, mixup_loss: -1.9989426136016846, energy_loss: 0.0
2026-08-25 17:25:33,562 INFO Best AUROC test all: 0.9788919864569683, AUPR test all: 0.9508991075955393, AUROC test unknown: 0.9760218290589834, AUPR test unknown: 0.9357520287524849
2026-08-25 17:25:34,309 INFO Epoch: 371, loss: -0.17380595207214355, labeled_loss: 0.0012762538390234113, unnlabeled_loss: 0.04962467402219772, mixup_loss: -1.9989454746246338, energy_loss: 0.0
2026-08-25 17:25:34,310 INFO Best AUROC test all: 0.9803641127138636, AUPR test all: 0.9547426008478316, AUROC test unknown: 0.9808621259263507, AUPR test unknown: 0.9512139335577781
2026-08-25 17:25:45,144 INFO Epoch: 376, loss: -0.15664279460906982, labeled_loss: 0.0015445294557139277, unnlabeled_loss: 0.0834553986787796, mixup_loss: -1.9991501569747925, energy_loss: 0.0
2026-08-25 17:25:45,144 INFO Best AUROC test all: 0.9788919864569683, AUPR test all: 0.9508991075955393, AUROC test unknown: 0.9760218290589834, AUPR test unknown: 0.9357520287524849
2026-08-25 17:25:46,093 INFO Epoch: 372, loss: -0.15425965189933777, labeled_loss: 0.0010115050245076418, unnlabeled_loss: 0.08924481272697449, mixup_loss: -1.998935580253601, energy_loss: 0.0
2026-08-25 17:25:46,094 INFO Best AUROC test all: 0.9803641127138636, AUPR test all: 0.9547426008478316, AUROC test unknown: 0.9808621259263507, AUPR test unknown: 0.9512139335577781
2026-08-25 17:25:56,754 INFO Epoch: 377, loss: -0.16138219833374023, labeled_loss: 0.0015051286900416017, unnlabeled_loss: 0.0740523487329483, mixup_loss: -1.9991350173950195, energy_loss: 0.0
2026-08-25 17:25:56,754 INFO Best AUROC test all: 0.9788919864569683, AUPR test all: 0.9508991075955393, AUROC test unknown: 0.9760218290589834, AUPR test unknown: 0.9357520287524849
2026-08-25 17:25:57,911 INFO Epoch: 373, loss: -0.15880319476127625, labeled_loss: 0.002186370315030217, unnlabeled_loss: 0.07766449451446533, mixup_loss: -1.9982181787490845, energy_loss: 0.0
2026-08-25 17:25:57,911 INFO Best AUROC test all: 0.9803641127138636, AUPR test all: 0.9547426008478316, AUROC test unknown: 0.9808621259263507, AUPR test unknown: 0.9512139335577781
2026-08-25 17:26:08,341 INFO Epoch: 378, loss: -0.15991821885108948, labeled_loss: 0.0017944460269063711, unnlabeled_loss: 0.07641790807247162, mixup_loss: -1.9992161989212036, energy_loss: 0.0
2026-08-25 17:26:08,341 INFO Best AUROC test all: 0.9788919864569683, AUPR test all: 0.9508991075955393, AUROC test unknown: 0.9760218290589834, AUPR test unknown: 0.9357520287524849
2026-08-25 17:26:09,614 INFO Epoch: 374, loss: -0.1587596833705902, labeled_loss: 0.000884736655279994, unnlabeled_loss: 0.08045362681150436, mixup_loss: -1.9987123012542725, energy_loss: 0.0
2026-08-25 17:26:09,614 INFO Best AUROC test all: 0.9803641127138636, AUPR test all: 0.9547426008478316, AUROC test unknown: 0.9808621259263507, AUPR test unknown: 0.9512139335577781
2026-08-25 17:26:19,932 INFO Epoch: 379, loss: -0.17337971925735474, labeled_loss: 0.0026289408560842276, unnlabeled_loss: 0.04783748462796211, mixup_loss: -1.9992740154266357, energy_loss: 0.0
2026-08-25 17:26:19,932 INFO Best AUROC test all: 0.9788919864569683, AUPR test all: 0.9508991075955393, AUROC test unknown: 0.9760218290589834, AUPR test unknown: 0.9357520287524849
2026-08-25 17:26:21,385 INFO Epoch: 375, loss: -0.16356869041919708, labeled_loss: 0.0011686389334499836, unnlabeled_loss: 0.070334792137146, mixup_loss: -1.9990471601486206, energy_loss: 0.0
2026-08-25 17:26:21,385 INFO Best AUROC test all: 0.9803641127138636, AUPR test all: 0.9547426008478316, AUROC test unknown: 0.9808621259263507, AUPR test unknown: 0.9512139335577781
2026-08-25 17:26:31,500 INFO Epoch: 380, loss: -0.16067436337471008, labeled_loss: 0.0011768153635784984, unnlabeled_loss: 0.07615374773740768, mixup_loss: -1.9992804527282715, energy_loss: 0.0
2026-08-25 17:26:31,500 INFO Best AUROC test all: 0.9788919864569683, AUPR test all: 0.9508991075955393, AUROC test unknown: 0.9760218290589834, AUPR test unknown: 0.9357520287524849
2026-08-25 17:26:33,048 INFO Epoch: 376, loss: -0.1595761626958847, labeled_loss: 0.0010866891825571656, unnlabeled_loss: 0.07828449457883835, mixup_loss: -1.9980509281158447, energy_loss: 0.0
2026-08-25 17:26:33,048 INFO Best AUROC test all: 0.9803641127138636, AUPR test all: 0.9547426008478316, AUROC test unknown: 0.9808621259263507, AUPR test unknown: 0.9512139335577781
2026-08-25 17:26:43,094 INFO Epoch: 381, loss: -0.15851670503616333, labeled_loss: 0.001175028388388455, unnlabeled_loss: 0.08039318770170212, mixup_loss: -1.9988831281661987, energy_loss: 0.0
2026-08-25 17:26:43,094 INFO Best AUROC test all: 0.9788919864569683, AUPR test all: 0.9508991075955393, AUROC test unknown: 0.9760218290589834, AUPR test unknown: 0.9357520287524849
2026-08-25 17:26:44,734 INFO Epoch: 377, loss: -0.15319368243217468, labeled_loss: 0.001578842056915164, unnlabeled_loss: 0.09029006958007812, mixup_loss: -1.9991755485534668, energy_loss: 0.0
2026-08-25 17:26:44,735 INFO Best AUROC test all: 0.9803641127138636, AUPR test all: 0.9547426008478316, AUROC test unknown: 0.9808621259263507, AUPR test unknown: 0.9512139335577781
2026-08-25 17:26:54,710 INFO Epoch: 382, loss: -0.15608270466327667, labeled_loss: 0.000547796837054193, unnlabeled_loss: 0.08656159788370132, mixup_loss: -1.9991129636764526, energy_loss: 0.0
2026-08-25 17:26:54,710 INFO Best AUROC test all: 0.9788919864569683, AUPR test all: 0.9508991075955393, AUROC test unknown: 0.9760218290589834, AUPR test unknown: 0.9357520287524849
2026-08-25 17:26:56,424 INFO Epoch: 378, loss: -0.16250957548618317, labeled_loss: 0.0022496460005640984, unnlabeled_loss: 0.07032795995473862, mixup_loss: -1.9992320537567139, energy_loss: 0.0
2026-08-25 17:26:56,424 INFO Best AUROC test all: 0.9803641127138636, AUPR test all: 0.9547426008478316, AUROC test unknown: 0.9808621259263507, AUPR test unknown: 0.9512139335577781
2026-08-25 17:27:06,328 INFO Epoch: 383, loss: -0.1645924597978592, labeled_loss: 0.0012788811000064015, unnlabeled_loss: 0.06805389374494553, mixup_loss: -1.9989827871322632, energy_loss: 0.0
2026-08-25 17:27:06,328 INFO Best AUROC test all: 0.9788919864569683, AUPR test all: 0.9508991075955393, AUROC test unknown: 0.9760218290589834, AUPR test unknown: 0.9357520287524849
2026-08-25 17:27:08,129 INFO Epoch: 379, loss: -0.16884075105190277, labeled_loss: 0.0021722333040088415, unnlabeled_loss: 0.05782949924468994, mixup_loss: -1.9992772340774536, energy_loss: 0.0
2026-08-25 17:27:08,129 INFO Best AUROC test all: 0.9803641127138636, AUPR test all: 0.9547426008478316, AUROC test unknown: 0.9808621259263507, AUPR test unknown: 0.9512139335577781
2026-08-25 17:27:17,927 INFO Epoch: 384, loss: -0.16621021926403046, labeled_loss: 0.0006777520757168531, unnlabeled_loss: 0.06598331779241562, mixup_loss: -1.9987963438034058, energy_loss: 0.0
2026-08-25 17:27:17,927 INFO Best AUROC test all: 0.9788919864569683, AUPR test all: 0.9508991075955393, AUROC test unknown: 0.9760218290589834, AUPR test unknown: 0.9357520287524849
2026-08-25 17:27:20,118 INFO Epoch: 380, loss: -0.15649524331092834, labeled_loss: 0.0028214266058057547, unnlabeled_loss: 0.08118326961994171, mixup_loss: -1.9990829229354858, energy_loss: 0.0
2026-08-25 17:27:20,118 INFO Best AUROC test all: 0.9803641127138636, AUPR test all: 0.9547426008478316, AUROC test unknown: 0.9808621259263507, AUPR test unknown: 0.9512139335577781
2026-08-25 17:27:29,503 INFO Epoch: 385, loss: -0.18285925686359406, labeled_loss: 0.0008998408447951078, unnlabeled_loss: 0.03220010921359062, mixup_loss: -1.9985915422439575, energy_loss: 0.0
2026-08-25 17:27:29,503 INFO Best AUROC test all: 0.9788919864569683, AUPR test all: 0.9508991075955393, AUROC test unknown: 0.9760218290589834, AUPR test unknown: 0.9357520287524849
2026-08-25 17:27:31,848 INFO Epoch: 381, loss: -0.14851665496826172, labeled_loss: 0.0035711994860321283, unnlabeled_loss: 0.09562594443559647, mixup_loss: -1.9990081787109375, energy_loss: 0.0
2026-08-25 17:27:31,848 INFO Best AUROC test all: 0.9803641127138636, AUPR test all: 0.9547426008478316, AUROC test unknown: 0.9808621259263507, AUPR test unknown: 0.9512139335577781
2026-08-25 17:27:41,086 INFO Epoch: 386, loss: -0.15785729885101318, labeled_loss: 0.0012738392688333988, unnlabeled_loss: 0.08158387243747711, mixup_loss: -1.9992306232452393, energy_loss: 0.0
2026-08-25 17:27:41,086 INFO Best AUROC test all: 0.9788919864569683, AUPR test all: 0.9508991075955393, AUROC test unknown: 0.9760218290589834, AUPR test unknown: 0.9357520287524849
2026-08-25 17:27:43,469 INFO Epoch: 382, loss: -0.1511962115764618, labeled_loss: 0.001739583327434957, unnlabeled_loss: 0.09397674351930618, mixup_loss: -1.9992417097091675, energy_loss: 0.0
2026-08-25 17:27:43,469 INFO Best AUROC test all: 0.9803641127138636, AUPR test all: 0.9547426008478316, AUROC test unknown: 0.9808621259263507, AUPR test unknown: 0.9512139335577781
2026-08-25 17:27:52,679 INFO Epoch: 387, loss: -0.166512131690979, labeled_loss: 0.0018019182607531548, unnlabeled_loss: 0.06320683658123016, mixup_loss: -1.9991745948791504, energy_loss: 0.0
2026-08-25 17:27:52,679 INFO Best AUROC test all: 0.9788919864569683, AUPR test all: 0.9508991075955393, AUROC test unknown: 0.9760218290589834, AUPR test unknown: 0.9357520287524849
2026-08-25 17:27:55,245 INFO Epoch: 383, loss: -0.15750813484191895, labeled_loss: 0.001422882778570056, unnlabeled_loss: 0.08168084174394608, mixup_loss: -1.9977142810821533, energy_loss: 0.0
2026-08-25 17:27:55,245 INFO Best AUROC test all: 0.9803641127138636, AUPR test all: 0.9547426008478316, AUROC test unknown: 0.9808621259263507, AUPR test unknown: 0.9512139335577781
2026-08-25 17:28:04,267 INFO Epoch: 388, loss: -0.17168274521827698, labeled_loss: 0.003976810723543167, unnlabeled_loss: 0.048478662967681885, mixup_loss: -1.9989888668060303, energy_loss: 0.0
2026-08-25 17:28:04,267 INFO Best AUROC test all: 0.9788919864569683, AUPR test all: 0.9508991075955393, AUROC test unknown: 0.9760218290589834, AUPR test unknown: 0.9357520287524849
2026-08-25 17:28:06,934 INFO Epoch: 384, loss: -0.1595686823129654, labeled_loss: 0.0012832402717322111, unnlabeled_loss: 0.07809029519557953, mixup_loss: -1.998970627784729, energy_loss: 0.0
2026-08-25 17:28:06,934 INFO Best AUROC test all: 0.9803641127138636, AUPR test all: 0.9547426008478316, AUROC test unknown: 0.9808621259263507, AUPR test unknown: 0.9512139335577781
2026-08-25 17:28:15,885 INFO Epoch: 389, loss: -0.1566552221775055, labeled_loss: 0.002097145887091756, unnlabeled_loss: 0.08226137608289719, mixup_loss: -1.9988305568695068, energy_loss: 0.0
2026-08-25 17:28:15,885 INFO Best AUROC test all: 0.9788919864569683, AUPR test all: 0.9508991075955393, AUROC test unknown: 0.9760218290589834, AUPR test unknown: 0.9357520287524849
2026-08-25 17:28:18,703 INFO Epoch: 385, loss: -0.1813511997461319, labeled_loss: 0.0020706504583358765, unnlabeled_loss: 0.03275514766573906, mixup_loss: -1.9979941844940186, energy_loss: 0.0
2026-08-25 17:28:18,703 INFO Best AUROC test all: 0.9803641127138636, AUPR test all: 0.9547426008478316, AUROC test unknown: 0.9808621259263507, AUPR test unknown: 0.9512139335577781
2026-08-25 17:28:27,474 INFO Epoch: 390, loss: -0.1710461974143982, labeled_loss: 0.0015038863057270646, unnlabeled_loss: 0.05470786616206169, mixup_loss: -1.9990400075912476, energy_loss: 0.0
2026-08-25 17:28:27,475 INFO Best AUROC test all: 0.9788919864569683, AUPR test all: 0.9508991075955393, AUROC test unknown: 0.9760218290589834, AUPR test unknown: 0.9357520287524849
2026-08-25 17:28:30,413 INFO Epoch: 386, loss: -0.1600027084350586, labeled_loss: 0.0023437566123902798, unnlabeled_loss: 0.0751800462603569, mixup_loss: -1.999364972114563, energy_loss: 0.0
2026-08-25 17:28:30,413 INFO Best AUROC test all: 0.9803641127138636, AUPR test all: 0.9547426008478316, AUROC test unknown: 0.9808621259263507, AUPR test unknown: 0.9512139335577781
2026-08-25 17:28:39,062 INFO Epoch: 391, loss: -0.15741834044456482, labeled_loss: 0.0008798073977231979, unnlabeled_loss: 0.08321632444858551, mixup_loss: -1.9990631341934204, energy_loss: 0.0
2026-08-25 17:28:39,062 INFO Best AUROC test all: 0.9788919864569683, AUPR test all: 0.9508991075955393, AUROC test unknown: 0.9760218290589834, AUPR test unknown: 0.9357520287524849
2026-08-25 17:28:42,215 INFO Epoch: 387, loss: -0.1647428274154663, labeled_loss: 0.002607396338135004, unnlabeled_loss: 0.06513282656669617, mixup_loss: -1.9991663694381714, energy_loss: 0.0
2026-08-25 17:28:42,215 INFO Best AUROC test all: 0.9803641127138636, AUPR test all: 0.9547426008478316, AUROC test unknown: 0.9808621259263507, AUPR test unknown: 0.9512139335577781
2026-08-25 17:28:50,655 INFO Epoch: 392, loss: -0.15641623735427856, labeled_loss: 0.0006032936507835984, unnlabeled_loss: 0.08575820922851562, mixup_loss: -1.9989862442016602, energy_loss: 0.0
2026-08-25 17:28:50,655 INFO Best AUROC test all: 0.9788919864569683, AUPR test all: 0.9508991075955393, AUROC test unknown: 0.9760218290589834, AUPR test unknown: 0.9357520287524849
2026-08-25 17:28:53,800 INFO Epoch: 388, loss: -0.17354503273963928, labeled_loss: 0.0016836348222568631, unnlabeled_loss: 0.04930516332387924, mixup_loss: -1.9988125562667847, energy_loss: 0.0
2026-08-25 17:28:53,800 INFO Best AUROC test all: 0.9803641127138636, AUPR test all: 0.9547426008478316, AUROC test unknown: 0.9808621259263507, AUPR test unknown: 0.9512139335577781
2026-08-25 17:29:02,229 INFO Epoch: 393, loss: -0.17981764674186707, labeled_loss: 0.0010413875570520759, unnlabeled_loss: 0.03810988366603851, mixup_loss: -1.9991397857666016, energy_loss: 0.0
2026-08-25 17:29:02,229 INFO Best AUROC test all: 0.9788919864569683, AUPR test all: 0.9508991075955393, AUROC test unknown: 0.9760218290589834, AUPR test unknown: 0.9357520287524849
2026-08-25 17:29:05,649 INFO Epoch: 389, loss: -0.15834155678749084, labeled_loss: 0.0014861521776765585, unnlabeled_loss: 0.08014866709709167, mixup_loss: -1.9990204572677612, energy_loss: 0.0
2026-08-25 17:29:05,649 INFO Best AUROC test all: 0.9803641127138636, AUPR test all: 0.9547426008478316, AUROC test unknown: 0.9808621259263507, AUPR test unknown: 0.9512139335577781
2026-08-25 17:29:13,815 INFO Epoch: 394, loss: -0.15923026204109192, labeled_loss: 0.000860129832290113, unnlabeled_loss: 0.07964888960123062, mixup_loss: -1.9991482496261597, energy_loss: 0.0
2026-08-25 17:29:13,815 INFO Best AUROC test all: 0.9788919864569683, AUPR test all: 0.9508991075955393, AUROC test unknown: 0.9760218290589834, AUPR test unknown: 0.9357520287524849
2026-08-25 17:29:17,461 INFO Epoch: 390, loss: -0.16701984405517578, labeled_loss: 0.0009145919466391206, unnlabeled_loss: 0.06381437927484512, mixup_loss: -1.9984161853790283, energy_loss: 0.0
2026-08-25 17:29:17,461 INFO Best AUROC test all: 0.9803641127138636, AUPR test all: 0.9547426008478316, AUROC test unknown: 0.9808621259263507, AUPR test unknown: 0.9512139335577781
2026-08-25 17:29:25,498 INFO Epoch: 395, loss: -0.1701454371213913, labeled_loss: 0.0010224975412711501, unnlabeled_loss: 0.057507410645484924, mixup_loss: -1.9992163181304932, energy_loss: 0.0
2026-08-25 17:29:25,499 INFO Best AUROC test all: 0.9788919864569683, AUPR test all: 0.9508991075955393, AUROC test unknown: 0.9760218290589834, AUPR test unknown: 0.9357520287524849
2026-08-25 17:29:29,203 INFO Epoch: 391, loss: -0.14724081754684448, labeled_loss: 0.000771481019910425, unnlabeled_loss: 0.10367269068956375, mixup_loss: -1.9984862804412842, energy_loss: 0.0
2026-08-25 17:29:29,203 INFO Best AUROC test all: 0.9803641127138636, AUPR test all: 0.9547426008478316, AUROC test unknown: 0.9808621259263507, AUPR test unknown: 0.9512139335577781
2026-08-25 17:29:37,141 INFO Epoch: 396, loss: -0.15715250372886658, labeled_loss: 0.002466259291395545, unnlabeled_loss: 0.08059589564800262, mixup_loss: -1.9991669654846191, energy_loss: 0.0
2026-08-25 17:29:37,141 INFO Best AUROC test all: 0.9788919864569683, AUPR test all: 0.9508991075955393, AUROC test unknown: 0.9760218290589834, AUPR test unknown: 0.9357520287524849
2026-08-25 17:29:40,940 INFO Epoch: 392, loss: -0.15987622737884521, labeled_loss: 0.0008099624537862837, unnlabeled_loss: 0.07843708246946335, mixup_loss: -1.9990473985671997, energy_loss: 0.0
2026-08-25 17:29:40,940 INFO Best AUROC test all: 0.9803641127138636, AUPR test all: 0.9547426008478316, AUROC test unknown: 0.9808621259263507, AUPR test unknown: 0.9512139335577781
2026-08-25 17:29:48,834 INFO Epoch: 397, loss: -0.16015443205833435, labeled_loss: 0.002005187561735511, unnlabeled_loss: 0.0754733607172966, mixup_loss: -1.9989629983901978, energy_loss: 0.0
2026-08-25 17:29:48,834 INFO Best AUROC test all: 0.9788919864569683, AUPR test all: 0.9508991075955393, AUROC test unknown: 0.9760218290589834, AUPR test unknown: 0.9357520287524849
2026-08-25 17:29:52,658 INFO Epoch: 393, loss: -0.1810305416584015, labeled_loss: 0.0018915499094873667, unnlabeled_loss: 0.03397270292043686, mixup_loss: -1.9990843534469604, energy_loss: 0.0
2026-08-25 17:29:52,658 INFO Best AUROC test all: 0.9803641127138636, AUPR test all: 0.9547426008478316, AUROC test unknown: 0.9808621259263507, AUPR test unknown: 0.9512139335577781
2026-08-25 17:30:00,427 INFO Epoch: 398, loss: -0.1568632274866104, labeled_loss: 0.0010058938059955835, unnlabeled_loss: 0.08410053700208664, mixup_loss: -1.9991939067840576, energy_loss: 0.0
2026-08-25 17:30:00,427 INFO Best AUROC test all: 0.9788919864569683, AUPR test all: 0.9508991075955393, AUROC test unknown: 0.9760218290589834, AUPR test unknown: 0.9357520287524849
2026-08-25 17:30:04,277 INFO Epoch: 394, loss: -0.16070982813835144, labeled_loss: 0.0010694165248423815, unnlabeled_loss: 0.07625807076692581, mixup_loss: -1.9990826845169067, energy_loss: 0.0
2026-08-25 17:30:04,278 INFO Best AUROC test all: 0.9803641127138636, AUPR test all: 0.9547426008478316, AUROC test unknown: 0.9808621259263507, AUPR test unknown: 0.9512139335577781
2026-08-25 17:30:11,997 INFO Epoch: 399, loss: -0.17766278982162476, labeled_loss: 0.0009533428237773478, unnlabeled_loss: 0.042589738965034485, mixup_loss: -1.9991099834442139, energy_loss: 0.0
2026-08-25 17:30:11,997 INFO Best AUROC test all: 0.9788919864569683, AUPR test all: 0.9508991075955393, AUROC test unknown: 0.9760218290589834, AUPR test unknown: 0.9357520287524849
2026-08-25 17:30:15,969 INFO Epoch: 395, loss: -0.17335480451583862, labeled_loss: 0.0012144633801653981, unnlabeled_loss: 0.05067797005176544, mixup_loss: -1.9990825653076172, energy_loss: 0.0
2026-08-25 17:30:15,969 INFO Best AUROC test all: 0.9803641127138636, AUPR test all: 0.9547426008478316, AUROC test unknown: 0.9808621259263507, AUPR test unknown: 0.9512139335577781
2026-08-25 17:30:27,646 INFO Epoch: 396, loss: -0.14766258001327515, labeled_loss: 0.0012242428492754698, unnlabeled_loss: 0.10204210877418518, mixup_loss: -1.999078631401062, energy_loss: 0.0
2026-08-25 17:30:27,646 INFO Best AUROC test all: 0.9803641127138636, AUPR test all: 0.9547426008478316, AUROC test unknown: 0.9808621259263507, AUPR test unknown: 0.9512139335577781
2026-08-25 17:30:39,264 INFO Epoch: 397, loss: -0.1573699414730072, labeled_loss: 0.0020289078820496798, unnlabeled_loss: 0.08102783560752869, mixup_loss: -1.999127745628357, energy_loss: 0.0
2026-08-25 17:30:39,264 INFO Best AUROC test all: 0.9803641127138636, AUPR test all: 0.9547426008478316, AUROC test unknown: 0.9808621259263507, AUPR test unknown: 0.9512139335577781
2026-08-25 17:30:50,923 INFO Epoch: 398, loss: -0.1664324402809143, labeled_loss: 0.001361027010716498, unnlabeled_loss: 0.06419830769300461, mixup_loss: -1.9989262819290161, energy_loss: 0.0
2026-08-25 17:30:50,923 INFO Best AUROC test all: 0.9803641127138636, AUPR test all: 0.9547426008478316, AUROC test unknown: 0.9808621259263507, AUPR test unknown: 0.9512139335577781
2026-08-25 17:31:02,589 INFO Epoch: 399, loss: -0.17845429480075836, labeled_loss: 0.001638751826249063, unnlabeled_loss: 0.03962177038192749, mixup_loss: -1.9990392923355103, energy_loss: 0.0
2026-08-25 17:31:02,589 INFO Best AUROC test all: 0.9803641127138636, AUPR test all: 0.9547426008478316, AUROC test unknown: 0.9808621259263507, AUPR test unknown: 0.9512139335577781
