2026-08-26 01:19:45,421 INFO cli={'dataset': 'cs', 'method': 'demo', 'seed': 1, 'train_seed': None, 'epochs': None, 'set': ['num_epochs=400', 'mixup=true', 'energy_loss=false'], 'tag': 'E400_demo', 'rotations': [9]}
2026-08-26 01:19:45,421 INFO config={'alpha_plus': 0.05, 'alpha_r': 0.1, 'atlas_gate_q': 0.9, 'batch_size': 512, 'hidden_dim': 64, 'lambda_halo': 0.2, 'lambda_mixup': 0.2, 'lambda_un': 1.0, 'lr': 0.001, 'margin': 0.1, 'n_layers': 2, 'optimiser': 'adam', 'sampling_sizes': [25, 10], 'tau_minus': 0.05, 'tau_mu': 0.05, 'tau_plus': 0.95, 'use_atlas_gate': True, 'use_conformal': True, 'use_pl': True, 'version': 4, 'weight_decay': 0.0001, 'loss': 'bce', 'num_epochs': 400, 'ebd_dim': 64, 'drop_out': 0.5, 'gamma': 0.1, 'damping': 0.001, 'p_cutoff': [0.05, 0.95], 'unlabeled_loss': 0.5, 'mixup_loss': 0.1, 'energy_loss_weight': 0.1, 'used_unlabeled_data': True, 'energy_loss': False, 'mixup': True, 'thresh_warmup': True, 'used_augment_for_anormaly': True, 'batch_size_for_anormaly': 20, 'sample_size_for_anormaly': 25, 'div_loss_alpha': 0.5, 'mixup_loss_type': 'consistency', 'device': 0, 'input_dim': 6805, 'eval_batch_mult': 1}
2026-08-26 01:19:58,938 INFO Epoch: 0, loss: 0.5278322696685791, labeled_loss: 0.6133939027786255, unnlabeled_loss: 0.0, mixup_loss: -0.8556162118911743, energy_loss: 0.0
2026-08-26 01:19:58,938 INFO Best AUROC test all: 0.7324719528523665, AUPR test all: 0.4272934014993581, AUROC test unknown: 0.7304878652349999, AUPR test unknown: 0.41360872706526003
2026-08-26 01:20:10,425 INFO Epoch: 1, loss: 0.38123083114624023, labeled_loss: 0.48473504185676575, unnlabeled_loss: 0.0, mixup_loss: -1.0350421667099, energy_loss: 0.0
2026-08-26 01:20:10,425 INFO Best AUROC test all: 0.7324719528523665, AUPR test all: 0.4272934014993581, AUROC test unknown: 0.7304878652349999, AUPR test unknown: 0.41360872706526003
2026-08-26 01:20:22,175 INFO Epoch: 2, loss: 0.27226492762565613, labeled_loss: 0.3930136263370514, unnlabeled_loss: 0.0, mixup_loss: -1.2074869871139526, energy_loss: 0.0
2026-08-26 01:20:22,175 INFO Best AUROC test all: 0.7324719528523665, AUPR test all: 0.4272934014993581, AUROC test unknown: 0.7304878652349999, AUPR test unknown: 0.41360872706526003
2026-08-26 01:20:33,862 INFO Epoch: 3, loss: 0.1901196986436844, labeled_loss: 0.3269467353820801, unnlabeled_loss: 0.0, mixup_loss: -1.3682702779769897, energy_loss: 0.0
2026-08-26 01:20:33,863 INFO Best AUROC test all: 0.7324719528523665, AUPR test all: 0.4272934014993581, AUROC test unknown: 0.7304878652349999, AUPR test unknown: 0.41360872706526003
2026-08-26 01:20:45,749 INFO Epoch: 4, loss: 0.11759747564792633, labeled_loss: 0.26854926347732544, unnlabeled_loss: 0.0, mixup_loss: -1.509517788887024, energy_loss: 0.0
2026-08-26 01:20:45,749 INFO Best AUROC test all: 0.7324719528523665, AUPR test all: 0.4272934014993581, AUROC test unknown: 0.7304878652349999, AUPR test unknown: 0.41360872706526003
2026-08-26 01:20:57,504 INFO Epoch: 5, loss: 0.05848349630832672, labeled_loss: 0.22181668877601624, unnlabeled_loss: 0.0, mixup_loss: -1.6333318948745728, energy_loss: 0.0
2026-08-26 01:20:57,504 INFO Best AUROC test all: 0.7324719528523665, AUPR test all: 0.43173727790116534, AUROC test unknown: 0.7304878652349999, AUPR test unknown: 0.41943618462693477
2026-08-26 01:21:09,152 INFO Epoch: 6, loss: 0.04709447920322418, labeled_loss: 0.19456638395786285, unnlabeled_loss: 0.05118938162922859, mixup_loss: -1.7306660413742065, energy_loss: 0.0
2026-08-26 01:21:09,152 INFO Best AUROC test all: 0.7324719528523665, AUPR test all: 0.43173727790116534, AUROC test unknown: 0.7304878652349999, AUPR test unknown: 0.41943618462693477
2026-08-26 01:21:20,824 INFO Epoch: 7, loss: 0.013769000768661499, labeled_loss: 0.18297208845615387, unnlabeled_loss: 0.023207467049360275, mixup_loss: -1.8080681562423706, energy_loss: 0.0
2026-08-26 01:21:20,824 INFO Best AUROC test all: 0.7324719528523665, AUPR test all: 0.43173727790116534, AUROC test unknown: 0.7304878652349999, AUPR test unknown: 0.41943618462693477
2026-08-26 01:21:32,543 INFO Epoch: 8, loss: 0.0059349387884140015, labeled_loss: 0.18269135057926178, unnlabeled_loss: 0.019568806514143944, mixup_loss: -1.8654080629348755, energy_loss: 0.0
2026-08-26 01:21:32,543 INFO Best AUROC test all: 0.7324719528523665, AUPR test all: 0.43173727790116534, AUROC test unknown: 0.7304878652349999, AUPR test unknown: 0.41943618462693477
2026-08-26 01:21:44,383 INFO Epoch: 9, loss: 0.00464746356010437, labeled_loss: 0.1883011907339096, unnlabeled_loss: 0.01371067762374878, mixup_loss: -1.9050906896591187, energy_loss: 0.0
2026-08-26 01:21:44,383 INFO Best AUROC test all: 0.7324719528523665, AUPR test all: 0.4340188473865111, AUROC test unknown: 0.7304878652349999, AUPR test unknown: 0.42176074971080485
2026-08-26 01:21:56,020 INFO Epoch: 10, loss: 0.006072863936424255, labeled_loss: 0.1950477510690689, unnlabeled_loss: 0.008541097864508629, mixup_loss: -1.9324543476104736, energy_loss: 0.0
2026-08-26 01:21:56,020 INFO Best AUROC test all: 0.7324719528523665, AUPR test all: 0.43438004154027143, AUROC test unknown: 0.7304878652349999, AUPR test unknown: 0.4221588516646248
2026-08-26 01:22:07,836 INFO Epoch: 11, loss: 0.009734630584716797, labeled_loss: 0.20201556384563446, unnlabeled_loss: 0.005163693800568581, mixup_loss: -1.9486278295516968, energy_loss: 0.0
2026-08-26 01:22:07,836 INFO Best AUROC test all: 0.7330042449612646, AUPR test all: 0.4368895943627941, AUROC test unknown: 0.7312198650511432, AUPR test unknown: 0.4243594068864379
2026-08-26 01:22:19,520 INFO Epoch: 12, loss: 0.01698024570941925, labeled_loss: 0.21127763390541077, unnlabeled_loss: 0.0033903697039932013, mixup_loss: -1.9599257707595825, energy_loss: 0.0
2026-08-26 01:22:19,520 INFO Best AUROC test all: 0.7356289087887579, AUPR test all: 0.4423160413763046, AUROC test unknown: 0.7338465159878599, AUPR test unknown: 0.430370031535889
2026-08-26 01:22:31,297 INFO Epoch: 13, loss: 0.011602714657783508, labeled_loss: 0.2070312350988388, unnlabeled_loss: 0.0027183000929653645, mixup_loss: -1.967876672744751, energy_loss: 0.0
2026-08-26 01:22:31,297 INFO Best AUROC test all: 0.7361943271421324, AUPR test all: 0.4438000001766918, AUROC test unknown: 0.7345643551347283, AUPR test unknown: 0.43126981060478137
2026-08-26 01:22:43,042 INFO Epoch: 14, loss: 0.0033121854066848755, labeled_loss: 0.19913451373577118, unnlabeled_loss: 0.002487939316779375, mixup_loss: -1.9706628322601318, energy_loss: 0.0
2026-08-26 01:22:43,042 INFO Best AUROC test all: 0.7380657713718783, AUPR test all: 0.45036656041189305, AUROC test unknown: 0.7364049821413067, AUPR test unknown: 0.4386030069033693
2026-08-26 01:22:54,749 INFO Epoch: 15, loss: -0.001150086522102356, labeled_loss: 0.19464465975761414, unnlabeled_loss: 0.002618551952764392, mixup_loss: -1.9710402488708496, energy_loss: 0.0
2026-08-26 01:22:54,749 INFO Best AUROC test all: 0.7415516255639671, AUPR test all: 0.45775497966003953, AUROC test unknown: 0.7397990020674579, AUPR test unknown: 0.4461627017233628
2026-08-26 01:23:06,515 INFO Epoch: 16, loss: -0.008787587285041809, labeled_loss: 0.18692806363105774, unnlabeled_loss: 0.002373016905039549, mixup_loss: -1.9690215587615967, energy_loss: 0.0
2026-08-26 01:23:06,515 INFO Best AUROC test all: 0.7432796085933214, AUPR test all: 0.4613051012639348, AUROC test unknown: 0.741627214113498, AUPR test unknown: 0.4496941081665139
2026-08-26 01:23:18,316 INFO Epoch: 17, loss: -0.011723130941390991, labeled_loss: 0.18442198634147644, unnlabeled_loss: 0.0025139993522316217, mixup_loss: -1.9740211963653564, energy_loss: 0.0
2026-08-26 01:23:18,317 INFO Best AUROC test all: 0.7439730795218451, AUPR test all: 0.46591627142161784, AUROC test unknown: 0.7422895620081778, AUPR test unknown: 0.4549471841675536
2026-08-26 01:23:29,915 INFO Epoch: 18, loss: -0.027179688215255737, labeled_loss: 0.16866345703601837, unnlabeled_loss: 0.0025436864234507084, mixup_loss: -1.9711499214172363, energy_loss: 0.0
2026-08-26 01:23:29,915 INFO Best AUROC test all: 0.7459308212521278, AUPR test all: 0.46985637609347075, AUROC test unknown: 0.7442118566123129, AUPR test unknown: 0.4590900628333373
2026-08-26 01:23:41,582 INFO Epoch: 19, loss: -0.028144702315330505, labeled_loss: 0.16713300347328186, unnlabeled_loss: 0.0036316022742539644, mixup_loss: -1.9709349870681763, energy_loss: 0.0
2026-08-26 01:23:41,582 INFO Best AUROC test all: 0.75011640181463, AUPR test all: 0.47691736030882786, AUROC test unknown: 0.7485717920396611, AUPR test unknown: 0.4664669235503409
2026-08-26 01:23:53,394 INFO Epoch: 20, loss: -0.03893047571182251, labeled_loss: 0.15607836842536926, unnlabeled_loss: 0.004190641921013594, mixup_loss: -1.9710416793823242, energy_loss: 0.0
2026-08-26 01:23:53,394 INFO Best AUROC test all: 0.7524914643115541, AUPR test all: 0.4799977784276305, AUROC test unknown: 0.7509030374867737, AUPR test unknown: 0.4692724676181741
2026-08-26 01:24:04,988 INFO Epoch: 21, loss: -0.04905574023723602, labeled_loss: 0.14575433731079102, unnlabeled_loss: 0.004485012497752905, mixup_loss: -1.970525860786438, energy_loss: 0.0
2026-08-26 01:24:04,988 INFO Best AUROC test all: 0.7532602673189499, AUPR test all: 0.4867103961424485, AUROC test unknown: 0.7517507555065271, AUPR test unknown: 0.476568250650673
2026-08-26 01:24:16,782 INFO Epoch: 22, loss: -0.058853089809417725, labeled_loss: 0.13545797765254974, unnlabeled_loss: 0.005829329136759043, mixup_loss: -1.9722572565078735, energy_loss: 0.0
2026-08-26 01:24:16,782 INFO Best AUROC test all: 0.7539470688425178, AUPR test all: 0.4884894986868963, AUROC test unknown: 0.7522149561738893, AUPR test unknown: 0.4780238426693024
2026-08-26 01:24:28,474 INFO Epoch: 23, loss: -0.059254467487335205, labeled_loss: 0.1349976658821106, unnlabeled_loss: 0.006371437106281519, mixup_loss: -1.9743784666061401, energy_loss: 0.0
2026-08-26 01:24:28,474 INFO Best AUROC test all: 0.7583256573848481, AUPR test all: 0.4960893158797511, AUROC test unknown: 0.7566914919449006, AUPR test unknown: 0.4863680937489867
2026-08-26 01:24:40,194 INFO Epoch: 24, loss: -0.07233522832393646, labeled_loss: 0.12159589678049088, unnlabeled_loss: 0.007502563297748566, mixup_loss: -1.9768240451812744, energy_loss: 0.0
2026-08-26 01:24:40,194 INFO Best AUROC test all: 0.7600075157294466, AUPR test all: 0.5022590871400937, AUROC test unknown: 0.7583123360786461, AUPR test unknown: 0.49243699389329043
2026-08-26 01:24:51,926 INFO Epoch: 25, loss: -0.07644705474376678, labeled_loss: 0.11704510450363159, unnlabeled_loss: 0.008402593433856964, mixup_loss: -1.976934552192688, energy_loss: 0.0
2026-08-26 01:24:51,926 INFO Best AUROC test all: 0.7622955539906728, AUPR test all: 0.5067464882922046, AUROC test unknown: 0.7604412093118704, AUPR test unknown: 0.49675819044562
2026-08-26 01:25:03,704 INFO Epoch: 26, loss: -0.08073431253433228, labeled_loss: 0.11291005462408066, unnlabeled_loss: 0.00864388607442379, mixup_loss: -1.9796630144119263, energy_loss: 0.0
2026-08-26 01:25:03,704 INFO Best AUROC test all: 0.7631341235734947, AUPR test all: 0.5067464882922046, AUROC test unknown: 0.7616506418961739, AUPR test unknown: 0.49724493415763704
2026-08-26 01:25:15,531 INFO Epoch: 27, loss: -0.08144459873437881, labeled_loss: 0.11158077418804169, unnlabeled_loss: 0.00985817238688469, mixup_loss: -1.9795446395874023, energy_loss: 0.0
2026-08-26 01:25:15,532 INFO Best AUROC test all: 0.7641278649118927, AUPR test all: 0.512623294290891, AUROC test unknown: 0.7625225769818089, AUPR test unknown: 0.5031209943225167
2026-08-26 01:25:27,149 INFO Epoch: 28, loss: -0.0874035581946373, labeled_loss: 0.10539060831069946, unnlabeled_loss: 0.010919234715402126, mixup_loss: -1.9825377464294434, energy_loss: 0.0
2026-08-26 01:25:27,149 INFO Best AUROC test all: 0.7644077039446541, AUPR test all: 0.5143687085047457, AUROC test unknown: 0.7627901718455253, AUPR test unknown: 0.5051489199911101
2026-08-26 01:25:38,762 INFO Epoch: 29, loss: -0.09194693714380264, labeled_loss: 0.1006159856915474, unnlabeled_loss: 0.011834501288831234, mixup_loss: -1.9848017692565918, energy_loss: 0.0
2026-08-26 01:25:38,762 INFO Best AUROC test all: 0.765547951411775, AUPR test all: 0.5182740366780387, AUROC test unknown: 0.7638785005290518, AUPR test unknown: 0.509024102808944
2026-08-26 01:25:50,415 INFO Epoch: 30, loss: -0.09570462256669998, labeled_loss: 0.09685662388801575, unnlabeled_loss: 0.011831060983240604, mixup_loss: -1.9847676753997803, energy_loss: 0.0
2026-08-26 01:25:50,415 INFO Best AUROC test all: 0.7676928596430626, AUPR test all: 0.521903318998133, AUROC test unknown: 0.7659219547480725, AUPR test unknown: 0.5128571247727118
2026-08-26 01:26:02,067 INFO Epoch: 31, loss: -0.10051221400499344, labeled_loss: 0.09341996908187866, unnlabeled_loss: 0.009987959638237953, mixup_loss: -1.9892616271972656, energy_loss: 0.0
2026-08-26 01:26:02,067 INFO Best AUROC test all: 0.767945634690473, AUPR test all: 0.5243409177539393, AUROC test unknown: 0.766393500392088, AUPR test unknown: 0.5155393091674058
2026-08-26 01:26:13,730 INFO Epoch: 32, loss: -0.10009945929050446, labeled_loss: 0.09287877380847931, unnlabeled_loss: 0.012029348872601986, mixup_loss: -1.9899290800094604, energy_loss: 0.0
2026-08-26 01:26:13,730 INFO Best AUROC test all: 0.767945634690473, AUPR test all: 0.5284009134848144, AUROC test unknown: 0.766393500392088, AUPR test unknown: 0.5199462157938997
2026-08-26 01:26:25,368 INFO Epoch: 33, loss: -0.10643064230680466, labeled_loss: 0.08743677288293839, unnlabeled_loss: 0.010011169128119946, mixup_loss: -1.9887299537658691, energy_loss: 0.0
2026-08-26 01:26:25,368 INFO Best AUROC test all: 0.7684822780111559, AUPR test all: 0.5284009134848144, AUROC test unknown: 0.766919775862141, AUPR test unknown: 0.5199462157938997
2026-08-26 01:26:37,069 INFO Epoch: 34, loss: -0.11117099970579147, labeled_loss: 0.08352775871753693, unnlabeled_loss: 0.008582672104239464, mixup_loss: -1.9899009466171265, energy_loss: 0.0
2026-08-26 01:26:37,069 INFO Best AUROC test all: 0.7721293754171253, AUPR test all: 0.533719810179869, AUROC test unknown: 0.7704315196998124, AUPR test unknown: 0.5248974938566192
2026-08-26 01:26:48,691 INFO Epoch: 35, loss: -0.11542128771543503, labeled_loss: 0.07953517884016037, unnlabeled_loss: 0.007823582738637924, mixup_loss: -1.988682508468628, energy_loss: 0.0
2026-08-26 01:26:48,691 INFO Best AUROC test all: 0.7721293754171253, AUPR test all: 0.533719810179869, AUROC test unknown: 0.7704315196998124, AUPR test unknown: 0.5248974938566192
2026-08-26 01:27:00,329 INFO Epoch: 36, loss: -0.11911637336015701, labeled_loss: 0.07686072587966919, unnlabeled_loss: 0.006501749623566866, mixup_loss: -1.9922797679901123, energy_loss: 0.0
2026-08-26 01:27:00,330 INFO Best AUROC test all: 0.7721293754171253, AUPR test all: 0.533719810179869, AUROC test unknown: 0.7704315196998124, AUPR test unknown: 0.5248974938566192
2026-08-26 01:27:11,956 INFO Epoch: 37, loss: -0.1238589733839035, labeled_loss: 0.0729094073176384, unnlabeled_loss: 0.005128343589603901, mixup_loss: -1.9933254718780518, energy_loss: 0.0
2026-08-26 01:27:11,957 INFO Best AUROC test all: 0.7721293754171253, AUPR test all: 0.533719810179869, AUROC test unknown: 0.7704315196998124, AUPR test unknown: 0.5248974938566192
2026-08-26 01:27:23,574 INFO Epoch: 38, loss: -0.12332017719745636, labeled_loss: 0.07375501841306686, unnlabeled_loss: 0.004448127932846546, mixup_loss: -1.992992639541626, energy_loss: 0.0
2026-08-26 01:27:23,574 INFO Best AUROC test all: 0.7724971494043302, AUPR test all: 0.537308528321173, AUROC test unknown: 0.7706695953716433, AUPR test unknown: 0.5285319887539512
2026-08-26 01:27:35,223 INFO Epoch: 39, loss: -0.12965083122253418, labeled_loss: 0.06770093739032745, unnlabeled_loss: 0.004163671284914017, mixup_loss: -1.9943358898162842, energy_loss: 0.0
2026-08-26 01:27:35,223 INFO Best AUROC test all: 0.7724971494043302, AUPR test all: 0.537308528321173, AUROC test unknown: 0.7706695953716433, AUPR test unknown: 0.5285319887539512
2026-08-26 01:27:47,036 INFO Epoch: 40, loss: -0.13371950387954712, labeled_loss: 0.06383989006280899, unnlabeled_loss: 0.003459344618022442, mixup_loss: -1.9928905963897705, energy_loss: 0.0
2026-08-26 01:27:47,036 INFO Best AUROC test all: 0.7732657132330654, AUPR test all: 0.5396257937560167, AUROC test unknown: 0.7716300601758802, AUPR test unknown: 0.5310741909267908
2026-08-26 01:27:58,768 INFO Epoch: 41, loss: -0.13551662862300873, labeled_loss: 0.0621277317404747, unnlabeled_loss: 0.003252822905778885, mixup_loss: -1.9927077293395996, energy_loss: 0.0
2026-08-26 01:27:58,768 INFO Best AUROC test all: 0.7732657132330654, AUPR test all: 0.5396257937560167, AUROC test unknown: 0.771728952718686, AUPR test unknown: 0.5310741909267908
2026-08-26 01:28:10,437 INFO Epoch: 42, loss: -0.13627901673316956, labeled_loss: 0.061398882418870926, unnlabeled_loss: 0.0033663813956081867, mixup_loss: -1.9936109781265259, energy_loss: 0.0
2026-08-26 01:28:10,438 INFO Best AUROC test all: 0.7743609675144782, AUPR test all: 0.5396257937560167, AUROC test unknown: 0.7728678790985272, AUPR test unknown: 0.5310741909267908
2026-08-26 01:28:22,003 INFO Epoch: 43, loss: -0.1382475346326828, labeled_loss: 0.05972621589899063, unnlabeled_loss: 0.00252411887049675, mixup_loss: -1.9923580884933472, energy_loss: 0.0
2026-08-26 01:28:22,003 INFO Best AUROC test all: 0.7758164156593949, AUPR test all: 0.5405306547109142, AUROC test unknown: 0.7742901024350315, AUPR test unknown: 0.5322954414813615
2026-08-26 01:28:33,694 INFO Epoch: 44, loss: -0.1434953808784485, labeled_loss: 0.05475186929106712, unnlabeled_loss: 0.002537325955927372, mixup_loss: -1.9951590299606323, energy_loss: 0.0
2026-08-26 01:28:33,694 INFO Best AUROC test all: 0.777681337671053, AUPR test all: 0.5481449555224094, AUROC test unknown: 0.7760644389380335, AUPR test unknown: 0.5400132813446502
2026-08-26 01:28:45,348 INFO Epoch: 45, loss: -0.14694508910179138, labeled_loss: 0.05144274979829788, unnlabeled_loss: 0.002234518760815263, mixup_loss: -1.9950509071350098, energy_loss: 0.0
2026-08-26 01:28:45,348 INFO Best AUROC test all: 0.777681337671053, AUPR test all: 0.5481449555224094, AUROC test unknown: 0.7760644389380335, AUPR test unknown: 0.5400132813446502
2026-08-26 01:28:56,938 INFO Epoch: 46, loss: -0.14683781564235687, labeled_loss: 0.05137934908270836, unnlabeled_loss: 0.0023142825812101364, mixup_loss: -1.9937429428100586, energy_loss: 0.0
2026-08-26 01:28:56,938 INFO Best AUROC test all: 0.7793288830770518, AUPR test all: 0.549485446622225, AUROC test unknown: 0.7777618528283964, AUPR test unknown: 0.5413679243588322
2026-08-26 01:29:08,541 INFO Epoch: 47, loss: -0.15174280107021332, labeled_loss: 0.04678880050778389, unnlabeled_loss: 0.0019263210706412792, mixup_loss: -1.9949476718902588, energy_loss: 0.0
2026-08-26 01:29:08,541 INFO Best AUROC test all: 0.7793288830770518, AUPR test all: 0.549485446622225, AUROC test unknown: 0.7777618528283964, AUPR test unknown: 0.5413679243588322
2026-08-26 01:29:20,190 INFO Epoch: 48, loss: -0.15404295921325684, labeled_loss: 0.04440541937947273, unnlabeled_loss: 0.0019165084231644869, mixup_loss: -1.9940662384033203, energy_loss: 0.0
2026-08-26 01:29:20,190 INFO Best AUROC test all: 0.7793410811887362, AUPR test all: 0.5515756425524141, AUROC test unknown: 0.7778018555583877, AUPR test unknown: 0.543316332610897
2026-08-26 01:29:31,847 INFO Epoch: 49, loss: -0.1570804864168167, labeled_loss: 0.04171314835548401, unnlabeled_loss: 0.0014991069911047816, mixup_loss: -1.995431900024414, energy_loss: 0.0
2026-08-26 01:29:31,847 INFO Best AUROC test all: 0.7812004376969487, AUPR test all: 0.5577167974593078, AUROC test unknown: 0.7795060758556874, AUPR test unknown: 0.5490957498828204
2026-08-26 01:29:43,522 INFO Epoch: 50, loss: -0.15731288492679596, labeled_loss: 0.04117531701922417, unnlabeled_loss: 0.0018072789534926414, mixup_loss: -1.9939184188842773, energy_loss: 0.0
2026-08-26 01:29:43,522 INFO Best AUROC test all: 0.7818842218897231, AUPR test all: 0.5577167974593078, AUROC test unknown: 0.780223868574132, AUPR test unknown: 0.5490957498828204
2026-08-26 01:29:55,200 INFO Epoch: 51, loss: -0.16086070239543915, labeled_loss: 0.03793017193675041, unnlabeled_loss: 0.001613027066923678, mixup_loss: -1.995973825454712, energy_loss: 0.0
2026-08-26 01:29:55,200 INFO Best AUROC test all: 0.7831121559334476, AUPR test all: 0.5577570606732635, AUROC test unknown: 0.7816390162188412, AUPR test unknown: 0.5496765219203125
2026-08-26 01:30:07,118 INFO Epoch: 52, loss: -0.16417716443538666, labeled_loss: 0.034552786499261856, unnlabeled_loss: 0.0013357677962630987, mixup_loss: -1.9939782619476318, energy_loss: 0.0
2026-08-26 01:30:07,119 INFO Best AUROC test all: 0.7837837328153582, AUPR test all: 0.5602914246815665, AUROC test unknown: 0.7824353379733899, AUPR test unknown: 0.5524461406541443
2026-08-26 01:30:18,714 INFO Epoch: 53, loss: -0.16662496328353882, labeled_loss: 0.032175417989492416, unnlabeled_loss: 0.0014962214045226574, mixup_loss: -1.9954849481582642, energy_loss: 0.0
2026-08-26 01:30:18,715 INFO Best AUROC test all: 0.7861709198305329, AUPR test all: 0.5614654413896282, AUROC test unknown: 0.7846621751809431, AUPR test unknown: 0.5531567295420317
2026-08-26 01:30:30,387 INFO Epoch: 54, loss: -0.16746972501277924, labeled_loss: 0.03139639273285866, unnlabeled_loss: 0.0012868636986240745, mixup_loss: -1.9950953722000122, energy_loss: 0.0
2026-08-26 01:30:30,387 INFO Best AUROC test all: 0.786938416554475, AUPR test all: 0.5671820807525446, AUROC test unknown: 0.7851427929389797, AUPR test unknown: 0.5585021353717866
2026-08-26 01:30:42,159 INFO Epoch: 55, loss: -0.17001599073410034, labeled_loss: 0.028696848079562187, unnlabeled_loss: 0.0013578685466200113, mixup_loss: -1.9939175844192505, energy_loss: 0.0
2026-08-26 01:30:42,159 INFO Best AUROC test all: 0.786938416554475, AUPR test all: 0.5671820807525446, AUROC test unknown: 0.7851427929389797, AUPR test unknown: 0.5593892184953755
2026-08-26 01:30:53,763 INFO Epoch: 56, loss: -0.17413468658924103, labeled_loss: 0.024976879358291626, unnlabeled_loss: 0.0010502218501642346, mixup_loss: -1.9963667392730713, energy_loss: 0.0
2026-08-26 01:30:53,764 INFO Best AUROC test all: 0.786938416554475, AUPR test all: 0.5689091328773745, AUROC test unknown: 0.7851427929389797, AUPR test unknown: 0.5609855923002368
2026-08-26 01:31:05,425 INFO Epoch: 57, loss: -0.17568078637123108, labeled_loss: 0.023411855101585388, unnlabeled_loss: 0.001056653680279851, mixup_loss: -1.9962096214294434, energy_loss: 0.0
2026-08-26 01:31:05,425 INFO Best AUROC test all: 0.7905133555984134, AUPR test all: 0.5747408426077816, AUROC test unknown: 0.7889644929342904, AUPR test unknown: 0.5668181657899352
2026-08-26 01:31:17,012 INFO Epoch: 58, loss: -0.17915615439414978, labeled_loss: 0.01982615329325199, unnlabeled_loss: 0.0012860182905569673, mixup_loss: -1.9962531328201294, energy_loss: 0.0
2026-08-26 01:31:17,012 INFO Best AUROC test all: 0.7916112684426295, AUPR test all: 0.5796134062336664, AUROC test unknown: 0.7899810061318019, AUPR test unknown: 0.5718141426872437
2026-08-26 01:31:28,710 INFO Epoch: 59, loss: -0.1810949146747589, labeled_loss: 0.0178090650588274, unnlabeled_loss: 0.0009276734781451523, mixup_loss: -1.9936782121658325, energy_loss: 0.0
2026-08-26 01:31:28,710 INFO Best AUROC test all: 0.7925291349505798, AUPR test all: 0.5796134062336664, AUROC test unknown: 0.7910166664113104, AUPR test unknown: 0.5718141426872437
2026-08-26 01:31:40,320 INFO Epoch: 60, loss: -0.183879092335701, labeled_loss: 0.01517185103148222, unnlabeled_loss: 0.0011748112738132477, mixup_loss: -1.9963834285736084, energy_loss: 0.0
2026-08-26 01:31:40,320 INFO Best AUROC test all: 0.7925291349505798, AUPR test all: 0.5796134062336664, AUROC test unknown: 0.7910166664113104, AUPR test unknown: 0.5718141426872437
2026-08-26 01:31:52,029 INFO Epoch: 61, loss: -0.18513141572475433, labeled_loss: 0.014072366058826447, unnlabeled_loss: 0.0008811834268271923, mixup_loss: -1.9964436292648315, energy_loss: 0.0
2026-08-26 01:31:52,029 INFO Best AUROC test all: 0.7925291349505798, AUPR test all: 0.5801479427830873, AUROC test unknown: 0.7910166664113104, AUPR test unknown: 0.5726093151502334
2026-08-26 01:32:03,887 INFO Epoch: 62, loss: -0.1881333738565445, labeled_loss: 0.010986573062837124, unnlabeled_loss: 0.001014283741824329, mixup_loss: -1.9962708950042725, energy_loss: 0.0
2026-08-26 01:32:03,887 INFO Best AUROC test all: 0.7937904896125167, AUPR test all: 0.5843952688670185, AUROC test unknown: 0.792318222274222, AUPR test unknown: 0.5768125266383691
2026-08-26 01:32:15,607 INFO Epoch: 63, loss: -0.18952764570713043, labeled_loss: 0.00974047090858221, unnlabeled_loss: 0.0007682823925279081, mixup_loss: -1.9965225458145142, energy_loss: 0.0
2026-08-26 01:32:15,607 INFO Best AUROC test all: 0.7940744406784027, AUPR test all: 0.5843952688670185, AUROC test unknown: 0.7923712899626856, AUPR test unknown: 0.5768125266383691
2026-08-26 01:32:27,249 INFO Epoch: 64, loss: -0.19220051169395447, labeled_loss: 0.007107826881110668, unnlabeled_loss: 0.000632003415375948, mixup_loss: -1.9962434768676758, energy_loss: 0.0
2026-08-26 01:32:27,249 INFO Best AUROC test all: 0.7940744406784027, AUPR test all: 0.5881362421849692, AUROC test unknown: 0.7926656368842256, AUPR test unknown: 0.58070207365444
2026-08-26 01:32:38,985 INFO Epoch: 65, loss: -0.19205176830291748, labeled_loss: 0.005788628943264484, unnlabeled_loss: 0.0036901221610605717, mixup_loss: -1.996854543685913, energy_loss: 0.0
2026-08-26 01:32:38,985 INFO Best AUROC test all: 0.795236554594599, AUPR test all: 0.5888579083552146, AUROC test unknown: 0.7937529069996885, AUPR test unknown: 0.5815882173831204
2026-08-26 01:32:50,624 INFO Epoch: 66, loss: -0.19348064064979553, labeled_loss: 0.005877332761883736, unnlabeled_loss: 0.000665551342535764, mixup_loss: -1.996907353401184, energy_loss: 0.0
2026-08-26 01:32:50,624 INFO Best AUROC test all: 0.795236554594599, AUPR test all: 0.5888579083552146, AUROC test unknown: 0.7937529069996885, AUPR test unknown: 0.5815882173831204
2026-08-26 01:33:02,395 INFO Epoch: 67, loss: -0.19607040286064148, labeled_loss: 0.0032020595390349627, unnlabeled_loss: 0.0008167166961356997, mixup_loss: -1.9968081712722778, energy_loss: 0.0
2026-08-26 01:33:02,395 INFO Best AUROC test all: 0.795236554594599, AUPR test all: 0.5888579083552146, AUROC test unknown: 0.7937529069996885, AUPR test unknown: 0.5815882173831204
2026-08-26 01:33:14,104 INFO Epoch: 68, loss: -0.19677568972110748, labeled_loss: 0.0024919621646404266, unnlabeled_loss: 0.000813832797575742, mixup_loss: -1.9967455863952637, energy_loss: 0.0
2026-08-26 01:33:14,104 INFO Best AUROC test all: 0.7969315309688069, AUPR test all: 0.5902664156347495, AUROC test unknown: 0.7953965196324911, AUPR test unknown: 0.5827114214059557
2026-08-26 01:33:25,753 INFO Epoch: 69, loss: -0.19701914489269257, labeled_loss: 0.001968411263078451, unnlabeled_loss: 0.0014482163824141026, mixup_loss: -1.9971166849136353, energy_loss: 0.0
2026-08-26 01:33:25,754 INFO Best AUROC test all: 0.7969315309688069, AUPR test all: 0.5902664156347495, AUROC test unknown: 0.7953965196324911, AUPR test unknown: 0.5827114214059557
2026-08-26 01:33:37,597 INFO Epoch: 70, loss: -0.1977054923772812, labeled_loss: 0.001605167635716498, unnlabeled_loss: 0.0007949860882945359, mixup_loss: -1.9970813989639282, energy_loss: 0.0
2026-08-26 01:33:37,598 INFO Best AUROC test all: 0.7969315309688069, AUPR test all: 0.5902664156347495, AUROC test unknown: 0.7953965196324911, AUPR test unknown: 0.5827114214059557
2026-08-26 01:33:49,309 INFO Epoch: 71, loss: -0.19788308441638947, labeled_loss: 0.0013878683093935251, unnlabeled_loss: 0.0009293033508583903, mixup_loss: -1.9973560571670532, energy_loss: 0.0
2026-08-26 01:33:49,309 INFO Best AUROC test all: 0.7969315309688069, AUPR test all: 0.5902664156347495, AUROC test unknown: 0.7953965196324911, AUPR test unknown: 0.5827114214059557
2026-08-26 01:34:01,081 INFO Epoch: 72, loss: -0.18834319710731506, labeled_loss: 0.001068843062967062, unnlabeled_loss: 0.020583026111125946, mixup_loss: -1.9970355033874512, energy_loss: 0.0
2026-08-26 01:34:01,081 INFO Best AUROC test all: 0.7969315309688069, AUPR test all: 0.5902664156347495, AUROC test unknown: 0.7953965196324911, AUPR test unknown: 0.5827114214059557
2026-08-26 01:34:12,716 INFO Epoch: 73, loss: -0.19365966320037842, labeled_loss: 0.0008026884170249104, unnlabeled_loss: 0.010543360374867916, mixup_loss: -1.9973403215408325, energy_loss: 0.0
2026-08-26 01:34:12,716 INFO Best AUROC test all: 0.7969315309688069, AUPR test all: 0.5902664156347495, AUROC test unknown: 0.7953965196324911, AUPR test unknown: 0.5827114214059557
2026-08-26 01:34:24,319 INFO Epoch: 74, loss: -0.18711397051811218, labeled_loss: 0.0008889957680366933, unnlabeled_loss: 0.023421360179781914, mixup_loss: -1.9971364736557007, energy_loss: 0.0
2026-08-26 01:34:24,319 INFO Best AUROC test all: 0.797327325656005, AUPR test all: 0.5953914061869979, AUROC test unknown: 0.7960014727096046, AUPR test unknown: 0.5881354126595064
2026-08-26 01:34:36,058 INFO Epoch: 75, loss: -0.18943294882774353, labeled_loss: 0.0005908600869588554, unnlabeled_loss: 0.01947401650249958, mixup_loss: -1.9976080656051636, energy_loss: 0.0
2026-08-26 01:34:36,058 INFO Best AUROC test all: 0.7987977868614562, AUPR test all: 0.597243819182521, AUROC test unknown: 0.797324079219891, AUPR test unknown: 0.5900008290051131
2026-08-26 01:34:47,679 INFO Epoch: 76, loss: -0.18872007727622986, labeled_loss: 0.0005576506373472512, unnlabeled_loss: 0.020957401022315025, mixup_loss: -1.9975641965866089, energy_loss: 0.0
2026-08-26 01:34:47,679 INFO Best AUROC test all: 0.8048347390445825, AUPR test all: 0.6117270557611082, AUROC test unknown: 0.803328472277356, AUPR test unknown: 0.6046342728714468
2026-08-26 01:34:59,439 INFO Epoch: 77, loss: -0.19849222898483276, labeled_loss: 0.000742357166018337, unnlabeled_loss: 0.0010651188204064965, mixup_loss: -1.997671365737915, energy_loss: 0.0
2026-08-26 01:34:59,439 INFO Best AUROC test all: 0.8056626375794751, AUPR test all: 0.616929241358448, AUROC test unknown: 0.8041997016509482, AUPR test unknown: 0.610176570857831
2026-08-26 01:35:11,176 INFO Epoch: 78, loss: -0.1972840577363968, labeled_loss: 0.0009041378507390618, unnlabeled_loss: 0.003163641318678856, mixup_loss: -1.9977000951766968, energy_loss: 0.0
2026-08-26 01:35:11,176 INFO Best AUROC test all: 0.8075866459194511, AUPR test all: 0.6194277240451688, AUROC test unknown: 0.8061920381753073, AUPR test unknown: 0.6126914932984685
2026-08-26 01:35:22,852 INFO Epoch: 79, loss: -0.18952907621860504, labeled_loss: 0.0008973137591965497, unnlabeled_loss: 0.018708359450101852, mixup_loss: -1.9978055953979492, energy_loss: 0.0
2026-08-26 01:35:22,852 INFO Best AUROC test all: 0.8100669194294485, AUPR test all: 0.6255762197547603, AUROC test unknown: 0.8087194251418273, AUPR test unknown: 0.6189581781949538
2026-08-26 01:35:34,626 INFO Epoch: 80, loss: -0.19187849760055542, labeled_loss: 0.0012774956412613392, unnlabeled_loss: 0.01318251620978117, mixup_loss: -1.9974725246429443, energy_loss: 0.0
2026-08-26 01:35:34,626 INFO Best AUROC test all: 0.8129643481208607, AUPR test all: 0.6317651568305712, AUROC test unknown: 0.8117416926781911, AUPR test unknown: 0.6255565692721963
2026-08-26 01:35:46,242 INFO Epoch: 81, loss: -0.1972535252571106, labeled_loss: 0.0006478683208115399, unnlabeled_loss: 0.0037351467180997133, mixup_loss: -1.9976896047592163, energy_loss: 0.0
2026-08-26 01:35:46,242 INFO Best AUROC test all: 0.8152364258060896, AUPR test all: 0.6325117167880538, AUROC test unknown: 0.8138159196565411, AUPR test unknown: 0.626015241312059
2026-08-26 01:35:57,973 INFO Epoch: 82, loss: -0.18873505294322968, labeled_loss: 0.0011165457544848323, unnlabeled_loss: 0.019832322373986244, mixup_loss: -1.9976775646209717, energy_loss: 0.0
2026-08-26 01:35:57,973 INFO Best AUROC test all: 0.8152364258060896, AUPR test all: 0.6335758170165935, AUROC test unknown: 0.8138159196565411, AUPR test unknown: 0.6269793266785239
2026-08-26 01:36:09,693 INFO Epoch: 83, loss: -0.1970852017402649, labeled_loss: 0.0009134072461165488, unnlabeled_loss: 0.0035956345964223146, mixup_loss: -1.9979641437530518, energy_loss: 0.0
2026-08-26 01:36:09,693 INFO Best AUROC test all: 0.8152364258060896, AUPR test all: 0.6335758170165935, AUROC test unknown: 0.8138159196565411, AUPR test unknown: 0.6269793266785239
2026-08-26 01:36:21,343 INFO Epoch: 84, loss: -0.19514350593090057, labeled_loss: 0.0007150094024837017, unnlabeled_loss: 0.007903865538537502, mixup_loss: -1.998104453086853, energy_loss: 0.0
2026-08-26 01:36:21,343 INFO Best AUROC test all: 0.8152364258060896, AUPR test all: 0.6335758170165935, AUROC test unknown: 0.8138159196565411, AUPR test unknown: 0.6269793266785239
2026-08-26 01:36:32,952 INFO Epoch: 85, loss: -0.1889885663986206, labeled_loss: 0.000502931303344667, unnlabeled_loss: 0.02064458839595318, mixup_loss: -1.9981379508972168, energy_loss: 0.0
2026-08-26 01:36:32,953 INFO Best AUROC test all: 0.8152364258060896, AUPR test all: 0.6349053450826658, AUROC test unknown: 0.8138159196565411, AUPR test unknown: 0.6285602308955024
2026-08-26 01:36:44,655 INFO Epoch: 86, loss: -0.19679680466651917, labeled_loss: 0.0004049719136673957, unnlabeled_loss: 0.005178964696824551, mixup_loss: -1.9979125261306763, energy_loss: 0.0
2026-08-26 01:36:44,655 INFO Best AUROC test all: 0.8192795570779177, AUPR test all: 0.6405540073056717, AUROC test unknown: 0.8180009406398672, AUPR test unknown: 0.6341988943585687
2026-08-26 01:36:56,358 INFO Epoch: 87, loss: -0.1986834555864334, labeled_loss: 0.00031860877061262727, unnlabeled_loss: 0.0016659237444400787, mixup_loss: -1.9983502626419067, energy_loss: 0.0
2026-08-26 01:36:56,358 INFO Best AUROC test all: 0.8192795570779177, AUPR test all: 0.6405540073056717, AUROC test unknown: 0.8180009406398672, AUPR test unknown: 0.6341988943585687
2026-08-26 01:37:08,013 INFO Epoch: 88, loss: -0.198777973651886, labeled_loss: 0.00041675104876048863, unnlabeled_loss: 0.0011383900418877602, mixup_loss: -1.9976391792297363, energy_loss: 0.0
2026-08-26 01:37:08,013 INFO Best AUROC test all: 0.8192795570779177, AUPR test all: 0.6405540073056717, AUROC test unknown: 0.8180009406398672, AUPR test unknown: 0.6341988943585687
2026-08-26 01:37:19,654 INFO Epoch: 89, loss: -0.18829503655433655, labeled_loss: 0.00031550609855912626, unnlabeled_loss: 0.022355416789650917, mixup_loss: -1.9978824853897095, energy_loss: 0.0
2026-08-26 01:37:19,654 INFO Best AUROC test all: 0.8192795570779177, AUPR test all: 0.6405540073056717, AUROC test unknown: 0.8180009406398672, AUPR test unknown: 0.6341988943585687
2026-08-26 01:37:31,566 INFO Epoch: 90, loss: -0.1988665759563446, labeled_loss: 0.00022012311092112213, unnlabeled_loss: 0.001478740363381803, mixup_loss: -1.998260736465454, energy_loss: 0.0
2026-08-26 01:37:31,566 INFO Best AUROC test all: 0.8192795570779177, AUPR test all: 0.6405540073056717, AUROC test unknown: 0.8180009406398672, AUPR test unknown: 0.6341988943585687
2026-08-26 01:37:43,120 INFO Epoch: 91, loss: -0.1985340118408203, labeled_loss: 0.00022860316676087677, unnlabeled_loss: 0.0021129099186509848, mixup_loss: -1.9981906414031982, energy_loss: 0.0
2026-08-26 01:37:43,120 INFO Best AUROC test all: 0.8192795570779177, AUPR test all: 0.6405540073056717, AUROC test unknown: 0.8180009406398672, AUPR test unknown: 0.6341988943585687
2026-08-26 01:37:54,752 INFO Epoch: 92, loss: -0.1963944435119629, labeled_loss: 0.00021853977523278445, unnlabeled_loss: 0.006446277257055044, mixup_loss: -1.9983611106872559, energy_loss: 0.0
2026-08-26 01:37:54,753 INFO Best AUROC test all: 0.8192795570779177, AUPR test all: 0.6405540073056717, AUROC test unknown: 0.8180009406398672, AUPR test unknown: 0.6341988943585687
2026-08-26 01:38:06,510 INFO Epoch: 93, loss: -0.1992446780204773, labeled_loss: 0.00032163437572307885, unnlabeled_loss: 0.0005955209489911795, mixup_loss: -1.9986406564712524, energy_loss: 0.0
2026-08-26 01:38:06,510 INFO Best AUROC test all: 0.8192795570779177, AUPR test all: 0.6405540073056717, AUROC test unknown: 0.8180009406398672, AUPR test unknown: 0.6341988943585687
2026-08-26 01:38:18,137 INFO Epoch: 94, loss: -0.19929733872413635, labeled_loss: 0.0001810299145290628, unnlabeled_loss: 0.000625087704975158, mixup_loss: -1.9979090690612793, energy_loss: 0.0
2026-08-26 01:38:18,137 INFO Best AUROC test all: 0.8192795570779177, AUPR test all: 0.6405540073056717, AUROC test unknown: 0.8180009406398672, AUPR test unknown: 0.6341988943585687
2026-08-26 01:38:29,945 INFO Epoch: 95, loss: -0.18723496794700623, labeled_loss: 0.0001198456811835058, unnlabeled_loss: 0.024929102510213852, mixup_loss: -1.998193621635437, energy_loss: 0.0
2026-08-26 01:38:29,945 INFO Best AUROC test all: 0.8192795570779177, AUPR test all: 0.6405540073056717, AUROC test unknown: 0.8180009406398672, AUPR test unknown: 0.6341988943585687
2026-08-26 01:38:41,515 INFO Epoch: 96, loss: -0.19939012825489044, labeled_loss: 0.00013706093886867166, unnlabeled_loss: 0.0005658497684635222, mixup_loss: -1.9981011152267456, energy_loss: 0.0
2026-08-26 01:38:41,516 INFO Best AUROC test all: 0.8192795570779177, AUPR test all: 0.6405540073056717, AUROC test unknown: 0.8180009406398672, AUPR test unknown: 0.6341988943585687
2026-08-26 01:38:53,173 INFO Epoch: 97, loss: -0.19896703958511353, labeled_loss: 0.00023706231149844825, unnlabeled_loss: 0.0012544112978503108, mixup_loss: -1.998313069343567, energy_loss: 0.0
2026-08-26 01:38:53,173 INFO Best AUROC test all: 0.8192795570779177, AUPR test all: 0.6405540073056717, AUROC test unknown: 0.8180009406398672, AUPR test unknown: 0.6341988943585687
2026-08-26 01:39:04,858 INFO Epoch: 98, loss: -0.19903764128684998, labeled_loss: 0.00021874287631362677, unnlabeled_loss: 0.001113259349949658, mixup_loss: -1.9981300830841064, energy_loss: 0.0
2026-08-26 01:39:04,858 INFO Best AUROC test all: 0.8192795570779177, AUPR test all: 0.6405540073056717, AUROC test unknown: 0.8180009406398672, AUPR test unknown: 0.6341988943585687
2026-08-26 01:39:16,685 INFO Epoch: 99, loss: -0.1852218210697174, labeled_loss: 0.00014274200657382607, unnlabeled_loss: 0.028963541612029076, mixup_loss: -1.9984632730484009, energy_loss: 0.0
2026-08-26 01:39:16,685 INFO Best AUROC test all: 0.8192795570779177, AUPR test all: 0.6405540073056717, AUROC test unknown: 0.8180009406398672, AUPR test unknown: 0.6341988943585687
2026-08-26 01:39:28,451 INFO Epoch: 100, loss: -0.18800552189350128, labeled_loss: 0.0001366446231259033, unnlabeled_loss: 0.02336965687572956, mixup_loss: -1.998270034790039, energy_loss: 0.0
2026-08-26 01:39:28,451 INFO Best AUROC test all: 0.8192795570779177, AUPR test all: 0.6405540073056717, AUROC test unknown: 0.8180009406398672, AUPR test unknown: 0.6341988943585687
2026-08-26 01:39:40,053 INFO Epoch: 101, loss: -0.19916598498821259, labeled_loss: 0.0002610507362987846, unnlabeled_loss: 0.0008000317611731589, mixup_loss: -1.9982703924179077, energy_loss: 0.0
2026-08-26 01:39:40,053 INFO Best AUROC test all: 0.8192795570779177, AUPR test all: 0.6405540073056717, AUROC test unknown: 0.8180009406398672, AUPR test unknown: 0.6341988943585687
2026-08-26 01:39:51,715 INFO Epoch: 102, loss: -0.19009537994861603, labeled_loss: 0.00029635539976879954, unnlabeled_loss: 0.018841639161109924, mixup_loss: -1.9981255531311035, energy_loss: 0.0
2026-08-26 01:39:51,715 INFO Best AUROC test all: 0.8234174030992956, AUPR test all: 0.6405540073056717, AUROC test unknown: 0.8221258460999892, AUPR test unknown: 0.6341988943585687
2026-08-26 01:40:03,523 INFO Epoch: 103, loss: -0.19426001608371735, labeled_loss: 0.000383170583518222, unnlabeled_loss: 0.010343672707676888, mixup_loss: -1.9981502294540405, energy_loss: 0.0
2026-08-26 01:40:03,523 INFO Best AUROC test all: 0.8259043736117864, AUPR test all: 0.6405540073056717, AUROC test unknown: 0.8246486830809716, AUPR test unknown: 0.6341988943585687
2026-08-26 01:40:15,158 INFO Epoch: 104, loss: -0.19492846727371216, labeled_loss: 0.0002558855921961367, unnlabeled_loss: 0.009307615458965302, mixup_loss: -1.9983816146850586, energy_loss: 0.0
2026-08-26 01:40:15,159 INFO Best AUROC test all: 0.8290262622768796, AUPR test all: 0.6443716553334853, AUROC test unknown: 0.8276367792973802, AUPR test unknown: 0.6374758574872159
2026-08-26 01:40:26,864 INFO Epoch: 105, loss: -0.19287294149398804, labeled_loss: 0.00030495133250951767, unnlabeled_loss: 0.01335381530225277, mixup_loss: -1.9985480308532715, energy_loss: 0.0
2026-08-26 01:40:26,865 INFO Best AUROC test all: 0.8351894823943808, AUPR test all: 0.6583855854625946, AUROC test unknown: 0.8338788673136002, AUPR test unknown: 0.6521208755398908
2026-08-26 01:40:38,484 INFO Epoch: 106, loss: -0.19005697965621948, labeled_loss: 0.00041639775736257434, unnlabeled_loss: 0.01872081309556961, mixup_loss: -1.998337745666504, energy_loss: 0.0
2026-08-26 01:40:38,484 INFO Best AUROC test all: 0.8401977915530376, AUPR test all: 0.6697929023131746, AUROC test unknown: 0.8389877210747437, AUPR test unknown: 0.6639558343002301
2026-08-26 01:40:50,088 INFO Epoch: 107, loss: -0.1982983946800232, labeled_loss: 0.0005824407562613487, unnlabeled_loss: 0.0019274194492027164, mixup_loss: -1.9984453916549683, energy_loss: 0.0
2026-08-26 01:40:50,088 INFO Best AUROC test all: 0.8431132138390611, AUPR test all: 0.6787169116343021, AUROC test unknown: 0.8420097100405646, AUPR test unknown: 0.6732628284163644
2026-08-26 01:41:01,745 INFO Epoch: 108, loss: -0.18885645270347595, labeled_loss: 0.0005979312700219452, unnlabeled_loss: 0.02072831802070141, mixup_loss: -1.9981852769851685, energy_loss: 0.0
2026-08-26 01:41:01,745 INFO Best AUROC test all: 0.8469201929803822, AUPR test all: 0.6869205068357843, AUROC test unknown: 0.8457041961545193, AUPR test unknown: 0.6815585462921245
2026-08-26 01:41:13,482 INFO Epoch: 109, loss: -0.1977398842573166, labeled_loss: 0.0008710160618647933, unnlabeled_loss: 0.0024466475006192923, mixup_loss: -1.9983422756195068, energy_loss: 0.0
2026-08-26 01:41:13,482 INFO Best AUROC test all: 0.8472113929995165, AUPR test all: 0.6870244140952605, AUROC test unknown: 0.8460282944100643, AUPR test unknown: 0.6815585462921245
2026-08-26 01:41:25,079 INFO Epoch: 110, loss: -0.18971297144889832, labeled_loss: 0.0009379645343869925, unnlabeled_loss: 0.01834733970463276, mixup_loss: -1.9982459545135498, energy_loss: 0.0
2026-08-26 01:41:25,080 INFO Best AUROC test all: 0.8511325799512167, AUPR test all: 0.6947216984359827, AUROC test unknown: 0.8498488522661481, AUPR test unknown: 0.68936448027787
2026-08-26 01:41:36,737 INFO Epoch: 111, loss: -0.1901463270187378, labeled_loss: 0.0007895187009125948, unnlabeled_loss: 0.017841560766100883, mixup_loss: -1.9985662698745728, energy_loss: 0.0
2026-08-26 01:41:36,737 INFO Best AUROC test all: 0.8511325799512167, AUPR test all: 0.6947216984359827, AUROC test unknown: 0.8498488522661481, AUPR test unknown: 0.68936448027787
2026-08-26 01:41:48,363 INFO Epoch: 112, loss: -0.1978766769170761, labeled_loss: 0.0006683337269350886, unnlabeled_loss: 0.0025734638329595327, mixup_loss: -1.9983173608779907, energy_loss: 0.0
2026-08-26 01:41:48,363 INFO Best AUROC test all: 0.8511325799512167, AUPR test all: 0.6947216984359827, AUROC test unknown: 0.8498488522661481, AUPR test unknown: 0.68936448027787
2026-08-26 01:41:59,987 INFO Epoch: 113, loss: -0.18840035796165466, labeled_loss: 0.000865517882630229, unnlabeled_loss: 0.021119726821780205, mixup_loss: -1.9982572793960571, energy_loss: 0.0
2026-08-26 01:41:59,987 INFO Best AUROC test all: 0.8511325799512167, AUPR test all: 0.6947216984359827, AUROC test unknown: 0.8498488522661481, AUPR test unknown: 0.68936448027787
2026-08-26 01:42:11,683 INFO Epoch: 114, loss: -0.19842971861362457, labeled_loss: 0.0005496882949955761, unnlabeled_loss: 0.0017261842731386423, mixup_loss: -1.9984248876571655, energy_loss: 0.0
2026-08-26 01:42:11,683 INFO Best AUROC test all: 0.8511325799512167, AUPR test all: 0.6947216984359827, AUROC test unknown: 0.8498488522661481, AUPR test unknown: 0.68936448027787
2026-08-26 01:42:23,467 INFO Epoch: 115, loss: -0.1979721337556839, labeled_loss: 0.0006764454883523285, unnlabeled_loss: 0.0023796132300049067, mixup_loss: -1.99838387966156, energy_loss: 0.0
2026-08-26 01:42:23,467 INFO Best AUROC test all: 0.8511325799512167, AUPR test all: 0.6947216984359827, AUROC test unknown: 0.8498488522661481, AUPR test unknown: 0.68936448027787
2026-08-26 01:42:35,087 INFO Epoch: 116, loss: -0.1864280253648758, labeled_loss: 0.0006322693079710007, unnlabeled_loss: 0.025574423372745514, mixup_loss: -1.9984749555587769, energy_loss: 0.0
2026-08-26 01:42:35,087 INFO Best AUROC test all: 0.8511325799512167, AUPR test all: 0.6947216984359827, AUROC test unknown: 0.8498488522661481, AUPR test unknown: 0.68936448027787
2026-08-26 01:42:46,821 INFO Epoch: 117, loss: -0.19057327508926392, labeled_loss: 0.0005365547258406878, unnlabeled_loss: 0.01754484511911869, mixup_loss: -1.9988224506378174, energy_loss: 0.0
2026-08-26 01:42:46,821 INFO Best AUROC test all: 0.8511325799512167, AUPR test all: 0.6947216984359827, AUROC test unknown: 0.8498488522661481, AUPR test unknown: 0.68936448027787
2026-08-26 01:42:58,709 INFO Epoch: 118, loss: -0.19220565259456635, labeled_loss: 0.00048584965406917036, unnlabeled_loss: 0.014383841305971146, mixup_loss: -1.9988341331481934, energy_loss: 0.0
2026-08-26 01:42:58,709 INFO Best AUROC test all: 0.8511325799512167, AUPR test all: 0.6947216984359827, AUROC test unknown: 0.8498488522661481, AUPR test unknown: 0.68936448027787
2026-08-26 01:43:10,296 INFO Epoch: 119, loss: -0.19830183684825897, labeled_loss: 0.00047327682841569185, unnlabeled_loss: 0.002122574020177126, mixup_loss: -1.998363971710205, energy_loss: 0.0
2026-08-26 01:43:10,296 INFO Best AUROC test all: 0.8511325799512167, AUPR test all: 0.6947216984359827, AUROC test unknown: 0.8498488522661481, AUPR test unknown: 0.68936448027787
2026-08-26 01:43:21,961 INFO Epoch: 120, loss: -0.18990615010261536, labeled_loss: 0.00041109276935458183, unnlabeled_loss: 0.01906864531338215, mixup_loss: -1.9985156059265137, energy_loss: 0.0
2026-08-26 01:43:21,961 INFO Best AUROC test all: 0.8511325799512167, AUPR test all: 0.6947216984359827, AUROC test unknown: 0.8498488522661481, AUPR test unknown: 0.68936448027787
2026-08-26 01:43:33,681 INFO Epoch: 121, loss: -0.19794906675815582, labeled_loss: 0.0004222186398692429, unnlabeled_loss: 0.002895250916481018, mixup_loss: -1.998189091682434, energy_loss: 0.0
2026-08-26 01:43:33,682 INFO Best AUROC test all: 0.8511325799512167, AUPR test all: 0.6947216984359827, AUROC test unknown: 0.8498488522661481, AUPR test unknown: 0.68936448027787
2026-08-26 01:43:45,318 INFO Epoch: 122, loss: -0.19107505679130554, labeled_loss: 0.000388654472772032, unnlabeled_loss: 0.016790933907032013, mixup_loss: -1.998591661453247, energy_loss: 0.0
2026-08-26 01:43:45,318 INFO Best AUROC test all: 0.8511325799512167, AUPR test all: 0.6947216984359827, AUROC test unknown: 0.8498488522661481, AUPR test unknown: 0.68936448027787
2026-08-26 01:43:57,015 INFO Epoch: 123, loss: -0.1895471066236496, labeled_loss: 0.0003757441299967468, unnlabeled_loss: 0.01990695856511593, mixup_loss: -1.9987632036209106, energy_loss: 0.0
2026-08-26 01:43:57,015 INFO Best AUROC test all: 0.8511325799512167, AUPR test all: 0.6947216984359827, AUROC test unknown: 0.8498488522661481, AUPR test unknown: 0.68936448027787
2026-08-26 01:44:08,588 INFO Epoch: 124, loss: -0.19266147911548615, labeled_loss: 0.00038955549825914204, unnlabeled_loss: 0.013573129661381245, mixup_loss: -1.9983758926391602, energy_loss: 0.0
2026-08-26 01:44:08,588 INFO Best AUROC test all: 0.8527300542245622, AUPR test all: 0.6947216984359827, AUROC test unknown: 0.8514558700152703, AUPR test unknown: 0.68936448027787
2026-08-26 01:44:20,140 INFO Epoch: 125, loss: -0.19852560758590698, labeled_loss: 0.0004110183217562735, unnlabeled_loss: 0.0018653817242011428, mixup_loss: -1.9986931085586548, energy_loss: 0.0
2026-08-26 01:44:20,140 INFO Best AUROC test all: 0.8538266423869662, AUPR test all: 0.6947216984359827, AUROC test unknown: 0.8527592737294515, AUPR test unknown: 0.68936448027787
2026-08-26 01:44:31,947 INFO Epoch: 126, loss: -0.19002477824687958, labeled_loss: 0.00040483506745658815, unnlabeled_loss: 0.01888071931898594, mixup_loss: -1.99869966506958, energy_loss: 0.0
2026-08-26 01:44:31,947 INFO Best AUROC test all: 0.8559220866314308, AUPR test all: 0.7023136800949058, AUROC test unknown: 0.8547029904083518, AUPR test unknown: 0.6972532335807772
2026-08-26 01:44:43,604 INFO Epoch: 127, loss: -0.1893194019794464, labeled_loss: 0.00045021504047326744, unnlabeled_loss: 0.020171325653791428, mixup_loss: -1.9985527992248535, energy_loss: 0.0
2026-08-26 01:44:43,604 INFO Best AUROC test all: 0.8578185250311967, AUPR test all: 0.702664122584902, AUROC test unknown: 0.8566981033524573, AUPR test unknown: 0.6976534559291103
2026-08-26 01:44:55,299 INFO Epoch: 128, loss: -0.1984070986509323, labeled_loss: 0.0005693530547432601, unnlabeled_loss: 0.0017042671097442508, mixup_loss: -1.9982857704162598, energy_loss: 0.0
2026-08-26 01:44:55,299 INFO Best AUROC test all: 0.8578185250311967, AUPR test all: 0.7044640814055723, AUROC test unknown: 0.8567163775800857, AUPR test unknown: 0.6995969668496006
2026-08-26 01:45:06,911 INFO Epoch: 129, loss: -0.1894170641899109, labeled_loss: 0.0008520462433807552, unnlabeled_loss: 0.019136300310492516, mixup_loss: -1.9983726739883423, energy_loss: 0.0
2026-08-26 01:45:06,911 INFO Best AUROC test all: 0.8626632359860853, AUPR test all: 0.7116610992093937, AUROC test unknown: 0.8616823246526111, AUPR test unknown: 0.7070006600841224
2026-08-26 01:45:18,696 INFO Epoch: 130, loss: -0.19720011949539185, labeled_loss: 0.0005325018428266048, unnlabeled_loss: 0.0042535699903965, mixup_loss: -1.998594045639038, energy_loss: 0.0
2026-08-26 01:45:18,696 INFO Best AUROC test all: 0.8626632359860853, AUPR test all: 0.7121624482356003, AUROC test unknown: 0.8616823246526111, AUPR test unknown: 0.7074330471868635
2026-08-26 01:45:30,442 INFO Epoch: 131, loss: -0.18918894231319427, labeled_loss: 0.0006152701680548489, unnlabeled_loss: 0.0200849249958992, mixup_loss: -1.9984667301177979, energy_loss: 0.0
2026-08-26 01:45:30,442 INFO Best AUROC test all: 0.8659303244964484, AUPR test all: 0.7216309382281101, AUROC test unknown: 0.8647976533217449, AUPR test unknown: 0.7170290251088477
2026-08-26 01:45:42,162 INFO Epoch: 132, loss: -0.1872628927230835, labeled_loss: 0.0008140503778122365, unnlabeled_loss: 0.02352464757859707, mixup_loss: -1.9983925819396973, energy_loss: 0.0
2026-08-26 01:45:42,162 INFO Best AUROC test all: 0.8711067210583472, AUPR test all: 0.7281302165109385, AUROC test unknown: 0.870036803811588, AUPR test unknown: 0.7236082862753435
2026-08-26 01:45:53,822 INFO Epoch: 133, loss: -0.19763824343681335, labeled_loss: 0.0009676461922936141, unnlabeled_loss: 0.0025439804885536432, mixup_loss: -1.9987787008285522, energy_loss: 0.0
2026-08-26 01:45:53,822 INFO Best AUROC test all: 0.8731049759740436, AUPR test all: 0.732318777671414, AUROC test unknown: 0.8720992193989098, AUPR test unknown: 0.7279722405643716
2026-08-26 01:46:05,429 INFO Epoch: 134, loss: -0.18461288511753082, labeled_loss: 0.0009245931287296116, unnlabeled_loss: 0.028639206662774086, mixup_loss: -1.9985707998275757, energy_loss: 0.0
2026-08-26 01:46:05,429 INFO Best AUROC test all: 0.8740202483134455, AUPR test all: 0.734721323676081, AUROC test unknown: 0.8730413728327793, AUPR test unknown: 0.7303615659159206
2026-08-26 01:46:17,063 INFO Epoch: 135, loss: -0.19761934876441956, labeled_loss: 0.0007992879254743457, unnlabeled_loss: 0.0028950427658855915, mixup_loss: -1.9986616373062134, energy_loss: 0.0
2026-08-26 01:46:17,063 INFO Best AUROC test all: 0.8740202483134455, AUPR test all: 0.734721323676081, AUROC test unknown: 0.8730413728327793, AUPR test unknown: 0.7303615659159206
2026-08-26 01:46:28,685 INFO Epoch: 136, loss: -0.18733850121498108, labeled_loss: 0.0007139922236092389, unnlabeled_loss: 0.023607201874256134, mixup_loss: -1.998560905456543, energy_loss: 0.0
2026-08-26 01:46:28,686 INFO Best AUROC test all: 0.8740202483134455, AUPR test all: 0.7357916810964186, AUROC test unknown: 0.8730413728327793, AUPR test unknown: 0.7316715655174701
2026-08-26 01:46:40,341 INFO Epoch: 137, loss: -0.17181797325611115, labeled_loss: 0.0008077777456492186, unnlabeled_loss: 0.05445593595504761, mixup_loss: -1.9985371828079224, energy_loss: 0.0
2026-08-26 01:46:40,341 INFO Best AUROC test all: 0.8820947543060208, AUPR test all: 0.7518081403334612, AUROC test unknown: 0.8811845469491187, AUPR test unknown: 0.7477955367515157
2026-08-26 01:46:52,008 INFO Epoch: 138, loss: -0.1768302470445633, labeled_loss: 0.0010128938592970371, unnlabeled_loss: 0.0440521202981472, mixup_loss: -1.9986920356750488, energy_loss: 0.0
2026-08-26 01:46:52,008 INFO Best AUROC test all: 0.8887595688712654, AUPR test all: 0.7629317315558003, AUROC test unknown: 0.8879485275921801, AUPR test unknown: 0.7590073163342919
2026-08-26 01:47:03,736 INFO Epoch: 139, loss: -0.1653737723827362, labeled_loss: 0.0015962306642904878, unnlabeled_loss: 0.06580100208520889, mixup_loss: -1.9987049102783203, energy_loss: 0.0
2026-08-26 01:47:03,736 INFO Best AUROC test all: 0.9013085004555893, AUPR test all: 0.7883686252331626, AUROC test unknown: 0.9006768428486067, AUPR test unknown: 0.7850194484458699
2026-08-26 01:47:15,488 INFO Epoch: 140, loss: -0.1847187876701355, labeled_loss: 0.0027866156306117773, unnlabeled_loss: 0.02471483312547207, mixup_loss: -1.9986282587051392, energy_loss: 0.0
2026-08-26 01:47:15,488 INFO Best AUROC test all: 0.9090308434681457, AUPR test all: 0.8048296573713831, AUROC test unknown: 0.908401938293839, AUPR test unknown: 0.8018287432305213
2026-08-26 01:47:27,425 INFO Epoch: 141, loss: -0.14760179817676544, labeled_loss: 0.005420090164989233, unnlabeled_loss: 0.0937451720237732, mixup_loss: -1.998944640159607, energy_loss: 0.0
2026-08-26 01:47:27,425 INFO Best AUROC test all: 0.9130518691122378, AUPR test all: 0.8122050146552785, AUROC test unknown: 0.9123622178486646, AUPR test unknown: 0.8091732066262509
2026-08-26 01:47:38,987 INFO Epoch: 142, loss: -0.18041940033435822, labeled_loss: 0.008624711073935032, unnlabeled_loss: 0.02166810818016529, mixup_loss: -1.998781681060791, energy_loss: 0.0
2026-08-26 01:47:38,988 INFO Best AUROC test all: 0.9130518691122378, AUPR test all: 0.8122050146552785, AUROC test unknown: 0.9123622178486646, AUPR test unknown: 0.8091732066262509
2026-08-26 01:47:50,652 INFO Epoch: 143, loss: -0.15023483335971832, labeled_loss: 0.0031177671626210213, unnlabeled_loss: 0.09305870532989502, mixup_loss: -1.9988194704055786, energy_loss: 0.0
2026-08-26 01:47:50,652 INFO Best AUROC test all: 0.9130518691122378, AUPR test all: 0.8122050146552785, AUROC test unknown: 0.9123622178486646, AUPR test unknown: 0.8091732066262509
2026-08-26 01:48:02,381 INFO Epoch: 144, loss: -0.15640327334403992, labeled_loss: 0.0026143102440983057, unnlabeled_loss: 0.08171457052230835, mixup_loss: -1.9987486600875854, energy_loss: 0.0
2026-08-26 01:48:02,381 INFO Best AUROC test all: 0.9130518691122378, AUPR test all: 0.8122050146552785, AUROC test unknown: 0.9123622178486646, AUPR test unknown: 0.8091732066262509
2026-08-26 01:48:13,996 INFO Epoch: 145, loss: -0.12786619365215302, labeled_loss: 0.002322268206626177, unnlabeled_loss: 0.13927647471427917, mixup_loss: -1.9982669353485107, energy_loss: 0.0
2026-08-26 01:48:13,996 INFO Best AUROC test all: 0.9130518691122378, AUPR test all: 0.8122050146552785, AUROC test unknown: 0.9123622178486646, AUPR test unknown: 0.8091732066262509
2026-08-26 01:48:25,767 INFO Epoch: 146, loss: -0.13437360525131226, labeled_loss: 0.004355535376816988, unnlabeled_loss: 0.12226651608943939, mixup_loss: -1.9986240863800049, energy_loss: 0.0
2026-08-26 01:48:25,767 INFO Best AUROC test all: 0.9179031850778273, AUPR test all: 0.8297194293284704, AUROC test unknown: 0.9171763996893011, AUPR test unknown: 0.8268960768145754
2026-08-26 01:48:37,483 INFO Epoch: 147, loss: -0.12211956083774567, labeled_loss: 0.021827034652233124, unnlabeled_loss: 0.11187039315700531, mixup_loss: -1.9988179206848145, energy_loss: 0.0
2026-08-26 01:48:37,483 INFO Best AUROC test all: 0.925438287995945, AUPR test all: 0.8448241943405903, AUROC test unknown: 0.9250080762243291, AUPR test unknown: 0.8425521914351981
2026-08-26 01:48:49,310 INFO Epoch: 148, loss: -0.16222691535949707, labeled_loss: 0.018794944509863853, unnlabeled_loss: 0.03772490844130516, mixup_loss: -1.9988430738449097, energy_loss: 0.0
2026-08-26 01:48:49,311 INFO Best AUROC test all: 0.925438287995945, AUPR test all: 0.8448241943405903, AUROC test unknown: 0.9250080762243291, AUPR test unknown: 0.8425521914351981
2026-08-26 01:49:00,943 INFO Epoch: 149, loss: -0.13398009538650513, labeled_loss: 0.005062684882432222, unnlabeled_loss: 0.12170711904764175, mixup_loss: -1.9989633560180664, energy_loss: 0.0
2026-08-26 01:49:00,943 INFO Best AUROC test all: 0.925438287995945, AUPR test all: 0.8448241943405903, AUROC test unknown: 0.9250080762243291, AUPR test unknown: 0.8425521914351981
2026-08-26 01:49:12,790 INFO Epoch: 150, loss: -0.13987943530082703, labeled_loss: 0.0023223310708999634, unnlabeled_loss: 0.1153508722782135, mixup_loss: -1.9987720251083374, energy_loss: 0.0
2026-08-26 01:49:12,790 INFO Best AUROC test all: 0.925438287995945, AUPR test all: 0.8448241943405903, AUROC test unknown: 0.9250080762243291, AUPR test unknown: 0.8425521914351981
2026-08-26 01:49:24,515 INFO Epoch: 151, loss: -0.16193580627441406, labeled_loss: 0.001397592481225729, unnlabeled_loss: 0.07310638576745987, mixup_loss: -1.9988658428192139, energy_loss: 0.0
2026-08-26 01:49:24,515 INFO Best AUROC test all: 0.925438287995945, AUPR test all: 0.8448241943405903, AUROC test unknown: 0.9250080762243291, AUPR test unknown: 0.8425521914351981
2026-08-26 01:49:36,238 INFO Epoch: 152, loss: -0.1385849416255951, labeled_loss: 0.0019157499773427844, unnlabeled_loss: 0.11875347048044205, mixup_loss: -1.9987742900848389, energy_loss: 0.0
2026-08-26 01:49:36,238 INFO Best AUROC test all: 0.925438287995945, AUPR test all: 0.8448241943405903, AUROC test unknown: 0.9250080762243291, AUPR test unknown: 0.8425521914351981
2026-08-26 01:49:48,004 INFO Epoch: 153, loss: -0.15662358701229095, labeled_loss: 0.0015127850929275155, unnlabeled_loss: 0.08346053957939148, mixup_loss: -1.9986664056777954, energy_loss: 0.0
2026-08-26 01:49:48,004 INFO Best AUROC test all: 0.9275282127328599, AUPR test all: 0.8571971676430421, AUROC test unknown: 0.9271423722974595, AUPR test unknown: 0.8552788390903623
2026-08-26 01:49:59,729 INFO Epoch: 154, loss: -0.17992819845676422, labeled_loss: 0.0022522674407809973, unnlabeled_loss: 0.03542070835828781, mixup_loss: -1.9989081621170044, energy_loss: 0.0
2026-08-26 01:49:59,730 INFO Best AUROC test all: 0.9299811830788457, AUPR test all: 0.8613239645816457, AUROC test unknown: 0.9294942412504477, AUPR test unknown: 0.859365673496772
2026-08-26 01:50:11,374 INFO Epoch: 155, loss: -0.12426356226205826, labeled_loss: 0.0027902114670723677, unnlabeled_loss: 0.1456315666437149, mixup_loss: -1.9986954927444458, energy_loss: 0.0
2026-08-26 01:50:11,374 INFO Best AUROC test all: 0.9362842399201143, AUPR test all: 0.8721896275337485, AUROC test unknown: 0.9357565999165216, AUPR test unknown: 0.8702523565168476
2026-08-26 01:50:23,076 INFO Epoch: 156, loss: -0.16925527155399323, labeled_loss: 0.005622032564133406, unnlabeled_loss: 0.04994721710681915, mixup_loss: -1.998509168624878, energy_loss: 0.0
2026-08-26 01:50:23,076 INFO Best AUROC test all: 0.9394209576621574, AUPR test all: 0.8798260527887736, AUROC test unknown: 0.939088173612591, AUPR test unknown: 0.8782962227810327
2026-08-26 01:50:34,844 INFO Epoch: 157, loss: -0.18214552104473114, labeled_loss: 0.007854277268052101, unnlabeled_loss: 0.0197476614266634, mixup_loss: -1.9987362623214722, energy_loss: 0.0
2026-08-26 01:50:34,844 INFO Best AUROC test all: 0.9422154935336668, AUPR test all: 0.8837543620589147, AUROC test unknown: 0.9418862754329103, AUPR test unknown: 0.88217252594188
2026-08-26 01:50:46,496 INFO Epoch: 158, loss: -0.1622389256954193, labeled_loss: 0.00765096303075552, unnlabeled_loss: 0.05994635820388794, mixup_loss: -1.9986305236816406, energy_loss: 0.0
2026-08-26 01:50:46,496 INFO Best AUROC test all: 0.9441688472554479, AUPR test all: 0.8880039510775612, AUROC test unknown: 0.9437243767332312, AUPR test unknown: 0.8863299058246583
2026-08-26 01:50:58,252 INFO Epoch: 159, loss: -0.18114401400089264, labeled_loss: 0.007267142180353403, unnlabeled_loss: 0.022901546210050583, mixup_loss: -1.9986193180084229, energy_loss: 0.0
2026-08-26 01:50:58,252 INFO Best AUROC test all: 0.9449790465694651, AUPR test all: 0.8911869219573376, AUROC test unknown: 0.9445425848467837, AUPR test unknown: 0.8896249837424752
2026-08-26 01:51:09,911 INFO Epoch: 160, loss: -0.1546243578195572, labeled_loss: 0.00622825650498271, unnlabeled_loss: 0.07809202373027802, mixup_loss: -1.9989862442016602, energy_loss: 0.0
2026-08-26 01:51:09,911 INFO Best AUROC test all: 0.9454496029864216, AUPR test all: 0.8911869219573376, AUROC test unknown: 0.9450340389989473, AUPR test unknown: 0.8896249837424752
2026-08-26 01:51:21,592 INFO Epoch: 161, loss: -0.17038016021251678, labeled_loss: 0.0028295170050114393, unnlabeled_loss: 0.05332384631037712, mixup_loss: -1.9987159967422485, energy_loss: 0.0
2026-08-26 01:51:21,592 INFO Best AUROC test all: 0.9455289551066254, AUPR test all: 0.8911869219573376, AUROC test unknown: 0.9450873759722692, AUPR test unknown: 0.8896249837424752
2026-08-26 01:51:33,321 INFO Epoch: 162, loss: -0.16017350554466248, labeled_loss: 0.00274078780785203, unnlabeled_loss: 0.07388544827699661, mixup_loss: -1.9985700845718384, energy_loss: 0.0
2026-08-26 01:51:33,321 INFO Best AUROC test all: 0.9455289551066254, AUPR test all: 0.8931566467873823, AUROC test unknown: 0.9450873759722692, AUPR test unknown: 0.8916263599045333
2026-08-26 01:51:45,193 INFO Epoch: 163, loss: -0.15852919220924377, labeled_loss: 0.002005040179938078, unnlabeled_loss: 0.07870438694953918, mixup_loss: -1.9988641738891602, energy_loss: 0.0
2026-08-26 01:51:45,193 INFO Best AUROC test all: 0.9463363302726131, AUPR test all: 0.8943993871213334, AUROC test unknown: 0.9458999848179053, AUPR test unknown: 0.8928373601028425
2026-08-26 01:51:56,941 INFO Epoch: 164, loss: -0.16161097586154938, labeled_loss: 0.0021194915752857924, unnlabeled_loss: 0.07230079174041748, mixup_loss: -1.9988086223602295, energy_loss: 0.0
2026-08-26 01:51:56,941 INFO Best AUROC test all: 0.9484284996092648, AUPR test all: 0.8980278798382363, AUROC test unknown: 0.9481357177114688, AUPR test unknown: 0.8966861882795123
2026-08-26 01:52:08,667 INFO Epoch: 165, loss: -0.18494057655334473, labeled_loss: 0.002357678720727563, unnlabeled_loss: 0.02513413317501545, mixup_loss: -1.9986531734466553, energy_loss: 0.0
2026-08-26 01:52:08,667 INFO Best AUROC test all: 0.9494659186507379, AUPR test all: 0.899660810654913, AUROC test unknown: 0.949130595263465, AUPR test unknown: 0.898309886485525
2026-08-26 01:52:20,376 INFO Epoch: 166, loss: -0.17100107669830322, labeled_loss: 0.002369482768699527, unnlabeled_loss: 0.05304247885942459, mixup_loss: -1.998918056488037, energy_loss: 0.0
2026-08-26 01:52:20,376 INFO Best AUROC test all: 0.9510259062686428, AUPR test all: 0.9029416365539149, AUROC test unknown: 0.9506490740083005, AUPR test unknown: 0.9015877691332088
2026-08-26 01:52:32,247 INFO Epoch: 167, loss: -0.16764137148857117, labeled_loss: 0.002185169840231538, unnlabeled_loss: 0.06015627458691597, mixup_loss: -1.999046802520752, energy_loss: 0.0
2026-08-26 01:52:32,247 INFO Best AUROC test all: 0.9525392724461124, AUPR test all: 0.9047005062958573, AUROC test unknown: 0.9521510428056141, AUPR test unknown: 0.9033193061887068
2026-08-26 01:52:43,984 INFO Epoch: 168, loss: -0.16974419355392456, labeled_loss: 0.0029716549906879663, unnlabeled_loss: 0.05432011932134628, mixup_loss: -1.9987590312957764, energy_loss: 0.0
2026-08-26 01:52:43,984 INFO Best AUROC test all: 0.9545266631311154, AUPR test all: 0.9081791959318137, AUROC test unknown: 0.9541893248982172, AUPR test unknown: 0.9068812986680099
2026-08-26 01:52:55,617 INFO Epoch: 169, loss: -0.15084026753902435, labeled_loss: 0.0027046927716583014, unnlabeled_loss: 0.09268225729465485, mixup_loss: -1.9988608360290527, energy_loss: 0.0
2026-08-26 01:52:55,617 INFO Best AUROC test all: 0.9552604632614677, AUPR test all: 0.9086153400676644, AUROC test unknown: 0.9549086683260186, AUPR test unknown: 0.907291400561816
2026-08-26 01:53:07,425 INFO Epoch: 170, loss: -0.14036864042282104, labeled_loss: 0.002945046406239271, unnlabeled_loss: 0.11317431181669235, mixup_loss: -1.9990085363388062, energy_loss: 0.0
2026-08-26 01:53:07,425 INFO Best AUROC test all: 0.9563796262097496, AUPR test all: 0.9104247462449535, AUROC test unknown: 0.9560237397816842, AUPR test unknown: 0.9090759163445556
2026-08-26 01:53:19,096 INFO Epoch: 171, loss: -0.17125806212425232, labeled_loss: 0.0059392498806118965, unnlabeled_loss: 0.04535997286438942, mixup_loss: -1.9987729787826538, energy_loss: 0.0
2026-08-26 01:53:19,096 INFO Best AUROC test all: 0.9563796262097496, AUPR test all: 0.9104247462449535, AUROC test unknown: 0.9560237397816842, AUPR test unknown: 0.9090759163445556
2026-08-26 01:53:30,819 INFO Epoch: 172, loss: -0.17004579305648804, labeled_loss: 0.011486080475151539, unnlabeled_loss: 0.03668903931975365, mixup_loss: -1.998763918876648, energy_loss: 0.0
2026-08-26 01:53:30,819 INFO Best AUROC test all: 0.9566614430660495, AUPR test all: 0.9104247462449535, AUROC test unknown: 0.9562949839195154, AUPR test unknown: 0.9090759163445556
2026-08-26 01:53:42,600 INFO Epoch: 173, loss: -0.15190541744232178, labeled_loss: 0.006203855387866497, unnlabeled_loss: 0.08358830213546753, mixup_loss: -1.9990342855453491, energy_loss: 0.0
2026-08-26 01:53:42,600 INFO Best AUROC test all: 0.9589508152082671, AUPR test all: 0.9132558130368607, AUROC test unknown: 0.9586232486618167, AUPR test unknown: 0.9119584603977808
2026-08-26 01:53:54,391 INFO Epoch: 174, loss: -0.154391810297966, labeled_loss: 0.006168809719383717, unnlabeled_loss: 0.07866059243679047, mixup_loss: -1.9989091157913208, energy_loss: 0.0
2026-08-26 01:53:54,391 INFO Best AUROC test all: 0.9595228937674183, AUPR test all: 0.9147860287982026, AUROC test unknown: 0.9591829154543046, AUPR test unknown: 0.9134916624066933
2026-08-26 01:54:06,121 INFO Epoch: 175, loss: -0.1561112254858017, labeled_loss: 0.004249515477567911, unnlabeled_loss: 0.07903563231229782, mixup_loss: -1.9987856149673462, energy_loss: 0.0
2026-08-26 01:54:06,121 INFO Best AUROC test all: 0.9595228937674183, AUPR test all: 0.9162062227276988, AUROC test unknown: 0.9591829154543046, AUPR test unknown: 0.915029989488646
2026-08-26 01:54:17,896 INFO Epoch: 176, loss: -0.16903626918792725, labeled_loss: 0.003795237047597766, unnlabeled_loss: 0.05407895892858505, mixup_loss: -1.998709797859192, energy_loss: 0.0
2026-08-26 01:54:17,896 INFO Best AUROC test all: 0.9595228937674183, AUPR test all: 0.9162062227276988, AUROC test unknown: 0.9591829154543046, AUPR test unknown: 0.915029989488646
2026-08-26 01:54:29,667 INFO Epoch: 177, loss: -0.18195921182632446, labeled_loss: 0.003869494656100869, unnlabeled_loss: 0.028146328404545784, mixup_loss: -1.9990185499191284, energy_loss: 0.0
2026-08-26 01:54:29,667 INFO Best AUROC test all: 0.9608132258439902, AUPR test all: 0.9176656922298294, AUROC test unknown: 0.9604808499001557, AUPR test unknown: 0.916389142638659
2026-08-26 01:54:41,396 INFO Epoch: 178, loss: -0.1754404753446579, labeled_loss: 0.0026828765403479338, unnlabeled_loss: 0.04354283586144447, mixup_loss: -1.9989477396011353, energy_loss: 0.0
2026-08-26 01:54:41,396 INFO Best AUROC test all: 0.9608132258439902, AUPR test all: 0.9176656922298294, AUROC test unknown: 0.9604808499001557, AUPR test unknown: 0.916389142638659
2026-08-26 01:54:53,147 INFO Epoch: 179, loss: -0.18989607691764832, labeled_loss: 0.0024056974798440933, unnlabeled_loss: 0.015134134329855442, mixup_loss: -1.9986884593963623, energy_loss: 0.0
2026-08-26 01:54:53,147 INFO Best AUROC test all: 0.9608132258439902, AUPR test all: 0.9176656922298294, AUROC test unknown: 0.9604808499001557, AUPR test unknown: 0.916389142638659
2026-08-26 01:55:04,868 INFO Epoch: 180, loss: -0.1563933789730072, labeled_loss: 0.002257950371131301, unnlabeled_loss: 0.08250629156827927, mixup_loss: -1.99904465675354, energy_loss: 0.0
2026-08-26 01:55:04,868 INFO Best AUROC test all: 0.9608132258439902, AUPR test all: 0.9176656922298294, AUROC test unknown: 0.9604808499001557, AUPR test unknown: 0.916389142638659
2026-08-26 01:55:16,656 INFO Epoch: 181, loss: -0.1643398106098175, labeled_loss: 0.0013602853287011385, unnlabeled_loss: 0.06839282810688019, mixup_loss: -1.9989651441574097, energy_loss: 0.0
2026-08-26 01:55:16,657 INFO Best AUROC test all: 0.9608132258439902, AUPR test all: 0.9176656922298294, AUROC test unknown: 0.9604808499001557, AUPR test unknown: 0.916389142638659
2026-08-26 01:55:28,351 INFO Epoch: 182, loss: -0.19298560917377472, labeled_loss: 0.0017038417281582952, unnlabeled_loss: 0.01042961236089468, mixup_loss: -1.9990426301956177, energy_loss: 0.0
2026-08-26 01:55:28,351 INFO Best AUROC test all: 0.9608132258439902, AUPR test all: 0.9176656922298294, AUROC test unknown: 0.9604808499001557, AUPR test unknown: 0.916389142638659
2026-08-26 01:55:39,984 INFO Epoch: 183, loss: -0.18062162399291992, labeled_loss: 0.0018311296589672565, unnlabeled_loss: 0.034873105585575104, mixup_loss: -1.9988930225372314, energy_loss: 0.0
2026-08-26 01:55:39,984 INFO Best AUROC test all: 0.9608132258439902, AUPR test all: 0.9176656922298294, AUROC test unknown: 0.9604808499001557, AUPR test unknown: 0.916389142638659
2026-08-26 01:55:51,645 INFO Epoch: 184, loss: -0.15530632436275482, labeled_loss: 0.0013572481693699956, unnlabeled_loss: 0.08645627647638321, mixup_loss: -1.9989171028137207, energy_loss: 0.0
2026-08-26 01:55:51,645 INFO Best AUROC test all: 0.9608132258439902, AUPR test all: 0.9176656922298294, AUROC test unknown: 0.9604808499001557, AUPR test unknown: 0.916389142638659
2026-08-26 01:56:03,347 INFO Epoch: 185, loss: -0.1406756341457367, labeled_loss: 0.0013921984937041998, unnlabeled_loss: 0.11559396237134933, mixup_loss: -1.9986480474472046, energy_loss: 0.0
2026-08-26 01:56:03,347 INFO Best AUROC test all: 0.9608132258439902, AUPR test all: 0.9176656922298294, AUROC test unknown: 0.9604808499001557, AUPR test unknown: 0.916389142638659
2026-08-26 01:56:15,261 INFO Epoch: 186, loss: -0.12072644382715225, labeled_loss: 0.00493654003366828, unnlabeled_loss: 0.14843899011611938, mixup_loss: -1.9988247156143188, energy_loss: 0.0
2026-08-26 01:56:15,261 INFO Best AUROC test all: 0.9608132258439902, AUPR test all: 0.9176656922298294, AUROC test unknown: 0.9604808499001557, AUPR test unknown: 0.916389142638659
2026-08-26 01:56:26,887 INFO Epoch: 187, loss: -0.1761743575334549, labeled_loss: 0.005008265841752291, unnlabeled_loss: 0.03741035610437393, mixup_loss: -1.998878002166748, energy_loss: 0.0
2026-08-26 01:56:26,887 INFO Best AUROC test all: 0.9608132258439902, AUPR test all: 0.9176656922298294, AUROC test unknown: 0.9604808499001557, AUPR test unknown: 0.916389142638659
2026-08-26 01:56:38,517 INFO Epoch: 188, loss: -0.16144517064094543, labeled_loss: 0.006967852357774973, unnlabeled_loss: 0.06296287477016449, mixup_loss: -1.9989445209503174, energy_loss: 0.0
2026-08-26 01:56:38,517 INFO Best AUROC test all: 0.9615676965301156, AUPR test all: 0.9184767637795888, AUROC test unknown: 0.9612886487610807, AUPR test unknown: 0.9173496143602842
2026-08-26 01:56:50,356 INFO Epoch: 189, loss: -0.15623994171619415, labeled_loss: 0.006676723714917898, unnlabeled_loss: 0.07395743578672409, mixup_loss: -1.9989538192749023, energy_loss: 0.0
2026-08-26 01:56:50,356 INFO Best AUROC test all: 0.9629216593295546, AUPR test all: 0.9220351962665713, AUROC test unknown: 0.9627019299831512, AUPR test unknown: 0.9210212298845776
2026-08-26 01:57:02,078 INFO Epoch: 190, loss: -0.16617915034294128, labeled_loss: 0.00441847974434495, unnlabeled_loss: 0.05860418826341629, mixup_loss: -1.9989970922470093, energy_loss: 0.0
2026-08-26 01:57:02,078 INFO Best AUROC test all: 0.9656071113335268, AUPR test all: 0.9258021566834568, AUROC test unknown: 0.9653117366876942, AUPR test unknown: 0.9246548216801445
2026-08-26 01:57:13,900 INFO Epoch: 191, loss: -0.14148306846618652, labeled_loss: 0.003074576845392585, unnlabeled_loss: 0.11063533276319504, mixup_loss: -1.9987530708312988, energy_loss: 0.0
2026-08-26 01:57:13,901 INFO Best AUROC test all: 0.9656071113335268, AUPR test all: 0.9258021566834568, AUROC test unknown: 0.9653117366876942, AUPR test unknown: 0.9246548216801445
2026-08-26 01:57:25,606 INFO Epoch: 192, loss: -0.13896673917770386, labeled_loss: 0.004098594654351473, unnlabeled_loss: 0.11368484795093536, mixup_loss: -1.9990774393081665, energy_loss: 0.0
2026-08-26 01:57:25,606 INFO Best AUROC test all: 0.9660139726333616, AUPR test all: 0.9279730982245457, AUROC test unknown: 0.9657610152596301, AUPR test unknown: 0.9269574654541566
2026-08-26 01:57:37,299 INFO Epoch: 193, loss: -0.14864733815193176, labeled_loss: 0.003760166233405471, unnlabeled_loss: 0.09498021006584167, mixup_loss: -1.9989759922027588, energy_loss: 0.0
2026-08-26 01:57:37,299 INFO Best AUROC test all: 0.966761461142437, AUPR test all: 0.9279730982245457, AUROC test unknown: 0.9664834415347752, AUPR test unknown: 0.9269574654541566
2026-08-26 01:57:48,948 INFO Epoch: 194, loss: -0.13113227486610413, labeled_loss: 0.0052509307861328125, unnlabeled_loss: 0.12704138457775116, mixup_loss: -1.9990389347076416, energy_loss: 0.0
2026-08-26 01:57:48,949 INFO Best AUROC test all: 0.968584122124624, AUPR test all: 0.9281858436232084, AUROC test unknown: 0.9683277735295771, AUPR test unknown: 0.9270874101374379
2026-08-26 01:58:00,704 INFO Epoch: 195, loss: -0.1488579958677292, labeled_loss: 0.010024628601968288, unnlabeled_loss: 0.08203726261854172, mixup_loss: -1.9990124702453613, energy_loss: 0.0
2026-08-26 01:58:00,704 INFO Best AUROC test all: 0.968584122124624, AUPR test all: 0.9281858436232084, AUROC test unknown: 0.9683277735295771, AUPR test unknown: 0.9270874101374379
2026-08-26 01:58:12,319 INFO Epoch: 196, loss: -0.12967833876609802, labeled_loss: 0.011039595119655132, unnlabeled_loss: 0.1183803454041481, mixup_loss: -1.999081015586853, energy_loss: 0.0
2026-08-26 01:58:12,320 INFO Best AUROC test all: 0.96930096816762, AUPR test all: 0.9289329485243629, AUROC test unknown: 0.9690743890135491, AUPR test unknown: 0.9279119687827377
2026-08-26 01:58:24,028 INFO Epoch: 197, loss: -0.16103795170783997, labeled_loss: 0.008824502117931843, unnlabeled_loss: 0.06008544936776161, mixup_loss: -1.999051809310913, energy_loss: 0.0
2026-08-26 01:58:24,028 INFO Best AUROC test all: 0.96930096816762, AUPR test all: 0.9289329485243629, AUROC test unknown: 0.9690743890135491, AUPR test unknown: 0.9279119687827377
2026-08-26 01:58:35,826 INFO Epoch: 198, loss: -0.1553717404603958, labeled_loss: 0.006077858619391918, unnlabeled_loss: 0.07691045105457306, mixup_loss: -1.9990482330322266, energy_loss: 0.0
2026-08-26 01:58:35,826 INFO Best AUROC test all: 0.96930096816762, AUPR test all: 0.929714406929946, AUROC test unknown: 0.9690743890135491, AUPR test unknown: 0.9286812235300983
2026-08-26 01:58:47,487 INFO Epoch: 199, loss: -0.1681213527917862, labeled_loss: 0.0037996668834239244, unnlabeled_loss: 0.056024689227342606, mixup_loss: -1.9993336200714111, energy_loss: 0.0
2026-08-26 01:58:47,487 INFO Best AUROC test all: 0.96930096816762, AUPR test all: 0.929714406929946, AUROC test unknown: 0.9690743890135491, AUPR test unknown: 0.9286812235300983
2026-08-26 01:58:59,191 INFO Epoch: 200, loss: -0.17528888583183289, labeled_loss: 0.002970378613099456, unnlabeled_loss: 0.043305594474077225, mixup_loss: -1.9991204738616943, energy_loss: 0.0
2026-08-26 01:58:59,192 INFO Best AUROC test all: 0.96930096816762, AUPR test all: 0.929714406929946, AUROC test unknown: 0.9690743890135491, AUPR test unknown: 0.9286812235300983
2026-08-26 01:59:10,959 INFO Epoch: 201, loss: -0.1413978934288025, labeled_loss: 0.0021847786847501993, unnlabeled_loss: 0.1126646175980568, mixup_loss: -1.9991497993469238, energy_loss: 0.0
2026-08-26 01:59:10,959 INFO Best AUROC test all: 0.96930096816762, AUPR test all: 0.929714406929946, AUROC test unknown: 0.9690743890135491, AUPR test unknown: 0.9286812235300983
2026-08-26 01:59:22,725 INFO Epoch: 202, loss: -0.16498006880283356, labeled_loss: 0.001425679656676948, unnlabeled_loss: 0.06698735058307648, mixup_loss: -1.9989941120147705, energy_loss: 0.0
2026-08-26 01:59:22,725 INFO Best AUROC test all: 0.96930096816762, AUPR test all: 0.929714406929946, AUROC test unknown: 0.9690743890135491, AUPR test unknown: 0.9286812235300983
2026-08-26 01:59:34,471 INFO Epoch: 203, loss: -0.12439700216054916, labeled_loss: 0.001673404243774712, unnlabeled_loss: 0.1476839780807495, mixup_loss: -1.9991239309310913, energy_loss: 0.0
2026-08-26 01:59:34,471 INFO Best AUROC test all: 0.96930096816762, AUPR test all: 0.929714406929946, AUROC test unknown: 0.9690743890135491, AUPR test unknown: 0.9286812235300983
2026-08-26 01:59:46,090 INFO Epoch: 204, loss: -0.15572364628314972, labeled_loss: 0.0021508787758648396, unnlabeled_loss: 0.08407759666442871, mixup_loss: -1.9991332292556763, energy_loss: 0.0
2026-08-26 01:59:46,090 INFO Best AUROC test all: 0.96930096816762, AUPR test all: 0.929714406929946, AUROC test unknown: 0.9690743890135491, AUPR test unknown: 0.9286812235300983
2026-08-26 01:59:57,793 INFO Epoch: 205, loss: -0.12748053669929504, labeled_loss: 0.009230883792042732, unnlabeled_loss: 0.12641866505146027, mixup_loss: -1.9992073774337769, energy_loss: 0.0
2026-08-26 01:59:57,793 INFO Best AUROC test all: 0.96930096816762, AUPR test all: 0.929714406929946, AUROC test unknown: 0.9690743890135491, AUPR test unknown: 0.9286812235300983
2026-08-26 02:00:09,545 INFO Epoch: 206, loss: -0.13874594867229462, labeled_loss: 0.010387932881712914, unnlabeled_loss: 0.10152523964643478, mixup_loss: -1.9989649057388306, energy_loss: 0.0
2026-08-26 02:00:09,545 INFO Best AUROC test all: 0.96930096816762, AUPR test all: 0.929714406929946, AUROC test unknown: 0.9690743890135491, AUPR test unknown: 0.9286812235300983
2026-08-26 02:00:21,411 INFO Epoch: 207, loss: -0.16127842664718628, labeled_loss: 0.011659064330160618, unnlabeled_loss: 0.05395278334617615, mixup_loss: -1.9991387128829956, energy_loss: 0.0
2026-08-26 02:00:21,411 INFO Best AUROC test all: 0.96930096816762, AUPR test all: 0.929714406929946, AUROC test unknown: 0.9690743890135491, AUPR test unknown: 0.9286812235300983
2026-08-26 02:00:33,191 INFO Epoch: 208, loss: -0.1535041630268097, labeled_loss: 0.007581840269267559, unnlabeled_loss: 0.0776522159576416, mixup_loss: -1.999121069908142, energy_loss: 0.0
2026-08-26 02:00:33,191 INFO Best AUROC test all: 0.96930096816762, AUPR test all: 0.9305661957135462, AUROC test unknown: 0.9690743890135491, AUPR test unknown: 0.9295215962256738
2026-08-26 02:00:44,782 INFO Epoch: 209, loss: -0.14642071723937988, labeled_loss: 0.00257195346057415, unnlabeled_loss: 0.10181774944067001, mixup_loss: -1.9990154504776, energy_loss: 0.0
2026-08-26 02:00:44,782 INFO Best AUROC test all: 0.96930096816762, AUPR test all: 0.9306255938702335, AUROC test unknown: 0.9690743890135491, AUPR test unknown: 0.929705086829758
2026-08-26 02:00:56,647 INFO Epoch: 210, loss: -0.14660152792930603, labeled_loss: 0.0018517543794587255, unnlabeled_loss: 0.10291099548339844, mixup_loss: -1.9990876913070679, energy_loss: 0.0
2026-08-26 02:00:56,647 INFO Best AUROC test all: 0.96930096816762, AUPR test all: 0.9306255938702335, AUROC test unknown: 0.9690743890135491, AUPR test unknown: 0.929705086829758
2026-08-26 02:01:08,259 INFO Epoch: 211, loss: -0.15398049354553223, labeled_loss: 0.0018262258963659406, unnlabeled_loss: 0.0882047563791275, mixup_loss: -1.9990909099578857, energy_loss: 0.0
2026-08-26 02:01:08,259 INFO Best AUROC test all: 0.96930096816762, AUPR test all: 0.9306255938702335, AUROC test unknown: 0.9690743890135491, AUPR test unknown: 0.929705086829758
2026-08-26 02:01:19,923 INFO Epoch: 212, loss: -0.14837244153022766, labeled_loss: 0.002513805404305458, unnlabeled_loss: 0.0980537161231041, mixup_loss: -1.9991310834884644, energy_loss: 0.0
2026-08-26 02:01:19,923 INFO Best AUROC test all: 0.96930096816762, AUPR test all: 0.9306255938702335, AUROC test unknown: 0.9690743890135491, AUPR test unknown: 0.929705086829758
2026-08-26 02:01:31,659 INFO Epoch: 213, loss: -0.16168005764484406, labeled_loss: 0.0030295762699097395, unnlabeled_loss: 0.07043460756540298, mixup_loss: -1.9992693662643433, energy_loss: 0.0
2026-08-26 02:01:31,660 INFO Best AUROC test all: 0.96930096816762, AUPR test all: 0.9306255938702335, AUROC test unknown: 0.9690743890135491, AUPR test unknown: 0.929705086829758
2026-08-26 02:01:43,272 INFO Epoch: 214, loss: -0.15527775883674622, labeled_loss: 0.010515319183468819, unnlabeled_loss: 0.0682554692029953, mixup_loss: -1.9992082118988037, energy_loss: 0.0
2026-08-26 02:01:43,272 INFO Best AUROC test all: 0.96930096816762, AUPR test all: 0.9306255938702335, AUROC test unknown: 0.9690743890135491, AUPR test unknown: 0.929705086829758
2026-08-26 02:01:55,020 INFO Epoch: 215, loss: -0.18024565279483795, labeled_loss: 0.0037436343263834715, unnlabeled_loss: 0.03184876590967178, mixup_loss: -1.9991366863250732, energy_loss: 0.0
2026-08-26 02:01:55,020 INFO Best AUROC test all: 0.96930096816762, AUPR test all: 0.9306255938702335, AUROC test unknown: 0.9690743890135491, AUPR test unknown: 0.929705086829758
2026-08-26 02:02:06,746 INFO Epoch: 216, loss: -0.15505573153495789, labeled_loss: 0.003584226593375206, unnlabeled_loss: 0.08255771547555923, mixup_loss: -1.9991881847381592, energy_loss: 0.0
2026-08-26 02:02:06,746 INFO Best AUROC test all: 0.9694893489602858, AUPR test all: 0.9306255938702335, AUROC test unknown: 0.9692460813249557, AUPR test unknown: 0.929705086829758
2026-08-26 02:02:18,551 INFO Epoch: 217, loss: -0.17312930524349213, labeled_loss: 0.0031459464225918055, unnlabeled_loss: 0.047279804944992065, mixup_loss: -1.999151587486267, energy_loss: 0.0
2026-08-26 02:02:18,552 INFO Best AUROC test all: 0.9694893489602858, AUPR test all: 0.9306255938702335, AUROC test unknown: 0.9692460813249557, AUPR test unknown: 0.929705086829758
2026-08-26 02:02:30,232 INFO Epoch: 218, loss: -0.15580005943775177, labeled_loss: 0.0030090094078332186, unnlabeled_loss: 0.08222256600856781, mixup_loss: -1.9992035627365112, energy_loss: 0.0
2026-08-26 02:02:30,232 INFO Best AUROC test all: 0.9706420981120065, AUPR test all: 0.9331017603964261, AUROC test unknown: 0.970562791425413, AUPR test unknown: 0.9323598165156701
2026-08-26 02:02:41,892 INFO Epoch: 219, loss: -0.14510628581047058, labeled_loss: 0.0023375293239951134, unnlabeled_loss: 0.1049426943063736, mixup_loss: -1.9991517066955566, energy_loss: 0.0
2026-08-26 02:02:41,893 INFO Best AUROC test all: 0.9706420981120065, AUPR test all: 0.9331017603964261, AUROC test unknown: 0.970562791425413, AUPR test unknown: 0.9323598165156701
2026-08-26 02:02:53,499 INFO Epoch: 220, loss: -0.1643514484167099, labeled_loss: 0.003315180540084839, unnlabeled_loss: 0.06448203325271606, mixup_loss: -1.9990763664245605, energy_loss: 0.0
2026-08-26 02:02:53,499 INFO Best AUROC test all: 0.9706420981120065, AUPR test all: 0.9331017603964261, AUROC test unknown: 0.970562791425413, AUPR test unknown: 0.9323598165156701
2026-08-26 02:03:05,262 INFO Epoch: 221, loss: -0.13394445180892944, labeled_loss: 0.0032987671438604593, unnlabeled_loss: 0.12535899877548218, mixup_loss: -1.9992272853851318, energy_loss: 0.0
2026-08-26 02:03:05,262 INFO Best AUROC test all: 0.9706420981120065, AUPR test all: 0.9331017603964261, AUROC test unknown: 0.970562791425413, AUPR test unknown: 0.9323598165156701
2026-08-26 02:03:16,977 INFO Epoch: 222, loss: -0.14428502321243286, labeled_loss: 0.005573798902332783, unnlabeled_loss: 0.10007971525192261, mixup_loss: -1.9989867210388184, energy_loss: 0.0
2026-08-26 02:03:16,977 INFO Best AUROC test all: 0.9706420981120065, AUPR test all: 0.9331017603964261, AUROC test unknown: 0.970562791425413, AUPR test unknown: 0.9323598165156701
2026-08-26 02:03:28,615 INFO Epoch: 223, loss: -0.13506081700325012, labeled_loss: 0.009459084831178188, unnlabeled_loss: 0.11077345162630081, mixup_loss: -1.9990662336349487, energy_loss: 0.0
2026-08-26 02:03:28,615 INFO Best AUROC test all: 0.9706420981120065, AUPR test all: 0.9331017603964261, AUROC test unknown: 0.970562791425413, AUPR test unknown: 0.9323598165156701
2026-08-26 02:03:40,236 INFO Epoch: 224, loss: -0.15064167976379395, labeled_loss: 0.00977694895118475, unnlabeled_loss: 0.07898907363414764, mixup_loss: -1.999131679534912, energy_loss: 0.0
2026-08-26 02:03:40,237 INFO Best AUROC test all: 0.9706420981120065, AUPR test all: 0.9331017603964261, AUROC test unknown: 0.970562791425413, AUPR test unknown: 0.9323598165156701
2026-08-26 02:03:51,917 INFO Epoch: 225, loss: -0.14023357629776, labeled_loss: 0.0067525822669267654, unnlabeled_loss: 0.10584662854671478, mixup_loss: -1.9990946054458618, energy_loss: 0.0
2026-08-26 02:03:51,917 INFO Best AUROC test all: 0.9706420981120065, AUPR test all: 0.9331017603964261, AUROC test unknown: 0.970562791425413, AUPR test unknown: 0.9323598165156701
2026-08-26 02:04:03,636 INFO Epoch: 226, loss: -0.1381935030221939, labeled_loss: 0.002884114161133766, unnlabeled_loss: 0.11768560111522675, mixup_loss: -1.999204158782959, energy_loss: 0.0
2026-08-26 02:04:03,636 INFO Best AUROC test all: 0.9706420981120065, AUPR test all: 0.9331017603964261, AUROC test unknown: 0.970562791425413, AUPR test unknown: 0.9323598165156701
2026-08-26 02:04:15,295 INFO Epoch: 227, loss: -0.1408410668373108, labeled_loss: 0.0018870276398956776, unnlabeled_loss: 0.11433214694261551, mixup_loss: -1.9989417791366577, energy_loss: 0.0
2026-08-26 02:04:15,295 INFO Best AUROC test all: 0.9706420981120065, AUPR test all: 0.9331017603964261, AUROC test unknown: 0.970562791425413, AUPR test unknown: 0.9323598165156701
2026-08-26 02:04:27,039 INFO Epoch: 228, loss: -0.157917320728302, labeled_loss: 0.001544185564853251, unnlabeled_loss: 0.08091016858816147, mixup_loss: -1.9991658926010132, energy_loss: 0.0
2026-08-26 02:04:27,039 INFO Best AUROC test all: 0.9706420981120065, AUPR test all: 0.9331017603964261, AUROC test unknown: 0.970562791425413, AUPR test unknown: 0.9323598165156701
2026-08-26 02:04:38,922 INFO Epoch: 229, loss: -0.1301947832107544, labeled_loss: 0.0010974114993587136, unnlabeled_loss: 0.13726365566253662, mixup_loss: -1.9992401599884033, energy_loss: 0.0
2026-08-26 02:04:38,922 INFO Best AUROC test all: 0.9706420981120065, AUPR test all: 0.9331017603964261, AUROC test unknown: 0.970562791425413, AUPR test unknown: 0.9323598165156701
2026-08-26 02:04:50,642 INFO Epoch: 230, loss: -0.15545833110809326, labeled_loss: 0.001243817387148738, unnlabeled_loss: 0.08643767982721329, mixup_loss: -1.9992097616195679, energy_loss: 0.0
2026-08-26 02:04:50,642 INFO Best AUROC test all: 0.9706420981120065, AUPR test all: 0.9331017603964261, AUROC test unknown: 0.970562791425413, AUPR test unknown: 0.9323598165156701
2026-08-26 02:05:02,248 INFO Epoch: 231, loss: -0.15266352891921997, labeled_loss: 0.0019921590574085712, unnlabeled_loss: 0.09053544700145721, mixup_loss: -1.9992340803146362, energy_loss: 0.0
2026-08-26 02:05:02,248 INFO Best AUROC test all: 0.9706420981120065, AUPR test all: 0.9331017603964261, AUROC test unknown: 0.970562791425413, AUPR test unknown: 0.9323598165156701
2026-08-26 02:05:13,915 INFO Epoch: 232, loss: -0.15582847595214844, labeled_loss: 0.0020688516087830067, unnlabeled_loss: 0.08404437452554703, mixup_loss: -1.9991952180862427, energy_loss: 0.0
2026-08-26 02:05:13,915 INFO Best AUROC test all: 0.9706420981120065, AUPR test all: 0.9331017603964261, AUROC test unknown: 0.970562791425413, AUPR test unknown: 0.9323598165156701
2026-08-26 02:05:25,629 INFO Epoch: 233, loss: -0.15262483060359955, labeled_loss: 0.0032460037618875504, unnlabeled_loss: 0.08808592706918716, mixup_loss: -1.9991379976272583, energy_loss: 0.0
2026-08-26 02:05:25,629 INFO Best AUROC test all: 0.9706420981120065, AUPR test all: 0.9331017603964261, AUROC test unknown: 0.970562791425413, AUPR test unknown: 0.9323598165156701
2026-08-26 02:05:37,394 INFO Epoch: 234, loss: -0.15419596433639526, labeled_loss: 0.0036720966454595327, unnlabeled_loss: 0.08410459011793137, mixup_loss: -1.9992035627365112, energy_loss: 0.0
2026-08-26 02:05:37,394 INFO Best AUROC test all: 0.9706420981120065, AUPR test all: 0.9331017603964261, AUROC test unknown: 0.970562791425413, AUPR test unknown: 0.9323598165156701
2026-08-26 02:05:49,121 INFO Epoch: 235, loss: -0.16623546183109283, labeled_loss: 0.003085251897573471, unnlabeled_loss: 0.061194878071546555, mixup_loss: -1.9991815090179443, energy_loss: 0.0
2026-08-26 02:05:49,121 INFO Best AUROC test all: 0.9706420981120065, AUPR test all: 0.9331017603964261, AUROC test unknown: 0.970562791425413, AUPR test unknown: 0.9323598165156701
2026-08-26 02:06:01,008 INFO Epoch: 236, loss: -0.15292710065841675, labeled_loss: 0.0027627137023955584, unnlabeled_loss: 0.08846580982208252, mixup_loss: -1.9992271661758423, energy_loss: 0.0
2026-08-26 02:06:01,008 INFO Best AUROC test all: 0.9706420981120065, AUPR test all: 0.9331017603964261, AUROC test unknown: 0.970562791425413, AUPR test unknown: 0.9323598165156701
2026-08-26 02:06:12,717 INFO Epoch: 237, loss: -0.1465127021074295, labeled_loss: 0.004956997465342283, unnlabeled_loss: 0.09685754030942917, mixup_loss: -1.9989845752716064, energy_loss: 0.0
2026-08-26 02:06:12,717 INFO Best AUROC test all: 0.9706420981120065, AUPR test all: 0.9331017603964261, AUROC test unknown: 0.970562791425413, AUPR test unknown: 0.9323598165156701
2026-08-26 02:06:24,442 INFO Epoch: 238, loss: -0.1594780683517456, labeled_loss: 0.0018536098068580031, unnlabeled_loss: 0.0771787092089653, mixup_loss: -1.999210238456726, energy_loss: 0.0
2026-08-26 02:06:24,442 INFO Best AUROC test all: 0.9706420981120065, AUPR test all: 0.9331017603964261, AUROC test unknown: 0.970562791425413, AUPR test unknown: 0.9323598165156701
2026-08-26 02:06:36,275 INFO Epoch: 239, loss: -0.1644337773323059, labeled_loss: 0.0016919218469411135, unnlabeled_loss: 0.06757761538028717, mixup_loss: -1.9991449117660522, energy_loss: 0.0
2026-08-26 02:06:36,275 INFO Best AUROC test all: 0.9706420981120065, AUPR test all: 0.9331017603964261, AUROC test unknown: 0.970562791425413, AUPR test unknown: 0.9323598165156701
2026-08-26 02:06:48,024 INFO Epoch: 240, loss: -0.15673789381980896, labeled_loss: 0.0015918159624561667, unnlabeled_loss: 0.08318234980106354, mixup_loss: -1.9992088079452515, energy_loss: 0.0
2026-08-26 02:06:48,024 INFO Best AUROC test all: 0.9706420981120065, AUPR test all: 0.9331017603964261, AUROC test unknown: 0.970562791425413, AUPR test unknown: 0.9323598165156701
2026-08-26 02:06:59,861 INFO Epoch: 241, loss: -0.16796793043613434, labeled_loss: 0.0016758497804403305, unnlabeled_loss: 0.060559771955013275, mixup_loss: -1.9992365837097168, energy_loss: 0.0
2026-08-26 02:06:59,862 INFO Best AUROC test all: 0.9706420981120065, AUPR test all: 0.9331017603964261, AUROC test unknown: 0.970562791425413, AUPR test unknown: 0.9323598165156701
2026-08-26 02:07:11,509 INFO Epoch: 242, loss: -0.1606089472770691, labeled_loss: 0.0019307530019432306, unnlabeled_loss: 0.07474958896636963, mixup_loss: -1.9991450309753418, energy_loss: 0.0
2026-08-26 02:07:11,509 INFO Best AUROC test all: 0.9706420981120065, AUPR test all: 0.9331017603964261, AUROC test unknown: 0.970562791425413, AUPR test unknown: 0.9323598165156701
2026-08-26 02:07:23,211 INFO Epoch: 243, loss: -0.16522599756717682, labeled_loss: 0.0020591462962329388, unnlabeled_loss: 0.06525832414627075, mixup_loss: -1.9991430044174194, energy_loss: 0.0
2026-08-26 02:07:23,212 INFO Best AUROC test all: 0.9706420981120065, AUPR test all: 0.9331017603964261, AUROC test unknown: 0.970562791425413, AUPR test unknown: 0.9323598165156701
2026-08-26 02:07:34,921 INFO Epoch: 244, loss: -0.15114238858222961, labeled_loss: 0.002148202620446682, unnlabeled_loss: 0.09326277673244476, mixup_loss: -1.9992197751998901, energy_loss: 0.0
2026-08-26 02:07:34,921 INFO Best AUROC test all: 0.9706420981120065, AUPR test all: 0.9331017603964261, AUROC test unknown: 0.970562791425413, AUPR test unknown: 0.9323598165156701
2026-08-26 02:07:46,717 INFO Epoch: 245, loss: -0.16381517052650452, labeled_loss: 0.002733014989644289, unnlabeled_loss: 0.06675229966640472, mixup_loss: -1.9992433786392212, energy_loss: 0.0
2026-08-26 02:07:46,717 INFO Best AUROC test all: 0.9706420981120065, AUPR test all: 0.9331017603964261, AUROC test unknown: 0.970562791425413, AUPR test unknown: 0.9323598165156701
2026-08-26 02:07:58,487 INFO Epoch: 246, loss: -0.16464754939079285, labeled_loss: 0.002658871468156576, unnlabeled_loss: 0.065189428627491, mixup_loss: -1.9990112781524658, energy_loss: 0.0
2026-08-26 02:07:58,487 INFO Best AUROC test all: 0.9706420981120065, AUPR test all: 0.9331017603964261, AUROC test unknown: 0.970562791425413, AUPR test unknown: 0.9323598165156701
2026-08-26 02:08:10,195 INFO Epoch: 247, loss: -0.16867929697036743, labeled_loss: 0.0029653022065758705, unnlabeled_loss: 0.056564223021268845, mixup_loss: -1.9992672204971313, energy_loss: 0.0
2026-08-26 02:08:10,195 INFO Best AUROC test all: 0.9706420981120065, AUPR test all: 0.9331017603964261, AUROC test unknown: 0.970562791425413, AUPR test unknown: 0.9323598165156701
2026-08-26 02:08:21,820 INFO Epoch: 248, loss: -0.16077114641666412, labeled_loss: 0.0019928861875087023, unnlabeled_loss: 0.07432858645915985, mixup_loss: -1.9992831945419312, energy_loss: 0.0
2026-08-26 02:08:21,820 INFO Best AUROC test all: 0.9706420981120065, AUPR test all: 0.9331017603964261, AUROC test unknown: 0.970562791425413, AUPR test unknown: 0.9323598165156701
2026-08-26 02:08:33,527 INFO Epoch: 249, loss: -0.15172480046749115, labeled_loss: 0.0014512394554913044, unnlabeled_loss: 0.09348183870315552, mixup_loss: -1.9991695880889893, energy_loss: 0.0
2026-08-26 02:08:33,527 INFO Best AUROC test all: 0.9706420981120065, AUPR test all: 0.9331017603964261, AUROC test unknown: 0.970562791425413, AUPR test unknown: 0.9323598165156701
2026-08-26 02:08:45,206 INFO Epoch: 250, loss: -0.16688139736652374, labeled_loss: 0.0024968814104795456, unnlabeled_loss: 0.06105172261595726, mixup_loss: -1.9990414381027222, energy_loss: 0.0
2026-08-26 02:08:45,206 INFO Best AUROC test all: 0.9706420981120065, AUPR test all: 0.9331017603964261, AUROC test unknown: 0.970562791425413, AUPR test unknown: 0.9323598165156701
2026-08-26 02:08:57,006 INFO Epoch: 251, loss: -0.1748201698064804, labeled_loss: 0.001891624415293336, unnlabeled_loss: 0.04641495645046234, mixup_loss: -1.9991925954818726, energy_loss: 0.0
2026-08-26 02:08:57,007 INFO Best AUROC test all: 0.9706420981120065, AUPR test all: 0.9331017603964261, AUROC test unknown: 0.970562791425413, AUPR test unknown: 0.9323598165156701
2026-08-26 02:09:08,671 INFO Epoch: 252, loss: -0.15749770402908325, labeled_loss: 0.0010490026324987411, unnlabeled_loss: 0.08271757513284683, mixup_loss: -1.9990549087524414, energy_loss: 0.0
2026-08-26 02:09:08,671 INFO Best AUROC test all: 0.9706420981120065, AUPR test all: 0.9331017603964261, AUROC test unknown: 0.970562791425413, AUPR test unknown: 0.9323598165156701
2026-08-26 02:09:20,410 INFO Epoch: 253, loss: -0.1503884196281433, labeled_loss: 0.0008926464361138642, unnlabeled_loss: 0.09725555777549744, mixup_loss: -1.9990882873535156, energy_loss: 0.0
2026-08-26 02:09:20,410 INFO Best AUROC test all: 0.9706420981120065, AUPR test all: 0.9331017603964261, AUROC test unknown: 0.970562791425413, AUPR test unknown: 0.9323598165156701
2026-08-26 02:09:32,116 INFO Epoch: 254, loss: -0.1599213182926178, labeled_loss: 0.001182941603474319, unnlabeled_loss: 0.07763775438070297, mixup_loss: -1.999231219291687, energy_loss: 0.0
2026-08-26 02:09:32,116 INFO Best AUROC test all: 0.9706420981120065, AUPR test all: 0.9331017603964261, AUROC test unknown: 0.970562791425413, AUPR test unknown: 0.9323598165156701
2026-08-26 02:09:43,754 INFO Epoch: 255, loss: -0.1654825061559677, labeled_loss: 0.001775554963387549, unnlabeled_loss: 0.06531678885221481, mixup_loss: -1.9991644620895386, energy_loss: 0.0
2026-08-26 02:09:43,754 INFO Best AUROC test all: 0.9706420981120065, AUPR test all: 0.9331017603964261, AUROC test unknown: 0.970562791425413, AUPR test unknown: 0.9323598165156701
2026-08-26 02:09:55,338 INFO Epoch: 256, loss: -0.1647634655237198, labeled_loss: 0.0023207536432892084, unnlabeled_loss: 0.06566821783781052, mixup_loss: -1.9991832971572876, energy_loss: 0.0
2026-08-26 02:09:55,338 INFO Best AUROC test all: 0.9706420981120065, AUPR test all: 0.9331017603964261, AUROC test unknown: 0.970562791425413, AUPR test unknown: 0.9323598165156701
2026-08-26 02:10:07,118 INFO Epoch: 257, loss: -0.1461770087480545, labeled_loss: 0.0018418936524540186, unnlabeled_loss: 0.10379085689783096, mixup_loss: -1.999143362045288, energy_loss: 0.0
2026-08-26 02:10:07,118 INFO Best AUROC test all: 0.9706420981120065, AUPR test all: 0.9331017603964261, AUROC test unknown: 0.970562791425413, AUPR test unknown: 0.9323598165156701
2026-08-26 02:10:18,778 INFO Epoch: 258, loss: -0.16201598942279816, labeled_loss: 0.0023728767409920692, unnlabeled_loss: 0.07107731699943542, mixup_loss: -1.9992752075195312, energy_loss: 0.0
2026-08-26 02:10:18,778 INFO Best AUROC test all: 0.9706420981120065, AUPR test all: 0.9331017603964261, AUROC test unknown: 0.970562791425413, AUPR test unknown: 0.9323598165156701
2026-08-26 02:10:30,611 INFO Epoch: 259, loss: -0.16653025150299072, labeled_loss: 0.002050364390015602, unnlabeled_loss: 0.0626446008682251, mixup_loss: -1.9990290403366089, energy_loss: 0.0
2026-08-26 02:10:30,611 INFO Best AUROC test all: 0.9706420981120065, AUPR test all: 0.9331017603964261, AUROC test unknown: 0.970562791425413, AUPR test unknown: 0.9323598165156701
2026-08-26 02:10:42,297 INFO Epoch: 260, loss: -0.1716410368680954, labeled_loss: 0.0019307471811771393, unnlabeled_loss: 0.052686020731925964, mixup_loss: -1.9991480112075806, energy_loss: 0.0
2026-08-26 02:10:42,297 INFO Best AUROC test all: 0.9706420981120065, AUPR test all: 0.9331017603964261, AUROC test unknown: 0.970562791425413, AUPR test unknown: 0.9323598165156701
2026-08-26 02:10:54,046 INFO Epoch: 261, loss: -0.17365451157093048, labeled_loss: 0.0010340531589463353, unnlabeled_loss: 0.05046548321843147, mixup_loss: -1.9992130994796753, energy_loss: 0.0
2026-08-26 02:10:54,046 INFO Best AUROC test all: 0.9706420981120065, AUPR test all: 0.9331017603964261, AUROC test unknown: 0.970562791425413, AUPR test unknown: 0.9323598165156701
2026-08-26 02:11:05,749 INFO Epoch: 262, loss: -0.19416645169258118, labeled_loss: 0.0010696528479456902, unnlabeled_loss: 0.009348631836473942, mixup_loss: -1.9991041421890259, energy_loss: 0.0
2026-08-26 02:11:05,749 INFO Best AUROC test all: 0.9706420981120065, AUPR test all: 0.9331017603964261, AUROC test unknown: 0.970562791425413, AUPR test unknown: 0.9323598165156701
2026-08-26 02:11:17,393 INFO Epoch: 263, loss: -0.18136605620384216, labeled_loss: 0.0006075507262721658, unnlabeled_loss: 0.03588247299194336, mixup_loss: -1.9991483688354492, energy_loss: 0.0
2026-08-26 02:11:17,393 INFO Best AUROC test all: 0.9706420981120065, AUPR test all: 0.9331017603964261, AUROC test unknown: 0.970562791425413, AUPR test unknown: 0.9323598165156701
2026-08-26 02:11:29,162 INFO Epoch: 264, loss: -0.17592978477478027, labeled_loss: 0.0004905289970338345, unnlabeled_loss: 0.046996649354696274, mixup_loss: -1.999186396598816, energy_loss: 0.0
2026-08-26 02:11:29,162 INFO Best AUROC test all: 0.9706420981120065, AUPR test all: 0.9331017603964261, AUROC test unknown: 0.970562791425413, AUPR test unknown: 0.9323598165156701
2026-08-26 02:11:40,850 INFO Epoch: 265, loss: -0.15522195398807526, labeled_loss: 0.00066652602981776, unnlabeled_loss: 0.08805489540100098, mixup_loss: -1.999159336090088, energy_loss: 0.0
2026-08-26 02:11:40,850 INFO Best AUROC test all: 0.9706420981120065, AUPR test all: 0.9331017603964261, AUROC test unknown: 0.970562791425413, AUPR test unknown: 0.9323598165156701
2026-08-26 02:11:52,521 INFO Epoch: 266, loss: -0.15104934573173523, labeled_loss: 0.0008517637616023421, unnlabeled_loss: 0.09602509438991547, mixup_loss: -1.9991365671157837, energy_loss: 0.0
2026-08-26 02:11:52,521 INFO Best AUROC test all: 0.9706420981120065, AUPR test all: 0.9331017603964261, AUROC test unknown: 0.970562791425413, AUPR test unknown: 0.9323598165156701
2026-08-26 02:12:04,189 INFO Epoch: 267, loss: -0.15802593529224396, labeled_loss: 0.0006294325576163828, unnlabeled_loss: 0.08253313601016998, mixup_loss: -1.999219298362732, energy_loss: 0.0
2026-08-26 02:12:04,189 INFO Best AUROC test all: 0.9706420981120065, AUPR test all: 0.9331017603964261, AUROC test unknown: 0.970562791425413, AUPR test unknown: 0.9323598165156701
2026-08-26 02:12:15,836 INFO Epoch: 268, loss: -0.16737443208694458, labeled_loss: 0.0013830933021381497, unnlabeled_loss: 0.06231360509991646, mixup_loss: -1.999143123626709, energy_loss: 0.0
2026-08-26 02:12:15,836 INFO Best AUROC test all: 0.9706420981120065, AUPR test all: 0.9331017603964261, AUROC test unknown: 0.970562791425413, AUPR test unknown: 0.9323598165156701
2026-08-26 02:12:27,548 INFO Epoch: 269, loss: -0.15810227394104004, labeled_loss: 0.004685849417001009, unnlabeled_loss: 0.07427585124969482, mixup_loss: -1.999260425567627, energy_loss: 0.0
2026-08-26 02:12:27,548 INFO Best AUROC test all: 0.9706420981120065, AUPR test all: 0.9331017603964261, AUROC test unknown: 0.970562791425413, AUPR test unknown: 0.9323598165156701
2026-08-26 02:12:39,242 INFO Epoch: 270, loss: -0.15981939435005188, labeled_loss: 0.005050146020948887, unnlabeled_loss: 0.07010325789451599, mixup_loss: -1.9992116689682007, energy_loss: 0.0
2026-08-26 02:12:39,242 INFO Best AUROC test all: 0.9706420981120065, AUPR test all: 0.9331017603964261, AUROC test unknown: 0.970562791425413, AUPR test unknown: 0.9323598165156701
2026-08-26 02:12:50,981 INFO Epoch: 271, loss: -0.1765727698802948, labeled_loss: 0.00284542771987617, unnlabeled_loss: 0.041008591651916504, mixup_loss: -1.9992249011993408, energy_loss: 0.0
2026-08-26 02:12:50,982 INFO Best AUROC test all: 0.9706420981120065, AUPR test all: 0.9331017603964261, AUROC test unknown: 0.970562791425413, AUPR test unknown: 0.9323598165156701
2026-08-26 02:13:02,660 INFO Epoch: 272, loss: -0.15699274837970734, labeled_loss: 0.0009435941465198994, unnlabeled_loss: 0.08396347612142563, mixup_loss: -1.9991806745529175, energy_loss: 0.0
2026-08-26 02:13:02,660 INFO Best AUROC test all: 0.9706420981120065, AUPR test all: 0.9331017603964261, AUROC test unknown: 0.970562791425413, AUPR test unknown: 0.9323598165156701
2026-08-26 02:13:14,340 INFO Epoch: 273, loss: -0.11903424561023712, labeled_loss: 0.0009304585983045399, unnlabeled_loss: 0.159921795129776, mixup_loss: -1.9992560148239136, energy_loss: 0.0
2026-08-26 02:13:14,340 INFO Best AUROC test all: 0.9706420981120065, AUPR test all: 0.9331017603964261, AUROC test unknown: 0.970562791425413, AUPR test unknown: 0.9323598165156701
2026-08-26 02:13:25,959 INFO Epoch: 274, loss: -0.1403825283050537, labeled_loss: 0.00116926955524832, unnlabeled_loss: 0.1167285293340683, mixup_loss: -1.999160647392273, energy_loss: 0.0
2026-08-26 02:13:25,959 INFO Best AUROC test all: 0.9706420981120065, AUPR test all: 0.9331017603964261, AUROC test unknown: 0.970562791425413, AUPR test unknown: 0.9323598165156701
2026-08-26 02:13:37,676 INFO Epoch: 275, loss: -0.17118577659130096, labeled_loss: 0.0031716267112642527, unnlabeled_loss: 0.05115054175257683, mixup_loss: -1.9993267059326172, energy_loss: 0.0
2026-08-26 02:13:37,676 INFO Best AUROC test all: 0.9706420981120065, AUPR test all: 0.9331017603964261, AUROC test unknown: 0.970562791425413, AUPR test unknown: 0.9323598165156701
2026-08-26 02:13:49,304 INFO Epoch: 276, loss: -0.15034177899360657, labeled_loss: 0.005884300451725721, unnlabeled_loss: 0.0873919352889061, mixup_loss: -1.9992204904556274, energy_loss: 0.0
2026-08-26 02:13:49,305 INFO Best AUROC test all: 0.9706420981120065, AUPR test all: 0.9331017603964261, AUROC test unknown: 0.970562791425413, AUPR test unknown: 0.9323598165156701
2026-08-26 02:14:00,987 INFO Epoch: 277, loss: -0.1658708155155182, labeled_loss: 0.004089456517249346, unnlabeled_loss: 0.05991452932357788, mixup_loss: -1.9991753101348877, energy_loss: 0.0
2026-08-26 02:14:00,987 INFO Best AUROC test all: 0.9706420981120065, AUPR test all: 0.9331017603964261, AUROC test unknown: 0.970562791425413, AUPR test unknown: 0.9323598165156701
2026-08-26 02:14:12,696 INFO Epoch: 278, loss: -0.15945668518543243, labeled_loss: 0.0033143216278403997, unnlabeled_loss: 0.0743010938167572, mixup_loss: -1.9992154836654663, energy_loss: 0.0
2026-08-26 02:14:12,696 INFO Best AUROC test all: 0.9706420981120065, AUPR test all: 0.9331017603964261, AUROC test unknown: 0.970562791425413, AUPR test unknown: 0.9323598165156701
2026-08-26 02:14:24,422 INFO Epoch: 279, loss: -0.16183875501155853, labeled_loss: 0.002192823216319084, unnlabeled_loss: 0.07177919149398804, mixup_loss: -1.9992116689682007, energy_loss: 0.0
2026-08-26 02:14:24,422 INFO Best AUROC test all: 0.9706420981120065, AUPR test all: 0.9331017603964261, AUROC test unknown: 0.970562791425413, AUPR test unknown: 0.9323598165156701
2026-08-26 02:14:36,080 INFO Epoch: 280, loss: -0.14787383377552032, labeled_loss: 0.0012581800110638142, unnlabeled_loss: 0.10157725214958191, mixup_loss: -1.9992064237594604, energy_loss: 0.0
2026-08-26 02:14:36,080 INFO Best AUROC test all: 0.9706420981120065, AUPR test all: 0.9331017603964261, AUROC test unknown: 0.970562791425413, AUPR test unknown: 0.9323598165156701
2026-08-26 02:14:47,825 INFO Epoch: 281, loss: -0.17078080773353577, labeled_loss: 0.001080079236999154, unnlabeled_loss: 0.05613153427839279, mixup_loss: -1.999266505241394, energy_loss: 0.0
2026-08-26 02:14:47,826 INFO Best AUROC test all: 0.9706420981120065, AUPR test all: 0.9331017603964261, AUROC test unknown: 0.970562791425413, AUPR test unknown: 0.9323598165156701
2026-08-26 02:14:59,567 INFO Epoch: 282, loss: -0.17098723351955414, labeled_loss: 0.0016728086629882455, unnlabeled_loss: 0.05452781915664673, mixup_loss: -1.999239444732666, energy_loss: 0.0
2026-08-26 02:14:59,567 INFO Best AUROC test all: 0.9706420981120065, AUPR test all: 0.9331017603964261, AUROC test unknown: 0.970562791425413, AUPR test unknown: 0.9323598165156701
2026-08-26 02:15:11,304 INFO Epoch: 283, loss: -0.1763295829296112, labeled_loss: 0.0015861778520047665, unnlabeled_loss: 0.04402974247932434, mixup_loss: -1.999306321144104, energy_loss: 0.0
2026-08-26 02:15:11,304 INFO Best AUROC test all: 0.9706420981120065, AUPR test all: 0.9331017603964261, AUROC test unknown: 0.970562791425413, AUPR test unknown: 0.9323598165156701
2026-08-26 02:15:23,094 INFO Epoch: 284, loss: -0.1338631957769394, labeled_loss: 0.0008256259607151151, unnlabeled_loss: 0.13047486543655396, mixup_loss: -1.9992625713348389, energy_loss: 0.0
2026-08-26 02:15:23,094 INFO Best AUROC test all: 0.9706420981120065, AUPR test all: 0.9331017603964261, AUROC test unknown: 0.970562791425413, AUPR test unknown: 0.9323598165156701
2026-08-26 02:15:34,878 INFO Epoch: 285, loss: -0.1730646938085556, labeled_loss: 0.0020329186227172613, unnlabeled_loss: 0.04963874816894531, mixup_loss: -1.9991698265075684, energy_loss: 0.0
2026-08-26 02:15:34,878 INFO Best AUROC test all: 0.9706420981120065, AUPR test all: 0.9331017603964261, AUROC test unknown: 0.970562791425413, AUPR test unknown: 0.9323598165156701
2026-08-26 02:15:46,757 INFO Epoch: 286, loss: -0.1547945737838745, labeled_loss: 0.0018878573318943381, unnlabeled_loss: 0.08649657666683197, mixup_loss: -1.9993071556091309, energy_loss: 0.0
2026-08-26 02:15:46,757 INFO Best AUROC test all: 0.9706420981120065, AUPR test all: 0.9331017603964261, AUROC test unknown: 0.970562791425413, AUPR test unknown: 0.9323598165156701
2026-08-26 02:15:58,520 INFO Epoch: 287, loss: -0.1562587469816208, labeled_loss: 0.0015883364249020815, unnlabeled_loss: 0.08415325731039047, mixup_loss: -1.999237060546875, energy_loss: 0.0
2026-08-26 02:15:58,520 INFO Best AUROC test all: 0.9706420981120065, AUPR test all: 0.9331017603964261, AUROC test unknown: 0.970562791425413, AUPR test unknown: 0.9323598165156701
2026-08-26 02:16:10,320 INFO Epoch: 288, loss: -0.160834401845932, labeled_loss: 0.0019447033992037177, unnlabeled_loss: 0.0743129774928093, mixup_loss: -1.9993560314178467, energy_loss: 0.0
2026-08-26 02:16:10,320 INFO Best AUROC test all: 0.9706420981120065, AUPR test all: 0.9331017603964261, AUROC test unknown: 0.970562791425413, AUPR test unknown: 0.9323598165156701
2026-08-26 02:16:22,007 INFO Epoch: 289, loss: -0.16369850933551788, labeled_loss: 0.0021918187849223614, unnlabeled_loss: 0.06807396560907364, mixup_loss: -1.9992731809616089, energy_loss: 0.0
2026-08-26 02:16:22,007 INFO Best AUROC test all: 0.9706420981120065, AUPR test all: 0.9331017603964261, AUROC test unknown: 0.970562791425413, AUPR test unknown: 0.9323598165156701
2026-08-26 02:16:33,709 INFO Epoch: 290, loss: -0.16384324431419373, labeled_loss: 0.0017020885134115815, unnlabeled_loss: 0.0687534287571907, mixup_loss: -1.9992204904556274, energy_loss: 0.0
2026-08-26 02:16:33,709 INFO Best AUROC test all: 0.9706420981120065, AUPR test all: 0.9331017603964261, AUROC test unknown: 0.970562791425413, AUPR test unknown: 0.9323598165156701
2026-08-26 02:16:45,383 INFO Epoch: 291, loss: -0.16785989701747894, labeled_loss: 0.0014813796151429415, unnlabeled_loss: 0.061188310384750366, mixup_loss: -1.999354362487793, energy_loss: 0.0
2026-08-26 02:16:45,383 INFO Best AUROC test all: 0.9706420981120065, AUPR test all: 0.9331017603964261, AUROC test unknown: 0.970562791425413, AUPR test unknown: 0.9323598165156701
2026-08-26 02:16:57,189 INFO Epoch: 292, loss: -0.15710577368736267, labeled_loss: 0.0009036471019499004, unnlabeled_loss: 0.08381232619285583, mixup_loss: -1.999155879020691, energy_loss: 0.0
2026-08-26 02:16:57,189 INFO Best AUROC test all: 0.9706420981120065, AUPR test all: 0.9332272906021327, AUROC test unknown: 0.970562791425413, AUPR test unknown: 0.9323598165156701
2026-08-26 02:17:08,856 INFO Epoch: 293, loss: -0.18863604962825775, labeled_loss: 0.0013751286314800382, unnlabeled_loss: 0.019847314804792404, mixup_loss: -1.9993484020233154, energy_loss: 0.0
2026-08-26 02:17:08,857 INFO Best AUROC test all: 0.9706420981120065, AUPR test all: 0.9332272906021327, AUROC test unknown: 0.970562791425413, AUPR test unknown: 0.9323598165156701
2026-08-26 02:17:20,597 INFO Epoch: 294, loss: -0.17897909879684448, labeled_loss: 0.0013005556538701057, unnlabeled_loss: 0.03929894044995308, mixup_loss: -1.999291181564331, energy_loss: 0.0
2026-08-26 02:17:20,597 INFO Best AUROC test all: 0.9706420981120065, AUPR test all: 0.9332272906021327, AUROC test unknown: 0.970562791425413, AUPR test unknown: 0.9323598165156701
2026-08-26 02:17:32,267 INFO Epoch: 295, loss: -0.1634523719549179, labeled_loss: 0.0009789299219846725, unnlabeled_loss: 0.07099872827529907, mixup_loss: -1.9993066787719727, energy_loss: 0.0
2026-08-26 02:17:32,268 INFO Best AUROC test all: 0.9706420981120065, AUPR test all: 0.9332272906021327, AUROC test unknown: 0.970562791425413, AUPR test unknown: 0.9323598165156701
2026-08-26 02:17:44,003 INFO Epoch: 296, loss: -0.15312477946281433, labeled_loss: 0.0014861852396279573, unnlabeled_loss: 0.09065259248018265, mixup_loss: -1.9993726015090942, energy_loss: 0.0
2026-08-26 02:17:44,003 INFO Best AUROC test all: 0.9706420981120065, AUPR test all: 0.9332272906021327, AUROC test unknown: 0.970562791425413, AUPR test unknown: 0.9323598165156701
2026-08-26 02:17:55,621 INFO Epoch: 297, loss: -0.1639290153980255, labeled_loss: 0.00216607004404068, unnlabeled_loss: 0.06765922904014587, mixup_loss: -1.9992470741271973, energy_loss: 0.0
2026-08-26 02:17:55,621 INFO Best AUROC test all: 0.9706420981120065, AUPR test all: 0.9332272906021327, AUROC test unknown: 0.970562791425413, AUPR test unknown: 0.9323598165156701
2026-08-26 02:18:07,283 INFO Epoch: 298, loss: -0.1660161018371582, labeled_loss: 0.0029194869566708803, unnlabeled_loss: 0.06198299676179886, mixup_loss: -1.9992709159851074, energy_loss: 0.0
2026-08-26 02:18:07,284 INFO Best AUROC test all: 0.9706420981120065, AUPR test all: 0.9332272906021327, AUROC test unknown: 0.970562791425413, AUPR test unknown: 0.9323598165156701
2026-08-26 02:18:19,064 INFO Epoch: 299, loss: -0.1672997921705246, labeled_loss: 0.00385658978484571, unnlabeled_loss: 0.0575421042740345, mixup_loss: -1.9992742538452148, energy_loss: 0.0
2026-08-26 02:18:19,064 INFO Best AUROC test all: 0.9706420981120065, AUPR test all: 0.9332272906021327, AUROC test unknown: 0.970562791425413, AUPR test unknown: 0.9323598165156701
2026-08-26 02:18:30,808 INFO Epoch: 300, loss: -0.15795420110225677, labeled_loss: 0.002354564843699336, unnlabeled_loss: 0.07922210544347763, mixup_loss: -1.9991981983184814, energy_loss: 0.0
2026-08-26 02:18:30,808 INFO Best AUROC test all: 0.9706420981120065, AUPR test all: 0.9332272906021327, AUROC test unknown: 0.970562791425413, AUPR test unknown: 0.9323598165156701
2026-08-26 02:18:42,470 INFO Epoch: 301, loss: -0.16695454716682434, labeled_loss: 0.0015492899110540748, unnlabeled_loss: 0.06287579238414764, mixup_loss: -1.9994173049926758, energy_loss: 0.0
2026-08-26 02:18:42,470 INFO Best AUROC test all: 0.9706420981120065, AUPR test all: 0.9332272906021327, AUROC test unknown: 0.970562791425413, AUPR test unknown: 0.9323598165156701
2026-08-26 02:18:54,144 INFO Epoch: 302, loss: -0.15305443108081818, labeled_loss: 0.0006213396554812789, unnlabeled_loss: 0.09250178188085556, mixup_loss: -1.999266505241394, energy_loss: 0.0
2026-08-26 02:18:54,144 INFO Best AUROC test all: 0.9706420981120065, AUPR test all: 0.9332272906021327, AUROC test unknown: 0.970562791425413, AUPR test unknown: 0.9323598165156701
2026-08-26 02:19:05,893 INFO Epoch: 303, loss: -0.12695713341236115, labeled_loss: 0.0005214389530010521, unnlabeled_loss: 0.14488846063613892, mixup_loss: -1.9992280006408691, energy_loss: 0.0
2026-08-26 02:19:05,893 INFO Best AUROC test all: 0.9706420981120065, AUPR test all: 0.9332272906021327, AUROC test unknown: 0.970562791425413, AUPR test unknown: 0.9323598165156701
2026-08-26 02:19:17,524 INFO Epoch: 304, loss: -0.14273199439048767, labeled_loss: 0.0013206814182922244, unnlabeled_loss: 0.1117614284157753, mixup_loss: -1.9993338584899902, energy_loss: 0.0
2026-08-26 02:19:17,524 INFO Best AUROC test all: 0.9706420981120065, AUPR test all: 0.9332272906021327, AUROC test unknown: 0.970562791425413, AUPR test unknown: 0.9323598165156701
2026-08-26 02:19:29,405 INFO Epoch: 305, loss: -0.15157419443130493, labeled_loss: 0.003949650563299656, unnlabeled_loss: 0.08880080282688141, mixup_loss: -1.9992424249649048, energy_loss: 0.0
2026-08-26 02:19:29,405 INFO Best AUROC test all: 0.9706420981120065, AUPR test all: 0.9332272906021327, AUROC test unknown: 0.970562791425413, AUPR test unknown: 0.9323598165156701
2026-08-26 02:19:41,243 INFO Epoch: 306, loss: -0.15336723625659943, labeled_loss: 0.0059432401321828365, unnlabeled_loss: 0.08124060183763504, mixup_loss: -1.9993077516555786, energy_loss: 0.0
2026-08-26 02:19:41,243 INFO Best AUROC test all: 0.9706420981120065, AUPR test all: 0.9332272906021327, AUROC test unknown: 0.970562791425413, AUPR test unknown: 0.9323598165156701
2026-08-26 02:19:52,901 INFO Epoch: 307, loss: -0.16202454268932343, labeled_loss: 0.004654456861317158, unnlabeled_loss: 0.06650210916996002, mixup_loss: -1.9993005990982056, energy_loss: 0.0
2026-08-26 02:19:52,901 INFO Best AUROC test all: 0.9706420981120065, AUPR test all: 0.9332272906021327, AUROC test unknown: 0.970562791425413, AUPR test unknown: 0.9323598165156701
2026-08-26 02:20:04,618 INFO Epoch: 308, loss: -0.15913183987140656, labeled_loss: 0.0010245912708342075, unnlabeled_loss: 0.07952047884464264, mixup_loss: -1.99916672706604, energy_loss: 0.0
2026-08-26 02:20:04,618 INFO Best AUROC test all: 0.9706420981120065, AUPR test all: 0.9332272906021327, AUROC test unknown: 0.970562791425413, AUPR test unknown: 0.9323598165156701
2026-08-26 02:20:16,252 INFO Epoch: 309, loss: -0.16674143075942993, labeled_loss: 0.0007795806741341949, unnlabeled_loss: 0.0648091658949852, mixup_loss: -1.999255895614624, energy_loss: 0.0
2026-08-26 02:20:16,252 INFO Best AUROC test all: 0.9706420981120065, AUPR test all: 0.9332272906021327, AUROC test unknown: 0.970562791425413, AUPR test unknown: 0.9323598165156701
2026-08-26 02:20:27,921 INFO Epoch: 310, loss: -0.16071170568466187, labeled_loss: 0.0005063516437076032, unnlabeled_loss: 0.0774037316441536, mixup_loss: -1.9991991519927979, energy_loss: 0.0
2026-08-26 02:20:27,921 INFO Best AUROC test all: 0.9706420981120065, AUPR test all: 0.9332272906021327, AUROC test unknown: 0.970562791425413, AUPR test unknown: 0.9323598165156701
2026-08-26 02:20:39,516 INFO Epoch: 311, loss: -0.17583508789539337, labeled_loss: 0.000609245733357966, unnlabeled_loss: 0.04698370024561882, mixup_loss: -1.9993617534637451, energy_loss: 0.0
2026-08-26 02:20:39,516 INFO Best AUROC test all: 0.9706420981120065, AUPR test all: 0.9332272906021327, AUROC test unknown: 0.970562791425413, AUPR test unknown: 0.9323598165156701
2026-08-26 02:20:51,236 INFO Epoch: 312, loss: -0.17866627871990204, labeled_loss: 0.0008105557062663138, unnlabeled_loss: 0.04091589152812958, mixup_loss: -1.9993478059768677, energy_loss: 0.0
2026-08-26 02:20:51,236 INFO Best AUROC test all: 0.9706420981120065, AUPR test all: 0.9332272906021327, AUROC test unknown: 0.970562791425413, AUPR test unknown: 0.9323598165156701
2026-08-26 02:21:02,827 INFO Epoch: 313, loss: -0.1519535332918167, labeled_loss: 0.0006875573890283704, unnlabeled_loss: 0.0945376455783844, mixup_loss: -1.9990990161895752, energy_loss: 0.0
2026-08-26 02:21:02,828 INFO Best AUROC test all: 0.9706420981120065, AUPR test all: 0.9332272906021327, AUROC test unknown: 0.970562791425413, AUPR test unknown: 0.9323598165156701
2026-08-26 02:21:14,520 INFO Epoch: 314, loss: -0.16962425410747528, labeled_loss: 0.0010250816121697426, unnlabeled_loss: 0.058526597917079926, mixup_loss: -1.9991263151168823, energy_loss: 0.0
2026-08-26 02:21:14,520 INFO Best AUROC test all: 0.9706420981120065, AUPR test all: 0.9332272906021327, AUROC test unknown: 0.970562791425413, AUPR test unknown: 0.9323598165156701
2026-08-26 02:21:26,389 INFO Epoch: 315, loss: -0.16536381840705872, labeled_loss: 0.0017723757773637772, unnlabeled_loss: 0.06557715684175491, mixup_loss: -1.9992477893829346, energy_loss: 0.0
2026-08-26 02:21:26,389 INFO Best AUROC test all: 0.9706420981120065, AUPR test all: 0.9332272906021327, AUROC test unknown: 0.970562791425413, AUPR test unknown: 0.9323598165156701
2026-08-26 02:21:38,166 INFO Epoch: 316, loss: -0.16061419248580933, labeled_loss: 0.0029946304857730865, unnlabeled_loss: 0.0726410523056984, mixup_loss: -1.9992934465408325, energy_loss: 0.0
2026-08-26 02:21:38,166 INFO Best AUROC test all: 0.9706420981120065, AUPR test all: 0.9332272906021327, AUROC test unknown: 0.970562791425413, AUPR test unknown: 0.9323598165156701
2026-08-26 02:21:49,903 INFO Epoch: 317, loss: -0.16438882052898407, labeled_loss: 0.0034719333052635193, unnlabeled_loss: 0.06413585692644119, mixup_loss: -1.9992867708206177, energy_loss: 0.0
2026-08-26 02:21:49,903 INFO Best AUROC test all: 0.9706420981120065, AUPR test all: 0.9332272906021327, AUROC test unknown: 0.970562791425413, AUPR test unknown: 0.9323598165156701
2026-08-26 02:22:01,652 INFO Epoch: 318, loss: -0.17117570340633392, labeled_loss: 0.0022114927414804697, unnlabeled_loss: 0.05307714641094208, mixup_loss: -1.9992575645446777, energy_loss: 0.0
2026-08-26 02:22:01,652 INFO Best AUROC test all: 0.9706420981120065, AUPR test all: 0.9332272906021327, AUROC test unknown: 0.970562791425413, AUPR test unknown: 0.9323598165156701
2026-08-26 02:22:13,427 INFO Epoch: 319, loss: -0.1589449942111969, labeled_loss: 0.0021360625978559256, unnlabeled_loss: 0.07768222689628601, mixup_loss: -1.999221682548523, energy_loss: 0.0
2026-08-26 02:22:13,427 INFO Best AUROC test all: 0.9706420981120065, AUPR test all: 0.9332272906021327, AUROC test unknown: 0.970562791425413, AUPR test unknown: 0.9323598165156701
2026-08-26 02:22:25,118 INFO Epoch: 320, loss: -0.14835983514785767, labeled_loss: 0.001378009794279933, unnlabeled_loss: 0.10039325058460236, mixup_loss: -1.9993445873260498, energy_loss: 0.0
2026-08-26 02:22:25,118 INFO Best AUROC test all: 0.9706420981120065, AUPR test all: 0.9337224376983373, AUROC test unknown: 0.970562791425413, AUPR test unknown: 0.932803515405761
2026-08-26 02:22:36,893 INFO Epoch: 321, loss: -0.1649893820285797, labeled_loss: 0.0009366189478896558, unnlabeled_loss: 0.06803974509239197, mixup_loss: -1.9994587898254395, energy_loss: 0.0
2026-08-26 02:22:36,893 INFO Best AUROC test all: 0.9706420981120065, AUPR test all: 0.9337224376983373, AUROC test unknown: 0.970562791425413, AUPR test unknown: 0.932803515405761
2026-08-26 02:22:48,530 INFO Epoch: 322, loss: -0.1648537516593933, labeled_loss: 0.0007591724279336631, unnlabeled_loss: 0.06863332539796829, mixup_loss: -1.999295711517334, energy_loss: 0.0
2026-08-26 02:22:48,530 INFO Best AUROC test all: 0.9706420981120065, AUPR test all: 0.9337757285144166, AUROC test unknown: 0.970562791425413, AUPR test unknown: 0.9329925010051343
2026-08-26 02:23:00,297 INFO Epoch: 323, loss: -0.15214627981185913, labeled_loss: 0.001750422059558332, unnlabeled_loss: 0.0920301005244255, mixup_loss: -1.999117374420166, energy_loss: 0.0
2026-08-26 02:23:00,297 INFO Best AUROC test all: 0.9706420981120065, AUPR test all: 0.9337757285144166, AUROC test unknown: 0.970562791425413, AUPR test unknown: 0.9329925010051343
2026-08-26 02:23:12,046 INFO Epoch: 324, loss: -0.14268168807029724, labeled_loss: 0.0015714156907051802, unnlabeled_loss: 0.11135853826999664, mixup_loss: -1.9993237257003784, energy_loss: 0.0
2026-08-26 02:23:12,046 INFO Best AUROC test all: 0.9706420981120065, AUPR test all: 0.9337757285144166, AUROC test unknown: 0.970562791425413, AUPR test unknown: 0.9329925010051343
2026-08-26 02:23:23,758 INFO Epoch: 325, loss: -0.15050286054611206, labeled_loss: 0.004280003719031811, unnlabeled_loss: 0.09030455350875854, mixup_loss: -1.9993513822555542, energy_loss: 0.0
2026-08-26 02:23:23,758 INFO Best AUROC test all: 0.9706420981120065, AUPR test all: 0.9337757285144166, AUROC test unknown: 0.970562791425413, AUPR test unknown: 0.9329925010051343
2026-08-26 02:23:35,508 INFO Epoch: 326, loss: -0.17419475317001343, labeled_loss: 0.0031602776143699884, unnlabeled_loss: 0.045143675059080124, mixup_loss: -1.999268651008606, energy_loss: 0.0
2026-08-26 02:23:35,508 INFO Best AUROC test all: 0.9706420981120065, AUPR test all: 0.9337757285144166, AUROC test unknown: 0.970562791425413, AUPR test unknown: 0.9329925010051343
2026-08-26 02:23:47,362 INFO Epoch: 327, loss: -0.16356679797172546, labeled_loss: 0.0015536837745457888, unnlabeled_loss: 0.06962669640779495, mixup_loss: -1.9993382692337036, energy_loss: 0.0
2026-08-26 02:23:47,362 INFO Best AUROC test all: 0.9706420981120065, AUPR test all: 0.9337757285144166, AUROC test unknown: 0.970562791425413, AUPR test unknown: 0.9329925010051343
2026-08-26 02:23:59,032 INFO Epoch: 328, loss: -0.13860630989074707, labeled_loss: 0.0009730900637805462, unnlabeled_loss: 0.12072499841451645, mixup_loss: -1.9994189739227295, energy_loss: 0.0
2026-08-26 02:23:59,032 INFO Best AUROC test all: 0.9706420981120065, AUPR test all: 0.9337757285144166, AUROC test unknown: 0.970562791425413, AUPR test unknown: 0.9329925010051343
2026-08-26 02:24:10,763 INFO Epoch: 329, loss: -0.18052957952022552, labeled_loss: 0.0011186429765075445, unnlabeled_loss: 0.03658030927181244, mixup_loss: -1.9993836879730225, energy_loss: 0.0
2026-08-26 02:24:10,764 INFO Best AUROC test all: 0.9706420981120065, AUPR test all: 0.9337757285144166, AUROC test unknown: 0.970562791425413, AUPR test unknown: 0.9329925010051343
2026-08-26 02:24:22,378 INFO Epoch: 330, loss: -0.17275245487689972, labeled_loss: 0.0007970910519361496, unnlabeled_loss: 0.052775029093027115, mixup_loss: -1.9993705749511719, energy_loss: 0.0
2026-08-26 02:24:22,378 INFO Best AUROC test all: 0.9706420981120065, AUPR test all: 0.9337757285144166, AUROC test unknown: 0.970562791425413, AUPR test unknown: 0.9329925010051343
2026-08-26 02:24:34,121 INFO Epoch: 331, loss: -0.15134386718273163, labeled_loss: 0.001282700919546187, unnlabeled_loss: 0.09462235122919083, mixup_loss: -1.9993773698806763, energy_loss: 0.0
2026-08-26 02:24:34,121 INFO Best AUROC test all: 0.9706420981120065, AUPR test all: 0.9337757285144166, AUROC test unknown: 0.970562791425413, AUPR test unknown: 0.9329925010051343
2026-08-26 02:24:45,716 INFO Epoch: 332, loss: -0.1665385365486145, labeled_loss: 0.0010307712946087122, unnlabeled_loss: 0.06475308537483215, mixup_loss: -1.9994584321975708, energy_loss: 0.0
2026-08-26 02:24:45,716 INFO Best AUROC test all: 0.9706420981120065, AUPR test all: 0.9337757285144166, AUROC test unknown: 0.970562791425413, AUPR test unknown: 0.9329925010051343
2026-08-26 02:24:57,364 INFO Epoch: 333, loss: -0.1642039269208908, labeled_loss: 0.0017271912656724453, unnlabeled_loss: 0.068015456199646, mixup_loss: -1.9993884563446045, energy_loss: 0.0
2026-08-26 02:24:57,364 INFO Best AUROC test all: 0.9706420981120065, AUPR test all: 0.9337757285144166, AUROC test unknown: 0.970562791425413, AUPR test unknown: 0.9329925010051343
2026-08-26 02:25:09,071 INFO Epoch: 334, loss: -0.1489887833595276, labeled_loss: 0.0042291004210710526, unnlabeled_loss: 0.09341292083263397, mixup_loss: -1.9992434978485107, energy_loss: 0.0
2026-08-26 02:25:09,071 INFO Best AUROC test all: 0.9706420981120065, AUPR test all: 0.9337757285144166, AUROC test unknown: 0.970562791425413, AUPR test unknown: 0.9329925010051343
2026-08-26 02:25:20,673 INFO Epoch: 335, loss: -0.1724284142255783, labeled_loss: 0.0015133882407099009, unnlabeled_loss: 0.05199296027421951, mixup_loss: -1.9993828535079956, energy_loss: 0.0
2026-08-26 02:25:20,674 INFO Best AUROC test all: 0.9706420981120065, AUPR test all: 0.9337757285144166, AUROC test unknown: 0.970562791425413, AUPR test unknown: 0.9329925010051343
2026-08-26 02:25:32,403 INFO Epoch: 336, loss: -0.159358948469162, labeled_loss: 0.0009166549425572157, unnlabeled_loss: 0.07933425158262253, mixup_loss: -1.999427318572998, energy_loss: 0.0
2026-08-26 02:25:32,404 INFO Best AUROC test all: 0.9706420981120065, AUPR test all: 0.9337757285144166, AUROC test unknown: 0.970562791425413, AUPR test unknown: 0.9329925010051343
2026-08-26 02:25:44,145 INFO Epoch: 337, loss: -0.16540269553661346, labeled_loss: 0.0009402972646057606, unnlabeled_loss: 0.06716112792491913, mixup_loss: -1.9992355108261108, energy_loss: 0.0
2026-08-26 02:25:44,145 INFO Best AUROC test all: 0.9706420981120065, AUPR test all: 0.9337757285144166, AUROC test unknown: 0.970562791425413, AUPR test unknown: 0.9329925010051343
2026-08-26 02:25:55,851 INFO Epoch: 338, loss: -0.17992594838142395, labeled_loss: 0.000753648579120636, unnlabeled_loss: 0.03850238770246506, mixup_loss: -1.9993078708648682, energy_loss: 0.0
2026-08-26 02:25:55,851 INFO Best AUROC test all: 0.9706420981120065, AUPR test all: 0.9337757285144166, AUROC test unknown: 0.970562791425413, AUPR test unknown: 0.9329925010051343
2026-08-26 02:26:07,513 INFO Epoch: 339, loss: -0.17543619871139526, labeled_loss: 0.000943480059504509, unnlabeled_loss: 0.04710600897669792, mixup_loss: -1.9993267059326172, energy_loss: 0.0
2026-08-26 02:26:07,513 INFO Best AUROC test all: 0.9706420981120065, AUPR test all: 0.9337757285144166, AUROC test unknown: 0.970562791425413, AUPR test unknown: 0.9329925010051343
2026-08-26 02:26:19,175 INFO Epoch: 340, loss: -0.1660958230495453, labeled_loss: 0.0008426547865383327, unnlabeled_loss: 0.06598802655935287, mixup_loss: -1.9993247985839844, energy_loss: 0.0
2026-08-26 02:26:19,175 INFO Best AUROC test all: 0.9706420981120065, AUPR test all: 0.9337757285144166, AUROC test unknown: 0.970562791425413, AUPR test unknown: 0.9329925010051343
2026-08-26 02:26:30,786 INFO Epoch: 341, loss: -0.1789695769548416, labeled_loss: 0.0008220009040087461, unnlabeled_loss: 0.04028742015361786, mixup_loss: -1.9993528127670288, energy_loss: 0.0
2026-08-26 02:26:30,786 INFO Best AUROC test all: 0.9706420981120065, AUPR test all: 0.9337757285144166, AUROC test unknown: 0.970562791425413, AUPR test unknown: 0.9329925010051343
2026-08-26 02:26:42,429 INFO Epoch: 342, loss: -0.15139427781105042, labeled_loss: 0.001009973930194974, unnlabeled_loss: 0.09506218880414963, mixup_loss: -1.9993534088134766, energy_loss: 0.0
2026-08-26 02:26:42,429 INFO Best AUROC test all: 0.9706420981120065, AUPR test all: 0.9337757285144166, AUROC test unknown: 0.970562791425413, AUPR test unknown: 0.9329925010051343
2026-08-26 02:26:54,012 INFO Epoch: 343, loss: -0.14683100581169128, labeled_loss: 0.0008592591038905084, unnlabeled_loss: 0.104495108127594, mixup_loss: -1.9993782043457031, energy_loss: 0.0
2026-08-26 02:26:54,012 INFO Best AUROC test all: 0.9706420981120065, AUPR test all: 0.9337757285144166, AUROC test unknown: 0.970562791425413, AUPR test unknown: 0.9329925010051343
2026-08-26 02:27:05,626 INFO Epoch: 344, loss: -0.16235074400901794, labeled_loss: 0.0011619857978075743, unnlabeled_loss: 0.07284378260374069, mixup_loss: -1.999346137046814, energy_loss: 0.0
2026-08-26 02:27:05,626 INFO Best AUROC test all: 0.9706420981120065, AUPR test all: 0.9337757285144166, AUROC test unknown: 0.970562791425413, AUPR test unknown: 0.9329925010051343
2026-08-26 02:27:17,462 INFO Epoch: 345, loss: -0.16045090556144714, labeled_loss: 0.0019547895062714815, unnlabeled_loss: 0.0750560536980629, mixup_loss: -1.9993371963500977, energy_loss: 0.0
2026-08-26 02:27:17,462 INFO Best AUROC test all: 0.9706420981120065, AUPR test all: 0.9337757285144166, AUROC test unknown: 0.970562791425413, AUPR test unknown: 0.9329925010051343
2026-08-26 02:27:29,163 INFO Epoch: 346, loss: -0.16285309195518494, labeled_loss: 0.0032647859770804644, unnlabeled_loss: 0.06762140989303589, mixup_loss: -1.9992858171463013, energy_loss: 0.0
2026-08-26 02:27:29,163 INFO Best AUROC test all: 0.9706420981120065, AUPR test all: 0.9337757285144166, AUROC test unknown: 0.970562791425413, AUPR test unknown: 0.9329925010051343
2026-08-26 02:27:40,800 INFO Epoch: 347, loss: -0.17888818681240082, labeled_loss: 0.0017535348888486624, unnlabeled_loss: 0.038553573191165924, mixup_loss: -1.9991850852966309, energy_loss: 0.0
2026-08-26 02:27:40,800 INFO Best AUROC test all: 0.9706420981120065, AUPR test all: 0.9337757285144166, AUROC test unknown: 0.970562791425413, AUPR test unknown: 0.9329925010051343
2026-08-26 02:27:52,405 INFO Epoch: 348, loss: -0.15312029421329498, labeled_loss: 0.0011099722469225526, unnlabeled_loss: 0.09142289310693741, mixup_loss: -1.9994170665740967, energy_loss: 0.0
2026-08-26 02:27:52,405 INFO Best AUROC test all: 0.9706420981120065, AUPR test all: 0.9337757285144166, AUROC test unknown: 0.970562791425413, AUPR test unknown: 0.9329925010051343
2026-08-26 02:28:03,964 INFO Epoch: 349, loss: -0.1598166525363922, labeled_loss: 0.0008261745679192245, unnlabeled_loss: 0.07858854532241821, mixup_loss: -1.99937105178833, energy_loss: 0.0
2026-08-26 02:28:03,964 INFO Best AUROC test all: 0.9706420981120065, AUPR test all: 0.9337757285144166, AUROC test unknown: 0.970562791425413, AUPR test unknown: 0.9329925010051343
2026-08-26 02:28:15,541 INFO Epoch: 350, loss: -0.16391508281230927, labeled_loss: 0.0005246713408268988, unnlabeled_loss: 0.07098940014839172, mixup_loss: -1.9993444681167603, energy_loss: 0.0
2026-08-26 02:28:15,541 INFO Best AUROC test all: 0.9706420981120065, AUPR test all: 0.9337757285144166, AUROC test unknown: 0.970562791425413, AUPR test unknown: 0.9329925010051343
2026-08-26 02:28:27,215 INFO Epoch: 351, loss: -0.15772613883018494, labeled_loss: 0.0005416424828581512, unnlabeled_loss: 0.08336012065410614, mixup_loss: -1.9994784593582153, energy_loss: 0.0
2026-08-26 02:28:27,215 INFO Best AUROC test all: 0.9706420981120065, AUPR test all: 0.9337757285144166, AUROC test unknown: 0.970562791425413, AUPR test unknown: 0.9329925010051343
2026-08-26 02:28:38,926 INFO Epoch: 352, loss: -0.15926434099674225, labeled_loss: 0.0009871021611616015, unnlabeled_loss: 0.07938273996114731, mixup_loss: -1.9994280338287354, energy_loss: 0.0
2026-08-26 02:28:38,926 INFO Best AUROC test all: 0.9706420981120065, AUPR test all: 0.9337757285144166, AUROC test unknown: 0.970562791425413, AUPR test unknown: 0.9329925010051343
2026-08-26 02:28:50,540 INFO Epoch: 353, loss: -0.16268447041511536, labeled_loss: 0.00263660354539752, unnlabeled_loss: 0.06923612952232361, mixup_loss: -1.9993913173675537, energy_loss: 0.0
2026-08-26 02:28:50,541 INFO Best AUROC test all: 0.9706420981120065, AUPR test all: 0.9337757285144166, AUROC test unknown: 0.970562791425413, AUPR test unknown: 0.9329925010051343
2026-08-26 02:29:02,422 INFO Epoch: 354, loss: -0.160193532705307, labeled_loss: 0.006500434596091509, unnlabeled_loss: 0.06648943573236465, mixup_loss: -1.9993867874145508, energy_loss: 0.0
2026-08-26 02:29:02,422 INFO Best AUROC test all: 0.9706420981120065, AUPR test all: 0.9337757285144166, AUROC test unknown: 0.970562791425413, AUPR test unknown: 0.9329925010051343
2026-08-26 02:29:13,985 INFO Epoch: 355, loss: -0.1435854285955429, labeled_loss: 0.0024081740994006395, unnlabeled_loss: 0.10787923634052277, mixup_loss: -1.9993321895599365, energy_loss: 0.0
2026-08-26 02:29:13,985 INFO Best AUROC test all: 0.9706420981120065, AUPR test all: 0.9337757285144166, AUROC test unknown: 0.970562791425413, AUPR test unknown: 0.9329925010051343
2026-08-26 02:29:25,611 INFO Epoch: 356, loss: -0.16202007234096527, labeled_loss: 0.0016761025181040168, unnlabeled_loss: 0.07246609777212143, mixup_loss: -1.999292254447937, energy_loss: 0.0
2026-08-26 02:29:25,611 INFO Best AUROC test all: 0.9706420981120065, AUPR test all: 0.9337757285144166, AUROC test unknown: 0.970562791425413, AUPR test unknown: 0.9329925010051343
2026-08-26 02:29:37,230 INFO Epoch: 357, loss: -0.16557836532592773, labeled_loss: 0.0005331053980626166, unnlabeled_loss: 0.06764461100101471, mixup_loss: -1.9993376731872559, energy_loss: 0.0
2026-08-26 02:29:37,230 INFO Best AUROC test all: 0.9706420981120065, AUPR test all: 0.9337757285144166, AUROC test unknown: 0.970562791425413, AUPR test unknown: 0.9329925010051343
2026-08-26 02:29:48,838 INFO Epoch: 358, loss: -0.18039639294147491, labeled_loss: 0.0004989186418242753, unnlabeled_loss: 0.038070205599069595, mixup_loss: -1.9993040561676025, energy_loss: 0.0
2026-08-26 02:29:48,838 INFO Best AUROC test all: 0.9706420981120065, AUPR test all: 0.9337757285144166, AUROC test unknown: 0.970562791425413, AUPR test unknown: 0.9329925010051343
2026-08-26 02:30:00,483 INFO Epoch: 359, loss: -0.16201815009117126, labeled_loss: 0.0007035699672996998, unnlabeled_loss: 0.0744362473487854, mixup_loss: -1.9993984699249268, energy_loss: 0.0
2026-08-26 02:30:00,483 INFO Best AUROC test all: 0.9706420981120065, AUPR test all: 0.9337757285144166, AUROC test unknown: 0.970562791425413, AUPR test unknown: 0.9329925010051343
2026-08-26 02:30:12,260 INFO Epoch: 360, loss: -0.14071963727474213, labeled_loss: 0.0008842177921906114, unnlabeled_loss: 0.11667518317699432, mixup_loss: -1.999414324760437, energy_loss: 0.0
2026-08-26 02:30:12,261 INFO Best AUROC test all: 0.9706420981120065, AUPR test all: 0.9337757285144166, AUROC test unknown: 0.970562791425413, AUPR test unknown: 0.9329925010051343
2026-08-26 02:30:24,076 INFO Epoch: 361, loss: -0.1630275398492813, labeled_loss: 0.0014220202574506402, unnlabeled_loss: 0.07098504155874252, mixup_loss: -1.9994207620620728, energy_loss: 0.0
2026-08-26 02:30:24,076 INFO Best AUROC test all: 0.9706420981120065, AUPR test all: 0.9337757285144166, AUROC test unknown: 0.970562791425413, AUPR test unknown: 0.9329925010051343
2026-08-26 02:30:35,734 INFO Epoch: 362, loss: -0.14964637160301208, labeled_loss: 0.0021598455496132374, unnlabeled_loss: 0.09622298181056976, mixup_loss: -1.9991769790649414, energy_loss: 0.0
2026-08-26 02:30:35,734 INFO Best AUROC test all: 0.9706420981120065, AUPR test all: 0.9337757285144166, AUROC test unknown: 0.970562791425413, AUPR test unknown: 0.9329925010051343
2026-08-26 02:30:47,404 INFO Epoch: 363, loss: -0.16802355647087097, labeled_loss: 0.0024358504451811314, unnlabeled_loss: 0.058932866901159286, mixup_loss: -1.9992583990097046, energy_loss: 0.0
2026-08-26 02:30:47,404 INFO Best AUROC test all: 0.9706420981120065, AUPR test all: 0.9337757285144166, AUROC test unknown: 0.970562791425413, AUPR test unknown: 0.9329925010051343
2026-08-26 02:30:59,073 INFO Epoch: 364, loss: -0.17155730724334717, labeled_loss: 0.0018893129890784621, unnlabeled_loss: 0.05296406149864197, mixup_loss: -1.9992865324020386, energy_loss: 0.0
2026-08-26 02:30:59,073 INFO Best AUROC test all: 0.9706420981120065, AUPR test all: 0.9337757285144166, AUROC test unknown: 0.970562791425413, AUPR test unknown: 0.9329925010051343
2026-08-26 02:31:10,799 INFO Epoch: 365, loss: -0.16756999492645264, labeled_loss: 0.0012372765922918916, unnlabeled_loss: 0.06226430460810661, mixup_loss: -1.9993942975997925, energy_loss: 0.0
2026-08-26 02:31:10,799 INFO Best AUROC test all: 0.9706420981120065, AUPR test all: 0.9337757285144166, AUROC test unknown: 0.970562791425413, AUPR test unknown: 0.9329925010051343
2026-08-26 02:31:22,505 INFO Epoch: 366, loss: -0.17032654583454132, labeled_loss: 0.0008416515192948282, unnlabeled_loss: 0.05753694847226143, mixup_loss: -1.9993666410446167, energy_loss: 0.0
2026-08-26 02:31:22,505 INFO Best AUROC test all: 0.9706420981120065, AUPR test all: 0.9337757285144166, AUROC test unknown: 0.970562791425413, AUPR test unknown: 0.9329925010051343
2026-08-26 02:31:34,097 INFO Epoch: 367, loss: -0.1498236209154129, labeled_loss: 0.0006323712295852602, unnlabeled_loss: 0.09894560277462006, mixup_loss: -1.9992878437042236, energy_loss: 0.0
2026-08-26 02:31:34,097 INFO Best AUROC test all: 0.9706420981120065, AUPR test all: 0.9337757285144166, AUROC test unknown: 0.970562791425413, AUPR test unknown: 0.9329925010051343
2026-08-26 02:31:45,742 INFO Epoch: 368, loss: -0.15340958535671234, labeled_loss: 0.0003882067103404552, unnlabeled_loss: 0.09227810055017471, mixup_loss: -1.9993683099746704, energy_loss: 0.0
2026-08-26 02:31:45,742 INFO Best AUROC test all: 0.9706420981120065, AUPR test all: 0.9337757285144166, AUROC test unknown: 0.970562791425413, AUPR test unknown: 0.9329925010051343
2026-08-26 02:31:57,522 INFO Epoch: 369, loss: -0.17306801676750183, labeled_loss: 0.0006238340865820646, unnlabeled_loss: 0.052483368664979935, mixup_loss: -1.9993352890014648, energy_loss: 0.0
2026-08-26 02:31:57,522 INFO Best AUROC test all: 0.9706420981120065, AUPR test all: 0.9337757285144166, AUROC test unknown: 0.970562791425413, AUPR test unknown: 0.9329925010051343
2026-08-26 02:32:09,182 INFO Epoch: 370, loss: -0.16716577112674713, labeled_loss: 0.0007667439640499651, unnlabeled_loss: 0.06401295959949493, mixup_loss: -1.999389886856079, energy_loss: 0.0
2026-08-26 02:32:09,182 INFO Best AUROC test all: 0.9706420981120065, AUPR test all: 0.9337757285144166, AUROC test unknown: 0.970562791425413, AUPR test unknown: 0.9329925010051343
2026-08-26 02:32:20,946 INFO Epoch: 371, loss: -0.1610967516899109, labeled_loss: 0.0009747075382620096, unnlabeled_loss: 0.07571183145046234, mixup_loss: -1.9992737770080566, energy_loss: 0.0
2026-08-26 02:32:20,946 INFO Best AUROC test all: 0.9706420981120065, AUPR test all: 0.9337757285144166, AUROC test unknown: 0.970562791425413, AUPR test unknown: 0.9329925010051343
2026-08-26 02:32:32,666 INFO Epoch: 372, loss: -0.17649835348129272, labeled_loss: 0.0015369696775451303, unnlabeled_loss: 0.04382879287004471, mixup_loss: -1.9994970560073853, energy_loss: 0.0
2026-08-26 02:32:32,666 INFO Best AUROC test all: 0.9706420981120065, AUPR test all: 0.9337757285144166, AUROC test unknown: 0.970562791425413, AUPR test unknown: 0.9329925010051343
2026-08-26 02:32:44,426 INFO Epoch: 373, loss: -0.16658124327659607, labeled_loss: 0.0016336177941411734, unnlabeled_loss: 0.06340295076370239, mixup_loss: -1.999163269996643, energy_loss: 0.0
2026-08-26 02:32:44,426 INFO Best AUROC test all: 0.9706420981120065, AUPR test all: 0.9337757285144166, AUROC test unknown: 0.970562791425413, AUPR test unknown: 0.9329925010051343
2026-08-26 02:32:56,139 INFO Epoch: 374, loss: -0.16998520493507385, labeled_loss: 0.001506758970208466, unnlabeled_loss: 0.05689513683319092, mixup_loss: -1.9993952512741089, energy_loss: 0.0
2026-08-26 02:32:56,139 INFO Best AUROC test all: 0.9706420981120065, AUPR test all: 0.9337757285144166, AUROC test unknown: 0.970562791425413, AUPR test unknown: 0.9329925010051343
2026-08-26 02:33:07,783 INFO Epoch: 375, loss: -0.16158297657966614, labeled_loss: 0.004936051554977894, unnlabeled_loss: 0.06682100147008896, mixup_loss: -1.9992951154708862, energy_loss: 0.0
2026-08-26 02:33:07,784 INFO Best AUROC test all: 0.9706420981120065, AUPR test all: 0.9337757285144166, AUROC test unknown: 0.970562791425413, AUPR test unknown: 0.9329925010051343
2026-08-26 02:33:19,446 INFO Epoch: 376, loss: -0.150546595454216, labeled_loss: 0.001160136889666319, unnlabeled_loss: 0.09645915776491165, mixup_loss: -1.9993630647659302, energy_loss: 0.0
2026-08-26 02:33:19,446 INFO Best AUROC test all: 0.9706420981120065, AUPR test all: 0.9337757285144166, AUROC test unknown: 0.970562791425413, AUPR test unknown: 0.9329925010051343
2026-08-26 02:33:31,094 INFO Epoch: 377, loss: -0.1537068635225296, labeled_loss: 0.0006702259415760636, unnlabeled_loss: 0.09113616496324539, mixup_loss: -1.9994516372680664, energy_loss: 0.0
2026-08-26 02:33:31,095 INFO Best AUROC test all: 0.9706420981120065, AUPR test all: 0.9337757285144166, AUROC test unknown: 0.970562791425413, AUPR test unknown: 0.9329925010051343
2026-08-26 02:33:42,723 INFO Epoch: 378, loss: -0.16067618131637573, labeled_loss: 0.0004850472032558173, unnlabeled_loss: 0.07754358649253845, mixup_loss: -1.9993301630020142, energy_loss: 0.0
2026-08-26 02:33:42,723 INFO Best AUROC test all: 0.9706420981120065, AUPR test all: 0.9337757285144166, AUROC test unknown: 0.970562791425413, AUPR test unknown: 0.9329925010051343
2026-08-26 02:33:54,449 INFO Epoch: 379, loss: -0.15773025155067444, labeled_loss: 0.0003437330888118595, unnlabeled_loss: 0.0837358683347702, mixup_loss: -1.999419093132019, energy_loss: 0.0
2026-08-26 02:33:54,450 INFO Best AUROC test all: 0.9706420981120065, AUPR test all: 0.9337757285144166, AUROC test unknown: 0.970562791425413, AUPR test unknown: 0.9329925010051343
2026-08-26 02:34:06,051 INFO Epoch: 380, loss: -0.17931629717350006, labeled_loss: 0.0007587029249407351, unnlabeled_loss: 0.03971416503190994, mixup_loss: -1.9993208646774292, energy_loss: 0.0
2026-08-26 02:34:06,051 INFO Best AUROC test all: 0.9706420981120065, AUPR test all: 0.9337757285144166, AUROC test unknown: 0.970562791425413, AUPR test unknown: 0.9329925010051343
2026-08-26 02:34:17,771 INFO Epoch: 381, loss: -0.15234465897083282, labeled_loss: 0.0005032759509049356, unnlabeled_loss: 0.09416624903678894, mixup_loss: -1.9993104934692383, energy_loss: 0.0
2026-08-26 02:34:17,771 INFO Best AUROC test all: 0.9706420981120065, AUPR test all: 0.9337757285144166, AUROC test unknown: 0.970562791425413, AUPR test unknown: 0.9329925010051343
2026-08-26 02:34:29,444 INFO Epoch: 382, loss: -0.16875110566616058, labeled_loss: 0.0006724723498336971, unnlabeled_loss: 0.061046041548252106, mixup_loss: -1.9994659423828125, energy_loss: 0.0
2026-08-26 02:34:29,445 INFO Best AUROC test all: 0.9706420981120065, AUPR test all: 0.9337757285144166, AUROC test unknown: 0.970562791425413, AUPR test unknown: 0.9329925010051343
2026-08-26 02:34:41,149 INFO Epoch: 383, loss: -0.1658090204000473, labeled_loss: 0.0012745487038046122, unnlabeled_loss: 0.06573941558599472, mixup_loss: -1.999532699584961, energy_loss: 0.0
2026-08-26 02:34:41,149 INFO Best AUROC test all: 0.9706420981120065, AUPR test all: 0.9337757285144166, AUROC test unknown: 0.970562791425413, AUPR test unknown: 0.9329925010051343
2026-08-26 02:34:52,817 INFO Epoch: 384, loss: -0.1743507981300354, labeled_loss: 0.0026850663125514984, unnlabeled_loss: 0.045800771564245224, mixup_loss: -1.9993624687194824, energy_loss: 0.0
2026-08-26 02:34:52,817 INFO Best AUROC test all: 0.9706420981120065, AUPR test all: 0.9337757285144166, AUROC test unknown: 0.970562791425413, AUPR test unknown: 0.9329925010051343
2026-08-26 02:35:04,483 INFO Epoch: 385, loss: -0.1453397572040558, labeled_loss: 0.003341848962008953, unnlabeled_loss: 0.10253449529409409, mixup_loss: -1.9994884729385376, energy_loss: 0.0
2026-08-26 02:35:04,483 INFO Best AUROC test all: 0.9706420981120065, AUPR test all: 0.9337757285144166, AUROC test unknown: 0.970562791425413, AUPR test unknown: 0.9329925010051343
2026-08-26 02:35:16,217 INFO Epoch: 386, loss: -0.15278831124305725, labeled_loss: 0.0023530314210802317, unnlabeled_loss: 0.08961282670497894, mixup_loss: -1.9994776248931885, energy_loss: 0.0
2026-08-26 02:35:16,217 INFO Best AUROC test all: 0.9706420981120065, AUPR test all: 0.9337757285144166, AUROC test unknown: 0.970562791425413, AUPR test unknown: 0.9329925010051343
2026-08-26 02:35:27,883 INFO Epoch: 387, loss: -0.16483011841773987, labeled_loss: 0.0009476577397435904, unnlabeled_loss: 0.06833353638648987, mixup_loss: -1.9994454383850098, energy_loss: 0.0
2026-08-26 02:35:27,883 INFO Best AUROC test all: 0.9706420981120065, AUPR test all: 0.9337757285144166, AUROC test unknown: 0.970562791425413, AUPR test unknown: 0.9329925010051343
2026-08-26 02:35:39,593 INFO Epoch: 388, loss: -0.15105752646923065, labeled_loss: 0.0005711361300200224, unnlabeled_loss: 0.09661983698606491, mixup_loss: -1.9993858337402344, energy_loss: 0.0
2026-08-26 02:35:39,593 INFO Best AUROC test all: 0.9706420981120065, AUPR test all: 0.9337757285144166, AUROC test unknown: 0.970562791425413, AUPR test unknown: 0.9329925010051343
2026-08-26 02:35:51,179 INFO Epoch: 389, loss: -0.16776522994041443, labeled_loss: 0.000737792463041842, unnlabeled_loss: 0.06288100779056549, mixup_loss: -1.999435305595398, energy_loss: 0.0
2026-08-26 02:35:51,179 INFO Best AUROC test all: 0.9706420981120065, AUPR test all: 0.9337757285144166, AUROC test unknown: 0.970562791425413, AUPR test unknown: 0.9329925010051343
2026-08-26 02:36:02,917 INFO Epoch: 390, loss: -0.16318590939044952, labeled_loss: 0.001082814997062087, unnlabeled_loss: 0.07132559269666672, mixup_loss: -1.9993151426315308, energy_loss: 0.0
2026-08-26 02:36:02,917 INFO Best AUROC test all: 0.9706420981120065, AUPR test all: 0.9337757285144166, AUROC test unknown: 0.970562791425413, AUPR test unknown: 0.9329925010051343
2026-08-26 02:36:14,565 INFO Epoch: 391, loss: -0.16790643334388733, labeled_loss: 0.0020594624802470207, unnlabeled_loss: 0.05995255708694458, mixup_loss: -1.9994217157363892, energy_loss: 0.0
2026-08-26 02:36:14,565 INFO Best AUROC test all: 0.9706420981120065, AUPR test all: 0.9337757285144166, AUROC test unknown: 0.970562791425413, AUPR test unknown: 0.9329925010051343
2026-08-26 02:36:26,291 INFO Epoch: 392, loss: -0.142324298620224, labeled_loss: 0.005513194017112255, unnlabeled_loss: 0.10419496148824692, mixup_loss: -1.9993497133255005, energy_loss: 0.0
2026-08-26 02:36:26,291 INFO Best AUROC test all: 0.9706420981120065, AUPR test all: 0.9337757285144166, AUROC test unknown: 0.970562791425413, AUPR test unknown: 0.9329925010051343
2026-08-26 02:36:37,902 INFO Epoch: 393, loss: -0.15594074130058289, labeled_loss: 0.001816543284803629, unnlabeled_loss: 0.08437793701887131, mixup_loss: -1.9994624853134155, energy_loss: 0.0
2026-08-26 02:36:37,902 INFO Best AUROC test all: 0.9706420981120065, AUPR test all: 0.9337757285144166, AUROC test unknown: 0.970562791425413, AUPR test unknown: 0.9329925010051343
2026-08-26 02:36:49,546 INFO Epoch: 394, loss: -0.1509655863046646, labeled_loss: 0.0012419507838785648, unnlabeled_loss: 0.09546153992414474, mixup_loss: -1.9993830919265747, energy_loss: 0.0
2026-08-26 02:36:49,546 INFO Best AUROC test all: 0.9706420981120065, AUPR test all: 0.9337757285144166, AUROC test unknown: 0.970562791425413, AUPR test unknown: 0.9329925010051343
2026-08-26 02:37:01,270 INFO Epoch: 395, loss: -0.16743925213813782, labeled_loss: 0.0010331866797059774, unnlabeled_loss: 0.06294360011816025, mixup_loss: -1.999442458152771, energy_loss: 0.0
2026-08-26 02:37:01,270 INFO Best AUROC test all: 0.9706420981120065, AUPR test all: 0.9337757285144166, AUROC test unknown: 0.970562791425413, AUPR test unknown: 0.9329925010051343
2026-08-26 02:37:12,933 INFO Epoch: 396, loss: -0.17063544690608978, labeled_loss: 0.0008954752120189369, unnlabeled_loss: 0.056822746992111206, mixup_loss: -1.9994229078292847, energy_loss: 0.0
2026-08-26 02:37:12,933 INFO Best AUROC test all: 0.9706420981120065, AUPR test all: 0.9337757285144166, AUROC test unknown: 0.970562791425413, AUPR test unknown: 0.9329925010051343
2026-08-26 02:37:24,605 INFO Epoch: 397, loss: -0.1680154949426651, labeled_loss: 0.0007637310191057622, unnlabeled_loss: 0.06231599673628807, mixup_loss: -1.9993722438812256, energy_loss: 0.0
2026-08-26 02:37:24,605 INFO Best AUROC test all: 0.9706420981120065, AUPR test all: 0.9337757285144166, AUROC test unknown: 0.970562791425413, AUPR test unknown: 0.9329925010051343
2026-08-26 02:37:36,326 INFO Epoch: 398, loss: -0.17799460887908936, labeled_loss: 0.0007567092543467879, unnlabeled_loss: 0.04236418381333351, mixup_loss: -1.9993340969085693, energy_loss: 0.0
2026-08-26 02:37:36,326 INFO Best AUROC test all: 0.9706420981120065, AUPR test all: 0.9337757285144166, AUROC test unknown: 0.970562791425413, AUPR test unknown: 0.9329925010051343
2026-08-26 02:37:47,965 INFO Epoch: 399, loss: -0.16942259669303894, labeled_loss: 0.0006030787480995059, unnlabeled_loss: 0.05981842800974846, mixup_loss: -1.9993488788604736, energy_loss: 0.0
2026-08-26 02:37:47,965 INFO Best AUROC test all: 0.9706420981120065, AUPR test all: 0.9337757285144166, AUROC test unknown: 0.970562791425413, AUPR test unknown: 0.9329925010051343
