2026-08-18 12:28:44,536 INFO cli={'dataset': 'photo', 'method': 'demo', 'seed': 0, 'train_seed': None, 'epochs': None, 'set': ['energy_loss=true'], 'tag': 'E_demo_energy', 'rotations': [0]}
2026-08-18 12:28:44,537 INFO config={'alpha_plus': 0.05, 'alpha_r': 0.1, 'atlas_gate_q': 0.9, 'batch_size': 512, 'hidden_dim': 64, 'lambda_halo': 0.2, 'lambda_mixup': 0.2, 'lambda_un': 1.0, 'lr': 0.001, 'margin': 0.1, 'n_layers': 2, 'optimiser': 'adam', 'sampling_sizes': [25, 10], 'tau_minus': 0.05, 'tau_mu': 0.05, 'tau_plus': 0.95, 'use_atlas_gate': True, 'use_conformal': True, 'use_pl': True, 'version': 4, 'weight_decay': 0.0001, 'loss': 'bce', 'num_epochs': 200, 'ebd_dim': 64, 'drop_out': 0.5, 'gamma': 0.1, 'damping': 0.001, 'p_cutoff': [0.05, 0.95], 'unlabeled_loss': 0.5, 'mixup_loss': 0.1, 'energy_loss_weight': 0.1, 'used_unlabeled_data': True, 'energy_loss': True, 'mixup': False, 'thresh_warmup': True, 'used_augment_for_anormaly': True, 'batch_size_for_anormaly': 20, 'sample_size_for_anormaly': 25, 'div_loss_alpha': 0.5, 'mixup_loss_type': 'consistency', 'device': 0, 'input_dim': 745}
2026-08-18 12:28:44,695 INFO cli={'dataset': 'photo', 'method': 'demo', 'seed': 0, 'train_seed': None, 'epochs': None, 'set': ['energy_loss=true'], 'tag': 'E_demo_energy', 'rotations': [7]}
2026-08-18 12:28:44,838 INFO config={'alpha_plus': 0.05, 'alpha_r': 0.1, 'atlas_gate_q': 0.9, 'batch_size': 512, 'hidden_dim': 64, 'lambda_halo': 0.2, 'lambda_mixup': 0.2, 'lambda_un': 1.0, 'lr': 0.001, 'margin': 0.1, 'n_layers': 2, 'optimiser': 'adam', 'sampling_sizes': [25, 10], 'tau_minus': 0.05, 'tau_mu': 0.05, 'tau_plus': 0.95, 'use_atlas_gate': True, 'use_conformal': True, 'use_pl': True, 'version': 4, 'weight_decay': 0.0001, 'loss': 'bce', 'num_epochs': 200, 'ebd_dim': 64, 'drop_out': 0.5, 'gamma': 0.1, 'damping': 0.001, 'p_cutoff': [0.05, 0.95], 'unlabeled_loss': 0.5, 'mixup_loss': 0.1, 'energy_loss_weight': 0.1, 'used_unlabeled_data': True, 'energy_loss': True, 'mixup': False, 'thresh_warmup': True, 'used_augment_for_anormaly': True, 'batch_size_for_anormaly': 20, 'sample_size_for_anormaly': 25, 'div_loss_alpha': 0.5, 'mixup_loss_type': 'consistency', 'device': 0, 'input_dim': 745}
2026-08-18 12:28:51,889 INFO Epoch: 0, loss: 0.6928136348724365, labeled_loss: 0.6928133964538574, unnlabeled_loss: 0.0, mixup_loss: 0.0, energy_loss: 2.4956266315712128e-06
2026-08-18 12:28:51,889 INFO Best AUROC test all: 0.6564511192077175, AUPR test all: 0.13970754262301718, AUROC test unknown: 0.8101639288507977, AUPR test unknown: 0.1493594824490062
2026-08-18 12:28:53,946 INFO Epoch: 0, loss: 0.8275881409645081, labeled_loss: 0.8270384669303894, unnlabeled_loss: 0.0, mixup_loss: 0.0, energy_loss: 0.005496625322848558
2026-08-18 12:28:53,946 INFO Best AUROC test all: 0.5973653939196462, AUPR test all: 0.1139230907095786, AUROC test unknown: 0.4057978854737987, AUPR test unknown: 0.03655891225675402
2026-08-18 12:28:59,485 INFO Epoch: 1, loss: 0.609346330165863, labeled_loss: 0.6102883219718933, unnlabeled_loss: 0.0, mixup_loss: 0.0, energy_loss: -0.00941989291459322
2026-08-18 12:28:59,486 INFO Best AUROC test all: 0.658912931860146, AUPR test all: 0.14187718757463333, AUROC test unknown: 0.8258031991094322, AUPR test unknown: 0.15620255331372532
2026-08-18 12:29:01,677 INFO Epoch: 1, loss: 0.6892729997634888, labeled_loss: 0.6892859935760498, unnlabeled_loss: 0.0, mixup_loss: 0.0, energy_loss: -0.0001297904527746141
2026-08-18 12:29:01,678 INFO Best AUROC test all: 0.6110184197794168, AUPR test all: 0.12045686394997118, AUROC test unknown: 0.41673902810953073, AUPR test unknown: 0.03721382738152264
2026-08-18 12:29:07,275 INFO Epoch: 2, loss: 0.5473384857177734, labeled_loss: 0.546364963054657, unnlabeled_loss: 0.0, mixup_loss: 0.0, energy_loss: 0.009735479019582272
2026-08-18 12:29:07,276 INFO Best AUROC test all: 0.658912931860146, AUPR test all: 0.14208778626955113, AUROC test unknown: 0.8297821775279277, AUPR test unknown: 0.15847617959068802
2026-08-18 12:29:09,229 INFO Epoch: 2, loss: 0.575975775718689, labeled_loss: 0.5751917362213135, unnlabeled_loss: 0.0, mixup_loss: 0.0, energy_loss: 0.007840177044272423
2026-08-18 12:29:09,229 INFO Best AUROC test all: 0.6119434817382031, AUPR test all: 0.12045686394997118, AUROC test unknown: 0.42239963490993426, AUPR test unknown: 0.03757980425016925
2026-08-18 12:29:14,981 INFO Epoch: 3, loss: 0.4859190881252289, labeled_loss: 0.49079060554504395, unnlabeled_loss: 0.0, mixup_loss: 0.0, energy_loss: -0.04871509596705437
2026-08-18 12:29:14,982 INFO Best AUROC test all: 0.6629380313397908, AUPR test all: 0.14523060431206525, AUROC test unknown: 0.8335890314826013, AUPR test unknown: 0.16244380611665907
2026-08-18 12:29:17,732 INFO Epoch: 3, loss: 0.48326438665390015, labeled_loss: 0.48091837763786316, unnlabeled_loss: 0.0, mixup_loss: 0.0, energy_loss: 0.023459959775209427
2026-08-18 12:29:17,732 INFO Best AUROC test all: 0.612183170907511, AUPR test all: 0.12094624043349142, AUROC test unknown: 0.42239963490993426, AUPR test unknown: 0.03757980425016925
2026-08-18 12:29:22,966 INFO Epoch: 4, loss: 0.44454503059387207, labeled_loss: 0.43929803371429443, unnlabeled_loss: 0.0, mixup_loss: 0.0, energy_loss: 0.05246982350945473
2026-08-18 12:29:22,966 INFO Best AUROC test all: 0.6637442361049399, AUPR test all: 0.14637142621235943, AUROC test unknown: 0.8370956008305109, AUPR test unknown: 0.16378070371063594
2026-08-18 12:29:25,357 INFO Epoch: 4, loss: 0.3883664309978485, labeled_loss: 0.39254119992256165, unnlabeled_loss: 0.0, mixup_loss: 0.0, energy_loss: -0.0417478084564209
2026-08-18 12:29:25,357 INFO Best AUROC test all: 0.6128106578986344, AUPR test all: 0.12134329952419418, AUROC test unknown: 0.42239963490993426, AUPR test unknown: 0.03757980425016925
2026-08-18 12:29:30,480 INFO Epoch: 5, loss: 0.41830945014953613, labeled_loss: 0.41241076588630676, unnlabeled_loss: 0.0, mixup_loss: 0.0, energy_loss: 0.05898692086338997
2026-08-18 12:29:30,480 INFO Best AUROC test all: 0.6637442361049399, AUPR test all: 0.14637142621235943, AUROC test unknown: 0.8370956008305109, AUPR test unknown: 0.16378070371063594
2026-08-18 12:29:33,424 INFO Epoch: 5, loss: 0.33497628569602966, labeled_loss: 0.33877623081207275, unnlabeled_loss: 0.0, mixup_loss: 0.0, energy_loss: -0.03799935057759285
2026-08-18 12:29:33,424 INFO Best AUROC test all: 0.6177834059065731, AUPR test all: 0.12337843200513032, AUROC test unknown: 0.42551071457965167, AUPR test unknown: 0.03776496929413018
2026-08-18 12:29:34,410 INFO Epoch: 6, loss: 0.4305266737937927, labeled_loss: 0.4050009846687317, unnlabeled_loss: 0.03375229239463806, mixup_loss: 0.0, energy_loss: 0.0864952802658081
2026-08-18 12:29:34,410 INFO Best AUROC test all: 0.6658463915795294, AUPR test all: 0.14739200304485606, AUROC test unknown: 0.8386177617515386, AUPR test unknown: 0.1652552176262375
2026-08-18 12:29:39,779 INFO Epoch: 7, loss: 0.4373762011528015, labeled_loss: 0.4343620836734772, unnlabeled_loss: 0.020012937486171722, mixup_loss: 0.0, energy_loss: -0.06992334872484207
2026-08-18 12:29:39,779 INFO Best AUROC test all: 0.6712590222854152, AUPR test all: 0.14989785028574404, AUROC test unknown: 0.8445579221632438, AUPR test unknown: 0.16926908989395256
2026-08-18 12:29:41,564 INFO Epoch: 6, loss: 0.3744480311870575, labeled_loss: 0.33868178725242615, unnlabeled_loss: 0.048239752650260925, mixup_loss: 0.0, energy_loss: 0.1164635494351387
2026-08-18 12:29:41,564 INFO Best AUROC test all: 0.6177834059065731, AUPR test all: 0.12337843200513032, AUROC test unknown: 0.42551071457965167, AUPR test unknown: 0.03776496929413018
2026-08-18 12:29:46,139 INFO Epoch: 8, loss: 0.47735974192619324, labeled_loss: 0.4543738067150116, unnlabeled_loss: 0.0180052537471056, mixup_loss: 0.0, energy_loss: 0.13983309268951416
2026-08-18 12:29:46,140 INFO Best AUROC test all: 0.6723942751068851, AUPR test all: 0.15009666795469145, AUROC test unknown: 0.8445579221632438, AUPR test unknown: 0.16926908989395256
2026-08-18 12:29:47,438 INFO Epoch: 7, loss: 0.4088539183139801, labeled_loss: 0.3803292512893677, unnlabeled_loss: 0.029722288250923157, mixup_loss: 0.0, energy_loss: 0.13663533329963684
2026-08-18 12:29:47,439 INFO Best AUROC test all: 0.6177834059065731, AUPR test all: 0.12337843200513032, AUROC test unknown: 0.42551071457965167, AUPR test unknown: 0.03776496929413018
2026-08-18 12:29:53,364 INFO Epoch: 9, loss: 0.4274481236934662, labeled_loss: 0.4272363781929016, unnlabeled_loss: 0.01868269219994545, mixup_loss: 0.0, energy_loss: -0.09129605442285538
2026-08-18 12:29:53,365 INFO Best AUROC test all: 0.6740484019076395, AUPR test all: 0.15043855207817602, AUROC test unknown: 0.8445579221632438, AUPR test unknown: 0.16926908989395256
2026-08-18 12:29:55,365 INFO Epoch: 8, loss: 0.40537726879119873, labeled_loss: 0.39245426654815674, unnlabeled_loss: 0.018703794106841087, mixup_loss: 0.0, energy_loss: 0.035710908472537994
2026-08-18 12:29:55,365 INFO Best AUROC test all: 0.6177834059065731, AUPR test all: 0.12584765755626057, AUROC test unknown: 0.42551071457965167, AUPR test unknown: 0.03776496929413018
2026-08-18 12:30:01,496 INFO Epoch: 10, loss: 0.4096129834651947, labeled_loss: 0.4166058301925659, unnlabeled_loss: 0.0082236398011446, mixup_loss: 0.0, energy_loss: -0.11104685068130493
2026-08-18 12:30:01,497 INFO Best AUROC test all: 0.6779718001125625, AUPR test all: 0.15163337924299147, AUROC test unknown: 0.8445579221632438, AUPR test unknown: 0.16926908989395256
2026-08-18 12:30:03,358 INFO Epoch: 9, loss: 0.4025925397872925, labeled_loss: 0.4038650691509247, unnlabeled_loss: 0.020154207944869995, mixup_loss: 0.0, energy_loss: -0.11349643766880035
2026-08-18 12:30:03,358 INFO Best AUROC test all: 0.6203901181907047, AUPR test all: 0.12833150682522637, AUROC test unknown: 0.42551071457965167, AUPR test unknown: 0.03776496929413018
2026-08-18 12:30:09,748 INFO Epoch: 11, loss: 0.41694071888923645, labeled_loss: 0.407802551984787, unnlabeled_loss: 0.007051764987409115, mixup_loss: 0.0, energy_loss: 0.05612296611070633
2026-08-18 12:30:09,748 INFO Best AUROC test all: 0.6779718001125625, AUPR test all: 0.15163337924299147, AUROC test unknown: 0.8445579221632438, AUPR test unknown: 0.16926908989395256
2026-08-18 12:30:11,387 INFO Epoch: 10, loss: 0.41767796874046326, labeled_loss: 0.41070377826690674, unnlabeled_loss: 0.015906618908047676, mixup_loss: 0.0, energy_loss: -0.009791119024157524
2026-08-18 12:30:11,388 INFO Best AUROC test all: 0.6221691499550737, AUPR test all: 0.12905713554077722, AUROC test unknown: 0.42551071457965167, AUPR test unknown: 0.03776496929413018
2026-08-18 12:30:15,342 INFO Epoch: 11, loss: 0.3968634009361267, labeled_loss: 0.36736151576042175, unnlabeled_loss: 0.024291059002280235, mixup_loss: 0.0, energy_loss: 0.17356379330158234
2026-08-18 12:30:15,342 INFO Best AUROC test all: 0.6235821064999951, AUPR test all: 0.1326447515289501, AUROC test unknown: 0.42551071457965167, AUPR test unknown: 0.03776496929413018
2026-08-18 12:30:18,205 INFO Epoch: 12, loss: 0.38959911465644836, labeled_loss: 0.39197149872779846, unnlabeled_loss: 0.0012248888378962874, mixup_loss: 0.0, energy_loss: -0.029848136007785797
2026-08-18 12:30:18,205 INFO Best AUROC test all: 0.6835738864697809, AUPR test all: 0.15531930483938894, AUROC test unknown: 0.8445579221632438, AUPR test unknown: 0.1735349899247349
2026-08-18 12:30:21,599 INFO Epoch: 12, loss: 0.36829039454460144, labeled_loss: 0.3490261733531952, unnlabeled_loss: 0.023378469049930573, mixup_loss: 0.0, energy_loss: 0.07574982941150665
2026-08-18 12:30:21,600 INFO Best AUROC test all: 0.6242650108119316, AUPR test all: 0.1334088502365652, AUROC test unknown: 0.42551071457965167, AUPR test unknown: 0.03776496929413018
2026-08-18 12:30:27,376 INFO Epoch: 13, loss: 0.39546021819114685, labeled_loss: 0.4005441665649414, unnlabeled_loss: 0.00026309056556783617, mixup_loss: 0.0, energy_loss: -0.05215485766530037
2026-08-18 12:30:27,376 INFO Best AUROC test all: 0.6835738864697809, AUPR test all: 0.15531930483938894, AUROC test unknown: 0.8445579221632438, AUPR test unknown: 0.1735349899247349
2026-08-18 12:30:30,236 INFO Epoch: 13, loss: 0.3626667857170105, labeled_loss: 0.33807674050331116, unnlabeled_loss: 0.025542300194501877, mixup_loss: 0.0, energy_loss: 0.11818889528512955
2026-08-18 12:30:30,236 INFO Best AUROC test all: 0.6310399942731322, AUPR test all: 0.13824081867799579, AUROC test unknown: 0.42551071457965167, AUPR test unknown: 0.03776496929413018
2026-08-18 12:30:34,470 INFO Epoch: 14, loss: 0.3429158627986908, labeled_loss: 0.3231416940689087, unnlabeled_loss: 0.023727884516119957, mixup_loss: 0.0, energy_loss: 0.07910227030515671
2026-08-18 12:30:34,470 INFO Best AUROC test all: 0.6314424795363212, AUPR test all: 0.14107913219842455, AUROC test unknown: 0.42551071457965167, AUPR test unknown: 0.03776496929413018
2026-08-18 12:30:36,048 INFO Epoch: 14, loss: 0.38913804292678833, labeled_loss: 0.3976316452026367, unnlabeled_loss: 7.582508987979963e-05, mixup_loss: 0.0, energy_loss: -0.08531522005796432
2026-08-18 12:30:36,048 INFO Best AUROC test all: 0.6882238810391303, AUPR test all: 0.15611501147746742, AUROC test unknown: 0.8445579221632438, AUPR test unknown: 0.1735349899247349
2026-08-18 12:30:42,938 INFO Epoch: 15, loss: 0.3249495327472687, labeled_loss: 0.3198748230934143, unnlabeled_loss: 0.015696894377470016, mixup_loss: 0.0, energy_loss: -0.0277373306453228
2026-08-18 12:30:42,939 INFO Best AUROC test all: 0.6353503263327309, AUPR test all: 0.14386344013656924, AUROC test unknown: 0.42551071457965167, AUPR test unknown: 0.03776496929413018
2026-08-18 12:30:44,429 INFO Epoch: 15, loss: 0.40680763125419617, labeled_loss: 0.39820995926856995, unnlabeled_loss: 0.0, mixup_loss: 0.0, energy_loss: 0.08597684651613235
2026-08-18 12:30:44,429 INFO Best AUROC test all: 0.6882238810391303, AUPR test all: 0.15611501147746742, AUROC test unknown: 0.8445579221632438, AUPR test unknown: 0.1735349899247349
2026-08-18 12:30:48,887 INFO Epoch: 16, loss: 0.4030854105949402, labeled_loss: 0.3965666592121124, unnlabeled_loss: 0.00013824681809637696, mixup_loss: 0.0, energy_loss: 0.06449637562036514
2026-08-18 12:30:48,887 INFO Best AUROC test all: 0.690007849758583, AUPR test all: 0.15611501147746742, AUROC test unknown: 0.8445579221632438, AUPR test unknown: 0.1735349899247349
2026-08-18 12:30:51,377 INFO Epoch: 16, loss: 0.3162331283092499, labeled_loss: 0.31871116161346436, unnlabeled_loss: 0.011904207989573479, mixup_loss: 0.0, energy_loss: -0.08430121093988419
2026-08-18 12:30:51,377 INFO Best AUROC test all: 0.6364849620348154, AUPR test all: 0.14741131979135844, AUROC test unknown: 0.42551071457965167, AUPR test unknown: 0.03776496929413018
2026-08-18 12:30:55,327 INFO Epoch: 17, loss: 0.32207033038139343, labeled_loss: 0.3253389596939087, unnlabeled_loss: 0.007775638252496719, mixup_loss: 0.0, energy_loss: -0.0715647041797638
2026-08-18 12:30:55,327 INFO Best AUROC test all: 0.6391436357712018, AUPR test all: 0.1491457667556793, AUROC test unknown: 0.42551071457965167, AUPR test unknown: 0.03776496929413018
2026-08-18 12:30:57,052 INFO Epoch: 17, loss: 0.40069326758384705, labeled_loss: 0.3953559696674347, unnlabeled_loss: 0.0001331990642938763, mixup_loss: 0.0, energy_loss: 0.05270704627037048
2026-08-18 12:30:57,052 INFO Best AUROC test all: 0.6935504853026847, AUPR test all: 0.1568042806590486, AUROC test unknown: 0.8445579221632438, AUPR test unknown: 0.1735349899247349
2026-08-18 12:31:01,902 INFO Epoch: 18, loss: 0.32119643688201904, labeled_loss: 0.32619914412498474, unnlabeled_loss: 0.007767503149807453, mixup_loss: 0.0, energy_loss: -0.08886450529098511
2026-08-18 12:31:01,902 INFO Best AUROC test all: 0.6396684340965866, AUPR test all: 0.15058125405244843, AUROC test unknown: 0.42551071457965167, AUPR test unknown: 0.03776496929413018
2026-08-18 12:31:06,582 INFO Epoch: 18, loss: 0.40048232674598694, labeled_loss: 0.39361923933029175, unnlabeled_loss: 0.0005730834091082215, mixup_loss: 0.0, energy_loss: 0.06576523184776306
2026-08-18 12:31:06,582 INFO Best AUROC test all: 0.6976823464360121, AUPR test all: 0.15862196796657166, AUROC test unknown: 0.8445579221632438, AUPR test unknown: 0.1735349899247349
2026-08-18 12:31:11,553 INFO Epoch: 19, loss: 0.3387446403503418, labeled_loss: 0.32604095339775085, unnlabeled_loss: 0.0056835440918803215, mixup_loss: 0.0, energy_loss: 0.0986192598938942
2026-08-18 12:31:11,554 INFO Best AUROC test all: 0.641388962943215, AUPR test all: 0.15410297287271205, AUROC test unknown: 0.42551071457965167, AUPR test unknown: 0.03776496929413018
2026-08-18 12:31:15,981 INFO Epoch: 19, loss: 0.3907693326473236, labeled_loss: 0.39166519045829773, unnlabeled_loss: 0.0014669346855953336, mixup_loss: 0.0, energy_loss: -0.016293244436383247
2026-08-18 12:31:15,981 INFO Best AUROC test all: 0.6976823464360121, AUPR test all: 0.15862196796657166, AUROC test unknown: 0.8445579221632438, AUPR test unknown: 0.1735349899247349
2026-08-18 12:31:21,135 INFO Epoch: 20, loss: 0.33328190445899963, labeled_loss: 0.32284507155418396, unnlabeled_loss: 0.008428938686847687, mixup_loss: 0.0, energy_loss: 0.06222355365753174
2026-08-18 12:31:21,135 INFO Best AUROC test all: 0.641388962943215, AUPR test all: 0.1551369007913344, AUROC test unknown: 0.42551071457965167, AUPR test unknown: 0.03776496929413018
2026-08-18 12:31:24,384 INFO Epoch: 20, loss: 0.39647844433784485, labeled_loss: 0.38502082228660583, unnlabeled_loss: 0.002911841496825218, mixup_loss: 0.0, energy_loss: 0.10001693665981293
2026-08-18 12:31:24,384 INFO Best AUROC test all: 0.6987888414941201, AUPR test all: 0.15862196796657166, AUROC test unknown: 0.8445579221632438, AUPR test unknown: 0.1735349899247349
2026-08-18 12:31:30,154 INFO Epoch: 21, loss: 0.3905004560947418, labeled_loss: 0.38101834058761597, unnlabeled_loss: 0.0031624550465494394, mixup_loss: 0.0, energy_loss: 0.07900891453027725
2026-08-18 12:31:30,155 INFO Best AUROC test all: 0.6999487790910078, AUPR test all: 0.15862196796657166, AUROC test unknown: 0.8445579221632438, AUPR test unknown: 0.1735349899247349
2026-08-18 12:31:31,240 INFO Epoch: 21, loss: 0.31195488572120667, labeled_loss: 0.3107315003871918, unnlabeled_loss: 0.008538501337170601, mixup_loss: 0.0, energy_loss: -0.030458686873316765
2026-08-18 12:31:31,241 INFO Best AUROC test all: 0.641388962943215, AUPR test all: 0.1551369007913344, AUROC test unknown: 0.42551071457965167, AUPR test unknown: 0.03776496929413018
2026-08-18 12:31:41,551 INFO Epoch: 22, loss: 0.38288459181785583, labeled_loss: 0.38323351740837097, unnlabeled_loss: 0.0030749381985515356, mixup_loss: 0.0, energy_loss: -0.01886405609548092
2026-08-18 12:31:41,552 INFO Best AUROC test all: 0.7089314454417094, AUPR test all: 0.16195020985693637, AUROC test unknown: 0.8445579221632438, AUPR test unknown: 0.1735349899247349
2026-08-18 12:31:43,371 INFO Epoch: 22, loss: 0.30805325508117676, labeled_loss: 0.30744561553001404, unnlabeled_loss: 0.012702667154371738, mixup_loss: 0.0, energy_loss: -0.057436875998973846
2026-08-18 12:31:43,371 INFO Best AUROC test all: 0.6432583409856137, AUPR test all: 0.15870531012929173, AUROC test unknown: 0.42551071457965167, AUPR test unknown: 0.03776496929413018
2026-08-18 12:31:50,139 INFO Epoch: 23, loss: 0.39699506759643555, labeled_loss: 0.3884332776069641, unnlabeled_loss: 0.0033615962602198124, mixup_loss: 0.0, energy_loss: 0.06881009042263031
2026-08-18 12:31:50,139 INFO Best AUROC test all: 0.7122973379938189, AUPR test all: 0.1643556223906202, AUROC test unknown: 0.8445579221632438, AUPR test unknown: 0.1735349899247349
2026-08-18 12:31:53,741 INFO Epoch: 23, loss: 0.30314287543296814, labeled_loss: 0.3026472330093384, unnlabeled_loss: 0.019529860466718674, mixup_loss: 0.0, energy_loss: -0.09269283711910248
2026-08-18 12:31:53,741 INFO Best AUROC test all: 0.6432583409856137, AUPR test all: 0.15905255904228316, AUROC test unknown: 0.42551071457965167, AUPR test unknown: 0.03776496929413018
2026-08-18 12:31:57,140 INFO Epoch: 24, loss: 0.3904492259025574, labeled_loss: 0.3822563588619232, unnlabeled_loss: 0.0021893249358981848, mixup_loss: 0.0, energy_loss: 0.07098206877708435
2026-08-18 12:31:57,140 INFO Best AUROC test all: 0.7179794030233912, AUPR test all: 0.16551890263001523, AUROC test unknown: 0.8445579221632438, AUPR test unknown: 0.1735349899247349
2026-08-18 12:32:03,374 INFO Epoch: 24, loss: 0.30235394835472107, labeled_loss: 0.2982487082481384, unnlabeled_loss: 0.0182814821600914, mixup_loss: 0.0, energy_loss: -0.05035486817359924
2026-08-18 12:32:03,374 INFO Best AUROC test all: 0.6432583409856137, AUPR test all: 0.15905255904228316, AUROC test unknown: 0.42551071457965167, AUPR test unknown: 0.03776496929413018
2026-08-18 12:32:04,935 INFO Epoch: 25, loss: 0.38367795944213867, labeled_loss: 0.3771805763244629, unnlabeled_loss: 0.001774429576471448, mixup_loss: 0.0, energy_loss: 0.05610155314207077
2026-08-18 12:32:04,935 INFO Best AUROC test all: 0.7259783810736888, AUPR test all: 0.1696372136338799, AUROC test unknown: 0.8445579221632438, AUPR test unknown: 0.1735349899247349
2026-08-18 12:32:14,448 INFO Epoch: 26, loss: 0.37965723872184753, labeled_loss: 0.3748491406440735, unnlabeled_loss: 0.0006571940029971302, mixup_loss: 0.0, energy_loss: 0.044795069843530655
2026-08-18 12:32:14,448 INFO Best AUROC test all: 0.7322326391974486, AUPR test all: 0.1698806744024092, AUROC test unknown: 0.8445579221632438, AUPR test unknown: 0.1735349899247349
2026-08-18 12:32:14,817 INFO Epoch: 25, loss: 0.3048570156097412, labeled_loss: 0.2942031919956207, unnlabeled_loss: 0.03373689576983452, mixup_loss: 0.0, energy_loss: -0.062146175652742386
2026-08-18 12:32:14,817 INFO Best AUROC test all: 0.6439737057772248, AUPR test all: 0.16072731802037787, AUROC test unknown: 0.42551071457965167, AUPR test unknown: 0.03776496929413018
2026-08-18 12:32:24,734 INFO Epoch: 27, loss: 0.37636739015579224, labeled_loss: 0.3726469874382019, unnlabeled_loss: 0.00010400635801488534, mixup_loss: 0.0, energy_loss: 0.03668408840894699
2026-08-18 12:32:24,734 INFO Best AUROC test all: 0.746470694234624, AUPR test all: 0.17948604490117087, AUROC test unknown: 0.8445579221632438, AUPR test unknown: 0.1735349899247349
2026-08-18 12:32:26,969 INFO Epoch: 26, loss: 0.3247641324996948, labeled_loss: 0.30064940452575684, unnlabeled_loss: 0.024770600721240044, mixup_loss: 0.0, energy_loss: 0.1172943040728569
2026-08-18 12:32:26,970 INFO Best AUROC test all: 0.6469864826169812, AUPR test all: 0.16311123091793606, AUROC test unknown: 0.42551071457965167, AUPR test unknown: 0.03776496929413018
2026-08-18 12:32:34,651 INFO Epoch: 28, loss: 0.3766579031944275, labeled_loss: 0.373502254486084, unnlabeled_loss: 1.3229731848696247e-05, mixup_loss: 0.0, energy_loss: 0.03149031475186348
2026-08-18 12:32:34,651 INFO Best AUROC test all: 0.7525584535481896, AUPR test all: 0.18091127208406688, AUROC test unknown: 0.8445579221632438, AUPR test unknown: 0.1735349899247349
2026-08-18 12:32:37,313 INFO Epoch: 27, loss: 0.3317861557006836, labeled_loss: 0.31496214866638184, unnlabeled_loss: 0.02403700351715088, mixup_loss: 0.0, energy_loss: 0.048055071383714676
2026-08-18 12:32:37,313 INFO Best AUROC test all: 0.6469864826169812, AUPR test all: 0.16472833052191813, AUROC test unknown: 0.42551071457965167, AUPR test unknown: 0.03776496929413018
2026-08-18 12:32:44,633 INFO Epoch: 29, loss: 0.3708215057849884, labeled_loss: 0.37109556794166565, unnlabeled_loss: 4.521278242464177e-05, mixup_loss: 0.0, energy_loss: -0.0029669597279280424
2026-08-18 12:32:44,633 INFO Best AUROC test all: 0.7589700771152385, AUPR test all: 0.1849716637844809, AUROC test unknown: 0.8445579221632438, AUPR test unknown: 0.1735349899247349
2026-08-18 12:32:47,333 INFO Epoch: 28, loss: 0.32010892033576965, labeled_loss: 0.3068963289260864, unnlabeled_loss: 0.028156612068414688, mixup_loss: 0.0, energy_loss: -0.008657213300466537
2026-08-18 12:32:47,333 INFO Best AUROC test all: 0.6469864826169812, AUPR test all: 0.16702116061185812, AUROC test unknown: 0.42551071457965167, AUPR test unknown: 0.03776496929413018
2026-08-18 12:32:54,233 INFO Epoch: 30, loss: 0.358545184135437, labeled_loss: 0.36738696694374084, unnlabeled_loss: 0.0, mixup_loss: 0.0, energy_loss: -0.08841786533594131
2026-08-18 12:32:54,233 INFO Best AUROC test all: 0.7631462474204408, AUPR test all: 0.1867893789179344, AUROC test unknown: 0.8445579221632438, AUPR test unknown: 0.1735349899247349
2026-08-18 12:32:57,061 INFO Epoch: 29, loss: 0.32416656613349915, labeled_loss: 0.2988545000553131, unnlabeled_loss: 0.025279618799686432, mixup_loss: 0.0, energy_loss: 0.12672242522239685
2026-08-18 12:32:57,061 INFO Best AUROC test all: 0.64947372058809, AUPR test all: 0.16981919055520114, AUROC test unknown: 0.42551071457965167, AUPR test unknown: 0.03776496929413018
2026-08-18 12:33:03,706 INFO Epoch: 31, loss: 0.3762335479259491, labeled_loss: 0.3685958981513977, unnlabeled_loss: 3.423161251703277e-05, mixup_loss: 0.0, energy_loss: 0.07620544731616974
2026-08-18 12:33:03,706 INFO Best AUROC test all: 0.7663139212259447, AUPR test all: 0.1889358730633896, AUROC test unknown: 0.8445579221632438, AUPR test unknown: 0.1735349899247349
2026-08-18 12:33:07,779 INFO Epoch: 30, loss: 0.3125074803829193, labeled_loss: 0.2949028015136719, unnlabeled_loss: 0.027996262535452843, mixup_loss: 0.0, energy_loss: 0.036065492779016495
2026-08-18 12:33:07,780 INFO Best AUROC test all: 0.64947372058809, AUPR test all: 0.16998334039875346, AUROC test unknown: 0.42551071457965167, AUPR test unknown: 0.03776496929413018
2026-08-18 12:33:14,807 INFO Epoch: 32, loss: 0.36226341128349304, labeled_loss: 0.3667129576206207, unnlabeled_loss: 9.276762284571305e-06, mixup_loss: 0.0, energy_loss: -0.04454202577471733
2026-08-18 12:33:14,807 INFO Best AUROC test all: 0.7684295299031371, AUPR test all: 0.1907347163010616, AUROC test unknown: 0.8445579221632438, AUPR test unknown: 0.1735349899247349
2026-08-18 12:33:20,409 INFO Epoch: 31, loss: 0.32211777567863464, labeled_loss: 0.29527002573013306, unnlabeled_loss: 0.025039028376340866, mixup_loss: 0.0, energy_loss: 0.14328250288963318
2026-08-18 12:33:20,409 INFO Best AUROC test all: 0.6540170769276341, AUPR test all: 0.17723836435748663, AUROC test unknown: 0.42551071457965167, AUPR test unknown: 0.03776496929413018
2026-08-18 12:33:26,852 INFO Epoch: 33, loss: 0.3634334206581116, labeled_loss: 0.36445358395576477, unnlabeled_loss: 0.00010933545127045363, mixup_loss: 0.0, energy_loss: -0.010748185217380524
2026-08-18 12:33:26,852 INFO Best AUROC test all: 0.7688312746230634, AUPR test all: 0.1907347163010616, AUROC test unknown: 0.8445579221632438, AUPR test unknown: 0.1735349899247349
2026-08-18 12:33:32,486 INFO Epoch: 32, loss: 0.2981939911842346, labeled_loss: 0.2800804674625397, unnlabeled_loss: 0.02434428781270981, mixup_loss: 0.0, energy_loss: 0.05941399559378624
2026-08-18 12:33:32,486 INFO Best AUROC test all: 0.6540170769276341, AUPR test all: 0.17778413642996907, AUROC test unknown: 0.42551071457965167, AUPR test unknown: 0.03776496929413018
2026-08-18 12:33:38,612 INFO Epoch: 34, loss: 0.3724540174007416, labeled_loss: 0.3610641658306122, unnlabeled_loss: 0.00012681355292443186, mixup_loss: 0.0, energy_loss: 0.11326418071985245
2026-08-18 12:33:38,613 INFO Best AUROC test all: 0.777021436258973, AUPR test all: 0.197986430962029, AUROC test unknown: 0.8445579221632438, AUPR test unknown: 0.1735349899247349
2026-08-18 12:33:43,830 INFO Epoch: 33, loss: 0.29997116327285767, labeled_loss: 0.2842037081718445, unnlabeled_loss: 0.0344078429043293, mixup_loss: 0.0, energy_loss: -0.014364671893417835
2026-08-18 12:33:43,830 INFO Best AUROC test all: 0.6543479763421112, AUPR test all: 0.18194636979942289, AUROC test unknown: 0.42551071457965167, AUPR test unknown: 0.03776496929413018
2026-08-18 12:33:50,848 INFO Epoch: 35, loss: 0.35766008496284485, labeled_loss: 0.35915908217430115, unnlabeled_loss: 0.0005757843027822673, mixup_loss: 0.0, energy_loss: -0.017868783324956894
2026-08-18 12:33:50,848 INFO Best AUROC test all: 0.7833285198021268, AUPR test all: 0.20261680252935643, AUROC test unknown: 0.8445579221632438, AUPR test unknown: 0.1735349899247349
2026-08-18 12:33:54,244 INFO Epoch: 34, loss: 0.27232885360717773, labeled_loss: 0.2741124927997589, unnlabeled_loss: 0.024923494085669518, mixup_loss: 0.0, energy_loss: -0.14245395362377167
2026-08-18 12:33:54,244 INFO Best AUROC test all: 0.6548848702074508, AUPR test all: 0.1837058319131571, AUROC test unknown: 0.42551071457965167, AUPR test unknown: 0.03776496929413018
2026-08-18 12:34:03,213 INFO Epoch: 36, loss: 0.3712693452835083, labeled_loss: 0.359231173992157, unnlabeled_loss: 0.0005384029354900122, mixup_loss: 0.0, energy_loss: 0.11768963187932968
2026-08-18 12:34:03,213 INFO Best AUROC test all: 0.7854609141266032, AUPR test all: 0.2026279137524366, AUROC test unknown: 0.8445579221632438, AUPR test unknown: 0.1735349899247349
2026-08-18 12:34:07,356 INFO Epoch: 35, loss: 0.27959340810775757, labeled_loss: 0.2734003961086273, unnlabeled_loss: 0.03207359090447426, mixup_loss: 0.0, energy_loss: -0.09843801707029343
2026-08-18 12:34:07,357 INFO Best AUROC test all: 0.6548848702074508, AUPR test all: 0.1875547746317231, AUROC test unknown: 0.42551071457965167, AUPR test unknown: 0.03776496929413018
2026-08-18 12:34:13,516 INFO Epoch: 37, loss: 0.3550776243209839, labeled_loss: 0.3610040545463562, unnlabeled_loss: 0.0007918772171251476, mixup_loss: 0.0, energy_loss: -0.06322366744279861
2026-08-18 12:34:13,517 INFO Best AUROC test all: 0.7939428498079525, AUPR test all: 0.2167919251059349, AUROC test unknown: 0.8445579221632438, AUPR test unknown: 0.1735349899247349
2026-08-18 12:34:19,133 INFO Epoch: 36, loss: 0.27755820751190186, labeled_loss: 0.2708980441093445, unnlabeled_loss: 0.026573924347758293, mixup_loss: 0.0, energy_loss: -0.06626787036657333
2026-08-18 12:34:19,133 INFO Best AUROC test all: 0.6548848702074508, AUPR test all: 0.1889534059175514, AUROC test unknown: 0.42551071457965167, AUPR test unknown: 0.03776496929413018
2026-08-18 12:34:23,710 INFO Epoch: 38, loss: 0.375389963388443, labeled_loss: 0.35865160822868347, unnlabeled_loss: 0.0012826512102037668, mixup_loss: 0.0, energy_loss: 0.1609702706336975
2026-08-18 12:34:23,710 INFO Best AUROC test all: 0.7939428498079525, AUPR test all: 0.2167919251059349, AUROC test unknown: 0.8445579221632438, AUPR test unknown: 0.1735349899247349
2026-08-18 12:34:31,766 INFO Epoch: 37, loss: 0.2661610543727875, labeled_loss: 0.2663756310939789, unnlabeled_loss: 0.02579016052186489, mixup_loss: 0.0, energy_loss: -0.1310965120792389
2026-08-18 12:34:31,766 INFO Best AUROC test all: 0.6584026975522577, AUPR test all: 0.19533607733018932, AUROC test unknown: 0.42551071457965167, AUPR test unknown: 0.03776496929413018
2026-08-18 12:34:33,807 INFO Epoch: 39, loss: 0.35349684953689575, labeled_loss: 0.35619500279426575, unnlabeled_loss: 0.0008937587263062596, mixup_loss: 0.0, energy_loss: -0.03145025297999382
2026-08-18 12:34:33,807 INFO Best AUROC test all: 0.7988632660920051, AUPR test all: 0.22689699879827466, AUROC test unknown: 0.8445579221632438, AUPR test unknown: 0.1735349899247349
2026-08-18 12:34:42,130 INFO Epoch: 38, loss: 0.2733086049556732, labeled_loss: 0.259671688079834, unnlabeled_loss: 0.03036505915224552, mixup_loss: 0.0, energy_loss: -0.015455985441803932
2026-08-18 12:34:42,130 INFO Best AUROC test all: 0.6603024378684204, AUPR test all: 0.19533607733018932, AUROC test unknown: 0.42551071457965167, AUPR test unknown: 0.03776496929413018
2026-08-18 12:34:47,940 INFO Epoch: 40, loss: 0.3461291790008545, labeled_loss: 0.35328030586242676, unnlabeled_loss: 0.0009881512960419059, mixup_loss: 0.0, energy_loss: -0.07645202428102493
2026-08-18 12:34:47,940 INFO Best AUROC test all: 0.7988632660920051, AUPR test all: 0.22881054194490172, AUROC test unknown: 0.8445579221632438, AUPR test unknown: 0.1735349899247349
2026-08-18 12:34:53,254 INFO Epoch: 39, loss: 0.26578986644744873, labeled_loss: 0.26174086332321167, unnlabeled_loss: 0.027546942234039307, mixup_loss: 0.0, energy_loss: -0.0972447395324707
2026-08-18 12:34:53,254 INFO Best AUROC test all: 0.6603024378684204, AUPR test all: 0.1961840796852198, AUROC test unknown: 0.42551071457965167, AUPR test unknown: 0.03776496929413018
2026-08-18 12:35:00,132 INFO Epoch: 41, loss: 0.3447621762752533, labeled_loss: 0.3530633747577667, unnlabeled_loss: 0.0007659299299120903, mixup_loss: 0.0, energy_loss: -0.08684156835079193
2026-08-18 12:35:00,132 INFO Best AUROC test all: 0.7988632660920051, AUPR test all: 0.22894910163917404, AUROC test unknown: 0.8445579221632438, AUPR test unknown: 0.1735349899247349
2026-08-18 12:35:05,444 INFO Epoch: 40, loss: 0.2843702733516693, labeled_loss: 0.2584543526172638, unnlabeled_loss: 0.039359357208013535, mixup_loss: 0.0, energy_loss: 0.062362413853406906
2026-08-18 12:35:05,445 INFO Best AUROC test all: 0.6603024378684204, AUPR test all: 0.1961840796852198, AUROC test unknown: 0.42551071457965167, AUPR test unknown: 0.03776496929413018
2026-08-18 12:35:12,274 INFO Epoch: 42, loss: 0.34414806962013245, labeled_loss: 0.34859904646873474, unnlabeled_loss: 0.0010048563126474619, mixup_loss: 0.0, energy_loss: -0.0495341531932354
2026-08-18 12:35:12,274 INFO Best AUROC test all: 0.7991231967771558, AUPR test all: 0.23426304560047992, AUROC test unknown: 0.8445579221632438, AUPR test unknown: 0.1735349899247349
2026-08-18 12:35:17,567 INFO Epoch: 41, loss: 0.2787999212741852, labeled_loss: 0.25612595677375793, unnlabeled_loss: 0.027835845947265625, mixup_loss: 0.0, energy_loss: 0.08756038546562195
2026-08-18 12:35:17,567 INFO Best AUROC test all: 0.6603024378684204, AUPR test all: 0.20238840345333942, AUROC test unknown: 0.42551071457965167, AUPR test unknown: 0.03776496929413018
2026-08-18 12:35:23,152 INFO Epoch: 43, loss: 0.34800636768341064, labeled_loss: 0.3483943045139313, unnlabeled_loss: 0.0011782186338678002, mixup_loss: 0.0, energy_loss: -0.009770414792001247
2026-08-18 12:35:23,152 INFO Best AUROC test all: 0.7991231967771558, AUPR test all: 0.23426304560047992, AUROC test unknown: 0.8445579221632438, AUPR test unknown: 0.1735349899247349
2026-08-18 12:35:29,712 INFO Epoch: 42, loss: 0.2725674510002136, labeled_loss: 0.2502114176750183, unnlabeled_loss: 0.028313783928751945, mixup_loss: 0.0, energy_loss: 0.08199162036180496
2026-08-18 12:35:29,712 INFO Best AUROC test all: 0.6603024378684204, AUPR test all: 0.2092975387450405, AUROC test unknown: 0.42551071457965167, AUPR test unknown: 0.03776496929413018
2026-08-18 12:35:34,837 INFO Epoch: 44, loss: 0.3421955406665802, labeled_loss: 0.3469562530517578, unnlabeled_loss: 0.0015953142428770661, mixup_loss: 0.0, energy_loss: -0.05558369308710098
2026-08-18 12:35:34,837 INFO Best AUROC test all: 0.799800176742992, AUPR test all: 0.2389491988071112, AUROC test unknown: 0.8445579221632438, AUPR test unknown: 0.1735349899247349
2026-08-18 12:35:41,592 INFO Epoch: 43, loss: 0.2565622627735138, labeled_loss: 0.24379931390285492, unnlabeled_loss: 0.023211052641272545, mixup_loss: 0.0, energy_loss: 0.011574319563806057
2026-08-18 12:35:41,592 INFO Best AUROC test all: 0.6653209761347592, AUPR test all: 0.22152825908561433, AUROC test unknown: 0.42551071457965167, AUPR test unknown: 0.03776496929413018
2026-08-18 12:35:47,045 INFO Epoch: 45, loss: 0.356364369392395, labeled_loss: 0.3438786268234253, unnlabeled_loss: 0.001936257933266461, mixup_loss: 0.0, energy_loss: 0.11517618596553802
2026-08-18 12:35:47,045 INFO Best AUROC test all: 0.799800176742992, AUPR test all: 0.2389491988071112, AUROC test unknown: 0.8445579221632438, AUPR test unknown: 0.1735349899247349
2026-08-18 12:35:53,142 INFO Epoch: 44, loss: 0.270729660987854, labeled_loss: 0.2505490779876709, unnlabeled_loss: 0.026027066633105278, mixup_loss: 0.0, energy_loss: 0.07167036831378937
2026-08-18 12:35:53,142 INFO Best AUROC test all: 0.6688949613436417, AUPR test all: 0.23679678304191454, AUROC test unknown: 0.4270929564804874, AUPR test unknown: 0.037878609197815466
2026-08-18 12:35:59,075 INFO Epoch: 46, loss: 0.3535446524620056, labeled_loss: 0.33909621834754944, unnlabeled_loss: 0.0019613278564065695, mixup_loss: 0.0, energy_loss: 0.13467761874198914
2026-08-18 12:35:59,076 INFO Best AUROC test all: 0.799800176742992, AUPR test all: 0.2389491988071112, AUROC test unknown: 0.8445579221632438, AUPR test unknown: 0.1735349899247349
2026-08-18 12:36:05,343 INFO Epoch: 45, loss: 0.25077539682388306, labeled_loss: 0.24345164000988007, unnlabeled_loss: 0.02986966446042061, mixup_loss: 0.0, energy_loss: -0.07611077278852463
2026-08-18 12:36:05,343 INFO Best AUROC test all: 0.6712879034726542, AUPR test all: 0.2652921721002708, AUROC test unknown: 0.4270929564804874, AUPR test unknown: 0.037878609197815466
2026-08-18 12:36:11,231 INFO Epoch: 47, loss: 0.3400954604148865, labeled_loss: 0.33886462450027466, unnlabeled_loss: 0.0025020199827849865, mixup_loss: 0.0, energy_loss: -0.00020177553233224899
2026-08-18 12:36:11,231 INFO Best AUROC test all: 0.799800176742992, AUPR test all: 0.2389491988071112, AUROC test unknown: 0.8445579221632438, AUPR test unknown: 0.1735349899247349
2026-08-18 12:36:17,037 INFO Epoch: 46, loss: 0.2476653903722763, labeled_loss: 0.2450331449508667, unnlabeled_loss: 0.023923195898532867, mixup_loss: 0.0, energy_loss: -0.09329342097043991
2026-08-18 12:36:17,037 INFO Best AUROC test all: 0.67171470323963, AUPR test all: 0.30654420439388275, AUROC test unknown: 0.4270929564804874, AUPR test unknown: 0.037878609197815466
2026-08-18 12:36:23,555 INFO Epoch: 48, loss: 0.33841124176979065, labeled_loss: 0.3349370062351227, unnlabeled_loss: 0.0033569459337741137, mixup_loss: 0.0, energy_loss: 0.017957713454961777
2026-08-18 12:36:23,555 INFO Best AUROC test all: 0.799800176742992, AUPR test all: 0.2389491988071112, AUROC test unknown: 0.8445579221632438, AUPR test unknown: 0.1735349899247349
2026-08-18 12:36:27,576 INFO Epoch: 47, loss: 0.24746716022491455, labeled_loss: 0.24364814162254333, unnlabeled_loss: 0.03151572495698929, mixup_loss: 0.0, energy_loss: -0.1193884089589119
2026-08-18 12:36:27,576 INFO Best AUROC test all: 0.67171470323963, AUPR test all: 0.3404537624913229, AUROC test unknown: 0.4270929564804874, AUPR test unknown: 0.037878609197815466
2026-08-18 12:36:37,137 INFO Epoch: 48, loss: 0.24960839748382568, labeled_loss: 0.2368251532316208, unnlabeled_loss: 0.030418388545513153, mixup_loss: 0.0, energy_loss: -0.024259479716420174
2026-08-18 12:36:37,137 INFO Best AUROC test all: 0.6749170591545958, AUPR test all: 0.3708697111056922, AUROC test unknown: 0.4270929564804874, AUPR test unknown: 0.037878609197815466
2026-08-18 12:36:37,261 INFO Epoch: 49, loss: 0.3322409391403198, labeled_loss: 0.33322322368621826, unnlabeled_loss: 0.004654565826058388, mixup_loss: 0.0, energy_loss: -0.03309573233127594
2026-08-18 12:36:37,261 INFO Best AUROC test all: 0.8021353564975267, AUPR test all: 0.2389491988071112, AUROC test unknown: 0.8445579221632438, AUPR test unknown: 0.1735349899247349
2026-08-18 12:36:49,659 INFO Epoch: 49, loss: 0.23940409719944, labeled_loss: 0.22983978688716888, unnlabeled_loss: 0.02750035747885704, mixup_loss: 0.0, energy_loss: -0.04185875877737999
2026-08-18 12:36:49,660 INFO Best AUROC test all: 0.6750118486922005, AUPR test all: 0.38831241260094634, AUROC test unknown: 0.4270929564804874, AUPR test unknown: 0.037878609197815466
2026-08-18 12:36:52,163 INFO Epoch: 50, loss: 0.33934563398361206, labeled_loss: 0.3300582766532898, unnlabeled_loss: 0.005715872161090374, mixup_loss: 0.0, energy_loss: 0.06429427117109299
2026-08-18 12:36:52,163 INFO Best AUROC test all: 0.8027925886430285, AUPR test all: 0.2389491988071112, AUROC test unknown: 0.8445579221632438, AUPR test unknown: 0.1735349899247349
2026-08-18 12:36:58,877 INFO Epoch: 50, loss: 0.23160603642463684, labeled_loss: 0.22974742949008942, unnlabeled_loss: 0.025404971092939377, mixup_loss: 0.0, energy_loss: -0.10843866318464279
2026-08-18 12:36:58,878 INFO Best AUROC test all: 0.6785079534346397, AUPR test all: 0.40745824754009197, AUROC test unknown: 0.4270929564804874, AUPR test unknown: 0.037878609197815466
2026-08-18 12:37:03,914 INFO Epoch: 51, loss: 0.34602540731430054, labeled_loss: 0.3292157053947449, unnlabeled_loss: 0.008993701077997684, mixup_loss: 0.0, energy_loss: 0.12312845885753632
2026-08-18 12:37:03,914 INFO Best AUROC test all: 0.8066249000266597, AUPR test all: 0.24996642529716942, AUROC test unknown: 0.8445579221632438, AUPR test unknown: 0.1735349899247349
2026-08-18 12:37:08,899 INFO Epoch: 51, loss: 0.23789241909980774, labeled_loss: 0.22128170728683472, unnlabeled_loss: 0.030489932745695114, mixup_loss: 0.0, energy_loss: 0.013657571747899055
2026-08-18 12:37:08,900 INFO Best AUROC test all: 0.6786770441462524, AUPR test all: 0.4154812464783674, AUROC test unknown: 0.4270929564804874, AUPR test unknown: 0.037878609197815466
2026-08-18 12:37:17,901 INFO Epoch: 52, loss: 0.3330671787261963, labeled_loss: 0.32309243083000183, unnlabeled_loss: 0.008240464143455029, mixup_loss: 0.0, energy_loss: 0.05854509770870209
2026-08-18 12:37:17,901 INFO Best AUROC test all: 0.8066249000266597, AUPR test all: 0.24996642529716942, AUROC test unknown: 0.8445579221632438, AUPR test unknown: 0.1735349899247349
2026-08-18 12:37:21,318 INFO Epoch: 52, loss: 0.21006497740745544, labeled_loss: 0.21745437383651733, unnlabeled_loss: 0.026576539501547813, mixup_loss: 0.0, energy_loss: -0.2067766636610031
2026-08-18 12:37:21,319 INFO Best AUROC test all: 0.6866638032327181, AUPR test all: 0.4369212751309999, AUROC test unknown: 0.4364042327513902, AUPR test unknown: 0.03852659966248972
2026-08-18 12:37:32,008 INFO Epoch: 53, loss: 0.3327134847640991, labeled_loss: 0.32148468494415283, unnlabeled_loss: 0.009484400041401386, mixup_loss: 0.0, energy_loss: 0.06486598402261734
2026-08-18 12:37:32,009 INFO Best AUROC test all: 0.8066249000266597, AUPR test all: 0.25349019884420476, AUROC test unknown: 0.8445579221632438, AUPR test unknown: 0.1735349899247349
2026-08-18 12:37:35,417 INFO Epoch: 53, loss: 0.22563590109348297, labeled_loss: 0.2289772629737854, unnlabeled_loss: 0.030295472592115402, mixup_loss: 0.0, energy_loss: -0.18489088118076324
2026-08-18 12:37:35,418 INFO Best AUROC test all: 0.6866638032327181, AUPR test all: 0.4369212751309999, AUROC test unknown: 0.4364042327513902, AUPR test unknown: 0.03852659966248972
2026-08-18 12:37:43,281 INFO Epoch: 54, loss: 0.33132898807525635, labeled_loss: 0.32102376222610474, unnlabeled_loss: 0.008271057158708572, mixup_loss: 0.0, energy_loss: 0.06169721111655235
2026-08-18 12:37:43,281 INFO Best AUROC test all: 0.8066249000266597, AUPR test all: 0.2611345537271945, AUROC test unknown: 0.8445579221632438, AUPR test unknown: 0.1735349899247349
2026-08-18 12:37:49,213 INFO Epoch: 54, loss: 0.2330593764781952, labeled_loss: 0.21756334602832794, unnlabeled_loss: 0.024811523035168648, mixup_loss: 0.0, energy_loss: 0.030902566388249397
2026-08-18 12:37:49,213 INFO Best AUROC test all: 0.6866638032327181, AUPR test all: 0.4443434645310922, AUROC test unknown: 0.4364042327513902, AUPR test unknown: 0.03852659966248972
2026-08-18 12:37:55,357 INFO Epoch: 55, loss: 0.324405312538147, labeled_loss: 0.31430763006210327, unnlabeled_loss: 0.009104154072701931, mixup_loss: 0.0, energy_loss: 0.05545630306005478
2026-08-18 12:37:55,357 INFO Best AUROC test all: 0.8066249000266597, AUPR test all: 0.2611345537271945, AUROC test unknown: 0.8445579221632438, AUPR test unknown: 0.1735349899247349
2026-08-18 12:38:01,901 INFO Epoch: 55, loss: 0.2039211094379425, labeled_loss: 0.21787160634994507, unnlabeled_loss: 0.02078506536781788, mixup_loss: 0.0, energy_loss: -0.24343028664588928
2026-08-18 12:38:01,901 INFO Best AUROC test all: 0.6897390325542818, AUPR test all: 0.44872464050739713, AUROC test unknown: 0.44077597359662724, AUPR test unknown: 0.038863823596569744
2026-08-18 12:38:08,770 INFO Epoch: 56, loss: 0.3243066668510437, labeled_loss: 0.3108534812927246, unnlabeled_loss: 0.009412501007318497, mixup_loss: 0.0, energy_loss: 0.08746933192014694
2026-08-18 12:38:08,770 INFO Best AUROC test all: 0.8066249000266597, AUPR test all: 0.2686013384241464, AUROC test unknown: 0.8445579221632438, AUPR test unknown: 0.1735349899247349
2026-08-18 12:38:15,048 INFO Epoch: 56, loss: 0.25039857625961304, labeled_loss: 0.2214919626712799, unnlabeled_loss: 0.018532240763306618, mixup_loss: 0.0, energy_loss: 0.19640500843524933
2026-08-18 12:38:15,048 INFO Best AUROC test all: 0.6897390325542818, AUPR test all: 0.462527446488364, AUROC test unknown: 0.44077597359662724, AUPR test unknown: 0.038899062850024924
2026-08-18 12:38:20,928 INFO Epoch: 57, loss: 0.31907179951667786, labeled_loss: 0.30595511198043823, unnlabeled_loss: 0.010661768727004528, mixup_loss: 0.0, energy_loss: 0.07785806804895401
2026-08-18 12:38:20,928 INFO Best AUROC test all: 0.8066249000266597, AUPR test all: 0.2686013384241464, AUROC test unknown: 0.8445579221632438, AUPR test unknown: 0.1735349899247349
2026-08-18 12:38:28,897 INFO Epoch: 57, loss: 0.1982404887676239, labeled_loss: 0.20770485699176788, unnlabeled_loss: 0.017564106732606888, mixup_loss: 0.0, energy_loss: -0.18246430158615112
2026-08-18 12:38:28,897 INFO Best AUROC test all: 0.6897390325542818, AUPR test all: 0.46730870690681436, AUROC test unknown: 0.44077597359662724, AUPR test unknown: 0.038899062850024924
2026-08-18 12:38:30,738 INFO Epoch: 58, loss: 0.31771165132522583, labeled_loss: 0.3027054965496063, unnlabeled_loss: 0.013711286708712578, mixup_loss: 0.0, energy_loss: 0.08150532096624374
2026-08-18 12:38:30,738 INFO Best AUROC test all: 0.8066249000266597, AUPR test all: 0.2720114253093207, AUROC test unknown: 0.8445579221632438, AUPR test unknown: 0.1735349899247349
2026-08-18 12:38:43,420 INFO Epoch: 58, loss: 0.19584044814109802, labeled_loss: 0.20787358283996582, unnlabeled_loss: 0.020864685997366905, mixup_loss: 0.0, energy_loss: -0.22465479373931885
2026-08-18 12:38:43,420 INFO Best AUROC test all: 0.6897390325542818, AUPR test all: 0.468424929692998, AUROC test unknown: 0.44077597359662724, AUPR test unknown: 0.038899062850024924
2026-08-18 12:38:45,144 INFO Epoch: 59, loss: 0.3159412741661072, labeled_loss: 0.2992124557495117, unnlabeled_loss: 0.016179073601961136, mixup_loss: 0.0, energy_loss: 0.08639272302389145
2026-08-18 12:38:45,145 INFO Best AUROC test all: 0.8066249000266597, AUPR test all: 0.2721799414579843, AUROC test unknown: 0.8445579221632438, AUPR test unknown: 0.1735349899247349
2026-08-18 12:38:57,878 INFO Epoch: 59, loss: 0.20249015092849731, labeled_loss: 0.19444799423217773, unnlabeled_loss: 0.021366378292441368, mixup_loss: 0.0, energy_loss: -0.026410426944494247
2026-08-18 12:38:57,878 INFO Best AUROC test all: 0.6897390325542818, AUPR test all: 0.48136831978134925, AUROC test unknown: 0.44077597359662724, AUPR test unknown: 0.04252272423057255
2026-08-18 12:38:59,912 INFO Epoch: 60, loss: 0.31246018409729004, labeled_loss: 0.2949293553829193, unnlabeled_loss: 0.018183400854468346, mixup_loss: 0.0, energy_loss: 0.08439119160175323
2026-08-18 12:38:59,912 INFO Best AUROC test all: 0.8066249000266597, AUPR test all: 0.27673341007862157, AUROC test unknown: 0.8445579221632438, AUPR test unknown: 0.1735349899247349
2026-08-18 12:39:12,392 INFO Epoch: 60, loss: 0.23025961220264435, labeled_loss: 0.1965050846338272, unnlabeled_loss: 0.02313094213604927, mixup_loss: 0.0, energy_loss: 0.22189046442508698
2026-08-18 12:39:12,392 INFO Best AUROC test all: 0.6936631713024676, AUPR test all: 0.4841702180677826, AUROC test unknown: 0.4429347951731913, AUPR test unknown: 0.04252272423057255
2026-08-18 12:39:14,385 INFO Epoch: 61, loss: 0.3139481842517853, labeled_loss: 0.29458996653556824, unnlabeled_loss: 0.020101424306631088, mixup_loss: 0.0, energy_loss: 0.09307494014501572
2026-08-18 12:39:14,385 INFO Best AUROC test all: 0.8066249000266597, AUPR test all: 0.2860781964763848, AUROC test unknown: 0.8445579221632438, AUPR test unknown: 0.1735349899247349
2026-08-18 12:39:26,500 INFO Epoch: 61, loss: 0.1766505390405655, labeled_loss: 0.18947052955627441, unnlabeled_loss: 0.021104538813233376, mixup_loss: 0.0, energy_loss: -0.23372259736061096
2026-08-18 12:39:26,500 INFO Best AUROC test all: 0.6936631713024676, AUPR test all: 0.48983861913394877, AUROC test unknown: 0.4429347951731913, AUPR test unknown: 0.04252272423057255
2026-08-18 12:39:28,957 INFO Epoch: 62, loss: 0.3062942922115326, labeled_loss: 0.2880809009075165, unnlabeled_loss: 0.017484517768025398, mixup_loss: 0.0, energy_loss: 0.09471128135919571
2026-08-18 12:39:28,957 INFO Best AUROC test all: 0.8066249000266597, AUPR test all: 0.29325508129071576, AUROC test unknown: 0.8445579221632438, AUPR test unknown: 0.1735349899247349
2026-08-18 12:39:38,960 INFO Epoch: 62, loss: 0.17185281217098236, labeled_loss: 0.18457065522670746, unnlabeled_loss: 0.015711430460214615, mixup_loss: 0.0, energy_loss: -0.20573551952838898
2026-08-18 12:39:38,961 INFO Best AUROC test all: 0.6936631713024676, AUPR test all: 0.48983861913394877, AUROC test unknown: 0.4430707329636196, AUPR test unknown: 0.04252272423057255
2026-08-18 12:39:43,985 INFO Epoch: 63, loss: 0.3022412657737732, labeled_loss: 0.283552885055542, unnlabeled_loss: 0.018613604828715324, mixup_loss: 0.0, energy_loss: 0.09381590038537979
2026-08-18 12:39:43,986 INFO Best AUROC test all: 0.8066249000266597, AUPR test all: 0.29325508129071576, AUROC test unknown: 0.8445579221632438, AUPR test unknown: 0.1735349899247349
2026-08-18 12:39:52,931 INFO Epoch: 63, loss: 0.22302503883838654, labeled_loss: 0.19064685702323914, unnlabeled_loss: 0.01710059680044651, mixup_loss: 0.0, energy_loss: 0.23827877640724182
2026-08-18 12:39:52,931 INFO Best AUROC test all: 0.6936631713024676, AUPR test all: 0.48983861913394877, AUROC test unknown: 0.4430707329636196, AUPR test unknown: 0.04252272423057255
2026-08-18 12:39:54,821 INFO Epoch: 64, loss: 0.3006210923194885, labeled_loss: 0.27966466546058655, unnlabeled_loss: 0.02291114814579487, mixup_loss: 0.0, energy_loss: 0.09500858932733536
2026-08-18 12:39:54,821 INFO Best AUROC test all: 0.8066249000266597, AUPR test all: 0.29857448657864244, AUROC test unknown: 0.8445579221632438, AUPR test unknown: 0.1735349899247349
2026-08-18 12:40:04,017 INFO Epoch: 65, loss: 0.29536932706832886, labeled_loss: 0.27696138620376587, unnlabeled_loss: 0.017624367028474808, mixup_loss: 0.0, energy_loss: 0.095957450568676
2026-08-18 12:40:04,017 INFO Best AUROC test all: 0.8066249000266597, AUPR test all: 0.30959932913021343, AUROC test unknown: 0.8445579221632438, AUPR test unknown: 0.1735349899247349
2026-08-18 12:40:07,776 INFO Epoch: 64, loss: 0.17381778359413147, labeled_loss: 0.1889374852180481, unnlabeled_loss: 0.019044999033212662, mixup_loss: 0.0, energy_loss: -0.2464219331741333
2026-08-18 12:40:07,776 INFO Best AUROC test all: 0.6940968828065603, AUPR test all: 0.4915984376270008, AUROC test unknown: 0.4430707329636196, AUPR test unknown: 0.04252272423057255
2026-08-18 12:40:14,551 INFO Epoch: 66, loss: 0.2923199236392975, labeled_loss: 0.27133864164352417, unnlabeled_loss: 0.022305933758616447, mixup_loss: 0.0, energy_loss: 0.09828337281942368
2026-08-18 12:40:14,551 INFO Best AUROC test all: 0.8066249000266597, AUPR test all: 0.3120984153896827, AUROC test unknown: 0.8445579221632438, AUPR test unknown: 0.1735349899247349
2026-08-18 12:40:18,960 INFO Epoch: 65, loss: 0.18040917813777924, labeled_loss: 0.17582593858242035, unnlabeled_loss: 0.014072266407310963, mixup_loss: 0.0, energy_loss: -0.024528972804546356
2026-08-18 12:40:18,960 INFO Best AUROC test all: 0.6973226892581732, AUPR test all: 0.4924278024715323, AUROC test unknown: 0.4489622952957202, AUPR test unknown: 0.04252272423057255
2026-08-18 12:40:25,227 INFO Epoch: 67, loss: 0.28862518072128296, labeled_loss: 0.26757538318634033, unnlabeled_loss: 0.021928047761321068, mixup_loss: 0.0, energy_loss: 0.10085746645927429
2026-08-18 12:40:25,227 INFO Best AUROC test all: 0.8066249000266597, AUPR test all: 0.3168995829134367, AUROC test unknown: 0.8445579221632438, AUPR test unknown: 0.1735349899247349
2026-08-18 12:40:29,764 INFO Epoch: 66, loss: 0.21387222409248352, labeled_loss: 0.18316952884197235, unnlabeled_loss: 0.016715064644813538, mixup_loss: 0.0, energy_loss: 0.22345152497291565
2026-08-18 12:40:29,764 INFO Best AUROC test all: 0.7010384885018316, AUPR test all: 0.49899861690044983, AUROC test unknown: 0.45333403614095735, AUPR test unknown: 0.04252272423057255
2026-08-18 12:40:36,517 INFO Epoch: 68, loss: 0.28880149126052856, labeled_loss: 0.26702767610549927, unnlabeled_loss: 0.023019036278128624, mixup_loss: 0.0, energy_loss: 0.10264310240745544
2026-08-18 12:40:36,517 INFO Best AUROC test all: 0.8066249000266597, AUPR test all: 0.31974243728325286, AUROC test unknown: 0.8445579221632438, AUPR test unknown: 0.1735349899247349
2026-08-18 12:40:40,975 INFO Epoch: 67, loss: 0.2000659555196762, labeled_loss: 0.1683332622051239, unnlabeled_loss: 0.017940601333975792, mixup_loss: 0.0, energy_loss: 0.2276238352060318
2026-08-18 12:40:40,975 INFO Best AUROC test all: 0.7010384885018316, AUPR test all: 0.5010253088695503, AUROC test unknown: 0.45333403614095735, AUPR test unknown: 0.04252272423057255
2026-08-18 12:40:47,456 INFO Epoch: 69, loss: 0.28169313073158264, labeled_loss: 0.259232759475708, unnlabeled_loss: 0.02338198572397232, mixup_loss: 0.0, energy_loss: 0.10769353806972504
2026-08-18 12:40:47,457 INFO Best AUROC test all: 0.8066249000266597, AUPR test all: 0.32299147967259667, AUROC test unknown: 0.8445579221632438, AUPR test unknown: 0.1735349899247349
2026-08-18 12:40:51,495 INFO Epoch: 68, loss: 0.1746562123298645, labeled_loss: 0.1662541627883911, unnlabeled_loss: 0.01893366128206253, mixup_loss: 0.0, energy_loss: -0.010647805407643318
2026-08-18 12:40:51,495 INFO Best AUROC test all: 0.7010384885018316, AUPR test all: 0.502445652976896, AUROC test unknown: 0.45333403614095735, AUPR test unknown: 0.04252272423057255
2026-08-18 12:40:57,684 INFO Epoch: 70, loss: 0.27660149335861206, labeled_loss: 0.25403323769569397, unnlabeled_loss: 0.022771429270505905, mixup_loss: 0.0, energy_loss: 0.1118256077170372
2026-08-18 12:40:57,684 INFO Best AUROC test all: 0.8066249000266597, AUPR test all: 0.3309649085295611, AUROC test unknown: 0.8445579221632438, AUPR test unknown: 0.1735349899247349
2026-08-18 12:41:02,791 INFO Epoch: 69, loss: 0.18036958575248718, labeled_loss: 0.1618448793888092, unnlabeled_loss: 0.020978465676307678, mixup_loss: 0.0, energy_loss: 0.08035488426685333
2026-08-18 12:41:02,791 INFO Best AUROC test all: 0.7036335989415168, AUPR test all: 0.5067422773575905, AUROC test unknown: 0.4574352885256483, AUPR test unknown: 0.04504465981520693
2026-08-18 12:41:10,678 INFO Epoch: 71, loss: 0.2727998197078705, labeled_loss: 0.25056833028793335, unnlabeled_loss: 0.021186426281929016, mixup_loss: 0.0, energy_loss: 0.11638274788856506
2026-08-18 12:41:10,678 INFO Best AUROC test all: 0.8066249000266597, AUPR test all: 0.34002757351083135, AUROC test unknown: 0.8445579221632438, AUPR test unknown: 0.1735349899247349
2026-08-18 12:41:15,635 INFO Epoch: 70, loss: 0.16774608194828033, labeled_loss: 0.15109823644161224, unnlabeled_loss: 0.017636738717556, mixup_loss: 0.0, energy_loss: 0.07829464972019196
2026-08-18 12:41:15,635 INFO Best AUROC test all: 0.7036335989415168, AUPR test all: 0.5067422773575905, AUROC test unknown: 0.4574352885256483, AUPR test unknown: 0.04504465981520693
2026-08-18 12:41:23,598 INFO Epoch: 72, loss: 0.2657555937767029, labeled_loss: 0.24374644458293915, unnlabeled_loss: 0.021340472623705864, mixup_loss: 0.0, energy_loss: 0.11338890343904495
2026-08-18 12:41:23,598 INFO Best AUROC test all: 0.8066249000266597, AUPR test all: 0.3442161723828698, AUROC test unknown: 0.8445579221632438, AUPR test unknown: 0.1735349899247349
2026-08-18 12:41:28,571 INFO Epoch: 71, loss: 0.16481336951255798, labeled_loss: 0.1497264951467514, unnlabeled_loss: 0.014118138700723648, mixup_loss: 0.0, energy_loss: 0.08027812838554382
2026-08-18 12:41:28,571 INFO Best AUROC test all: 0.7036335989415168, AUPR test all: 0.5067422773575905, AUROC test unknown: 0.4574352885256483, AUPR test unknown: 0.04504465981520693
2026-08-18 12:41:35,825 INFO Epoch: 73, loss: 0.26385316252708435, labeled_loss: 0.24149756133556366, unnlabeled_loss: 0.021492766216397285, mixup_loss: 0.0, energy_loss: 0.11609219759702682
2026-08-18 12:41:35,825 INFO Best AUROC test all: 0.8066249000266597, AUPR test all: 0.3446484035135049, AUROC test unknown: 0.8445579221632438, AUPR test unknown: 0.1735349899247349
2026-08-18 12:41:41,214 INFO Epoch: 72, loss: 0.1511697620153427, labeled_loss: 0.13205857574939728, unnlabeled_loss: 0.011848346330225468, mixup_loss: 0.0, energy_loss: 0.13187003135681152
2026-08-18 12:41:41,215 INFO Best AUROC test all: 0.7071620407397534, AUPR test all: 0.5086118230773311, AUROC test unknown: 0.46425575909234246, AUPR test unknown: 0.04504465981520693
2026-08-18 12:41:47,136 INFO Epoch: 74, loss: 0.261120080947876, labeled_loss: 0.23769062757492065, unnlabeled_loss: 0.023294778540730476, mixup_loss: 0.0, energy_loss: 0.11782071739435196
2026-08-18 12:41:47,136 INFO Best AUROC test all: 0.8066249000266597, AUPR test all: 0.3552543503783615, AUROC test unknown: 0.8445579221632438, AUPR test unknown: 0.1735349899247349
2026-08-18 12:41:53,887 INFO Epoch: 73, loss: 0.1354147344827652, labeled_loss: 0.13301120698451996, unnlabeled_loss: 0.010156121104955673, mixup_loss: 0.0, energy_loss: -0.026745375245809555
2026-08-18 12:41:53,887 INFO Best AUROC test all: 0.7071620407397534, AUPR test all: 0.5086118230773311, AUROC test unknown: 0.46425575909234246, AUPR test unknown: 0.04504465981520693
2026-08-18 12:41:57,458 INFO Epoch: 75, loss: 0.2578873932361603, labeled_loss: 0.23381933569908142, unnlabeled_loss: 0.024563396349549294, mixup_loss: 0.0, energy_loss: 0.11786361038684845
2026-08-18 12:41:57,458 INFO Best AUROC test all: 0.8066249000266597, AUPR test all: 0.35975914629266104, AUROC test unknown: 0.8445579221632438, AUPR test unknown: 0.1735349899247349
2026-08-18 12:42:07,191 INFO Epoch: 74, loss: 0.16851632297039032, labeled_loss: 0.13920637965202332, unnlabeled_loss: 0.009531212970614433, mixup_loss: 0.0, energy_loss: 0.2454434037208557
2026-08-18 12:42:07,192 INFO Best AUROC test all: 0.7083528343059136, AUPR test all: 0.5088747881291599, AUROC test unknown: 0.4653908858797626, AUPR test unknown: 0.04504465981520693
2026-08-18 12:42:11,270 INFO Epoch: 76, loss: 0.2465350478887558, labeled_loss: 0.22383539378643036, unnlabeled_loss: 0.021112477406859398, mixup_loss: 0.0, energy_loss: 0.12143411487340927
2026-08-18 12:42:11,270 INFO Best AUROC test all: 0.8066249000266597, AUPR test all: 0.36591972692495794, AUROC test unknown: 0.8445579221632438, AUPR test unknown: 0.1735349899247349
2026-08-18 12:42:20,667 INFO Epoch: 75, loss: 0.1563389152288437, labeled_loss: 0.12579940259456635, unnlabeled_loss: 0.010190887376666069, mixup_loss: 0.0, energy_loss: 0.2544407248497009
2026-08-18 12:42:20,667 INFO Best AUROC test all: 0.7101565508457004, AUPR test all: 0.510487238434261, AUROC test unknown: 0.4673753926706412, AUPR test unknown: 0.04504465981520693
2026-08-18 12:42:24,796 INFO Epoch: 77, loss: 0.2442639321088791, labeled_loss: 0.22138550877571106, unnlabeled_loss: 0.022749941796064377, mixup_loss: 0.0, energy_loss: 0.11503450572490692
2026-08-18 12:42:24,797 INFO Best AUROC test all: 0.8066249000266597, AUPR test all: 0.36591972692495794, AUROC test unknown: 0.8445579221632438, AUPR test unknown: 0.1735349899247349
2026-08-18 12:42:34,009 INFO Epoch: 76, loss: 0.15444384515285492, labeled_loss: 0.1272692233324051, unnlabeled_loss: 0.010228414088487625, mixup_loss: 0.0, energy_loss: 0.22060412168502808
2026-08-18 12:42:34,009 INFO Best AUROC test all: 0.7207631051472694, AUPR test all: 0.5151280879334589, AUROC test unknown: 0.4871645133935713, AUPR test unknown: 0.04504465981520693
2026-08-18 12:42:38,142 INFO Epoch: 78, loss: 0.2341020256280899, labeled_loss: 0.211808979511261, unnlabeled_loss: 0.02361387014389038, mixup_loss: 0.0, energy_loss: 0.10486117750406265
2026-08-18 12:42:38,142 INFO Best AUROC test all: 0.8066249000266597, AUPR test all: 0.3669788018374431, AUROC test unknown: 0.8445579221632438, AUPR test unknown: 0.1735349899247349
2026-08-18 12:42:47,341 INFO Epoch: 79, loss: 0.23206184804439545, labeled_loss: 0.20821839570999146, unnlabeled_loss: 0.023501863703131676, mixup_loss: 0.0, energy_loss: 0.12092511355876923
2026-08-18 12:42:47,341 INFO Best AUROC test all: 0.8066249000266597, AUPR test all: 0.37269002764737835, AUROC test unknown: 0.8445579221632438, AUPR test unknown: 0.1735349899247349
2026-08-18 12:42:48,136 INFO Epoch: 77, loss: 0.15115202963352203, labeled_loss: 0.11871950328350067, unnlabeled_loss: 0.01344290841370821, mixup_loss: 0.0, energy_loss: 0.25711074471473694
2026-08-18 12:42:48,137 INFO Best AUROC test all: 0.7207631051472694, AUPR test all: 0.5151280879334589, AUROC test unknown: 0.4871645133935713, AUPR test unknown: 0.04504465981520693
2026-08-18 12:42:58,230 INFO Epoch: 80, loss: 0.224801704287529, labeled_loss: 0.20047710835933685, unnlabeled_loss: 0.024097232148051262, mixup_loss: 0.0, energy_loss: 0.12275979667901993
2026-08-18 12:42:58,230 INFO Best AUROC test all: 0.8066249000266597, AUPR test all: 0.3883584617009633, AUROC test unknown: 0.8445579221632438, AUPR test unknown: 0.1735349899247349
2026-08-18 12:43:02,846 INFO Epoch: 78, loss: 0.15077859163284302, labeled_loss: 0.12120480090379715, unnlabeled_loss: 0.011562933214008808, mixup_loss: 0.0, energy_loss: 0.23792317509651184
2026-08-18 12:43:02,846 INFO Best AUROC test all: 0.7207631051472694, AUPR test all: 0.5151280879334589, AUROC test unknown: 0.4871645133935713, AUPR test unknown: 0.04504465981520693
2026-08-18 12:43:08,740 INFO Epoch: 81, loss: 0.2205362170934677, labeled_loss: 0.1973515897989273, unnlabeled_loss: 0.019685259088873863, mixup_loss: 0.0, energy_loss: 0.133419930934906
2026-08-18 12:43:08,740 INFO Best AUROC test all: 0.8066249000266597, AUPR test all: 0.3883584617009633, AUROC test unknown: 0.8445579221632438, AUPR test unknown: 0.1735349899247349
2026-08-18 12:43:14,991 INFO Epoch: 79, loss: 0.13772277534008026, labeled_loss: 0.10501514375209808, unnlabeled_loss: 0.009244338609278202, mixup_loss: 0.0, energy_loss: 0.28085461258888245
2026-08-18 12:43:14,991 INFO Best AUROC test all: 0.7207631051472694, AUPR test all: 0.5151280879334589, AUROC test unknown: 0.4871645133935713, AUPR test unknown: 0.04504465981520693
2026-08-18 12:43:18,823 INFO Epoch: 82, loss: 0.2111184149980545, labeled_loss: 0.19097857177257538, unnlabeled_loss: 0.021587243303656578, mixup_loss: 0.0, energy_loss: 0.09346220642328262
2026-08-18 12:43:18,824 INFO Best AUROC test all: 0.8066249000266597, AUPR test all: 0.38839772692010954, AUROC test unknown: 0.8445579221632438, AUPR test unknown: 0.1735349899247349
2026-08-18 12:43:27,406 INFO Epoch: 83, loss: 0.21032464504241943, labeled_loss: 0.18448875844478607, unnlabeled_loss: 0.02411068230867386, mixup_loss: 0.0, energy_loss: 0.1378055363893509
2026-08-18 12:43:27,406 INFO Best AUROC test all: 0.8066249000266597, AUPR test all: 0.39382284224732145, AUROC test unknown: 0.8445579221632438, AUPR test unknown: 0.1735349899247349
2026-08-18 12:43:29,406 INFO Epoch: 80, loss: 0.1254855841398239, labeled_loss: 0.09695105254650116, unnlabeled_loss: 0.006928951479494572, mixup_loss: 0.0, energy_loss: 0.25070056319236755
2026-08-18 12:43:29,406 INFO Best AUROC test all: 0.7207631051472694, AUPR test all: 0.5153859761588351, AUROC test unknown: 0.4871645133935713, AUPR test unknown: 0.04504465981520693
2026-08-18 12:43:37,748 INFO Epoch: 84, loss: 0.2001705914735794, labeled_loss: 0.1738254725933075, unnlabeled_loss: 0.025047916918992996, mixup_loss: 0.0, energy_loss: 0.13821160793304443
2026-08-18 12:43:37,749 INFO Best AUROC test all: 0.8066249000266597, AUPR test all: 0.39621984653592635, AUROC test unknown: 0.8445579221632438, AUPR test unknown: 0.1735349899247349
2026-08-18 12:43:43,792 INFO Epoch: 81, loss: 0.126860573887825, labeled_loss: 0.09665364027023315, unnlabeled_loss: 0.0060790725983679295, mixup_loss: 0.0, energy_loss: 0.27167391777038574
2026-08-18 12:43:43,792 INFO Best AUROC test all: 0.7207631051472694, AUPR test all: 0.5187161450337561, AUROC test unknown: 0.4871645133935713, AUPR test unknown: 0.04504465981520693
2026-08-18 12:43:50,242 INFO Epoch: 85, loss: 0.1857493668794632, labeled_loss: 0.16170571744441986, unnlabeled_loss: 0.020567981526255608, mixup_loss: 0.0, energy_loss: 0.13759662210941315
2026-08-18 12:43:50,242 INFO Best AUROC test all: 0.8066249000266597, AUPR test all: 0.39845795789087657, AUROC test unknown: 0.8445579221632438, AUPR test unknown: 0.1735349899247349
2026-08-18 12:43:56,617 INFO Epoch: 82, loss: 0.12839151918888092, labeled_loss: 0.09435493499040604, unnlabeled_loss: 0.005543816369026899, mixup_loss: 0.0, energy_loss: 0.31264665722846985
2026-08-18 12:43:56,617 INFO Best AUROC test all: 0.7207631051472694, AUPR test all: 0.5187161450337561, AUROC test unknown: 0.4871645133935713, AUPR test unknown: 0.04504465981520693
2026-08-18 12:44:03,041 INFO Epoch: 86, loss: 0.1825978010892868, labeled_loss: 0.15586425364017487, unnlabeled_loss: 0.02126495912671089, mixup_loss: 0.0, energy_loss: 0.16101065278053284
2026-08-18 12:44:03,041 INFO Best AUROC test all: 0.8066249000266597, AUPR test all: 0.40252713910063886, AUROC test unknown: 0.8445579221632438, AUPR test unknown: 0.1735349899247349
2026-08-18 12:44:09,501 INFO Epoch: 83, loss: 0.11844783276319504, labeled_loss: 0.08860823512077332, unnlabeled_loss: 0.009362777695059776, mixup_loss: 0.0, energy_loss: 0.25158214569091797
2026-08-18 12:44:09,501 INFO Best AUROC test all: 0.7260323173079772, AUPR test all: 0.5187161450337561, AUROC test unknown: 0.4951890043897734, AUPR test unknown: 0.04504465981520693
2026-08-18 12:44:14,057 INFO Epoch: 87, loss: 0.1725718379020691, labeled_loss: 0.14724309742450714, unnlabeled_loss: 0.01953195594251156, mixup_loss: 0.0, energy_loss: 0.1556275337934494
2026-08-18 12:44:14,057 INFO Best AUROC test all: 0.8066249000266597, AUPR test all: 0.4044161179851186, AUROC test unknown: 0.8445579221632438, AUPR test unknown: 0.1735349899247349
2026-08-18 12:44:21,508 INFO Epoch: 88, loss: 0.16331052780151367, labeled_loss: 0.13925327360630035, unnlabeled_loss: 0.015145663172006607, mixup_loss: 0.0, energy_loss: 0.16484425961971283
2026-08-18 12:44:21,508 INFO Best AUROC test all: 0.8066249000266597, AUPR test all: 0.4044161179851186, AUROC test unknown: 0.8445579221632438, AUPR test unknown: 0.1735349899247349
2026-08-18 12:44:23,911 INFO Epoch: 84, loss: 0.11392144858837128, labeled_loss: 0.08008084446191788, unnlabeled_loss: 0.01001334935426712, mixup_loss: 0.0, energy_loss: 0.288339227437973
2026-08-18 12:44:23,911 INFO Best AUROC test all: 0.7260323173079772, AUPR test all: 0.5223657678282425, AUROC test unknown: 0.4951890043897734, AUPR test unknown: 0.04504465981520693
2026-08-18 12:44:32,401 INFO Epoch: 89, loss: 0.1527474820613861, labeled_loss: 0.12597092986106873, unnlabeled_loss: 0.018688630312681198, mixup_loss: 0.0, energy_loss: 0.1743224710226059
2026-08-18 12:44:32,401 INFO Best AUROC test all: 0.8066249000266597, AUPR test all: 0.40606306495109173, AUROC test unknown: 0.8445579221632438, AUPR test unknown: 0.1735349899247349
2026-08-18 12:44:37,736 INFO Epoch: 85, loss: 0.09323729574680328, labeled_loss: 0.07052899152040482, unnlabeled_loss: 0.006731698289513588, mixup_loss: 0.0, energy_loss: 0.1934245079755783
2026-08-18 12:44:37,736 INFO Best AUROC test all: 0.7283235581622679, AUPR test all: 0.523741701911004, AUROC test unknown: 0.49799144979040616, AUPR test unknown: 0.04504465981520693
2026-08-18 12:44:43,212 INFO Epoch: 90, loss: 0.15365180373191833, labeled_loss: 0.12696310877799988, unnlabeled_loss: 0.013117681257426739, mixup_loss: 0.0, energy_loss: 0.20129860937595367
2026-08-18 12:44:43,212 INFO Best AUROC test all: 0.8066249000266597, AUPR test all: 0.40606306495109173, AUROC test unknown: 0.8445579221632438, AUPR test unknown: 0.1735349899247349
2026-08-18 12:44:50,478 INFO Epoch: 91, loss: 0.1407119482755661, labeled_loss: 0.1166197657585144, unnlabeled_loss: 0.014120529405772686, mixup_loss: 0.0, energy_loss: 0.17031916975975037
2026-08-18 12:44:50,478 INFO Best AUROC test all: 0.8066249000266597, AUPR test all: 0.40606306495109173, AUROC test unknown: 0.8445579221632438, AUPR test unknown: 0.1735349899247349
2026-08-18 12:44:50,928 INFO Epoch: 86, loss: 0.10065718740224838, labeled_loss: 0.06496138125658035, unnlabeled_loss: 0.006163839250802994, mixup_loss: 0.0, energy_loss: 0.3261388838291168
2026-08-18 12:44:50,928 INFO Best AUROC test all: 0.7289735082990214, AUPR test all: 0.523741701911004, AUROC test unknown: 0.5005576223648183, AUPR test unknown: 0.04504465981520693
2026-08-18 12:44:57,443 INFO Epoch: 92, loss: 0.1296592801809311, labeled_loss: 0.10842929780483246, unnlabeled_loss: 0.011164887808263302, mixup_loss: 0.0, energy_loss: 0.15647543966770172
2026-08-18 12:44:57,443 INFO Best AUROC test all: 0.8066249000266597, AUPR test all: 0.41139382933298263, AUROC test unknown: 0.8445579221632438, AUPR test unknown: 0.1735349899247349
2026-08-18 12:45:00,914 INFO Epoch: 87, loss: 0.1062692329287529, labeled_loss: 0.07054445147514343, unnlabeled_loss: 0.0038326808717101812, mixup_loss: 0.0, energy_loss: 0.3380844295024872
2026-08-18 12:45:00,914 INFO Best AUROC test all: 0.7319827058463422, AUPR test all: 0.5266934761022667, AUROC test unknown: 0.505629165406699, AUPR test unknown: 0.04552511578661933
2026-08-18 12:45:04,733 INFO Epoch: 93, loss: 0.13459011912345886, labeled_loss: 0.10605888813734055, unnlabeled_loss: 0.008266432210803032, mixup_loss: 0.0, energy_loss: 0.24398018419742584
2026-08-18 12:45:04,733 INFO Best AUROC test all: 0.8066249000266597, AUPR test all: 0.41139382933298263, AUROC test unknown: 0.8445579221632438, AUPR test unknown: 0.1735349899247349
2026-08-18 12:45:05,963 INFO Epoch: 88, loss: 0.08590444922447205, labeled_loss: 0.05796008184552193, unnlabeled_loss: 0.006464933976531029, mixup_loss: 0.0, energy_loss: 0.2471189945936203
2026-08-18 12:45:05,963 INFO Best AUROC test all: 0.7319827058463422, AUPR test all: 0.5266934761022667, AUROC test unknown: 0.505629165406699, AUPR test unknown: 0.04552511578661933
2026-08-18 12:45:09,444 INFO Epoch: 89, loss: 0.11044414341449738, labeled_loss: 0.07251396030187607, unnlabeled_loss: 0.012846834026277065, mixup_loss: 0.0, energy_loss: 0.31506770849227905
2026-08-18 12:45:09,444 INFO Best AUROC test all: 0.7383929717507429, AUPR test all: 0.5277624662188922, AUROC test unknown: 0.5169459864598562, AUPR test unknown: 0.046631925340163596
2026-08-18 12:45:13,039 INFO Epoch: 94, loss: 0.13549551367759705, labeled_loss: 0.10454777628183365, unnlabeled_loss: 0.016102954745292664, mixup_loss: 0.0, energy_loss: 0.22896265983581543
2026-08-18 12:45:13,039 INFO Best AUROC test all: 0.8066249000266597, AUPR test all: 0.41139382933298263, AUROC test unknown: 0.8445579221632438, AUPR test unknown: 0.1735349899247349
2026-08-18 12:45:16,835 INFO Epoch: 90, loss: 0.10045862197875977, labeled_loss: 0.0524555966258049, unnlabeled_loss: 0.007166935596615076, mixup_loss: 0.0, energy_loss: 0.44419556856155396
2026-08-18 12:45:16,835 INFO Best AUROC test all: 0.7383929717507429, AUPR test all: 0.5277624662188922, AUROC test unknown: 0.5169459864598562, AUPR test unknown: 0.046631925340163596
2026-08-18 12:45:21,145 INFO Epoch: 95, loss: 0.12739238142967224, labeled_loss: 0.0958573967218399, unnlabeled_loss: 0.013594442047178745, mixup_loss: 0.0, energy_loss: 0.24737755954265594
2026-08-18 12:45:21,145 INFO Best AUROC test all: 0.8066249000266597, AUPR test all: 0.41139382933298263, AUROC test unknown: 0.8445579221632438, AUPR test unknown: 0.1735349899247349
2026-08-18 12:45:24,692 INFO Epoch: 91, loss: 0.06701257079839706, labeled_loss: 0.039314109832048416, unnlabeled_loss: 0.004417066927999258, mixup_loss: 0.0, energy_loss: 0.2548993229866028
2026-08-18 12:45:24,692 INFO Best AUROC test all: 0.7383929717507429, AUPR test all: 0.5277624662188922, AUROC test unknown: 0.5169459864598562, AUPR test unknown: 0.046631925340163596
2026-08-18 12:45:29,513 INFO Epoch: 96, loss: 0.13049916923046112, labeled_loss: 0.09381528198719025, unnlabeled_loss: 0.007124988827854395, mixup_loss: 0.0, energy_loss: 0.33121395111083984
2026-08-18 12:45:29,513 INFO Best AUROC test all: 0.8066249000266597, AUPR test all: 0.41139382933298263, AUROC test unknown: 0.8445579221632438, AUPR test unknown: 0.1735349899247349
2026-08-18 12:45:32,400 INFO Epoch: 92, loss: 0.0843435749411583, labeled_loss: 0.05417269095778465, unnlabeled_loss: 0.0036944912280887365, mixup_loss: 0.0, energy_loss: 0.28323638439178467
2026-08-18 12:45:32,400 INFO Best AUROC test all: 0.7383929717507429, AUPR test all: 0.5277624662188922, AUROC test unknown: 0.5169459864598562, AUPR test unknown: 0.046631925340163596
2026-08-18 12:45:37,098 INFO Epoch: 97, loss: 0.12508291006088257, labeled_loss: 0.09073071926832199, unnlabeled_loss: 0.00925446953624487, mixup_loss: 0.0, energy_loss: 0.29724952578544617
2026-08-18 12:45:37,098 INFO Best AUROC test all: 0.8066249000266597, AUPR test all: 0.41139382933298263, AUROC test unknown: 0.8445579221632438, AUPR test unknown: 0.1735349899247349
2026-08-18 12:45:39,784 INFO Epoch: 93, loss: 0.07249022275209427, labeled_loss: 0.03625773638486862, unnlabeled_loss: 0.007418076042085886, mixup_loss: 0.0, energy_loss: 0.3252345025539398
2026-08-18 12:45:39,784 INFO Best AUROC test all: 0.7383929717507429, AUPR test all: 0.5277624662188922, AUROC test unknown: 0.5169459864598562, AUPR test unknown: 0.046631925340163596
2026-08-18 12:45:44,941 INFO Epoch: 98, loss: 0.1134280413389206, labeled_loss: 0.07890289276838303, unnlabeled_loss: 0.008789659477770329, mixup_loss: 0.0, energy_loss: 0.3013031780719757
2026-08-18 12:45:44,941 INFO Best AUROC test all: 0.8066249000266597, AUPR test all: 0.41139382933298263, AUROC test unknown: 0.8445579221632438, AUPR test unknown: 0.1735349899247349
2026-08-18 12:45:47,784 INFO Epoch: 94, loss: 0.07293932139873505, labeled_loss: 0.031058495864272118, unnlabeled_loss: 0.032991524785757065, mixup_loss: 0.0, energy_loss: 0.25385063886642456
2026-08-18 12:45:47,784 INFO Best AUROC test all: 0.7403522023756628, AUPR test all: 0.5294580299097504, AUROC test unknown: 0.5200179955741614, AUPR test unknown: 0.048321200300475924
2026-08-18 12:45:52,877 INFO Epoch: 99, loss: 0.11373592913150787, labeled_loss: 0.07905842363834381, unnlabeled_loss: 0.0077897016890347, mixup_loss: 0.0, energy_loss: 0.30782654881477356
2026-08-18 12:45:52,877 INFO Best AUROC test all: 0.8066249000266597, AUPR test all: 0.41139382933298263, AUROC test unknown: 0.8445579221632438, AUPR test unknown: 0.1735349899247349
2026-08-18 12:45:55,211 INFO Epoch: 95, loss: 0.06365065276622772, labeled_loss: 0.052129775285720825, unnlabeled_loss: 0.04282429814338684, mixup_loss: 0.0, energy_loss: -0.09891273081302643
2026-08-18 12:45:55,211 INFO Best AUROC test all: 0.7403522023756628, AUPR test all: 0.5294580299097504, AUROC test unknown: 0.5200179955741614, AUPR test unknown: 0.048321200300475924
2026-08-18 12:46:00,686 INFO Epoch: 100, loss: 0.1087590679526329, labeled_loss: 0.07592659443616867, unnlabeled_loss: 0.006590025033801794, mixup_loss: 0.0, energy_loss: 0.2953746020793915
2026-08-18 12:46:00,687 INFO Best AUROC test all: 0.8066249000266597, AUPR test all: 0.41139382933298263, AUROC test unknown: 0.8445579221632438, AUPR test unknown: 0.1735349899247349
2026-08-18 12:46:03,120 INFO Epoch: 96, loss: 0.08260835707187653, labeled_loss: 0.03379511833190918, unnlabeled_loss: 0.03828168660402298, mixup_loss: 0.0, energy_loss: 0.29672402143478394
2026-08-18 12:46:03,120 INFO Best AUROC test all: 0.7403522023756628, AUPR test all: 0.5294580299097504, AUROC test unknown: 0.5200179955741614, AUPR test unknown: 0.048321200300475924
2026-08-18 12:46:08,620 INFO Epoch: 101, loss: 0.10189611464738846, labeled_loss: 0.06208918243646622, unnlabeled_loss: 0.0083544310182333, mixup_loss: 0.0, energy_loss: 0.35629719495773315
2026-08-18 12:46:08,620 INFO Best AUROC test all: 0.8066249000266597, AUPR test all: 0.41139382933298263, AUROC test unknown: 0.8445579221632438, AUPR test unknown: 0.1735349899247349
2026-08-18 12:46:10,930 INFO Epoch: 97, loss: 0.09453106671571732, labeled_loss: 0.034770842641592026, unnlabeled_loss: 0.03961734101176262, mixup_loss: 0.0, energy_loss: 0.3995155096054077
2026-08-18 12:46:10,931 INFO Best AUROC test all: 0.7403522023756628, AUPR test all: 0.5294580299097504, AUROC test unknown: 0.5200179955741614, AUPR test unknown: 0.048321200300475924
2026-08-18 12:46:15,740 INFO Epoch: 102, loss: 0.11483627557754517, labeled_loss: 0.0742177665233612, unnlabeled_loss: 0.009446610696613789, mixup_loss: 0.0, energy_loss: 0.35895204544067383
2026-08-18 12:46:15,740 INFO Best AUROC test all: 0.8066249000266597, AUPR test all: 0.41139382933298263, AUROC test unknown: 0.8445579221632438, AUPR test unknown: 0.1735349899247349
2026-08-18 12:46:17,575 INFO Epoch: 98, loss: 0.09343778342008591, labeled_loss: 0.03416052833199501, unnlabeled_loss: 0.0375295989215374, mixup_loss: 0.0, energy_loss: 0.4051245152950287
2026-08-18 12:46:17,575 INFO Best AUROC test all: 0.7403522023756628, AUPR test all: 0.5294580299097504, AUROC test unknown: 0.5200179955741614, AUPR test unknown: 0.048321200300475924
2026-08-18 12:46:23,211 INFO Epoch: 103, loss: 0.11658976972103119, labeled_loss: 0.07276186347007751, unnlabeled_loss: 0.004934406839311123, mixup_loss: 0.0, energy_loss: 0.41360706090927124
2026-08-18 12:46:23,211 INFO Best AUROC test all: 0.8066249000266597, AUPR test all: 0.41139382933298263, AUROC test unknown: 0.8445579221632438, AUPR test unknown: 0.1735349899247349
2026-08-18 12:46:25,788 INFO Epoch: 99, loss: 0.09347419440746307, labeled_loss: 0.034715551882982254, unnlabeled_loss: 0.04634470120072365, mixup_loss: 0.0, energy_loss: 0.35586291551589966
2026-08-18 12:46:25,788 INFO Best AUROC test all: 0.7403522023756628, AUPR test all: 0.5294580299097504, AUROC test unknown: 0.5200179955741614, AUPR test unknown: 0.048321200300475924
2026-08-18 12:46:31,141 INFO Epoch: 104, loss: 0.12566417455673218, labeled_loss: 0.08057346194982529, unnlabeled_loss: 0.009507030248641968, mixup_loss: 0.0, energy_loss: 0.4033719599246979
2026-08-18 12:46:31,142 INFO Best AUROC test all: 0.8066249000266597, AUPR test all: 0.41139382933298263, AUROC test unknown: 0.8445579221632438, AUPR test unknown: 0.1735349899247349
2026-08-18 12:46:33,768 INFO Epoch: 100, loss: 0.04927247390151024, labeled_loss: 0.035314131528139114, unnlabeled_loss: 0.01261524111032486, mixup_loss: 0.0, energy_loss: 0.07650721818208694
2026-08-18 12:46:33,768 INFO Best AUROC test all: 0.7403522023756628, AUPR test all: 0.5294580299097504, AUROC test unknown: 0.5200179955741614, AUPR test unknown: 0.04884991601216315
2026-08-18 12:46:39,059 INFO Epoch: 105, loss: 0.1007491946220398, labeled_loss: 0.05695383623242378, unnlabeled_loss: 0.007610047701746225, mixup_loss: 0.0, energy_loss: 0.3999033272266388
2026-08-18 12:46:39,060 INFO Best AUROC test all: 0.8066249000266597, AUPR test all: 0.41139382933298263, AUROC test unknown: 0.8445579221632438, AUPR test unknown: 0.1735349899247349
2026-08-18 12:46:42,152 INFO Epoch: 101, loss: 0.0341462567448616, labeled_loss: 0.03191239386796951, unnlabeled_loss: 0.05883796140551567, mixup_loss: 0.0, energy_loss: -0.27185118198394775
2026-08-18 12:46:42,152 INFO Best AUROC test all: 0.7403522023756628, AUPR test all: 0.5302285201558157, AUROC test unknown: 0.5201372879208639, AUPR test unknown: 0.04884991601216315
2026-08-18 12:46:47,706 INFO Epoch: 106, loss: 0.11034708470106125, labeled_loss: 0.06612470000982285, unnlabeled_loss: 0.008998898789286613, mixup_loss: 0.0, energy_loss: 0.3972293436527252
2026-08-18 12:46:47,706 INFO Best AUROC test all: 0.8066249000266597, AUPR test all: 0.41139382933298263, AUROC test unknown: 0.8445579221632438, AUPR test unknown: 0.1735349899247349
2026-08-18 12:46:50,089 INFO Epoch: 102, loss: 0.07225319743156433, labeled_loss: 0.018273010849952698, unnlabeled_loss: 0.02644413895905018, mixup_loss: 0.0, energy_loss: 0.4075811803340912
2026-08-18 12:46:50,089 INFO Best AUROC test all: 0.7403522023756628, AUPR test all: 0.5302285201558157, AUROC test unknown: 0.5201372879208639, AUPR test unknown: 0.04884991601216315
2026-08-18 12:46:55,744 INFO Epoch: 107, loss: 0.10931225121021271, labeled_loss: 0.06016111746430397, unnlabeled_loss: 0.008665538392961025, mixup_loss: 0.0, energy_loss: 0.4481836259365082
2026-08-18 12:46:55,744 INFO Best AUROC test all: 0.8066249000266597, AUPR test all: 0.41139382933298263, AUROC test unknown: 0.8445579221632438, AUPR test unknown: 0.1735349899247349
2026-08-18 12:46:58,157 INFO Epoch: 103, loss: 0.08397747576236725, labeled_loss: 0.029232293367385864, unnlabeled_loss: 0.027995817363262177, mixup_loss: 0.0, energy_loss: 0.40747275948524475
2026-08-18 12:46:58,157 INFO Best AUROC test all: 0.7408398501140436, AUPR test all: 0.5302285201558157, AUROC test unknown: 0.523175312587562, AUPR test unknown: 0.04884991601216315
2026-08-18 12:47:03,254 INFO Epoch: 108, loss: 0.11993754655122757, labeled_loss: 0.06998445093631744, unnlabeled_loss: 0.009248961694538593, mixup_loss: 0.0, energy_loss: 0.45328614115715027
2026-08-18 12:47:03,254 INFO Best AUROC test all: 0.8066249000266597, AUPR test all: 0.41139382933298263, AUROC test unknown: 0.8445579221632438, AUPR test unknown: 0.1735349899247349
2026-08-18 12:47:06,189 INFO Epoch: 104, loss: 0.07007516920566559, labeled_loss: 0.024790972471237183, unnlabeled_loss: 0.013184585608541965, mixup_loss: 0.0, energy_loss: 0.3869189918041229
2026-08-18 12:47:06,189 INFO Best AUROC test all: 0.7445222014870109, AUPR test all: 0.5317769806653573, AUROC test unknown: 0.5292534426014239, AUPR test unknown: 0.04884991601216315
2026-08-18 12:47:11,941 INFO Epoch: 109, loss: 0.10469956696033478, labeled_loss: 0.062349267303943634, unnlabeled_loss: 0.02321024425327778, mixup_loss: 0.0, energy_loss: 0.3074517846107483
2026-08-18 12:47:11,941 INFO Best AUROC test all: 0.8066249000266597, AUPR test all: 0.41139382933298263, AUROC test unknown: 0.8445579221632438, AUPR test unknown: 0.1735349899247349
2026-08-18 12:47:14,428 INFO Epoch: 105, loss: 0.051419589668512344, labeled_loss: 0.029791098088026047, unnlabeled_loss: 0.006492991466075182, mixup_loss: 0.0, energy_loss: 0.1838199347257614
2026-08-18 12:47:14,428 INFO Best AUROC test all: 0.7445222014870109, AUPR test all: 0.5317769806653573, AUROC test unknown: 0.5292534426014239, AUPR test unknown: 0.04884991601216315
2026-08-18 12:47:19,962 INFO Epoch: 110, loss: 0.09896746277809143, labeled_loss: 0.05204041674733162, unnlabeled_loss: 0.013491515070199966, mixup_loss: 0.0, energy_loss: 0.40181294083595276
2026-08-18 12:47:19,963 INFO Best AUROC test all: 0.8066249000266597, AUPR test all: 0.41139382933298263, AUROC test unknown: 0.8445579221632438, AUPR test unknown: 0.1735349899247349
2026-08-18 12:47:22,342 INFO Epoch: 106, loss: 0.055888138711452484, labeled_loss: 0.028682079166173935, unnlabeled_loss: 0.04135456308722496, mixup_loss: 0.0, energy_loss: 0.06528779864311218
2026-08-18 12:47:22,342 INFO Best AUROC test all: 0.7445222014870109, AUPR test all: 0.5317769806653573, AUROC test unknown: 0.5292534426014239, AUPR test unknown: 0.04884991601216315
2026-08-18 12:47:28,251 INFO Epoch: 111, loss: 0.10375447571277618, labeled_loss: 0.056721124798059464, unnlabeled_loss: 0.004569406621158123, mixup_loss: 0.0, energy_loss: 0.4474864602088928
2026-08-18 12:47:28,252 INFO Best AUROC test all: 0.8066249000266597, AUPR test all: 0.41139382933298263, AUROC test unknown: 0.8445579221632438, AUPR test unknown: 0.1735349899247349
2026-08-18 12:47:30,983 INFO Epoch: 107, loss: 0.047928862273693085, labeled_loss: 0.031557608395814896, unnlabeled_loss: 0.013570480979979038, mixup_loss: 0.0, energy_loss: 0.09586013108491898
2026-08-18 12:47:30,983 INFO Best AUROC test all: 0.7445222014870109, AUPR test all: 0.5319550646767889, AUROC test unknown: 0.5292534426014239, AUPR test unknown: 0.04884991601216315
2026-08-18 12:47:33,355 INFO Epoch: 112, loss: 0.09368567168712616, labeled_loss: 0.05272978916764259, unnlabeled_loss: 0.007133063860237598, mixup_loss: 0.0, energy_loss: 0.37389349937438965
2026-08-18 12:47:33,355 INFO Best AUROC test all: 0.8066249000266597, AUPR test all: 0.41139382933298263, AUROC test unknown: 0.8445579221632438, AUPR test unknown: 0.1735349899247349
2026-08-18 12:47:39,405 INFO Epoch: 108, loss: 0.0510561466217041, labeled_loss: 0.027707135304808617, unnlabeled_loss: 0.052532024681568146, mixup_loss: 0.0, energy_loss: -0.029170023277401924
2026-08-18 12:47:39,405 INFO Best AUROC test all: 0.7445222014870109, AUPR test all: 0.5319550646767889, AUROC test unknown: 0.5292534426014239, AUPR test unknown: 0.04884991601216315
2026-08-18 12:47:40,826 INFO Epoch: 113, loss: 0.0916932076215744, labeled_loss: 0.049651339650154114, unnlabeled_loss: 0.011226294562220573, mixup_loss: 0.0, energy_loss: 0.3642871677875519
2026-08-18 12:47:40,826 INFO Best AUROC test all: 0.8066249000266597, AUPR test all: 0.41139382933298263, AUROC test unknown: 0.8445579221632438, AUPR test unknown: 0.1735349899247349
2026-08-18 12:47:44,395 INFO Epoch: 109, loss: 0.06986549496650696, labeled_loss: 0.0220137070864439, unnlabeled_loss: 0.030199740082025528, mixup_loss: 0.0, energy_loss: 0.3275192081928253
2026-08-18 12:47:44,395 INFO Best AUROC test all: 0.7445222014870109, AUPR test all: 0.5319550646767889, AUROC test unknown: 0.5292534426014239, AUPR test unknown: 0.04884991601216315
2026-08-18 12:47:47,761 INFO Epoch: 114, loss: 0.1015000268816948, labeled_loss: 0.04971781745553017, unnlabeled_loss: 0.027124300599098206, mixup_loss: 0.0, energy_loss: 0.38220059871673584
2026-08-18 12:47:47,761 INFO Best AUROC test all: 0.8066249000266597, AUPR test all: 0.41139382933298263, AUROC test unknown: 0.8445579221632438, AUPR test unknown: 0.1735349899247349
2026-08-18 12:47:50,234 INFO Epoch: 110, loss: 0.08124708384275436, labeled_loss: 0.02500353753566742, unnlabeled_loss: 0.05244259536266327, mixup_loss: 0.0, energy_loss: 0.3002224564552307
2026-08-18 12:47:50,234 INFO Best AUROC test all: 0.7445222014870109, AUPR test all: 0.5319550646767889, AUROC test unknown: 0.5292534426014239, AUPR test unknown: 0.04884991601216315
2026-08-18 12:47:53,294 INFO Epoch: 115, loss: 0.09448609501123428, labeled_loss: 0.044880885630846024, unnlabeled_loss: 0.02410663664340973, mixup_loss: 0.0, energy_loss: 0.37551888823509216
2026-08-18 12:47:53,294 INFO Best AUROC test all: 0.8066249000266597, AUPR test all: 0.41139382933298263, AUROC test unknown: 0.8445579221632438, AUPR test unknown: 0.1735349899247349
2026-08-18 12:47:58,235 INFO Epoch: 111, loss: 0.04615040123462677, labeled_loss: 0.017375895753502846, unnlabeled_loss: 0.054061323404312134, mixup_loss: 0.0, energy_loss: 0.017438432201743126
2026-08-18 12:47:58,235 INFO Best AUROC test all: 0.7445222014870109, AUPR test all: 0.5319550646767889, AUROC test unknown: 0.5292534426014239, AUPR test unknown: 0.04884991601216315
2026-08-18 12:48:01,872 INFO Epoch: 116, loss: 0.09207216650247574, labeled_loss: 0.050367455929517746, unnlabeled_loss: 0.006863075774163008, mixup_loss: 0.0, energy_loss: 0.38273170590400696
2026-08-18 12:48:01,872 INFO Best AUROC test all: 0.8066249000266597, AUPR test all: 0.41139382933298263, AUROC test unknown: 0.8445579221632438, AUPR test unknown: 0.1735349899247349
2026-08-18 12:48:05,886 INFO Epoch: 112, loss: 0.06995511800050735, labeled_loss: 0.015460621565580368, unnlabeled_loss: 0.04724991321563721, mixup_loss: 0.0, energy_loss: 0.30869540572166443
2026-08-18 12:48:05,886 INFO Best AUROC test all: 0.7445222014870109, AUPR test all: 0.5319550646767889, AUROC test unknown: 0.5292534426014239, AUPR test unknown: 0.04884991601216315
2026-08-18 12:48:10,475 INFO Epoch: 117, loss: 0.0964154452085495, labeled_loss: 0.038312144577503204, unnlabeled_loss: 0.03738624230027199, mixup_loss: 0.0, energy_loss: 0.3941017687320709
2026-08-18 12:48:10,476 INFO Best AUROC test all: 0.8066249000266597, AUPR test all: 0.41139382933298263, AUROC test unknown: 0.8445579221632438, AUPR test unknown: 0.1735349899247349
2026-08-18 12:48:13,727 INFO Epoch: 113, loss: 0.029479239135980606, labeled_loss: 0.021759113296866417, unnlabeled_loss: 0.010569334961473942, mixup_loss: 0.0, energy_loss: 0.02435457892715931
2026-08-18 12:48:13,727 INFO Best AUROC test all: 0.7445222014870109, AUPR test all: 0.5319550646767889, AUROC test unknown: 0.5292534426014239, AUPR test unknown: 0.04884991601216315
2026-08-18 12:48:19,172 INFO Epoch: 118, loss: 0.09731734544038773, labeled_loss: 0.049211978912353516, unnlabeled_loss: 0.029400035738945007, mixup_loss: 0.0, energy_loss: 0.3340534269809723
2026-08-18 12:48:19,172 INFO Best AUROC test all: 0.8066249000266597, AUPR test all: 0.41139382933298263, AUROC test unknown: 0.8445579221632438, AUPR test unknown: 0.1735349899247349
2026-08-18 12:48:22,361 INFO Epoch: 114, loss: 0.04945629462599754, labeled_loss: 0.025771910324692726, unnlabeled_loss: 0.05866941064596176, mixup_loss: 0.0, energy_loss: -0.05650321766734123
2026-08-18 12:48:22,361 INFO Best AUROC test all: 0.7445222014870109, AUPR test all: 0.5319550646767889, AUROC test unknown: 0.5292534426014239, AUPR test unknown: 0.04884991601216315
2026-08-18 12:48:27,745 INFO Epoch: 119, loss: 0.07584923505783081, labeled_loss: 0.034139860421419144, unnlabeled_loss: 0.017209714278578758, mixup_loss: 0.0, energy_loss: 0.3310452103614807
2026-08-18 12:48:27,745 INFO Best AUROC test all: 0.8066249000266597, AUPR test all: 0.41139382933298263, AUROC test unknown: 0.8445579221632438, AUPR test unknown: 0.1735349899247349
2026-08-18 12:48:29,473 INFO Epoch: 115, loss: 0.058365266770124435, labeled_loss: 0.015645228326320648, unnlabeled_loss: 0.05156426876783371, mixup_loss: 0.0, energy_loss: 0.16937904059886932
2026-08-18 12:48:29,473 INFO Best AUROC test all: 0.7445222014870109, AUPR test all: 0.5319550646767889, AUROC test unknown: 0.5292534426014239, AUPR test unknown: 0.04884991601216315
2026-08-18 12:48:33,883 INFO Epoch: 116, loss: 0.0465378575026989, labeled_loss: 0.013634753413498402, unnlabeled_loss: 0.004064172971993685, mixup_loss: 0.0, energy_loss: 0.3087101876735687
2026-08-18 12:48:33,884 INFO Best AUROC test all: 0.7445222014870109, AUPR test all: 0.5319550646767889, AUROC test unknown: 0.5292534426014239, AUPR test unknown: 0.04884991601216315
2026-08-18 12:48:36,730 INFO Epoch: 120, loss: 0.08518680185079575, labeled_loss: 0.04066910594701767, unnlabeled_loss: 0.01016511395573616, mixup_loss: 0.0, energy_loss: 0.39435142278671265
2026-08-18 12:48:36,731 INFO Best AUROC test all: 0.8066249000266597, AUPR test all: 0.41139382933298263, AUROC test unknown: 0.8445579221632438, AUPR test unknown: 0.1735349899247349
2026-08-18 12:48:42,949 INFO Epoch: 117, loss: 0.12511180341243744, labeled_loss: 0.014765458181500435, unnlabeled_loss: 0.12903305888175964, mixup_loss: 0.0, energy_loss: 0.4582981467247009
2026-08-18 12:48:42,949 INFO Best AUROC test all: 0.7445222014870109, AUPR test all: 0.5319550646767889, AUROC test unknown: 0.5292534426014239, AUPR test unknown: 0.04884991601216315
2026-08-18 12:48:45,234 INFO Epoch: 121, loss: 0.0922631248831749, labeled_loss: 0.05270019918680191, unnlabeled_loss: 0.012132750824093819, mixup_loss: 0.0, energy_loss: 0.33496546745300293
2026-08-18 12:48:45,234 INFO Best AUROC test all: 0.8066249000266597, AUPR test all: 0.41139382933298263, AUROC test unknown: 0.8445579221632438, AUPR test unknown: 0.1735349899247349
2026-08-18 12:48:51,299 INFO Epoch: 118, loss: 0.08245225250720978, labeled_loss: 0.014479042962193489, unnlabeled_loss: 0.07095543295145035, mixup_loss: 0.0, energy_loss: 0.32495492696762085
2026-08-18 12:48:51,299 INFO Best AUROC test all: 0.7445222014870109, AUPR test all: 0.5319550646767889, AUROC test unknown: 0.5292534426014239, AUPR test unknown: 0.04884991601216315
2026-08-18 12:48:54,331 INFO Epoch: 122, loss: 0.08337454497814178, labeled_loss: 0.04350147396326065, unnlabeled_loss: 0.011686138808727264, mixup_loss: 0.0, energy_loss: 0.3402999937534332
2026-08-18 12:48:54,331 INFO Best AUROC test all: 0.8066249000266597, AUPR test all: 0.4129272057524902, AUROC test unknown: 0.8445579221632438, AUPR test unknown: 0.1735349899247349
2026-08-18 12:48:58,259 INFO Epoch: 119, loss: 0.08107420802116394, labeled_loss: 0.0214675422757864, unnlabeled_loss: 0.07630009949207306, mixup_loss: 0.0, energy_loss: 0.2145662009716034
2026-08-18 12:48:58,260 INFO Best AUROC test all: 0.7445222014870109, AUPR test all: 0.5319550646767889, AUROC test unknown: 0.5292534426014239, AUPR test unknown: 0.04884991601216315
2026-08-18 12:49:03,402 INFO Epoch: 120, loss: 0.03706815838813782, labeled_loss: 0.024102814495563507, unnlabeled_loss: 0.012949912808835506, mixup_loss: 0.0, energy_loss: 0.0649038627743721
2026-08-18 12:49:03,402 INFO Best AUROC test all: 0.7445222014870109, AUPR test all: 0.5319550646767889, AUROC test unknown: 0.5292534426014239, AUPR test unknown: 0.04884991601216315
2026-08-18 12:49:05,476 INFO Epoch: 123, loss: 0.09400444477796555, labeled_loss: 0.037572115659713745, unnlabeled_loss: 0.020697107538580894, mixup_loss: 0.0, energy_loss: 0.46083778142929077
2026-08-18 12:49:05,477 INFO Best AUROC test all: 0.8066249000266597, AUPR test all: 0.4129272057524902, AUROC test unknown: 0.8445579221632438, AUPR test unknown: 0.1735349899247349
2026-08-18 12:49:10,602 INFO Epoch: 121, loss: 0.04840286821126938, labeled_loss: 0.020043866708874702, unnlabeled_loss: 0.01083066500723362, mixup_loss: 0.0, energy_loss: 0.2294366955757141
2026-08-18 12:49:10,602 INFO Best AUROC test all: 0.7445222014870109, AUPR test all: 0.5319550646767889, AUROC test unknown: 0.5292534426014239, AUPR test unknown: 0.04884991601216315
2026-08-18 12:49:15,446 INFO Epoch: 124, loss: 0.07856518030166626, labeled_loss: 0.03646974265575409, unnlabeled_loss: 0.008801888674497604, mixup_loss: 0.0, energy_loss: 0.376944899559021
2026-08-18 12:49:15,447 INFO Best AUROC test all: 0.8066249000266597, AUPR test all: 0.4129272057524902, AUROC test unknown: 0.8445579221632438, AUPR test unknown: 0.1735349899247349
2026-08-18 12:49:20,563 INFO Epoch: 122, loss: 0.030977005138993263, labeled_loss: 0.012279433198273182, unnlabeled_loss: 0.00429219426587224, mixup_loss: 0.0, energy_loss: 0.16551473736763
2026-08-18 12:49:20,564 INFO Best AUROC test all: 0.7445222014870109, AUPR test all: 0.5319550646767889, AUROC test unknown: 0.5292534426014239, AUPR test unknown: 0.04884991601216315
2026-08-18 12:49:25,189 INFO Epoch: 125, loss: 0.0818357989192009, labeled_loss: 0.04057907685637474, unnlabeled_loss: 0.010108421556651592, mixup_loss: 0.0, energy_loss: 0.36202505230903625
2026-08-18 12:49:25,189 INFO Best AUROC test all: 0.8066249000266597, AUPR test all: 0.4129272057524902, AUROC test unknown: 0.8445579221632438, AUPR test unknown: 0.1735349899247349
2026-08-18 12:49:27,443 INFO Epoch: 123, loss: 0.07222957164049149, labeled_loss: 0.014363410882651806, unnlabeled_loss: 0.05526488646864891, mixup_loss: 0.0, energy_loss: 0.3023371696472168
2026-08-18 12:49:27,443 INFO Best AUROC test all: 0.7445222014870109, AUPR test all: 0.5319550646767889, AUROC test unknown: 0.5292534426014239, AUPR test unknown: 0.04884991601216315
2026-08-18 12:49:37,161 INFO Epoch: 124, loss: 0.07001040875911713, labeled_loss: 0.015329490415751934, unnlabeled_loss: 0.04087385535240173, mixup_loss: 0.0, energy_loss: 0.3424399197101593
2026-08-18 12:49:37,161 INFO Best AUROC test all: 0.7445222014870109, AUPR test all: 0.5319550646767889, AUROC test unknown: 0.5292534426014239, AUPR test unknown: 0.04884991601216315
2026-08-18 12:49:40,476 INFO Epoch: 126, loss: 0.08117885887622833, labeled_loss: 0.03568882495164871, unnlabeled_loss: 0.022844800725579262, mixup_loss: 0.0, energy_loss: 0.34067630767822266
2026-08-18 12:49:40,476 INFO Best AUROC test all: 0.8066249000266597, AUPR test all: 0.4129272057524902, AUROC test unknown: 0.8445579221632438, AUPR test unknown: 0.1735349899247349
2026-08-18 12:49:49,482 INFO Epoch: 125, loss: 0.06672178208827972, labeled_loss: 0.017218194901943207, unnlabeled_loss: 0.03772159665822983, mixup_loss: 0.0, energy_loss: 0.30642786622047424
2026-08-18 12:49:49,482 INFO Best AUROC test all: 0.7445222014870109, AUPR test all: 0.5319550646767889, AUROC test unknown: 0.5292534426014239, AUPR test unknown: 0.04884991601216315
2026-08-18 12:49:52,594 INFO Epoch: 127, loss: 0.08864294737577438, labeled_loss: 0.04907602071762085, unnlabeled_loss: 0.02427530847489834, mixup_loss: 0.0, energy_loss: 0.2742927670478821
2026-08-18 12:49:52,594 INFO Best AUROC test all: 0.8066249000266597, AUPR test all: 0.4129272057524902, AUROC test unknown: 0.8445579221632438, AUPR test unknown: 0.1735349899247349
2026-08-18 12:50:02,344 INFO Epoch: 126, loss: 0.07004254311323166, labeled_loss: 0.01657184772193432, unnlabeled_loss: 0.04412514343857765, mixup_loss: 0.0, energy_loss: 0.31408122181892395
2026-08-18 12:50:02,345 INFO Best AUROC test all: 0.7445222014870109, AUPR test all: 0.5319550646767889, AUROC test unknown: 0.5292534426014239, AUPR test unknown: 0.04884991601216315
2026-08-18 12:50:03,220 INFO Epoch: 128, loss: 0.08245757222175598, labeled_loss: 0.03588024154305458, unnlabeled_loss: 0.030976448208093643, mixup_loss: 0.0, energy_loss: 0.31089112162590027
2026-08-18 12:50:03,220 INFO Best AUROC test all: 0.8066249000266597, AUPR test all: 0.4129272057524902, AUROC test unknown: 0.8445579221632438, AUPR test unknown: 0.1735349899247349
2026-08-18 12:50:13,122 INFO Epoch: 127, loss: 0.038287121802568436, labeled_loss: 0.022097790613770485, unnlabeled_loss: 0.03245518356561661, mixup_loss: 0.0, energy_loss: -0.0003826059401035309
2026-08-18 12:50:13,122 INFO Best AUROC test all: 0.7445222014870109, AUPR test all: 0.5319550646767889, AUROC test unknown: 0.5292534426014239, AUPR test unknown: 0.04884991601216315
2026-08-18 12:50:18,474 INFO Epoch: 129, loss: 0.06652668118476868, labeled_loss: 0.03742222860455513, unnlabeled_loss: 0.007355507463216782, mixup_loss: 0.0, energy_loss: 0.25426700711250305
2026-08-18 12:50:18,474 INFO Best AUROC test all: 0.8066249000266597, AUPR test all: 0.4129272057524902, AUROC test unknown: 0.8445579221632438, AUPR test unknown: 0.1735349899247349
2026-08-18 12:50:26,675 INFO Epoch: 128, loss: 0.07973082363605499, labeled_loss: 0.02753821201622486, unnlabeled_loss: 0.13724717497825623, mixup_loss: 0.0, energy_loss: -0.1643097847700119
2026-08-18 12:50:26,675 INFO Best AUROC test all: 0.7445222014870109, AUPR test all: 0.5319550646767889, AUROC test unknown: 0.5292534426014239, AUPR test unknown: 0.04884991601216315
2026-08-18 12:50:31,604 INFO Epoch: 130, loss: 0.08860808610916138, labeled_loss: 0.04670706391334534, unnlabeled_loss: 0.007035606075078249, mixup_loss: 0.0, energy_loss: 0.383832186460495
2026-08-18 12:50:31,605 INFO Best AUROC test all: 0.8066249000266597, AUPR test all: 0.4129272057524902, AUROC test unknown: 0.8445579221632438, AUPR test unknown: 0.1735349899247349
2026-08-18 12:50:40,186 INFO Epoch: 129, loss: 0.03779546916484833, labeled_loss: 0.02009337767958641, unnlabeled_loss: 0.028148123994469643, mixup_loss: 0.0, energy_loss: 0.03628028184175491
2026-08-18 12:50:40,186 INFO Best AUROC test all: 0.7445222014870109, AUPR test all: 0.5319550646767889, AUROC test unknown: 0.5292534426014239, AUPR test unknown: 0.04884991601216315
2026-08-18 12:50:44,942 INFO Epoch: 131, loss: 0.0679597556591034, labeled_loss: 0.02849958837032318, unnlabeled_loss: 0.01177734974771738, mixup_loss: 0.0, energy_loss: 0.3357148766517639
2026-08-18 12:50:44,942 INFO Best AUROC test all: 0.8066249000266597, AUPR test all: 0.4129272057524902, AUROC test unknown: 0.8445579221632438, AUPR test unknown: 0.1735349899247349
2026-08-18 12:50:53,734 INFO Epoch: 130, loss: 0.0659065917134285, labeled_loss: 0.016851084306836128, unnlabeled_loss: 0.087447889149189, mixup_loss: 0.0, energy_loss: 0.05331562086939812
2026-08-18 12:50:53,734 INFO Best AUROC test all: 0.7445222014870109, AUPR test all: 0.5319550646767889, AUROC test unknown: 0.5292534426014239, AUPR test unknown: 0.04884991601216315
2026-08-18 12:50:58,474 INFO Epoch: 132, loss: 0.10490372776985168, labeled_loss: 0.047152113169431686, unnlabeled_loss: 0.053612254559993744, mixup_loss: 0.0, energy_loss: 0.30945491790771484
2026-08-18 12:50:58,474 INFO Best AUROC test all: 0.8066249000266597, AUPR test all: 0.4129272057524902, AUROC test unknown: 0.8445579221632438, AUPR test unknown: 0.1735349899247349
2026-08-18 12:51:04,551 INFO Epoch: 131, loss: 0.05381545424461365, labeled_loss: 0.014094837009906769, unnlabeled_loss: 0.0327860452234745, mixup_loss: 0.0, energy_loss: 0.23327594995498657
2026-08-18 12:51:04,551 INFO Best AUROC test all: 0.7445222014870109, AUPR test all: 0.5319550646767889, AUROC test unknown: 0.5292534426014239, AUPR test unknown: 0.04884991601216315
2026-08-18 12:51:11,354 INFO Epoch: 133, loss: 0.08883301913738251, labeled_loss: 0.0392475426197052, unnlabeled_loss: 0.0322248637676239, mixup_loss: 0.0, energy_loss: 0.3347303867340088
2026-08-18 12:51:11,354 INFO Best AUROC test all: 0.8066249000266597, AUPR test all: 0.4129272057524902, AUROC test unknown: 0.8445579221632438, AUPR test unknown: 0.1735349899247349
2026-08-18 12:51:16,473 INFO Epoch: 132, loss: 0.12078268826007843, labeled_loss: 0.017858292907476425, unnlabeled_loss: 0.14022044837474823, mixup_loss: 0.0, energy_loss: 0.3281416594982147
2026-08-18 12:51:16,474 INFO Best AUROC test all: 0.7445222014870109, AUPR test all: 0.5319550646767889, AUROC test unknown: 0.5292534426014239, AUPR test unknown: 0.04884991601216315
2026-08-18 12:51:24,005 INFO Epoch: 133, loss: 0.10279497504234314, labeled_loss: 0.010409913025796413, unnlabeled_loss: 0.13657090067863464, mixup_loss: 0.0, energy_loss: 0.24099613726139069
2026-08-18 12:51:24,006 INFO Best AUROC test all: 0.7445222014870109, AUPR test all: 0.5319550646767889, AUROC test unknown: 0.5292534426014239, AUPR test unknown: 0.04884991601216315
2026-08-18 12:51:25,086 INFO Epoch: 134, loss: 0.0754239559173584, labeled_loss: 0.029735347256064415, unnlabeled_loss: 0.017127372324466705, mixup_loss: 0.0, energy_loss: 0.371249258518219
2026-08-18 12:51:25,086 INFO Best AUROC test all: 0.8066249000266597, AUPR test all: 0.4129272057524902, AUROC test unknown: 0.8445579221632438, AUPR test unknown: 0.1735349899247349
2026-08-18 12:51:34,355 INFO Epoch: 134, loss: 0.09238442778587341, labeled_loss: 0.01595158874988556, unnlabeled_loss: 0.152398481965065, mixup_loss: 0.0, energy_loss: 0.0023359537590295076
2026-08-18 12:51:34,355 INFO Best AUROC test all: 0.7492720459729256, AUPR test all: 0.5319550646767889, AUROC test unknown: 0.5387062051439969, AUPR test unknown: 0.04884991601216315
2026-08-18 12:51:39,835 INFO Epoch: 135, loss: 0.07005240768194199, labeled_loss: 0.024345170706510544, unnlabeled_loss: 0.011017635464668274, mixup_loss: 0.0, energy_loss: 0.40198421478271484
2026-08-18 12:51:39,835 INFO Best AUROC test all: 0.8066249000266597, AUPR test all: 0.4129272057524902, AUROC test unknown: 0.8445579221632438, AUPR test unknown: 0.1735349899247349
2026-08-18 12:51:47,454 INFO Epoch: 135, loss: 0.062066785991191864, labeled_loss: 0.04166129231452942, unnlabeled_loss: 0.08301281929016113, mixup_loss: 0.0, energy_loss: -0.2110091745853424
2026-08-18 12:51:47,454 INFO Best AUROC test all: 0.7492720459729256, AUPR test all: 0.5319550646767889, AUROC test unknown: 0.5387062051439969, AUPR test unknown: 0.04884991601216315
2026-08-18 12:51:52,028 INFO Epoch: 136, loss: 0.07038090378046036, labeled_loss: 0.028235014528036118, unnlabeled_loss: 0.009858648292720318, mixup_loss: 0.0, energy_loss: 0.37216562032699585
2026-08-18 12:51:52,029 INFO Best AUROC test all: 0.8066249000266597, AUPR test all: 0.4129272057524902, AUROC test unknown: 0.8445579221632438, AUPR test unknown: 0.1735349899247349
2026-08-18 12:52:00,622 INFO Epoch: 136, loss: -0.004003549925982952, labeled_loss: 0.014567509293556213, unnlabeled_loss: 0.026668699458241463, mixup_loss: 0.0, energy_loss: -0.3190540671348572
2026-08-18 12:52:00,622 INFO Best AUROC test all: 0.7498778103616812, AUPR test all: 0.5328504008297185, AUROC test unknown: 0.5387062051439969, AUPR test unknown: 0.048948077654842374
2026-08-18 12:52:05,529 INFO Epoch: 137, loss: 0.05279165878891945, labeled_loss: 0.02675371803343296, unnlabeled_loss: 0.012633164413273335, mixup_loss: 0.0, energy_loss: 0.1972135752439499
2026-08-18 12:52:05,529 INFO Best AUROC test all: 0.8066249000266597, AUPR test all: 0.4129272057524902, AUROC test unknown: 0.8445579221632438, AUPR test unknown: 0.1735349899247349
2026-08-18 12:52:14,239 INFO Epoch: 138, loss: 0.09739787131547928, labeled_loss: 0.037420604377985, unnlabeled_loss: 0.055382948368787766, mixup_loss: 0.0, energy_loss: 0.32285788655281067
2026-08-18 12:52:14,240 INFO Best AUROC test all: 0.8066249000266597, AUPR test all: 0.4129272057524902, AUROC test unknown: 0.8445579221632438, AUPR test unknown: 0.1735349899247349
2026-08-18 12:52:14,263 INFO Epoch: 137, loss: 0.05778561159968376, labeled_loss: 0.021126914769411087, unnlabeled_loss: 0.0032761103939265013, mixup_loss: 0.0, energy_loss: 0.3502064049243927
2026-08-18 12:52:14,263 INFO Best AUROC test all: 0.7498778103616812, AUPR test all: 0.5328504008297185, AUROC test unknown: 0.5387062051439969, AUPR test unknown: 0.048948077654842374
2026-08-18 12:52:28,386 INFO Epoch: 139, loss: 0.0766301155090332, labeled_loss: 0.027649031952023506, unnlabeled_loss: 0.033041298389434814, mixup_loss: 0.0, energy_loss: 0.324604332447052
2026-08-18 12:52:28,386 INFO Best AUROC test all: 0.8066249000266597, AUPR test all: 0.41490797606689706, AUROC test unknown: 0.8445579221632438, AUPR test unknown: 0.1735349899247349
2026-08-18 12:52:28,787 INFO Epoch: 138, loss: 0.1128184124827385, labeled_loss: 0.02025110460817814, unnlabeled_loss: 0.07402810454368591, mixup_loss: 0.0, energy_loss: 0.5555325746536255
2026-08-18 12:52:28,787 INFO Best AUROC test all: 0.7498778103616812, AUPR test all: 0.5328504008297185, AUROC test unknown: 0.5387062051439969, AUPR test unknown: 0.048948077654842374
2026-08-18 12:52:40,760 INFO Epoch: 139, loss: 0.09156294167041779, labeled_loss: 0.01754973828792572, unnlabeled_loss: 0.046662505716085434, mixup_loss: 0.0, energy_loss: 0.506819486618042
2026-08-18 12:52:40,760 INFO Best AUROC test all: 0.7498778103616812, AUPR test all: 0.5328504008297185, AUROC test unknown: 0.5387062051439969, AUPR test unknown: 0.048948077654842374
2026-08-18 12:52:44,018 INFO Epoch: 140, loss: 0.07202678918838501, labeled_loss: 0.029875820502638817, unnlabeled_loss: 0.020412590354681015, mixup_loss: 0.0, energy_loss: 0.31944674253463745
2026-08-18 12:52:44,019 INFO Best AUROC test all: 0.8066249000266597, AUPR test all: 0.41836003319639814, AUROC test unknown: 0.8445579221632438, AUPR test unknown: 0.1735349899247349
2026-08-18 12:52:54,454 INFO Epoch: 140, loss: 0.0645722821354866, labeled_loss: 0.010205511003732681, unnlabeled_loss: 0.0686352327466011, mixup_loss: 0.0, energy_loss: 0.20049156248569489
2026-08-18 12:52:54,455 INFO Best AUROC test all: 0.7516427718040621, AUPR test all: 0.5345676929432442, AUROC test unknown: 0.5428634047145445, AUPR test unknown: 0.049053154190922446
2026-08-18 12:52:58,441 INFO Epoch: 141, loss: 0.08469784259796143, labeled_loss: 0.034831754863262177, unnlabeled_loss: 0.023445408791303635, mixup_loss: 0.0, energy_loss: 0.3814338147640228
2026-08-18 12:52:58,441 INFO Best AUROC test all: 0.8066249000266597, AUPR test all: 0.41836003319639814, AUROC test unknown: 0.8445579221632438, AUPR test unknown: 0.1735349899247349
2026-08-18 12:53:08,100 INFO Epoch: 141, loss: 0.10948526114225388, labeled_loss: 0.01149350218474865, unnlabeled_loss: 0.12044128775596619, mixup_loss: 0.0, energy_loss: 0.3777111768722534
2026-08-18 12:53:08,100 INFO Best AUROC test all: 0.7550602555367951, AUPR test all: 0.536933929288191, AUROC test unknown: 0.5477814397753975, AUPR test unknown: 0.05024412244643325
2026-08-18 12:53:12,601 INFO Epoch: 142, loss: 0.06912989169359207, labeled_loss: 0.02444872073829174, unnlabeled_loss: 0.011522832326591015, mixup_loss: 0.0, energy_loss: 0.38919752836227417
2026-08-18 12:53:12,601 INFO Best AUROC test all: 0.8066249000266597, AUPR test all: 0.41836003319639814, AUROC test unknown: 0.8445579221632438, AUPR test unknown: 0.1735349899247349
2026-08-18 12:53:21,347 INFO Epoch: 142, loss: 0.032381247729063034, labeled_loss: 0.011091528460383415, unnlabeled_loss: 0.007219756953418255, mixup_loss: 0.0, energy_loss: 0.17679841816425323
2026-08-18 12:53:21,348 INFO Best AUROC test all: 0.7550602555367951, AUPR test all: 0.536933929288191, AUROC test unknown: 0.5477814397753975, AUPR test unknown: 0.05024412244643325
2026-08-18 12:53:24,304 INFO Epoch: 143, loss: 0.06812083721160889, labeled_loss: 0.02931082993745804, unnlabeled_loss: 0.019422203302383423, mixup_loss: 0.0, energy_loss: 0.29098907113075256
2026-08-18 12:53:24,304 INFO Best AUROC test all: 0.8066249000266597, AUPR test all: 0.41836003319639814, AUROC test unknown: 0.8445579221632438, AUPR test unknown: 0.1735349899247349
2026-08-18 12:53:35,423 INFO Epoch: 143, loss: 0.032244253903627396, labeled_loss: 0.031183365732431412, unnlabeled_loss: 0.02131674252450466, mixup_loss: 0.0, energy_loss: -0.09597481787204742
2026-08-18 12:53:35,423 INFO Best AUROC test all: 0.7583261747484621, AUPR test all: 0.536933929288191, AUROC test unknown: 0.5542401031277714, AUPR test unknown: 0.05024412244643325
2026-08-18 12:53:38,534 INFO Epoch: 144, loss: 0.0748104527592659, labeled_loss: 0.033976223319768906, unnlabeled_loss: 0.016112545505166054, mixup_loss: 0.0, energy_loss: 0.3277795612812042
2026-08-18 12:53:38,534 INFO Best AUROC test all: 0.8066249000266597, AUPR test all: 0.41836003319639814, AUROC test unknown: 0.8445579221632438, AUPR test unknown: 0.1735349899247349
2026-08-18 12:53:49,515 INFO Epoch: 144, loss: 0.045261599123477936, labeled_loss: 0.029400506988167763, unnlabeled_loss: 0.050443135201931, mixup_loss: 0.0, energy_loss: -0.09360475093126297
2026-08-18 12:53:49,515 INFO Best AUROC test all: 0.7583261747484621, AUPR test all: 0.536933929288191, AUROC test unknown: 0.5542401031277714, AUPR test unknown: 0.05024412244643325
2026-08-18 12:53:52,600 INFO Epoch: 145, loss: 0.08869552612304688, labeled_loss: 0.034239206463098526, unnlabeled_loss: 0.033536091446876526, mixup_loss: 0.0, energy_loss: 0.37688273191452026
2026-08-18 12:53:52,600 INFO Best AUROC test all: 0.8066249000266597, AUPR test all: 0.42600027437878296, AUROC test unknown: 0.8445579221632438, AUPR test unknown: 0.1735349899247349
2026-08-18 12:54:03,613 INFO Epoch: 145, loss: 0.09501300752162933, labeled_loss: 0.015436734072864056, unnlabeled_loss: 0.16428537666797638, mixup_loss: 0.0, energy_loss: -0.025664133951067924
2026-08-18 12:54:03,614 INFO Best AUROC test all: 0.7583261747484621, AUPR test all: 0.536933929288191, AUROC test unknown: 0.5542401031277714, AUPR test unknown: 0.050836738803921595
2026-08-18 12:54:06,830 INFO Epoch: 146, loss: 0.06226230412721634, labeled_loss: 0.022059543058276176, unnlabeled_loss: 0.006105851847678423, mixup_loss: 0.0, energy_loss: 0.37149831652641296
2026-08-18 12:54:06,830 INFO Best AUROC test all: 0.8066249000266597, AUPR test all: 0.42600027437878296, AUROC test unknown: 0.8445579221632438, AUPR test unknown: 0.1735349899247349
2026-08-18 12:54:17,584 INFO Epoch: 146, loss: 0.0271530169993639, labeled_loss: 0.011496046558022499, unnlabeled_loss: 0.006202427204698324, mixup_loss: 0.0, energy_loss: 0.1255575716495514
2026-08-18 12:54:17,584 INFO Best AUROC test all: 0.7583261747484621, AUPR test all: 0.536933929288191, AUROC test unknown: 0.5542401031277714, AUPR test unknown: 0.050836738803921595
2026-08-18 12:54:20,909 INFO Epoch: 147, loss: 0.08229105174541473, labeled_loss: 0.030452236533164978, unnlabeled_loss: 0.03185205161571503, mixup_loss: 0.0, energy_loss: 0.35912787914276123
2026-08-18 12:54:20,909 INFO Best AUROC test all: 0.8066249000266597, AUPR test all: 0.42600027437878296, AUROC test unknown: 0.8445579221632438, AUPR test unknown: 0.1735349899247349
2026-08-18 12:54:31,654 INFO Epoch: 147, loss: 0.09894184023141861, labeled_loss: 0.012448824010789394, unnlabeled_loss: 0.14737333357334137, mixup_loss: 0.0, energy_loss: 0.12806347012519836
2026-08-18 12:54:31,654 INFO Best AUROC test all: 0.7583261747484621, AUPR test all: 0.536933929288191, AUROC test unknown: 0.5542401031277714, AUPR test unknown: 0.0512356847003418
2026-08-18 12:54:35,407 INFO Epoch: 148, loss: 0.07136543095111847, labeled_loss: 0.02636972814798355, unnlabeled_loss: 0.024476343765854836, mixup_loss: 0.0, energy_loss: 0.32757529616355896
2026-08-18 12:54:35,408 INFO Best AUROC test all: 0.8066249000266597, AUPR test all: 0.42600027437878296, AUROC test unknown: 0.8445579221632438, AUPR test unknown: 0.1735349899247349
2026-08-18 12:54:45,627 INFO Epoch: 148, loss: 0.062273189425468445, labeled_loss: 0.01545944344252348, unnlabeled_loss: 0.035660963505506516, mixup_loss: 0.0, energy_loss: 0.2898326516151428
2026-08-18 12:54:45,627 INFO Best AUROC test all: 0.7583261747484621, AUPR test all: 0.536933929288191, AUROC test unknown: 0.5542401031277714, AUPR test unknown: 0.0512356847003418
2026-08-18 12:54:48,670 INFO Epoch: 149, loss: 0.05288861691951752, labeled_loss: 0.024195754900574684, unnlabeled_loss: 0.020075354725122452, mixup_loss: 0.0, energy_loss: 0.18655186891555786
2026-08-18 12:54:48,670 INFO Best AUROC test all: 0.8066249000266597, AUPR test all: 0.42600027437878296, AUROC test unknown: 0.8445579221632438, AUPR test unknown: 0.1735349899247349
2026-08-18 12:54:59,435 INFO Epoch: 149, loss: 0.04122263565659523, labeled_loss: 0.007845760323107243, unnlabeled_loss: 0.0041503990069031715, mixup_loss: 0.0, energy_loss: 0.31301677227020264
2026-08-18 12:54:59,435 INFO Best AUROC test all: 0.7583261747484621, AUPR test all: 0.5377363470343959, AUROC test unknown: 0.5542401031277714, AUPR test unknown: 0.0512356847003418
2026-08-18 12:55:02,092 INFO Epoch: 150, loss: 0.06686024367809296, labeled_loss: 0.026933033019304276, unnlabeled_loss: 0.010884128510951996, mixup_loss: 0.0, energy_loss: 0.3448514938354492
2026-08-18 12:55:02,092 INFO Best AUROC test all: 0.8066249000266597, AUPR test all: 0.42600027437878296, AUROC test unknown: 0.8445579221632438, AUPR test unknown: 0.1735349899247349
2026-08-18 12:55:11,584 INFO Epoch: 151, loss: 0.07403656095266342, labeled_loss: 0.01776764541864395, unnlabeled_loss: 0.008231675252318382, mixup_loss: 0.0, energy_loss: 0.52153080701828
2026-08-18 12:55:11,584 INFO Best AUROC test all: 0.8066249000266597, AUPR test all: 0.42600027437878296, AUROC test unknown: 0.8445579221632438, AUPR test unknown: 0.1735349899247349
2026-08-18 12:55:14,285 INFO Epoch: 150, loss: 0.018861550837755203, labeled_loss: 0.007696790620684624, unnlabeled_loss: 0.004992872476577759, mixup_loss: 0.0, energy_loss: 0.0866832360625267
2026-08-18 12:55:14,286 INFO Best AUROC test all: 0.7583261747484621, AUPR test all: 0.5377363470343959, AUROC test unknown: 0.5542401031277714, AUPR test unknown: 0.0512356847003418
2026-08-18 12:55:25,632 INFO Epoch: 152, loss: 0.059109363704919815, labeled_loss: 0.019521920010447502, unnlabeled_loss: 0.05105901509523392, mixup_loss: 0.0, energy_loss: 0.14057935774326324
2026-08-18 12:55:25,632 INFO Best AUROC test all: 0.8066249000266597, AUPR test all: 0.42600027437878296, AUROC test unknown: 0.8445579221632438, AUPR test unknown: 0.1735349899247349
2026-08-18 12:55:28,943 INFO Epoch: 151, loss: 0.02863534726202488, labeled_loss: 0.00859033316373825, unnlabeled_loss: 0.005008980166167021, mixup_loss: 0.0, energy_loss: 0.17540523409843445
2026-08-18 12:55:28,943 INFO Best AUROC test all: 0.7583261747484621, AUPR test all: 0.5377363470343959, AUROC test unknown: 0.5542401031277714, AUPR test unknown: 0.0512356847003418
2026-08-18 12:55:39,407 INFO Epoch: 153, loss: 0.07917466759681702, labeled_loss: 0.0230717733502388, unnlabeled_loss: 0.041490789502859116, mixup_loss: 0.0, energy_loss: 0.3535749614238739
2026-08-18 12:55:39,407 INFO Best AUROC test all: 0.8066249000266597, AUPR test all: 0.42600027437878296, AUROC test unknown: 0.8445579221632438, AUPR test unknown: 0.1735349899247349
2026-08-18 12:55:42,947 INFO Epoch: 152, loss: 0.11582577228546143, labeled_loss: 0.010859408415853977, unnlabeled_loss: 0.17149131000041962, mixup_loss: 0.0, energy_loss: 0.19220711290836334
2026-08-18 12:55:42,947 INFO Best AUROC test all: 0.7583261747484621, AUPR test all: 0.5377363470343959, AUROC test unknown: 0.5542401031277714, AUPR test unknown: 0.0512356847003418
2026-08-18 12:55:52,548 INFO Epoch: 154, loss: 0.05832909420132637, labeled_loss: 0.020201973617076874, unnlabeled_loss: 0.025176988914608955, mixup_loss: 0.0, energy_loss: 0.25538626313209534
2026-08-18 12:55:52,548 INFO Best AUROC test all: 0.8066249000266597, AUPR test all: 0.42600027437878296, AUROC test unknown: 0.8445579221632438, AUPR test unknown: 0.1735349899247349
2026-08-18 12:55:56,894 INFO Epoch: 153, loss: 0.07959797978401184, labeled_loss: 0.010043025016784668, unnlabeled_loss: 0.09411875903606415, mixup_loss: 0.0, energy_loss: 0.2249557077884674
2026-08-18 12:55:56,894 INFO Best AUROC test all: 0.7583261747484621, AUPR test all: 0.5377363470343959, AUROC test unknown: 0.5542401031277714, AUPR test unknown: 0.0512356847003418
2026-08-18 12:56:05,419 INFO Epoch: 155, loss: 0.0839446410536766, labeled_loss: 0.01989496871829033, unnlabeled_loss: 0.03328040614724159, mixup_loss: 0.0, energy_loss: 0.4740947186946869
2026-08-18 12:56:05,420 INFO Best AUROC test all: 0.8066249000266597, AUPR test all: 0.42600027437878296, AUROC test unknown: 0.8445579221632438, AUPR test unknown: 0.1735349899247349
2026-08-18 12:56:10,377 INFO Epoch: 154, loss: 0.05129949375987053, labeled_loss: 0.0131395123898983, unnlabeled_loss: 0.0936637669801712, mixup_loss: 0.0, energy_loss: -0.08671902865171432
2026-08-18 12:56:10,377 INFO Best AUROC test all: 0.7583261747484621, AUPR test all: 0.5378158495524166, AUROC test unknown: 0.5542401031277714, AUPR test unknown: 0.0512356847003418
2026-08-18 12:56:18,750 INFO Epoch: 156, loss: 0.06582808494567871, labeled_loss: 0.019546305760741234, unnlabeled_loss: 0.027012545615434647, mixup_loss: 0.0, energy_loss: 0.3277550935745239
2026-08-18 12:56:18,750 INFO Best AUROC test all: 0.8066249000266597, AUPR test all: 0.42600027437878296, AUROC test unknown: 0.8445579221632438, AUPR test unknown: 0.1735349899247349
2026-08-18 12:56:23,633 INFO Epoch: 155, loss: 0.05443669855594635, labeled_loss: 0.025577595457434654, unnlabeled_loss: 0.07526668906211853, mixup_loss: 0.0, energy_loss: -0.0877423956990242
2026-08-18 12:56:23,633 INFO Best AUROC test all: 0.76330361286373, AUPR test all: 0.5389552730299413, AUROC test unknown: 0.5641561638540491, AUPR test unknown: 0.05126157218850037
2026-08-18 12:56:31,786 INFO Epoch: 157, loss: 0.07067060470581055, labeled_loss: 0.021468207240104675, unnlabeled_loss: 0.02929350920021534, mixup_loss: 0.0, energy_loss: 0.34555643796920776
2026-08-18 12:56:31,786 INFO Best AUROC test all: 0.8066249000266597, AUPR test all: 0.42600027437878296, AUROC test unknown: 0.8445579221632438, AUPR test unknown: 0.1735349899247349
2026-08-18 12:56:37,062 INFO Epoch: 156, loss: 0.06249776482582092, labeled_loss: 0.014819598756730556, unnlabeled_loss: 0.09371065348386765, mixup_loss: 0.0, energy_loss: 0.008228394202888012
2026-08-18 12:56:37,063 INFO Best AUROC test all: 0.76330361286373, AUPR test all: 0.5389552730299413, AUROC test unknown: 0.5641561638540491, AUPR test unknown: 0.05126157218850037
2026-08-18 12:56:44,264 INFO Epoch: 158, loss: 0.06222742795944214, labeled_loss: 0.01935615949332714, unnlabeled_loss: 0.020440656691789627, mixup_loss: 0.0, energy_loss: 0.3265094459056854
2026-08-18 12:56:44,264 INFO Best AUROC test all: 0.8066249000266597, AUPR test all: 0.42600027437878296, AUROC test unknown: 0.8445579221632438, AUPR test unknown: 0.1735349899247349
2026-08-18 12:56:49,746 INFO Epoch: 157, loss: 0.05302742123603821, labeled_loss: 0.012128457427024841, unnlabeled_loss: 0.09125494211912155, mixup_loss: 0.0, energy_loss: -0.047285083681344986
2026-08-18 12:56:49,746 INFO Best AUROC test all: 0.76330361286373, AUPR test all: 0.5390489180628625, AUROC test unknown: 0.5641561638540491, AUPR test unknown: 0.05239109225599885
2026-08-18 12:56:57,233 INFO Epoch: 159, loss: 0.0731227770447731, labeled_loss: 0.02217324823141098, unnlabeled_loss: 0.030489346012473106, mixup_loss: 0.0, energy_loss: 0.35704854130744934
2026-08-18 12:56:57,233 INFO Best AUROC test all: 0.8066249000266597, AUPR test all: 0.42600027437878296, AUROC test unknown: 0.8445579221632438, AUPR test unknown: 0.1735349899247349
2026-08-18 12:57:02,863 INFO Epoch: 158, loss: 0.014015009626746178, labeled_loss: 0.010719259269535542, unnlabeled_loss: 0.01474622543901205, mixup_loss: 0.0, energy_loss: -0.04077361896634102
2026-08-18 12:57:02,864 INFO Best AUROC test all: 0.76330361286373, AUPR test all: 0.5390489180628625, AUROC test unknown: 0.5641561638540491, AUPR test unknown: 0.05239109225599885
2026-08-18 12:57:10,170 INFO Epoch: 160, loss: 0.06046728417277336, labeled_loss: 0.018062705174088478, unnlabeled_loss: 0.012917153537273407, mixup_loss: 0.0, energy_loss: 0.3594599962234497
2026-08-18 12:57:10,170 INFO Best AUROC test all: 0.8066249000266597, AUPR test all: 0.42600027437878296, AUROC test unknown: 0.8445579221632438, AUPR test unknown: 0.1735349899247349
2026-08-18 12:57:15,453 INFO Epoch: 159, loss: 0.06167132407426834, labeled_loss: 0.011314653791487217, unnlabeled_loss: 0.09720786660909653, mixup_loss: 0.0, energy_loss: 0.017527347430586815
2026-08-18 12:57:15,453 INFO Best AUROC test all: 0.7646294321514262, AUPR test all: 0.5417648940408423, AUROC test unknown: 0.5657282335392745, AUPR test unknown: 0.05258362639716127
2026-08-18 12:57:20,892 INFO Epoch: 161, loss: 0.07265383005142212, labeled_loss: 0.020438503473997116, unnlabeled_loss: 0.04262417554855347, mixup_loss: 0.0, energy_loss: 0.3090324103832245
2026-08-18 12:57:20,892 INFO Best AUROC test all: 0.8066249000266597, AUPR test all: 0.42600027437878296, AUROC test unknown: 0.8445579221632438, AUPR test unknown: 0.1735349899247349
2026-08-18 12:57:26,450 INFO Epoch: 160, loss: 0.017010748386383057, labeled_loss: 0.007578440010547638, unnlabeled_loss: 0.007099309004843235, mixup_loss: 0.0, energy_loss: 0.05882653966546059
2026-08-18 12:57:26,450 INFO Best AUROC test all: 0.7646294321514262, AUPR test all: 0.5417648940408423, AUROC test unknown: 0.5657282335392745, AUPR test unknown: 0.05258362639716127
2026-08-18 12:57:31,837 INFO Epoch: 162, loss: 0.07979314029216766, labeled_loss: 0.023394055664539337, unnlabeled_loss: 0.06072169914841652, mixup_loss: 0.0, energy_loss: 0.26038238406181335
2026-08-18 12:57:31,837 INFO Best AUROC test all: 0.8066249000266597, AUPR test all: 0.42600027437878296, AUROC test unknown: 0.8445579221632438, AUPR test unknown: 0.1735349899247349
2026-08-18 12:57:37,273 INFO Epoch: 161, loss: 0.06601940095424652, labeled_loss: 0.009610957466065884, unnlabeled_loss: 0.08424028754234314, mixup_loss: 0.0, energy_loss: 0.1428830325603485
2026-08-18 12:57:37,273 INFO Best AUROC test all: 0.7646294321514262, AUPR test all: 0.5417648940408423, AUROC test unknown: 0.5657282335392745, AUPR test unknown: 0.05258362639716127
2026-08-18 12:57:43,633 INFO Epoch: 163, loss: 0.06593208760023117, labeled_loss: 0.023598676547408104, unnlabeled_loss: 0.014845536090433598, mixup_loss: 0.0, energy_loss: 0.34910640120506287
2026-08-18 12:57:43,633 INFO Best AUROC test all: 0.8066249000266597, AUPR test all: 0.42600027437878296, AUROC test unknown: 0.8445579221632438, AUPR test unknown: 0.1735349899247349
2026-08-18 12:57:49,278 INFO Epoch: 162, loss: 0.09383547306060791, labeled_loss: 0.007057424634695053, unnlabeled_loss: 0.16609443724155426, mixup_loss: 0.0, energy_loss: 0.037308309227228165
2026-08-18 12:57:49,279 INFO Best AUROC test all: 0.7646294321514262, AUPR test all: 0.5417648940408423, AUROC test unknown: 0.5658572357281503, AUPR test unknown: 0.05258362639716127
2026-08-18 12:57:56,630 INFO Epoch: 164, loss: 0.055439356714487076, labeled_loss: 0.012650614604353905, unnlabeled_loss: 0.013948759064078331, mixup_loss: 0.0, energy_loss: 0.3581435978412628
2026-08-18 12:57:56,630 INFO Best AUROC test all: 0.8066249000266597, AUPR test all: 0.42600027437878296, AUROC test unknown: 0.8445579221632438, AUPR test unknown: 0.1735349899247349
2026-08-18 12:58:02,354 INFO Epoch: 163, loss: 0.033114053308963776, labeled_loss: 0.009263740852475166, unnlabeled_loss: 0.00716650765389204, mixup_loss: 0.0, energy_loss: 0.20267057418823242
2026-08-18 12:58:02,354 INFO Best AUROC test all: 0.7646294321514262, AUPR test all: 0.5417648940408423, AUROC test unknown: 0.5658572357281503, AUPR test unknown: 0.052946221764478885
2026-08-18 12:58:09,711 INFO Epoch: 165, loss: 0.056943707168102264, labeled_loss: 0.01564490608870983, unnlabeled_loss: 0.009656685404479504, mixup_loss: 0.0, energy_loss: 0.36470460891723633
2026-08-18 12:58:09,711 INFO Best AUROC test all: 0.8066249000266597, AUPR test all: 0.42600027437878296, AUROC test unknown: 0.8445579221632438, AUPR test unknown: 0.1735349899247349
2026-08-18 12:58:13,020 INFO Epoch: 164, loss: 0.003915911074727774, labeled_loss: 0.01226760447025299, unnlabeled_loss: 0.011587540619075298, mixup_loss: 0.0, energy_loss: -0.14145463705062866
2026-08-18 12:58:13,021 INFO Best AUROC test all: 0.7679287992337845, AUPR test all: 0.5429352722839472, AUROC test unknown: 0.5728543329477138, AUPR test unknown: 0.053395442269631964
2026-08-18 12:58:23,304 INFO Epoch: 165, loss: 0.015839988365769386, labeled_loss: 0.011375952512025833, unnlabeled_loss: 0.010225423611700535, mixup_loss: 0.0, energy_loss: -0.006486766505986452
2026-08-18 12:58:23,304 INFO Best AUROC test all: 0.7679287992337845, AUPR test all: 0.5429352722839472, AUROC test unknown: 0.5728543329477138, AUPR test unknown: 0.053395442269631964
2026-08-18 12:58:24,979 INFO Epoch: 166, loss: 0.0702422708272934, labeled_loss: 0.017995527014136314, unnlabeled_loss: 0.04641551524400711, mixup_loss: 0.0, energy_loss: 0.29038986563682556
2026-08-18 12:58:24,980 INFO Best AUROC test all: 0.8066249000266597, AUPR test all: 0.42600027437878296, AUROC test unknown: 0.8445579221632438, AUPR test unknown: 0.1735349899247349
2026-08-18 12:58:34,444 INFO Epoch: 166, loss: 0.053701192140579224, labeled_loss: 0.01038819644600153, unnlabeled_loss: 0.09120801836252213, mixup_loss: 0.0, energy_loss: -0.02291015163064003
2026-08-18 12:58:34,444 INFO Best AUROC test all: 0.7681407180307473, AUPR test all: 0.5429352722839472, AUROC test unknown: 0.5728543329477138, AUPR test unknown: 0.053395442269631964
2026-08-18 12:58:39,370 INFO Epoch: 167, loss: 0.07889588177204132, labeled_loss: 0.01762334071099758, unnlabeled_loss: 0.05780799686908722, mixup_loss: 0.0, energy_loss: 0.3236854374408722
2026-08-18 12:58:39,370 INFO Best AUROC test all: 0.8066249000266597, AUPR test all: 0.42600027437878296, AUROC test unknown: 0.8445579221632438, AUPR test unknown: 0.1735349899247349
2026-08-18 12:58:45,361 INFO Epoch: 167, loss: 0.11228615045547485, labeled_loss: 0.007043204270303249, unnlabeled_loss: 0.20769992470741272, mixup_loss: 0.0, energy_loss: 0.013929855078458786
2026-08-18 12:58:45,362 INFO Best AUROC test all: 0.7681407180307473, AUPR test all: 0.5429352722839472, AUROC test unknown: 0.5728543329477138, AUPR test unknown: 0.053395442269631964
2026-08-18 12:58:51,210 INFO Epoch: 168, loss: 0.06866045296192169, labeled_loss: 0.0228696521371603, unnlabeled_loss: 0.027923665940761566, mixup_loss: 0.0, energy_loss: 0.31828972697257996
2026-08-18 12:58:51,210 INFO Best AUROC test all: 0.8066249000266597, AUPR test all: 0.42600027437878296, AUROC test unknown: 0.8445579221632438, AUPR test unknown: 0.1735349899247349
2026-08-18 12:58:57,909 INFO Epoch: 168, loss: 0.08331166207790375, labeled_loss: 0.009468868374824524, unnlabeled_loss: 0.0997401773929596, mixup_loss: 0.0, energy_loss: 0.23972703516483307
2026-08-18 12:58:57,909 INFO Best AUROC test all: 0.7766600511468547, AUPR test all: 0.5439915941981484, AUROC test unknown: 0.5889763699431373, AUPR test unknown: 0.0546175347002609
2026-08-18 12:59:04,228 INFO Epoch: 169, loss: 0.06617938727140427, labeled_loss: 0.024612046778202057, unnlabeled_loss: 0.009290016256272793, mixup_loss: 0.0, energy_loss: 0.36922329664230347
2026-08-18 12:59:04,228 INFO Best AUROC test all: 0.8066249000266597, AUPR test all: 0.42600027437878296, AUROC test unknown: 0.8445579221632438, AUPR test unknown: 0.1735349899247349
2026-08-18 12:59:10,908 INFO Epoch: 169, loss: 0.01926097646355629, labeled_loss: 0.01043421495705843, unnlabeled_loss: 0.015101790428161621, mixup_loss: 0.0, energy_loss: 0.012758653610944748
2026-08-18 12:59:10,908 INFO Best AUROC test all: 0.7766600511468547, AUPR test all: 0.5439915941981484, AUROC test unknown: 0.5889763699431373, AUPR test unknown: 0.0546175347002609
2026-08-18 12:59:17,076 INFO Epoch: 170, loss: 0.064604751765728, labeled_loss: 0.020344605669379234, unnlabeled_loss: 0.018245993182063103, mixup_loss: 0.0, energy_loss: 0.3513714671134949
2026-08-18 12:59:17,076 INFO Best AUROC test all: 0.8066249000266597, AUPR test all: 0.42600027437878296, AUROC test unknown: 0.8445579221632438, AUPR test unknown: 0.1735349899247349
2026-08-18 12:59:23,580 INFO Epoch: 170, loss: 0.02077537588775158, labeled_loss: 0.00792612787336111, unnlabeled_loss: 0.04269525781273842, mixup_loss: 0.0, energy_loss: -0.08498380333185196
2026-08-18 12:59:23,580 INFO Best AUROC test all: 0.7766600511468547, AUPR test all: 0.5451957933021278, AUROC test unknown: 0.5889763699431373, AUPR test unknown: 0.05583709958205946
2026-08-18 12:59:29,210 INFO Epoch: 171, loss: 0.052869413048028946, labeled_loss: 0.013124821707606316, unnlabeled_loss: 0.03205123543739319, mixup_loss: 0.0, energy_loss: 0.23718973994255066
2026-08-18 12:59:29,210 INFO Best AUROC test all: 0.8066249000266597, AUPR test all: 0.42600027437878296, AUROC test unknown: 0.8445579221632438, AUPR test unknown: 0.1735349899247349
2026-08-18 12:59:33,188 INFO Epoch: 171, loss: 0.042560867965221405, labeled_loss: 0.008718888275325298, unnlabeled_loss: 0.08447892218828201, mixup_loss: 0.0, energy_loss: -0.08397479355335236
2026-08-18 12:59:33,189 INFO Best AUROC test all: 0.7766600511468547, AUPR test all: 0.5451957933021278, AUROC test unknown: 0.5889763699431373, AUPR test unknown: 0.05583709958205946
2026-08-18 12:59:39,678 INFO Epoch: 172, loss: 0.08050918579101562, labeled_loss: 0.012485451065003872, unnlabeled_loss: 0.18702849745750427, mixup_loss: 0.0, energy_loss: -0.25490516424179077
2026-08-18 12:59:39,678 INFO Best AUROC test all: 0.7766600511468547, AUPR test all: 0.5451957933021278, AUROC test unknown: 0.5889763699431373, AUPR test unknown: 0.05583709958205946
2026-08-18 12:59:40,390 INFO Epoch: 172, loss: 0.07486838102340698, labeled_loss: 0.016964364796876907, unnlabeled_loss: 0.05621402710676193, mixup_loss: 0.0, energy_loss: 0.2979700565338135
2026-08-18 12:59:40,390 INFO Best AUROC test all: 0.8066249000266597, AUPR test all: 0.42600027437878296, AUROC test unknown: 0.8445579221632438, AUPR test unknown: 0.1735349899247349
2026-08-18 12:59:51,858 INFO Epoch: 173, loss: 0.05285153537988663, labeled_loss: 0.011937604285776615, unnlabeled_loss: 0.08466890454292297, mixup_loss: 0.0, energy_loss: -0.014205223880708218
2026-08-18 12:59:51,859 INFO Best AUROC test all: 0.7766600511468547, AUPR test all: 0.5451957933021278, AUROC test unknown: 0.5889763699431373, AUPR test unknown: 0.05583709958205946
2026-08-18 12:59:53,025 INFO Epoch: 173, loss: 0.07644796371459961, labeled_loss: 0.018217692151665688, unnlabeled_loss: 0.05634905770421028, mixup_loss: 0.0, energy_loss: 0.3005574345588684
2026-08-18 12:59:53,026 INFO Best AUROC test all: 0.8066249000266597, AUPR test all: 0.42600027437878296, AUROC test unknown: 0.8445579221632438, AUPR test unknown: 0.1735349899247349
2026-08-18 13:00:05,054 INFO Epoch: 174, loss: 0.056006282567977905, labeled_loss: 0.006313998717814684, unnlabeled_loss: 0.09804024547338486, mixup_loss: 0.0, energy_loss: 0.006721623707562685
2026-08-18 13:00:05,054 INFO Best AUROC test all: 0.7766600511468547, AUPR test all: 0.5451957933021278, AUROC test unknown: 0.5893159832324898, AUPR test unknown: 0.05583709958205946
2026-08-18 13:00:06,006 INFO Epoch: 174, loss: 0.06877301633358002, labeled_loss: 0.017787033692002296, unnlabeled_loss: 0.040059830993413925, mixup_loss: 0.0, energy_loss: 0.3095606863498688
2026-08-18 13:00:06,007 INFO Best AUROC test all: 0.8066249000266597, AUPR test all: 0.42600027437878296, AUROC test unknown: 0.8445579221632438, AUPR test unknown: 0.1735349899247349
2026-08-18 13:00:18,242 INFO Epoch: 175, loss: 0.05851225554943085, labeled_loss: 0.007699554320424795, unnlabeled_loss: 0.11495300382375717, mixup_loss: 0.0, energy_loss: -0.0666380226612091
2026-08-18 13:00:18,243 INFO Best AUROC test all: 0.7780700455187257, AUPR test all: 0.5476563127446457, AUROC test unknown: 0.5924464825865541, AUPR test unknown: 0.05583709958205946
2026-08-18 13:00:19,133 INFO Epoch: 175, loss: 0.06809842586517334, labeled_loss: 0.015480348840355873, unnlabeled_loss: 0.04543905332684517, mixup_loss: 0.0, energy_loss: 0.29898548126220703
2026-08-18 13:00:19,133 INFO Best AUROC test all: 0.8066249000266597, AUPR test all: 0.42600027437878296, AUROC test unknown: 0.8445579221632438, AUPR test unknown: 0.1735349899247349
2026-08-18 13:00:28,506 INFO Epoch: 176, loss: 0.08886756747961044, labeled_loss: 0.01278760191053152, unnlabeled_loss: 0.1560293734073639, mixup_loss: 0.0, energy_loss: -0.019347181543707848
2026-08-18 13:00:28,506 INFO Best AUROC test all: 0.7830495818399044, AUPR test all: 0.5476563127446457, AUROC test unknown: 0.6003796548289819, AUPR test unknown: 0.05781086052041837
2026-08-18 13:00:32,392 INFO Epoch: 176, loss: 0.07914156466722488, labeled_loss: 0.02156648226082325, unnlabeled_loss: 0.06146266683936119, mixup_loss: 0.0, energy_loss: 0.2684375047683716
2026-08-18 13:00:32,393 INFO Best AUROC test all: 0.8066249000266597, AUPR test all: 0.42600027437878296, AUROC test unknown: 0.8445579221632438, AUPR test unknown: 0.1735349899247349
2026-08-18 13:00:39,433 INFO Epoch: 177, loss: 0.024653984233736992, labeled_loss: 0.014492293819785118, unnlabeled_loss: 0.013443666510283947, mixup_loss: 0.0, energy_loss: 0.03439857065677643
2026-08-18 13:00:39,433 INFO Best AUROC test all: 0.7830495818399044, AUPR test all: 0.5476563127446457, AUROC test unknown: 0.6003796548289819, AUPR test unknown: 0.05781086052041837
2026-08-18 13:00:41,265 INFO Epoch: 177, loss: 0.05293894559144974, labeled_loss: 0.014163201674818993, unnlabeled_loss: 0.012244103476405144, mixup_loss: 0.0, energy_loss: 0.3265369236469269
2026-08-18 13:00:41,265 INFO Best AUROC test all: 0.8066249000266597, AUPR test all: 0.42600027437878296, AUROC test unknown: 0.8445579221632438, AUPR test unknown: 0.1735349899247349
2026-08-18 13:00:52,319 INFO Epoch: 178, loss: 0.08324934542179108, labeled_loss: 0.010048167780041695, unnlabeled_loss: 0.1621798276901245, mixup_loss: 0.0, energy_loss: -0.07888736575841904
2026-08-18 13:00:52,320 INFO Best AUROC test all: 0.7830495818399044, AUPR test all: 0.5479283182954474, AUROC test unknown: 0.6003796548289819, AUPR test unknown: 0.05781086052041837
2026-08-18 13:00:54,556 INFO Epoch: 178, loss: 0.04373478144407272, labeled_loss: 0.017435899004340172, unnlabeled_loss: 0.03852953016757965, mixup_loss: 0.0, energy_loss: 0.07034119218587875
2026-08-18 13:00:54,557 INFO Best AUROC test all: 0.8066249000266597, AUPR test all: 0.4272254534169387, AUROC test unknown: 0.8445579221632438, AUPR test unknown: 0.1735349899247349
2026-08-18 13:01:02,813 INFO Epoch: 179, loss: 0.05707380548119545, labeled_loss: 0.011163085699081421, unnlabeled_loss: 0.10317615419626236, mixup_loss: 0.0, energy_loss: -0.05677356198430061
2026-08-18 13:01:02,813 INFO Best AUROC test all: 0.7830495818399044, AUPR test all: 0.5479283182954474, AUROC test unknown: 0.6003796548289819, AUPR test unknown: 0.05781086052041837
2026-08-18 13:01:07,940 INFO Epoch: 179, loss: 0.06114465743303299, labeled_loss: 0.017230868339538574, unnlabeled_loss: 0.020861489698290825, mixup_loss: 0.0, energy_loss: 0.3348304331302643
2026-08-18 13:01:07,941 INFO Best AUROC test all: 0.8066249000266597, AUPR test all: 0.42750232998731524, AUROC test unknown: 0.8445579221632438, AUPR test unknown: 0.1735349899247349
2026-08-18 13:01:15,636 INFO Epoch: 180, loss: 0.06106740981340408, labeled_loss: 0.010949214920401573, unnlabeled_loss: 0.10310587286949158, mixup_loss: 0.0, energy_loss: -0.014347419142723083
2026-08-18 13:01:15,636 INFO Best AUROC test all: 0.7830495818399044, AUPR test all: 0.5479283182954474, AUROC test unknown: 0.6003796548289819, AUPR test unknown: 0.05781086052041837
2026-08-18 13:01:20,758 INFO Epoch: 180, loss: 0.05927654355764389, labeled_loss: 0.017302975058555603, unnlabeled_loss: 0.031696464866399765, mixup_loss: 0.0, energy_loss: 0.26125335693359375
2026-08-18 13:01:20,758 INFO Best AUROC test all: 0.8066249000266597, AUPR test all: 0.42750232998731524, AUROC test unknown: 0.8445579221632438, AUPR test unknown: 0.1735349899247349
2026-08-18 13:01:27,722 INFO Epoch: 181, loss: 0.01628488302230835, labeled_loss: 0.015727093443274498, unnlabeled_loss: 0.008904694579541683, mixup_loss: 0.0, energy_loss: -0.03894557058811188
2026-08-18 13:01:27,722 INFO Best AUROC test all: 0.7830495818399044, AUPR test all: 0.5479283182954474, AUROC test unknown: 0.6003796548289819, AUPR test unknown: 0.05781086052041837
2026-08-18 13:01:31,766 INFO Epoch: 181, loss: 0.04648754745721817, labeled_loss: 0.012424188666045666, unnlabeled_loss: 0.010416898876428604, mixup_loss: 0.0, energy_loss: 0.28854912519454956
2026-08-18 13:01:31,766 INFO Best AUROC test all: 0.8066249000266597, AUPR test all: 0.42750232998731524, AUROC test unknown: 0.8445579221632438, AUPR test unknown: 0.1735349899247349
2026-08-18 13:01:41,748 INFO Epoch: 182, loss: 0.010677010752260685, labeled_loss: 0.0072639272548258305, unnlabeled_loss: 0.008722574450075626, mixup_loss: 0.0, energy_loss: -0.009482037276029587
2026-08-18 13:01:41,748 INFO Best AUROC test all: 0.7830495818399044, AUPR test all: 0.5479283182954474, AUROC test unknown: 0.6003796548289819, AUPR test unknown: 0.05781086052041837
2026-08-18 13:01:43,577 INFO Epoch: 182, loss: 0.055509258061647415, labeled_loss: 0.01845012605190277, unnlabeled_loss: 0.01298275776207447, mixup_loss: 0.0, energy_loss: 0.30567753314971924
2026-08-18 13:01:43,577 INFO Best AUROC test all: 0.8066249000266597, AUPR test all: 0.42750232998731524, AUROC test unknown: 0.8445579221632438, AUPR test unknown: 0.1735349899247349
2026-08-18 13:01:52,586 INFO Epoch: 183, loss: 0.06756485998630524, labeled_loss: 0.019501039758324623, unnlabeled_loss: 0.07183382660150528, mixup_loss: 0.0, energy_loss: 0.12146912515163422
2026-08-18 13:01:52,586 INFO Best AUROC test all: 0.8066249000266597, AUPR test all: 0.42750232998731524, AUROC test unknown: 0.8445579221632438, AUPR test unknown: 0.1735349899247349
2026-08-18 13:01:53,655 INFO Epoch: 183, loss: 0.08372960239648819, labeled_loss: 0.004705839790403843, unnlabeled_loss: 0.15176261961460114, mixup_loss: 0.0, energy_loss: 0.03142450749874115
2026-08-18 13:01:53,655 INFO Best AUROC test all: 0.7830495818399044, AUPR test all: 0.5479283182954474, AUROC test unknown: 0.6003796548289819, AUPR test unknown: 0.05781086052041837
2026-08-18 13:02:00,592 INFO Epoch: 184, loss: 0.03539995849132538, labeled_loss: 0.014109058305621147, unnlabeled_loss: 0.010969721712172031, mixup_loss: 0.0, energy_loss: 0.15806040167808533
2026-08-18 13:02:00,592 INFO Best AUROC test all: 0.8066249000266597, AUPR test all: 0.42750232998731524, AUROC test unknown: 0.8445579221632438, AUPR test unknown: 0.1735349899247349
2026-08-18 13:02:01,658 INFO Epoch: 184, loss: 0.037632133811712265, labeled_loss: 0.007476801984012127, unnlabeled_loss: 0.004614159464836121, mixup_loss: 0.0, energy_loss: 0.2784825265407562
2026-08-18 13:02:01,658 INFO Best AUROC test all: 0.7830495818399044, AUPR test all: 0.5479283182954474, AUROC test unknown: 0.6003796548289819, AUPR test unknown: 0.05781086052041837
2026-08-18 13:02:08,668 INFO Epoch: 185, loss: 0.06776724755764008, labeled_loss: 0.01539564598351717, unnlabeled_loss: 0.032745566219091415, mixup_loss: 0.0, energy_loss: 0.35998818278312683
2026-08-18 13:02:08,669 INFO Best AUROC test all: 0.8066249000266597, AUPR test all: 0.42750232998731524, AUROC test unknown: 0.8445579221632438, AUPR test unknown: 0.1735349899247349
2026-08-18 13:02:08,681 INFO Epoch: 185, loss: 0.05210617929697037, labeled_loss: 0.006990354973822832, unnlabeled_loss: 0.09573757648468018, mixup_loss: 0.0, energy_loss: -0.027529623359441757
2026-08-18 13:02:08,681 INFO Best AUROC test all: 0.7830495818399044, AUPR test all: 0.549678974013181, AUROC test unknown: 0.6003796548289819, AUPR test unknown: 0.05781086052041837
2026-08-18 13:02:16,835 INFO Epoch: 186, loss: 0.05328402668237686, labeled_loss: 0.018177932128310204, unnlabeled_loss: 0.009789656847715378, mixup_loss: 0.0, energy_loss: 0.3021126389503479
2026-08-18 13:02:16,835 INFO Best AUROC test all: 0.8066249000266597, AUPR test all: 0.42750232998731524, AUROC test unknown: 0.8445579221632438, AUPR test unknown: 0.1735349899247349
2026-08-18 13:02:17,141 INFO Epoch: 186, loss: 0.011461297050118446, labeled_loss: 0.004899008199572563, unnlabeled_loss: 0.0071495287120342255, mixup_loss: 0.0, energy_loss: 0.029875239357352257
2026-08-18 13:02:17,142 INFO Best AUROC test all: 0.7833698668009519, AUPR test all: 0.549678974013181, AUROC test unknown: 0.6028711540933458, AUPR test unknown: 0.0599354512600342
2026-08-18 13:02:24,755 INFO Epoch: 187, loss: 0.06122375279664993, labeled_loss: 0.014234798960387707, unnlabeled_loss: 0.03133765608072281, mixup_loss: 0.0, energy_loss: 0.31320124864578247
2026-08-18 13:02:24,755 INFO Best AUROC test all: 0.8066249000266597, AUPR test all: 0.42750232998731524, AUROC test unknown: 0.8445579221632438, AUPR test unknown: 0.1735349899247349
2026-08-18 13:02:26,394 INFO Epoch: 187, loss: 0.09688393026590347, labeled_loss: 0.006298768799751997, unnlabeled_loss: 0.10708992928266525, mixup_loss: 0.0, energy_loss: 0.37040194869041443
2026-08-18 13:02:26,394 INFO Best AUROC test all: 0.7834663842728359, AUPR test all: 0.549678974013181, AUROC test unknown: 0.6028711540933458, AUPR test unknown: 0.0599354512600342
2026-08-18 13:02:30,254 INFO Epoch: 188, loss: 0.02141488716006279, labeled_loss: 0.007695421576499939, unnlabeled_loss: 0.015960751101374626, mixup_loss: 0.0, energy_loss: 0.057390887290239334
2026-08-18 13:02:30,254 INFO Best AUROC test all: 0.789361849185896, AUPR test all: 0.5520840323325364, AUROC test unknown: 0.6111670582969677, AUPR test unknown: 0.0599354512600342
2026-08-18 13:02:31,292 INFO Epoch: 188, loss: 0.05800076574087143, labeled_loss: 0.01373323891311884, unnlabeled_loss: 0.02760152705013752, mixup_loss: 0.0, energy_loss: 0.3046676218509674
2026-08-18 13:02:31,292 INFO Best AUROC test all: 0.8066249000266597, AUPR test all: 0.42750232998731524, AUROC test unknown: 0.8445579221632438, AUPR test unknown: 0.1735349899247349
2026-08-18 13:02:34,110 INFO Epoch: 189, loss: 0.09861728549003601, labeled_loss: 0.011106220073997974, unnlabeled_loss: 0.15449033677577972, mixup_loss: 0.0, energy_loss: 0.10265891999006271
2026-08-18 13:02:34,110 INFO Best AUROC test all: 0.7909182242759956, AUPR test all: 0.5527575841280267, AUROC test unknown: 0.6161389598632113, AUPR test unknown: 0.0599354512600342
2026-08-18 13:02:37,413 INFO Epoch: 189, loss: 0.07625488191843033, labeled_loss: 0.0174579955637455, unnlabeled_loss: 0.07425837218761444, mixup_loss: 0.0, energy_loss: 0.21667702496051788
2026-08-18 13:02:37,413 INFO Best AUROC test all: 0.8066249000266597, AUPR test all: 0.42750232998731524, AUROC test unknown: 0.8445579221632438, AUPR test unknown: 0.1735349899247349
2026-08-18 13:02:38,432 INFO Epoch: 190, loss: 0.06014637276530266, labeled_loss: 0.016394151374697685, unnlabeled_loss: 0.09353745728731155, mixup_loss: 0.0, energy_loss: -0.030165059491991997
2026-08-18 13:02:38,432 INFO Best AUROC test all: 0.7909182242759956, AUPR test all: 0.5527575841280267, AUROC test unknown: 0.6161389598632113, AUPR test unknown: 0.0599354512600342
2026-08-18 13:02:43,588 INFO Epoch: 191, loss: 0.06231788545846939, labeled_loss: 0.015115655958652496, unnlabeled_loss: 0.08449999243021011, mixup_loss: 0.0, energy_loss: 0.04952232167124748
2026-08-18 13:02:43,588 INFO Best AUROC test all: 0.7909182242759956, AUPR test all: 0.5527575841280267, AUROC test unknown: 0.6161389598632113, AUPR test unknown: 0.0599354512600342
2026-08-18 13:02:45,156 INFO Epoch: 190, loss: 0.06319816410541534, labeled_loss: 0.012914261780679226, unnlabeled_loss: 0.040901198983192444, mixup_loss: 0.0, energy_loss: 0.2983330190181732
2026-08-18 13:02:45,156 INFO Best AUROC test all: 0.8066249000266597, AUPR test all: 0.42750232998731524, AUROC test unknown: 0.8445579221632438, AUPR test unknown: 0.1735349899247349
2026-08-18 13:02:51,258 INFO Epoch: 192, loss: 0.07264773547649384, labeled_loss: 0.01128846500068903, unnlabeled_loss: 0.10394969582557678, mixup_loss: 0.0, energy_loss: 0.09384426474571228
2026-08-18 13:02:51,258 INFO Best AUROC test all: 0.7909182242759956, AUPR test all: 0.5527575841280267, AUROC test unknown: 0.6161389598632113, AUPR test unknown: 0.061927802171891345
2026-08-18 13:02:53,030 INFO Epoch: 191, loss: 0.06941404938697815, labeled_loss: 0.013075034134089947, unnlabeled_loss: 0.04027461260557175, mixup_loss: 0.0, energy_loss: 0.36201709508895874
2026-08-18 13:02:53,030 INFO Best AUROC test all: 0.8066249000266597, AUPR test all: 0.42750232998731524, AUROC test unknown: 0.8445579221632438, AUPR test unknown: 0.1735349899247349
2026-08-18 13:02:57,520 INFO Epoch: 193, loss: 0.04120604321360588, labeled_loss: 0.00796169601380825, unnlabeled_loss: 0.07869025319814682, mixup_loss: 0.0, energy_loss: -0.0610077939927578
2026-08-18 13:02:57,520 INFO Best AUROC test all: 0.7924837327329997, AUPR test all: 0.554244226319673, AUROC test unknown: 0.6176966959718951, AUPR test unknown: 0.061927802171891345
2026-08-18 13:03:00,863 INFO Epoch: 192, loss: 0.06369239091873169, labeled_loss: 0.013121072202920914, unnlabeled_loss: 0.03387327492237091, mixup_loss: 0.0, energy_loss: 0.336346834897995
2026-08-18 13:03:00,863 INFO Best AUROC test all: 0.8066249000266597, AUPR test all: 0.42750232998731524, AUROC test unknown: 0.8445579221632438, AUPR test unknown: 0.1735349899247349
2026-08-18 13:03:04,537 INFO Epoch: 194, loss: 0.05451119691133499, labeled_loss: 0.008774112910032272, unnlabeled_loss: 0.07268178462982178, mixup_loss: 0.0, energy_loss: 0.0939619317650795
2026-08-18 13:03:04,537 INFO Best AUROC test all: 0.7924837327329997, AUPR test all: 0.554244226319673, AUROC test unknown: 0.6176966959718951, AUPR test unknown: 0.061927802171891345
2026-08-18 13:03:08,711 INFO Epoch: 193, loss: 0.07234803587198257, labeled_loss: 0.013116567395627499, unnlabeled_loss: 0.04714121297001839, mixup_loss: 0.0, energy_loss: 0.3566085994243622
2026-08-18 13:03:08,711 INFO Best AUROC test all: 0.8066249000266597, AUPR test all: 0.42750232998731524, AUROC test unknown: 0.8445579221632438, AUPR test unknown: 0.1735349899247349
2026-08-18 13:03:12,866 INFO Epoch: 195, loss: 0.11091058701276779, labeled_loss: 0.015166686847805977, unnlabeled_loss: 0.17791667580604553, mixup_loss: 0.0, energy_loss: 0.06785563379526138
2026-08-18 13:03:12,867 INFO Best AUROC test all: 0.7930100121449095, AUPR test all: 0.554244226319673, AUROC test unknown: 0.6186880246204608, AUPR test unknown: 0.06217561522752639
2026-08-18 13:03:17,043 INFO Epoch: 194, loss: 0.04557976871728897, labeled_loss: 0.016004471108317375, unnlabeled_loss: 0.05543607473373413, mixup_loss: 0.0, energy_loss: 0.018572596833109856
2026-08-18 13:03:17,043 INFO Best AUROC test all: 0.8066249000266597, AUPR test all: 0.42750232998731524, AUROC test unknown: 0.8445579221632438, AUPR test unknown: 0.1735349899247349
2026-08-18 13:03:20,761 INFO Epoch: 196, loss: 0.08586763590574265, labeled_loss: 0.008351958356797695, unnlabeled_loss: 0.14987541735172272, mixup_loss: 0.0, energy_loss: 0.025779666379094124
2026-08-18 13:03:20,761 INFO Best AUROC test all: 0.7977881206986779, AUPR test all: 0.55541328847872, AUROC test unknown: 0.6272551108447841, AUPR test unknown: 0.06217561522752639
2026-08-18 13:03:24,977 INFO Epoch: 195, loss: 0.09797926247119904, labeled_loss: 0.014644207432866096, unnlabeled_loss: 0.09972444921731949, mixup_loss: 0.0, energy_loss: 0.3347283601760864
2026-08-18 13:03:24,977 INFO Best AUROC test all: 0.8066249000266597, AUPR test all: 0.42750232998731524, AUROC test unknown: 0.8445579221632438, AUPR test unknown: 0.1735349899247349
2026-08-18 13:03:28,746 INFO Epoch: 197, loss: 0.05644324794411659, labeled_loss: 0.008410720154643059, unnlabeled_loss: 0.11025838553905487, mixup_loss: 0.0, energy_loss: -0.07096665352582932
2026-08-18 13:03:28,746 INFO Best AUROC test all: 0.7992711820057862, AUPR test all: 0.5556697005454844, AUROC test unknown: 0.6305180801885004, AUPR test unknown: 0.06217561522752639
2026-08-18 13:03:32,974 INFO Epoch: 196, loss: 0.09493891894817352, labeled_loss: 0.014439145103096962, unnlabeled_loss: 0.09837543219327927, mixup_loss: 0.0, energy_loss: 0.31312063336372375
2026-08-18 13:03:32,974 INFO Best AUROC test all: 0.8066249000266597, AUPR test all: 0.42750232998731524, AUROC test unknown: 0.8445579221632438, AUPR test unknown: 0.1735349899247349
2026-08-18 13:03:36,501 INFO Epoch: 198, loss: 0.08030418306589127, labeled_loss: 0.010398107580840588, unnlabeled_loss: 0.15202228724956512, mixup_loss: 0.0, energy_loss: -0.06105070933699608
2026-08-18 13:03:36,501 INFO Best AUROC test all: 0.8034472288871116, AUPR test all: 0.5589124936897071, AUROC test unknown: 0.6384910165464959, AUPR test unknown: 0.06447696804967346
2026-08-18 13:03:39,971 INFO Epoch: 199, loss: 0.05775832384824753, labeled_loss: 0.01553361676633358, unnlabeled_loss: 0.09921921789646149, mixup_loss: 0.0, energy_loss: -0.07384903728961945
2026-08-18 13:03:39,971 INFO Best AUROC test all: 0.8034472288871116, AUPR test all: 0.5589124936897071, AUROC test unknown: 0.6384910165464959, AUPR test unknown: 0.06447696804967346
2026-08-18 13:03:41,194 INFO Epoch: 197, loss: 0.07569782435894012, labeled_loss: 0.01888863556087017, unnlabeled_loss: 0.05940130352973938, mixup_loss: 0.0, energy_loss: 0.2710854113101959
2026-08-18 13:03:41,194 INFO Best AUROC test all: 0.8066249000266597, AUPR test all: 0.42750232998731524, AUROC test unknown: 0.8445579221632438, AUPR test unknown: 0.1735349899247349
2026-08-18 13:03:48,085 INFO Epoch: 198, loss: 0.07783955335617065, labeled_loss: 0.015618862584233284, unnlabeled_loss: 0.056317802518606186, mixup_loss: 0.0, energy_loss: 0.340617835521698
2026-08-18 13:03:48,085 INFO Best AUROC test all: 0.8066249000266597, AUPR test all: 0.43130384837801006, AUROC test unknown: 0.8445579221632438, AUPR test unknown: 0.1735349899247349
2026-08-18 13:03:55,192 INFO Epoch: 199, loss: 0.0406341589987278, labeled_loss: 0.011830473318696022, unnlabeled_loss: 0.021802227944135666, mixup_loss: 0.0, energy_loss: 0.17902570962905884
2026-08-18 13:03:55,192 INFO Best AUROC test all: 0.8066249000266597, AUPR test all: 0.43130384837801006, AUROC test unknown: 0.8445579221632438, AUPR test unknown: 0.1735349899247349
