2026-08-10 21:57:09,445 INFO cli={'dataset': 'photo', 'method': 'outpost', 'seed': 42, 'train_seed': None, 'epochs': None, 'set': ['lambda_un=0.5'], 'tag': 'T_lambda_un0.5', 'rotations': None}
2026-08-10 21:57:09,445 INFO config={'alpha_plus': 0.05, 'alpha_r': 0.1, 'atlas_gate_q': 0.9, 'batch_size': 512, 'hidden_dim': 64, 'lambda_halo': 0.2, 'lambda_mixup': 0.2, 'lambda_un': 0.5, 'lr': 0.001, 'margin': 0.1, 'n_layers': 2, 'optimiser': 'adam', 'sampling_sizes': [25, 10], 'tau_minus': 0.05, 'tau_mu': 0.05, 'tau_plus': 0.95, 'use_atlas_gate': True, 'use_conformal': True, 'use_pl': True, 'version': 4, 'weight_decay': 0.0005, 'K_p': 8, 'drop_out': 0.5, 'input_dim': 745, 'num_epochs': 200, 'use_atlas_loss': True, 'use_halo': True, 'use_mixup': True, 'warmup_epochs': 5, 'sim_topk_frac': 0.0, 'use_fview_gate': False, 'use_hybrid': False}
2026-08-10 21:57:09,445 INFO cli={'dataset': 'photo', 'method': 'demo', 'seed': 42, 'train_seed': None, 'epochs': None, 'set': ['energy_loss=false'], 'tag': 'E_demo_noenergy', 'rotations': None}
2026-08-10 21:57:09,445 INFO config={'alpha_plus': 0.05, 'alpha_r': 0.1, 'atlas_gate_q': 0.9, 'batch_size': 512, 'hidden_dim': 64, 'lambda_halo': 0.2, 'lambda_mixup': 0.2, 'lambda_un': 1.0, 'lr': 0.001, 'margin': 0.1, 'n_layers': 2, 'optimiser': 'adam', 'sampling_sizes': [25, 10], 'tau_minus': 0.05, 'tau_mu': 0.05, 'tau_plus': 0.95, 'use_atlas_gate': True, 'use_conformal': True, 'use_pl': True, 'version': 4, 'weight_decay': 0.0001, 'loss': 'bce', 'num_epochs': 200, 'ebd_dim': 64, 'drop_out': 0.5, 'gamma': 0.1, 'damping': 0.001, 'p_cutoff': [0.05, 0.95], 'unlabeled_loss': 0.5, 'mixup_loss': 0.1, 'energy_loss_weight': 0.1, 'used_unlabeled_data': True, 'energy_loss': False, 'mixup': False, 'thresh_warmup': True, 'used_augment_for_anormaly': True, 'batch_size_for_anormaly': 20, 'sample_size_for_anormaly': 25, 'div_loss_alpha': 0.5, 'mixup_loss_type': 'consistency', 'device': 0, 'input_dim': 745}
2026-08-10 21:57:12,612 INFO [OUTPOST-v4] epoch 0 cur={'auroc_all': 0.6011443861883744, 'aupr_all': 0.11869998862638448, 'auroc_unknown': 0.38985571174530254, 'aupr_unknown': 0.03561900872144353, 'val_auc': 0.8256038647342996} best={'auroc_all': 0.6011443861883744, 'aupr_all': 0.11869998862638448, 'auroc_unknown': 0.38985571174530254, 'aupr_unknown': 0.03561900872144353}
2026-08-10 21:57:13,162 INFO [OUTPOST-v4] epoch 1 cur={'auroc_all': 0.6085785765771103, 'aupr_all': 0.12072542195462438, 'auroc_unknown': 0.4033935436022774, 'aupr_unknown': 0.03643863884280337, 'val_auc': 0.8246376811594203} best={'auroc_all': 0.6085785765771103, 'aupr_all': 0.12072542195462438, 'auroc_unknown': 0.4033935436022774, 'aupr_unknown': 0.03643863884280337}
2026-08-10 21:57:13,855 INFO [OUTPOST-v4] epoch 2 cur={'auroc_all': 0.6079292435597421, 'aupr_all': 0.12023840339624003, 'auroc_unknown': 0.40367096766437605, 'aupr_unknown': 0.03650615515137124, 'val_auc': 0.8415458937198067} best={'auroc_all': 0.6085785765771103, 'aupr_all': 0.12072542195462438, 'auroc_unknown': 0.40367096766437605, 'aupr_unknown': 0.03650615515137124}
2026-08-10 21:57:14,537 INFO Epoch: 0, loss: 0.6796095371246338, labeled_loss: 0.6796095371246338, unnlabeled_loss: 0.0, mixup_loss: 0.0, energy_loss: 0.0
2026-08-10 21:57:14,537 INFO Best AUROC test all: 0.6161286619864332, AUPR test all: 0.12529249421807134, AUROC test unknown: 0.4199899757438895, AUPR test unknown: 0.03739919937176649
2026-08-10 21:57:14,589 INFO [OUTPOST-v4] epoch 3 cur={'auroc_all': 0.6086309083009963, 'aupr_all': 0.12116154912840124, 'auroc_unknown': 0.4025714436315919, 'aupr_unknown': 0.03637986728927394, 'val_auc': 0.8347826086956521} best={'auroc_all': 0.6086309083009963, 'aupr_all': 0.12116154912840124, 'auroc_unknown': 0.40367096766437605, 'aupr_unknown': 0.03650615515137124}
2026-08-10 21:57:15,212 INFO [OUTPOST-v4] epoch 4 cur={'auroc_all': 0.6122824037046911, 'aupr_all': 0.1243592567345671, 'auroc_unknown': 0.40449954086317724, 'aupr_unknown': 0.0365058923030739, 'val_auc': 0.8367149758454107} best={'auroc_all': 0.6122824037046911, 'aupr_all': 0.1243592567345671, 'auroc_unknown': 0.40449954086317724, 'aupr_unknown': 0.03650615515137124}
2026-08-10 21:57:16,700 INFO Epoch: 1, loss: 0.5207850933074951, labeled_loss: 0.5207850933074951, unnlabeled_loss: 0.0, mixup_loss: 0.0, energy_loss: 0.0
2026-08-10 21:57:16,700 INFO Best AUROC test all: 0.6161286619864332, AUPR test all: 0.12529249421807134, AUROC test unknown: 0.42667473970687375, AUPR test unknown: 0.037826618091569904
2026-08-10 21:57:17,790 INFO [OUTPOST-v4] epoch 5 cur={'auroc_all': 0.6141573358215586, 'aupr_all': 0.1264117477324584, 'auroc_unknown': 0.4032518261438887, 'aupr_unknown': 0.03644389379099408, 'val_auc': 0.8347826086956521} best={'auroc_all': 0.6141573358215586, 'aupr_all': 0.1264117477324584, 'auroc_unknown': 0.40449954086317724, 'aupr_unknown': 0.03650615515137124}
2026-08-10 21:57:18,699 INFO Epoch: 2, loss: 0.40342000126838684, labeled_loss: 0.40342000126838684, unnlabeled_loss: 0.0, mixup_loss: 0.0, energy_loss: 0.0
2026-08-10 21:57:18,699 INFO Best AUROC test all: 0.6161286619864332, AUPR test all: 0.12529249421807134, AUROC test unknown: 0.42667473970687375, AUPR test unknown: 0.037826618091569904
2026-08-10 21:57:20,285 INFO [OUTPOST-v4] epoch 6 cur={'auroc_all': 0.6156021357267691, 'aupr_all': 0.12841818077871314, 'auroc_unknown': 0.3987848363706645, 'aupr_unknown': 0.036228628318245526, 'val_auc': 0.8415458937198068} best={'auroc_all': 0.6156021357267691, 'aupr_all': 0.12841818077871314, 'auroc_unknown': 0.40449954086317724, 'aupr_unknown': 0.03650615515137124}
2026-08-10 21:57:21,103 INFO Epoch: 3, loss: 0.34424519538879395, labeled_loss: 0.34424519538879395, unnlabeled_loss: 0.0, mixup_loss: 0.0, energy_loss: 0.0
2026-08-10 21:57:21,103 INFO Best AUROC test all: 0.6161286619864332, AUPR test all: 0.12529249421807134, AUROC test unknown: 0.42667473970687375, AUPR test unknown: 0.037826618091569904
2026-08-10 21:57:22,748 INFO [OUTPOST-v4] epoch 7 cur={'auroc_all': 0.6161027429722444, 'aupr_all': 0.13030696086788496, 'auroc_unknown': 0.39924073657937975, 'aupr_unknown': 0.03620639710499834, 'val_auc': 0.8478260869565217} best={'auroc_all': 0.6161027429722444, 'aupr_all': 0.13030696086788496, 'auroc_unknown': 0.40449954086317724, 'aupr_unknown': 0.03650615515137124}
2026-08-10 21:57:23,376 INFO Epoch: 4, loss: 0.35377269983291626, labeled_loss: 0.35377269983291626, unnlabeled_loss: 0.0, mixup_loss: 0.0, energy_loss: 0.0
2026-08-10 21:57:23,377 INFO Best AUROC test all: 0.6161286619864332, AUPR test all: 0.12529249421807134, AUROC test unknown: 0.42667473970687375, AUPR test unknown: 0.037826618091569904
2026-08-10 21:57:25,268 INFO [OUTPOST-v4] epoch 8 cur={'auroc_all': 0.6266693079376363, 'aupr_all': 0.13486981201668774, 'auroc_unknown': 0.4112980486916219, 'aupr_unknown': 0.03688353105241067, 'val_auc': 0.8637681159420291} best={'auroc_all': 0.6266693079376363, 'aupr_all': 0.13486981201668774, 'auroc_unknown': 0.4112980486916219, 'aupr_unknown': 0.03688353105241067}
2026-08-10 21:57:25,826 INFO Epoch: 5, loss: 0.3822762668132782, labeled_loss: 0.3822762668132782, unnlabeled_loss: 0.0, mixup_loss: 0.0, energy_loss: 0.0
2026-08-10 21:57:25,826 INFO Best AUROC test all: 0.6227457863088361, AUPR test all: 0.12838382686127187, AUROC test unknown: 0.42667473970687375, AUPR test unknown: 0.037826618091569904
2026-08-10 21:57:27,700 INFO [OUTPOST-v4] epoch 9 cur={'auroc_all': 0.6283687313012826, 'aupr_all': 0.1405280961809753, 'auroc_unknown': 0.4046137471020745, 'aupr_unknown': 0.036533723260251, 'val_auc': 0.8840579710144928} best={'auroc_all': 0.6283687313012826, 'aupr_all': 0.1405280961809753, 'auroc_unknown': 0.4112980486916219, 'aupr_unknown': 0.03688353105241067}
2026-08-10 21:57:28,210 INFO Epoch: 6, loss: 0.4012696146965027, labeled_loss: 0.3872988820075989, unnlabeled_loss: 0.027941465377807617, mixup_loss: 0.0, energy_loss: 0.0
2026-08-10 21:57:28,210 INFO Best AUROC test all: 0.6227457863088361, AUPR test all: 0.12947813138224123, AUROC test unknown: 0.42667473970687375, AUPR test unknown: 0.037826618091569904
2026-08-10 21:57:30,341 INFO [OUTPOST-v4] epoch 10 cur={'auroc_all': 0.6259240745677697, 'aupr_all': 0.14692109452392096, 'auroc_unknown': 0.3900584624973529, 'aupr_unknown': 0.03564686792441315, 'val_auc': 0.8859903381642512} best={'auroc_all': 0.6283687313012826, 'aupr_all': 0.14692109452392096, 'auroc_unknown': 0.4112980486916219, 'aupr_unknown': 0.03688353105241067}
2026-08-10 21:57:30,495 INFO Epoch: 7, loss: 0.3993455469608307, labeled_loss: 0.3872033953666687, unnlabeled_loss: 0.02428429387509823, mixup_loss: 0.0, energy_loss: 0.0
2026-08-10 21:57:30,495 INFO Best AUROC test all: 0.6266435123473246, AUPR test all: 0.13422644862121513, AUROC test unknown: 0.42667473970687375, AUPR test unknown: 0.037826618091569904
2026-08-10 21:57:32,914 INFO [OUTPOST-v4] epoch 11 cur={'auroc_all': 0.6280532598714417, 'aupr_all': 0.15108330136684642, 'auroc_unknown': 0.38684889728559047, 'aupr_unknown': 0.03562889323481325, 'val_auc': 0.8961352657004832} best={'auroc_all': 0.6283687313012826, 'aupr_all': 0.15108330136684642, 'auroc_unknown': 0.4112980486916219, 'aupr_unknown': 0.03688353105241067}
2026-08-10 21:57:32,927 INFO Epoch: 8, loss: 0.38276034593582153, labeled_loss: 0.37103214859962463, unnlabeled_loss: 0.023456379771232605, mixup_loss: 0.0, energy_loss: 0.0
2026-08-10 21:57:32,927 INFO Best AUROC test all: 0.6269219566140387, AUPR test all: 0.13588714843392868, AUROC test unknown: 0.42667473970687375, AUPR test unknown: 0.037826618091569904
2026-08-10 21:57:35,161 INFO Epoch: 9, loss: 0.36963561177253723, labeled_loss: 0.35730740427970886, unnlabeled_loss: 0.0246563870459795, mixup_loss: 0.0, energy_loss: 0.0
2026-08-10 21:57:35,161 INFO Best AUROC test all: 0.6335598161477927, AUPR test all: 0.14031137739903168, AUROC test unknown: 0.42667473970687375, AUPR test unknown: 0.037826618091569904
2026-08-10 21:57:35,310 INFO [OUTPOST-v4] epoch 12 cur={'auroc_all': 0.6248530021623864, 'aupr_all': 0.1555399054028882, 'auroc_unknown': 0.37509628926822014, 'aupr_unknown': 0.0349797447944128, 'val_auc': 0.9096618357487923} best={'auroc_all': 0.6283687313012826, 'aupr_all': 0.1555399054028882, 'auroc_unknown': 0.4112980486916219, 'aupr_unknown': 0.03688353105241067}
2026-08-10 21:57:37,602 INFO Epoch: 10, loss: 0.344295471906662, labeled_loss: 0.3339548408985138, unnlabeled_loss: 0.020681265741586685, mixup_loss: 0.0, energy_loss: 0.0
2026-08-10 21:57:37,602 INFO Best AUROC test all: 0.6349358689534642, AUPR test all: 0.1458730875348271, AUROC test unknown: 0.42667473970687375, AUPR test unknown: 0.037826618091569904
2026-08-10 21:57:37,681 INFO [OUTPOST-v4] epoch 13 cur={'auroc_all': 0.6281381754988793, 'aupr_all': 0.16260740651153985, 'auroc_unknown': 0.3760036971380009, 'aupr_unknown': 0.035057754022994096, 'val_auc': 0.9140096618357488} best={'auroc_all': 0.6283687313012826, 'aupr_all': 0.16260740651153985, 'auroc_unknown': 0.4112980486916219, 'aupr_unknown': 0.03688353105241067}
2026-08-10 21:57:40,013 INFO Epoch: 11, loss: 0.335430771112442, labeled_loss: 0.32924067974090576, unnlabeled_loss: 0.012380189262330532, mixup_loss: 0.0, energy_loss: 0.0
2026-08-10 21:57:40,014 INFO Best AUROC test all: 0.6369475547261471, AUPR test all: 0.1481778833211571, AUROC test unknown: 0.42667473970687375, AUPR test unknown: 0.037826618091569904
2026-08-10 21:57:40,023 INFO [OUTPOST-v4] epoch 14 cur={'auroc_all': 0.6349278464014534, 'aupr_all': 0.1711918588694744, 'auroc_unknown': 0.3828544531648075, 'aupr_unknown': 0.035346294039402044, 'val_auc': 0.9149758454106282} best={'auroc_all': 0.6349278464014534, 'aupr_all': 0.1711918588694744, 'auroc_unknown': 0.4112980486916219, 'aupr_unknown': 0.03688353105241067}
2026-08-10 21:57:42,643 INFO [OUTPOST-v4] epoch 15 cur={'auroc_all': 0.6413272510046704, 'aupr_all': 0.17329835011665606, 'auroc_unknown': 0.39407463816966704, 'aupr_unknown': 0.03599241610765599, 'val_auc': 0.9154589371980677} best={'auroc_all': 0.6413272510046704, 'aupr_all': 0.17329835011665606, 'auroc_unknown': 0.4112980486916219, 'aupr_unknown': 0.03688353105241067}
2026-08-10 21:57:42,655 INFO Epoch: 12, loss: 0.3281124234199524, labeled_loss: 0.32429230213165283, unnlabeled_loss: 0.007640224881470203, mixup_loss: 0.0, energy_loss: 0.0
2026-08-10 21:57:42,655 INFO Best AUROC test all: 0.6455727855287973, AUPR test all: 0.15459303645686173, AUROC test unknown: 0.42667473970687375, AUPR test unknown: 0.037826618091569904
2026-08-10 21:57:45,266 INFO [OUTPOST-v4] epoch 16 cur={'auroc_all': 0.6421659162494939, 'aupr_all': 0.17522808871590656, 'auroc_unknown': 0.39381778972550735, 'aupr_unknown': 0.035964005209168676, 'val_auc': 0.918840579710145} best={'auroc_all': 0.6421659162494939, 'aupr_all': 0.17522808871590656, 'auroc_unknown': 0.4112980486916219, 'aupr_unknown': 0.03688353105241067}
2026-08-10 21:57:45,285 INFO Epoch: 13, loss: 0.33076542615890503, labeled_loss: 0.3290034234523773, unnlabeled_loss: 0.003524016821756959, mixup_loss: 0.0, energy_loss: 0.0
2026-08-10 21:57:45,285 INFO Best AUROC test all: 0.6455727855287973, AUPR test all: 0.15747372778683538, AUROC test unknown: 0.42667473970687375, AUPR test unknown: 0.037826618091569904
2026-08-10 21:57:47,674 INFO Epoch: 14, loss: 0.32771509885787964, labeled_loss: 0.3265765607357025, unnlabeled_loss: 0.002277055522426963, mixup_loss: 0.0, energy_loss: 0.0
2026-08-10 21:57:47,675 INFO Best AUROC test all: 0.6455727855287973, AUPR test all: 0.16281504210023043, AUROC test unknown: 0.42667473970687375, AUPR test unknown: 0.037826618091569904
2026-08-10 21:57:47,894 INFO [OUTPOST-v4] epoch 17 cur={'auroc_all': 0.642163200924198, 'aupr_all': 0.17524012553449006, 'auroc_unknown': 0.39376577271386387, 'aupr_unknown': 0.03593340507170377, 'val_auc': 0.9241545893719807} best={'auroc_all': 0.6421659162494939, 'aupr_all': 0.17524012553449006, 'auroc_unknown': 0.4112980486916219, 'aupr_unknown': 0.03688353105241067}
2026-08-10 21:57:49,958 INFO Epoch: 15, loss: 0.32635819911956787, labeled_loss: 0.3252171277999878, unnlabeled_loss: 0.0022821221500635147, mixup_loss: 0.0, energy_loss: 0.0
2026-08-10 21:57:49,958 INFO Best AUROC test all: 0.6455727855287973, AUPR test all: 0.16406170696085115, AUROC test unknown: 0.42667473970687375, AUPR test unknown: 0.037826618091569904
2026-08-10 21:57:50,519 INFO [OUTPOST-v4] epoch 18 cur={'auroc_all': 0.6467954224552466, 'aupr_all': 0.1785854402976027, 'auroc_unknown': 0.4011251395211846, 'aupr_unknown': 0.03633741270207363, 'val_auc': 0.9251207729468598} best={'auroc_all': 0.6467954224552466, 'aupr_all': 0.1785854402976027, 'auroc_unknown': 0.4112980486916219, 'aupr_unknown': 0.03688353105241067}
2026-08-10 21:57:52,340 INFO Epoch: 16, loss: 0.32219618558883667, labeled_loss: 0.31931716203689575, unnlabeled_loss: 0.005758041515946388, mixup_loss: 0.0, energy_loss: 0.0
2026-08-10 21:57:52,340 INFO Best AUROC test all: 0.6455727855287973, AUPR test all: 0.164369509857052, AUROC test unknown: 0.42667473970687375, AUPR test unknown: 0.037826618091569904
2026-08-10 21:57:53,183 INFO [OUTPOST-v4] epoch 19 cur={'auroc_all': 0.6498557174876823, 'aupr_all': 0.182964984602898, 'auroc_unknown': 0.40346174368421006, 'aupr_unknown': 0.03650038211497538, 'val_auc': 0.9241545893719808} best={'auroc_all': 0.6498557174876823, 'aupr_all': 0.182964984602898, 'auroc_unknown': 0.4112980486916219, 'aupr_unknown': 0.03688353105241067}
2026-08-10 21:57:54,568 INFO Epoch: 17, loss: 0.3156697750091553, labeled_loss: 0.31191080808639526, unnlabeled_loss: 0.007517945487052202, mixup_loss: 0.0, energy_loss: 0.0
2026-08-10 21:57:54,568 INFO Best AUROC test all: 0.6469420500212288, AUPR test all: 0.16589405372448665, AUROC test unknown: 0.42667473970687375, AUPR test unknown: 0.037826618091569904
2026-08-10 21:57:55,697 INFO [OUTPOST-v4] epoch 20 cur={'auroc_all': 0.653618788076266, 'aupr_all': 0.1875734511464507, 'auroc_unknown': 0.40840867708486495, 'aupr_unknown': 0.03678673274831975, 'val_auc': 0.9246376811594204} best={'auroc_all': 0.653618788076266, 'aupr_all': 0.1875734511464507, 'auroc_unknown': 0.4112980486916219, 'aupr_unknown': 0.03688353105241067}
2026-08-10 21:57:57,073 INFO Epoch: 18, loss: 0.30887550115585327, labeled_loss: 0.30400940775871277, unnlabeled_loss: 0.009732183068990707, mixup_loss: 0.0, energy_loss: 0.0
2026-08-10 21:57:57,073 INFO Best AUROC test all: 0.6469582185491276, AUPR test all: 0.16622049224131785, AUROC test unknown: 0.42667473970687375, AUPR test unknown: 0.037826618091569904
2026-08-10 21:57:58,416 INFO [OUTPOST-v4] epoch 21 cur={'auroc_all': 0.6562045183012924, 'aupr_all': 0.18986949226451236, 'auroc_unknown': 0.41292352250880127, 'aupr_unknown': 0.037096067227018685, 'val_auc': 0.9265700483091788} best={'auroc_all': 0.6562045183012924, 'aupr_all': 0.18986949226451236, 'auroc_unknown': 0.41292352250880127, 'aupr_unknown': 0.037096067227018685}
2026-08-10 21:57:59,461 INFO Epoch: 19, loss: 0.3069743812084198, labeled_loss: 0.29755088686943054, unnlabeled_loss: 0.01884700171649456, mixup_loss: 0.0, energy_loss: 0.0
2026-08-10 21:57:59,461 INFO Best AUROC test all: 0.6472419700425566, AUPR test all: 0.16709646393360184, AUROC test unknown: 0.42667473970687375, AUPR test unknown: 0.037826618091569904
2026-08-10 21:58:00,802 INFO [OUTPOST-v4] epoch 22 cur={'auroc_all': 0.6545110192837464, 'aupr_all': 0.19466782577252434, 'auroc_unknown': 0.40830972916938313, 'aupr_unknown': 0.0367803435843805, 'val_auc': 0.9241545893719806} best={'auroc_all': 0.6562045183012924, 'aupr_all': 0.19466782577252434, 'auroc_unknown': 0.41292352250880127, 'aupr_unknown': 0.037096067227018685}
2026-08-10 21:58:01,741 INFO Epoch: 20, loss: 0.3057440221309662, labeled_loss: 0.292012482881546, unnlabeled_loss: 0.027463069185614586, mixup_loss: 0.0, energy_loss: 0.0
2026-08-10 21:58:01,741 INFO Best AUROC test all: 0.6488329038182411, AUPR test all: 0.1673964876026845, AUROC test unknown: 0.42667473970687375, AUPR test unknown: 0.037826618091569904
2026-08-10 21:58:03,339 INFO [OUTPOST-v4] epoch 23 cur={'auroc_all': 0.6493695508358265, 'aupr_all': 0.1960563171279026, 'auroc_unknown': 0.3982126492425861, 'aupr_unknown': 0.03615827553207156, 'val_auc': 0.9246376811594204} best={'auroc_all': 0.6562045183012924, 'aupr_all': 0.1960563171279026, 'auroc_unknown': 0.41292352250880127, 'aupr_unknown': 0.037096067227018685}
2026-08-10 21:58:03,817 INFO Epoch: 21, loss: 0.3130356967449188, labeled_loss: 0.298137366771698, unnlabeled_loss: 0.02979665994644165, mixup_loss: 0.0, energy_loss: 0.0
2026-08-10 21:58:03,817 INFO Best AUROC test all: 0.6488329038182411, AUPR test all: 0.1673964876026845, AUROC test unknown: 0.42667473970687375, AUPR test unknown: 0.037826618091569904
2026-08-10 21:58:05,839 INFO [OUTPOST-v4] epoch 24 cur={'auroc_all': 0.6544384460440179, 'aupr_all': 0.20272438449804348, 'auroc_unknown': 0.40462114507706376, 'aupr_unknown': 0.036526606434759024, 'val_auc': 0.9328502415458937} best={'auroc_all': 0.6562045183012924, 'aupr_all': 0.20272438449804348, 'auroc_unknown': 0.41292352250880127, 'aupr_unknown': 0.037096067227018685}
2026-08-10 21:58:06,114 INFO Epoch: 22, loss: 0.3156709671020508, labeled_loss: 0.2992917001247406, unnlabeled_loss: 0.03275853395462036, mixup_loss: 0.0, energy_loss: 0.0
2026-08-10 21:58:06,114 INFO Best AUROC test all: 0.6530823879064349, AUPR test all: 0.16889199285084433, AUROC test unknown: 0.42667473970687375, AUPR test unknown: 0.037826618091569904
2026-08-10 21:58:08,350 INFO [OUTPOST-v4] epoch 25 cur={'auroc_all': 0.6568160836122713, 'aupr_all': 0.20343602228773017, 'auroc_unknown': 0.40801473491668494, 'aupr_unknown': 0.03673402634992518, 'val_auc': 0.9280193236714976} best={'auroc_all': 0.6568160836122713, 'aupr_all': 0.20343602228773017, 'auroc_unknown': 0.41292352250880127, 'aupr_unknown': 0.037096067227018685}
2026-08-10 21:58:08,547 INFO Epoch: 23, loss: 0.3066513240337372, labeled_loss: 0.29105624556541443, unnlabeled_loss: 0.0311901792883873, mixup_loss: 0.0, energy_loss: 0.0
2026-08-10 21:58:08,547 INFO Best AUROC test all: 0.6531608854922639, AUPR test all: 0.17054675596416297, AUROC test unknown: 0.42667473970687375, AUPR test unknown: 0.037826618091569904
2026-08-10 21:58:10,707 INFO Epoch: 24, loss: 0.3061208724975586, labeled_loss: 0.2922631502151489, unnlabeled_loss: 0.02771543525159359, mixup_loss: 0.0, energy_loss: 0.0
2026-08-10 21:58:10,707 INFO Best AUROC test all: 0.6531608854922639, AUPR test all: 0.17414923882008648, AUROC test unknown: 0.42667473970687375, AUPR test unknown: 0.037826618091569904
2026-08-10 21:58:10,849 INFO [OUTPOST-v4] epoch 26 cur={'auroc_all': 0.6571047720607838, 'aupr_all': 0.20293229909702898, 'auroc_unknown': 0.40927978863985454, 'aupr_unknown': 0.03680003583078957, 'val_auc': 0.933816425120773} best={'auroc_all': 0.6571047720607838, 'aupr_all': 0.20343602228773017, 'auroc_unknown': 0.41292352250880127, 'aupr_unknown': 0.037096067227018685}
2026-08-10 21:58:13,005 INFO Epoch: 25, loss: 0.2988453209400177, labeled_loss: 0.28336167335510254, unnlabeled_loss: 0.030967313796281815, mixup_loss: 0.0, energy_loss: 0.0
2026-08-10 21:58:13,005 INFO Best AUROC test all: 0.6531608854922639, AUPR test all: 0.17669530874526895, AUROC test unknown: 0.42667473970687375, AUPR test unknown: 0.037826618091569904
2026-08-10 21:58:13,394 INFO [OUTPOST-v4] epoch 27 cur={'auroc_all': 0.6526465781964316, 'aupr_all': 0.20640083535731113, 'auroc_unknown': 0.40070530444054203, 'aupr_unknown': 0.036252476411123266, 'val_auc': 0.9367149758454106} best={'auroc_all': 0.6571047720607838, 'aupr_all': 0.20640083535731113, 'auroc_unknown': 0.41292352250880127, 'aupr_unknown': 0.037096067227018685}
2026-08-10 21:58:15,767 INFO [OUTPOST-v4] epoch 28 cur={'auroc_all': 0.6545691519298558, 'aupr_all': 0.20596570626047145, 'auroc_unknown': 0.40448705678038277, 'aupr_unknown': 0.036498930570574246, 'val_auc': 0.9367149758454106} best={'auroc_all': 0.6571047720607838, 'aupr_all': 0.20640083535731113, 'auroc_unknown': 0.41292352250880127, 'aupr_unknown': 0.037096067227018685}
2026-08-10 21:58:15,783 INFO Epoch: 26, loss: 0.299983948469162, labeled_loss: 0.2854198217391968, unnlabeled_loss: 0.029128270223736763, mixup_loss: 0.0, energy_loss: 0.0
2026-08-10 21:58:15,783 INFO Best AUROC test all: 0.6595781865576587, AUPR test all: 0.18340221036953155, AUROC test unknown: 0.4269061576120077, AUPR test unknown: 0.03787979789015747
2026-08-10 21:58:18,182 INFO Epoch: 27, loss: 0.29342353343963623, labeled_loss: 0.27645576000213623, unnlabeled_loss: 0.033935531973838806, mixup_loss: 0.0, energy_loss: 0.0
2026-08-10 21:58:18,182 INFO Best AUROC test all: 0.6595781865576587, AUPR test all: 0.1905646237444643, AUROC test unknown: 0.4269061576120077, AUPR test unknown: 0.03787979789015747
2026-08-10 21:58:18,252 INFO [OUTPOST-v4] epoch 29 cur={'auroc_all': 0.6546070430601222, 'aupr_all': 0.2079650833445394, 'auroc_unknown': 0.40459918233881437, 'aupr_unknown': 0.036587764636767925, 'val_auc': 0.9347826086956522} best={'auroc_all': 0.6571047720607838, 'aupr_all': 0.2079650833445394, 'auroc_unknown': 0.41292352250880127, 'aupr_unknown': 0.037096067227018685}
2026-08-10 21:58:20,498 INFO Epoch: 28, loss: 0.27931153774261475, labeled_loss: 0.2645740807056427, unnlabeled_loss: 0.029474901035428047, mixup_loss: 0.0, energy_loss: 0.0
2026-08-10 21:58:20,498 INFO Best AUROC test all: 0.6601060704799708, AUPR test all: 0.1964619802029134, AUROC test unknown: 0.4269061576120077, AUPR test unknown: 0.03787979789015747
2026-08-10 21:58:20,604 INFO [OUTPOST-v4] epoch 30 cur={'auroc_all': 0.6551809640885887, 'aupr_all': 0.20954409870364554, 'auroc_unknown': 0.4057662128933758, 'aupr_unknown': 0.03659117766615921, 'val_auc': 0.9318840579710145} best={'auroc_all': 0.6571047720607838, 'aupr_all': 0.20954409870364554, 'auroc_unknown': 0.41292352250880127, 'aupr_unknown': 0.037096067227018685}
2026-08-10 21:58:22,908 INFO Epoch: 29, loss: 0.2709451913833618, labeled_loss: 0.25439804792404175, unnlabeled_loss: 0.033094268292188644, mixup_loss: 0.0, energy_loss: 0.0
2026-08-10 21:58:22,908 INFO Best AUROC test all: 0.6601060704799708, AUPR test all: 0.20379494675944154, AUROC test unknown: 0.4269061576120077, AUPR test unknown: 0.03787979789015747
2026-08-10 21:58:23,115 INFO [OUTPOST-v4] epoch 31 cur={'auroc_all': 0.6562304373154813, 'aupr_all': 0.2158194359972253, 'auroc_unknown': 0.40343561958502916, 'aupr_unknown': 0.03643179966532763, 'val_auc': 0.9318840579710146} best={'auroc_all': 0.6571047720607838, 'aupr_all': 0.2158194359972253, 'auroc_unknown': 0.41292352250880127, 'aupr_unknown': 0.037096067227018685}
2026-08-10 21:58:25,418 INFO Epoch: 30, loss: 0.2726591229438782, labeled_loss: 0.2581996023654938, unnlabeled_loss: 0.02891906350851059, mixup_loss: 0.0, energy_loss: 0.0
2026-08-10 21:58:25,419 INFO Best AUROC test all: 0.6601060704799708, AUPR test all: 0.21858349761635226, AUROC test unknown: 0.4269061576120077, AUPR test unknown: 0.03787979789015747
2026-08-10 21:58:25,743 INFO [OUTPOST-v4] epoch 32 cur={'auroc_all': 0.6630431884830713, 'aupr_all': 0.22444157020479633, 'auroc_unknown': 0.4151059251306436, 'aupr_unknown': 0.0371715618247416, 'val_auc': 0.940096618357488} best={'auroc_all': 0.6630431884830713, 'aupr_all': 0.22444157020479633, 'auroc_unknown': 0.4151059251306436, 'aupr_unknown': 0.0371715618247416}
2026-08-10 21:58:27,707 INFO Epoch: 31, loss: 0.2611023783683777, labeled_loss: 0.2449665665626526, unnlabeled_loss: 0.032271608710289, mixup_loss: 0.0, energy_loss: 0.0
2026-08-10 21:58:27,707 INFO Best AUROC test all: 0.6645331615272965, AUPR test all: 0.22881599279865383, AUROC test unknown: 0.4269061576120077, AUPR test unknown: 0.03787979789015747
2026-08-10 21:58:28,282 INFO [OUTPOST-v4] epoch 33 cur={'auroc_all': 0.6590106835708008, 'aupr_all': 0.22561839579221393, 'auroc_unknown': 0.40739469213789453, 'aupr_unknown': 0.03669596452959442, 'val_auc': 0.9371980676328502} best={'auroc_all': 0.6630431884830713, 'aupr_all': 0.22561839579221393, 'auroc_unknown': 0.4151059251306436, 'aupr_unknown': 0.0371715618247416}
2026-08-10 21:58:29,980 INFO Epoch: 32, loss: 0.2685229778289795, labeled_loss: 0.256089448928833, unnlabeled_loss: 0.02486702799797058, mixup_loss: 0.0, energy_loss: 0.0
2026-08-10 21:58:29,980 INFO Best AUROC test all: 0.669475547261471, AUPR test all: 0.2444995214429011, AUROC test unknown: 0.4283159342209053, AUPR test unknown: 0.03798063655161258
2026-08-10 21:58:30,807 INFO [OUTPOST-v4] epoch 34 cur={'auroc_all': 0.6613902959210878, 'aupr_all': 0.24138730999569277, 'auroc_unknown': 0.40900352051134803, 'aupr_unknown': 0.03684252305695465, 'val_auc': 0.9396135265700484} best={'auroc_all': 0.6630431884830713, 'aupr_all': 0.24138730999569277, 'auroc_unknown': 0.4151059251306436, 'aupr_unknown': 0.0371715618247416}
2026-08-10 21:58:32,286 INFO Epoch: 33, loss: 0.2595287561416626, labeled_loss: 0.2422347217798233, unnlabeled_loss: 0.03458806499838829, mixup_loss: 0.0, energy_loss: 0.0
2026-08-10 21:58:32,286 INFO Best AUROC test all: 0.669475547261471, AUPR test all: 0.2615160463070046, AUROC test unknown: 0.4283159342209053, AUPR test unknown: 0.03798063655161258
2026-08-10 21:58:33,407 INFO [OUTPOST-v4] epoch 35 cur={'auroc_all': 0.6627580793269943, 'aupr_all': 0.2616126383181028, 'auroc_unknown': 0.4128319725683087, 'aupr_unknown': 0.03705297760169154, 'val_auc': 0.9415458937198068} best={'auroc_all': 0.6630431884830713, 'aupr_all': 0.2616126383181028, 'auroc_unknown': 0.4151059251306436, 'aupr_unknown': 0.0371715618247416}
2026-08-10 21:58:34,630 INFO Epoch: 34, loss: 0.2481209933757782, labeled_loss: 0.2343054562807083, unnlabeled_loss: 0.02763107419013977, mixup_loss: 0.0, energy_loss: 0.0
2026-08-10 21:58:34,631 INFO Best AUROC test all: 0.669475547261471, AUPR test all: 0.28324139667058523, AUROC test unknown: 0.4283159342209053, AUPR test unknown: 0.03798063655161258
2026-08-10 21:58:35,875 INFO [OUTPOST-v4] epoch 36 cur={'auroc_all': 0.6651036266872044, 'aupr_all': 0.27957118868022557, 'auroc_unknown': 0.4141441883820352, 'aupr_unknown': 0.03710308429614806, 'val_auc': 0.947342995169082} best={'auroc_all': 0.6651036266872044, 'aupr_all': 0.27957118868022557, 'auroc_unknown': 0.4151059251306436, 'aupr_unknown': 0.0371715618247416}
2026-08-10 21:58:36,971 INFO Epoch: 35, loss: 0.23744185268878937, labeled_loss: 0.22436611354351044, unnlabeled_loss: 0.02615148387849331, mixup_loss: 0.0, energy_loss: 0.0
2026-08-10 21:58:36,971 INFO Best AUROC test all: 0.6724258716194199, AUPR test all: 0.3207628290640791, AUROC test unknown: 0.4283159342209053, AUPR test unknown: 0.03798063655161258
2026-08-10 21:58:38,190 INFO [OUTPOST-v4] epoch 37 cur={'auroc_all': 0.6682083543153924, 'aupr_all': 0.29452293911035554, 'auroc_unknown': 0.4204974305908115, 'aupr_unknown': 0.03750578171461103, 'val_auc': 0.9357487922705314} best={'auroc_all': 0.6682083543153924, 'aupr_all': 0.29452293911035554, 'auroc_unknown': 0.4204974305908115, 'aupr_unknown': 0.03750578171461103}
2026-08-10 21:58:39,568 INFO Epoch: 36, loss: 0.26504814624786377, labeled_loss: 0.252151757478714, unnlabeled_loss: 0.025792771950364113, mixup_loss: 0.0, energy_loss: 0.0
2026-08-10 21:58:39,568 INFO Best AUROC test all: 0.6724258716194199, AUPR test all: 0.3682879130028389, AUROC test unknown: 0.4283159342209053, AUPR test unknown: 0.03798063655161258
2026-08-10 21:58:40,478 INFO [OUTPOST-v4] epoch 38 cur={'auroc_all': 0.666160011651214, 'aupr_all': 0.31813580697229366, 'auroc_unknown': 0.4111644227683778, 'aupr_unknown': 0.036910989887023724, 'val_auc': 0.948792270531401} best={'auroc_all': 0.6682083543153924, 'aupr_all': 0.31813580697229366, 'auroc_unknown': 0.4204974305908115, 'aupr_unknown': 0.03750578171461103}
2026-08-10 21:58:41,923 INFO Epoch: 37, loss: 0.23197202384471893, labeled_loss: 0.22201117873191833, unnlabeled_loss: 0.019921697676181793, mixup_loss: 0.0, energy_loss: 0.0
2026-08-10 21:58:41,924 INFO Best AUROC test all: 0.6810973863759787, AUPR test all: 0.4090876096963258, AUROC test unknown: 0.43304231549219185, AUPR test unknown: 0.03829720046911374
2026-08-10 21:58:42,900 INFO [OUTPOST-v4] epoch 39 cur={'auroc_all': 0.674889659053882, 'aupr_all': 0.34706079070050144, 'auroc_unknown': 0.4244269112437198, 'aupr_unknown': 0.03773654174356164, 'val_auc': 0.9478260869565217} best={'auroc_all': 0.674889659053882, 'aupr_all': 0.34706079070050144, 'auroc_unknown': 0.4244269112437198, 'aupr_unknown': 0.03773654174356164}
2026-08-10 21:58:44,233 INFO Epoch: 38, loss: 0.2138439565896988, labeled_loss: 0.2023814618587494, unnlabeled_loss: 0.02292499504983425, mixup_loss: 0.0, energy_loss: 0.0
2026-08-10 21:58:44,233 INFO Best AUROC test all: 0.6841328732091195, AUPR test all: 0.4362357363949297, AUROC test unknown: 0.43304231549219185, AUPR test unknown: 0.03829720046911374
2026-08-10 21:58:45,122 INFO [OUTPOST-v4] epoch 40 cur={'auroc_all': 0.6761552474895584, 'aupr_all': 0.37994805189127695, 'auroc_unknown': 0.42463451691685694, 'aupr_unknown': 0.03777611310227391, 'val_auc': 0.9541062801932367} best={'auroc_all': 0.6761552474895584, 'aupr_all': 0.37994805189127695, 'auroc_unknown': 0.42463451691685694, 'aupr_unknown': 0.03777611310227391}
2026-08-10 21:58:46,446 INFO Epoch: 39, loss: 0.2151840776205063, labeled_loss: 0.200389102101326, unnlabeled_loss: 0.02958996221423149, mixup_loss: 0.0, energy_loss: 0.0
2026-08-10 21:58:46,446 INFO Best AUROC test all: 0.6841328732091195, AUPR test all: 0.4567369068562448, AUROC test unknown: 0.43304231549219185, AUPR test unknown: 0.03829720046911374
2026-08-10 21:58:47,599 INFO [OUTPOST-v4] epoch 41 cur={'auroc_all': 0.6750197478203344, 'aupr_all': 0.4067992508915037, 'auroc_unknown': 0.4187457288253773, 'aupr_unknown': 0.03742251257682198, 'val_auc': 0.951207729468599} best={'auroc_all': 0.6761552474895584, 'aupr_all': 0.4067992508915037, 'auroc_unknown': 0.42463451691685694, 'aupr_unknown': 0.03777611310227391}
2026-08-10 21:58:49,070 INFO Epoch: 40, loss: 0.20579944550991058, labeled_loss: 0.19196873903274536, unnlabeled_loss: 0.02766142599284649, mixup_loss: 0.0, energy_loss: 0.0
2026-08-10 21:58:49,071 INFO Best AUROC test all: 0.6858282235848219, AUPR test all: 0.46524041892126194, AUROC test unknown: 0.43304231549219185, AUPR test unknown: 0.03842078999661415
2026-08-10 21:58:49,734 INFO [OUTPOST-v4] epoch 42 cur={'auroc_all': 0.6714088588722019, 'aupr_all': 0.42848362263810175, 'auroc_unknown': 0.41082434710558857, 'aupr_unknown': 0.036917620627199006, 'val_auc': 0.9560386473429952} best={'auroc_all': 0.6761552474895584, 'aupr_all': 0.42848362263810175, 'auroc_unknown': 0.42463451691685694, 'aupr_unknown': 0.03777611310227391}
2026-08-10 21:58:51,591 INFO Epoch: 41, loss: 0.20220328867435455, labeled_loss: 0.18688806891441345, unnlabeled_loss: 0.030630435794591904, mixup_loss: 0.0, energy_loss: 0.0
2026-08-10 21:58:51,591 INFO Best AUROC test all: 0.6858282235848219, AUPR test all: 0.4660588922733903, AUROC test unknown: 0.43304231549219185, AUPR test unknown: 0.03842078999661415
2026-08-10 21:58:52,363 INFO [OUTPOST-v4] epoch 43 cur={'auroc_all': 0.6798433997847488, 'aupr_all': 0.43707190278425256, 'auroc_unknown': 0.4233560543640192, 'aupr_unknown': 0.03776613585593543, 'val_auc': 0.9545893719806763} best={'auroc_all': 0.6798433997847488, 'aupr_all': 0.43707190278425256, 'auroc_unknown': 0.42463451691685694, 'aupr_unknown': 0.03777611310227391}
2026-08-10 21:58:53,846 INFO Epoch: 42, loss: 0.19772692024707794, labeled_loss: 0.18386214971542358, unnlabeled_loss: 0.027729541063308716, mixup_loss: 0.0, energy_loss: 0.0
2026-08-10 21:58:53,846 INFO Best AUROC test all: 0.6858282235848219, AUPR test all: 0.4660588922733903, AUROC test unknown: 0.43304231549219185, AUPR test unknown: 0.03842078999661415
2026-08-10 21:58:54,895 INFO [OUTPOST-v4] epoch 44 cur={'auroc_all': 0.6800869150942465, 'aupr_all': 0.4442711961773633, 'auroc_unknown': 0.42509712154040635, 'aupr_unknown': 0.03782312033752335, 'val_auc': 0.9589371980676328} best={'auroc_all': 0.6800869150942465, 'aupr_all': 0.4442711961773633, 'auroc_unknown': 0.42509712154040635, 'aupr_unknown': 0.03782312033752335}
2026-08-10 21:58:55,990 INFO Epoch: 43, loss: 0.18232186138629913, labeled_loss: 0.1752498745918274, unnlabeled_loss: 0.01414397917687893, mixup_loss: 0.0, energy_loss: 0.0
2026-08-10 21:58:55,990 INFO Best AUROC test all: 0.6919219072444879, AUPR test all: 0.47485761832133055, AUROC test unknown: 0.44006160663672333, AUPR test unknown: 0.039274289210798875
2026-08-10 21:58:57,318 INFO [OUTPOST-v4] epoch 45 cur={'auroc_all': 0.6839415661996306, 'aupr_all': 0.4554525634118182, 'auroc_unknown': 0.4272742068677251, 'aupr_unknown': 0.037932927149202066, 'val_auc': 0.957487922705314} best={'auroc_all': 0.6839415661996306, 'aupr_all': 0.4554525634118182, 'auroc_unknown': 0.4272742068677251, 'aupr_unknown': 0.037932927149202066}
2026-08-10 21:58:58,290 INFO Epoch: 44, loss: 0.18776360154151917, labeled_loss: 0.17934559285640717, unnlabeled_loss: 0.01683601178228855, mixup_loss: 0.0, energy_loss: 0.0
2026-08-10 21:58:58,290 INFO Best AUROC test all: 0.6924037540606456, AUPR test all: 0.4808882670903423, AUROC test unknown: 0.4410196443978372, AUPR test unknown: 0.0403981216694192
2026-08-10 21:58:59,745 INFO [OUTPOST-v4] epoch 46 cur={'auroc_all': 0.6813052321849975, 'aupr_all': 0.4587498405963815, 'auroc_unknown': 0.42273508683835515, 'aupr_unknown': 0.037639417673253156, 'val_auc': 0.9579710144927536} best={'auroc_all': 0.6839415661996306, 'aupr_all': 0.4587498405963815, 'auroc_unknown': 0.4272742068677251, 'aupr_unknown': 0.037932927149202066}
2026-08-10 21:59:00,406 INFO Epoch: 45, loss: 0.18084914982318878, labeled_loss: 0.17069968581199646, unnlabeled_loss: 0.020298929885029793, mixup_loss: 0.0, energy_loss: 0.0
2026-08-10 21:59:00,406 INFO Best AUROC test all: 0.6946295802600788, AUPR test all: 0.4851440890010501, AUROC test unknown: 0.44320297176655327, AUPR test unknown: 0.0403981216694192
2026-08-10 21:59:02,113 INFO [OUTPOST-v4] epoch 47 cur={'auroc_all': 0.6816567433869487, 'aupr_all': 0.46814103812016433, 'auroc_unknown': 0.42195275098323715, 'aupr_unknown': 0.037652141250532636, 'val_auc': 0.9652173913043478} best={'auroc_all': 0.6839415661996306, 'aupr_all': 0.46814103812016433, 'auroc_unknown': 0.4272742068677251, 'aupr_unknown': 0.037932927149202066}
2026-08-10 21:59:02,653 INFO Epoch: 46, loss: 0.16509021818637848, labeled_loss: 0.1561916321516037, unnlabeled_loss: 0.017797177657485008, mixup_loss: 0.0, energy_loss: 0.0
2026-08-10 21:59:02,653 INFO Best AUROC test all: 0.6966152235946957, AUPR test all: 0.4931229759848544, AUROC test unknown: 0.4468589585315759, AUPR test unknown: 0.0403981216694192
2026-08-10 21:59:04,544 INFO [OUTPOST-v4] epoch 48 cur={'auroc_all': 0.6808936135549039, 'aupr_all': 0.4700373539725905, 'auroc_unknown': 0.42107817162747124, 'aupr_unknown': 0.03756753434730148, 'val_auc': 0.9642512077294686} best={'auroc_all': 0.6839415661996306, 'aupr_all': 0.4700373539725905, 'auroc_unknown': 0.4272742068677251, 'aupr_unknown': 0.037932927149202066}
2026-08-10 21:59:04,962 INFO Epoch: 47, loss: 0.1620256006717682, labeled_loss: 0.15221057832241058, unnlabeled_loss: 0.019630055874586105, mixup_loss: 0.0, energy_loss: 0.0
2026-08-10 21:59:04,962 INFO Best AUROC test all: 0.7046008718662677, AUPR test all: 0.5028511113200562, AUROC test unknown: 0.45727507612978635, AUPR test unknown: 0.04112068976124748
2026-08-10 21:59:07,217 INFO [OUTPOST-v4] epoch 49 cur={'auroc_all': 0.6881974683294332, 'aupr_all': 0.47843449873834776, 'auroc_unknown': 0.4330219710609714, 'aupr_unknown': 0.03844841082379741, 'val_auc': 0.9676328502415458} best={'auroc_all': 0.6881974683294332, 'aupr_all': 0.47843449873834776, 'auroc_unknown': 0.4330219710609714, 'aupr_unknown': 0.03844841082379741}
2026-08-10 21:59:07,281 INFO Epoch: 48, loss: 0.15332798659801483, labeled_loss: 0.1438412219285965, unnlabeled_loss: 0.018973534926772118, mixup_loss: 0.0, energy_loss: 0.0
2026-08-10 21:59:07,281 INFO Best AUROC test all: 0.7046008718662677, AUPR test all: 0.5028511113200562, AUROC test unknown: 0.45727507612978635, AUPR test unknown: 0.04112068976124748
2026-08-10 21:59:09,611 INFO [OUTPOST-v4] epoch 50 cur={'auroc_all': 0.6832996386148878, 'aupr_all': 0.48178872135431616, 'auroc_unknown': 0.4247984283002135, 'aupr_unknown': 0.038051189585194906, 'val_auc': 0.9676328502415459} best={'auroc_all': 0.6881974683294332, 'aupr_all': 0.48178872135431616, 'auroc_unknown': 0.4330219710609714, 'aupr_unknown': 0.03844841082379741}
2026-08-10 21:59:09,674 INFO Epoch: 49, loss: 0.15016165375709534, labeled_loss: 0.14152169227600098, unnlabeled_loss: 0.017279909923672676, mixup_loss: 0.0, energy_loss: 0.0
2026-08-10 21:59:09,675 INFO Best AUROC test all: 0.7046008718662677, AUPR test all: 0.5028511113200562, AUROC test unknown: 0.45727507612978635, AUPR test unknown: 0.04136266361024239
2026-08-10 21:59:12,106 INFO [OUTPOST-v4] epoch 51 cur={'auroc_all': 0.685105083088954, 'aupr_all': 0.48692969163020206, 'auroc_unknown': 0.42599690024847947, 'aupr_unknown': 0.038144066438040185, 'val_auc': 0.9676328502415459} best={'auroc_all': 0.6881974683294332, 'aupr_all': 0.48692969163020206, 'auroc_unknown': 0.4330219710609714, 'aupr_unknown': 0.03844841082379741}
2026-08-10 21:59:12,119 INFO Epoch: 50, loss: 0.13440558314323425, labeled_loss: 0.12543737888336182, unnlabeled_loss: 0.017936408519744873, mixup_loss: 0.0, energy_loss: 0.0
2026-08-10 21:59:12,119 INFO Best AUROC test all: 0.7077931070233123, AUPR test all: 0.5036843017994733, AUROC test unknown: 0.46451908076461773, AUPR test unknown: 0.04136266361024239
2026-08-10 21:59:14,599 INFO Epoch: 51, loss: 0.13381290435791016, labeled_loss: 0.12875375151634216, unnlabeled_loss: 0.010118302889168262, mixup_loss: 0.0, energy_loss: 0.0
2026-08-10 21:59:14,599 INFO Best AUROC test all: 0.7102570178816513, AUPR test all: 0.5053507890210961, AUROC test unknown: 0.4684305288534896, AUPR test unknown: 0.04272906093708543
2026-08-10 21:59:14,730 INFO [OUTPOST-v4] epoch 52 cur={'auroc_all': 0.6924662065424529, 'aupr_all': 0.4923335149926429, 'auroc_unknown': 0.4405281414344859, 'aupr_unknown': 0.0389352707789133, 'val_auc': 0.973913043478261} best={'auroc_all': 0.6924662065424529, 'aupr_all': 0.4923335149926429, 'auroc_unknown': 0.4405281414344859, 'aupr_unknown': 0.0389352707789133}
2026-08-10 21:59:16,871 INFO Epoch: 52, loss: 0.12457999587059021, labeled_loss: 0.12092482298612595, unnlabeled_loss: 0.007310349494218826, mixup_loss: 0.0, energy_loss: 0.0
2026-08-10 21:59:16,871 INFO Best AUROC test all: 0.7158165230012737, AUPR test all: 0.5053507890210961, AUROC test unknown: 0.47869429440426425, AUPR test unknown: 0.04305123245718334
2026-08-10 21:59:17,222 INFO [OUTPOST-v4] epoch 53 cur={'auroc_all': 0.696182993177128, 'aupr_all': 0.4927488550099648, 'auroc_unknown': 0.44564569063333137, 'aupr_unknown': 0.04003404556184928, 'val_auc': 0.9657004830917875} best={'auroc_all': 0.696182993177128, 'aupr_all': 0.4927488550099648, 'auroc_unknown': 0.44564569063333137, 'aupr_unknown': 0.04003404556184928}
2026-08-10 21:59:19,214 INFO Epoch: 53, loss: 0.12562233209609985, labeled_loss: 0.12224932014942169, unnlabeled_loss: 0.006746020633727312, mixup_loss: 0.0, energy_loss: 0.0
2026-08-10 21:59:19,214 INFO Best AUROC test all: 0.7210510530525194, AUPR test all: 0.5053507890210961, AUROC test unknown: 0.4876821404561037, AUPR test unknown: 0.04305123245718334
2026-08-10 21:59:19,732 INFO [OUTPOST-v4] epoch 54 cur={'auroc_all': 0.6933353574849177, 'aupr_all': 0.49720841034737046, 'auroc_unknown': 0.43929869046595227, 'aupr_unknown': 0.04022537217965889, 'val_auc': 0.9695652173913043} best={'auroc_all': 0.696182993177128, 'aupr_all': 0.49720841034737046, 'auroc_unknown': 0.44564569063333137, 'aupr_unknown': 0.04022537217965889}
2026-08-10 21:59:21,578 INFO Epoch: 54, loss: 0.11587261408567429, labeled_loss: 0.11231491714715958, unnlabeled_loss: 0.007115391548722982, mixup_loss: 0.0, energy_loss: 0.0
2026-08-10 21:59:21,579 INFO Best AUROC test all: 0.7210510530525194, AUPR test all: 0.5053507890210961, AUROC test unknown: 0.4876821404561037, AUPR test unknown: 0.04317659486459187
2026-08-10 21:59:22,320 INFO [OUTPOST-v4] epoch 55 cur={'auroc_all': 0.6985282936895839, 'aupr_all': 0.49911317993803855, 'auroc_unknown': 0.4483242199528934, 'aupr_unknown': 0.040092476151269645, 'val_auc': 0.9719806763285024} best={'auroc_all': 0.6985282936895839, 'aupr_all': 0.49911317993803855, 'auroc_unknown': 0.4483242199528934, 'aupr_unknown': 0.04022537217965889}
2026-08-10 21:59:24,036 INFO Epoch: 55, loss: 0.11534792184829712, labeled_loss: 0.11090746521949768, unnlabeled_loss: 0.00888090766966343, mixup_loss: 0.0, energy_loss: 0.0
2026-08-10 21:59:24,036 INFO Best AUROC test all: 0.7286593945318286, AUPR test all: 0.5053507890210961, AUROC test unknown: 0.5014881489064407, AUPR test unknown: 0.04423627970718169
2026-08-10 21:59:24,719 INFO [OUTPOST-v4] epoch 56 cur={'auroc_all': 0.7021734944755472, 'aupr_all': 0.5001139980858204, 'auroc_unknown': 0.4550438931103584, 'aupr_unknown': 0.040014304623310924, 'val_auc': 0.972463768115942} best={'auroc_all': 0.7021734944755472, 'aupr_all': 0.5001139980858204, 'auroc_unknown': 0.4550438931103584, 'aupr_unknown': 0.04022537217965889}
2026-08-10 21:59:26,189 INFO Epoch: 56, loss: 0.10567446798086166, labeled_loss: 0.09839879721403122, unnlabeled_loss: 0.014551346190273762, mixup_loss: 0.0, energy_loss: 0.0
2026-08-10 21:59:26,189 INFO Best AUROC test all: 0.7289211765751356, AUPR test all: 0.5053507890210961, AUROC test unknown: 0.5014881489064407, AUPR test unknown: 0.0446197263406629
2026-08-10 21:59:27,156 INFO [OUTPOST-v4] epoch 57 cur={'auroc_all': 0.699951617840181, 'aupr_all': 0.5019796424498085, 'auroc_unknown': 0.44976266371487467, 'aupr_unknown': 0.04031744958742372, 'val_auc': 0.9710144927536232} best={'auroc_all': 0.7021734944755472, 'aupr_all': 0.5019796424498085, 'auroc_unknown': 0.4550438931103584, 'aupr_unknown': 0.04031744958742372}
2026-08-10 21:59:28,527 INFO Epoch: 57, loss: 0.10476477444171906, labeled_loss: 0.09992209821939468, unnlabeled_loss: 0.009685356169939041, mixup_loss: 0.0, energy_loss: 0.0
2026-08-10 21:59:28,527 INFO Best AUROC test all: 0.7289211765751356, AUPR test all: 0.5137881759807061, AUROC test unknown: 0.5028942265278437, AUPR test unknown: 0.04496343843859715
2026-08-10 21:59:29,674 INFO [OUTPOST-v4] epoch 58 cur={'auroc_all': 0.7072286896333817, 'aupr_all': 0.5049804956458622, 'auroc_unknown': 0.46255283772449385, 'aupr_unknown': 0.04080878868256568, 'val_auc': 0.976328502415459} best={'auroc_all': 0.7072286896333817, 'aupr_all': 0.5049804956458622, 'auroc_unknown': 0.46255283772449385, 'aupr_unknown': 0.04080878868256568}
2026-08-10 21:59:30,693 INFO Epoch: 58, loss: 0.08178144693374634, labeled_loss: 0.0789026990532875, unnlabeled_loss: 0.005757493898272514, mixup_loss: 0.0, energy_loss: 0.0
2026-08-10 21:59:30,694 INFO Best AUROC test all: 0.7289211765751356, AUPR test all: 0.5143122694836102, AUROC test unknown: 0.5028942265278437, AUPR test unknown: 0.04496343843859715
2026-08-10 21:59:31,893 INFO [OUTPOST-v4] epoch 59 cur={'auroc_all': 0.7040591644697216, 'aupr_all': 0.5090343811491277, 'auroc_unknown': 0.45899949786244765, 'aupr_unknown': 0.041378683063640134, 'val_auc': 0.973913043478261} best={'auroc_all': 0.7072286896333817, 'aupr_all': 0.5090343811491277, 'auroc_unknown': 0.46255283772449385, 'aupr_unknown': 0.041378683063640134}
2026-08-10 21:59:33,130 INFO Epoch: 59, loss: 0.08646925538778305, labeled_loss: 0.08464576303958893, unnlabeled_loss: 0.0036469793412834406, mixup_loss: 0.0, energy_loss: 0.0
2026-08-10 21:59:33,130 INFO Best AUROC test all: 0.7372317999150844, AUPR test all: 0.5182639090092543, AUROC test unknown: 0.5174398012903917, AUPR test unknown: 0.04702657324460003
2026-08-10 21:59:34,047 INFO [OUTPOST-v4] epoch 60 cur={'auroc_all': 0.713157232145502, 'aupr_all': 0.5091252201527855, 'auroc_unknown': 0.47448993274315987, 'aupr_unknown': 0.042505338651372876, 'val_auc': 0.9734299516908212} best={'auroc_all': 0.713157232145502, 'aupr_all': 0.5091252201527855, 'auroc_unknown': 0.47448993274315987, 'aupr_unknown': 0.042505338651372876}
2026-08-10 21:59:35,308 INFO Epoch: 60, loss: 0.07995714992284775, labeled_loss: 0.07838930189609528, unnlabeled_loss: 0.0031356951221823692, mixup_loss: 0.0, energy_loss: 0.0
2026-08-10 21:59:35,308 INFO Best AUROC test all: 0.7373483120550569, AUPR test all: 0.5182639090092543, AUROC test unknown: 0.5174398012903917, AUPR test unknown: 0.04702657324460003
2026-08-10 21:59:36,584 INFO [OUTPOST-v4] epoch 61 cur={'auroc_all': 0.7098813155997907, 'aupr_all': 0.51065596251251, 'auroc_unknown': 0.4659526696055122, 'aupr_unknown': 0.041640292963981015, 'val_auc': 0.9739130434782609} best={'auroc_all': 0.713157232145502, 'aupr_all': 0.51065596251251, 'auroc_unknown': 0.47448993274315987, 'aupr_unknown': 0.042505338651372876}
2026-08-10 21:59:37,513 INFO Epoch: 61, loss: 0.057225778698921204, labeled_loss: 0.05571473762392998, unnlabeled_loss: 0.0030220849439501762, mixup_loss: 0.0, energy_loss: 0.0
2026-08-10 21:59:37,513 INFO Best AUROC test all: 0.7373483120550569, AUPR test all: 0.5182639090092543, AUROC test unknown: 0.5174398012903917, AUPR test unknown: 0.04702657324460003
2026-08-10 21:59:39,017 INFO [OUTPOST-v4] epoch 62 cur={'auroc_all': 0.7182761140239147, 'aupr_all': 0.5150761231662355, 'auroc_unknown': 0.48147362113305536, 'aupr_unknown': 0.0430254633074169, 'val_auc': 0.9772946859903382} best={'auroc_all': 0.7182761140239147, 'aupr_all': 0.5150761231662355, 'auroc_unknown': 0.48147362113305536, 'aupr_unknown': 0.0430254633074169}
2026-08-10 21:59:39,662 INFO Epoch: 62, loss: 0.06493460386991501, labeled_loss: 0.06205408275127411, unnlabeled_loss: 0.005761035718023777, mixup_loss: 0.0, energy_loss: 0.0
2026-08-10 21:59:39,662 INFO Best AUROC test all: 0.7439682751266329, AUPR test all: 0.5182639090092543, AUROC test unknown: 0.529975669909754, AUPR test unknown: 0.047190118334846626
2026-08-10 21:59:41,544 INFO [OUTPOST-v4] epoch 63 cur={'auroc_all': 0.7215721486615915, 'aupr_all': 0.5106770404200947, 'auroc_unknown': 0.48732842477692795, 'aupr_unknown': 0.042832071585621585, 'val_auc': 0.9768115942028986} best={'auroc_all': 0.7215721486615915, 'aupr_all': 0.5150761231662355, 'auroc_unknown': 0.48732842477692795, 'aupr_unknown': 0.0430254633074169}
2026-08-10 21:59:42,081 INFO Epoch: 63, loss: 0.06629271805286407, labeled_loss: 0.06260973960161209, unnlabeled_loss: 0.007365950848907232, mixup_loss: 0.0, energy_loss: 0.0
2026-08-10 21:59:42,081 INFO Best AUROC test all: 0.74811753902663, AUPR test all: 0.5197455628256107, AUROC test unknown: 0.5351491662944561, AUPR test unknown: 0.04735864434719088
2026-08-10 21:59:43,919 INFO [OUTPOST-v4] epoch 64 cur={'auroc_all': 0.7248780572094355, 'aupr_all': 0.5183003474238312, 'auroc_unknown': 0.4949855600775678, 'aupr_unknown': 0.043848552377991304, 'val_auc': 0.9811594202898551} best={'auroc_all': 0.7248780572094355, 'aupr_all': 0.5183003474238312, 'auroc_unknown': 0.4949855600775678, 'aupr_unknown': 0.043848552377991304}
2026-08-10 21:59:44,448 INFO Epoch: 64, loss: 0.04560878127813339, labeled_loss: 0.039964936673641205, unnlabeled_loss: 0.0112876882776618, mixup_loss: 0.0, energy_loss: 0.0
2026-08-10 21:59:44,448 INFO Best AUROC test all: 0.7548678377124125, AUPR test all: 0.522722616928917, AUROC test unknown: 0.5482699373114094, AUPR test unknown: 0.04951532690928571
2026-08-10 21:59:46,216 INFO [OUTPOST-v4] epoch 65 cur={'auroc_all': 0.7311948912388795, 'aupr_all': 0.516778353797776, 'auroc_unknown': 0.5039986054817146, 'aupr_unknown': 0.04501259901031787, 'val_auc': 0.9797101449275363} best={'auroc_all': 0.7311948912388795, 'aupr_all': 0.5183003474238312, 'auroc_unknown': 0.5039986054817146, 'aupr_unknown': 0.04501259901031787}
2026-08-10 21:59:46,719 INFO Epoch: 65, loss: 0.0707702487707138, labeled_loss: 0.05259828269481659, unnlabeled_loss: 0.036343928426504135, mixup_loss: 0.0, energy_loss: 0.0
2026-08-10 21:59:46,719 INFO Best AUROC test all: 0.7550038508249651, AUPR test all: 0.522722616928917, AUROC test unknown: 0.5482699373114094, AUPR test unknown: 0.04951532690928571
2026-08-10 21:59:48,758 INFO [OUTPOST-v4] epoch 66 cur={'auroc_all': 0.7338778794790526, 'aupr_all': 0.5186021604639661, 'auroc_unknown': 0.5093912668754745, 'aupr_unknown': 0.04518104411487339, 'val_auc': 0.9816425120772947} best={'auroc_all': 0.7338778794790526, 'aupr_all': 0.5186021604639661, 'auroc_unknown': 0.5093912668754745, 'aupr_unknown': 0.04518104411487339}
2026-08-10 21:59:48,799 INFO Epoch: 66, loss: 0.08928927779197693, labeled_loss: 0.05154554545879364, unnlabeled_loss: 0.07548745721578598, mixup_loss: 0.0, energy_loss: 0.0
2026-08-10 21:59:48,799 INFO Best AUROC test all: 0.7606485184197794, AUPR test all: 0.5257051514674581, AUROC test unknown: 0.5587833845180729, AUPR test unknown: 0.05038736529888734
2026-08-10 21:59:51,168 INFO [OUTPOST-v4] epoch 67 cur={'auroc_all': 0.744026284348865, 'aupr_all': 0.5227300489822349, 'auroc_unknown': 0.5297699137303642, 'aupr_unknown': 0.04781974017489651, 'val_auc': 0.9850241545893721} best={'auroc_all': 0.744026284348865, 'aupr_all': 0.5227300489822349, 'auroc_unknown': 0.5297699137303642, 'aupr_unknown': 0.04781974017489651}
2026-08-10 21:59:51,178 INFO Epoch: 67, loss: 0.02901935763657093, labeled_loss: 0.023090625181794167, unnlabeled_loss: 0.011857465840876102, mixup_loss: 0.0, energy_loss: 0.0
2026-08-10 21:59:51,179 INFO Best AUROC test all: 0.7621997097070412, AUPR test all: 0.5257051514674581, AUROC test unknown: 0.561978384966575, AUPR test unknown: 0.05071585667337738
2026-08-10 21:59:53,502 INFO [OUTPOST-v4] epoch 68 cur={'auroc_all': 0.740370345685595, 'aupr_all': 0.5204294207912011, 'auroc_unknown': 0.5212744953887497, 'aupr_unknown': 0.04616867920630127, 'val_auc': 0.9801932367149759} best={'auroc_all': 0.744026284348865, 'aupr_all': 0.5227300489822349, 'auroc_unknown': 0.5297699137303642, 'aupr_unknown': 0.04781974017489651}
2026-08-10 21:59:53,510 INFO Epoch: 68, loss: 0.07076169550418854, labeled_loss: 0.03795318305492401, unnlabeled_loss: 0.06561701744794846, mixup_loss: 0.0, energy_loss: 0.0
2026-08-10 21:59:53,510 INFO Best AUROC test all: 0.7652388992564946, AUPR test all: 0.5257051514674581, AUROC test unknown: 0.5674639834211381, AUPR test unknown: 0.05185727514987372
2026-08-10 21:59:55,902 INFO Epoch: 69, loss: 0.060502707958221436, labeled_loss: 0.041640397161245346, unnlabeled_loss: 0.03772462531924248, mixup_loss: 0.0, energy_loss: 0.0
2026-08-10 21:59:55,902 INFO Best AUROC test all: 0.7676972560403645, AUPR test all: 0.5307592424977057, AUROC test unknown: 0.5709257733426918, AUPR test unknown: 0.05266791804822431
2026-08-10 21:59:55,942 INFO [OUTPOST-v4] epoch 69 cur={'auroc_all': 0.744329536814874, 'aupr_all': 0.5224728567607259, 'auroc_unknown': 0.5298307158373075, 'aupr_unknown': 0.04738832918879726, 'val_auc': 0.9845410628019324} best={'auroc_all': 0.744329536814874, 'aupr_all': 0.5227300489822349, 'auroc_unknown': 0.5298307158373075, 'aupr_unknown': 0.04781974017489651}
2026-08-10 21:59:58,226 INFO Epoch: 70, loss: 0.09473088383674622, labeled_loss: 0.027615316212177277, unnlabeled_loss: 0.13423113524913788, mixup_loss: 0.0, energy_loss: 0.0
2026-08-10 21:59:58,226 INFO Best AUROC test all: 0.7709809482903325, AUPR test all: 0.5307592424977057, AUROC test unknown: 0.5774843093574211, AUPR test unknown: 0.05282237309314187
2026-08-10 21:59:58,275 INFO [OUTPOST-v4] epoch 70 cur={'auroc_all': 0.7485705046555486, 'aupr_all': 0.5261304232604864, 'auroc_unknown': 0.5363087988740282, 'aupr_unknown': 0.04775587193860528, 'val_auc': 0.98743961352657} best={'auroc_all': 0.7485705046555486, 'aupr_all': 0.5261304232604864, 'auroc_unknown': 0.5363087988740282, 'aupr_unknown': 0.04781974017489651}
2026-08-10 22:00:00,705 INFO Epoch: 71, loss: 0.07576934248209, labeled_loss: 0.04387423396110535, unnlabeled_loss: 0.0637902170419693, mixup_loss: 0.0, energy_loss: 0.0
2026-08-10 22:00:00,706 INFO Best AUROC test all: 0.7747706784363676, AUPR test all: 0.5357317380815522, AUROC test unknown: 0.5852024779517226, AUPR test unknown: 0.053772365814988086
2026-08-10 22:00:00,799 INFO [OUTPOST-v4] epoch 71 cur={'auroc_all': 0.7517034963515901, 'aupr_all': 0.5275128936923985, 'auroc_unknown': 0.5413588415510964, 'aupr_unknown': 0.04786239110124803, 'val_auc': 0.9859903381642512} best={'auroc_all': 0.7517034963515901, 'aupr_all': 0.5275128936923985, 'auroc_unknown': 0.5413588415510964, 'aupr_unknown': 0.04786239110124803}
2026-08-10 22:00:03,289 INFO [OUTPOST-v4] epoch 72 cur={'auroc_all': 0.7544062324120976, 'aupr_all': 0.5209762167925097, 'auroc_unknown': 0.5491017471242684, 'aupr_unknown': 0.04880981850131357, 'val_auc': 0.9893719806763286} best={'auroc_all': 0.7544062324120976, 'aupr_all': 0.5275128936923985, 'auroc_unknown': 0.5491017471242684, 'aupr_unknown': 0.04880981850131357}
2026-08-10 22:00:03,301 INFO Epoch: 72, loss: 0.1410534381866455, labeled_loss: 0.026722922921180725, unnlabeled_loss: 0.22866101562976837, mixup_loss: 0.0, energy_loss: 0.0
2026-08-10 22:00:03,301 INFO Best AUROC test all: 0.7774879785143716, AUPR test all: 0.5360426581516163, AUROC test unknown: 0.588230099216092, AUPR test unknown: 0.054231209937942906
2026-08-10 22:00:05,891 INFO [OUTPOST-v4] epoch 73 cur={'auroc_all': 0.7549325118240073, 'aupr_all': 0.5311217381567519, 'auroc_unknown': 0.5472037041660771, 'aupr_unknown': 0.04870767598108347, 'val_auc': 0.9859903381642512} best={'auroc_all': 0.7549325118240073, 'aupr_all': 0.5311217381567519, 'auroc_unknown': 0.5491017471242684, 'aupr_unknown': 0.04880981850131357}
2026-08-10 22:00:05,898 INFO Epoch: 73, loss: 0.11556822806596756, labeled_loss: 0.028673386201262474, unnlabeled_loss: 0.17378968000411987, mixup_loss: 0.0, energy_loss: 0.0
2026-08-10 22:00:05,898 INFO Best AUROC test all: 0.7868854725159711, AUPR test all: 0.5360426581516163, AUROC test unknown: 0.6062529534103278, AUPR test unknown: 0.05625162131624241
2026-08-10 22:00:08,558 INFO [OUTPOST-v4] epoch 74 cur={'auroc_all': 0.7571721614976746, 'aupr_all': 0.5319075435846324, 'auroc_unknown': 0.5516947373580167, 'aupr_unknown': 0.05030717108326098, 'val_auc': 0.9917874396135266} best={'auroc_all': 0.7571721614976746, 'aupr_all': 0.5319075435846324, 'auroc_unknown': 0.5516947373580167, 'aupr_unknown': 0.05030717108326098}
2026-08-10 22:00:08,687 INFO Epoch: 74, loss: 0.08749548345804214, labeled_loss: 0.06619469821453094, unnlabeled_loss: 0.0426015667617321, mixup_loss: 0.0, energy_loss: 0.0
2026-08-10 22:00:08,688 INFO Best AUROC test all: 0.7868854725159711, AUPR test all: 0.5360426581516163, AUROC test unknown: 0.6062529534103278, AUPR test unknown: 0.05625162131624241
2026-08-10 22:00:11,248 INFO [OUTPOST-v4] epoch 75 cur={'auroc_all': 0.7661507548604323, 'aupr_all': 0.5314023543617437, 'auroc_unknown': 0.5672462055323907, 'aupr_unknown': 0.051038488329486494, 'val_auc': 0.991304347826087} best={'auroc_all': 0.7661507548604323, 'aupr_all': 0.5319075435846324, 'auroc_unknown': 0.5672462055323907, 'aupr_unknown': 0.051038488329486494}
2026-08-10 22:00:11,310 INFO Epoch: 75, loss: 0.06409923732280731, labeled_loss: 0.023609794676303864, unnlabeled_loss: 0.0809788852930069, mixup_loss: 0.0, energy_loss: 0.0
2026-08-10 22:00:11,310 INFO Best AUROC test all: 0.7868854725159711, AUPR test all: 0.5360426581516163, AUROC test unknown: 0.6062529534103278, AUPR test unknown: 0.05625162131624241
2026-08-10 22:00:13,743 INFO [OUTPOST-v4] epoch 76 cur={'auroc_all': 0.7687546283953909, 'aupr_all': 0.5343559530121732, 'auroc_unknown': 0.5729017262249891, 'aupr_unknown': 0.05163310284064515, 'val_auc': 0.9884057971014494} best={'auroc_all': 0.7687546283953909, 'aupr_all': 0.5343559530121732, 'auroc_unknown': 0.5729017262249891, 'aupr_unknown': 0.05163310284064515}
2026-08-10 22:00:13,822 INFO Epoch: 76, loss: 0.035508811473846436, labeled_loss: 0.0326184518635273, unnlabeled_loss: 0.005780722945928574, mixup_loss: 0.0, energy_loss: 0.0
2026-08-10 22:00:13,822 INFO Best AUROC test all: 0.7868854725159711, AUPR test all: 0.5360426581516163, AUROC test unknown: 0.6062529534103278, AUPR test unknown: 0.05625162131624241
2026-08-10 22:00:16,197 INFO [OUTPOST-v4] epoch 77 cur={'auroc_all': 0.77201240163117, 'aupr_all': 0.5366840968256926, 'auroc_unknown': 0.5791976341275985, 'aupr_unknown': 0.053414646600861676, 'val_auc': 0.9884057971014493} best={'auroc_all': 0.77201240163117, 'aupr_all': 0.5366840968256926, 'auroc_unknown': 0.5791976341275985, 'aupr_unknown': 0.053414646600861676}
2026-08-10 22:00:16,209 INFO Epoch: 77, loss: 0.07545231282711029, labeled_loss: 0.02590610459446907, unnlabeled_loss: 0.09909242391586304, mixup_loss: 0.0, energy_loss: 0.0
2026-08-10 22:00:16,209 INFO Best AUROC test all: 0.7868854725159711, AUPR test all: 0.5360426581516163, AUROC test unknown: 0.6062529534103278, AUPR test unknown: 0.05625162131624241
2026-08-10 22:00:18,737 INFO Epoch: 78, loss: 0.03288952633738518, labeled_loss: 0.030424103140830994, unnlabeled_loss: 0.004930845461785793, mixup_loss: 0.0, energy_loss: 0.0
2026-08-10 22:00:18,738 INFO Best AUROC test all: 0.7868854725159711, AUPR test all: 0.5360426581516163, AUROC test unknown: 0.6062529534103278, AUPR test unknown: 0.05625162131624241
2026-08-10 22:00:19,013 INFO [OUTPOST-v4] epoch 78 cur={'auroc_all': 0.7764709657671536, 'aupr_all': 0.535817295512809, 'auroc_unknown': 0.5873321700017663, 'aupr_unknown': 0.05420936006709102, 'val_auc': 0.995169082125604} best={'auroc_all': 0.7764709657671536, 'aupr_all': 0.5366840968256926, 'auroc_unknown': 0.5873321700017663, 'aupr_unknown': 0.05420936006709102}
2026-08-10 22:00:21,045 INFO Epoch: 79, loss: 0.045131899416446686, labeled_loss: 0.029608367010951042, unnlabeled_loss: 0.03104706108570099, mixup_loss: 0.0, energy_loss: 0.0
2026-08-10 22:00:21,045 INFO Best AUROC test all: 0.7882314098956328, AUPR test all: 0.5410974885941051, AUROC test unknown: 0.610439513694114, AUPR test unknown: 0.05841121921678753
2026-08-10 22:00:21,662 INFO [OUTPOST-v4] epoch 79 cur={'auroc_all': 0.7743658481195138, 'aupr_all': 0.5387478908851072, 'auroc_unknown': 0.5850471204769475, 'aupr_unknown': 0.05666718445731441, 'val_auc': 0.9879227053140096} best={'auroc_all': 0.7764709657671536, 'aupr_all': 0.5387478908851072, 'auroc_unknown': 0.5873321700017663, 'aupr_unknown': 0.05666718445731441}
2026-08-10 22:00:23,485 INFO Epoch: 80, loss: 0.07613904029130936, labeled_loss: 0.016433320939540863, unnlabeled_loss: 0.11941143870353699, mixup_loss: 0.0, energy_loss: 0.0
2026-08-10 22:00:23,485 INFO Best AUROC test all: 0.7976546994875442, AUPR test all: 0.5420782778255874, AUROC test unknown: 0.6262769598391681, AUPR test unknown: 0.05982134953962896
2026-08-10 22:00:24,111 INFO [OUTPOST-v4] epoch 80 cur={'auroc_all': 0.7765373678130276, 'aupr_all': 0.5375819444961633, 'auroc_unknown': 0.5877529298292825, 'aupr_unknown': 0.05392889329163514, 'val_auc': 0.98743961352657} best={'auroc_all': 0.7765373678130276, 'aupr_all': 0.5387478908851072, 'auroc_unknown': 0.5877529298292825, 'aupr_unknown': 0.05666718445731441}
2026-08-10 22:00:25,908 INFO Epoch: 81, loss: 0.04334864020347595, labeled_loss: 0.028965411707758904, unnlabeled_loss: 0.028766456991434097, mixup_loss: 0.0, energy_loss: 0.0
2026-08-10 22:00:25,908 INFO Best AUROC test all: 0.7994909999308827, AUPR test all: 0.5420782778255874, AUROC test unknown: 0.6305053649189875, AUPR test unknown: 0.06066964905770772
2026-08-10 22:00:26,533 INFO [OUTPOST-v4] epoch 81 cur={'auroc_all': 0.7770127965875767, 'aupr_all': 0.5374877594028536, 'auroc_unknown': 0.5898530299793688, 'aupr_unknown': 0.05479132988470227, 'val_auc': 0.9932367149758454} best={'auroc_all': 0.7770127965875767, 'aupr_all': 0.5387478908851072, 'auroc_unknown': 0.5898530299793688, 'aupr_unknown': 0.05666718445731441}
2026-08-10 22:00:28,165 INFO Epoch: 82, loss: 0.04062318056821823, labeled_loss: 0.028109263628721237, unnlabeled_loss: 0.025027833878993988, mixup_loss: 0.0, energy_loss: 0.0
2026-08-10 22:00:28,165 INFO Best AUROC test all: 0.7994909999308827, AUPR test all: 0.5481362832053139, AUROC test unknown: 0.6305053649189875, AUPR test unknown: 0.060755580903352896
2026-08-10 22:00:28,979 INFO [OUTPOST-v4] epoch 82 cur={'auroc_all': 0.7801534405639977, 'aupr_all': 0.5385751590238006, 'auroc_unknown': 0.5928741780156227, 'aupr_unknown': 0.05398359682362507, 'val_auc': 0.9951690821256038} best={'auroc_all': 0.7801534405639977, 'aupr_all': 0.5387478908851072, 'auroc_unknown': 0.5928741780156227, 'aupr_unknown': 0.05666718445731441}
2026-08-10 22:00:30,340 INFO Epoch: 83, loss: 0.06882792711257935, labeled_loss: 0.015918703749775887, unnlabeled_loss: 0.10581844300031662, mixup_loss: 0.0, energy_loss: 0.0
2026-08-10 22:00:30,340 INFO Best AUROC test all: 0.7994909999308827, AUPR test all: 0.5481362832053139, AUROC test unknown: 0.6305053649189875, AUPR test unknown: 0.060755580903352896
2026-08-10 22:00:31,350 INFO [OUTPOST-v4] epoch 83 cur={'auroc_all': 0.7768738213019739, 'aupr_all': 0.5360269673606209, 'auroc_unknown': 0.5914112284614893, 'aupr_unknown': 0.05548273547078446, 'val_auc': 0.9903381642512078} best={'auroc_all': 0.7801534405639977, 'aupr_all': 0.5387478908851072, 'auroc_unknown': 0.5928741780156227, 'aupr_unknown': 0.05666718445731441}
2026-08-10 22:00:32,549 INFO Epoch: 84, loss: 0.01935141161084175, labeled_loss: 0.015795666724443436, unnlabeled_loss: 0.007111487910151482, mixup_loss: 0.0, energy_loss: 0.0
2026-08-10 22:00:32,550 INFO Best AUROC test all: 0.7994909999308827, AUPR test all: 0.5481362832053139, AUROC test unknown: 0.6305053649189875, AUPR test unknown: 0.06335373910747023
2026-08-10 22:00:33,707 INFO [OUTPOST-v4] epoch 84 cur={'auroc_all': 0.7824510994598972, 'aupr_all': 0.5406894990847224, 'auroc_unknown': 0.598200257634479, 'aupr_unknown': 0.05568123057692158, 'val_auc': 0.9913043478260869} best={'auroc_all': 0.7824510994598972, 'aupr_all': 0.5406894990847224, 'auroc_unknown': 0.598200257634479, 'aupr_unknown': 0.05666718445731441}
2026-08-10 22:00:34,763 INFO Epoch: 85, loss: 0.05126721411943436, labeled_loss: 0.014720596373081207, unnlabeled_loss: 0.0730932354927063, mixup_loss: 0.0, energy_loss: 0.0
2026-08-10 22:00:34,763 INFO Best AUROC test all: 0.7994909999308827, AUPR test all: 0.5481362832053139, AUROC test unknown: 0.6305053649189875, AUPR test unknown: 0.06335373910747023
2026-08-10 22:00:36,177 INFO [OUTPOST-v4] epoch 85 cur={'auroc_all': 0.7907817174679345, 'aupr_all': 0.5458428532738201, 'auroc_unknown': 0.6135117539951378, 'aupr_unknown': 0.05810174187563155, 'val_auc': 0.9956521739130435} best={'auroc_all': 0.7907817174679345, 'aupr_all': 0.5458428532738201, 'auroc_unknown': 0.6135117539951378, 'aupr_unknown': 0.05810174187563155}
2026-08-10 22:00:37,096 INFO Epoch: 86, loss: 0.018466372042894363, labeled_loss: 0.014744904823601246, unnlabeled_loss: 0.007442936301231384, mixup_loss: 0.0, energy_loss: 0.0
2026-08-10 22:00:37,096 INFO Best AUROC test all: 0.7994909999308827, AUPR test all: 0.5481362832053139, AUROC test unknown: 0.6305053649189875, AUPR test unknown: 0.06335373910747023
2026-08-10 22:00:38,476 INFO [OUTPOST-v4] epoch 86 cur={'auroc_all': 0.7942560996080057, 'aupr_all': 0.5469638930182484, 'auroc_unknown': 0.6206512622332452, 'aupr_unknown': 0.06393778678444331, 'val_auc': 0.9884057971014494} best={'auroc_all': 0.7942560996080057, 'aupr_all': 0.5469638930182484, 'auroc_unknown': 0.6206512622332452, 'aupr_unknown': 0.06393778678444331}
2026-08-10 22:00:39,293 INFO Epoch: 87, loss: 0.037077613174915314, labeled_loss: 0.033053845167160034, unnlabeled_loss: 0.008047535084187984, mixup_loss: 0.0, energy_loss: 0.0
2026-08-10 22:00:39,294 INFO Best AUROC test all: 0.7994909999308827, AUPR test all: 0.5481362832053139, AUROC test unknown: 0.6305053649189875, AUPR test unknown: 0.06335373910747023
2026-08-10 22:00:40,933 INFO [OUTPOST-v4] epoch 87 cur={'auroc_all': 0.7921697423896836, 'aupr_all': 0.5473023421046972, 'auroc_unknown': 0.6172005692741755, 'aupr_unknown': 0.060764642232451926, 'val_auc': 0.9913043478260869} best={'auroc_all': 0.7942560996080057, 'aupr_all': 0.5473023421046972, 'auroc_unknown': 0.6206512622332452, 'aupr_unknown': 0.06393778678444331}
2026-08-10 22:00:41,774 INFO Epoch: 88, loss: 0.08744679391384125, labeled_loss: 0.02471597120165825, unnlabeled_loss: 0.1254616379737854, mixup_loss: 0.0, energy_loss: 0.0
2026-08-10 22:00:41,774 INFO Best AUROC test all: 0.8095631288446539, AUPR test all: 0.5521357670974939, AUROC test unknown: 0.6494608263353113, AUPR test unknown: 0.06458605773930132
2026-08-10 22:00:43,225 INFO [OUTPOST-v4] epoch 88 cur={'auroc_all': 0.7908731745608579, 'aupr_all': 0.5444806718103767, 'auroc_unknown': 0.6138291733595221, 'aupr_unknown': 0.057977582999286584, 'val_auc': 0.9903381642512077} best={'auroc_all': 0.7942560996080057, 'aupr_all': 0.5473023421046972, 'auroc_unknown': 0.6206512622332452, 'aupr_unknown': 0.06393778678444331}
2026-08-10 22:00:43,933 INFO Epoch: 89, loss: 0.12170778959989548, labeled_loss: 0.014946907758712769, unnlabeled_loss: 0.21352176368236542, mixup_loss: 0.0, energy_loss: 0.0
2026-08-10 22:00:43,933 INFO Best AUROC test all: 0.8190597322195563, AUPR test all: 0.5563760001585267, AUROC test unknown: 0.6656438966243965, AUPR test unknown: 0.06796825183301372
2026-08-10 22:00:45,658 INFO [OUTPOST-v4] epoch 89 cur={'auroc_all': 0.7982065276420116, 'aupr_all': 0.5477775758421338, 'auroc_unknown': 0.629359372355802, 'aupr_unknown': 0.05965796397816926, 'val_auc': 0.9951690821256038} best={'auroc_all': 0.7982065276420116, 'aupr_all': 0.5477775758421338, 'auroc_unknown': 0.629359372355802, 'aupr_unknown': 0.06393778678444331}
2026-08-10 22:00:46,299 INFO Epoch: 90, loss: 0.13887526094913483, labeled_loss: 0.04191881790757179, unnlabeled_loss: 0.19391287863254547, mixup_loss: 0.0, energy_loss: 0.0
2026-08-10 22:00:46,300 INFO Best AUROC test all: 0.8190597322195563, AUPR test all: 0.5563760001585267, AUROC test unknown: 0.6656438966243965, AUPR test unknown: 0.06796825183301372
2026-08-10 22:00:48,038 INFO [OUTPOST-v4] epoch 90 cur={'auroc_all': 0.8032985031152187, 'aupr_all': 0.5507705341061111, 'auroc_unknown': 0.6361918646318537, 'aupr_unknown': 0.06106149804339987, 'val_auc': 0.9864734299516909} best={'auroc_all': 0.8032985031152187, 'aupr_all': 0.5507705341061111, 'auroc_unknown': 0.6361918646318537, 'aupr_unknown': 0.06393778678444331}
2026-08-10 22:00:48,701 INFO Epoch: 91, loss: 0.03741247206926346, labeled_loss: 0.02220991998910904, unnlabeled_loss: 0.03040510229766369, mixup_loss: 0.0, energy_loss: 0.0
2026-08-10 22:00:48,701 INFO Best AUROC test all: 0.8190597322195563, AUPR test all: 0.5563760001585267, AUROC test unknown: 0.6656438966243965, AUPR test unknown: 0.06796825183301372
2026-08-10 22:00:50,523 INFO [OUTPOST-v4] epoch 91 cur={'auroc_all': 0.8044393100111574, 'aupr_all': 0.5492548279395714, 'auroc_unknown': 0.6395359805137338, 'aupr_unknown': 0.06335262773143205, 'val_auc': 0.9893719806763286} best={'auroc_all': 0.8044393100111574, 'aupr_all': 0.5507705341061111, 'auroc_unknown': 0.6395359805137338, 'aupr_unknown': 0.06393778678444331}
2026-08-10 22:00:51,151 INFO Epoch: 92, loss: 0.04262534901499748, labeled_loss: 0.012749100103974342, unnlabeled_loss: 0.05975249782204628, mixup_loss: 0.0, energy_loss: 0.0
2026-08-10 22:00:51,151 INFO Best AUROC test all: 0.8190597322195563, AUPR test all: 0.5563760001585267, AUROC test unknown: 0.6656438966243965, AUPR test unknown: 0.06796825183301372
2026-08-10 22:00:53,102 INFO [OUTPOST-v4] epoch 92 cur={'auroc_all': 0.8006952466996455, 'aupr_all': 0.5498561246924717, 'auroc_unknown': 0.6323920797279765, 'aupr_unknown': 0.06038284178739858, 'val_auc': 0.9951690821256038} best={'auroc_all': 0.8044393100111574, 'aupr_all': 0.5507705341061111, 'auroc_unknown': 0.6395359805137338, 'aupr_unknown': 0.06393778678444331}
2026-08-10 22:00:53,575 INFO Epoch: 93, loss: 0.09153342247009277, labeled_loss: 0.025620784610509872, unnlabeled_loss: 0.1318252831697464, mixup_loss: 0.0, energy_loss: 0.0
2026-08-10 22:00:53,576 INFO Best AUROC test all: 0.8190597322195563, AUPR test all: 0.5563760001585267, AUROC test unknown: 0.6656438966243965, AUPR test unknown: 0.06796825183301372
2026-08-10 22:00:55,499 INFO [OUTPOST-v4] epoch 93 cur={'auroc_all': 0.8164716569408651, 'aupr_all': 0.5539763772886168, 'auroc_unknown': 0.6612199075807975, 'aupr_unknown': 0.06629727215146318, 'val_auc': 0.9893719806763286} best={'auroc_all': 0.8164716569408651, 'aupr_all': 0.5539763772886168, 'auroc_unknown': 0.6612199075807975, 'aupr_unknown': 0.06629727215146318}
2026-08-10 22:00:55,736 INFO Epoch: 94, loss: 0.06460831314325333, labeled_loss: 0.01349411066621542, unnlabeled_loss: 0.10222841054201126, mixup_loss: 0.0, energy_loss: 0.0
2026-08-10 22:00:55,736 INFO Best AUROC test all: 0.8190597322195563, AUPR test all: 0.5563760001585267, AUROC test unknown: 0.6656438966243965, AUPR test unknown: 0.06796825183301372
2026-08-10 22:00:57,812 INFO [OUTPOST-v4] epoch 94 cur={'auroc_all': 0.8110675424824985, 'aupr_all': 0.5486905288608106, 'auroc_unknown': 0.6526893488579838, 'aupr_unknown': 0.0645462079621286, 'val_auc': 0.9961352657004832} best={'auroc_all': 0.8164716569408651, 'aupr_all': 0.5539763772886168, 'auroc_unknown': 0.6612199075807975, 'aupr_unknown': 0.06629727215146318}
2026-08-10 22:00:57,992 INFO Epoch: 95, loss: 0.08029893040657043, labeled_loss: 0.011974040418863297, unnlabeled_loss: 0.13664978742599487, mixup_loss: 0.0, energy_loss: 0.0
2026-08-10 22:00:57,992 INFO Best AUROC test all: 0.8190597322195563, AUPR test all: 0.5563760001585267, AUROC test unknown: 0.6656438966243965, AUPR test unknown: 0.06796825183301372
2026-08-10 22:01:00,429 INFO Epoch: 96, loss: 0.026057083159685135, labeled_loss: 0.022862594574689865, unnlabeled_loss: 0.006388976238667965, mixup_loss: 0.0, energy_loss: 0.0
2026-08-10 22:01:00,429 INFO Best AUROC test all: 0.8190597322195563, AUPR test all: 0.5563760001585267, AUROC test unknown: 0.6656438966243965, AUPR test unknown: 0.06796825183301372
2026-08-10 22:01:00,479 INFO [OUTPOST-v4] epoch 95 cur={'auroc_all': 0.8157907274109619, 'aupr_all': 0.5596563564481426, 'auroc_unknown': 0.659624950410449, 'aupr_unknown': 0.06668507796379122, 'val_auc': 0.9966183574879228} best={'auroc_all': 0.8164716569408651, 'aupr_all': 0.5596563564481426, 'auroc_unknown': 0.6612199075807975, 'aupr_unknown': 0.06668507796379122}
2026-08-10 22:01:03,003 INFO [OUTPOST-v4] epoch 96 cur={'auroc_all': 0.8047530535067192, 'aupr_all': 0.5526824924640475, 'auroc_unknown': 0.6422750807535208, 'aupr_unknown': 0.06368000711787536, 'val_auc': 0.9946859903381642} best={'auroc_all': 0.8164716569408651, 'aupr_all': 0.5596563564481426, 'auroc_unknown': 0.6612199075807975, 'aupr_unknown': 0.06668507796379122}
2026-08-10 22:01:03,024 INFO Epoch: 97, loss: 0.12093086540699005, labeled_loss: 0.01468444149941206, unnlabeled_loss: 0.21249285340309143, mixup_loss: 0.0, energy_loss: 0.0
2026-08-10 22:01:03,024 INFO Best AUROC test all: 0.8302344066273686, AUPR test all: 0.557376137181946, AUROC test unknown: 0.6865699936284941, AUPR test unknown: 0.07151029638555288
2026-08-10 22:01:05,402 INFO [OUTPOST-v4] epoch 97 cur={'auroc_all': 0.8031547142984095, 'aupr_all': 0.5467711908412566, 'auroc_unknown': 0.6365735539039576, 'aupr_unknown': 0.061984506641326154, 'val_auc': 0.9942028985507246} best={'auroc_all': 0.8164716569408651, 'aupr_all': 0.5596563564481426, 'auroc_unknown': 0.6612199075807975, 'aupr_unknown': 0.06668507796379122}
2026-08-10 22:01:05,546 INFO Epoch: 98, loss: 0.07138124108314514, labeled_loss: 0.041182611137628555, unnlabeled_loss: 0.06039725989103317, mixup_loss: 0.0, energy_loss: 0.0
2026-08-10 22:01:05,546 INFO Best AUROC test all: 0.8302344066273686, AUPR test all: 0.5584400426279814, AUROC test unknown: 0.6865699936284941, AUPR test unknown: 0.07151029638555288
2026-08-10 22:01:07,999 INFO [OUTPOST-v4] epoch 98 cur={'auroc_all': 0.8093784867245278, 'aupr_all': 0.5533160270384035, 'auroc_unknown': 0.6488065679221955, 'aupr_unknown': 0.06374895660454957, 'val_auc': 0.9898550724637681} best={'auroc_all': 0.8164716569408651, 'aupr_all': 0.5596563564481426, 'auroc_unknown': 0.6612199075807975, 'aupr_unknown': 0.06668507796379122}
2026-08-10 22:01:08,122 INFO Epoch: 99, loss: 0.08583535999059677, labeled_loss: 0.0298865158110857, unnlabeled_loss: 0.11189769208431244, mixup_loss: 0.0, energy_loss: 0.0
2026-08-10 22:01:08,122 INFO Best AUROC test all: 0.8302344066273686, AUPR test all: 0.5595308786299769, AUROC test unknown: 0.6865699936284941, AUPR test unknown: 0.07151029638555288
2026-08-10 22:01:10,426 INFO [OUTPOST-v4] epoch 99 cur={'auroc_all': 0.8106772761831413, 'aupr_all': 0.5548246872503841, 'auroc_unknown': 0.6516457720110562, 'aupr_unknown': 0.0636955515793098, 'val_auc': 0.9946859903381642} best={'auroc_all': 0.8164716569408651, 'aupr_all': 0.5596563564481426, 'auroc_unknown': 0.6612199075807975, 'aupr_unknown': 0.06668507796379122}
2026-08-10 22:01:10,438 INFO Epoch: 100, loss: 0.06815658509731293, labeled_loss: 0.014777298085391521, unnlabeled_loss: 0.10675857216119766, mixup_loss: 0.0, energy_loss: 0.0
2026-08-10 22:01:10,438 INFO Best AUROC test all: 0.8302344066273686, AUPR test all: 0.5595308786299769, AUROC test unknown: 0.6865699936284941, AUPR test unknown: 0.07151029638555288
2026-08-10 22:01:13,083 INFO [OUTPOST-v4] epoch 100 cur={'auroc_all': 0.8133870474046427, 'aupr_all': 0.5560247598589857, 'auroc_unknown': 0.6565508606156781, 'aupr_unknown': 0.06544097962351587, 'val_auc': 0.9879227053140096} best={'auroc_all': 0.8164716569408651, 'aupr_all': 0.5596563564481426, 'auroc_unknown': 0.6612199075807975, 'aupr_unknown': 0.06668507796379122}
2026-08-10 22:01:13,103 INFO Epoch: 101, loss: 0.029670175164937973, labeled_loss: 0.014838818460702896, unnlabeled_loss: 0.029662715271115303, mixup_loss: 0.0, energy_loss: 0.0
2026-08-10 22:01:13,104 INFO Best AUROC test all: 0.8302344066273686, AUPR test all: 0.5595308786299769, AUROC test unknown: 0.6865699936284941, AUPR test unknown: 0.07151029638555288
2026-08-10 22:01:15,620 INFO Epoch: 102, loss: 0.08654805272817612, labeled_loss: 0.017053978517651558, unnlabeled_loss: 0.13898815214633942, mixup_loss: 0.0, energy_loss: 0.0
2026-08-10 22:01:15,620 INFO Best AUROC test all: 0.8302344066273686, AUPR test all: 0.5595308786299769, AUROC test unknown: 0.6865699936284941, AUPR test unknown: 0.07151029638555288
2026-08-10 22:01:15,639 INFO [OUTPOST-v4] epoch 101 cur={'auroc_all': 0.8208608568579243, 'aupr_all': 0.5619925893756672, 'auroc_unknown': 0.6720075422355016, 'aupr_unknown': 0.06982006773752417, 'val_auc': 0.9893719806763286} best={'auroc_all': 0.8208608568579243, 'aupr_all': 0.5619925893756672, 'auroc_unknown': 0.6720075422355016, 'aupr_unknown': 0.06982006773752417}
2026-08-10 22:01:18,072 INFO Epoch: 103, loss: 0.05595613643527031, labeled_loss: 0.015961922705173492, unnlabeled_loss: 0.07998842746019363, mixup_loss: 0.0, energy_loss: 0.0
2026-08-10 22:01:18,072 INFO Best AUROC test all: 0.8302344066273686, AUPR test all: 0.5595308786299769, AUROC test unknown: 0.6865699936284941, AUPR test unknown: 0.07151029638555288
2026-08-10 22:01:18,242 INFO [OUTPOST-v4] epoch 102 cur={'auroc_all': 0.8257981822131382, 'aupr_all': 0.5651086942519568, 'auroc_unknown': 0.6792656492601563, 'aupr_unknown': 0.07008704644559716, 'val_auc': 0.9966183574879227} best={'auroc_all': 0.8257981822131382, 'aupr_all': 0.5651086942519568, 'auroc_unknown': 0.6792656492601563, 'aupr_unknown': 0.07008704644559716}
2026-08-10 22:01:20,317 INFO Epoch: 104, loss: 0.026578711345791817, labeled_loss: 0.02142614684998989, unnlabeled_loss: 0.010305128060281277, mixup_loss: 0.0, energy_loss: 0.0
2026-08-10 22:01:20,317 INFO Best AUROC test all: 0.8302344066273686, AUPR test all: 0.5595308786299769, AUROC test unknown: 0.6865699936284941, AUPR test unknown: 0.07151029638555288
2026-08-10 22:01:20,701 INFO [OUTPOST-v4] epoch 103 cur={'auroc_all': 0.8239259654215666, 'aupr_all': 0.564387089288664, 'auroc_unknown': 0.6750869493247962, 'aupr_unknown': 0.07006462699158535, 'val_auc': 0.9961352657004832} best={'auroc_all': 0.8257981822131382, 'aupr_all': 0.5651086942519568, 'auroc_unknown': 0.6792656492601563, 'aupr_unknown': 0.07008704644559716}
2026-08-10 22:01:22,644 INFO Epoch: 105, loss: 0.086740642786026, labeled_loss: 0.013070575892925262, unnlabeled_loss: 0.14734013378620148, mixup_loss: 0.0, energy_loss: 0.0
2026-08-10 22:01:22,644 INFO Best AUROC test all: 0.8302344066273686, AUPR test all: 0.5595308786299769, AUROC test unknown: 0.6865699936284941, AUPR test unknown: 0.07151029638555288
2026-08-10 22:01:22,979 INFO [OUTPOST-v4] epoch 104 cur={'auroc_all': 0.8235359459699635, 'aupr_all': 0.5620052045111165, 'auroc_unknown': 0.6754013632618411, 'aupr_unknown': 0.06975541390293709, 'val_auc': 0.9922705314009661} best={'auroc_all': 0.8257981822131382, 'aupr_all': 0.5651086942519568, 'auroc_unknown': 0.6792656492601563, 'aupr_unknown': 0.07008704644559716}
2026-08-10 22:01:25,125 INFO Epoch: 106, loss: 0.022243879735469818, labeled_loss: 0.013322391547262669, unnlabeled_loss: 0.017842978239059448, mixup_loss: 0.0, energy_loss: 0.0
2026-08-10 22:01:25,125 INFO Best AUROC test all: 0.8309023766501773, AUPR test all: 0.5595308786299769, AUROC test unknown: 0.6890492399967818, AUPR test unknown: 0.07211267844815188
2026-08-10 22:01:25,354 INFO [OUTPOST-v4] epoch 105 cur={'auroc_all': 0.8193810045716203, 'aupr_all': 0.5592179817421153, 'auroc_unknown': 0.6659148474583795, 'aupr_unknown': 0.06708604352946285, 'val_auc': 0.9893719806763286} best={'auroc_all': 0.8257981822131382, 'aupr_all': 0.5651086942519568, 'auroc_unknown': 0.6792656492601563, 'aupr_unknown': 0.07008704644559716}
2026-08-10 22:01:27,801 INFO [OUTPOST-v4] epoch 106 cur={'auroc_all': 0.824228353920436, 'aupr_all': 0.5642391451378025, 'auroc_unknown': 0.6762493561449892, 'aupr_unknown': 0.0703402483303244, 'val_auc': 0.9932367149758454} best={'auroc_all': 0.8257981822131382, 'aupr_all': 0.5651086942519568, 'auroc_unknown': 0.6792656492601563, 'aupr_unknown': 0.0703402483303244}
2026-08-10 22:01:27,813 INFO Epoch: 107, loss: 0.06854528188705444, labeled_loss: 0.017192114144563675, unnlabeled_loss: 0.10270634293556213, mixup_loss: 0.0, energy_loss: 0.0
2026-08-10 22:01:27,813 INFO Best AUROC test all: 0.8309023766501773, AUPR test all: 0.5642511993045101, AUROC test unknown: 0.6890492399967818, AUPR test unknown: 0.07211267844815188
2026-08-10 22:01:30,213 INFO [OUTPOST-v4] epoch 107 cur={'auroc_all': 0.8244208951686958, 'aupr_all': 0.5624336580245898, 'auroc_unknown': 0.6765688561898394, 'aupr_unknown': 0.06960564155697435, 'val_auc': 0.9937198067632851} best={'auroc_all': 0.8257981822131382, 'aupr_all': 0.5651086942519568, 'auroc_unknown': 0.6792656492601563, 'aupr_unknown': 0.0703402483303244}
2026-08-10 22:01:30,317 INFO Epoch: 108, loss: 0.06027805060148239, labeled_loss: 0.021296968683600426, unnlabeled_loss: 0.07796216756105423, mixup_loss: 0.0, energy_loss: 0.0
2026-08-10 22:01:30,317 INFO Best AUROC test all: 0.8309023766501773, AUPR test all: 0.5642511993045101, AUROC test unknown: 0.6890492399967818, AUPR test unknown: 0.07211267844815188
2026-08-10 22:01:32,470 INFO Epoch: 109, loss: 0.025230489671230316, labeled_loss: 0.014341841451823711, unnlabeled_loss: 0.02177729643881321, mixup_loss: 0.0, energy_loss: 0.0
2026-08-10 22:01:32,471 INFO Best AUROC test all: 0.8309023766501773, AUPR test all: 0.5642511993045101, AUROC test unknown: 0.6890492399967818, AUPR test unknown: 0.07211267844815188
2026-08-10 22:01:32,811 INFO [OUTPOST-v4] epoch 108 cur={'auroc_all': 0.8296028466483012, 'aupr_all': 0.5669698742557393, 'auroc_unknown': 0.6862017131860582, 'aupr_unknown': 0.0740563350618072, 'val_auc': 0.9893719806763286} best={'auroc_all': 0.8296028466483012, 'aupr_all': 0.5669698742557393, 'auroc_unknown': 0.6862017131860582, 'aupr_unknown': 0.0740563350618072}
2026-08-10 22:01:35,014 INFO Epoch: 110, loss: 0.06830523908138275, labeled_loss: 0.01195331010967493, unnlabeled_loss: 0.1127038523554802, mixup_loss: 0.0, energy_loss: 0.0
2026-08-10 22:01:35,014 INFO Best AUROC test all: 0.8309023766501773, AUPR test all: 0.5642511993045101, AUROC test unknown: 0.6890492399967818, AUPR test unknown: 0.07211267844815188
2026-08-10 22:01:35,152 INFO [OUTPOST-v4] epoch 109 cur={'auroc_all': 0.8260779841425003, 'aupr_all': 0.561458576411423, 'auroc_unknown': 0.6786770478750703, 'aupr_unknown': 0.07034466059134792, 'val_auc': 0.9913043478260869} best={'auroc_all': 0.8296028466483012, 'aupr_all': 0.5669698742557393, 'auroc_unknown': 0.6862017131860582, 'aupr_unknown': 0.0740563350618072}
2026-08-10 22:01:37,608 INFO [OUTPOST-v4] epoch 110 cur={'auroc_all': 0.8333540685446845, 'aupr_all': 0.5688280719999858, 'auroc_unknown': 0.6930006833879396, 'aupr_unknown': 0.07333722502085363, 'val_auc': 0.9922705314009661} best={'auroc_all': 0.8333540685446845, 'aupr_all': 0.5688280719999858, 'auroc_unknown': 0.6930006833879396, 'aupr_unknown': 0.0740563350618072}
2026-08-10 22:01:37,618 INFO Epoch: 111, loss: 0.022176770493388176, labeled_loss: 0.01713947206735611, unnlabeled_loss: 0.010074597783386707, mixup_loss: 0.0, energy_loss: 0.0
2026-08-10 22:01:37,618 INFO Best AUROC test all: 0.8309023766501773, AUPR test all: 0.5642511993045101, AUROC test unknown: 0.6890492399967818, AUPR test unknown: 0.07211267844815188
2026-08-10 22:01:40,077 INFO [OUTPOST-v4] epoch 111 cur={'auroc_all': 0.827353693336098, 'aupr_all': 0.5599908206571499, 'auroc_unknown': 0.6827410791980965, 'aupr_unknown': 0.07054718675082411, 'val_auc': 0.9937198067632851} best={'auroc_all': 0.8333540685446845, 'aupr_all': 0.5688280719999858, 'auroc_unknown': 0.6930006833879396, 'aupr_unknown': 0.0740563350618072}
2026-08-10 22:01:40,091 INFO Epoch: 112, loss: 0.05991166830062866, labeled_loss: 0.01568523980677128, unnlabeled_loss: 0.08845286071300507, mixup_loss: 0.0, energy_loss: 0.0
2026-08-10 22:01:40,091 INFO Best AUROC test all: 0.8309023766501773, AUPR test all: 0.5642511993045101, AUROC test unknown: 0.6890492399967818, AUPR test unknown: 0.07211267844815188
2026-08-10 22:01:42,714 INFO [OUTPOST-v4] epoch 112 cur={'auroc_all': 0.8313383097840576, 'aupr_all': 0.5693874471737971, 'auroc_unknown': 0.6881226436293725, 'aupr_unknown': 0.07474513341547045, 'val_auc': 0.9937198067632851} best={'auroc_all': 0.8333540685446845, 'aupr_all': 0.5693874471737971, 'auroc_unknown': 0.6930006833879396, 'aupr_unknown': 0.07474513341547045}
2026-08-10 22:01:42,727 INFO Epoch: 113, loss: 0.06144736707210541, labeled_loss: 0.012107444927096367, unnlabeled_loss: 0.09867984056472778, mixup_loss: 0.0, energy_loss: 0.0
2026-08-10 22:01:42,727 INFO Best AUROC test all: 0.8309023766501773, AUPR test all: 0.5642511993045101, AUROC test unknown: 0.6890492399967818, AUPR test unknown: 0.07211267844815188
2026-08-10 22:01:45,320 INFO [OUTPOST-v4] epoch 113 cur={'auroc_all': 0.8330151465781963, 'aupr_all': 0.5678639247752689, 'auroc_unknown': 0.6933076993499955, 'aupr_unknown': 0.07422837016070011, 'val_auc': 0.9961352657004832} best={'auroc_all': 0.8333540685446845, 'aupr_all': 0.5693874471737971, 'auroc_unknown': 0.6933076993499955, 'aupr_unknown': 0.07474513341547045}
2026-08-10 22:01:45,334 INFO Epoch: 114, loss: 0.015118954703211784, labeled_loss: 0.010950840078294277, unnlabeled_loss: 0.008336229249835014, mixup_loss: 0.0, energy_loss: 0.0
2026-08-10 22:01:45,334 INFO Best AUROC test all: 0.8309023766501773, AUPR test all: 0.5642511993045101, AUROC test unknown: 0.6890492399967818, AUPR test unknown: 0.07211267844815188
2026-08-10 22:01:47,767 INFO [OUTPOST-v4] epoch 114 cur={'auroc_all': 0.8282702390473652, 'aupr_all': 0.5662464652711015, 'auroc_unknown': 0.6839307660510626, 'aupr_unknown': 0.07175702370634142, 'val_auc': 0.9913043478260869} best={'auroc_all': 0.8333540685446845, 'aupr_all': 0.5693874471737971, 'auroc_unknown': 0.6933076993499955, 'aupr_unknown': 0.07474513341547045}
2026-08-10 22:01:47,779 INFO Epoch: 115, loss: 0.060638152062892914, labeled_loss: 0.009343537501990795, unnlabeled_loss: 0.10258922725915909, mixup_loss: 0.0, energy_loss: 0.0
2026-08-10 22:01:47,779 INFO Best AUROC test all: 0.8309023766501773, AUPR test all: 0.5642511993045101, AUROC test unknown: 0.6890492399967818, AUPR test unknown: 0.07211267844815188
2026-08-10 22:01:50,128 INFO Epoch: 116, loss: 0.06786347925662994, labeled_loss: 0.01736091449856758, unnlabeled_loss: 0.10100512951612473, mixup_loss: 0.0, energy_loss: 0.0
2026-08-10 22:01:50,128 INFO Best AUROC test all: 0.8309023766501773, AUPR test all: 0.5642511993045101, AUROC test unknown: 0.6890492399967818, AUPR test unknown: 0.07211267844815188
2026-08-10 22:01:50,444 INFO [OUTPOST-v4] epoch 115 cur={'auroc_all': 0.8260283677439103, 'aupr_all': 0.5660919806049458, 'auroc_unknown': 0.6798748262631811, 'aupr_unknown': 0.07565953569882115, 'val_auc': 0.9908212560386473} best={'auroc_all': 0.8333540685446845, 'aupr_all': 0.5693874471737971, 'auroc_unknown': 0.6933076993499955, 'aupr_unknown': 0.07565953569882115}
2026-08-10 22:01:52,354 INFO Epoch: 117, loss: 0.025177469477057457, labeled_loss: 0.017724638804793358, unnlabeled_loss: 0.014905660413205624, mixup_loss: 0.0, energy_loss: 0.0
2026-08-10 22:01:52,354 INFO Best AUROC test all: 0.8391932521697918, AUPR test all: 0.5725945333375841, AUROC test unknown: 0.7039237934596352, AUPR test unknown: 0.07669357062188374
2026-08-10 22:01:52,879 INFO [OUTPOST-v4] epoch 116 cur={'auroc_all': 0.8316725416432161, 'aupr_all': 0.5669374229315264, 'auroc_unknown': 0.6896586481865252, 'aupr_unknown': 0.07333989906937234, 'val_auc': 0.9908212560386473} best={'auroc_all': 0.8333540685446845, 'aupr_all': 0.5693874471737971, 'auroc_unknown': 0.6933076993499955, 'aupr_unknown': 0.07565953569882115}
2026-08-10 22:01:54,817 INFO Epoch: 118, loss: 0.018699612468481064, labeled_loss: 0.010812710039317608, unnlabeled_loss: 0.01577380672097206, mixup_loss: 0.0, energy_loss: 0.0
2026-08-10 22:01:54,817 INFO Best AUROC test all: 0.8391932521697918, AUPR test all: 0.5725945333375841, AUROC test unknown: 0.7039237934596352, AUPR test unknown: 0.07669357062188374
2026-08-10 22:01:55,354 INFO [OUTPOST-v4] epoch 117 cur={'auroc_all': 0.8282955409421684, 'aupr_all': 0.5658693658919912, 'auroc_unknown': 0.6841910822959986, 'aupr_unknown': 0.07429832495155189, 'val_auc': 0.9898550724637681} best={'auroc_all': 0.8333540685446845, 'aupr_all': 0.5693874471737971, 'auroc_unknown': 0.6933076993499955, 'aupr_unknown': 0.07565953569882115}
2026-08-10 22:01:57,109 INFO Epoch: 119, loss: 0.0661301538348198, labeled_loss: 0.010869081132113934, unnlabeled_loss: 0.11052214354276657, mixup_loss: 0.0, energy_loss: 0.0
2026-08-10 22:01:57,109 INFO Best AUROC test all: 0.8391932521697918, AUPR test all: 0.5725945333375841, AUROC test unknown: 0.7039237934596352, AUPR test unknown: 0.07669357062188374
2026-08-10 22:01:57,704 INFO [OUTPOST-v4] epoch 118 cur={'auroc_all': 0.8327700267582966, 'aupr_all': 0.5701656946173072, 'auroc_unknown': 0.6917402533991384, 'aupr_unknown': 0.07545006101337177, 'val_auc': 0.9884057971014493} best={'auroc_all': 0.8333540685446845, 'aupr_all': 0.5701656946173072, 'auroc_unknown': 0.6933076993499955, 'aupr_unknown': 0.07565953569882115}
2026-08-10 22:01:59,551 INFO Epoch: 120, loss: 0.016776561737060547, labeled_loss: 0.009190996177494526, unnlabeled_loss: 0.015171129256486893, mixup_loss: 0.0, energy_loss: 0.0
2026-08-10 22:01:59,551 INFO Best AUROC test all: 0.8391932521697918, AUPR test all: 0.5725945333375841, AUROC test unknown: 0.7039237934596352, AUPR test unknown: 0.07669357062188374
2026-08-10 22:02:00,146 INFO [OUTPOST-v4] epoch 119 cur={'auroc_all': 0.8373725031349665, 'aupr_all': 0.5745082020102968, 'auroc_unknown': 0.7008647308015614, 'aupr_unknown': 0.07624304515832067, 'val_auc': 0.9898550724637681} best={'auroc_all': 0.8373725031349665, 'aupr_all': 0.5745082020102968, 'auroc_unknown': 0.7008647308015614, 'aupr_unknown': 0.07624304515832067}
2026-08-10 22:02:01,924 INFO Epoch: 121, loss: 0.05735303461551666, labeled_loss: 0.00814688578248024, unnlabeled_loss: 0.09841229766607285, mixup_loss: 0.0, energy_loss: 0.0
2026-08-10 22:02:01,924 INFO Best AUROC test all: 0.8391932521697918, AUPR test all: 0.5725945333375841, AUROC test unknown: 0.7039237934596352, AUPR test unknown: 0.07669357062188374
2026-08-10 22:02:02,711 INFO [OUTPOST-v4] epoch 120 cur={'auroc_all': 0.8418550115031054, 'aupr_all': 0.57181425420377, 'auroc_unknown': 0.7086205828309646, 'aupr_unknown': 0.07796266494327106, 'val_auc': 0.9898550724637681} best={'auroc_all': 0.8418550115031054, 'aupr_all': 0.5745082020102968, 'auroc_unknown': 0.7086205828309646, 'aupr_unknown': 0.07796266494327106}
2026-08-10 22:02:04,590 INFO Epoch: 122, loss: 0.09050558507442474, labeled_loss: 0.021280523389577866, unnlabeled_loss: 0.13845011591911316, mixup_loss: 0.0, energy_loss: 0.0
2026-08-10 22:02:04,590 INFO Best AUROC test all: 0.8391932521697918, AUPR test all: 0.5725945333375841, AUROC test unknown: 0.7039237934596352, AUPR test unknown: 0.07669357062188374
2026-08-10 22:02:05,212 INFO [OUTPOST-v4] epoch 121 cur={'auroc_all': 0.8340115475379406, 'aupr_all': 0.5730034469622378, 'auroc_unknown': 0.6934290723771634, 'aupr_unknown': 0.07492981762788675, 'val_auc': 0.9937198067632851} best={'auroc_all': 0.8418550115031054, 'aupr_all': 0.5745082020102968, 'auroc_unknown': 0.7086205828309646, 'aupr_unknown': 0.07796266494327106}
2026-08-10 22:02:06,998 INFO Epoch: 123, loss: 0.018672436475753784, labeled_loss: 0.01212945207953453, unnlabeled_loss: 0.013085970655083656, mixup_loss: 0.0, energy_loss: 0.0
2026-08-10 22:02:06,999 INFO Best AUROC test all: 0.8391932521697918, AUPR test all: 0.5725945333375841, AUROC test unknown: 0.7039237934596352, AUPR test unknown: 0.07669357062188374
2026-08-10 22:02:07,731 INFO [OUTPOST-v4] epoch 122 cur={'auroc_all': 0.8381341518804862, 'aupr_all': 0.5789711671686946, 'auroc_unknown': 0.7018248492431409, 'aupr_unknown': 0.08149178487546008, 'val_auc': 0.9917874396135267} best={'auroc_all': 0.8418550115031054, 'aupr_all': 0.5789711671686946, 'auroc_unknown': 0.7086205828309646, 'aupr_unknown': 0.08149178487546008}
2026-08-10 22:02:09,415 INFO Epoch: 124, loss: 0.06305737793445587, labeled_loss: 0.01230371929705143, unnlabeled_loss: 0.10150732100009918, mixup_loss: 0.0, energy_loss: 0.0
2026-08-10 22:02:09,415 INFO Best AUROC test all: 0.8391932521697918, AUPR test all: 0.5725945333375841, AUROC test unknown: 0.7039237934596352, AUPR test unknown: 0.07669357062188374
2026-08-10 22:02:10,188 INFO [OUTPOST-v4] epoch 123 cur={'auroc_all': 0.8365177927861212, 'aupr_all': 0.5735196160728454, 'auroc_unknown': 0.7002497741305761, 'aupr_unknown': 0.07944291395297964, 'val_auc': 0.9946859903381642} best={'auroc_all': 0.8418550115031054, 'aupr_all': 0.5789711671686946, 'auroc_unknown': 0.7086205828309646, 'aupr_unknown': 0.08149178487546008}
2026-08-10 22:02:11,746 INFO Epoch: 125, loss: 0.10864204168319702, labeled_loss: 0.012750192545354366, unnlabeled_loss: 0.19178369641304016, mixup_loss: 0.0, energy_loss: 0.0
2026-08-10 22:02:11,746 INFO Best AUROC test all: 0.8427447742330441, AUPR test all: 0.5725945333375841, AUROC test unknown: 0.7113460430543649, AUPR test unknown: 0.079885984698278
2026-08-10 22:02:12,794 INFO [OUTPOST-v4] epoch 124 cur={'auroc_all': 0.8316755038162663, 'aupr_all': 0.5694846943758609, 'auroc_unknown': 0.689423762480615, 'aupr_unknown': 0.07597970561984213, 'val_auc': 0.9942028985507246} best={'auroc_all': 0.8418550115031054, 'aupr_all': 0.5789711671686946, 'auroc_unknown': 0.7086205828309646, 'aupr_unknown': 0.08149178487546008}
2026-08-10 22:02:14,062 INFO Epoch: 126, loss: 0.08117854595184326, labeled_loss: 0.025536995381116867, unnlabeled_loss: 0.11128310114145279, mixup_loss: 0.0, energy_loss: 0.0
2026-08-10 22:02:14,062 INFO Best AUROC test all: 0.844525410507815, AUPR test all: 0.5779241125617683, AUROC test unknown: 0.7135679786050564, AUPR test unknown: 0.08079755228528991
2026-08-10 22:02:14,972 INFO [OUTPOST-v4] epoch 125 cur={'auroc_all': 0.8312319184020064, 'aupr_all': 0.5662192259016984, 'auroc_unknown': 0.6908455607988704, 'aupr_unknown': 0.0766243007460954, 'val_auc': 0.9908212560386473} best={'auroc_all': 0.8418550115031054, 'aupr_all': 0.5789711671686946, 'auroc_unknown': 0.7086205828309646, 'aupr_unknown': 0.08149178487546008}
2026-08-10 22:02:16,394 INFO Epoch: 127, loss: 0.07876116782426834, labeled_loss: 0.013297020457684994, unnlabeled_loss: 0.13092829287052155, mixup_loss: 0.0, energy_loss: 0.0
2026-08-10 22:02:16,395 INFO Best AUROC test all: 0.844525410507815, AUPR test all: 0.5779241125617683, AUROC test unknown: 0.7135679786050564, AUPR test unknown: 0.08079755228528991
2026-08-10 22:02:17,320 INFO [OUTPOST-v4] epoch 126 cur={'auroc_all': 0.831804728615579, 'aupr_all': 0.5698050206157307, 'auroc_unknown': 0.6899950248618196, 'aupr_unknown': 0.07437392765703016, 'val_auc': 0.9927536231884058} best={'auroc_all': 0.8418550115031054, 'aupr_all': 0.5789711671686946, 'auroc_unknown': 0.7086205828309646, 'aupr_unknown': 0.08149178487546008}
2026-08-10 22:02:18,686 INFO Epoch: 128, loss: 0.06248098984360695, labeled_loss: 0.009850800037384033, unnlabeled_loss: 0.10526037961244583, mixup_loss: 0.0, energy_loss: 0.0
2026-08-10 22:02:18,686 INFO Best AUROC test all: 0.844525410507815, AUPR test all: 0.5779241125617683, AUROC test unknown: 0.7135679786050564, AUPR test unknown: 0.08079755228528991
2026-08-10 22:02:19,614 INFO [OUTPOST-v4] epoch 127 cur={'auroc_all': 0.8361207381735243, 'aupr_all': 0.5709619589405035, 'auroc_unknown': 0.6980752318571598, 'aupr_unknown': 0.07674169032703747, 'val_auc': 0.9951690821256038} best={'auroc_all': 0.8418550115031054, 'aupr_all': 0.5789711671686946, 'auroc_unknown': 0.7086205828309646, 'aupr_unknown': 0.08149178487546008}
2026-08-10 22:02:20,782 INFO Epoch: 129, loss: 0.01656097173690796, labeled_loss: 0.01053127646446228, unnlabeled_loss: 0.012059389613568783, mixup_loss: 0.0, energy_loss: 0.0
2026-08-10 22:02:20,782 INFO Best AUROC test all: 0.844525410507815, AUPR test all: 0.5779241125617683, AUROC test unknown: 0.7135679786050564, AUPR test unknown: 0.08079755228528991
2026-08-10 22:02:22,041 INFO [OUTPOST-v4] epoch 128 cur={'auroc_all': 0.8373312795600186, 'aupr_all': 0.569962536421293, 'auroc_unknown': 0.7010441316950518, 'aupr_unknown': 0.07900177793749642, 'val_auc': 0.9893719806763286} best={'auroc_all': 0.8418550115031054, 'aupr_all': 0.5789711671686946, 'auroc_unknown': 0.7086205828309646, 'aupr_unknown': 0.08149178487546008}
2026-08-10 22:02:23,203 INFO Epoch: 130, loss: 0.10191503912210464, labeled_loss: 0.009508272632956505, unnlabeled_loss: 0.18481352925300598, mixup_loss: 0.0, energy_loss: 0.0
2026-08-10 22:02:23,203 INFO Best AUROC test all: 0.844525410507815, AUPR test all: 0.5779241125617683, AUROC test unknown: 0.7135679786050564, AUPR test unknown: 0.08185232831179559
2026-08-10 22:02:24,412 INFO [OUTPOST-v4] epoch 129 cur={'auroc_all': 0.8404968551596117, 'aupr_all': 0.5730945318446791, 'auroc_unknown': 0.7056627799555567, 'aupr_unknown': 0.07773967359482278, 'val_auc': 0.9879227053140096} best={'auroc_all': 0.8418550115031054, 'aupr_all': 0.5789711671686946, 'auroc_unknown': 0.7086205828309646, 'aupr_unknown': 0.08149178487546008}
2026-08-10 22:02:25,621 INFO Epoch: 131, loss: 0.03755492717027664, labeled_loss: 0.00717875687405467, unnlabeled_loss: 0.06075233966112137, mixup_loss: 0.0, energy_loss: 0.0
2026-08-10 22:02:25,622 INFO Best AUROC test all: 0.8481817194427166, AUPR test all: 0.580563961888155, AUROC test unknown: 0.7211171497081961, AUPR test unknown: 0.08492434840836381
2026-08-10 22:02:26,857 INFO [OUTPOST-v4] epoch 130 cur={'auroc_all': 0.8402114991557806, 'aupr_all': 0.5768357112751797, 'auroc_unknown': 0.7060488617753106, 'aupr_unknown': 0.07811309400460877, 'val_auc': 0.9903381642512078} best={'auroc_all': 0.8418550115031054, 'aupr_all': 0.5789711671686946, 'auroc_unknown': 0.7086205828309646, 'aupr_unknown': 0.08149178487546008}
2026-08-10 22:02:27,763 INFO Epoch: 132, loss: 0.014077980071306229, labeled_loss: 0.008344783447682858, unnlabeled_loss: 0.011466392315924168, mixup_loss: 0.0, energy_loss: 0.0
2026-08-10 22:02:27,763 INFO Best AUROC test all: 0.8481817194427166, AUPR test all: 0.580563961888155, AUROC test unknown: 0.7211171497081961, AUPR test unknown: 0.08492434840836381
2026-08-10 22:02:29,289 INFO [OUTPOST-v4] epoch 131 cur={'auroc_all': 0.8366812059993878, 'aupr_all': 0.5760110963661657, 'auroc_unknown': 0.7001466648541629, 'aupr_unknown': 0.07732258217529094, 'val_auc': 0.9898550724637681} best={'auroc_all': 0.8418550115031054, 'aupr_all': 0.5789711671686946, 'auroc_unknown': 0.7086205828309646, 'aupr_unknown': 0.08149178487546008}
2026-08-10 22:02:29,984 INFO Epoch: 133, loss: 0.10158515721559525, labeled_loss: 0.008036578074097633, unnlabeled_loss: 0.18709716200828552, mixup_loss: 0.0, energy_loss: 0.0
2026-08-10 22:02:29,984 INFO Best AUROC test all: 0.8541114961936076, AUPR test all: 0.5855508327326486, AUROC test unknown: 0.7319528712003307, AUPR test unknown: 0.08672969974018262
2026-08-10 22:02:31,712 INFO [OUTPOST-v4] epoch 132 cur={'auroc_all': 0.8355360792677509, 'aupr_all': 0.5736114313788091, 'auroc_unknown': 0.697385370689408, 'aupr_unknown': 0.07703707873163218, 'val_auc': 0.9893719806763286} best={'auroc_all': 0.8418550115031054, 'aupr_all': 0.5789711671686946, 'auroc_unknown': 0.7086205828309646, 'aupr_unknown': 0.08149178487546008}
2026-08-10 22:02:32,365 INFO Epoch: 134, loss: 0.030331451445817947, labeled_loss: 0.014907271601259708, unnlabeled_loss: 0.030848361551761627, mixup_loss: 0.0, energy_loss: 0.0
2026-08-10 22:02:32,365 INFO Best AUROC test all: 0.8586470768288949, AUPR test all: 0.5891590252100576, AUROC test unknown: 0.7396518512970036, AUPR test unknown: 0.08903200090891755
2026-08-10 22:02:34,114 INFO [OUTPOST-v4] epoch 133 cur={'auroc_all': 0.8300569230921138, 'aupr_all': 0.5692597153027713, 'auroc_unknown': 0.686731361957948, 'aupr_unknown': 0.07407869815086604, 'val_auc': 0.9942028985507246} best={'auroc_all': 0.8418550115031054, 'aupr_all': 0.5789711671686946, 'auroc_unknown': 0.7086205828309646, 'aupr_unknown': 0.08149178487546008}
2026-08-10 22:02:34,636 INFO Epoch: 135, loss: 0.020073123276233673, labeled_loss: 0.014060192741453648, unnlabeled_loss: 0.012025860138237476, mixup_loss: 0.0, energy_loss: 0.0
2026-08-10 22:02:34,636 INFO Best AUROC test all: 0.8586470768288949, AUPR test all: 0.5891590252100576, AUROC test unknown: 0.7396518512970036, AUPR test unknown: 0.08903200090891755
2026-08-10 22:02:36,931 INFO [OUTPOST-v4] epoch 134 cur={'auroc_all': 0.8406982829270219, 'aupr_all': 0.5738208585656819, 'auroc_unknown': 0.7066994212009318, 'aupr_unknown': 0.07893749491553642, 'val_auc': 0.9942028985507246} best={'auroc_all': 0.8418550115031054, 'aupr_all': 0.5789711671686946, 'auroc_unknown': 0.7086205828309646, 'aupr_unknown': 0.08149178487546008}
2026-08-10 22:02:36,945 INFO Epoch: 136, loss: 0.05863691493868828, labeled_loss: 0.009931814856827259, unnlabeled_loss: 0.09741020202636719, mixup_loss: 0.0, energy_loss: 0.0
2026-08-10 22:02:36,945 INFO Best AUROC test all: 0.8586470768288949, AUPR test all: 0.5891590252100576, AUROC test unknown: 0.7396518512970036, AUPR test unknown: 0.08903200090891755
2026-08-10 22:02:39,249 INFO Epoch: 137, loss: 0.014904379844665527, labeled_loss: 0.009029338136315346, unnlabeled_loss: 0.011750082485377789, mixup_loss: 0.0, energy_loss: 0.0
2026-08-10 22:02:39,249 INFO Best AUROC test all: 0.8586470768288949, AUPR test all: 0.5891590252100576, AUROC test unknown: 0.7396518512970036, AUPR test unknown: 0.08903200090891755
2026-08-10 22:02:39,377 INFO [OUTPOST-v4] epoch 135 cur={'auroc_all': 0.8316290964384807, 'aupr_all': 0.5642484764616765, 'auroc_unknown': 0.6899647394017073, 'aupr_unknown': 0.07506404064674875, 'val_auc': 0.9903381642512078} best={'auroc_all': 0.8418550115031054, 'aupr_all': 0.5789711671686946, 'auroc_unknown': 0.7086205828309646, 'aupr_unknown': 0.08149178487546008}
2026-08-10 22:02:41,522 INFO Epoch: 138, loss: 0.059065014123916626, labeled_loss: 0.00976766087114811, unnlabeled_loss: 0.09859470278024673, mixup_loss: 0.0, energy_loss: 0.0
2026-08-10 22:02:41,522 INFO Best AUROC test all: 0.8586470768288949, AUPR test all: 0.5891590252100576, AUROC test unknown: 0.7396518512970036, AUPR test unknown: 0.08903200090891755
2026-08-10 22:02:42,106 INFO [OUTPOST-v4] epoch 136 cur={'auroc_all': 0.8416261836349814, 'aupr_all': 0.5766873305311305, 'auroc_unknown': 0.7077129437744654, 'aupr_unknown': 0.07845813979841101, 'val_auc': 0.9922705314009661} best={'auroc_all': 0.8418550115031054, 'aupr_all': 0.5789711671686946, 'auroc_unknown': 0.7086205828309646, 'aupr_unknown': 0.08149178487546008}
2026-08-10 22:02:43,900 INFO Epoch: 139, loss: 0.06745858490467072, labeled_loss: 0.008052944205701351, unnlabeled_loss: 0.11881127953529358, mixup_loss: 0.0, energy_loss: 0.0
2026-08-10 22:02:43,900 INFO Best AUROC test all: 0.8586470768288949, AUPR test all: 0.5891590252100576, AUROC test unknown: 0.7396518512970036, AUPR test unknown: 0.08903200090891755
2026-08-10 22:02:44,672 INFO [OUTPOST-v4] epoch 137 cur={'auroc_all': 0.8468829299841031, 'aupr_all': 0.5805150326061477, 'auroc_unknown': 0.718148712243741, 'aupr_unknown': 0.08203472389388389, 'val_auc': 0.9898550724637681} best={'auroc_all': 0.8468829299841031, 'aupr_all': 0.5805150326061477, 'auroc_unknown': 0.718148712243741, 'aupr_unknown': 0.08203472389388389}
2026-08-10 22:02:46,316 INFO Epoch: 140, loss: 0.10562066733837128, labeled_loss: 0.008107633329927921, unnlabeled_loss: 0.19502606987953186, mixup_loss: 0.0, energy_loss: 0.0
2026-08-10 22:02:46,316 INFO Best AUROC test all: 0.8599960998054841, AUPR test all: 0.5891590252100576, AUROC test unknown: 0.7425490832521868, AUPR test unknown: 0.08996420371977452
2026-08-10 22:02:47,013 INFO [OUTPOST-v4] epoch 138 cur={'auroc_all': 0.8446150162425822, 'aupr_all': 0.5812279911787129, 'auroc_unknown': 0.7143063889836755, 'aupr_unknown': 0.08459889598358124, 'val_auc': 0.9946859903381642} best={'auroc_all': 0.8468829299841031, 'aupr_all': 0.5812279911787129, 'auroc_unknown': 0.718148712243741, 'aupr_unknown': 0.08459889598358124}
2026-08-10 22:02:48,682 INFO Epoch: 141, loss: 0.023162901401519775, labeled_loss: 0.009725810028612614, unnlabeled_loss: 0.026874180883169174, mixup_loss: 0.0, energy_loss: 0.0
2026-08-10 22:02:48,682 INFO Best AUROC test all: 0.863395440228285, AUPR test all: 0.5898746427429185, AUROC test unknown: 0.7493279402095662, AUPR test unknown: 0.09235076733321404
2026-08-10 22:02:49,319 INFO [OUTPOST-v4] epoch 139 cur={'auroc_all': 0.8520611787473957, 'aupr_all': 0.581664793016041, 'auroc_unknown': 0.7280892787621709, 'aupr_unknown': 0.08534497279369777, 'val_auc': 0.9893719806763286} best={'auroc_all': 0.8520611787473957, 'aupr_all': 0.581664793016041, 'auroc_unknown': 0.7280892787621709, 'aupr_unknown': 0.08534497279369777}
2026-08-10 22:02:50,996 INFO Epoch: 142, loss: 0.07310175895690918, labeled_loss: 0.018311284482479095, unnlabeled_loss: 0.10958095639944077, mixup_loss: 0.0, energy_loss: 0.0
2026-08-10 22:02:50,997 INFO Best AUROC test all: 0.8665220138827177, AUPR test all: 0.5949146809278496, AUROC test unknown: 0.7544464141552853, AUPR test unknown: 0.09383886339903963
2026-08-10 22:02:51,539 INFO [OUTPOST-v4] epoch 140 cur={'auroc_all': 0.8530090741234436, 'aupr_all': 0.5845165351252787, 'auroc_unknown': 0.7280261647880434, 'aupr_unknown': 0.08383029928588594, 'val_auc': 0.9898550724637681} best={'auroc_all': 0.8530090741234436, 'aupr_all': 0.5845165351252787, 'auroc_unknown': 0.7280892787621709, 'aupr_unknown': 0.08534497279369777}
2026-08-10 22:02:53,217 INFO Epoch: 143, loss: 0.03034375235438347, labeled_loss: 0.02181967906653881, unnlabeled_loss: 0.017048148438334465, mixup_loss: 0.0, energy_loss: 0.0
2026-08-10 22:02:53,218 INFO Best AUROC test all: 0.8665220138827177, AUPR test all: 0.5949146809278496, AUROC test unknown: 0.7544464141552853, AUPR test unknown: 0.09383886339903963
2026-08-10 22:02:53,878 INFO [OUTPOST-v4] epoch 141 cur={'auroc_all': 0.8440889836784264, 'aupr_all': 0.5766429190025154, 'auroc_unknown': 0.713169875075945, 'aupr_unknown': 0.08057046307902424, 'val_auc': 0.9932367149758454} best={'auroc_all': 0.8530090741234436, 'aupr_all': 0.5845165351252787, 'auroc_unknown': 0.7280892787621709, 'aupr_unknown': 0.08534497279369777}
2026-08-10 22:02:55,501 INFO Epoch: 144, loss: 0.06372802704572678, labeled_loss: 0.008653368800878525, unnlabeled_loss: 0.1101493164896965, mixup_loss: 0.0, energy_loss: 0.0
2026-08-10 22:02:55,501 INFO Best AUROC test all: 0.8665220138827177, AUPR test all: 0.5949146809278496, AUROC test unknown: 0.7544464141552853, AUPR test unknown: 0.09383886339903963
2026-08-10 22:02:56,459 INFO [OUTPOST-v4] epoch 142 cur={'auroc_all': 0.837395213128351, 'aupr_all': 0.5701453671603036, 'auroc_unknown': 0.7017483264393454, 'aupr_unknown': 0.07732119535748734, 'val_auc': 0.9942028985507246} best={'auroc_all': 0.8530090741234436, 'aupr_all': 0.5845165351252787, 'auroc_unknown': 0.7280892787621709, 'aupr_unknown': 0.08534497279369777}
2026-08-10 22:02:57,547 INFO Epoch: 145, loss: 0.013140037655830383, labeled_loss: 0.005286650266498327, unnlabeled_loss: 0.015706775709986687, mixup_loss: 0.0, energy_loss: 0.0
2026-08-10 22:02:57,547 INFO Best AUROC test all: 0.8665220138827177, AUPR test all: 0.5949146809278496, AUROC test unknown: 0.7544464141552853, AUPR test unknown: 0.09383886339903963
2026-08-10 22:02:58,921 INFO [OUTPOST-v4] epoch 143 cur={'auroc_all': 0.838004309961788, 'aupr_all': 0.5735811241523137, 'auroc_unknown': 0.7020190460866099, 'aupr_unknown': 0.07937702590454974, 'val_auc': 0.9913043478260869} best={'auroc_all': 0.8530090741234436, 'aupr_all': 0.5845165351252787, 'auroc_unknown': 0.7280892787621709, 'aupr_unknown': 0.08534497279369777}
2026-08-10 22:02:59,579 INFO Epoch: 146, loss: 0.010093385353684425, labeled_loss: 0.0063068317249417305, unnlabeled_loss: 0.007573106326162815, mixup_loss: 0.0, energy_loss: 0.0
2026-08-10 22:02:59,579 INFO Best AUROC test all: 0.8665220138827177, AUPR test all: 0.5949146809278496, AUROC test unknown: 0.7544464141552853, AUPR test unknown: 0.09383886339903963
2026-08-10 22:03:01,172 INFO [OUTPOST-v4] epoch 144 cur={'auroc_all': 0.8452205337835836, 'aupr_all': 0.5770852355339724, 'auroc_unknown': 0.715196920223012, 'aupr_unknown': 0.08223120803231253, 'val_auc': 0.9971014492753624} best={'auroc_all': 0.8530090741234436, 'aupr_all': 0.5845165351252787, 'auroc_unknown': 0.7280892787621709, 'aupr_unknown': 0.08534497279369777}
2026-08-10 22:03:01,968 INFO Epoch: 147, loss: 0.05953923985362053, labeled_loss: 0.005531845148652792, unnlabeled_loss: 0.1080147922039032, mixup_loss: 0.0, energy_loss: 0.0
2026-08-10 22:03:01,969 INFO Best AUROC test all: 0.8665220138827177, AUPR test all: 0.5949146809278496, AUROC test unknown: 0.7544464141552853, AUPR test unknown: 0.09383886339903963
2026-08-10 22:03:03,327 INFO [OUTPOST-v4] epoch 145 cur={'auroc_all': 0.848621848988418, 'aupr_all': 0.5838551695770958, 'auroc_unknown': 0.7213561967750378, 'aupr_unknown': 0.0860548881846619, 'val_auc': 0.9913043478260869} best={'auroc_all': 0.8530090741234436, 'aupr_all': 0.5845165351252787, 'auroc_unknown': 0.7280892787621709, 'aupr_unknown': 0.0860548881846619}
2026-08-10 22:03:04,557 INFO Epoch: 148, loss: 0.08043303340673447, labeled_loss: 0.012912938371300697, unnlabeled_loss: 0.13504019379615784, mixup_loss: 0.0, energy_loss: 0.0
2026-08-10 22:03:04,558 INFO Best AUROC test all: 0.8665220138827177, AUPR test all: 0.5949146809278496, AUROC test unknown: 0.7544464141552853, AUPR test unknown: 0.09383886339903963
2026-08-10 22:03:05,536 INFO [OUTPOST-v4] epoch 146 cur={'auroc_all': 0.8492350188097988, 'aupr_all': 0.5865173403543819, 'auroc_unknown': 0.7236269127233147, 'aupr_unknown': 0.0886339120559686, 'val_auc': 0.9946859903381642} best={'auroc_all': 0.8530090741234436, 'aupr_all': 0.5865173403543819, 'auroc_unknown': 0.7280892787621709, 'aupr_unknown': 0.0886339120559686}
2026-08-10 22:03:06,866 INFO Epoch: 149, loss: 0.062052372843027115, labeled_loss: 0.008178221993148327, unnlabeled_loss: 0.10774829983711243, mixup_loss: 0.0, energy_loss: 0.0
2026-08-10 22:03:06,866 INFO Best AUROC test all: 0.8665220138827177, AUPR test all: 0.5949146809278496, AUROC test unknown: 0.7544464141552853, AUPR test unknown: 0.09383886339903963
2026-08-10 22:03:07,825 INFO [OUTPOST-v4] epoch 147 cur={'auroc_all': 0.8434964256445194, 'aupr_all': 0.5823692205816535, 'auroc_unknown': 0.7117520069319025, 'aupr_unknown': 0.08132189721585373, 'val_auc': 0.9888888888888889} best={'auroc_all': 0.8530090741234436, 'aupr_all': 0.5865173403543819, 'auroc_unknown': 0.7280892787621709, 'aupr_unknown': 0.0886339120559686}
2026-08-10 22:03:09,131 INFO Epoch: 150, loss: 0.056725479662418365, labeled_loss: 0.005605810321867466, unnlabeled_loss: 0.10223934054374695, mixup_loss: 0.0, energy_loss: 0.0
2026-08-10 22:03:09,131 INFO Best AUROC test all: 0.8665220138827177, AUPR test all: 0.5949146809278496, AUROC test unknown: 0.7544464141552853, AUPR test unknown: 0.09383886339903963
2026-08-10 22:03:10,400 INFO [OUTPOST-v4] epoch 148 cur={'auroc_all': 0.8422636679601487, 'aupr_all': 0.5789411649874197, 'auroc_unknown': 0.708665895427774, 'aupr_unknown': 0.08110152277377305, 'val_auc': 0.9908212560386473} best={'auroc_all': 0.8530090741234436, 'aupr_all': 0.5865173403543819, 'auroc_unknown': 0.7280892787621709, 'aupr_unknown': 0.0886339120559686}
2026-08-10 22:03:11,415 INFO Epoch: 151, loss: 0.060599375516176224, labeled_loss: 0.013298705220222473, unnlabeled_loss: 0.0946013405919075, mixup_loss: 0.0, energy_loss: 0.0
2026-08-10 22:03:11,415 INFO Best AUROC test all: 0.8665220138827177, AUPR test all: 0.5949146809278496, AUROC test unknown: 0.7544464141552853, AUPR test unknown: 0.09383886339903963
2026-08-10 22:03:12,660 INFO [OUTPOST-v4] epoch 149 cur={'auroc_all': 0.8346942050021229, 'aupr_all': 0.5716660155796591, 'auroc_unknown': 0.6955224681124159, 'aupr_unknown': 0.07787572257648745, 'val_auc': 0.9966183574879227} best={'auroc_all': 0.8530090741234436, 'aupr_all': 0.5865173403543819, 'auroc_unknown': 0.7280892787621709, 'aupr_unknown': 0.0886339120559686}
2026-08-10 22:03:13,703 INFO Epoch: 152, loss: 0.0776929035782814, labeled_loss: 0.024100055918097496, unnlabeled_loss: 0.10718569159507751, mixup_loss: 0.0, energy_loss: 0.0
2026-08-10 22:03:13,704 INFO Best AUROC test all: 0.8665220138827177, AUPR test all: 0.5949146809278496, AUROC test unknown: 0.7544464141552853, AUPR test unknown: 0.09383886339903963
2026-08-10 22:03:14,868 INFO [OUTPOST-v4] epoch 150 cur={'auroc_all': 0.8297249128627429, 'aupr_all': 0.5675853310150213, 'auroc_unknown': 0.685467232981652, 'aupr_unknown': 0.0751494037036952, 'val_auc': 0.9864734299516909} best={'auroc_all': 0.8530090741234436, 'aupr_all': 0.5865173403543819, 'auroc_unknown': 0.7280892787621709, 'aupr_unknown': 0.0886339120559686}
2026-08-10 22:03:16,039 INFO Epoch: 153, loss: 0.05664841830730438, labeled_loss: 0.009888441301882267, unnlabeled_loss: 0.09351995587348938, mixup_loss: 0.0, energy_loss: 0.0
2026-08-10 22:03:16,039 INFO Best AUROC test all: 0.8665220138827177, AUPR test all: 0.5949146809278496, AUROC test unknown: 0.7544464141552853, AUPR test unknown: 0.09383886339903963
2026-08-10 22:03:17,319 INFO [OUTPOST-v4] epoch 151 cur={'auroc_all': 0.8202874295249662, 'aupr_all': 0.5606556811363768, 'auroc_unknown': 0.6697909239793338, 'aupr_unknown': 0.07006705644657324, 'val_auc': 0.9917874396135267} best={'auroc_all': 0.8530090741234436, 'aupr_all': 0.5865173403543819, 'auroc_unknown': 0.7280892787621709, 'aupr_unknown': 0.0886339120559686}
2026-08-10 22:03:18,459 INFO Epoch: 154, loss: 0.01407129131257534, labeled_loss: 0.006715317722409964, unnlabeled_loss: 0.014711948111653328, mixup_loss: 0.0, energy_loss: 0.0
2026-08-10 22:03:18,460 INFO Best AUROC test all: 0.8665220138827177, AUPR test all: 0.5949146809278496, AUROC test unknown: 0.7544464141552853, AUPR test unknown: 0.09383886339903963
2026-08-10 22:03:19,545 INFO [OUTPOST-v4] epoch 152 cur={'auroc_all': 0.8189535876852593, 'aupr_all': 0.5566407841995497, 'auroc_unknown': 0.6673960607632676, 'aupr_unknown': 0.0681410157395069, 'val_auc': 0.9908212560386473} best={'auroc_all': 0.8530090741234436, 'aupr_all': 0.5865173403543819, 'auroc_unknown': 0.7280892787621709, 'aupr_unknown': 0.0886339120559686}
2026-08-10 22:03:20,667 INFO Epoch: 155, loss: 0.061393871903419495, labeled_loss: 0.010113583877682686, unnlabeled_loss: 0.10256057232618332, mixup_loss: 0.0, energy_loss: 0.0
2026-08-10 22:03:20,667 INFO Best AUROC test all: 0.8665220138827177, AUPR test all: 0.5949146809278496, AUROC test unknown: 0.7544464141552853, AUPR test unknown: 0.09383886339903963
2026-08-10 22:03:22,017 INFO [OUTPOST-v4] epoch 153 cur={'auroc_all': 0.8229721456994185, 'aupr_all': 0.5645241445680799, 'auroc_unknown': 0.6762572164934154, 'aupr_unknown': 0.07438909051830814, 'val_auc': 0.9816425120772947} best={'auroc_all': 0.8530090741234436, 'aupr_all': 0.5865173403543819, 'auroc_unknown': 0.7280892787621709, 'aupr_unknown': 0.0886339120559686}
2026-08-10 22:03:22,884 INFO Epoch: 156, loss: 0.05965445190668106, labeled_loss: 0.005424143746495247, unnlabeled_loss: 0.10846062004566193, mixup_loss: 0.0, energy_loss: 0.0
2026-08-10 22:03:22,884 INFO Best AUROC test all: 0.8665220138827177, AUPR test all: 0.5949146809278496, AUROC test unknown: 0.7544464141552853, AUPR test unknown: 0.09383886339903963
2026-08-10 22:03:24,486 INFO [OUTPOST-v4] epoch 154 cur={'auroc_all': 0.8327926133278041, 'aupr_all': 0.5695835643845314, 'auroc_unknown': 0.6926663873931108, 'aupr_unknown': 0.07479889023061874, 'val_auc': 0.9888888888888889} best={'auroc_all': 0.8530090741234436, 'aupr_all': 0.5865173403543819, 'auroc_unknown': 0.7280892787621709, 'aupr_unknown': 0.0886339120559686}
2026-08-10 22:03:25,228 INFO Epoch: 157, loss: 0.06282497942447662, labeled_loss: 0.007336508948355913, unnlabeled_loss: 0.1109769344329834, mixup_loss: 0.0, energy_loss: 0.0
2026-08-10 22:03:25,229 INFO Best AUROC test all: 0.8665220138827177, AUPR test all: 0.5949146809278496, AUROC test unknown: 0.7544464141552853, AUPR test unknown: 0.09383886339903963
2026-08-10 22:03:26,810 INFO [OUTPOST-v4] epoch 155 cur={'auroc_all': 0.8384391322807745, 'aupr_all': 0.577136430705168, 'auroc_unknown': 0.7023077982979109, 'aupr_unknown': 0.08066876152161585, 'val_auc': 0.9888888888888889} best={'auroc_all': 0.8530090741234436, 'aupr_all': 0.5865173403543819, 'auroc_unknown': 0.7280892787621709, 'aupr_unknown': 0.0886339120559686}
2026-08-10 22:03:27,338 INFO Epoch: 158, loss: 0.05546747148036957, labeled_loss: 0.005175585392862558, unnlabeled_loss: 0.1005837693810463, mixup_loss: 0.0, energy_loss: 0.0
2026-08-10 22:03:27,339 INFO Best AUROC test all: 0.8665220138827177, AUPR test all: 0.5949146809278496, AUROC test unknown: 0.7544464141552853, AUPR test unknown: 0.09383886339903963
2026-08-10 22:03:29,467 INFO [OUTPOST-v4] epoch 156 cur={'auroc_all': 0.8413416915982899, 'aupr_all': 0.5757938702257483, 'auroc_unknown': 0.7073245500875274, 'aupr_unknown': 0.07936432901094115, 'val_auc': 0.9869565217391305} best={'auroc_all': 0.8530090741234436, 'aupr_all': 0.5865173403543819, 'auroc_unknown': 0.7280892787621709, 'aupr_unknown': 0.0886339120559686}
2026-08-10 22:03:29,480 INFO Epoch: 159, loss: 0.04588764160871506, labeled_loss: 0.008536368608474731, unnlabeled_loss: 0.07470254600048065, mixup_loss: 0.0, energy_loss: 0.0
2026-08-10 22:03:29,480 INFO Best AUROC test all: 0.8665220138827177, AUPR test all: 0.5949146809278496, AUROC test unknown: 0.7544464141552853, AUPR test unknown: 0.09571676429798745
2026-08-10 22:03:31,960 INFO [OUTPOST-v4] epoch 157 cur={'auroc_all': 0.8420739654610622, 'aupr_all': 0.57919838008672, 'auroc_unknown': 0.7080107122677844, 'aupr_unknown': 0.0805866033604374, 'val_auc': 0.9956521739130435} best={'auroc_all': 0.8530090741234436, 'aupr_all': 0.5865173403543819, 'auroc_unknown': 0.7280892787621709, 'aupr_unknown': 0.0886339120559686}
2026-08-10 22:03:31,974 INFO Epoch: 160, loss: 0.059330448508262634, labeled_loss: 0.015131070278584957, unnlabeled_loss: 0.0883987545967102, mixup_loss: 0.0, energy_loss: 0.0
2026-08-10 22:03:31,974 INFO Best AUROC test all: 0.8686251567483237, AUPR test all: 0.5974978379738838, AUROC test unknown: 0.7577865998629527, AUPR test unknown: 0.09574523833942158
2026-08-10 22:03:34,428 INFO [OUTPOST-v4] epoch 158 cur={'auroc_all': 0.8356254381547636, 'aupr_all': 0.5746164778755745, 'auroc_unknown': 0.6970633275906551, 'aupr_unknown': 0.07859385623477506, 'val_auc': 0.9903381642512078} best={'auroc_all': 0.8530090741234436, 'aupr_all': 0.5865173403543819, 'auroc_unknown': 0.7280892787621709, 'aupr_unknown': 0.0886339120559686}
2026-08-10 22:03:34,442 INFO Epoch: 161, loss: 0.05471090227365494, labeled_loss: 0.015748368576169014, unnlabeled_loss: 0.07792507112026215, mixup_loss: 0.0, energy_loss: 0.0
2026-08-10 22:03:34,442 INFO Best AUROC test all: 0.8686251567483237, AUPR test all: 0.5974978379738838, AUROC test unknown: 0.7577865998629527, AUPR test unknown: 0.09574523833942158
2026-08-10 22:03:36,939 INFO [OUTPOST-v4] epoch 159 cur={'auroc_all': 0.8329230723658877, 'aupr_all': 0.5684246961164919, 'auroc_unknown': 0.6925202773870722, 'aupr_unknown': 0.07779787515810375, 'val_auc': 0.9917874396135267} best={'auroc_all': 0.8530090741234436, 'aupr_all': 0.5865173403543819, 'auroc_unknown': 0.7280892787621709, 'aupr_unknown': 0.0886339120559686}
2026-08-10 22:03:36,953 INFO Epoch: 162, loss: 0.04736299812793732, labeled_loss: 0.011612528935074806, unnlabeled_loss: 0.07150093466043472, mixup_loss: 0.0, energy_loss: 0.0
2026-08-10 22:03:36,953 INFO Best AUROC test all: 0.8686251567483237, AUPR test all: 0.5974978379738838, AUROC test unknown: 0.7577865998629527, AUPR test unknown: 0.09574523833942158
2026-08-10 22:03:39,335 INFO [OUTPOST-v4] epoch 160 cur={'auroc_all': 0.8307142786614927, 'aupr_all': 0.5696988865503018, 'auroc_unknown': 0.6881254178699935, 'aupr_unknown': 0.07446929957274012, 'val_auc': 0.9908212560386473} best={'auroc_all': 0.8530090741234436, 'aupr_all': 0.5865173403543819, 'auroc_unknown': 0.7280892787621709, 'aupr_unknown': 0.0886339120559686}
2026-08-10 22:03:39,344 INFO Epoch: 163, loss: 0.020355749875307083, labeled_loss: 0.009418394416570663, unnlabeled_loss: 0.02187470905482769, mixup_loss: 0.0, energy_loss: 0.0
2026-08-10 22:03:39,344 INFO Best AUROC test all: 0.8686251567483237, AUPR test all: 0.5974978379738838, AUROC test unknown: 0.7577865998629527, AUPR test unknown: 0.09574523833942158
2026-08-10 22:03:41,881 INFO [OUTPOST-v4] epoch 161 cur={'auroc_all': 0.8428553620269161, 'aupr_all': 0.5765660967511844, 'auroc_unknown': 0.7112692890638509, 'aupr_unknown': 0.08008528069375434, 'val_auc': 0.9855072463768116} best={'auroc_all': 0.8530090741234436, 'aupr_all': 0.5865173403543819, 'auroc_unknown': 0.7280892787621709, 'aupr_unknown': 0.0886339120559686}
2026-08-10 22:03:41,894 INFO Epoch: 164, loss: 0.062030140310525894, labeled_loss: 0.0063118222169578075, unnlabeled_loss: 0.1114366352558136, mixup_loss: 0.0, energy_loss: 0.0
2026-08-10 22:03:41,894 INFO Best AUROC test all: 0.8686251567483237, AUPR test all: 0.5974978379738838, AUROC test unknown: 0.7577865998629527, AUPR test unknown: 0.09574523833942158
2026-08-10 22:03:44,379 INFO [OUTPOST-v4] epoch 162 cur={'auroc_all': 0.8363289542541742, 'aupr_all': 0.5740271804498316, 'auroc_unknown': 0.6996267259244463, 'aupr_unknown': 0.07867253982789114, 'val_auc': 0.9922705314009661} best={'auroc_all': 0.8530090741234436, 'aupr_all': 0.5865173403543819, 'auroc_unknown': 0.7280892787621709, 'aupr_unknown': 0.0886339120559686}
2026-08-10 22:03:44,395 INFO Epoch: 165, loss: 0.07060661911964417, labeled_loss: 0.015427139587700367, unnlabeled_loss: 0.11035896092653275, mixup_loss: 0.0, energy_loss: 0.0
2026-08-10 22:03:44,395 INFO Best AUROC test all: 0.8686251567483237, AUPR test all: 0.5974978379738838, AUROC test unknown: 0.7577865998629527, AUPR test unknown: 0.09574523833942158
2026-08-10 22:03:47,090 INFO [OUTPOST-v4] epoch 163 cur={'auroc_all': 0.8405380787345595, 'aupr_all': 0.5743370782898094, 'auroc_unknown': 0.7085433664670139, 'aupr_unknown': 0.08021080874791818, 'val_auc': 0.9956521739130435} best={'auroc_all': 0.8530090741234436, 'aupr_all': 0.5865173403543819, 'auroc_unknown': 0.7280892787621709, 'aupr_unknown': 0.0886339120559686}
2026-08-10 22:03:47,105 INFO Epoch: 166, loss: 0.01169650536030531, labeled_loss: 0.006756029091775417, unnlabeled_loss: 0.009880952537059784, mixup_loss: 0.0, energy_loss: 0.0
2026-08-10 22:03:47,105 INFO Best AUROC test all: 0.8686251567483237, AUPR test all: 0.5974978379738838, AUROC test unknown: 0.7577865998629527, AUPR test unknown: 0.09574523833942158
2026-08-10 22:03:49,771 INFO Epoch: 167, loss: 0.020787131041288376, labeled_loss: 0.009905983693897724, unnlabeled_loss: 0.021762292832136154, mixup_loss: 0.0, energy_loss: 0.0
2026-08-10 22:03:49,771 INFO Best AUROC test all: 0.8686251567483237, AUPR test all: 0.5974978379738838, AUROC test unknown: 0.7577865998629527, AUPR test unknown: 0.09574523833942158
2026-08-10 22:03:49,780 INFO [OUTPOST-v4] epoch 164 cur={'auroc_all': 0.8438890369975414, 'aupr_all': 0.5793915023566658, 'auroc_unknown': 0.7113185318348736, 'aupr_unknown': 0.08229840652804168, 'val_auc': 0.9917874396135267} best={'auroc_all': 0.8530090741234436, 'aupr_all': 0.5865173403543819, 'auroc_unknown': 0.7280892787621709, 'aupr_unknown': 0.0886339120559686}
2026-08-10 22:03:52,448 INFO Epoch: 168, loss: 0.05921497195959091, labeled_loss: 0.006566620897501707, unnlabeled_loss: 0.10529670119285583, mixup_loss: 0.0, energy_loss: 0.0
2026-08-10 22:03:52,448 INFO Best AUROC test all: 0.8686251567483237, AUPR test all: 0.5974978379738838, AUROC test unknown: 0.7577865998629527, AUPR test unknown: 0.09574523833942158
2026-08-10 22:03:52,460 INFO [OUTPOST-v4] epoch 165 cur={'auroc_all': 0.8441857479980648, 'aupr_all': 0.581290467381997, 'auroc_unknown': 0.7141390097995427, 'aupr_unknown': 0.08222891209116007, 'val_auc': 0.9893719806763286} best={'auroc_all': 0.8530090741234436, 'aupr_all': 0.5865173403543819, 'auroc_unknown': 0.7280892787621709, 'aupr_unknown': 0.0886339120559686}
2026-08-10 22:03:54,540 INFO Epoch: 169, loss: 0.1004561334848404, labeled_loss: 0.007993277162313461, unnlabeled_loss: 0.18492572009563446, mixup_loss: 0.0, energy_loss: 0.0
2026-08-10 22:03:54,540 INFO Best AUROC test all: 0.8689640787148117, AUPR test all: 0.5974978379738838, AUROC test unknown: 0.7586244205304903, AUPR test unknown: 0.09574523833942158
2026-08-10 22:03:55,119 INFO [OUTPOST-v4] epoch 166 cur={'auroc_all': 0.8503117687135283, 'aupr_all': 0.5843540027169122, 'auroc_unknown': 0.7250799212485562, 'aupr_unknown': 0.08541631125641856, 'val_auc': 0.9913043478260869} best={'auroc_all': 0.8530090741234436, 'aupr_all': 0.5865173403543819, 'auroc_unknown': 0.7280892787621709, 'aupr_unknown': 0.0886339120559686}
2026-08-10 22:03:56,712 INFO Epoch: 170, loss: 0.07025496661663055, labeled_loss: 0.012586165219545364, unnlabeled_loss: 0.11533761024475098, mixup_loss: 0.0, energy_loss: 0.0
2026-08-10 22:03:56,712 INFO Best AUROC test all: 0.8759323439675346, AUPR test all: 0.6162439213742731, AUROC test unknown: 0.7715412848618013, AUPR test unknown: 0.10832169872163497
2026-08-10 22:03:57,734 INFO [OUTPOST-v4] epoch 167 cur={'auroc_all': 0.8409305666637046, 'aupr_all': 0.5795869588745257, 'auroc_unknown': 0.707678265766703, 'aupr_unknown': 0.08055839848272124, 'val_auc': 0.9917874396135267} best={'auroc_all': 0.8530090741234436, 'aupr_all': 0.5865173403543819, 'auroc_unknown': 0.7280892787621709, 'aupr_unknown': 0.0886339120559686}
2026-08-10 22:03:58,888 INFO Epoch: 171, loss: 0.06554723531007767, labeled_loss: 0.022903215140104294, unnlabeled_loss: 0.08528804033994675, mixup_loss: 0.0, energy_loss: 0.0
2026-08-10 22:03:58,888 INFO Best AUROC test all: 0.8759323439675346, AUPR test all: 0.6162439213742731, AUROC test unknown: 0.7715412848618013, AUPR test unknown: 0.10832169872163497
2026-08-10 22:04:00,140 INFO [OUTPOST-v4] epoch 168 cur={'auroc_all': 0.8357272628533625, 'aupr_all': 0.5754338657202133, 'auroc_unknown': 0.6975851160141191, 'aupr_unknown': 0.07934656030027479, 'val_auc': 0.9903381642512078} best={'auroc_all': 0.8530090741234436, 'aupr_all': 0.5865173403543819, 'auroc_unknown': 0.7280892787621709, 'aupr_unknown': 0.0886339120559686}
2026-08-10 22:04:01,234 INFO Epoch: 172, loss: 0.07504657655954361, labeled_loss: 0.015947477892041206, unnlabeled_loss: 0.1181982010602951, mixup_loss: 0.0, energy_loss: 0.0
2026-08-10 22:04:01,234 INFO Best AUROC test all: 0.8759323439675346, AUPR test all: 0.6162439213742731, AUROC test unknown: 0.7715412848618013, AUPR test unknown: 0.10832169872163497
2026-08-10 22:04:02,508 INFO [OUTPOST-v4] epoch 169 cur={'auroc_all': 0.8439788895800626, 'aupr_all': 0.5814299111388149, 'auroc_unknown': 0.7130639915589106, 'aupr_unknown': 0.08345893865819579, 'val_auc': 0.9879227053140096} best={'auroc_all': 0.8530090741234436, 'aupr_all': 0.5865173403543819, 'auroc_unknown': 0.7280892787621709, 'aupr_unknown': 0.0886339120559686}
2026-08-10 22:04:03,325 INFO Epoch: 173, loss: 0.10053777694702148, labeled_loss: 0.0070995367132127285, unnlabeled_loss: 0.18687647581100464, mixup_loss: 0.0, energy_loss: 0.0
2026-08-10 22:04:03,325 INFO Best AUROC test all: 0.8759323439675346, AUPR test all: 0.6162439213742731, AUROC test unknown: 0.7715412848618013, AUPR test unknown: 0.10832169872163497
2026-08-10 22:04:04,901 INFO [OUTPOST-v4] epoch 170 cur={'auroc_all': 0.8422371318265747, 'aupr_all': 0.5746349079375442, 'auroc_unknown': 0.709388585109541, 'aupr_unknown': 0.07924597049797334, 'val_auc': 0.985024154589372} best={'auroc_all': 0.8530090741234436, 'aupr_all': 0.5865173403543819, 'auroc_unknown': 0.7280892787621709, 'aupr_unknown': 0.0886339120559686}
2026-08-10 22:04:05,538 INFO Epoch: 174, loss: 0.058312177658081055, labeled_loss: 0.0045704408548772335, unnlabeled_loss: 0.10748347640037537, mixup_loss: 0.0, energy_loss: 0.0
2026-08-10 22:04:05,539 INFO Best AUROC test all: 0.8759323439675346, AUPR test all: 0.6162439213742731, AUROC test unknown: 0.7715412848618013, AUPR test unknown: 0.10832169872163497
2026-08-10 22:04:07,255 INFO [OUTPOST-v4] epoch 171 cur={'auroc_all': 0.8399282413578602, 'aupr_all': 0.574742446266815, 'auroc_unknown': 0.7051888471828048, 'aupr_unknown': 0.07992412410108196, 'val_auc': 0.9859903381642512} best={'auroc_all': 0.8530090741234436, 'aupr_all': 0.5865173403543819, 'auroc_unknown': 0.7280892787621709, 'aupr_unknown': 0.0886339120559686}
2026-08-10 22:04:07,797 INFO Epoch: 175, loss: 0.059426385909318924, labeled_loss: 0.007122982293367386, unnlabeled_loss: 0.10460680723190308, mixup_loss: 0.0, energy_loss: 0.0
2026-08-10 22:04:07,797 INFO Best AUROC test all: 0.8759323439675346, AUPR test all: 0.6162439213742731, AUROC test unknown: 0.7715412848618013, AUPR test unknown: 0.10832169872163497
2026-08-10 22:04:09,649 INFO [OUTPOST-v4] epoch 172 cur={'auroc_all': 0.8450605764388754, 'aupr_all': 0.5810300307021196, 'auroc_unknown': 0.7149800670811381, 'aupr_unknown': 0.08321125954626568, 'val_auc': 0.9927536231884058} best={'auroc_all': 0.8530090741234436, 'aupr_all': 0.5865173403543819, 'auroc_unknown': 0.7280892787621709, 'aupr_unknown': 0.0886339120559686}
2026-08-10 22:04:09,986 INFO Epoch: 176, loss: 0.06669488549232483, labeled_loss: 0.006419335957616568, unnlabeled_loss: 0.12055109441280365, mixup_loss: 0.0, energy_loss: 0.0
2026-08-10 22:04:09,986 INFO Best AUROC test all: 0.8759323439675346, AUPR test all: 0.6162439213742731, AUROC test unknown: 0.7715412848618013, AUPR test unknown: 0.10832169872163497
2026-08-10 22:04:12,127 INFO [OUTPOST-v4] epoch 173 cur={'auroc_all': 0.8462057031705125, 'aupr_all': 0.5857027645608336, 'auroc_unknown': 0.7172410731872418, 'aupr_unknown': 0.08726055965523902, 'val_auc': 0.9908212560386473} best={'auroc_all': 0.8530090741234436, 'aupr_all': 0.5865173403543819, 'auroc_unknown': 0.7280892787621709, 'aupr_unknown': 0.0886339120559686}
2026-08-10 22:04:12,358 INFO Epoch: 177, loss: 0.09573670476675034, labeled_loss: 0.007465073838829994, unnlabeled_loss: 0.17654326558113098, mixup_loss: 0.0, energy_loss: 0.0
2026-08-10 22:04:12,358 INFO Best AUROC test all: 0.8761769700919262, AUPR test all: 0.6162439213742731, AUROC test unknown: 0.7730694290705278, AUPR test unknown: 0.10832169872163497
2026-08-10 22:04:14,719 INFO [OUTPOST-v4] epoch 174 cur={'auroc_all': 0.8441195927999448, 'aupr_all': 0.5806638788923628, 'auroc_unknown': 0.712892913387283, 'aupr_unknown': 0.08293373984151736, 'val_auc': 0.9913043478260869} best={'auroc_all': 0.8530090741234436, 'aupr_all': 0.5865173403543819, 'auroc_unknown': 0.7280892787621709, 'aupr_unknown': 0.0886339120559686}
2026-08-10 22:04:14,748 INFO Epoch: 178, loss: 0.03221043944358826, labeled_loss: 0.01670677959918976, unnlabeled_loss: 0.0310073159635067, mixup_loss: 0.0, energy_loss: 0.0
2026-08-10 22:04:14,748 INFO Best AUROC test all: 0.8761769700919262, AUPR test all: 0.6162439213742731, AUROC test unknown: 0.7730694290705278, AUPR test unknown: 0.10832169872163497
2026-08-10 22:04:17,329 INFO [OUTPOST-v4] epoch 175 cur={'auroc_all': 0.8526931089980943, 'aupr_all': 0.5887497751075137, 'auroc_unknown': 0.7289307984172033, 'aupr_unknown': 0.0876236812655488, 'val_auc': 0.9951690821256038} best={'auroc_all': 0.8530090741234436, 'aupr_all': 0.5887497751075137, 'auroc_unknown': 0.7289307984172033, 'aupr_unknown': 0.0886339120559686}
2026-08-10 22:04:17,342 INFO Epoch: 179, loss: 0.05337614566087723, labeled_loss: 0.013062821701169014, unnlabeled_loss: 0.08062665164470673, mixup_loss: 0.0, energy_loss: 0.0
2026-08-10 22:04:17,343 INFO Best AUROC test all: 0.8761769700919262, AUPR test all: 0.6162439213742731, AUROC test unknown: 0.7730694290705278, AUPR test unknown: 0.10832169872163497
2026-08-10 22:04:19,957 INFO [OUTPOST-v4] epoch 176 cur={'auroc_all': 0.8555548150122931, 'aupr_all': 0.5891515088679687, 'auroc_unknown': 0.7340770147691322, 'aupr_unknown': 0.0889554282944852, 'val_auc': 0.9937198067632851} best={'auroc_all': 0.8555548150122931, 'aupr_all': 0.5891515088679687, 'auroc_unknown': 0.7340770147691322, 'aupr_unknown': 0.0889554282944852}
2026-08-10 22:04:20,020 INFO Epoch: 180, loss: 0.06397958099842072, labeled_loss: 0.00997016578912735, unnlabeled_loss: 0.10801883786916733, mixup_loss: 0.0, energy_loss: 0.0
2026-08-10 22:04:20,021 INFO Best AUROC test all: 0.8761769700919262, AUPR test all: 0.6162439213742731, AUROC test unknown: 0.7730694290705278, AUPR test unknown: 0.10832169872163497
2026-08-10 22:04:22,619 INFO Epoch: 181, loss: 0.06295271962881088, labeled_loss: 0.013590214774012566, unnlabeled_loss: 0.09872501343488693, mixup_loss: 0.0, energy_loss: 0.0
2026-08-10 22:04:22,620 INFO Best AUROC test all: 0.8761769700919262, AUPR test all: 0.6162439213742731, AUROC test unknown: 0.7730694290705278, AUPR test unknown: 0.10832169872163497
2026-08-10 22:04:22,621 INFO [OUTPOST-v4] epoch 177 cur={'auroc_all': 0.865148306130711, 'aupr_all': 0.5952704403539115, 'auroc_unknown': 0.7525520701845888, 'aupr_unknown': 0.09422068299425675, 'val_auc': 0.9927536231884058} best={'auroc_all': 0.865148306130711, 'aupr_all': 0.5952704403539115, 'auroc_unknown': 0.7525520701845888, 'aupr_unknown': 0.09422068299425675}
2026-08-10 22:04:24,870 INFO Epoch: 182, loss: 0.04973774403333664, labeled_loss: 0.004731222987174988, unnlabeled_loss: 0.0900130420923233, mixup_loss: 0.0, energy_loss: 0.0
2026-08-10 22:04:24,870 INFO Best AUROC test all: 0.8761769700919262, AUPR test all: 0.6162439213742731, AUROC test unknown: 0.7730694290705278, AUPR test unknown: 0.10832169872163497
2026-08-10 22:04:24,910 INFO [OUTPOST-v4] epoch 178 cur={'auroc_all': 0.8573621108445157, 'aupr_all': 0.5928568060433659, 'auroc_unknown': 0.7384644763112217, 'aupr_unknown': 0.09410326343491968, 'val_auc': 0.9884057971014493} best={'auroc_all': 0.865148306130711, 'aupr_all': 0.5952704403539115, 'auroc_unknown': 0.7525520701845888, 'aupr_unknown': 0.09422068299425675}
2026-08-10 22:04:27,268 INFO [OUTPOST-v4] epoch 179 cur={'auroc_all': 0.85643532095145, 'aupr_all': 0.588650987811825, 'auroc_unknown': 0.737344607847217, 'aupr_unknown': 0.09081881596968222, 'val_auc': 0.9937198067632851} best={'auroc_all': 0.865148306130711, 'aupr_all': 0.5952704403539115, 'auroc_unknown': 0.7525520701845888, 'aupr_unknown': 0.09422068299425675}
2026-08-10 22:04:27,281 INFO Epoch: 183, loss: 0.03590020909905434, labeled_loss: 0.009402169845998287, unnlabeled_loss: 0.05299607664346695, mixup_loss: 0.0, energy_loss: 0.0
2026-08-10 22:04:27,281 INFO Best AUROC test all: 0.8761769700919262, AUPR test all: 0.6162439213742731, AUROC test unknown: 0.7730694290705278, AUPR test unknown: 0.10832169872163497
2026-08-10 22:04:29,828 INFO [OUTPOST-v4] epoch 180 cur={'auroc_all': 0.8553375889886156, 'aupr_all': 0.5863465770089655, 'auroc_unknown': 0.734485752887291, 'aupr_unknown': 0.08836330887200752, 'val_auc': 0.9917874396135267} best={'auroc_all': 0.865148306130711, 'aupr_all': 0.5952704403539115, 'auroc_unknown': 0.7525520701845888, 'aupr_unknown': 0.09422068299425675}
2026-08-10 22:04:29,884 INFO Epoch: 184, loss: 0.01622810959815979, labeled_loss: 0.00675121508538723, unnlabeled_loss: 0.01895378902554512, mixup_loss: 0.0, energy_loss: 0.0
2026-08-10 22:04:29,885 INFO Best AUROC test all: 0.8761769700919262, AUPR test all: 0.6162439213742731, AUROC test unknown: 0.7730694290705278, AUPR test unknown: 0.10832169872163497
2026-08-10 22:04:32,501 INFO [OUTPOST-v4] epoch 181 cur={'auroc_all': 0.8529584703338369, 'aupr_all': 0.5879464804183439, 'auroc_unknown': 0.7288096565767535, 'aupr_unknown': 0.0901619201549747, 'val_auc': 0.9961352657004832} best={'auroc_all': 0.865148306130711, 'aupr_all': 0.5952704403539115, 'auroc_unknown': 0.7525520701845888, 'aupr_unknown': 0.09422068299425675}
2026-08-10 22:04:32,557 INFO Epoch: 185, loss: 0.0885402262210846, labeled_loss: 0.007862304337322712, unnlabeled_loss: 0.16135583817958832, mixup_loss: 0.0, energy_loss: 0.0
2026-08-10 22:04:32,558 INFO Best AUROC test all: 0.8761769700919262, AUPR test all: 0.6162439213742731, AUROC test unknown: 0.7730694290705278, AUPR test unknown: 0.10832169872163497
2026-08-10 22:04:34,995 INFO [OUTPOST-v4] epoch 182 cur={'auroc_all': 0.8622626558843567, 'aupr_all': 0.5928729489822199, 'auroc_unknown': 0.7486732194230135, 'aupr_unknown': 0.09257558438322586, 'val_auc': 0.9917874396135267} best={'auroc_all': 0.865148306130711, 'aupr_all': 0.5952704403539115, 'auroc_unknown': 0.7525520701845888, 'aupr_unknown': 0.09422068299425675}
2026-08-10 22:04:35,009 INFO Epoch: 186, loss: 0.060141753405332565, labeled_loss: 0.007425935007631779, unnlabeled_loss: 0.10543163865804672, mixup_loss: 0.0, energy_loss: 0.0
2026-08-10 22:04:35,009 INFO Best AUROC test all: 0.8761769700919262, AUPR test all: 0.6162439213742731, AUROC test unknown: 0.7730694290705278, AUPR test unknown: 0.10832169872163497
2026-08-10 22:04:37,452 INFO [OUTPOST-v4] epoch 183 cur={'auroc_all': 0.8687495680164301, 'aupr_all': 0.5963497919582634, 'auroc_unknown': 0.7590405566236382, 'aupr_unknown': 0.09668076996060732, 'val_auc': 0.9898550724637681} best={'auroc_all': 0.8687495680164301, 'aupr_all': 0.5963497919582634, 'auroc_unknown': 0.7590405566236382, 'aupr_unknown': 0.09668076996060732}
2026-08-10 22:04:37,465 INFO Epoch: 187, loss: 0.07900241762399673, labeled_loss: 0.008137482218444347, unnlabeled_loss: 0.14172987639904022, mixup_loss: 0.0, energy_loss: 0.0
2026-08-10 22:04:37,465 INFO Best AUROC test all: 0.8782349398185175, AUPR test all: 0.6162439213742731, AUROC test unknown: 0.7751380878269096, AUPR test unknown: 0.10832169872163497
2026-08-10 22:04:39,977 INFO [OUTPOST-v4] epoch 184 cur={'auroc_all': 0.8639733108208181, 'aupr_all': 0.5973111530028726, 'auroc_unknown': 0.7493210046080137, 'aupr_unknown': 0.09700202343095242, 'val_auc': 0.9927536231884058} best={'auroc_all': 0.8687495680164301, 'aupr_all': 0.5973111530028726, 'auroc_unknown': 0.7590405566236382, 'aupr_unknown': 0.09700202343095242}
2026-08-10 22:04:39,988 INFO Epoch: 188, loss: 0.09545343369245529, labeled_loss: 0.01502873282879591, unnlabeled_loss: 0.1608494073152542, mixup_loss: 0.0, energy_loss: 0.0
2026-08-10 22:04:39,989 INFO Best AUROC test all: 0.8829589887141208, AUPR test all: 0.6224531282606637, AUROC test unknown: 0.7850425892172663, AUPR test unknown: 0.11828542184171457
2026-08-10 22:04:42,450 INFO [OUTPOST-v4] epoch 185 cur={'auroc_all': 0.8625129595070944, 'aupr_all': 0.5930413660208141, 'auroc_unknown': 0.7480957150004115, 'aupr_unknown': 0.0925286573971798, 'val_auc': 0.9946859903381642} best={'auroc_all': 0.8687495680164301, 'aupr_all': 0.5973111530028726, 'auroc_unknown': 0.7590405566236382, 'aupr_unknown': 0.09700202343095242}
2026-08-10 22:04:42,483 INFO Epoch: 189, loss: 0.03463248163461685, labeled_loss: 0.017214588820934296, unnlabeled_loss: 0.03483578562736511, mixup_loss: 0.0, energy_loss: 0.0
2026-08-10 22:04:42,483 INFO Best AUROC test all: 0.8829589887141208, AUPR test all: 0.6224531282606637, AUROC test unknown: 0.7850425892172663, AUPR test unknown: 0.11828542184171457
2026-08-10 22:04:44,829 INFO [OUTPOST-v4] epoch 186 cur={'auroc_all': 0.8608000829408455, 'aupr_all': 0.5914955940418959, 'auroc_unknown': 0.7435834126303775, 'aupr_unknown': 0.09195341470868265, 'val_auc': 0.9888888888888889} best={'auroc_all': 0.8687495680164301, 'aupr_all': 0.5973111530028726, 'auroc_unknown': 0.7590405566236382, 'aupr_unknown': 0.09700202343095242}
2026-08-10 22:04:45,124 INFO Epoch: 190, loss: 0.05881290137767792, labeled_loss: 0.010954667814075947, unnlabeled_loss: 0.09571646898984909, mixup_loss: 0.0, energy_loss: 0.0
2026-08-10 22:04:45,124 INFO Best AUROC test all: 0.8829589887141208, AUPR test all: 0.6224531282606637, AUROC test unknown: 0.7850425892172663, AUPR test unknown: 0.11828542184171457
2026-08-10 22:04:47,212 INFO [OUTPOST-v4] epoch 187 cur={'auroc_all': 0.8602858990688903, 'aupr_all': 0.5941666065738946, 'auroc_unknown': 0.7430290268796174, 'aupr_unknown': 0.0935259814356184, 'val_auc': 0.9898550724637681} best={'auroc_all': 0.8687495680164301, 'aupr_all': 0.5973111530028726, 'auroc_unknown': 0.7590405566236382, 'aupr_unknown': 0.09700202343095242}
2026-08-10 22:04:47,629 INFO Epoch: 191, loss: 0.04433143138885498, labeled_loss: 0.005880407057702541, unnlabeled_loss: 0.07690204679965973, mixup_loss: 0.0, energy_loss: 0.0
2026-08-10 22:04:47,629 INFO Best AUROC test all: 0.8829589887141208, AUPR test all: 0.6224531282606637, AUROC test unknown: 0.7850425892172663, AUPR test unknown: 0.11828542184171457
2026-08-10 22:04:49,685 INFO [OUTPOST-v4] epoch 188 cur={'auroc_all': 0.860628647175568, 'aupr_all': 0.5935345982520295, 'auroc_unknown': 0.7440573454031296, 'aupr_unknown': 0.09419921505729806, 'val_auc': 0.9864734299516909} best={'auroc_all': 0.8687495680164301, 'aupr_all': 0.5973111530028726, 'auroc_unknown': 0.7590405566236382, 'aupr_unknown': 0.09700202343095242}
2026-08-10 22:04:50,161 INFO Epoch: 192, loss: 0.10984767228364944, labeled_loss: 0.007388614118099213, unnlabeled_loss: 0.20491811633110046, mixup_loss: 0.0, energy_loss: 0.0
2026-08-10 22:04:50,161 INFO Best AUROC test all: 0.8829589887141208, AUPR test all: 0.6224531282606637, AUROC test unknown: 0.7850425892172663, AUPR test unknown: 0.11828542184171457
2026-08-10 22:04:52,146 INFO [OUTPOST-v4] epoch 189 cur={'auroc_all': 0.8526262132567118, 'aupr_all': 0.5891736637133924, 'auroc_unknown': 0.7311890302826858, 'aupr_unknown': 0.09045514321024539, 'val_auc': 0.9942028985507246} best={'auroc_all': 0.8687495680164301, 'aupr_all': 0.5973111530028726, 'auroc_unknown': 0.7590405566236382, 'aupr_unknown': 0.09700202343095242}
2026-08-10 22:04:52,587 INFO Epoch: 193, loss: 0.059759750962257385, labeled_loss: 0.005901957396417856, unnlabeled_loss: 0.10771558433771133, mixup_loss: 0.0, energy_loss: 0.0
2026-08-10 22:04:52,587 INFO Best AUROC test all: 0.8829589887141208, AUPR test all: 0.6224531282606637, AUROC test unknown: 0.7850425892172663, AUPR test unknown: 0.11828542184171457
2026-08-10 22:04:54,508 INFO [OUTPOST-v4] epoch 190 cur={'auroc_all': 0.8577201635119523, 'aupr_all': 0.5882562038404509, 'auroc_unknown': 0.7390073027260613, 'aupr_unknown': 0.08977579875781545, 'val_auc': 0.9917874396135267} best={'auroc_all': 0.8687495680164301, 'aupr_all': 0.5973111530028726, 'auroc_unknown': 0.7590405566236382, 'aupr_unknown': 0.09700202343095242}
2026-08-10 22:04:54,891 INFO Epoch: 194, loss: 0.05931973084807396, labeled_loss: 0.009922985918819904, unnlabeled_loss: 0.09879349172115326, mixup_loss: 0.0, energy_loss: 0.0
2026-08-10 22:04:54,891 INFO Best AUROC test all: 0.8829589887141208, AUPR test all: 0.6224531282606637, AUROC test unknown: 0.7850425892172663, AUPR test unknown: 0.11828542184171457
2026-08-10 22:04:56,858 INFO [OUTPOST-v4] epoch 191 cur={'auroc_all': 0.8567818951983176, 'aupr_all': 0.5897991389151446, 'auroc_unknown': 0.736215029541039, 'aupr_unknown': 0.09409279797760636, 'val_auc': 0.9888888888888889} best={'auroc_all': 0.8687495680164301, 'aupr_all': 0.5973111530028726, 'auroc_unknown': 0.7590405566236382, 'aupr_unknown': 0.09700202343095242}
2026-08-10 22:04:57,197 INFO Epoch: 195, loss: 0.015563085675239563, labeled_loss: 0.008156610652804375, unnlabeled_loss: 0.014812950044870377, mixup_loss: 0.0, energy_loss: 0.0
2026-08-10 22:04:57,197 INFO Best AUROC test all: 0.8829589887141208, AUPR test all: 0.6224531282606637, AUROC test unknown: 0.7850425892172663, AUPR test unknown: 0.11828542184171457
2026-08-10 22:04:59,645 INFO [OUTPOST-v4] epoch 192 cur={'auroc_all': 0.8656463214747673, 'aupr_all': 0.5953617062785346, 'auroc_unknown': 0.7533036582061576, 'aupr_unknown': 0.0954921069359571, 'val_auc': 0.9869565217391305} best={'auroc_all': 0.8687495680164301, 'aupr_all': 0.5973111530028726, 'auroc_unknown': 0.7590405566236382, 'aupr_unknown': 0.09700202343095242}
2026-08-10 22:04:59,661 INFO Epoch: 196, loss: 0.055486198514699936, labeled_loss: 0.008641518652439117, unnlabeled_loss: 0.09368935972452164, mixup_loss: 0.0, energy_loss: 0.0
2026-08-10 22:04:59,662 INFO Best AUROC test all: 0.8829589887141208, AUPR test all: 0.6224531282606637, AUROC test unknown: 0.7850425892172663, AUPR test unknown: 0.11828542184171457
2026-08-10 22:05:02,124 INFO [OUTPOST-v4] epoch 193 cur={'auroc_all': 0.8712730926074035, 'aupr_all': 0.6017848190538274, 'auroc_unknown': 0.7661389136258677, 'aupr_unknown': 0.10097422022219318, 'val_auc': 0.9917874396135267} best={'auroc_all': 0.8712730926074035, 'aupr_all': 0.6017848190538274, 'auroc_unknown': 0.7661389136258677, 'aupr_unknown': 0.10097422022219318}
2026-08-10 22:05:02,140 INFO Epoch: 197, loss: 0.09203355014324188, labeled_loss: 0.007791271433234215, unnlabeled_loss: 0.16848455369472504, mixup_loss: 0.0, energy_loss: 0.0
2026-08-10 22:05:02,140 INFO Best AUROC test all: 0.8829589887141208, AUPR test all: 0.6224531282606637, AUROC test unknown: 0.7850425892172663, AUPR test unknown: 0.11828542184171457
2026-08-10 22:05:04,594 INFO Epoch: 198, loss: 0.03095436654984951, labeled_loss: 0.01539011113345623, unnlabeled_loss: 0.03112851083278656, mixup_loss: 0.0, energy_loss: 0.0
2026-08-10 22:05:04,594 INFO Best AUROC test all: 0.8829589887141208, AUPR test all: 0.6224531282606637, AUROC test unknown: 0.7850425892172663, AUPR test unknown: 0.11828542184171457
2026-08-10 22:05:04,798 INFO [OUTPOST-v4] epoch 194 cur={'auroc_all': 0.8646857134393792, 'aupr_all': 0.5959839231403904, 'auroc_unknown': 0.7504565937688705, 'aupr_unknown': 0.0948589512681943, 'val_auc': 0.9879227053140096} best={'auroc_all': 0.8712730926074035, 'aupr_all': 0.6017848190538274, 'auroc_unknown': 0.7661389136258677, 'aupr_unknown': 0.10097422022219318}
2026-08-10 22:05:06,833 INFO Epoch: 199, loss: 0.021725649014115334, labeled_loss: 0.008383292704820633, unnlabeled_loss: 0.0266847126185894, mixup_loss: 0.0, energy_loss: 0.0
2026-08-10 22:05:06,833 INFO Best AUROC test all: 0.8829589887141208, AUPR test all: 0.6224531282606637, AUROC test unknown: 0.7850425892172663, AUPR test unknown: 0.11828542184171457
2026-08-10 22:05:07,151 INFO [OUTPOST-v4] epoch 195 cur={'auroc_all': 0.858117835243935, 'aupr_all': 0.5903763653202151, 'auroc_unknown': 0.7394867839800551, 'aupr_unknown': 0.09168084143680076, 'val_auc': 0.9913043478260869} best={'auroc_all': 0.8712730926074035, 'aupr_all': 0.6017848190538274, 'auroc_unknown': 0.7661389136258677, 'aupr_unknown': 0.10097422022219318}
2026-08-10 22:05:09,441 INFO Epoch: 0, loss: 0.646809995174408, labeled_loss: 0.646809995174408, unnlabeled_loss: 0.0, mixup_loss: 0.0, energy_loss: 0.0
2026-08-10 22:05:09,441 INFO Best AUROC test all: 0.6617846352083889, AUPR test all: 0.1438704982105694, AUROC test unknown: 0.8356933048975425, AUPR test unknown: 0.1597017798192087
2026-08-10 22:05:09,803 INFO [OUTPOST-v4] epoch 196 cur={'auroc_all': 0.8584568806342999, 'aupr_all': 0.5902408784435446, 'auroc_unknown': 0.739734384955478, 'aupr_unknown': 0.09111256429217374, 'val_auc': 0.9893719806763286} best={'auroc_all': 0.8712730926074035, 'aupr_all': 0.6017848190538274, 'auroc_unknown': 0.7661389136258677, 'aupr_unknown': 0.10097422022219318}
2026-08-10 22:05:11,572 INFO Epoch: 1, loss: 0.5010932087898254, labeled_loss: 0.5010932087898254, unnlabeled_loss: 0.0, mixup_loss: 0.0, energy_loss: 0.0
2026-08-10 22:05:11,572 INFO Best AUROC test all: 0.6657023559149658, AUPR test all: 0.14549085513023885, AUROC test unknown: 0.8368911252626452, AUPR test unknown: 0.16073132437032545
2026-08-10 22:05:12,248 INFO [OUTPOST-v4] epoch 197 cur={'auroc_all': 0.8488790643482726, 'aupr_all': 0.5843358767480736, 'auroc_unknown': 0.7229892997539248, 'aupr_unknown': 0.08570322660957387, 'val_auc': 0.9922705314009661} best={'auroc_all': 0.8712730926074035, 'aupr_all': 0.6017848190538274, 'auroc_unknown': 0.7661389136258677, 'aupr_unknown': 0.10097422022219318}
2026-08-10 22:05:13,863 INFO Epoch: 2, loss: 0.4170207679271698, labeled_loss: 0.4170207679271698, unnlabeled_loss: 0.0, mixup_loss: 0.0, energy_loss: 0.0
2026-08-10 22:05:13,863 INFO Best AUROC test all: 0.6657023559149658, AUPR test all: 0.1463123232824633, AUROC test unknown: 0.8402245332523726, AUPR test unknown: 0.1646766993287143
2026-08-10 22:05:14,436 INFO [OUTPOST-v4] epoch 198 cur={'auroc_all': 0.8517689110064477, 'aupr_all': 0.5846527423121093, 'auroc_unknown': 0.7295591639178565, 'aupr_unknown': 0.08971798656908794, 'val_auc': 0.9821256038647344} best={'auroc_all': 0.8712730926074035, 'aupr_all': 0.6017848190538274, 'auroc_unknown': 0.7661389136258677, 'aupr_unknown': 0.10097422022219318}
2026-08-10 22:05:16,214 INFO Epoch: 3, loss: 0.3925076127052307, labeled_loss: 0.3925076127052307, unnlabeled_loss: 0.0, mixup_loss: 0.0, energy_loss: 0.0
2026-08-10 22:05:16,214 INFO Best AUROC test all: 0.666529172467589, AUPR test all: 0.1463123232824633, AUROC test unknown: 0.8402245332523726, AUPR test unknown: 0.1646766993287143
2026-08-10 22:05:16,895 INFO [OUTPOST-v4] epoch 199 cur={'auroc_all': 0.8559865517343525, 'aupr_all': 0.5846987484581206, 'auroc_unknown': 0.7359232719023985, 'aupr_unknown': 0.08949392445381124, 'val_auc': 0.9884057971014493} best={'auroc_all': 0.8712730926074035, 'aupr_all': 0.6017848190538274, 'auroc_unknown': 0.7661389136258677, 'aupr_unknown': 0.10097422022219318}
2026-08-10 22:05:17,795 INFO [OUTPOST-v4] epoch 0 cur={'auroc_all': 0.6504623458435775, 'aupr_all': 0.14125600826363804, 'auroc_unknown': 0.8365999653262526, 'aupr_unknown': 0.1591938481511554, 'val_auc': 0.40531400966183573} best={'auroc_all': 0.6504623458435775, 'aupr_all': 0.14125600826363804, 'auroc_unknown': 0.8365999653262526, 'aupr_unknown': 0.1591938481511554}
2026-08-10 22:05:18,431 INFO [OUTPOST-v4] epoch 1 cur={'auroc_all': 0.6503408967485214, 'aupr_all': 0.1384539085206038, 'auroc_unknown': 0.8261692228186439, 'aupr_unknown': 0.15321278431701524, 'val_auc': 0.35942028985507246} best={'auroc_all': 0.6504623458435775, 'aupr_all': 0.14125600826363804, 'auroc_unknown': 0.8365999653262526, 'aupr_unknown': 0.1591938481511554}
2026-08-10 22:05:18,444 INFO Epoch: 4, loss: 0.41378653049468994, labeled_loss: 0.41378653049468994, unnlabeled_loss: 0.0, mixup_loss: 0.0, energy_loss: 0.0
2026-08-10 22:05:18,444 INFO Best AUROC test all: 0.6695064032307435, AUPR test all: 0.14883102146298965, AUROC test unknown: 0.8402245332523726, AUPR test unknown: 0.16508479669813347
2026-08-10 22:05:19,150 INFO [OUTPOST-v4] epoch 2 cur={'auroc_all': 0.6545113895553779, 'aupr_all': 0.13962372678848536, 'auroc_unknown': 0.8310822356769634, 'aupr_unknown': 0.15493106994664058, 'val_auc': 0.4} best={'auroc_all': 0.6545113895553779, 'aupr_all': 0.14125600826363804, 'auroc_unknown': 0.8365999653262526, 'aupr_unknown': 0.1591938481511554}
2026-08-10 22:05:19,922 INFO [OUTPOST-v4] epoch 3 cur={'auroc_all': 0.6609978079919429, 'aupr_all': 0.1419936618208991, 'auroc_unknown': 0.834689176398957, 'aupr_unknown': 0.15712738275082674, 'val_auc': 0.3917874396135265} best={'auroc_all': 0.6609978079919429, 'aupr_all': 0.1419936618208991, 'auroc_unknown': 0.8365999653262526, 'aupr_unknown': 0.1591938481511554}
2026-08-10 22:05:20,588 INFO Epoch: 5, loss: 0.4217894673347473, labeled_loss: 0.4217894673347473, unnlabeled_loss: 0.0, mixup_loss: 0.0, energy_loss: 0.0
2026-08-10 22:05:20,589 INFO Best AUROC test all: 0.6705041618531354, AUPR test all: 0.14883102146298965, AUROC test unknown: 0.8402245332523726, AUPR test unknown: 0.16508479669813347
2026-08-10 22:05:20,598 INFO [OUTPOST-v4] epoch 4 cur={'auroc_all': 0.6649898298725277, 'aupr_all': 0.14593672292234994, 'auroc_unknown': 0.8396413838640988, 'aupr_unknown': 0.16308687152933182, 'val_auc': 0.3884057971014493} best={'auroc_all': 0.6649898298725277, 'aupr_all': 0.14593672292234994, 'auroc_unknown': 0.8396413838640988, 'aupr_unknown': 0.16308687152933182}
2026-08-10 22:05:23,174 INFO [OUTPOST-v4] epoch 5 cur={'auroc_all': 0.6646889224601835, 'aupr_all': 0.1466586172555629, 'auroc_unknown': 0.8374651499805478, 'aupr_unknown': 0.16364718560455427, 'val_auc': 0.3932367149758454} best={'auroc_all': 0.6649898298725277, 'aupr_all': 0.1466586172555629, 'auroc_unknown': 0.8396413838640988, 'aupr_unknown': 0.16364718560455427}
2026-08-10 22:05:23,188 INFO Epoch: 6, loss: 0.447429358959198, labeled_loss: 0.41968655586242676, unnlabeled_loss: 0.055485617369413376, mixup_loss: 0.0, energy_loss: 0.0
2026-08-10 22:05:23,188 INFO Best AUROC test all: 0.6760942760942761, AUPR test all: 0.15052927340043243, AUROC test unknown: 0.8402245332523726, AUPR test unknown: 0.16508479669813347
2026-08-10 22:05:25,631 INFO [OUTPOST-v4] epoch 6 cur={'auroc_all': 0.661211578147062, 'aupr_all': 0.14310947598838214, 'auroc_unknown': 0.8296415746526611, 'aupr_unknown': 0.1574931740145746, 'val_auc': 0.4241545893719807} best={'auroc_all': 0.6649898298725277, 'aupr_all': 0.1466586172555629, 'auroc_unknown': 0.8396413838640988, 'aupr_unknown': 0.16364718560455427}
2026-08-10 22:05:25,828 INFO Epoch: 7, loss: 0.4085563123226166, labeled_loss: 0.4034874439239502, unnlabeled_loss: 0.01013775821775198, mixup_loss: 0.0, energy_loss: 0.0
2026-08-10 22:05:25,828 INFO Best AUROC test all: 0.6782065523267868, AUPR test all: 0.15179245073746261, AUROC test unknown: 0.8402245332523726, AUPR test unknown: 0.1651204890873069
2026-08-10 22:05:28,143 INFO [OUTPOST-v4] epoch 7 cur={'auroc_all': 0.6642012747218026, 'aupr_all': 0.14532038543157966, 'auroc_unknown': 0.8322599402914751, 'aupr_unknown': 0.16095932395576523, 'val_auc': 0.45265700483091786} best={'auroc_all': 0.6649898298725277, 'aupr_all': 0.1466586172555629, 'auroc_unknown': 0.8396413838640988, 'aupr_unknown': 0.16364718560455427}
2026-08-10 22:05:28,434 INFO Epoch: 8, loss: 0.39445942640304565, labeled_loss: 0.392631471157074, unnlabeled_loss: 0.003655911423265934, mixup_loss: 0.0, energy_loss: 0.0
2026-08-10 22:05:28,434 INFO Best AUROC test all: 0.6830398313536143, AUPR test all: 0.15281387910984115, AUROC test unknown: 0.8402245332523726, AUPR test unknown: 0.1651204890873069
2026-08-10 22:05:30,661 INFO Epoch: 9, loss: 0.3755144476890564, labeled_loss: 0.37507301568984985, unnlabeled_loss: 0.0008828730206005275, mixup_loss: 0.0, energy_loss: 0.0
2026-08-10 22:05:30,661 INFO Best AUROC test all: 0.6858975878037461, AUPR test all: 0.15415616142673685, AUROC test unknown: 0.8402245332523726, AUPR test unknown: 0.1651204890873069
2026-08-10 22:05:30,710 INFO [OUTPOST-v4] epoch 8 cur={'auroc_all': 0.66234140031794, 'aupr_all': 0.14253525819381638, 'auroc_unknown': 0.831520012475913, 'aupr_unknown': 0.15733077642559382, 'val_auc': 0.4231884057971015} best={'auroc_all': 0.6649898298725277, 'aupr_all': 0.1466586172555629, 'auroc_unknown': 0.8396413838640988, 'aupr_unknown': 0.16364718560455427}
2026-08-10 22:05:33,267 INFO Epoch: 10, loss: 0.3790488839149475, labeled_loss: 0.37900274991989136, unnlabeled_loss: 9.227997361449525e-05, mixup_loss: 0.0, energy_loss: 0.0
2026-08-10 22:05:33,267 INFO Best AUROC test all: 0.6913367546432062, AUPR test all: 0.15976668765774843, AUROC test unknown: 0.8402245332523726, AUPR test unknown: 0.1663963845943443
2026-08-10 22:05:33,284 INFO [OUTPOST-v4] epoch 9 cur={'auroc_all': 0.6675407545642149, 'aupr_all': 0.14545581517544853, 'auroc_unknown': 0.8296759995454256, 'aupr_unknown': 0.15874880448548956, 'val_auc': 0.45458937198067634} best={'auroc_all': 0.6675407545642149, 'aupr_all': 0.1466586172555629, 'auroc_unknown': 0.8396413838640988, 'aupr_unknown': 0.16364718560455427}
2026-08-10 22:05:35,793 INFO [OUTPOST-v4] epoch 10 cur={'auroc_all': 0.667791428458584, 'aupr_all': 0.1434016422359231, 'auroc_unknown': 0.8219071722397665, 'aupr_unknown': 0.1534509557754471, 'val_auc': 0.4444444444444445} best={'auroc_all': 0.667791428458584, 'aupr_all': 0.1466586172555629, 'auroc_unknown': 0.8396413838640988, 'aupr_unknown': 0.16364718560455427}
2026-08-10 22:05:35,806 INFO Epoch: 11, loss: 0.3840651512145996, labeled_loss: 0.3840523362159729, unnlabeled_loss: 2.5644963898230344e-05, mixup_loss: 0.0, energy_loss: 0.0
2026-08-10 22:05:35,806 INFO Best AUROC test all: 0.6945939107596, AUPR test all: 0.16107588689279725, AUROC test unknown: 0.8402245332523726, AUPR test unknown: 0.1663963845943443
2026-08-10 22:05:38,328 INFO [OUTPOST-v4] epoch 11 cur={'auroc_all': 0.6690155464715583, 'aupr_all': 0.14318014926082923, 'auroc_unknown': 0.8146310771341567, 'aupr_unknown': 0.14985563251962483, 'val_auc': 0.47439613526570046} best={'auroc_all': 0.6690155464715583, 'aupr_all': 0.1466586172555629, 'auroc_unknown': 0.8396413838640988, 'aupr_unknown': 0.16364718560455427}
2026-08-10 22:05:38,339 INFO Epoch: 12, loss: 0.3836113214492798, labeled_loss: 0.3836113214492798, unnlabeled_loss: 0.0, mixup_loss: 0.0, energy_loss: 0.0
2026-08-10 22:05:38,339 INFO Best AUROC test all: 0.6985576685723313, AUPR test all: 0.16360591150726947, AUROC test unknown: 0.8402245332523726, AUPR test unknown: 0.1663963845943443
2026-08-10 22:05:40,757 INFO [OUTPOST-v4] epoch 12 cur={'auroc_all': 0.6655569625877543, 'aupr_all': 0.13748991233788724, 'auroc_unknown': 0.7906601533110524, 'aupr_unknown': 0.1351882180076968, 'val_auc': 0.5024154589371981} best={'auroc_all': 0.6690155464715583, 'aupr_all': 0.1466586172555629, 'auroc_unknown': 0.8396413838640988, 'aupr_unknown': 0.16364718560455427}
2026-08-10 22:05:40,769 INFO Epoch: 13, loss: 0.381181538105011, labeled_loss: 0.381181538105011, unnlabeled_loss: 0.0, mixup_loss: 0.0, energy_loss: 0.0
2026-08-10 22:05:41,298 INFO Best AUROC test all: 0.6985576685723313, AUPR test all: 0.16360591150726947, AUROC test unknown: 0.8402245332523726, AUPR test unknown: 0.1663963845943443
2026-08-10 22:05:42,766 INFO [OUTPOST-v4] epoch 13 cur={'auroc_all': 0.6394974920268175, 'aupr_all': 0.11861921994870119, 'auroc_unknown': 0.7094424992306244, 'aupr_unknown': 0.09293016113781567, 'val_auc': 0.5611111111111111} best={'auroc_all': 0.6690155464715583, 'aupr_all': 0.1466586172555629, 'auroc_unknown': 0.8396413838640988, 'aupr_unknown': 0.16364718560455427}
2026-08-10 22:05:43,510 INFO Epoch: 14, loss: 0.3772810399532318, labeled_loss: 0.3772810399532318, unnlabeled_loss: 0.0, mixup_loss: 0.0, energy_loss: 0.0
2026-08-10 22:05:43,510 INFO Best AUROC test all: 0.6985576685723313, AUPR test all: 0.16360591150726947, AUROC test unknown: 0.8402245332523726, AUPR test unknown: 0.1663963845943443
2026-08-10 22:05:45,136 INFO [OUTPOST-v4] epoch 14 cur={'auroc_all': 0.6086600363359894, 'aupr_all': 0.10692343634786544, 'auroc_unknown': 0.619040657042628, 'aupr_unknown': 0.06553775602129697, 'val_auc': 0.5980676328502416} best={'auroc_all': 0.6690155464715583, 'aupr_all': 0.1466586172555629, 'auroc_unknown': 0.8396413838640988, 'aupr_unknown': 0.16364718560455427}
2026-08-10 22:05:45,744 INFO Epoch: 15, loss: 0.3765605390071869, labeled_loss: 0.3764534592628479, unnlabeled_loss: 0.00021417296375147998, mixup_loss: 0.0, energy_loss: 0.0
2026-08-10 22:05:45,744 INFO Best AUROC test all: 0.6999447061030638, AUPR test all: 0.16462760859461287, AUROC test unknown: 0.8402245332523726, AUPR test unknown: 0.1663963845943443
2026-08-10 22:05:47,731 INFO [OUTPOST-v4] epoch 15 cur={'auroc_all': 0.5846450822990412, 'aupr_all': 0.10167616579347603, 'auroc_unknown': 0.5536791915210245, 'aupr_unknown': 0.05437228046481131, 'val_auc': 0.6231884057971014} best={'auroc_all': 0.6690155464715583, 'aupr_all': 0.1466586172555629, 'auroc_unknown': 0.8396413838640988, 'aupr_unknown': 0.16364718560455427}
2026-08-10 22:05:48,297 INFO Epoch: 16, loss: 0.3714370131492615, labeled_loss: 0.37111425399780273, unnlabeled_loss: 0.0006455265101976693, mixup_loss: 0.0, energy_loss: 0.0
2026-08-10 22:05:48,297 INFO Best AUROC test all: 0.6999447061030638, AUPR test all: 0.1662651516828959, AUROC test unknown: 0.8402245332523726, AUPR test unknown: 0.1663963845943443
2026-08-10 22:05:50,295 INFO [OUTPOST-v4] epoch 16 cur={'auroc_all': 0.5721212614907629, 'aupr_all': 0.10189596040059204, 'auroc_unknown': 0.5206337830136796, 'aupr_unknown': 0.05030681715945685, 'val_auc': 0.6565217391304348} best={'auroc_all': 0.6690155464715583, 'aupr_all': 0.1466586172555629, 'auroc_unknown': 0.8396413838640988, 'aupr_unknown': 0.16364718560455427}
2026-08-10 22:05:50,971 INFO Epoch: 17, loss: 0.36786940693855286, labeled_loss: 0.36705857515335083, unnlabeled_loss: 0.001621663453988731, mixup_loss: 0.0, energy_loss: 0.0
2026-08-10 22:05:50,971 INFO Best AUROC test all: 0.6999447061030638, AUPR test all: 0.1662651516828959, AUROC test unknown: 0.8402245332523726, AUPR test unknown: 0.1663963845943443
2026-08-10 22:05:52,687 INFO [OUTPOST-v4] epoch 17 cur={'auroc_all': 0.5650573427332958, 'aupr_all': 0.10143326562675117, 'auroc_unknown': 0.4957671898420852, 'aupr_unknown': 0.04788574235036432, 'val_auc': 0.6584541062801932} best={'auroc_all': 0.6690155464715583, 'aupr_all': 0.1466586172555629, 'auroc_unknown': 0.8396413838640988, 'aupr_unknown': 0.16364718560455427}
2026-08-10 22:05:53,489 INFO Epoch: 18, loss: 0.37018054723739624, labeled_loss: 0.3688126802444458, unnlabeled_loss: 0.0027357572689652443, mixup_loss: 0.0, energy_loss: 0.0
2026-08-10 22:05:53,489 INFO Best AUROC test all: 0.7002691874759325, AUPR test all: 0.16968574119515006, AUROC test unknown: 0.8402245332523726, AUPR test unknown: 0.1663963845943443
2026-08-10 22:05:55,237 INFO [OUTPOST-v4] epoch 18 cur={'auroc_all': 0.5624507538730412, 'aupr_all': 0.10521356766961695, 'auroc_unknown': 0.48513840051164514, 'aupr_unknown': 0.04675664340102773, 'val_auc': 0.6603864734299517} best={'auroc_all': 0.6690155464715583, 'aupr_all': 0.1466586172555629, 'auroc_unknown': 0.8396413838640988, 'aupr_unknown': 0.16364718560455427}
2026-08-10 22:05:55,637 INFO Epoch: 19, loss: 0.37097254395484924, labeled_loss: 0.36889877915382385, unnlabeled_loss: 0.004147527739405632, mixup_loss: 0.0, energy_loss: 0.0
2026-08-10 22:05:55,637 INFO Best AUROC test all: 0.7028299860777867, AUPR test all: 0.17423011945520847, AUROC test unknown: 0.8402245332523726, AUPR test unknown: 0.1663963845943443
2026-08-10 22:05:57,858 INFO Epoch: 20, loss: 0.36750608682632446, labeled_loss: 0.3646186292171478, unnlabeled_loss: 0.005774935241788626, mixup_loss: 0.0, energy_loss: 0.0
2026-08-10 22:05:57,859 INFO Best AUROC test all: 0.7028299860777867, AUPR test all: 0.18163857362104252, AUROC test unknown: 0.8402245332523726, AUPR test unknown: 0.1663963845943443
2026-08-10 22:05:57,860 INFO [OUTPOST-v4] epoch 19 cur={'auroc_all': 0.5641690610898822, 'aupr_all': 0.10649404186479305, 'auroc_unknown': 0.4839324923705313, 'aupr_unknown': 0.04665226773199669, 'val_auc': 0.6917874396135265} best={'auroc_all': 0.6690155464715583, 'aupr_all': 0.1466586172555629, 'auroc_unknown': 0.8396413838640988, 'aupr_unknown': 0.16364718560455427}
2026-08-10 22:06:00,289 INFO [OUTPOST-v4] epoch 20 cur={'auroc_all': 0.5670245959102265, 'aupr_all': 0.11167017122671993, 'auroc_unknown': 0.48331927304580674, 'aupr_unknown': 0.04657017792037721, 'val_auc': 0.6927536231884057} best={'auroc_all': 0.6690155464715583, 'aupr_all': 0.1466586172555629, 'auroc_unknown': 0.8396413838640988, 'aupr_unknown': 0.16364718560455427}
2026-08-10 22:06:00,297 INFO Epoch: 21, loss: 0.36897537112236023, labeled_loss: 0.36600926518440247, unnlabeled_loss: 0.005932230968028307, mixup_loss: 0.0, energy_loss: 0.0
2026-08-10 22:06:00,297 INFO Best AUROC test all: 0.7028299860777867, AUPR test all: 0.19250750561604701, AUROC test unknown: 0.8402245332523726, AUPR test unknown: 0.1663963845943443
2026-08-10 22:06:02,940 INFO [OUTPOST-v4] epoch 21 cur={'auroc_all': 0.5738954797239255, 'aupr_all': 0.11089628100607093, 'auroc_unknown': 0.49041951086789715, 'aupr_unknown': 0.04718204436828807, 'val_auc': 0.6855072463768116} best={'auroc_all': 0.6690155464715583, 'aupr_all': 0.1466586172555629, 'auroc_unknown': 0.8396413838640988, 'aupr_unknown': 0.16364718560455427}
2026-08-10 22:06:02,953 INFO Epoch: 22, loss: 0.366639643907547, labeled_loss: 0.36345791816711426, unnlabeled_loss: 0.0063634468242526054, mixup_loss: 0.0, energy_loss: 0.0
2026-08-10 22:06:02,953 INFO Best AUROC test all: 0.7028299860777867, AUPR test all: 0.22947705986579467, AUROC test unknown: 0.8402245332523726, AUPR test unknown: 0.1663963845943443
2026-08-10 22:06:05,293 INFO Epoch: 23, loss: 0.36584803462028503, labeled_loss: 0.36260926723480225, unnlabeled_loss: 0.006477553863078356, mixup_loss: 0.0, energy_loss: 0.0
2026-08-10 22:06:05,293 INFO Best AUROC test all: 0.7028299860777867, AUPR test all: 0.22947705986579467, AUROC test unknown: 0.8402245332523726, AUPR test unknown: 0.1663963845943443
2026-08-10 22:06:05,433 INFO [OUTPOST-v4] epoch 22 cur={'auroc_all': 0.5779012016548674, 'aupr_all': 0.11405658639023396, 'auroc_unknown': 0.49792247845955656, 'aupr_unknown': 0.047948578561138766, 'val_auc': 0.6410628019323672} best={'auroc_all': 0.6690155464715583, 'aupr_all': 0.1466586172555629, 'auroc_unknown': 0.8396413838640988, 'aupr_unknown': 0.16364718560455427}
2026-08-10 22:06:07,644 INFO Epoch: 24, loss: 0.35969120264053345, labeled_loss: 0.35738396644592285, unnlabeled_loss: 0.004614455159753561, mixup_loss: 0.0, energy_loss: 0.0
2026-08-10 22:06:07,645 INFO Best AUROC test all: 0.7028299860777867, AUPR test all: 0.22947705986579467, AUROC test unknown: 0.8402245332523726, AUPR test unknown: 0.1663963845943443
2026-08-10 22:06:08,235 INFO [OUTPOST-v4] epoch 23 cur={'auroc_all': 0.578624095302981, 'aupr_all': 0.10943591468893302, 'auroc_unknown': 0.5015700654404769, 'aupr_unknown': 0.048285031896640254, 'val_auc': 0.673913043478261} best={'auroc_all': 0.6690155464715583, 'aupr_all': 0.1466586172555629, 'auroc_unknown': 0.8396413838640988, 'aupr_unknown': 0.16364718560455427}
2026-08-10 22:06:10,135 INFO Epoch: 25, loss: 0.3581461012363434, labeled_loss: 0.3555230498313904, unnlabeled_loss: 0.005246095824986696, mixup_loss: 0.0, energy_loss: 0.0
2026-08-10 22:06:10,135 INFO Best AUROC test all: 0.7028299860777867, AUPR test all: 0.22947705986579467, AUROC test unknown: 0.8402245332523726, AUPR test unknown: 0.1663963845943443
2026-08-10 22:06:10,723 INFO [OUTPOST-v4] epoch 24 cur={'auroc_all': 0.5797909446369858, 'aupr_all': 0.11305817214041497, 'auroc_unknown': 0.4982113572283564, 'aupr_unknown': 0.04806886557467144, 'val_auc': 0.6971014492753624} best={'auroc_all': 0.6690155464715583, 'aupr_all': 0.1466586172555629, 'auroc_unknown': 0.8396413838640988, 'aupr_unknown': 0.16364718560455427}
2026-08-10 22:06:12,451 INFO Epoch: 26, loss: 0.3561883866786957, labeled_loss: 0.3538367450237274, unnlabeled_loss: 0.004703279584646225, mixup_loss: 0.0, energy_loss: 0.0
2026-08-10 22:06:12,451 INFO Best AUROC test all: 0.7028299860777867, AUPR test all: 0.22947705986579467, AUROC test unknown: 0.8402245332523726, AUPR test unknown: 0.1663963845943443
2026-08-10 22:06:13,006 INFO [OUTPOST-v4] epoch 25 cur={'auroc_all': 0.5764713360387848, 'aupr_all': 0.11809574225925022, 'auroc_unknown': 0.48504217671500255, 'aupr_unknown': 0.047219688864869075, 'val_auc': 0.6903381642512075} best={'auroc_all': 0.6690155464715583, 'aupr_all': 0.1466586172555629, 'auroc_unknown': 0.8396413838640988, 'aupr_unknown': 0.16364718560455427}
2026-08-10 22:06:14,757 INFO Epoch: 27, loss: 0.3521934449672699, labeled_loss: 0.3492479622364044, unnlabeled_loss: 0.005890964530408382, mixup_loss: 0.0, energy_loss: 0.0
2026-08-10 22:06:14,757 INFO Best AUROC test all: 0.7028299860777867, AUPR test all: 0.22947705986579467, AUROC test unknown: 0.8402245332523726, AUPR test unknown: 0.1663963845943443
2026-08-10 22:06:15,297 INFO [OUTPOST-v4] epoch 26 cur={'auroc_all': 0.569387299189352, 'aupr_all': 0.11619491859786485, 'auroc_unknown': 0.471560061483688, 'aupr_unknown': 0.04555302555989334, 'val_auc': 0.7120772946859903} best={'auroc_all': 0.6690155464715583, 'aupr_all': 0.1466586172555629, 'auroc_unknown': 0.8396413838640988, 'aupr_unknown': 0.16364718560455427}
2026-08-10 22:06:17,069 INFO Epoch: 28, loss: 0.351064532995224, labeled_loss: 0.34776008129119873, unnlabeled_loss: 0.006608887109905481, mixup_loss: 0.0, energy_loss: 0.0
2026-08-10 22:06:17,069 INFO Best AUROC test all: 0.7028299860777867, AUPR test all: 0.22947705986579467, AUROC test unknown: 0.8402245332523726, AUPR test unknown: 0.1663963845943443
2026-08-10 22:06:17,610 INFO [OUTPOST-v4] epoch 27 cur={'auroc_all': 0.5671244458267919, 'aupr_all': 0.10936574553550435, 'auroc_unknown': 0.46710908875235063, 'aupr_unknown': 0.04524047273992624, 'val_auc': 0.7048309178743962} best={'auroc_all': 0.6690155464715583, 'aupr_all': 0.1466586172555629, 'auroc_unknown': 0.8396413838640988, 'aupr_unknown': 0.16364718560455427}
2026-08-10 22:06:19,487 INFO Epoch: 29, loss: 0.3522871434688568, labeled_loss: 0.34727907180786133, unnlabeled_loss: 0.010016137734055519, mixup_loss: 0.0, energy_loss: 0.0
2026-08-10 22:06:19,487 INFO Best AUROC test all: 0.7028299860777867, AUPR test all: 0.22947705986579467, AUROC test unknown: 0.8402245332523726, AUPR test unknown: 0.1663963845943443
2026-08-10 22:06:19,915 INFO [OUTPOST-v4] epoch 28 cur={'auroc_all': 0.5630219595762118, 'aupr_all': 0.11175491894611915, 'auroc_unknown': 0.4627058131615905, 'aupr_unknown': 0.04488075039885147, 'val_auc': 0.7227053140096619} best={'auroc_all': 0.6690155464715583, 'aupr_all': 0.1466586172555629, 'auroc_unknown': 0.8396413838640988, 'aupr_unknown': 0.16364718560455427}
2026-08-10 22:06:22,038 INFO Epoch: 30, loss: 0.3523176610469818, labeled_loss: 0.34699803590774536, unnlabeled_loss: 0.010639242827892303, mixup_loss: 0.0, energy_loss: 0.0
2026-08-10 22:06:22,038 INFO Best AUROC test all: 0.7045538473690967, AUPR test all: 0.22947705986579467, AUROC test unknown: 0.8402245332523726, AUPR test unknown: 0.1663963845943443
2026-08-10 22:06:22,158 INFO [OUTPOST-v4] epoch 29 cur={'auroc_all': 0.5601055767844624, 'aupr_all': 0.10516382400615631, 'auroc_unknown': 0.4546292356097727, 'aupr_unknown': 0.04427832698461751, 'val_auc': 0.7101449275362319} best={'auroc_all': 0.6690155464715583, 'aupr_all': 0.1466586172555629, 'auroc_unknown': 0.8396413838640988, 'aupr_unknown': 0.16364718560455427}
2026-08-10 22:06:24,367 INFO Epoch: 31, loss: 0.3466089367866516, labeled_loss: 0.34007883071899414, unnlabeled_loss: 0.01306018978357315, mixup_loss: 0.0, energy_loss: 0.0
2026-08-10 22:06:24,367 INFO Best AUROC test all: 0.7086542354137662, AUPR test all: 0.23370131596342816, AUROC test unknown: 0.8402245332523726, AUPR test unknown: 0.1663963845943443
2026-08-10 22:06:24,699 INFO [OUTPOST-v4] epoch 30 cur={'auroc_all': 0.5655338823227386, 'aupr_all': 0.11164551050968621, 'auroc_unknown': 0.45456266699183673, 'aupr_unknown': 0.04431142629962717, 'val_auc': 0.7429951690821255} best={'auroc_all': 0.6690155464715583, 'aupr_all': 0.1466586172555629, 'auroc_unknown': 0.8396413838640988, 'aupr_unknown': 0.16364718560455427}
2026-08-10 22:06:26,803 INFO Epoch: 32, loss: 0.3481924831867218, labeled_loss: 0.34274300932884216, unnlabeled_loss: 0.010898924432694912, mixup_loss: 0.0, energy_loss: 0.0
2026-08-10 22:06:26,803 INFO Best AUROC test all: 0.7086542354137662, AUPR test all: 0.24349917673581295, AUROC test unknown: 0.8402245332523726, AUPR test unknown: 0.1663963845943443
2026-08-10 22:06:27,268 INFO [OUTPOST-v4] epoch 31 cur={'auroc_all': 0.569250915805168, 'aupr_all': 0.11502183525063803, 'auroc_unknown': 0.456425551399683, 'aupr_unknown': 0.04439791596617715, 'val_auc': 0.7202898550724638} best={'auroc_all': 0.6690155464715583, 'aupr_all': 0.1466586172555629, 'auroc_unknown': 0.8396413838640988, 'aupr_unknown': 0.16364718560455427}
2026-08-10 22:06:29,092 INFO Epoch: 33, loss: 0.3378243148326874, labeled_loss: 0.3303440511226654, unnlabeled_loss: 0.014960519969463348, mixup_loss: 0.0, energy_loss: 0.0
2026-08-10 22:06:29,092 INFO Best AUROC test all: 0.711025578364288, AUPR test all: 0.24349917673581295, AUROC test unknown: 0.8402245332523726, AUPR test unknown: 0.1663963845943443
2026-08-10 22:06:29,734 INFO [OUTPOST-v4] epoch 32 cur={'auroc_all': 0.5796928226546996, 'aupr_all': 0.12894231856268362, 'auroc_unknown': 0.4684620285137654, 'aupr_unknown': 0.045412196485484585, 'val_auc': 0.736231884057971} best={'auroc_all': 0.6690155464715583, 'aupr_all': 0.1466586172555629, 'auroc_unknown': 0.8396413838640988, 'aupr_unknown': 0.16364718560455427}
2026-08-10 22:06:31,436 INFO Epoch: 34, loss: 0.34064850211143494, labeled_loss: 0.3347833454608917, unnlabeled_loss: 0.011730297468602657, mixup_loss: 0.0, energy_loss: 0.0
2026-08-10 22:06:31,436 INFO Best AUROC test all: 0.7110775398165426, AUPR test all: 0.2504594957330348, AUROC test unknown: 0.8402245332523726, AUPR test unknown: 0.1663963845943443
2026-08-10 22:06:32,164 INFO [OUTPOST-v4] epoch 33 cur={'auroc_all': 0.5856997393287715, 'aupr_all': 0.13835765573515646, 'auroc_unknown': 0.47230455163443585, 'aupr_unknown': 0.04574799701819015, 'val_auc': 0.7299516908212559} best={'auroc_all': 0.6690155464715583, 'aupr_all': 0.1466586172555629, 'auroc_unknown': 0.8396413838640988, 'aupr_unknown': 0.16364718560455427}
2026-08-10 22:06:33,552 INFO Epoch: 35, loss: 0.32951217889785767, labeled_loss: 0.32369208335876465, unnlabeled_loss: 0.011640220880508423, mixup_loss: 0.0, energy_loss: 0.0
2026-08-10 22:06:33,552 INFO Best AUROC test all: 0.7154476090326529, AUPR test all: 0.25769225986023153, AUROC test unknown: 0.8402245332523726, AUPR test unknown: 0.1663963845943443
2026-08-10 22:06:34,654 INFO [OUTPOST-v4] epoch 34 cur={'auroc_all': 0.5846210146430088, 'aupr_all': 0.13476408990863134, 'auroc_unknown': 0.46810305568620425, 'aupr_unknown': 0.04540735566619014, 'val_auc': 0.7516908212560387} best={'auroc_all': 0.6690155464715583, 'aupr_all': 0.1466586172555629, 'auroc_unknown': 0.8396413838640988, 'aupr_unknown': 0.16364718560455427}
2026-08-10 22:06:35,614 INFO Epoch: 36, loss: 0.3307962119579315, labeled_loss: 0.32358571887016296, unnlabeled_loss: 0.01442097220569849, mixup_loss: 0.0, energy_loss: 0.0
2026-08-10 22:06:35,614 INFO Best AUROC test all: 0.7197743564679048, AUPR test all: 0.265673936783671, AUROC test unknown: 0.8402245332523726, AUPR test unknown: 0.1663963845943443
2026-08-10 22:06:37,033 INFO [OUTPOST-v4] epoch 35 cur={'auroc_all': 0.5909977092528412, 'aupr_all': 0.1432492134773652, 'auroc_unknown': 0.4742213545490215, 'aupr_unknown': 0.04591425792865625, 'val_auc': 0.7478260869565218} best={'auroc_all': 0.6690155464715583, 'aupr_all': 0.1466586172555629, 'auroc_unknown': 0.8396413838640988, 'aupr_unknown': 0.16364718560455427}
2026-08-10 22:06:37,832 INFO Epoch: 37, loss: 0.3213965594768524, labeled_loss: 0.3165901005268097, unnlabeled_loss: 0.009612907655537128, mixup_loss: 0.0, energy_loss: 0.0
2026-08-10 22:06:37,833 INFO Best AUROC test all: 0.7243351155741184, AUPR test all: 0.27609559502156206, AUROC test unknown: 0.8402245332523726, AUPR test unknown: 0.1663963845943443
2026-08-10 22:06:39,517 INFO [OUTPOST-v4] epoch 36 cur={'auroc_all': 0.5990364297915618, 'aupr_all': 0.15113194904267002, 'auroc_unknown': 0.4829267048409694, 'aupr_unknown': 0.04669956760633951, 'val_auc': 0.7492753623188406} best={'auroc_all': 0.6690155464715583, 'aupr_all': 0.15113194904267002, 'auroc_unknown': 0.8396413838640988, 'aupr_unknown': 0.16364718560455427}
2026-08-10 22:06:40,319 INFO Epoch: 38, loss: 0.31439608335494995, labeled_loss: 0.3087005913257599, unnlabeled_loss: 0.011390985921025276, mixup_loss: 0.0, energy_loss: 0.0
2026-08-10 22:06:40,319 INFO Best AUROC test all: 0.7330757477018475, AUPR test all: 0.29383243412634596, AUROC test unknown: 0.8402245332523726, AUPR test unknown: 0.1663963845943443
2026-08-10 22:06:41,823 INFO [OUTPOST-v4] epoch 37 cur={'auroc_all': 0.6039658560186419, 'aupr_all': 0.16737530470371859, 'auroc_unknown': 0.48998982184495854, 'aupr_unknown': 0.047376542492355775, 'val_auc': 0.7623188405797101} best={'auroc_all': 0.6690155464715583, 'aupr_all': 0.16737530470371859, 'auroc_unknown': 0.8396413838640988, 'aupr_unknown': 0.16364718560455427}
2026-08-10 22:06:42,540 INFO Epoch: 39, loss: 0.30744826793670654, labeled_loss: 0.29994964599609375, unnlabeled_loss: 0.01499725878238678, mixup_loss: 0.0, energy_loss: 0.0
2026-08-10 22:06:42,540 INFO Best AUROC test all: 0.7418989504033493, AUPR test all: 0.3030163530451261, AUROC test unknown: 0.8402245332523726, AUPR test unknown: 0.1663963845943443
2026-08-10 22:06:44,199 INFO [OUTPOST-v4] epoch 38 cur={'auroc_all': 0.612239575619341, 'aupr_all': 0.1870419650573412, 'auroc_unknown': 0.49321954039864857, 'aupr_unknown': 0.04772737968681313, 'val_auc': 0.7714975845410629} best={'auroc_all': 0.6690155464715583, 'aupr_all': 0.1870419650573412, 'auroc_unknown': 0.8396413838640988, 'aupr_unknown': 0.16364718560455427}
2026-08-10 22:06:44,822 INFO Epoch: 40, loss: 0.3092905282974243, labeled_loss: 0.3015197515487671, unnlabeled_loss: 0.01554155070334673, mixup_loss: 0.0, energy_loss: 0.0
2026-08-10 22:06:44,822 INFO Best AUROC test all: 0.7482424439902448, AUPR test all: 0.3193693200918351, AUROC test unknown: 0.8402245332523726, AUPR test unknown: 0.1663963845943443
2026-08-10 22:06:46,548 INFO [OUTPOST-v4] epoch 39 cur={'auroc_all': 0.6316622974614178, 'aupr_all': 0.20535514627980223, 'auroc_unknown': 0.5167781950240684, 'aupr_unknown': 0.05014456073760851, 'val_auc': 0.7864734299516908} best={'auroc_all': 0.6690155464715583, 'aupr_all': 0.20535514627980223, 'auroc_unknown': 0.8396413838640988, 'aupr_unknown': 0.16364718560455427}
2026-08-10 22:06:47,100 INFO Epoch: 41, loss: 0.2947743833065033, labeled_loss: 0.28524184226989746, unnlabeled_loss: 0.019065087661147118, mixup_loss: 0.0, energy_loss: 0.0
2026-08-10 22:06:47,100 INFO Best AUROC test all: 0.7482424439902448, AUPR test all: 0.3193693200918351, AUROC test unknown: 0.8402245332523726, AUPR test unknown: 0.1663963845943443
2026-08-10 22:06:48,927 INFO [OUTPOST-v4] epoch 40 cur={'auroc_all': 0.6364426276449737, 'aupr_all': 0.21910043983390742, 'auroc_unknown': 0.5238392382393369, 'aupr_unknown': 0.05077199311791781, 'val_auc': 0.791304347826087} best={'auroc_all': 0.6690155464715583, 'aupr_all': 0.21910043983390742, 'auroc_unknown': 0.8396413838640988, 'aupr_unknown': 0.16364718560455427}
2026-08-10 22:06:49,571 INFO Epoch: 42, loss: 0.289374977350235, labeled_loss: 0.2794046998023987, unnlabeled_loss: 0.01994054578244686, mixup_loss: 0.0, energy_loss: 0.0
2026-08-10 22:06:49,571 INFO Best AUROC test all: 0.7501154013250788, AUPR test all: 0.32653665701236007, AUROC test unknown: 0.8402245332523726, AUPR test unknown: 0.1663963845943443
2026-08-10 22:06:51,561 INFO [OUTPOST-v4] epoch 41 cur={'auroc_all': 0.6459595959595961, 'aupr_all': 0.23348213429764175, 'auroc_unknown': 0.5367769839314555, 'aupr_unknown': 0.052198302956096704, 'val_auc': 0.8053140096618358} best={'auroc_all': 0.6690155464715583, 'aupr_all': 0.23348213429764175, 'auroc_unknown': 0.8396413838640988, 'aupr_unknown': 0.16364718560455427}
2026-08-10 22:06:51,948 INFO Epoch: 43, loss: 0.2708284556865692, labeled_loss: 0.2638322114944458, unnlabeled_loss: 0.013992516323924065, mixup_loss: 0.0, energy_loss: 0.0
2026-08-10 22:06:51,948 INFO Best AUROC test all: 0.7501154013250788, AUPR test all: 0.33348292132333507, AUROC test unknown: 0.8402245332523726, AUPR test unknown: 0.1663963845943443
2026-08-10 22:06:54,186 INFO [OUTPOST-v4] epoch 42 cur={'auroc_all': 0.6532280280814005, 'aupr_all': 0.2331790847535882, 'auroc_unknown': 0.5474364653349625, 'aupr_unknown': 0.05354216047951915, 'val_auc': 0.8053140096618358} best={'auroc_all': 0.6690155464715583, 'aupr_all': 0.23348213429764175, 'auroc_unknown': 0.8396413838640988, 'aupr_unknown': 0.16364718560455427}
2026-08-10 22:06:54,266 INFO Epoch: 44, loss: 0.25956422090530396, labeled_loss: 0.2490374594926834, unnlabeled_loss: 0.02105349488556385, mixup_loss: 0.0, energy_loss: 0.0
2026-08-10 22:06:54,266 INFO Best AUROC test all: 0.7565730619982819, AUPR test all: 0.34292611209461066, AUROC test unknown: 0.8402245332523726, AUPR test unknown: 0.1663963845943443
2026-08-10 22:06:56,814 INFO [OUTPOST-v4] epoch 43 cur={'auroc_all': 0.6540271976855554, 'aupr_all': 0.2583894266404333, 'auroc_unknown': 0.5424282655743607, 'aupr_unknown': 0.052919394846177845, 'val_auc': 0.8033816425120773} best={'auroc_all': 0.6690155464715583, 'aupr_all': 0.2583894266404333, 'auroc_unknown': 0.8396413838640988, 'aupr_unknown': 0.16364718560455427}
2026-08-10 22:06:56,828 INFO Epoch: 45, loss: 0.24469438195228577, labeled_loss: 0.2327149659395218, unnlabeled_loss: 0.023958833888173103, mixup_loss: 0.0, energy_loss: 0.0
2026-08-10 22:06:56,828 INFO Best AUROC test all: 0.7613301884929451, AUPR test all: 0.3513462416086377, AUROC test unknown: 0.8402245332523726, AUPR test unknown: 0.1663963845943443
2026-08-10 22:06:59,179 INFO Epoch: 46, loss: 0.24287867546081543, labeled_loss: 0.23030619323253632, unnlabeled_loss: 0.02514495514333248, mixup_loss: 0.0, energy_loss: 0.0
2026-08-10 22:06:59,179 INFO Best AUROC test all: 0.7614046130908302, AUPR test all: 0.35704861051814235, AUROC test unknown: 0.8402245332523726, AUPR test unknown: 0.1663963845943443
2026-08-10 22:06:59,440 INFO [OUTPOST-v4] epoch 44 cur={'auroc_all': 0.6541624702548456, 'aupr_all': 0.2527685671617484, 'auroc_unknown': 0.5413714628422686, 'aupr_unknown': 0.052849434635074514, 'val_auc': 0.8125603864734298} best={'auroc_all': 0.6690155464715583, 'aupr_all': 0.2583894266404333, 'auroc_unknown': 0.8396413838640988, 'aupr_unknown': 0.16364718560455427}
2026-08-10 22:07:01,668 INFO Epoch: 47, loss: 0.21028918027877808, labeled_loss: 0.19806021451950073, unnlabeled_loss: 0.024457933381199837, mixup_loss: 0.0, energy_loss: 0.0
2026-08-10 22:07:01,668 INFO Best AUROC test all: 0.7614046130908302, AUPR test all: 0.35785427193754327, AUROC test unknown: 0.8402245332523726, AUPR test unknown: 0.1663963845943443
2026-08-10 22:07:02,006 INFO [OUTPOST-v4] epoch 45 cur={'auroc_all': 0.658860476712383, 'aupr_all': 0.25550461918072337, 'auroc_unknown': 0.5471635547393123, 'aupr_unknown': 0.05354025423279779, 'val_auc': 0.8217391304347826} best={'auroc_all': 0.6690155464715583, 'aupr_all': 0.2583894266404333, 'auroc_unknown': 0.8396413838640988, 'aupr_unknown': 0.16364718560455427}
2026-08-10 22:07:03,927 INFO Epoch: 48, loss: 0.20669130980968475, labeled_loss: 0.19429422914981842, unnlabeled_loss: 0.02479415573179722, mixup_loss: 0.0, energy_loss: 0.0
2026-08-10 22:07:03,927 INFO Best AUROC test all: 0.7621249148375249, AUPR test all: 0.37181352788694716, AUROC test unknown: 0.8402245332523726, AUPR test unknown: 0.1663963845943443
2026-08-10 22:07:04,530 INFO [OUTPOST-v4] epoch 46 cur={'auroc_all': 0.6607226961699102, 'aupr_all': 0.2560397796362796, 'auroc_unknown': 0.5482456576937976, 'aupr_unknown': 0.053621057116124575, 'val_auc': 0.8222222222222223} best={'auroc_all': 0.6690155464715583, 'aupr_all': 0.2583894266404333, 'auroc_unknown': 0.8396413838640988, 'aupr_unknown': 0.16364718560455427}
2026-08-10 22:07:06,443 INFO Epoch: 49, loss: 0.18119947612285614, labeled_loss: 0.16874796152114868, unnlabeled_loss: 0.02490301989018917, mixup_loss: 0.0, energy_loss: 0.0
2026-08-10 22:07:06,443 INFO Best AUROC test all: 0.7627857262754623, AUPR test all: 0.3768336950571863, AUROC test unknown: 0.8402245332523726, AUPR test unknown: 0.1663963845943443
2026-08-10 22:07:06,798 INFO [OUTPOST-v4] epoch 47 cur={'auroc_all': 0.6654850064674112, 'aupr_all': 0.26653760682435873, 'auroc_unknown': 0.5536827169618497, 'aupr_unknown': 0.054334913754645775, 'val_auc': 0.821256038647343} best={'auroc_all': 0.6690155464715583, 'aupr_all': 0.26653760682435873, 'auroc_unknown': 0.8396413838640988, 'aupr_unknown': 0.16364718560455427}
2026-08-10 22:07:08,664 INFO Epoch: 50, loss: 0.1698562502861023, labeled_loss: 0.1565157175064087, unnlabeled_loss: 0.026681063696742058, mixup_loss: 0.0, energy_loss: 0.0
2026-08-10 22:07:08,664 INFO Best AUROC test all: 0.7632562180949278, AUPR test all: 0.3771873251474241, AUROC test unknown: 0.8402245332523726, AUPR test unknown: 0.1663963845943443
2026-08-10 22:07:09,135 INFO [OUTPOST-v4] epoch 48 cur={'auroc_all': 0.6680446942543717, 'aupr_all': 0.2717977673451196, 'auroc_unknown': 0.557015917572705, 'aupr_unknown': 0.05476738517151706, 'val_auc': 0.8280193236714976} best={'auroc_all': 0.6690155464715583, 'aupr_all': 0.2717977673451196, 'auroc_unknown': 0.8396413838640988, 'aupr_unknown': 0.16364718560455427}
2026-08-10 22:07:10,955 INFO Epoch: 51, loss: 0.14559483528137207, labeled_loss: 0.13349981606006622, unnlabeled_loss: 0.024190030992031097, mixup_loss: 0.0, energy_loss: 0.0
2026-08-10 22:07:10,955 INFO Best AUROC test all: 0.7727830603197172, AUPR test all: 0.38400846677014805, AUROC test unknown: 0.8402245332523726, AUPR test unknown: 0.1663963845943443
2026-08-10 22:07:11,553 INFO [OUTPOST-v4] epoch 49 cur={'auroc_all': 0.6760902031063323, 'aupr_all': 0.2679234614858073, 'auroc_unknown': 0.5698800437652372, 'aupr_unknown': 0.05656668044879112, 'val_auc': 0.8280193236714976} best={'auroc_all': 0.6760902031063323, 'aupr_all': 0.2717977673451196, 'auroc_unknown': 0.8396413838640988, 'aupr_unknown': 0.16364718560455427}
2026-08-10 22:07:13,431 INFO Epoch: 52, loss: 0.12313395738601685, labeled_loss: 0.11324101686477661, unnlabeled_loss: 0.01978587917983532, mixup_loss: 0.0, energy_loss: 0.0
2026-08-10 22:07:13,431 INFO Best AUROC test all: 0.7734258518715997, AUPR test all: 0.3923648040173616, AUROC test unknown: 0.8402245332523726, AUPR test unknown: 0.1663963845943443
2026-08-10 22:07:13,957 INFO [OUTPOST-v4] epoch 50 cur={'auroc_all': 0.6813899009646811, 'aupr_all': 0.27848258887644073, 'auroc_unknown': 0.575255096750539, 'aupr_unknown': 0.05731800884778032, 'val_auc': 0.8260869565217391} best={'auroc_all': 0.6813899009646811, 'aupr_all': 0.27848258887644073, 'auroc_unknown': 0.8396413838640988, 'aupr_unknown': 0.16364718560455427}
2026-08-10 22:07:15,807 INFO Epoch: 53, loss: 0.13058151304721832, labeled_loss: 0.12121914327144623, unnlabeled_loss: 0.01872473955154419, mixup_loss: 0.0, energy_loss: 0.0
2026-08-10 22:07:15,807 INFO Best AUROC test all: 0.7734258518715997, AUPR test all: 0.3959777300780592, AUROC test unknown: 0.8402245332523726, AUPR test unknown: 0.1663963845943443
2026-08-10 22:07:16,235 INFO [OUTPOST-v4] epoch 51 cur={'auroc_all': 0.6835884504872773, 'aupr_all': 0.28913227674463793, 'auroc_unknown': 0.5746103558372591, 'aupr_unknown': 0.05718798449564992, 'val_auc': 0.833816425120773} best={'auroc_all': 0.6835884504872773, 'aupr_all': 0.28913227674463793, 'auroc_unknown': 0.8396413838640988, 'aupr_unknown': 0.16364718560455427}
2026-08-10 22:07:18,252 INFO Epoch: 54, loss: 0.10688304901123047, labeled_loss: 0.09816848486661911, unnlabeled_loss: 0.01742912270128727, mixup_loss: 0.0, energy_loss: 0.0
2026-08-10 22:07:18,252 INFO Best AUROC test all: 0.7773954106065541, AUPR test all: 0.4030139972161043, AUROC test unknown: 0.8402245332523726, AUPR test unknown: 0.1663963845943443
2026-08-10 22:07:18,719 INFO [OUTPOST-v4] epoch 52 cur={'auroc_all': 0.6799415217670349, 'aupr_all': 0.28635717768789626, 'auroc_unknown': 0.5633845227341162, 'aupr_unknown': 0.05563223081901156, 'val_auc': 0.8497584541062803} best={'auroc_all': 0.6835884504872773, 'aupr_all': 0.28913227674463793, 'auroc_unknown': 0.8396413838640988, 'aupr_unknown': 0.16364718560455427}
2026-08-10 22:07:20,759 INFO Epoch: 55, loss: 0.10323740541934967, labeled_loss: 0.09588538110256195, unnlabeled_loss: 0.014704044908285141, mixup_loss: 0.0, energy_loss: 0.0
2026-08-10 22:07:20,759 INFO Best AUROC test all: 0.7773954106065541, AUPR test all: 0.4030139972161043, AUROC test unknown: 0.8402245332523726, AUPR test unknown: 0.1663963845943443
2026-08-10 22:07:21,209 INFO [OUTPOST-v4] epoch 53 cur={'auroc_all': 0.6820535511517916, 'aupr_all': 0.2932512080760744, 'auroc_unknown': 0.5630856897794567, 'aupr_unknown': 0.05550168554893313, 'val_auc': 0.8420289855072465} best={'auroc_all': 0.6835884504872773, 'aupr_all': 0.2932512080760744, 'auroc_unknown': 0.8396413838640988, 'aupr_unknown': 0.16364718560455427}
2026-08-10 22:07:23,195 INFO Epoch: 56, loss: 0.10134238749742508, labeled_loss: 0.08996047079563141, unnlabeled_loss: 0.02276383526623249, mixup_loss: 0.0, energy_loss: 0.0
2026-08-10 22:07:23,195 INFO Best AUROC test all: 0.7773954106065541, AUPR test all: 0.4030139972161043, AUROC test unknown: 0.8402245332523726, AUPR test unknown: 0.1663963845943443
2026-08-10 22:07:23,634 INFO [OUTPOST-v4] epoch 54 cur={'auroc_all': 0.6874633431085044, 'aupr_all': 0.29809526988300905, 'auroc_unknown': 0.5693147289599618, 'aupr_unknown': 0.05633982912334365, 'val_auc': 0.8415458937198068} best={'auroc_all': 0.6874633431085044, 'aupr_all': 0.29809526988300905, 'auroc_unknown': 0.8396413838640988, 'aupr_unknown': 0.16364718560455427}
2026-08-10 22:07:25,688 INFO Epoch: 57, loss: 0.08906618505716324, labeled_loss: 0.07846168428659439, unnlabeled_loss: 0.021209005266427994, mixup_loss: 0.0, energy_loss: 0.0
2026-08-10 22:07:25,689 INFO Best AUROC test all: 0.7892243549868184, AUPR test all: 0.4185982128241994, AUROC test unknown: 0.8402245332523726, AUPR test unknown: 0.1663963845943443
2026-08-10 22:07:26,162 INFO [OUTPOST-v4] epoch 55 cur={'auroc_all': 0.6939465525242652, 'aupr_all': 0.3049565589616438, 'auroc_unknown': 0.5789648973930818, 'aupr_unknown': 0.057651874705363544, 'val_auc': 0.8497584541062801} best={'auroc_all': 0.6939465525242652, 'aupr_all': 0.3049565589616438, 'auroc_unknown': 0.8396413838640988, 'aupr_unknown': 0.16364718560455427}
2026-08-10 22:07:27,970 INFO Epoch: 58, loss: 0.07039152085781097, labeled_loss: 0.06668651103973389, unnlabeled_loss: 0.00741002568975091, mixup_loss: 0.0, energy_loss: 0.0
2026-08-10 22:07:27,970 INFO Best AUROC test all: 0.7892243549868184, AUPR test all: 0.4185982128241994, AUROC test unknown: 0.8402245332523726, AUPR test unknown: 0.1663963845943443
2026-08-10 22:07:28,545 INFO [OUTPOST-v4] epoch 56 cur={'auroc_all': 0.6952209040552149, 'aupr_all': 0.3131191197373756, 'auroc_unknown': 0.577181231714368, 'aupr_unknown': 0.05739200618919866, 'val_auc': 0.8516908212560387} best={'auroc_all': 0.6952209040552149, 'aupr_all': 0.3131191197373756, 'auroc_unknown': 0.8396413838640988, 'aupr_unknown': 0.16364718560455427}
2026-08-10 22:07:30,298 INFO Epoch: 59, loss: 0.06289650499820709, labeled_loss: 0.056364528834819794, unnlabeled_loss: 0.013063948601484299, mixup_loss: 0.0, energy_loss: 0.0
2026-08-10 22:07:30,298 INFO Best AUROC test all: 0.7892243549868184, AUPR test all: 0.4185982128241994, AUROC test unknown: 0.8402245332523726, AUPR test unknown: 0.1663963845943443
2026-08-10 22:07:30,999 INFO [OUTPOST-v4] epoch 57 cur={'auroc_all': 0.696027108820364, 'aupr_all': 0.312093484608, 'auroc_unknown': 0.5772830547405566, 'aupr_unknown': 0.0573904805966286, 'val_auc': 0.8526570048309179} best={'auroc_all': 0.696027108820364, 'aupr_all': 0.3131191197373756, 'auroc_unknown': 0.8396413838640988, 'aupr_unknown': 0.16364718560455427}
2026-08-10 22:07:32,632 INFO Epoch: 60, loss: 0.061397068202495575, labeled_loss: 0.049288902431726456, unnlabeled_loss: 0.02421632967889309, mixup_loss: 0.0, energy_loss: 0.0
2026-08-10 22:07:32,632 INFO Best AUROC test all: 0.7892243549868184, AUPR test all: 0.4185982128241994, AUROC test unknown: 0.8402245332523726, AUPR test unknown: 0.1663963845943443
2026-08-10 22:07:33,590 INFO [OUTPOST-v4] epoch 58 cur={'auroc_all': 0.6930021130167757, 'aupr_all': 0.31347962029482285, 'auroc_unknown': 0.5694644565055996, 'aupr_unknown': 0.05622778890795539, 'val_auc': 0.861352657004831} best={'auroc_all': 0.696027108820364, 'aupr_all': 0.31347962029482285, 'auroc_unknown': 0.8396413838640988, 'aupr_unknown': 0.16364718560455427}
2026-08-10 22:07:34,797 INFO Epoch: 61, loss: 0.04750698804855347, labeled_loss: 0.04079275578260422, unnlabeled_loss: 0.013428461737930775, mixup_loss: 0.0, energy_loss: 0.0
2026-08-10 22:07:34,797 INFO Best AUROC test all: 0.7894383719896916, AUPR test all: 0.4185982128241994, AUROC test unknown: 0.8402245332523726, AUPR test unknown: 0.1663963845943443
2026-08-10 22:07:36,061 INFO [OUTPOST-v4] epoch 59 cur={'auroc_all': 0.6943416323548288, 'aupr_all': 0.313498092247817, 'auroc_unknown': 0.5687915120657174, 'aupr_unknown': 0.056147446387879565, 'val_auc': 0.8623188405797102} best={'auroc_all': 0.696027108820364, 'aupr_all': 0.313498092247817, 'auroc_unknown': 0.8396413838640988, 'aupr_unknown': 0.16364718560455427}
2026-08-10 22:07:36,970 INFO Epoch: 62, loss: 0.07136334478855133, labeled_loss: 0.059201136231422424, unnlabeled_loss: 0.024324417114257812, mixup_loss: 0.0, energy_loss: 0.0
2026-08-10 22:07:36,971 INFO Best AUROC test all: 0.7894383719896916, AUPR test all: 0.4185982128241994, AUROC test unknown: 0.8402245332523726, AUPR test unknown: 0.1663963845943443
2026-08-10 22:07:38,481 INFO [OUTPOST-v4] epoch 60 cur={'auroc_all': 0.6926412216001658, 'aupr_all': 0.3137393869701167, 'auroc_unknown': 0.5633026080796467, 'aupr_unknown': 0.05542640241209646, 'val_auc': 0.8652173913043479} best={'auroc_all': 0.696027108820364, 'aupr_all': 0.3137393869701167, 'auroc_unknown': 0.8396413838640988, 'aupr_unknown': 0.16364718560455427}
2026-08-10 22:07:39,062 INFO Epoch: 63, loss: 0.055489860475063324, labeled_loss: 0.04216963052749634, unnlabeled_loss: 0.026640459895133972, mixup_loss: 0.0, energy_loss: 0.0
2026-08-10 22:07:39,062 INFO Best AUROC test all: 0.7894383719896916, AUPR test all: 0.4185982128241994, AUROC test unknown: 0.8402245332523726, AUPR test unknown: 0.1663963845943443
2026-08-10 22:07:40,838 INFO [OUTPOST-v4] epoch 61 cur={'auroc_all': 0.6950020735211352, 'aupr_all': 0.311614737042171, 'auroc_unknown': 0.5663210075626927, 'aupr_unknown': 0.05578318627189688, 'val_auc': 0.8710144927536232} best={'auroc_all': 0.696027108820364, 'aupr_all': 0.3137393869701167, 'auroc_unknown': 0.8396413838640988, 'aupr_unknown': 0.16364718560455427}
2026-08-10 22:07:41,383 INFO Epoch: 64, loss: 0.06698682904243469, labeled_loss: 0.04124816134572029, unnlabeled_loss: 0.051477327942848206, mixup_loss: 0.0, energy_loss: 0.0
2026-08-10 22:07:41,383 INFO Best AUROC test all: 0.7894383719896916, AUPR test all: 0.4185982128241994, AUROC test unknown: 0.8402245332523726, AUPR test unknown: 0.1663963845943443
2026-08-10 22:07:43,154 INFO [OUTPOST-v4] epoch 62 cur={'auroc_all': 0.703744063311512, 'aupr_all': 0.32274835737629126, 'auroc_unknown': 0.5806734919201043, 'aupr_unknown': 0.057733152656436096, 'val_auc': 0.8681159420289856} best={'auroc_all': 0.703744063311512, 'aupr_all': 0.32274835737629126, 'auroc_unknown': 0.8396413838640988, 'aupr_unknown': 0.16364718560455427}
2026-08-10 22:07:43,562 INFO Epoch: 65, loss: 0.05651291832327843, labeled_loss: 0.03904663771390915, unnlabeled_loss: 0.034932561218738556, mixup_loss: 0.0, energy_loss: 0.0
2026-08-10 22:07:43,562 INFO Best AUROC test all: 0.7894383719896916, AUPR test all: 0.4185982128241994, AUROC test unknown: 0.8402245332523726, AUPR test unknown: 0.1663963845943443
2026-08-10 22:07:45,221 INFO [OUTPOST-v4] epoch 63 cur={'auroc_all': 0.7150688211538652, 'aupr_all': 0.33047848588247797, 'auroc_unknown': 0.5995679883336941, 'aupr_unknown': 0.06066978236130755, 'val_auc': 0.8753623188405797} best={'auroc_all': 0.7150688211538652, 'aupr_all': 0.33047848588247797, 'auroc_unknown': 0.8396413838640988, 'aupr_unknown': 0.16364718560455427}
2026-08-10 22:07:46,665 INFO Epoch: 66, loss: 0.06579796224832535, labeled_loss: 0.039695315062999725, unnlabeled_loss: 0.052205298095941544, mixup_loss: 0.0, energy_loss: 0.0
2026-08-10 22:07:46,665 INFO Best AUROC test all: 0.7925790159661128, AUPR test all: 0.4185982128241994, AUROC test unknown: 0.8402245332523726, AUPR test unknown: 0.1663963845943443
2026-08-10 22:07:47,642 INFO [OUTPOST-v4] epoch 64 cur={'auroc_all': 0.7194440741728132, 'aupr_all': 0.33670540089652795, 'auroc_unknown': 0.6016038267208506, 'aupr_unknown': 0.06094685198123951, 'val_auc': 0.8739130434782609} best={'auroc_all': 0.7194440741728132, 'aupr_all': 0.33670540089652795, 'auroc_unknown': 0.8396413838640988, 'aupr_unknown': 0.16364718560455427}
2026-08-10 22:07:48,975 INFO Epoch: 67, loss: 0.039811402559280396, labeled_loss: 0.035952188074588776, unnlabeled_loss: 0.007718427572399378, mixup_loss: 0.0, energy_loss: 0.0
2026-08-10 22:07:48,975 INFO Best AUROC test all: 0.7925790159661128, AUPR test all: 0.4185982128241994, AUROC test unknown: 0.8402245332523726, AUPR test unknown: 0.1663963845943443
2026-08-10 22:07:49,907 INFO [OUTPOST-v4] epoch 65 cur={'auroc_all': 0.712297461417696, 'aupr_all': 0.3356480183299223, 'auroc_unknown': 0.5826425543104528, 'aupr_unknown': 0.057904922994660074, 'val_auc': 0.8806763285024154} best={'auroc_all': 0.7194440741728132, 'aupr_all': 0.33670540089652795, 'auroc_unknown': 0.8396413838640988, 'aupr_unknown': 0.16364718560455427}
2026-08-10 22:07:51,223 INFO Epoch: 68, loss: 0.04603191465139389, labeled_loss: 0.027871334925293922, unnlabeled_loss: 0.03632115572690964, mixup_loss: 0.0, energy_loss: 0.0
2026-08-10 22:07:51,223 INFO Best AUROC test all: 0.7925790159661128, AUPR test all: 0.4185982128241994, AUROC test unknown: 0.8402245332523726, AUPR test unknown: 0.1663963845943443
2026-08-10 22:07:52,180 INFO [OUTPOST-v4] epoch 66 cur={'auroc_all': 0.72046367882145, 'aupr_all': 0.3408539024219882, 'auroc_unknown': 0.5930434342604828, 'aupr_unknown': 0.059415903719612334, 'val_auc': 0.8816425120772947} best={'auroc_all': 0.72046367882145, 'aupr_all': 0.3408539024219882, 'auroc_unknown': 0.8396413838640988, 'aupr_unknown': 0.16364718560455427}
2026-08-10 22:07:53,499 INFO Epoch: 69, loss: 0.03470509126782417, labeled_loss: 0.012130980379879475, unnlabeled_loss: 0.045148223638534546, mixup_loss: 0.0, energy_loss: 0.0
2026-08-10 22:07:53,499 INFO Best AUROC test all: 0.7925790159661128, AUPR test all: 0.4185982128241994, AUROC test unknown: 0.8402245332523726, AUPR test unknown: 0.1663963845943443
2026-08-10 22:07:54,708 INFO [OUTPOST-v4] epoch 67 cur={'auroc_all': 0.7265176199926933, 'aupr_all': 0.34867844206805343, 'auroc_unknown': 0.600056572956302, 'aupr_unknown': 0.060551743356326126, 'val_auc': 0.8835748792270531} best={'auroc_all': 0.7265176199926933, 'aupr_all': 0.34867844206805343, 'auroc_unknown': 0.8396413838640988, 'aupr_unknown': 0.16364718560455427}
2026-08-10 22:07:55,616 INFO Epoch: 70, loss: 0.08099806308746338, labeled_loss: 0.04016498103737831, unnlabeled_loss: 0.08166615664958954, mixup_loss: 0.0, energy_loss: 0.0
2026-08-10 22:07:55,616 INFO Best AUROC test all: 0.8025388291517324, AUPR test all: 0.4250265470457701, AUROC test unknown: 0.8402245332523726, AUPR test unknown: 0.1663963845943443
2026-08-10 22:07:57,136 INFO [OUTPOST-v4] epoch 68 cur={'auroc_all': 0.7225376936520631, 'aupr_all': 0.35202568228084613, 'auroc_unknown': 0.588285333419603, 'aupr_unknown': 0.05857064726540985, 'val_auc': 0.891304347826087} best={'auroc_all': 0.7265176199926933, 'aupr_all': 0.35202568228084613, 'auroc_unknown': 0.8396413838640988, 'aupr_unknown': 0.16364718560455427}
2026-08-10 22:07:58,092 INFO Epoch: 71, loss: 0.041455164551734924, labeled_loss: 0.02551577240228653, unnlabeled_loss: 0.03187878802418709, mixup_loss: 0.0, energy_loss: 0.0
2026-08-10 22:07:58,092 INFO Best AUROC test all: 0.8054805138382851, AUPR test all: 0.42584532209583226, AUROC test unknown: 0.8402245332523726, AUPR test unknown: 0.1663963845943443
2026-08-10 22:07:59,340 INFO [OUTPOST-v4] epoch 69 cur={'auroc_all': 0.7314691390937725, 'aupr_all': 0.36164749580720007, 'auroc_unknown': 0.60054018048598, 'aupr_unknown': 0.06040271647230867, 'val_auc': 0.895169082125604} best={'auroc_all': 0.7314691390937725, 'aupr_all': 0.36164749580720007, 'auroc_unknown': 0.8396413838640988, 'aupr_unknown': 0.16364718560455427}
2026-08-10 22:08:00,288 INFO Epoch: 72, loss: 0.044164516031742096, labeled_loss: 0.023478040471673012, unnlabeled_loss: 0.04137295484542847, mixup_loss: 0.0, energy_loss: 0.0
2026-08-10 22:08:00,288 INFO Best AUROC test all: 0.8054805138382851, AUPR test all: 0.42584532209583226, AUROC test unknown: 0.8402245332523726, AUPR test unknown: 0.1663963845943443
2026-08-10 22:08:01,665 INFO [OUTPOST-v4] epoch 70 cur={'auroc_all': 0.738641053743693, 'aupr_all': 0.36762276325159304, 'auroc_unknown': 0.609490237846976, 'aupr_unknown': 0.06184954300388691, 'val_auc': 0.8985507246376813} best={'auroc_all': 0.738641053743693, 'aupr_all': 0.36762276325159304, 'auroc_unknown': 0.8396413838640988, 'aupr_unknown': 0.16364718560455427}
2026-08-10 22:08:02,745 INFO Epoch: 73, loss: 0.055198222398757935, labeled_loss: 0.011609604582190514, unnlabeled_loss: 0.08717723190784454, mixup_loss: 0.0, energy_loss: 0.0
2026-08-10 22:08:02,745 INFO Best AUROC test all: 0.8054805138382851, AUPR test all: 0.42584532209583226, AUROC test unknown: 0.8402245332523726, AUPR test unknown: 0.1663963845943443
2026-08-10 22:08:04,027 INFO [OUTPOST-v4] epoch 71 cur={'auroc_all': 0.747179270712995, 'aupr_all': 0.37901457471258526, 'auroc_unknown': 0.6203415447071521, 'aupr_unknown': 0.06373158457491537, 'val_auc': 0.9004830917874397} best={'auroc_all': 0.747179270712995, 'aupr_all': 0.37901457471258526, 'auroc_unknown': 0.8396413838640988, 'aupr_unknown': 0.16364718560455427}
2026-08-10 22:08:04,965 INFO Epoch: 74, loss: 0.054527752101421356, labeled_loss: 0.036736007779836655, unnlabeled_loss: 0.0355834886431694, mixup_loss: 0.0, energy_loss: 0.0
2026-08-10 22:08:04,965 INFO Best AUROC test all: 0.8054805138382851, AUPR test all: 0.42584532209583226, AUROC test unknown: 0.8402245332523726, AUPR test unknown: 0.1663963845943443
2026-08-10 22:08:06,328 INFO [OUTPOST-v4] epoch 72 cur={'auroc_all': 0.7420475527513651, 'aupr_all': 0.37702056221661917, 'auroc_unknown': 0.606399463137576, 'aupr_unknown': 0.06146190480825048, 'val_auc': 0.914975845410628} best={'auroc_all': 0.747179270712995, 'aupr_all': 0.37901457471258526, 'auroc_unknown': 0.8396413838640988, 'aupr_unknown': 0.16364718560455427}
2026-08-10 22:08:07,486 INFO Epoch: 75, loss: 0.0420508086681366, labeled_loss: 0.022746257483959198, unnlabeled_loss: 0.0386090986430645, mixup_loss: 0.0, energy_loss: 0.0
2026-08-10 22:08:07,486 INFO Best AUROC test all: 0.8195852710882037, AUPR test all: 0.43152095267939, AUROC test unknown: 0.8402245332523726, AUPR test unknown: 0.1663963845943443
2026-08-10 22:08:08,519 INFO [OUTPOST-v4] epoch 73 cur={'auroc_all': 0.7493132695478737, 'aupr_all': 0.38735386440212116, 'auroc_unknown': 0.6156775938741941, 'aupr_unknown': 0.06283565923390493, 'val_auc': 0.9207729468599034} best={'auroc_all': 0.7493132695478737, 'aupr_all': 0.38735386440212116, 'auroc_unknown': 0.8396413838640988, 'aupr_unknown': 0.16364718560455427}
2026-08-10 22:08:09,776 INFO Epoch: 76, loss: 0.0355508029460907, labeled_loss: 0.03281048685312271, unnlabeled_loss: 0.005480635445564985, mixup_loss: 0.0, energy_loss: 0.0
2026-08-10 22:08:09,776 INFO Best AUROC test all: 0.8195852710882037, AUPR test all: 0.43391480916029396, AUROC test unknown: 0.8402245332523726, AUPR test unknown: 0.1663963845943443
2026-08-10 22:08:10,811 INFO [OUTPOST-v4] epoch 74 cur={'auroc_all': 0.7641184573002755, 'aupr_all': 0.39498051205750256, 'auroc_unknown': 0.6394490192223624, 'aupr_unknown': 0.06709052379989122, 'val_auc': 0.9256038647342996} best={'auroc_all': 0.7641184573002755, 'aupr_all': 0.39498051205750256, 'auroc_unknown': 0.8396413838640988, 'aupr_unknown': 0.16364718560455427}
2026-08-10 22:08:12,000 INFO Epoch: 77, loss: 0.06471902877092361, labeled_loss: 0.040192048996686935, unnlabeled_loss: 0.04905395954847336, mixup_loss: 0.0, energy_loss: 0.0
2026-08-10 22:08:12,000 INFO Best AUROC test all: 0.8195852710882037, AUPR test all: 0.43391480916029396, AUROC test unknown: 0.8402245332523726, AUPR test unknown: 0.1663963845943443
2026-08-10 22:08:12,994 INFO [OUTPOST-v4] epoch 75 cur={'auroc_all': 0.7680537041973992, 'aupr_all': 0.40400812769672934, 'auroc_unknown': 0.6433767750594555, 'aupr_unknown': 0.06816604614796565, 'val_auc': 0.927536231884058} best={'auroc_all': 0.7680537041973992, 'aupr_all': 0.40400812769672934, 'auroc_unknown': 0.8396413838640988, 'aupr_unknown': 0.16364718560455427}
2026-08-10 22:08:14,221 INFO Epoch: 78, loss: 0.019392982125282288, labeled_loss: 0.011255903169512749, unnlabeled_loss: 0.016274157911539078, mixup_loss: 0.0, energy_loss: 0.0
2026-08-10 22:08:14,221 INFO Best AUROC test all: 0.8195852710882037, AUPR test all: 0.43391480916029396, AUROC test unknown: 0.8402245332523726, AUPR test unknown: 0.1663963845943443
2026-08-10 22:08:15,412 INFO [OUTPOST-v4] epoch 76 cur={'auroc_all': 0.7555181581207975, 'aupr_all': 0.39119582209315273, 'auroc_unknown': 0.6191513973603159, 'aupr_unknown': 0.06337844995691251, 'val_auc': 0.9381642512077294} best={'auroc_all': 0.7680537041973992, 'aupr_all': 0.40400812769672934, 'auroc_unknown': 0.8396413838640988, 'aupr_unknown': 0.16364718560455427}
2026-08-10 22:08:16,515 INFO Epoch: 79, loss: 0.031115639954805374, labeled_loss: 0.012547862716019154, unnlabeled_loss: 0.03713555634021759, mixup_loss: 0.0, energy_loss: 0.0
2026-08-10 22:08:16,516 INFO Best AUROC test all: 0.8195852710882037, AUPR test all: 0.43391480916029396, AUROC test unknown: 0.8402245332523726, AUPR test unknown: 0.1663963845943443
2026-08-10 22:08:17,783 INFO [OUTPOST-v4] epoch 77 cur={'auroc_all': 0.7647276775575896, 'aupr_all': 0.4028566483048819, 'auroc_unknown': 0.6331758083421054, 'aupr_unknown': 0.06601992310538997, 'val_auc': 0.9391304347826087} best={'auroc_all': 0.7680537041973992, 'aupr_all': 0.40400812769672934, 'auroc_unknown': 0.8396413838640988, 'aupr_unknown': 0.16364718560455427}
2026-08-10 22:08:18,776 INFO Epoch: 80, loss: 0.030393652617931366, labeled_loss: 0.007152612321078777, unnlabeled_loss: 0.04648207873106003, mixup_loss: 0.0, energy_loss: 0.0
2026-08-10 22:08:18,776 INFO Best AUROC test all: 0.8195852710882037, AUPR test all: 0.43391480916029396, AUROC test unknown: 0.8402245332523726, AUPR test unknown: 0.1663963845943443
2026-08-10 22:08:20,050 INFO [OUTPOST-v4] epoch 78 cur={'auroc_all': 0.7790949573940776, 'aupr_all': 0.4046888159527937, 'auroc_unknown': 0.6586759439678878, 'aupr_unknown': 0.07136867960621422, 'val_auc': 0.9386473429951692} best={'auroc_all': 0.7790949573940776, 'aupr_all': 0.4046888159527937, 'auroc_unknown': 0.8396413838640988, 'aupr_unknown': 0.16364718560455427}
2026-08-10 22:08:20,998 INFO Epoch: 81, loss: 0.024509508162736893, labeled_loss: 0.009858353063464165, unnlabeled_loss: 0.029302308335900307, mixup_loss: 0.0, energy_loss: 0.0
2026-08-10 22:08:20,998 INFO Best AUROC test all: 0.8195852710882037, AUPR test all: 0.43391480916029396, AUROC test unknown: 0.8402245332523726, AUPR test unknown: 0.1663963845943443
2026-08-10 22:08:22,548 INFO [OUTPOST-v4] epoch 79 cur={'auroc_all': 0.7804032504912269, 'aupr_all': 0.41497651000832664, 'auroc_unknown': 0.6602329445394239, 'aupr_unknown': 0.07212426983960538, 'val_auc': 0.9483091787439614} best={'auroc_all': 0.7804032504912269, 'aupr_all': 0.41497651000832664, 'auroc_unknown': 0.8396413838640988, 'aupr_unknown': 0.16364718560455427}
2026-08-10 22:08:23,322 INFO Epoch: 82, loss: 0.01780000701546669, labeled_loss: 0.01386966835707426, unnlabeled_loss: 0.00786067545413971, mixup_loss: 0.0, energy_loss: 0.0
2026-08-10 22:08:23,322 INFO Best AUROC test all: 0.8197517698983974, AUPR test all: 0.439052386973229, AUROC test unknown: 0.8402245332523726, AUPR test unknown: 0.1663963845943443
2026-08-10 22:08:24,798 INFO [OUTPOST-v4] epoch 80 cur={'auroc_all': 0.7905602950324359, 'aupr_all': 0.4133043395444199, 'auroc_unknown': 0.6787701271564291, 'aupr_unknown': 0.07669450161841534, 'val_auc': 0.9314009661835749} best={'auroc_all': 0.7905602950324359, 'aupr_all': 0.41497651000832664, 'auroc_unknown': 0.8396413838640988, 'aupr_unknown': 0.16364718560455427}
2026-08-10 22:08:25,649 INFO Epoch: 83, loss: 0.023775644600391388, labeled_loss: 0.012621931731700897, unnlabeled_loss: 0.02230742573738098, mixup_loss: 0.0, energy_loss: 0.0
2026-08-10 22:08:25,650 INFO Best AUROC test all: 0.8197517698983974, AUPR test all: 0.439052386973229, AUROC test unknown: 0.8402245332523726, AUPR test unknown: 0.1663963845943443
2026-08-10 22:08:27,078 INFO [OUTPOST-v4] epoch 81 cur={'auroc_all': 0.78232841612607, 'aupr_all': 0.413075035887532, 'auroc_unknown': 0.6627061449677856, 'aupr_unknown': 0.07235917448048565, 'val_auc': 0.938647342995169} best={'auroc_all': 0.7905602950324359, 'aupr_all': 0.41497651000832664, 'auroc_unknown': 0.8396413838640988, 'aupr_unknown': 0.16364718560455427}
2026-08-10 22:08:27,834 INFO Epoch: 84, loss: 0.021278152242302895, labeled_loss: 0.018577972427010536, unnlabeled_loss: 0.005400360096246004, mixup_loss: 0.0, energy_loss: 0.0
2026-08-10 22:08:27,835 INFO Best AUROC test all: 0.8197517698983974, AUPR test all: 0.439052386973229, AUROC test unknown: 0.8402245332523726, AUPR test unknown: 0.1663963845943443
2026-08-10 22:08:29,446 INFO [OUTPOST-v4] epoch 82 cur={'auroc_all': 0.7732545395301994, 'aupr_all': 0.41057320817479365, 'auroc_unknown': 0.6451365921678807, 'aupr_unknown': 0.06841735911642896, 'val_auc': 0.9444444444444445} best={'auroc_all': 0.7905602950324359, 'aupr_all': 0.41497651000832664, 'auroc_unknown': 0.8396413838640988, 'aupr_unknown': 0.16364718560455427}
2026-08-10 22:08:30,199 INFO Epoch: 85, loss: 0.036496419459581375, labeled_loss: 0.011029676534235477, unnlabeled_loss: 0.050933483988046646, mixup_loss: 0.0, energy_loss: 0.0
2026-08-10 22:08:30,199 INFO Best AUROC test all: 0.8197517698983974, AUPR test all: 0.439052386973229, AUROC test unknown: 0.8402245332523726, AUPR test unknown: 0.1663963845943443
2026-08-10 22:08:31,843 INFO [OUTPOST-v4] epoch 83 cur={'auroc_all': 0.7746213355450892, 'aupr_all': 0.4114846172132485, 'auroc_unknown': 0.6454090880057867, 'aupr_unknown': 0.06881242421045881, 'val_auc': 0.9536231884057972} best={'auroc_all': 0.7905602950324359, 'aupr_all': 0.41497651000832664, 'auroc_unknown': 0.8396413838640988, 'aupr_unknown': 0.16364718560455427}
2026-08-10 22:08:32,331 INFO Epoch: 86, loss: 0.022771619260311127, labeled_loss: 0.012140667997300625, unnlabeled_loss: 0.021261900663375854, mixup_loss: 0.0, energy_loss: 0.0
2026-08-10 22:08:32,331 INFO Best AUROC test all: 0.8197517698983974, AUPR test all: 0.439052386973229, AUROC test unknown: 0.8402245332523726, AUPR test unknown: 0.1663963845943443
2026-08-10 22:08:34,320 INFO [OUTPOST-v4] epoch 84 cur={'auroc_all': 0.7824427066362549, 'aupr_all': 0.4250123374080505, 'auroc_unknown': 0.6575050828561545, 'aupr_unknown': 0.0711678524262067, 'val_auc': 0.9526570048309179} best={'auroc_all': 0.7905602950324359, 'aupr_all': 0.4250123374080505, 'auroc_unknown': 0.8396413838640988, 'aupr_unknown': 0.16364718560455427}
2026-08-10 22:08:34,873 INFO Epoch: 87, loss: 0.021325573325157166, labeled_loss: 0.0060030329041182995, unnlabeled_loss: 0.030645081773400307, mixup_loss: 0.0, energy_loss: 0.0
2026-08-10 22:08:34,873 INFO Best AUROC test all: 0.8197517698983974, AUPR test all: 0.439052386973229, AUROC test unknown: 0.8402245332523726, AUPR test unknown: 0.1663963845943443
2026-08-10 22:08:36,863 INFO [OUTPOST-v4] epoch 85 cur={'auroc_all': 0.8022784047710733, 'aupr_all': 0.43305905239485587, 'auroc_unknown': 0.6941132603857413, 'aupr_unknown': 0.08149586344408354, 'val_auc': 0.9521739130434783} best={'auroc_all': 0.8022784047710733, 'aupr_all': 0.43305905239485587, 'auroc_unknown': 0.8396413838640988, 'aupr_unknown': 0.16364718560455427}
2026-08-10 22:08:36,974 INFO Epoch: 88, loss: 0.05426809936761856, labeled_loss: 0.010034391656517982, unnlabeled_loss: 0.08846741169691086, mixup_loss: 0.0, energy_loss: 0.0
2026-08-10 22:08:36,975 INFO Best AUROC test all: 0.8199834365156945, AUPR test all: 0.439052386973229, AUROC test unknown: 0.8402245332523726, AUPR test unknown: 0.1663963845943443
2026-08-10 22:08:39,404 INFO [OUTPOST-v4] epoch 86 cur={'auroc_all': 0.8004460538918017, 'aupr_all': 0.4358346617249542, 'auroc_unknown': 0.6909432669472089, 'aupr_unknown': 0.08023908916967075, 'val_auc': 0.948792270531401} best={'auroc_all': 0.8022784047710733, 'aupr_all': 0.4358346617249542, 'auroc_unknown': 0.8396413838640988, 'aupr_unknown': 0.16364718560455427}
2026-08-10 22:08:39,647 INFO Epoch: 89, loss: 0.04607018455862999, labeled_loss: 0.012767858803272247, unnlabeled_loss: 0.06660465151071548, mixup_loss: 0.0, energy_loss: 0.0
2026-08-10 22:08:39,647 INFO Best AUROC test all: 0.825381626627961, AUPR test all: 0.43961459799576874, AUROC test unknown: 0.8402245332523726, AUPR test unknown: 0.1663963845943443
2026-08-10 22:08:41,987 INFO [OUTPOST-v4] epoch 87 cur={'auroc_all': 0.7926918253897727, 'aupr_all': 0.4303846958243496, 'auroc_unknown': 0.6758564540037809, 'aupr_unknown': 0.0764577527321392, 'val_auc': 0.966183574879227} best={'auroc_all': 0.8022784047710733, 'aupr_all': 0.4358346617249542, 'auroc_unknown': 0.8396413838640988, 'aupr_unknown': 0.16364718560455427}
2026-08-10 22:08:42,085 INFO Epoch: 90, loss: 0.03481607139110565, labeled_loss: 0.007116712164133787, unnlabeled_loss: 0.055398717522621155, mixup_loss: 0.0, energy_loss: 0.0
2026-08-10 22:08:42,085 INFO Best AUROC test all: 0.830507913938999, AUPR test all: 0.44515398779808146, AUROC test unknown: 0.8402245332523726, AUPR test unknown: 0.1663963845943443
2026-08-10 22:08:44,386 INFO Epoch: 91, loss: 0.010377518832683563, labeled_loss: 0.006707548629492521, unnlabeled_loss: 0.007339940872043371, mixup_loss: 0.0, energy_loss: 0.0
2026-08-10 22:08:44,386 INFO Best AUROC test all: 0.830507913938999, AUPR test all: 0.4459478630867738, AUROC test unknown: 0.8402245332523726, AUPR test unknown: 0.1663963845943443
2026-08-10 22:08:44,400 INFO [OUTPOST-v4] epoch 88 cur={'auroc_all': 0.7873302921690017, 'aupr_all': 0.4296832805949403, 'auroc_unknown': 0.6657649833308862, 'aupr_unknown': 0.0733656271175105, 'val_auc': 0.9642512077294686} best={'auroc_all': 0.8022784047710733, 'aupr_all': 0.4358346617249542, 'auroc_unknown': 0.8396413838640988, 'aupr_unknown': 0.16364718560455427}
2026-08-10 22:08:46,856 INFO Epoch: 92, loss: 0.024465687572956085, labeled_loss: 0.01185118779540062, unnlabeled_loss: 0.02522900141775608, mixup_loss: 0.0, energy_loss: 0.0
2026-08-10 22:08:46,856 INFO Best AUROC test all: 0.830507913938999, AUPR test all: 0.4459478630867738, AUROC test unknown: 0.8402245332523726, AUPR test unknown: 0.1663963845943443
2026-08-10 22:08:46,936 INFO [OUTPOST-v4] epoch 89 cur={'auroc_all': 0.7923419186982237, 'aupr_all': 0.4325669974982228, 'auroc_unknown': 0.67325239750714, 'aupr_unknown': 0.07541849663593324, 'val_auc': 0.9579710144927536} best={'auroc_all': 0.8022784047710733, 'aupr_all': 0.4358346617249542, 'auroc_unknown': 0.8396413838640988, 'aupr_unknown': 0.16364718560455427}
2026-08-10 22:08:49,185 INFO Epoch: 93, loss: 0.0527595654129982, labeled_loss: 0.015012826770544052, unnlabeled_loss: 0.0754934772849083, mixup_loss: 0.0, energy_loss: 0.0
2026-08-10 22:08:49,185 INFO Best AUROC test all: 0.830507913938999, AUPR test all: 0.4459478630867738, AUROC test unknown: 0.8402245332523726, AUPR test unknown: 0.1663963845943443
2026-08-10 22:08:49,353 INFO [OUTPOST-v4] epoch 90 cur={'auroc_all': 0.7977756548870918, 'aupr_all': 0.43671036228086724, 'auroc_unknown': 0.6822097131286587, 'aupr_unknown': 0.07777466726443633, 'val_auc': 0.9676328502415459} best={'auroc_all': 0.8022784047710733, 'aupr_all': 0.43671036228086724, 'auroc_unknown': 0.8396413838640988, 'aupr_unknown': 0.16364718560455427}
2026-08-10 22:08:51,523 INFO Epoch: 94, loss: 0.06299476325511932, labeled_loss: 0.014802686870098114, unnlabeled_loss: 0.09638415277004242, mixup_loss: 0.0, energy_loss: 0.0
2026-08-10 22:08:51,523 INFO Best AUROC test all: 0.830507913938999, AUPR test all: 0.4459478630867738, AUROC test unknown: 0.8402245332523726, AUPR test unknown: 0.1663963845943443
2026-08-10 22:08:51,619 INFO [OUTPOST-v4] epoch 91 cur={'auroc_all': 0.8009409836389307, 'aupr_all': 0.43910306992823334, 'auroc_unknown': 0.6882361431511468, 'aupr_unknown': 0.07948401495589726, 'val_auc': 0.952657004830918} best={'auroc_all': 0.8022784047710733, 'aupr_all': 0.43910306992823334, 'auroc_unknown': 0.8396413838640988, 'aupr_unknown': 0.16364718560455427}
2026-08-10 22:08:53,932 INFO [OUTPOST-v4] epoch 92 cur={'auroc_all': 0.7980244774233044, 'aupr_all': 0.4432113092447798, 'auroc_unknown': 0.6817173956863536, 'aupr_unknown': 0.07740153374995667, 'val_auc': 0.9526570048309178} best={'auroc_all': 0.8022784047710733, 'aupr_all': 0.4432113092447798, 'auroc_unknown': 0.8396413838640988, 'aupr_unknown': 0.16364718560455427}
2026-08-10 22:08:53,942 INFO Epoch: 95, loss: 0.06138857826590538, labeled_loss: 0.005645109806209803, unnlabeled_loss: 0.11148693412542343, mixup_loss: 0.0, energy_loss: 0.0
2026-08-10 22:08:53,942 INFO Best AUROC test all: 0.830507913938999, AUPR test all: 0.4459478630867738, AUROC test unknown: 0.8402245332523726, AUPR test unknown: 0.1663963845943443
2026-08-10 22:08:56,228 INFO Epoch: 96, loss: 0.013796916231513023, labeled_loss: 0.004667776636779308, unnlabeled_loss: 0.01825827918946743, mixup_loss: 0.0, energy_loss: 0.0
2026-08-10 22:08:56,228 INFO Best AUROC test all: 0.830507913938999, AUPR test all: 0.448093635193272, AUROC test unknown: 0.8402245332523726, AUPR test unknown: 0.1663963845943443
2026-08-10 22:08:56,508 INFO [OUTPOST-v4] epoch 93 cur={'auroc_all': 0.7897679137415208, 'aupr_all': 0.4355226955319907, 'auroc_unknown': 0.6671133607571154, 'aupr_unknown': 0.07347845380720137, 'val_auc': 0.9628019323671498} best={'auroc_all': 0.8022784047710733, 'aupr_all': 0.4432113092447798, 'auroc_unknown': 0.8396413838640988, 'aupr_unknown': 0.16364718560455427}
2026-08-10 22:08:58,576 INFO Epoch: 97, loss: 0.05464993417263031, labeled_loss: 0.007025660946965218, unnlabeled_loss: 0.09524854272603989, mixup_loss: 0.0, energy_loss: 0.0
2026-08-10 22:08:58,576 INFO Best AUROC test all: 0.830507913938999, AUPR test all: 0.44965124780325233, AUROC test unknown: 0.8402245332523726, AUPR test unknown: 0.1663963845943443
2026-08-10 22:08:59,005 INFO [OUTPOST-v4] epoch 94 cur={'auroc_all': 0.7830813017763165, 'aupr_all': 0.4363424563088983, 'auroc_unknown': 0.6548303101641362, 'aupr_unknown': 0.07044483214070059, 'val_auc': 0.9685990338164252} best={'auroc_all': 0.8022784047710733, 'aupr_all': 0.4432113092447798, 'auroc_unknown': 0.8396413838640988, 'aupr_unknown': 0.16364718560455427}
2026-08-10 22:09:00,898 INFO Epoch: 98, loss: 0.025401242077350616, labeled_loss: 0.013186327181756496, unnlabeled_loss: 0.02442983165383339, mixup_loss: 0.0, energy_loss: 0.0
2026-08-10 22:09:00,899 INFO Best AUROC test all: 0.830507913938999, AUPR test all: 0.4506327430243174, AUROC test unknown: 0.8402245332523726, AUPR test unknown: 0.1663963845943443
2026-08-10 22:09:01,503 INFO [OUTPOST-v4] epoch 95 cur={'auroc_all': 0.7755524452738529, 'aupr_all': 0.4284945159446897, 'auroc_unknown': 0.6417625379192267, 'aupr_unknown': 0.06761614483656347, 'val_auc': 0.9685990338164251} best={'auroc_all': 0.8022784047710733, 'aupr_all': 0.4432113092447798, 'auroc_unknown': 0.8396413838640988, 'aupr_unknown': 0.16364718560455427}
2026-08-10 22:09:03,231 INFO Epoch: 99, loss: 0.024299848824739456, labeled_loss: 0.007374231703579426, unnlabeled_loss: 0.03385123237967491, mixup_loss: 0.0, energy_loss: 0.0
2026-08-10 22:09:03,231 INFO Best AUROC test all: 0.830507913938999, AUPR test all: 0.4506327430243174, AUROC test unknown: 0.8402245332523726, AUPR test unknown: 0.1663963845943443
2026-08-10 22:09:03,905 INFO [OUTPOST-v4] epoch 96 cur={'auroc_all': 0.7949576409253829, 'aupr_all': 0.44177281796838735, 'auroc_unknown': 0.6761256317797337, 'aupr_unknown': 0.07588147934867093, 'val_auc': 0.9618357487922705} best={'auroc_all': 0.8022784047710733, 'aupr_all': 0.4432113092447798, 'auroc_unknown': 0.8396413838640988, 'aupr_unknown': 0.16364718560455427}
2026-08-10 22:09:05,521 INFO Epoch: 100, loss: 0.03588249906897545, labeled_loss: 0.008908621966838837, unnlabeled_loss: 0.053947754204273224, mixup_loss: 0.0, energy_loss: 0.0
2026-08-10 22:09:05,521 INFO Best AUROC test all: 0.830507913938999, AUPR test all: 0.454856380151487, AUROC test unknown: 0.8402245332523726, AUPR test unknown: 0.1663963845943443
2026-08-10 22:09:06,122 INFO [OUTPOST-v4] epoch 97 cur={'auroc_all': 0.8095870730768091, 'aupr_all': 0.4527434368562133, 'auroc_unknown': 0.7009658878345746, 'aupr_unknown': 0.08383320930493947, 'val_auc': 0.9603864734299516} best={'auroc_all': 0.8095870730768091, 'aupr_all': 0.4527434368562133, 'auroc_unknown': 0.8396413838640988, 'aupr_unknown': 0.16364718560455427}
2026-08-10 22:09:07,663 INFO Epoch: 101, loss: 0.022184060886502266, labeled_loss: 0.009253502823412418, unnlabeled_loss: 0.025861116126179695, mixup_loss: 0.0, energy_loss: 0.0
2026-08-10 22:09:07,664 INFO Best AUROC test all: 0.830507913938999, AUPR test all: 0.454856380151487, AUROC test unknown: 0.8402245332523726, AUPR test unknown: 0.1663963845943443
2026-08-10 22:09:08,348 INFO [OUTPOST-v4] epoch 98 cur={'auroc_all': 0.8087828430936936, 'aupr_all': 0.4536498546705694, 'auroc_unknown': 0.6979082937447066, 'aupr_unknown': 0.08233376817521512, 'val_auc': 0.9618357487922705} best={'auroc_all': 0.8095870730768091, 'aupr_all': 0.4536498546705694, 'auroc_unknown': 0.8396413838640988, 'aupr_unknown': 0.16364718560455427}
2026-08-10 22:09:09,943 INFO Epoch: 102, loss: 0.034123729914426804, labeled_loss: 0.007659939583390951, unnlabeled_loss: 0.05292758345603943, mixup_loss: 0.0, energy_loss: 0.0
2026-08-10 22:09:09,943 INFO Best AUROC test all: 0.830507913938999, AUPR test all: 0.454856380151487, AUROC test unknown: 0.8402245332523726, AUPR test unknown: 0.1663963845943443
2026-08-10 22:09:10,553 INFO [OUTPOST-v4] epoch 99 cur={'auroc_all': 0.802131777205091, 'aupr_all': 0.447029870922883, 'auroc_unknown': 0.6862195909990932, 'aupr_unknown': 0.0783557456785889, 'val_auc': 0.9671497584541062} best={'auroc_all': 0.8095870730768091, 'aupr_all': 0.4536498546705694, 'auroc_unknown': 0.8396413838640988, 'aupr_unknown': 0.16364718560455427}
2026-08-10 22:09:12,118 INFO Epoch: 103, loss: 0.03255869448184967, labeled_loss: 0.006493960507214069, unnlabeled_loss: 0.05212946608662605, mixup_loss: 0.0, energy_loss: 0.0
2026-08-10 22:09:12,118 INFO Best AUROC test all: 0.830507913938999, AUPR test all: 0.454856380151487, AUROC test unknown: 0.8402245332523726, AUPR test unknown: 0.1663963845943443
2026-08-10 22:09:12,812 INFO [OUTPOST-v4] epoch 100 cur={'auroc_all': 0.7810191356379039, 'aupr_all': 0.43568779421683806, 'auroc_unknown': 0.6483513794427813, 'aupr_unknown': 0.06960625267365513, 'val_auc': 0.9714975845410627} best={'auroc_all': 0.8095870730768091, 'aupr_all': 0.4536498546705694, 'auroc_unknown': 0.8396413838640988, 'aupr_unknown': 0.16364718560455427}
2026-08-10 22:09:14,268 INFO Epoch: 104, loss: 0.01602637954056263, labeled_loss: 0.0072298478335142136, unnlabeled_loss: 0.017593063414096832, mixup_loss: 0.0, energy_loss: 0.0
2026-08-10 22:09:14,268 INFO Best AUROC test all: 0.830507913938999, AUPR test all: 0.454856380151487, AUROC test unknown: 0.8402245332523726, AUPR test unknown: 0.1663963845943443
2026-08-10 22:09:15,068 INFO [OUTPOST-v4] epoch 101 cur={'auroc_all': 0.7862658846529814, 'aupr_all': 0.44288932026198746, 'auroc_unknown': 0.6575498766925227, 'aupr_unknown': 0.07130127397824197, 'val_auc': 0.9657004830917875} best={'auroc_all': 0.8095870730768091, 'aupr_all': 0.4536498546705694, 'auroc_unknown': 0.8396413838640988, 'aupr_unknown': 0.16364718560455427}
2026-08-10 22:09:16,461 INFO Epoch: 105, loss: 0.04041934758424759, labeled_loss: 0.00813980307430029, unnlabeled_loss: 0.06455908715724945, mixup_loss: 0.0, energy_loss: 0.0
2026-08-10 22:09:16,461 INFO Best AUROC test all: 0.830507913938999, AUPR test all: 0.454856380151487, AUROC test unknown: 0.8402245332523726, AUPR test unknown: 0.1663963845943443
2026-08-10 22:09:17,284 INFO [OUTPOST-v4] epoch 102 cur={'auroc_all': 0.7976043425456915, 'aupr_all': 0.44627637391774583, 'auroc_unknown': 0.676012402915581, 'aupr_unknown': 0.07541547693420211, 'val_auc': 0.9772946859903382} best={'auroc_all': 0.8095870730768091, 'aupr_all': 0.4536498546705694, 'auroc_unknown': 0.8396413838640988, 'aupr_unknown': 0.16364718560455427}
2026-08-10 22:09:18,614 INFO Epoch: 106, loss: 0.01606909930706024, labeled_loss: 0.008134052157402039, unnlabeled_loss: 0.015870094299316406, mixup_loss: 0.0, energy_loss: 0.0
2026-08-10 22:09:18,614 INFO Best AUROC test all: 0.830507913938999, AUPR test all: 0.4553547433075233, AUROC test unknown: 0.8402245332523726, AUPR test unknown: 0.1663963845943443
2026-08-10 22:09:19,533 INFO [OUTPOST-v4] epoch 103 cur={'auroc_all': 0.8136198248368336, 'aupr_all': 0.4584026183793755, 'auroc_unknown': 0.703899469358942, 'aupr_unknown': 0.08359635656492581, 'val_auc': 0.9628019323671497} best={'auroc_all': 0.8136198248368336, 'aupr_all': 0.4584026183793755, 'auroc_unknown': 0.8396413838640988, 'aupr_unknown': 0.16364718560455427}
2026-08-10 22:09:20,719 INFO Epoch: 107, loss: 0.026795463636517525, labeled_loss: 0.0095985047519207, unnlabeled_loss: 0.03439391776919365, mixup_loss: 0.0, energy_loss: 0.0
2026-08-10 22:09:20,719 INFO Best AUROC test all: 0.830507913938999, AUPR test all: 0.4560485059765262, AUROC test unknown: 0.8402245332523726, AUPR test unknown: 0.1663963845943443
2026-08-10 22:09:21,774 INFO [OUTPOST-v4] epoch 104 cur={'auroc_all': 0.8208295071931434, 'aupr_all': 0.4616873807264212, 'auroc_unknown': 0.7165918858453966, 'aupr_unknown': 0.08791312364238221, 'val_auc': 0.9705314009661836} best={'auroc_all': 0.8208295071931434, 'aupr_all': 0.4616873807264212, 'auroc_unknown': 0.8396413838640988, 'aupr_unknown': 0.16364718560455427}
2026-08-10 22:09:22,965 INFO Epoch: 108, loss: 0.030263317748904228, labeled_loss: 0.00653124088421464, unnlabeled_loss: 0.04746415466070175, mixup_loss: 0.0, energy_loss: 0.0
2026-08-10 22:09:22,965 INFO Best AUROC test all: 0.830507913938999, AUPR test all: 0.4560485059765262, AUROC test unknown: 0.8402245332523726, AUPR test unknown: 0.1663963845943443
2026-08-10 22:09:24,012 INFO [OUTPOST-v4] epoch 105 cur={'auroc_all': 0.8151642278108554, 'aupr_all': 0.4588849459478869, 'auroc_unknown': 0.7070617897792077, 'aupr_unknown': 0.08438076943369091, 'val_auc': 0.9671497584541062} best={'auroc_all': 0.8208295071931434, 'aupr_all': 0.4616873807264212, 'auroc_unknown': 0.8396413838640988, 'aupr_unknown': 0.16364718560455427}
2026-08-10 22:09:25,072 INFO Epoch: 109, loss: 0.013645223341882229, labeled_loss: 0.007393586914986372, unnlabeled_loss: 0.012503272853791714, mixup_loss: 0.0, energy_loss: 0.0
2026-08-10 22:09:25,072 INFO Best AUROC test all: 0.830507913938999, AUPR test all: 0.4560485059765262, AUROC test unknown: 0.8402245332523726, AUPR test unknown: 0.1663963845943443
2026-08-10 22:09:26,252 INFO [OUTPOST-v4] epoch 106 cur={'auroc_all': 0.8124830909288387, 'aupr_all': 0.45677055434815467, 'auroc_unknown': 0.7019459603839994, 'aupr_unknown': 0.08263471174658522, 'val_auc': 0.963768115942029} best={'auroc_all': 0.8208295071931434, 'aupr_all': 0.4616873807264212, 'auroc_unknown': 0.8396413838640988, 'aupr_unknown': 0.16364718560455427}
2026-08-10 22:09:27,200 INFO Epoch: 110, loss: 0.019432609900832176, labeled_loss: 0.002991983899846673, unnlabeled_loss: 0.032881252467632294, mixup_loss: 0.0, energy_loss: 0.0
2026-08-10 22:09:27,200 INFO Best AUROC test all: 0.830507913938999, AUPR test all: 0.4560485059765262, AUROC test unknown: 0.8402245332523726, AUPR test unknown: 0.1663963845943443
2026-08-10 22:09:28,487 INFO [OUTPOST-v4] epoch 107 cur={'auroc_all': 0.8028157923319212, 'aupr_all': 0.45131664767549756, 'auroc_unknown': 0.6847243893314353, 'aupr_unknown': 0.07756151569864746, 'val_auc': 0.972463768115942} best={'auroc_all': 0.8208295071931434, 'aupr_all': 0.4616873807264212, 'auroc_unknown': 0.8396413838640988, 'aupr_unknown': 0.16364718560455427}
2026-08-10 22:09:29,451 INFO Epoch: 111, loss: 0.008396933786571026, labeled_loss: 0.004958901088684797, unnlabeled_loss: 0.00687606493011117, mixup_loss: 0.0, energy_loss: 0.0
2026-08-10 22:09:29,452 INFO Best AUROC test all: 0.8331021604115446, AUPR test all: 0.4560485059765262, AUROC test unknown: 0.8402245332523726, AUPR test unknown: 0.1663963845943443
2026-08-10 22:09:30,707 INFO [OUTPOST-v4] epoch 108 cur={'auroc_all': 0.7973268856699941, 'aupr_all': 0.4477909700704715, 'auroc_unknown': 0.6764864710171435, 'aupr_unknown': 0.07592024963687734, 'val_auc': 0.9647342995169081} best={'auroc_all': 0.8208295071931434, 'aupr_all': 0.4616873807264212, 'auroc_unknown': 0.8396413838640988, 'aupr_unknown': 0.16364718560455427}
2026-08-10 22:09:31,848 INFO Epoch: 112, loss: 0.023731034249067307, labeled_loss: 0.005869109183549881, unnlabeled_loss: 0.03572385013103485, mixup_loss: 0.0, energy_loss: 0.0
2026-08-10 22:09:31,848 INFO Best AUROC test all: 0.8331059865517344, AUPR test all: 0.4560485059765262, AUROC test unknown: 0.8402245332523726, AUPR test unknown: 0.1663963845943443
2026-08-10 22:09:32,772 INFO [OUTPOST-v4] epoch 109 cur={'auroc_all': 0.8048382159819111, 'aupr_all': 0.45539620794318914, 'auroc_unknown': 0.6878773777024577, 'aupr_unknown': 0.07926391842307831, 'val_auc': 0.9690821256038649} best={'auroc_all': 0.8208295071931434, 'aupr_all': 0.4616873807264212, 'auroc_unknown': 0.8396413838640988, 'aupr_unknown': 0.16364718560455427}
2026-08-10 22:09:34,053 INFO Epoch: 113, loss: 0.030546139925718307, labeled_loss: 0.010622908361256123, unnlabeled_loss: 0.03984646126627922, mixup_loss: 0.0, energy_loss: 0.0
2026-08-10 22:09:34,053 INFO Best AUROC test all: 0.8331059865517344, AUPR test all: 0.4560485059765262, AUROC test unknown: 0.8402245332523726, AUPR test unknown: 0.1663963845943443
2026-08-10 22:09:35,017 INFO [OUTPOST-v4] epoch 110 cur={'auroc_all': 0.8034796893667862, 'aupr_all': 0.4556559245040073, 'auroc_unknown': 0.6868684794898148, 'aupr_unknown': 0.07926027910608656, 'val_auc': 0.9671497584541063} best={'auroc_all': 0.8208295071931434, 'aupr_all': 0.4616873807264212, 'auroc_unknown': 0.8396413838640988, 'aupr_unknown': 0.16364718560455427}
2026-08-10 22:09:36,210 INFO Epoch: 114, loss: 0.007601083256304264, labeled_loss: 0.002535933395847678, unnlabeled_loss: 0.010130300186574459, mixup_loss: 0.0, energy_loss: 0.0
2026-08-10 22:09:36,211 INFO Best AUROC test all: 0.8331059865517344, AUPR test all: 0.4560485059765262, AUROC test unknown: 0.8402245332523726, AUPR test unknown: 0.1663963845943443
2026-08-10 22:09:37,283 INFO [OUTPOST-v4] epoch 111 cur={'auroc_all': 0.8063333728289739, 'aupr_all': 0.4557027237367772, 'auroc_unknown': 0.6913596837223346, 'aupr_unknown': 0.08019424951003559, 'val_auc': 0.9714975845410628} best={'auroc_all': 0.8208295071931434, 'aupr_all': 0.4616873807264212, 'auroc_unknown': 0.8396413838640988, 'aupr_unknown': 0.16364718560455427}
2026-08-10 22:09:38,447 INFO Epoch: 115, loss: 0.02831839583814144, labeled_loss: 0.003837812691926956, unnlabeled_loss: 0.04896116629242897, mixup_loss: 0.0, energy_loss: 0.0
2026-08-10 22:09:38,447 INFO Best AUROC test all: 0.8331059865517344, AUPR test all: 0.4560485059765262, AUROC test unknown: 0.8402245332523726, AUPR test unknown: 0.1663963845943443
2026-08-10 22:09:39,527 INFO [OUTPOST-v4] epoch 112 cur={'auroc_all': 0.8009511043968522, 'aupr_all': 0.4535993061424262, 'auroc_unknown': 0.6822520184185619, 'aupr_unknown': 0.07757151124861462, 'val_auc': 0.9657004830917875} best={'auroc_all': 0.8208295071931434, 'aupr_all': 0.4616873807264212, 'auroc_unknown': 0.8396413838640988, 'aupr_unknown': 0.16364718560455427}
2026-08-10 22:09:40,607 INFO Epoch: 116, loss: 0.02734103798866272, labeled_loss: 0.007778056897222996, unnlabeled_loss: 0.0391259603202343, mixup_loss: 0.0, energy_loss: 0.0
2026-08-10 22:09:40,607 INFO Best AUROC test all: 0.8331059865517344, AUPR test all: 0.4560485059765262, AUROC test unknown: 0.8402245332523726, AUPR test unknown: 0.1663963845943443
2026-08-10 22:09:41,897 INFO [OUTPOST-v4] epoch 113 cur={'auroc_all': 0.8034334054128776, 'aupr_all': 0.4564051586173588, 'auroc_unknown': 0.6845576567182874, 'aupr_unknown': 0.07883644861748619, 'val_auc': 0.9729468599033816} best={'auroc_all': 0.8208295071931434, 'aupr_all': 0.4616873807264212, 'auroc_unknown': 0.8396413838640988, 'aupr_unknown': 0.16364718560455427}
2026-08-10 22:09:42,901 INFO Epoch: 117, loss: 0.008415116928517818, labeled_loss: 0.003516237949952483, unnlabeled_loss: 0.009797758422791958, mixup_loss: 0.0, energy_loss: 0.0
2026-08-10 22:09:42,901 INFO Best AUROC test all: 0.8342005094937647, AUPR test all: 0.4560485059765262, AUROC test unknown: 0.8402245332523726, AUPR test unknown: 0.1663963845943443
2026-08-10 22:09:44,363 INFO [OUTPOST-v4] epoch 114 cur={'auroc_all': 0.8058373322669511, 'aupr_all': 0.4598300054959689, 'auroc_unknown': 0.6890820415703393, 'aupr_unknown': 0.08088609711419419, 'val_auc': 0.9642512077294686} best={'auroc_all': 0.8208295071931434, 'aupr_all': 0.4616873807264212, 'auroc_unknown': 0.8396413838640988, 'aupr_unknown': 0.16364718560455427}
2026-08-10 22:09:45,139 INFO Epoch: 118, loss: 0.007585734128952026, labeled_loss: 0.0037484823260456324, unnlabeled_loss: 0.007674503605812788, mixup_loss: 0.0, energy_loss: 0.0
2026-08-10 22:09:45,139 INFO Best AUROC test all: 0.8353821696930201, AUPR test all: 0.4560485059765262, AUROC test unknown: 0.8402245332523726, AUPR test unknown: 0.1663963845943443
2026-08-10 22:09:46,802 INFO [OUTPOST-v4] epoch 115 cur={'auroc_all': 0.8118238840013033, 'aupr_all': 0.4582395364812817, 'auroc_unknown': 0.6979723738161777, 'aupr_unknown': 0.08365939396777916, 'val_auc': 0.9632850241545894} best={'auroc_all': 0.8208295071931434, 'aupr_all': 0.4616873807264212, 'auroc_unknown': 0.8396413838640988, 'aupr_unknown': 0.16364718560455427}
2026-08-10 22:09:47,238 INFO Epoch: 119, loss: 0.02192208170890808, labeled_loss: 0.00521555170416832, unnlabeled_loss: 0.03341306000947952, mixup_loss: 0.0, energy_loss: 0.0
2026-08-10 22:09:47,238 INFO Best AUROC test all: 0.8353821696930201, AUPR test all: 0.4560485059765262, AUROC test unknown: 0.8402245332523726, AUPR test unknown: 0.1663963845943443
2026-08-10 22:09:49,426 INFO [OUTPOST-v4] epoch 116 cur={'auroc_all': 0.8177797031902603, 'aupr_all': 0.46591849245502626, 'auroc_unknown': 0.7086418094055442, 'aupr_unknown': 0.08694811063386716, 'val_auc': 0.9623188405797102} best={'auroc_all': 0.8208295071931434, 'aupr_all': 0.46591849245502626, 'auroc_unknown': 0.8396413838640988, 'aupr_unknown': 0.16364718560455427}
2026-08-10 22:09:49,535 INFO Epoch: 120, loss: 0.009734569117426872, labeled_loss: 0.005472065415233374, unnlabeled_loss: 0.008525008335709572, mixup_loss: 0.0, energy_loss: 0.0
2026-08-10 22:09:49,535 INFO Best AUROC test all: 0.8353821696930201, AUPR test all: 0.4560485059765262, AUROC test unknown: 0.8402245332523726, AUPR test unknown: 0.1663963845943443
2026-08-10 22:09:51,893 INFO [OUTPOST-v4] epoch 117 cur={'auroc_all': 0.8198851911095314, 'aupr_all': 0.4655733754920886, 'auroc_unknown': 0.7118580483325494, 'aupr_unknown': 0.08788046244171134, 'val_auc': 0.9734299516908212} best={'auroc_all': 0.8208295071931434, 'aupr_all': 0.46591849245502626, 'auroc_unknown': 0.8396413838640988, 'aupr_unknown': 0.16364718560455427}
2026-08-10 22:09:51,970 INFO Epoch: 121, loss: 0.022597767412662506, labeled_loss: 0.003515194170176983, unnlabeled_loss: 0.0381651446223259, mixup_loss: 0.0, energy_loss: 0.0
2026-08-10 22:09:51,970 INFO Best AUROC test all: 0.8353821696930201, AUPR test all: 0.4560485059765262, AUROC test unknown: 0.8402245332523726, AUPR test unknown: 0.1663963845943443
2026-08-10 22:09:54,592 INFO Epoch: 122, loss: 0.024565711617469788, labeled_loss: 0.004643012769520283, unnlabeled_loss: 0.03984539583325386, mixup_loss: 0.0, energy_loss: 0.0
2026-08-10 22:09:54,592 INFO Best AUROC test all: 0.8353821696930201, AUPR test all: 0.4560485059765262, AUROC test unknown: 0.8402245332523726, AUPR test unknown: 0.1663963845943443
2026-08-10 22:09:54,681 INFO [OUTPOST-v4] epoch 118 cur={'auroc_all': 0.818152443299071, 'aupr_all': 0.4635999505242063, 'auroc_unknown': 0.7098711513592026, 'aupr_unknown': 0.0861717065086635, 'val_auc': 0.9705314009661836} best={'auroc_all': 0.8208295071931434, 'aupr_all': 0.46591849245502626, 'auroc_unknown': 0.8396413838640988, 'aupr_unknown': 0.16364718560455427}
2026-08-10 22:09:57,322 INFO [OUTPOST-v4] epoch 119 cur={'auroc_all': 0.8094824096290372, 'aupr_all': 0.4585480114756896, 'auroc_unknown': 0.6946055778280464, 'aupr_unknown': 0.0822231782278854, 'val_auc': 0.9695652173913043} best={'auroc_all': 0.8208295071931434, 'aupr_all': 0.46591849245502626, 'auroc_unknown': 0.8396413838640988, 'aupr_unknown': 0.16364718560455427}
2026-08-10 22:09:57,334 INFO Epoch: 123, loss: 0.009724910371005535, labeled_loss: 0.0029637939296662807, unnlabeled_loss: 0.013522232882678509, mixup_loss: 0.0, energy_loss: 0.0
2026-08-10 22:09:57,334 INFO Best AUROC test all: 0.8353821696930201, AUPR test all: 0.4560485059765262, AUROC test unknown: 0.8402245332523726, AUPR test unknown: 0.1663963845943443
2026-08-10 22:09:59,892 INFO [OUTPOST-v4] epoch 120 cur={'auroc_all': 0.804770579697266, 'aupr_all': 0.4511944510295152, 'auroc_unknown': 0.6862847079649248, 'aupr_unknown': 0.07854362083372751, 'val_auc': 0.9768115942028985} best={'auroc_all': 0.8208295071931434, 'aupr_all': 0.46591849245502626, 'auroc_unknown': 0.8396413838640988, 'aupr_unknown': 0.16364718560455427}
2026-08-10 22:09:59,925 INFO Epoch: 124, loss: 0.02719392627477646, labeled_loss: 0.0023235022090375423, unnlabeled_loss: 0.04974084720015526, mixup_loss: 0.0, energy_loss: 0.0
2026-08-10 22:09:59,925 INFO Best AUROC test all: 0.8353821696930201, AUPR test all: 0.4560485059765262, AUROC test unknown: 0.8402245332523726, AUPR test unknown: 0.1663963845943443
2026-08-10 22:10:02,534 INFO [OUTPOST-v4] epoch 121 cur={'auroc_all': 0.805680213671416, 'aupr_all': 0.45499501648470947, 'auroc_unknown': 0.68764469860799, 'aupr_unknown': 0.07965437043897398, 'val_auc': 0.9681159420289855} best={'auroc_all': 0.8208295071931434, 'aupr_all': 0.46591849245502626, 'auroc_unknown': 0.8396413838640988, 'aupr_unknown': 0.16364718560455427}
2026-08-10 22:10:02,551 INFO Epoch: 125, loss: 0.05260622128844261, labeled_loss: 0.00501724798232317, unnlabeled_loss: 0.09517794847488403, mixup_loss: 0.0, energy_loss: 0.0
2026-08-10 22:10:02,551 INFO Best AUROC test all: 0.8353821696930201, AUPR test all: 0.4560485059765262, AUROC test unknown: 0.8402245332523726, AUPR test unknown: 0.1663963845943443
2026-08-10 22:10:05,103 INFO [OUTPOST-v4] epoch 122 cur={'auroc_all': 0.8156173168636511, 'aupr_all': 0.4597795237593587, 'auroc_unknown': 0.7053303835762569, 'aupr_unknown': 0.08354321339622571, 'val_auc': 0.9739130434782608} best={'auroc_all': 0.8208295071931434, 'aupr_all': 0.46591849245502626, 'auroc_unknown': 0.8396413838640988, 'aupr_unknown': 0.16364718560455427}
2026-08-10 22:10:05,118 INFO Epoch: 126, loss: 0.03890099376440048, labeled_loss: 0.006283254362642765, unnlabeled_loss: 0.06523548066616058, mixup_loss: 0.0, energy_loss: 0.0
2026-08-10 22:10:05,118 INFO Best AUROC test all: 0.8353821696930201, AUPR test all: 0.45752910469786195, AUROC test unknown: 0.8402245332523726, AUPR test unknown: 0.1663963845943443
2026-08-10 22:10:07,566 INFO Epoch: 127, loss: 0.040984611958265305, labeled_loss: 0.004981241188943386, unnlabeled_loss: 0.07200673967599869, mixup_loss: 0.0, energy_loss: 0.0
2026-08-10 22:10:07,566 INFO Best AUROC test all: 0.8353821696930201, AUPR test all: 0.45752910469786195, AUROC test unknown: 0.8402245332523726, AUPR test unknown: 0.1663963845943443
2026-08-10 22:10:07,616 INFO [OUTPOST-v4] epoch 123 cur={'auroc_all': 0.8226435913386059, 'aupr_all': 0.46550012277604774, 'auroc_unknown': 0.7155375716597692, 'aupr_unknown': 0.08783930320986283, 'val_auc': 0.9690821256038648} best={'auroc_all': 0.8226435913386059, 'aupr_all': 0.46591849245502626, 'auroc_unknown': 0.8396413838640988, 'aupr_unknown': 0.16364718560455427}
2026-08-10 22:10:10,263 INFO [OUTPOST-v4] epoch 124 cur={'auroc_all': 0.8212511231572815, 'aupr_all': 0.4610845454291455, 'auroc_unknown': 0.7151066383635981, 'aupr_unknown': 0.08730083356608619, 'val_auc': 0.9719806763285024} best={'auroc_all': 0.8226435913386059, 'aupr_all': 0.46591849245502626, 'auroc_unknown': 0.8396413838640988, 'aupr_unknown': 0.16364718560455427}
2026-08-10 22:10:10,276 INFO Epoch: 128, loss: 0.02678637206554413, labeled_loss: 0.004752424545586109, unnlabeled_loss: 0.04406789690256119, mixup_loss: 0.0, energy_loss: 0.0
2026-08-10 22:10:10,276 INFO Best AUROC test all: 0.8353821696930201, AUPR test all: 0.45752910469786195, AUROC test unknown: 0.8402245332523726, AUPR test unknown: 0.1663963845943443
2026-08-10 22:10:12,791 INFO [OUTPOST-v4] epoch 125 cur={'auroc_all': 0.8134378980420035, 'aupr_all': 0.4611095289116344, 'auroc_unknown': 0.7002749014328221, 'aupr_unknown': 0.08215930912249998, 'val_auc': 0.9714975845410627} best={'auroc_all': 0.8226435913386059, 'aupr_all': 0.46591849245502626, 'auroc_unknown': 0.8396413838640988, 'aupr_unknown': 0.16364718560455427}
2026-08-10 22:10:12,812 INFO Epoch: 129, loss: 0.011500313878059387, labeled_loss: 0.006291182711720467, unnlabeled_loss: 0.010418262332677841, mixup_loss: 0.0, energy_loss: 0.0
2026-08-10 22:10:12,812 INFO Best AUROC test all: 0.8353821696930201, AUPR test all: 0.45752910469786195, AUROC test unknown: 0.8402245332523726, AUPR test unknown: 0.1663963845943443
2026-08-10 22:10:15,230 INFO [OUTPOST-v4] epoch 126 cur={'auroc_all': 0.8076298172339228, 'aupr_all': 0.4565335533360306, 'auroc_unknown': 0.6897035560499468, 'aupr_unknown': 0.07966236162751866, 'val_auc': 0.9695652173913043} best={'auroc_all': 0.8226435913386059, 'aupr_all': 0.46591849245502626, 'auroc_unknown': 0.8396413838640988, 'aupr_unknown': 0.16364718560455427}
2026-08-10 22:10:15,355 INFO Epoch: 130, loss: 0.05396939069032669, labeled_loss: 0.004382657818496227, unnlabeled_loss: 0.09917346388101578, mixup_loss: 0.0, energy_loss: 0.0
2026-08-10 22:10:15,355 INFO Best AUROC test all: 0.8353821696930201, AUPR test all: 0.45752910469786195, AUROC test unknown: 0.8402245332523726, AUPR test unknown: 0.1663963845943443
2026-08-10 22:10:17,652 INFO [OUTPOST-v4] epoch 127 cur={'auroc_all': 0.7948361918303266, 'aupr_all': 0.45005154247816315, 'auroc_unknown': 0.6694248056652589, 'aupr_unknown': 0.07440282063907677, 'val_auc': 0.9748792270531401} best={'auroc_all': 0.8226435913386059, 'aupr_all': 0.46591849245502626, 'auroc_unknown': 0.8396413838640988, 'aupr_unknown': 0.16364718560455427}
2026-08-10 22:10:17,746 INFO Epoch: 131, loss: 0.027090022340416908, labeled_loss: 0.0034423726610839367, unnlabeled_loss: 0.04729529842734337, mixup_loss: 0.0, energy_loss: 0.0
2026-08-10 22:10:17,746 INFO Best AUROC test all: 0.8353821696930201, AUPR test all: 0.45752910469786195, AUROC test unknown: 0.8402245332523726, AUPR test unknown: 0.1663963845943443
2026-08-10 22:10:20,217 INFO [OUTPOST-v4] epoch 128 cur={'auroc_all': 0.7928747395756193, 'aupr_all': 0.451668917257084, 'auroc_unknown': 0.6661382653006206, 'aupr_unknown': 0.07431997349848307, 'val_auc': 0.9705314009661836} best={'auroc_all': 0.8226435913386059, 'aupr_all': 0.46591849245502626, 'auroc_unknown': 0.8396413838640988, 'aupr_unknown': 0.16364718560455427}
2026-08-10 22:10:20,230 INFO Epoch: 132, loss: 0.014948830008506775, labeled_loss: 0.0057930536568164825, unnlabeled_loss: 0.018311552703380585, mixup_loss: 0.0, energy_loss: 0.0
2026-08-10 22:10:20,230 INFO Best AUROC test all: 0.8353821696930201, AUPR test all: 0.45752910469786195, AUROC test unknown: 0.8402245332523726, AUPR test unknown: 0.1663963845943443
2026-08-10 22:10:22,848 INFO [OUTPOST-v4] epoch 129 cur={'auroc_all': 0.7958571541416116, 'aupr_all': 0.4490091710693166, 'auroc_unknown': 0.6719535836313367, 'aupr_unknown': 0.07566958270464053, 'val_auc': 0.9758454106280192} best={'auroc_all': 0.8226435913386059, 'aupr_all': 0.46591849245502626, 'auroc_unknown': 0.8396413838640988, 'aupr_unknown': 0.16364718560455427}
2026-08-10 22:10:22,860 INFO Epoch: 133, loss: 0.04616200551390648, labeled_loss: 0.004167907405644655, unnlabeled_loss: 0.08398819714784622, mixup_loss: 0.0, energy_loss: 0.0
2026-08-10 22:10:22,861 INFO Best AUROC test all: 0.8353821696930201, AUPR test all: 0.45752910469786195, AUROC test unknown: 0.8402245332523726, AUPR test unknown: 0.1663963845943443
2026-08-10 22:10:25,281 INFO [OUTPOST-v4] epoch 130 cur={'auroc_all': 0.8015682237823002, 'aupr_all': 0.45707783981209216, 'auroc_unknown': 0.6788572262827006, 'aupr_unknown': 0.07715826067886235, 'val_auc': 0.970048309178744} best={'auroc_all': 0.8226435913386059, 'aupr_all': 0.46591849245502626, 'auroc_unknown': 0.8396413838640988, 'aupr_unknown': 0.16364718560455427}
2026-08-10 22:10:25,306 INFO Epoch: 134, loss: 0.02108701691031456, labeled_loss: 0.005628489423543215, unnlabeled_loss: 0.030917054042220116, mixup_loss: 0.0, energy_loss: 0.0
2026-08-10 22:10:25,306 INFO Best AUROC test all: 0.8353821696930201, AUPR test all: 0.45752910469786195, AUROC test unknown: 0.8402245332523726, AUPR test unknown: 0.1663963845943443
2026-08-10 22:10:27,622 INFO Epoch: 135, loss: 0.007809272967278957, labeled_loss: 0.004711122252047062, unnlabeled_loss: 0.006196300964802504, mixup_loss: 0.0, energy_loss: 0.0
2026-08-10 22:10:27,622 INFO Best AUROC test all: 0.8353821696930201, AUPR test all: 0.45752910469786195, AUROC test unknown: 0.8402245332523726, AUPR test unknown: 0.1663963845943443
2026-08-10 22:10:27,706 INFO [OUTPOST-v4] epoch 131 cur={'auroc_all': 0.8024077529942633, 'aupr_all': 0.4508180078372652, 'auroc_unknown': 0.6813179839787379, 'aupr_unknown': 0.07798778997392804, 'val_auc': 0.9705314009661836} best={'auroc_all': 0.8226435913386059, 'aupr_all': 0.46591849245502626, 'auroc_unknown': 0.8396413838640988, 'aupr_unknown': 0.16364718560455427}
2026-08-10 22:10:29,930 INFO Epoch: 136, loss: 0.02089879661798477, labeled_loss: 0.004636459983885288, unnlabeled_loss: 0.03252467140555382, mixup_loss: 0.0, energy_loss: 0.0
2026-08-10 22:10:29,930 INFO Best AUROC test all: 0.8353821696930201, AUPR test all: 0.45752910469786195, AUROC test unknown: 0.8402245332523726, AUPR test unknown: 0.1663963845943443
2026-08-10 22:10:30,286 INFO [OUTPOST-v4] epoch 132 cur={'auroc_all': 0.7869311393504943, 'aupr_all': 0.45018730734168133, 'auroc_unknown': 0.6551484293538986, 'aupr_unknown': 0.07205150652778339, 'val_auc': 0.9792270531400966} best={'auroc_all': 0.8226435913386059, 'aupr_all': 0.46591849245502626, 'auroc_unknown': 0.8396413838640988, 'aupr_unknown': 0.16364718560455427}
2026-08-10 22:10:32,142 INFO Epoch: 137, loss: 0.009876664727926254, labeled_loss: 0.006347312591969967, unnlabeled_loss: 0.007058704271912575, mixup_loss: 0.0, energy_loss: 0.0
2026-08-10 22:10:32,142 INFO Best AUROC test all: 0.8353821696930201, AUPR test all: 0.45752910469786195, AUROC test unknown: 0.8402245332523726, AUPR test unknown: 0.1663963845943443
2026-08-10 22:10:32,789 INFO [OUTPOST-v4] epoch 133 cur={'auroc_all': 0.7910686779821676, 'aupr_all': 0.449674846673921, 'auroc_unknown': 0.6624433959368672, 'aupr_unknown': 0.07383328908126867, 'val_auc': 0.9753623188405798} best={'auroc_all': 0.8226435913386059, 'aupr_all': 0.46591849245502626, 'auroc_unknown': 0.8396413838640988, 'aupr_unknown': 0.16364718560455427}
2026-08-10 22:10:34,364 INFO Epoch: 138, loss: 0.015429772436618805, labeled_loss: 0.0048616486601531506, unnlabeled_loss: 0.021136246621608734, mixup_loss: 0.0, energy_loss: 0.0
2026-08-10 22:10:34,364 INFO Best AUROC test all: 0.8353821696930201, AUPR test all: 0.45752910469786195, AUROC test unknown: 0.8402245332523726, AUPR test unknown: 0.1663963845943443
2026-08-10 22:10:35,271 INFO [OUTPOST-v4] epoch 134 cur={'auroc_all': 0.8071928967090257, 'aupr_all': 0.46267237479594975, 'auroc_unknown': 0.6888549617054176, 'aupr_unknown': 0.08019315379634794, 'val_auc': 0.9681159420289855} best={'auroc_all': 0.8226435913386059, 'aupr_all': 0.46591849245502626, 'auroc_unknown': 0.8396413838640988, 'aupr_unknown': 0.16364718560455427}
2026-08-10 22:10:36,678 INFO Epoch: 139, loss: 0.01747995987534523, labeled_loss: 0.005200719926506281, unnlabeled_loss: 0.024558478966355324, mixup_loss: 0.0, energy_loss: 0.0
2026-08-10 22:10:36,679 INFO Best AUROC test all: 0.8353821696930201, AUPR test all: 0.45752910469786195, AUROC test unknown: 0.8402245332523726, AUPR test unknown: 0.1663963845943443
2026-08-10 22:10:37,759 INFO [OUTPOST-v4] epoch 135 cur={'auroc_all': 0.8143332148464113, 'aupr_all': 0.4649560416827429, 'auroc_unknown': 0.700658137588416, 'aupr_unknown': 0.084929038775333, 'val_auc': 0.9763285024154589} best={'auroc_all': 0.8226435913386059, 'aupr_all': 0.46591849245502626, 'auroc_unknown': 0.8396413838640988, 'aupr_unknown': 0.16364718560455427}
2026-08-10 22:10:38,928 INFO Epoch: 140, loss: 0.030949851498007774, labeled_loss: 0.004286070819944143, unnlabeled_loss: 0.05332756042480469, mixup_loss: 0.0, energy_loss: 0.0
2026-08-10 22:10:38,928 INFO Best AUROC test all: 0.8353821696930201, AUPR test all: 0.45752910469786195, AUROC test unknown: 0.8402245332523726, AUPR test unknown: 0.1663963845943443
2026-08-10 22:10:40,308 INFO [OUTPOST-v4] epoch 136 cur={'auroc_all': 0.8155925086643561, 'aupr_all': 0.4642207745641001, 'auroc_unknown': 0.7036118348633745, 'aupr_unknown': 0.08545202529853099, 'val_auc': 0.972463768115942} best={'auroc_all': 0.8226435913386059, 'aupr_all': 0.46591849245502626, 'auroc_unknown': 0.8396413838640988, 'aupr_unknown': 0.16364718560455427}
2026-08-10 22:10:41,084 INFO Epoch: 141, loss: 0.012008237652480602, labeled_loss: 0.004133526235818863, unnlabeled_loss: 0.01574942283332348, mixup_loss: 0.0, energy_loss: 0.0
2026-08-10 22:10:41,084 INFO Best AUROC test all: 0.8353821696930201, AUPR test all: 0.45752910469786195, AUROC test unknown: 0.8402245332523726, AUPR test unknown: 0.1663963845943443
2026-08-10 22:10:42,433 INFO [OUTPOST-v4] epoch 137 cur={'auroc_all': 0.8216199137020253, 'aupr_all': 0.46552773519791846, 'auroc_unknown': 0.7133791723592168, 'aupr_unknown': 0.08854352003850621, 'val_auc': 0.9758454106280193} best={'auroc_all': 0.8226435913386059, 'aupr_all': 0.46591849245502626, 'auroc_unknown': 0.8396413838640988, 'aupr_unknown': 0.16364718560455427}
2026-08-10 22:10:43,510 INFO Epoch: 142, loss: 0.030496956780552864, labeled_loss: 0.0043608020059764385, unnlabeled_loss: 0.052272308617830276, mixup_loss: 0.0, energy_loss: 0.0
2026-08-10 22:10:43,510 INFO Best AUROC test all: 0.8353821696930201, AUPR test all: 0.45752910469786195, AUROC test unknown: 0.8402245332523726, AUPR test unknown: 0.1663963845943443
2026-08-10 22:10:45,127 INFO [OUTPOST-v4] epoch 138 cur={'auroc_all': 0.8183380728102135, 'aupr_all': 0.471275086539709, 'auroc_unknown': 0.7061856140446926, 'aupr_unknown': 0.0868579152715052, 'val_auc': 0.9801932367149758} best={'auroc_all': 0.8226435913386059, 'aupr_all': 0.471275086539709, 'auroc_unknown': 0.8396413838640988, 'aupr_unknown': 0.16364718560455427}
2026-08-10 22:10:45,802 INFO Epoch: 143, loss: 0.011194972321391106, labeled_loss: 0.004753611516207457, unnlabeled_loss: 0.012882721610367298, mixup_loss: 0.0, energy_loss: 0.0
2026-08-10 22:10:45,803 INFO Best AUROC test all: 0.8353821696930201, AUPR test all: 0.45752910469786195, AUROC test unknown: 0.8402245332523726, AUPR test unknown: 0.1663963845943443
2026-08-10 22:10:47,573 INFO [OUTPOST-v4] epoch 139 cur={'auroc_all': 0.806428409214333, 'aupr_all': 0.457147505807524, 'auroc_unknown': 0.6856169479968446, 'aupr_unknown': 0.0793968475262756, 'val_auc': 0.9782608695652174} best={'auroc_all': 0.8226435913386059, 'aupr_all': 0.471275086539709, 'auroc_unknown': 0.8396413838640988, 'aupr_unknown': 0.16364718560455427}
2026-08-10 22:10:48,104 INFO Epoch: 144, loss: 0.024246972054243088, labeled_loss: 0.0027369719464331865, unnlabeled_loss: 0.04301999881863594, mixup_loss: 0.0, energy_loss: 0.0
2026-08-10 22:10:48,104 INFO Best AUROC test all: 0.8353821696930201, AUPR test all: 0.45752910469786195, AUROC test unknown: 0.8402245332523726, AUPR test unknown: 0.1663963845943443
2026-08-10 22:10:49,935 INFO [OUTPOST-v4] epoch 140 cur={'auroc_all': 0.8050853105838442, 'aupr_all': 0.45780731069655345, 'auroc_unknown': 0.683086096242046, 'aupr_unknown': 0.07848162193568188, 'val_auc': 0.9758454106280194} best={'auroc_all': 0.8226435913386059, 'aupr_all': 0.471275086539709, 'auroc_unknown': 0.8396413838640988, 'aupr_unknown': 0.16364718560455427}
2026-08-10 22:10:50,437 INFO Epoch: 145, loss: 0.012226860038936138, labeled_loss: 0.0028461627662181854, unnlabeled_loss: 0.018761394545435905, mixup_loss: 0.0, energy_loss: 0.0
2026-08-10 22:10:50,437 INFO Best AUROC test all: 0.8356595031448405, AUPR test all: 0.45752910469786195, AUROC test unknown: 0.8402245332523726, AUPR test unknown: 0.1663963845943443
2026-08-10 22:10:52,374 INFO [OUTPOST-v4] epoch 141 cur={'auroc_all': 0.8137684271848494, 'aupr_all': 0.4656724944043252, 'auroc_unknown': 0.6992185134584741, 'aupr_unknown': 0.08400300037576873, 'val_auc': 0.9748792270531401} best={'auroc_all': 0.8226435913386059, 'aupr_all': 0.471275086539709, 'auroc_unknown': 0.8396413838640988, 'aupr_unknown': 0.16364718560455427}
2026-08-10 22:10:52,483 INFO Epoch: 146, loss: 0.010652579367160797, labeled_loss: 0.006781157571822405, unnlabeled_loss: 0.00774284265935421, mixup_loss: 0.0, energy_loss: 0.0
2026-08-10 22:10:52,483 INFO Best AUROC test all: 0.8416637044936165, AUPR test all: 0.45752910469786195, AUROC test unknown: 0.8402245332523726, AUPR test unknown: 0.1663963845943443
2026-08-10 22:10:54,840 INFO [OUTPOST-v4] epoch 142 cur={'auroc_all': 0.8258642139873811, 'aupr_all': 0.4702672722904285, 'auroc_unknown': 0.719314355677992, 'aupr_unknown': 0.0896954836545692, 'val_auc': 0.9748792270531401} best={'auroc_all': 0.8258642139873811, 'aupr_all': 0.471275086539709, 'auroc_unknown': 0.8396413838640988, 'aupr_unknown': 0.16364718560455427}
2026-08-10 22:10:54,852 INFO Epoch: 147, loss: 0.024180296808481216, labeled_loss: 0.004980374127626419, unnlabeled_loss: 0.038399845361709595, mixup_loss: 0.0, energy_loss: 0.0
2026-08-10 22:10:54,852 INFO Best AUROC test all: 0.8439983905526428, AUPR test all: 0.45752910469786195, AUROC test unknown: 0.8402245332523726, AUPR test unknown: 0.1663963845943443
2026-08-10 22:10:57,138 INFO Epoch: 148, loss: 0.015476187691092491, labeled_loss: 0.0032766242511570454, unnlabeled_loss: 0.024399127811193466, mixup_loss: 0.0, energy_loss: 0.0
2026-08-10 22:10:57,139 INFO Best AUROC test all: 0.8447014129565449, AUPR test all: 0.45752910469786195, AUROC test unknown: 0.8402245332523726, AUPR test unknown: 0.1663963845943443
2026-08-10 22:10:57,161 INFO [OUTPOST-v4] epoch 143 cur={'auroc_all': 0.829945594754979, 'aupr_all': 0.4734775013856149, 'auroc_unknown': 0.7258322736272971, 'aupr_unknown': 0.09190151092836285, 'val_auc': 0.9685990338164251} best={'auroc_all': 0.829945594754979, 'aupr_all': 0.4734775013856149, 'auroc_unknown': 0.8396413838640988, 'aupr_unknown': 0.16364718560455427}
2026-08-10 22:10:59,594 INFO Epoch: 149, loss: 0.017436150461435318, labeled_loss: 0.004697696305811405, unnlabeled_loss: 0.025476910173892975, mixup_loss: 0.0, energy_loss: 0.0
2026-08-10 22:10:59,595 INFO Best AUROC test all: 0.8457813718810787, AUPR test all: 0.45752910469786195, AUROC test unknown: 0.8402245332523726, AUPR test unknown: 0.1663963845943443
2026-08-10 22:10:59,761 INFO [OUTPOST-v4] epoch 144 cur={'auroc_all': 0.8250467776494168, 'aupr_all': 0.47415107592500877, 'auroc_unknown': 0.7173353391017839, 'aupr_unknown': 0.08946200081560743, 'val_auc': 0.9705314009661836} best={'auroc_all': 0.829945594754979, 'aupr_all': 0.47415107592500877, 'auroc_unknown': 0.8396413838640988, 'aupr_unknown': 0.16364718560455427}
2026-08-10 22:11:02,072 INFO Epoch: 150, loss: 0.023317430168390274, labeled_loss: 0.0034427472855895758, unnlabeled_loss: 0.03974936529994011, mixup_loss: 0.0, energy_loss: 0.0
2026-08-10 22:11:02,072 INFO Best AUROC test all: 0.8457813718810787, AUPR test all: 0.45752910469786195, AUROC test unknown: 0.8402245332523726, AUPR test unknown: 0.1663963845943443
2026-08-10 22:11:02,189 INFO [OUTPOST-v4] epoch 145 cur={'auroc_all': 0.8128422544111695, 'aupr_all': 0.4639640186809402, 'auroc_unknown': 0.6967963282326426, 'aupr_unknown': 0.08263708533721359, 'val_auc': 0.9806763285024155} best={'auroc_all': 0.829945594754979, 'aupr_all': 0.47415107592500877, 'auroc_unknown': 0.8396413838640988, 'aupr_unknown': 0.16364718560455427}
2026-08-10 22:11:04,296 INFO Epoch: 151, loss: 0.025425324216485023, labeled_loss: 0.0018640977796167135, unnlabeled_loss: 0.04712245240807533, mixup_loss: 0.0, energy_loss: 0.0
2026-08-10 22:11:04,296 INFO Best AUROC test all: 0.8457813718810787, AUPR test all: 0.45752910469786195, AUROC test unknown: 0.8402245332523726, AUPR test unknown: 0.1663963845943443
2026-08-10 22:11:04,606 INFO [OUTPOST-v4] epoch 146 cur={'auroc_all': 0.7939263110084225, 'aupr_all': 0.45490129554203707, 'auroc_unknown': 0.6657670571196069, 'aupr_unknown': 0.07481068500034553, 'val_auc': 0.9734299516908212} best={'auroc_all': 0.829945594754979, 'aupr_all': 0.47415107592500877, 'auroc_unknown': 0.8396413838640988, 'aupr_unknown': 0.16364718560455427}
2026-08-10 22:11:06,559 INFO Epoch: 152, loss: 0.028894973918795586, labeled_loss: 0.0031515355221927166, unnlabeled_loss: 0.05148687586188316, mixup_loss: 0.0, energy_loss: 0.0
2026-08-10 22:11:06,559 INFO Best AUROC test all: 0.8457813718810787, AUPR test all: 0.45752910469786195, AUROC test unknown: 0.8402245332523726, AUPR test unknown: 0.1663963845943443
2026-08-10 22:11:06,996 INFO [OUTPOST-v4] epoch 147 cur={'auroc_all': 0.7811948912388795, 'aupr_all': 0.4459076688857875, 'auroc_unknown': 0.6435414338838829, 'aupr_unknown': 0.0691170487915837, 'val_auc': 0.9748792270531401} best={'auroc_all': 0.829945594754979, 'aupr_all': 0.47415107592500877, 'auroc_unknown': 0.8396413838640988, 'aupr_unknown': 0.16364718560455427}
2026-08-10 22:11:08,998 INFO Epoch: 153, loss: 0.027351640164852142, labeled_loss: 0.002098850440233946, unnlabeled_loss: 0.05050557851791382, mixup_loss: 0.0, energy_loss: 0.0
2026-08-10 22:11:08,998 INFO Best AUROC test all: 0.8457813718810787, AUPR test all: 0.45752910469786195, AUROC test unknown: 0.8402245332523726, AUPR test unknown: 0.1663963845943443
2026-08-10 22:11:09,567 INFO [OUTPOST-v4] epoch 148 cur={'auroc_all': 0.7952234959566337, 'aupr_all': 0.4549461879909374, 'auroc_unknown': 0.6676044339261881, 'aupr_unknown': 0.07500895969043642, 'val_auc': 0.972463768115942} best={'auroc_all': 0.829945594754979, 'aupr_all': 0.47415107592500877, 'auroc_unknown': 0.8396413838640988, 'aupr_unknown': 0.16364718560455427}
2026-08-10 22:11:11,369 INFO Epoch: 154, loss: 0.016909699887037277, labeled_loss: 0.004022895824164152, unnlabeled_loss: 0.025773609057068825, mixup_loss: 0.0, energy_loss: 0.0
2026-08-10 22:11:11,369 INFO Best AUROC test all: 0.8457813718810787, AUPR test all: 0.45752910469786195, AUROC test unknown: 0.8402245332523726, AUPR test unknown: 0.1663963845943443
2026-08-10 22:11:11,980 INFO [OUTPOST-v4] epoch 149 cur={'auroc_all': 0.8126904430423493, 'aupr_all': 0.4669189551376042, 'auroc_unknown': 0.6964939698371578, 'aupr_unknown': 0.08249090958471583, 'val_auc': 0.9772946859903382} best={'auroc_all': 0.829945594754979, 'aupr_all': 0.47415107592500877, 'auroc_unknown': 0.8396413838640988, 'aupr_unknown': 0.16364718560455427}
2026-08-10 22:11:13,703 INFO Epoch: 155, loss: 0.025364816188812256, labeled_loss: 0.0024227299727499485, unnlabeled_loss: 0.04588417336344719, mixup_loss: 0.0, energy_loss: 0.0
2026-08-10 22:11:13,703 INFO Best AUROC test all: 0.8457813718810787, AUPR test all: 0.45752910469786195, AUROC test unknown: 0.8402245332523726, AUPR test unknown: 0.1663963845943443
2026-08-10 22:11:14,374 INFO [OUTPOST-v4] epoch 150 cur={'auroc_all': 0.8226087858052669, 'aupr_all': 0.47050626687881714, 'auroc_unknown': 0.7136616223829824, 'aupr_unknown': 0.08805361061492138, 'val_auc': 0.9695652173913043} best={'auroc_all': 0.829945594754979, 'aupr_all': 0.47415107592500877, 'auroc_unknown': 0.8396413838640988, 'aupr_unknown': 0.16364718560455427}
2026-08-10 22:11:16,110 INFO Epoch: 156, loss: 0.032450973987579346, labeled_loss: 0.0047656879760324955, unnlabeled_loss: 0.05537056922912598, mixup_loss: 0.0, energy_loss: 0.0
2026-08-10 22:11:16,110 INFO Best AUROC test all: 0.8457813718810787, AUPR test all: 0.4623636491119556, AUROC test unknown: 0.8402245332523726, AUPR test unknown: 0.1663963845943443
2026-08-10 22:11:16,658 INFO [OUTPOST-v4] epoch 151 cur={'auroc_all': 0.8260071388370507, 'aupr_all': 0.4716883398145374, 'auroc_unknown': 0.719845245590503, 'aupr_unknown': 0.08944731263828103, 'val_auc': 0.9748792270531401} best={'auroc_all': 0.829945594754979, 'aupr_all': 0.47415107592500877, 'auroc_unknown': 0.8396413838640988, 'aupr_unknown': 0.16364718560455427}
2026-08-10 22:11:18,389 INFO Epoch: 157, loss: 0.030809132382273674, labeled_loss: 0.0035950024612247944, unnlabeled_loss: 0.054428260773420334, mixup_loss: 0.0, energy_loss: 0.0
2026-08-10 22:11:18,389 INFO Best AUROC test all: 0.8457813718810787, AUPR test all: 0.4623636491119556, AUROC test unknown: 0.8402245332523726, AUPR test unknown: 0.1663963845943443
2026-08-10 22:11:18,957 INFO [OUTPOST-v4] epoch 152 cur={'auroc_all': 0.8180309942040147, 'aupr_all': 0.4675825086972342, 'auroc_unknown': 0.7056020498986747, 'aupr_unknown': 0.08533943287161044, 'val_auc': 0.9748792270531401} best={'auroc_all': 0.829945594754979, 'aupr_all': 0.47415107592500877, 'auroc_unknown': 0.8396413838640988, 'aupr_unknown': 0.16364718560455427}
2026-08-10 22:11:20,620 INFO Epoch: 158, loss: 0.02877037599682808, labeled_loss: 0.004461806733161211, unnlabeled_loss: 0.04861713945865631, mixup_loss: 0.0, energy_loss: 0.0
2026-08-10 22:11:20,620 INFO Best AUROC test all: 0.8457813718810787, AUPR test all: 0.4623636491119556, AUROC test unknown: 0.8402245332523726, AUPR test unknown: 0.1663963845943443
2026-08-10 22:11:21,424 INFO [OUTPOST-v4] epoch 153 cur={'auroc_all': 0.798660604085824, 'aupr_all': 0.45244091796183505, 'auroc_unknown': 0.6723679266177419, 'aupr_unknown': 0.07541589461777673, 'val_auc': 0.9768115942028985} best={'auroc_all': 0.829945594754979, 'aupr_all': 0.47415107592500877, 'auroc_unknown': 0.8396413838640988, 'aupr_unknown': 0.16364718560455427}
2026-08-10 22:11:22,890 INFO Epoch: 159, loss: 0.031611017882823944, labeled_loss: 0.0034019167069345713, unnlabeled_loss: 0.056418199092149734, mixup_loss: 0.0, energy_loss: 0.0
2026-08-10 22:11:22,890 INFO Best AUROC test all: 0.8457813718810787, AUPR test all: 0.4623636491119556, AUROC test unknown: 0.8402245332523726, AUPR test unknown: 0.1663963845943443
2026-08-10 22:11:23,644 INFO [OUTPOST-v4] epoch 154 cur={'auroc_all': 0.7825246600906426, 'aupr_all': 0.449198643163381, 'auroc_unknown': 0.6455094593798708, 'aupr_unknown': 0.06983335473196818, 'val_auc': 0.9801932367149758} best={'auroc_all': 0.829945594754979, 'aupr_all': 0.47415107592500877, 'auroc_unknown': 0.8396413838640988, 'aupr_unknown': 0.16364718560455427}
2026-08-10 22:11:25,360 INFO Epoch: 160, loss: 0.0507047139108181, labeled_loss: 0.004238709341734648, unnlabeled_loss: 0.09293200820684433, mixup_loss: 0.0, energy_loss: 0.0
2026-08-10 22:11:25,360 INFO Best AUROC test all: 0.8457813718810787, AUPR test all: 0.4623636491119556, AUROC test unknown: 0.8402245332523726, AUPR test unknown: 0.1663963845943443
2026-08-10 22:11:25,750 INFO [OUTPOST-v4] epoch 155 cur={'auroc_all': 0.7872263692644924, 'aupr_all': 0.44883905306867455, 'auroc_unknown': 0.6538236931190861, 'aupr_unknown': 0.07081938512093758, 'val_auc': 0.9806763285024155} best={'auroc_all': 0.829945594754979, 'aupr_all': 0.47415107592500877, 'auroc_unknown': 0.8396413838640988, 'aupr_unknown': 0.16364718560455427}
2026-08-10 22:11:27,739 INFO Epoch: 161, loss: 0.04425904154777527, labeled_loss: 0.008246720768511295, unnlabeled_loss: 0.0720246434211731, mixup_loss: 0.0, energy_loss: 0.0
2026-08-10 22:11:27,739 INFO Best AUROC test all: 0.8457813718810787, AUPR test all: 0.4623636491119556, AUROC test unknown: 0.8402245332523726, AUPR test unknown: 0.1663963845943443
2026-08-10 22:11:28,188 INFO [OUTPOST-v4] epoch 156 cur={'auroc_all': 0.7901354700474935, 'aupr_all': 0.45155660580079887, 'auroc_unknown': 0.6579127897186533, 'aupr_unknown': 0.07187470612580157, 'val_auc': 0.9768115942028985} best={'auroc_all': 0.829945594754979, 'aupr_all': 0.47415107592500877, 'auroc_unknown': 0.8396413838640988, 'aupr_unknown': 0.16364718560455427}
2026-08-10 22:11:30,009 INFO Epoch: 162, loss: 0.02672766149044037, labeled_loss: 0.0049035316333174706, unnlabeled_loss: 0.043648261576890945, mixup_loss: 0.0, energy_loss: 0.0
2026-08-10 22:11:30,009 INFO Best AUROC test all: 0.8457813718810787, AUPR test all: 0.4623636491119556, AUROC test unknown: 0.8402245332523726, AUPR test unknown: 0.1663963845943443
2026-08-10 22:11:30,475 INFO [OUTPOST-v4] epoch 157 cur={'auroc_all': 0.8012597875134532, 'aupr_all': 0.45316522975076795, 'auroc_unknown': 0.675995605226943, 'aupr_unknown': 0.07693207441941291, 'val_auc': 0.9806763285024154} best={'auroc_all': 0.829945594754979, 'aupr_all': 0.47415107592500877, 'auroc_unknown': 0.8396413838640988, 'aupr_unknown': 0.16364718560455427}
2026-08-10 22:11:32,438 INFO Epoch: 163, loss: 0.010877454653382301, labeled_loss: 0.005963590927422047, unnlabeled_loss: 0.009827726520597935, mixup_loss: 0.0, energy_loss: 0.0
2026-08-10 22:11:32,439 INFO Best AUROC test all: 0.8457813718810787, AUPR test all: 0.4623636491119556, AUROC test unknown: 0.8402245332523726, AUPR test unknown: 0.1663963845943443
2026-08-10 22:11:33,016 INFO [OUTPOST-v4] epoch 158 cur={'auroc_all': 0.8007916407476524, 'aupr_all': 0.4534578231169207, 'auroc_unknown': 0.6767913179590933, 'aupr_unknown': 0.07690779210156026, 'val_auc': 0.9753623188405798} best={'auroc_all': 0.829945594754979, 'aupr_all': 0.47415107592500877, 'auroc_unknown': 0.8396413838640988, 'aupr_unknown': 0.16364718560455427}
2026-08-10 22:11:34,753 INFO Epoch: 164, loss: 0.02567146345973015, labeled_loss: 0.005310230888426304, unnlabeled_loss: 0.04072246327996254, mixup_loss: 0.0, energy_loss: 0.0
2026-08-10 22:11:34,753 INFO Best AUROC test all: 0.8457813718810787, AUPR test all: 0.4623636491119556, AUROC test unknown: 0.8402245332523726, AUPR test unknown: 0.1663963845943443
2026-08-10 22:11:35,365 INFO [OUTPOST-v4] epoch 159 cur={'auroc_all': 0.8161396467114942, 'aupr_all': 0.4657998997714014, 'auroc_unknown': 0.7012529001935259, 'aupr_unknown': 0.08359584914047635, 'val_auc': 0.9739130434782609} best={'auroc_all': 0.829945594754979, 'aupr_all': 0.47415107592500877, 'auroc_unknown': 0.8396413838640988, 'aupr_unknown': 0.16364718560455427}
2026-08-10 22:11:37,056 INFO Epoch: 165, loss: 0.022152703255414963, labeled_loss: 0.009683254174888134, unnlabeled_loss: 0.024938898161053658, mixup_loss: 0.0, energy_loss: 0.0
2026-08-10 22:11:37,056 INFO Best AUROC test all: 0.8457813718810787, AUPR test all: 0.4623636491119556, AUROC test unknown: 0.8402245332523726, AUPR test unknown: 0.1663963845943443
2026-08-10 22:11:37,575 INFO [OUTPOST-v4] epoch 160 cur={'auroc_all': 0.816085587053329, 'aupr_all': 0.46494726112464135, 'auroc_unknown': 0.7013333631958909, 'aupr_unknown': 0.083646926082945, 'val_auc': 0.9772946859903382} best={'auroc_all': 0.829945594754979, 'aupr_all': 0.47415107592500877, 'auroc_unknown': 0.8396413838640988, 'aupr_unknown': 0.16364718560455427}
2026-08-10 22:11:39,290 INFO Epoch: 166, loss: 0.01149354875087738, labeled_loss: 0.006642194930464029, unnlabeled_loss: 0.009702707640826702, mixup_loss: 0.0, energy_loss: 0.0
2026-08-10 22:11:39,290 INFO Best AUROC test all: 0.8457813718810787, AUPR test all: 0.4623636491119556, AUROC test unknown: 0.8402245332523726, AUPR test unknown: 0.1663963845943443
2026-08-10 22:11:40,111 INFO [OUTPOST-v4] epoch 161 cur={'auroc_all': 0.8066300838294973, 'aupr_all': 0.45931085831785173, 'auroc_unknown': 0.6867181298075608, 'aupr_unknown': 0.07938410183732092, 'val_auc': 0.9801932367149758} best={'auroc_all': 0.829945594754979, 'aupr_all': 0.47415107592500877, 'auroc_unknown': 0.8396413838640988, 'aupr_unknown': 0.16364718560455427}
2026-08-10 22:11:41,563 INFO Epoch: 167, loss: 0.013530416414141655, labeled_loss: 0.0041211131028831005, unnlabeled_loss: 0.018818605691194534, mixup_loss: 0.0, energy_loss: 0.0
2026-08-10 22:11:41,563 INFO Best AUROC test all: 0.8457813718810787, AUPR test all: 0.4623636491119556, AUROC test unknown: 0.8402245332523726, AUPR test unknown: 0.1663963845943443
2026-08-10 22:11:42,381 INFO [OUTPOST-v4] epoch 162 cur={'auroc_all': 0.792469168715503, 'aupr_all': 0.4510213023694203, 'auroc_unknown': 0.6632241773902281, 'aupr_unknown': 0.07384623001496457, 'val_auc': 0.972463768115942} best={'auroc_all': 0.829945594754979, 'aupr_all': 0.47415107592500877, 'auroc_unknown': 0.8396413838640988, 'aupr_unknown': 0.16364718560455427}
2026-08-10 22:11:43,558 INFO Epoch: 168, loss: 0.026751842349767685, labeled_loss: 0.0036439565010368824, unnlabeled_loss: 0.04621577262878418, mixup_loss: 0.0, energy_loss: 0.0
2026-08-10 22:11:43,558 INFO Best AUROC test all: 0.8457813718810787, AUPR test all: 0.4623636491119556, AUROC test unknown: 0.8402245332523726, AUPR test unknown: 0.1663963845943443
2026-08-10 22:11:44,817 INFO [OUTPOST-v4] epoch 163 cur={'auroc_all': 0.7777718534316775, 'aupr_all': 0.44740474340175773, 'auroc_unknown': 0.6379679193180054, 'aupr_unknown': 0.06796367836687088, 'val_auc': 0.9719806763285024} best={'auroc_all': 0.829945594754979, 'aupr_all': 0.47415107592500877, 'auroc_unknown': 0.8396413838640988, 'aupr_unknown': 0.16364718560455427}
2026-08-10 22:11:45,974 INFO Epoch: 169, loss: 0.045852262526750565, labeled_loss: 0.0038118287920951843, unnlabeled_loss: 0.08408086746931076, mixup_loss: 0.0, energy_loss: 0.0
2026-08-10 22:11:45,974 INFO Best AUROC test all: 0.8457813718810787, AUPR test all: 0.4623636491119556, AUROC test unknown: 0.8402245332523726, AUPR test unknown: 0.1663963845943443
2026-08-10 22:11:46,986 INFO [OUTPOST-v4] epoch 164 cur={'auroc_all': 0.7925461852148069, 'aupr_all': 0.45266259920968077, 'auroc_unknown': 0.6621939191537615, 'aupr_unknown': 0.0733149614727824, 'val_auc': 0.9768115942028985} best={'auroc_all': 0.829945594754979, 'aupr_all': 0.47415107592500877, 'auroc_unknown': 0.8396413838640988, 'aupr_unknown': 0.16364718560455427}
2026-08-10 22:11:48,305 INFO Epoch: 170, loss: 0.037340715527534485, labeled_loss: 0.0036886429879814386, unnlabeled_loss: 0.06730414181947708, mixup_loss: 0.0, energy_loss: 0.0
2026-08-10 22:11:48,305 INFO Best AUROC test all: 0.8457813718810787, AUPR test all: 0.4623636491119556, AUROC test unknown: 0.8402245332523726, AUPR test unknown: 0.1663963845943443
2026-08-10 22:11:49,307 INFO [OUTPOST-v4] epoch 165 cur={'auroc_all': 0.8002414171035872, 'aupr_all': 0.4593548107245725, 'auroc_unknown': 0.6743604228206348, 'aupr_unknown': 0.07678813250036566, 'val_auc': 0.9739130434782608} best={'auroc_all': 0.829945594754979, 'aupr_all': 0.47415107592500877, 'auroc_unknown': 0.8396413838640988, 'aupr_unknown': 0.16364718560455427}
2026-08-10 22:11:50,694 INFO Epoch: 171, loss: 0.030316883698105812, labeled_loss: 0.005024926736950874, unnlabeled_loss: 0.050583913922309875, mixup_loss: 0.0, energy_loss: 0.0
2026-08-10 22:11:50,694 INFO Best AUROC test all: 0.8457813718810787, AUPR test all: 0.4623636491119556, AUROC test unknown: 0.8402245332523726, AUPR test unknown: 0.1663963845943443
2026-08-10 22:11:51,692 INFO [OUTPOST-v4] epoch 166 cur={'auroc_all': 0.8021179537308568, 'aupr_all': 0.4584262657049667, 'auroc_unknown': 0.678052596259051, 'aupr_unknown': 0.0776257941722488, 'val_auc': 0.9753623188405798} best={'auroc_all': 0.829945594754979, 'aupr_all': 0.47415107592500877, 'auroc_unknown': 0.8396413838640988, 'aupr_unknown': 0.16364718560455427}
2026-08-10 22:11:53,100 INFO Epoch: 172, loss: 0.0314609631896019, labeled_loss: 0.003471820382401347, unnlabeled_loss: 0.055978283286094666, mixup_loss: 0.0, energy_loss: 0.0
2026-08-10 22:11:53,100 INFO Best AUROC test all: 0.8457813718810787, AUPR test all: 0.4623636491119556, AUROC test unknown: 0.8402245332523726, AUPR test unknown: 0.1663963845943443
2026-08-10 22:11:53,982 INFO [OUTPOST-v4] epoch 167 cur={'auroc_all': 0.8095900352498594, 'aupr_all': 0.4608495696310006, 'auroc_unknown': 0.6900357770030104, 'aupr_unknown': 0.08117448277992159, 'val_auc': 0.9768115942028985} best={'auroc_all': 0.829945594754979, 'aupr_all': 0.47415107592500877, 'auroc_unknown': 0.8396413838640988, 'aupr_unknown': 0.16364718560455427}
2026-08-10 22:11:55,283 INFO Epoch: 173, loss: 0.034695420414209366, labeled_loss: 0.0029252541717141867, unnlabeled_loss: 0.06354033201932907, mixup_loss: 0.0, energy_loss: 0.0
2026-08-10 22:11:55,283 INFO Best AUROC test all: 0.8457813718810787, AUPR test all: 0.4623636491119556, AUROC test unknown: 0.8402245332523726, AUPR test unknown: 0.1663963845943443
2026-08-10 22:11:56,282 INFO [OUTPOST-v4] epoch 168 cur={'auroc_all': 0.8132693010258992, 'aupr_all': 0.4629007721590895, 'auroc_unknown': 0.6978328078352716, 'aupr_unknown': 0.08240546071891758, 'val_auc': 0.9758454106280193} best={'auroc_all': 0.829945594754979, 'aupr_all': 0.47415107592500877, 'auroc_unknown': 0.8396413838640988, 'aupr_unknown': 0.16364718560455427}
2026-08-10 22:11:57,532 INFO Epoch: 174, loss: 0.013295411132276058, labeled_loss: 0.0035551355686038733, unnlabeled_loss: 0.019480550661683083, mixup_loss: 0.0, energy_loss: 0.0
2026-08-10 22:11:57,532 INFO Best AUROC test all: 0.8457813718810787, AUPR test all: 0.4623636491119556, AUROC test unknown: 0.8402245332523726, AUPR test unknown: 0.1663963845943443
2026-08-10 22:11:58,670 INFO [OUTPOST-v4] epoch 169 cur={'auroc_all': 0.8078650631436555, 'aupr_all': 0.46101833422078975, 'auroc_unknown': 0.6883941658516678, 'aupr_unknown': 0.0801767427364895, 'val_auc': 0.972463768115942} best={'auroc_all': 0.829945594754979, 'aupr_all': 0.47415107592500877, 'auroc_unknown': 0.8396413838640988, 'aupr_unknown': 0.16364718560455427}
2026-08-10 22:11:59,865 INFO Epoch: 175, loss: 0.01450615655630827, labeled_loss: 0.003503359155729413, unnlabeled_loss: 0.022005595266819, mixup_loss: 0.0, energy_loss: 0.0
2026-08-10 22:11:59,866 INFO Best AUROC test all: 0.8465902919715237, AUPR test all: 0.4623636491119556, AUROC test unknown: 0.8402245332523726, AUPR test unknown: 0.1663963845943443
2026-08-10 22:12:01,015 INFO [OUTPOST-v4] epoch 170 cur={'auroc_all': 0.7892062116768861, 'aupr_all': 0.4471368595380349, 'auroc_unknown': 0.6563369176697582, 'aupr_unknown': 0.07161466032145522, 'val_auc': 0.9797101449275363} best={'auroc_all': 0.829945594754979, 'aupr_all': 0.47415107592500877, 'auroc_unknown': 0.8396413838640988, 'aupr_unknown': 0.16364718560455427}
2026-08-10 22:12:02,356 INFO Epoch: 176, loss: 0.01770957186818123, labeled_loss: 0.0040855566039681435, unnlabeled_loss: 0.02724803052842617, mixup_loss: 0.0, energy_loss: 0.0
2026-08-10 22:12:02,356 INFO Best AUROC test all: 0.8483357524413242, AUPR test all: 0.4623636491119556, AUROC test unknown: 0.8402245332523726, AUPR test unknown: 0.1663963845943443
2026-08-10 22:12:03,191 INFO [OUTPOST-v4] epoch 171 cur={'auroc_all': 0.7825656368178363, 'aupr_all': 0.4489343457520012, 'auroc_unknown': 0.6448296714372103, 'aupr_unknown': 0.06906089588420297, 'val_auc': 0.9806763285024154} best={'auroc_all': 0.829945594754979, 'aupr_all': 0.47415107592500877, 'auroc_unknown': 0.8396413838640988, 'aupr_unknown': 0.16364718560455427}
2026-08-10 22:12:04,548 INFO Epoch: 177, loss: 0.022639194503426552, labeled_loss: 0.003495872253552079, unnlabeled_loss: 0.03828664496541023, mixup_loss: 0.0, energy_loss: 0.0
2026-08-10 22:12:04,548 INFO Best AUROC test all: 0.8483357524413242, AUPR test all: 0.4623636491119556, AUROC test unknown: 0.8402245332523726, AUPR test unknown: 0.1663963845943443
2026-08-10 22:12:05,537 INFO [OUTPOST-v4] epoch 172 cur={'auroc_all': 0.7900311768713528, 'aupr_all': 0.45065711588328355, 'auroc_unknown': 0.6582489508702862, 'aupr_unknown': 0.07226593547772692, 'val_auc': 0.9734299516908212} best={'auroc_all': 0.829945594754979, 'aupr_all': 0.47415107592500877, 'auroc_unknown': 0.8396413838640988, 'aupr_unknown': 0.16364718560455427}
2026-08-10 22:12:06,737 INFO Epoch: 178, loss: 0.007019801996648312, labeled_loss: 0.003176270052790642, unnlabeled_loss: 0.007687064353376627, mixup_loss: 0.0, energy_loss: 0.0
2026-08-10 22:12:06,737 INFO Best AUROC test all: 0.8483357524413242, AUPR test all: 0.4623636491119556, AUROC test unknown: 0.8402245332523726, AUPR test unknown: 0.1663963845943443
2026-08-10 22:12:07,870 INFO [OUTPOST-v4] epoch 173 cur={'auroc_all': 0.7985621118319065, 'aupr_all': 0.45742223275857846, 'auroc_unknown': 0.6712103377538213, 'aupr_unknown': 0.07520229971817599, 'val_auc': 0.9797101449275363} best={'auroc_all': 0.829945594754979, 'aupr_all': 0.47415107592500877, 'auroc_unknown': 0.8396413838640988, 'aupr_unknown': 0.16364718560455427}
2026-08-10 22:12:08,811 INFO Epoch: 179, loss: 0.02176789380609989, labeled_loss: 0.0023030766751617193, unnlabeled_loss: 0.03892963379621506, mixup_loss: 0.0, energy_loss: 0.0
2026-08-10 22:12:08,811 INFO Best AUROC test all: 0.8483357524413242, AUPR test all: 0.4623636491119556, AUROC test unknown: 0.8402245332523726, AUPR test unknown: 0.1663963845943443
2026-08-10 22:12:10,088 INFO [OUTPOST-v4] epoch 174 cur={'auroc_all': 0.8083140792085074, 'aupr_all': 0.45925671103380344, 'auroc_unknown': 0.6888744553193925, 'aupr_unknown': 0.07978670093547251, 'val_auc': 0.9792270531400966} best={'auroc_all': 0.829945594754979, 'aupr_all': 0.47415107592500877, 'auroc_unknown': 0.8396413838640988, 'aupr_unknown': 0.16364718560455427}
2026-08-10 22:12:11,103 INFO Epoch: 180, loss: 0.022753631696105003, labeled_loss: 0.002676767995581031, unnlabeled_loss: 0.04015372693538666, mixup_loss: 0.0, energy_loss: 0.0
2026-08-10 22:12:11,103 INFO Best AUROC test all: 0.8483357524413242, AUPR test all: 0.4623636491119556, AUROC test unknown: 0.8402245332523726, AUPR test unknown: 0.1663963845943443
2026-08-10 22:12:12,293 INFO [OUTPOST-v4] epoch 175 cur={'auroc_all': 0.7988289542541743, 'aupr_all': 0.45668021353597965, 'auroc_unknown': 0.6727366462522905, 'aupr_unknown': 0.07529389201725172, 'val_auc': 0.9772946859903382} best={'auroc_all': 0.829945594754979, 'aupr_all': 0.47415107592500877, 'auroc_unknown': 0.8396413838640988, 'aupr_unknown': 0.16364718560455427}
2026-08-10 22:12:13,368 INFO Epoch: 181, loss: 0.020279906690120697, labeled_loss: 0.002181204967200756, unnlabeled_loss: 0.03619740530848503, mixup_loss: 0.0, energy_loss: 0.0
2026-08-10 22:12:13,368 INFO Best AUROC test all: 0.8483357524413242, AUPR test all: 0.4623636491119556, AUROC test unknown: 0.8402245332523726, AUPR test unknown: 0.1663963845943443
2026-08-10 22:12:14,658 INFO [OUTPOST-v4] epoch 176 cur={'auroc_all': 0.797387239945891, 'aupr_all': 0.4529333076921788, 'auroc_unknown': 0.6710062769436999, 'aupr_unknown': 0.07534184837458759, 'val_auc': 0.9768115942028985} best={'auroc_all': 0.829945594754979, 'aupr_all': 0.47415107592500877, 'auroc_unknown': 0.8396413838640988, 'aupr_unknown': 0.16364718560455427}
2026-08-10 22:12:15,810 INFO Epoch: 182, loss: 0.025626786053180695, labeled_loss: 0.0028442975599318743, unnlabeled_loss: 0.04556497558951378, mixup_loss: 0.0, energy_loss: 0.0
2026-08-10 22:12:15,810 INFO Best AUROC test all: 0.8483357524413242, AUPR test all: 0.4623636491119556, AUROC test unknown: 0.8402245332523726, AUPR test unknown: 0.1663963845943443
2026-08-10 22:12:17,085 INFO [OUTPOST-v4] epoch 177 cur={'auroc_all': 0.8113830139123395, 'aupr_all': 0.46507931727505286, 'auroc_unknown': 0.6928198383606119, 'aupr_unknown': 0.08142113789871853, 'val_auc': 0.9734299516908212} best={'auroc_all': 0.829945594754979, 'aupr_all': 0.47415107592500877, 'auroc_unknown': 0.8396413838640988, 'aupr_unknown': 0.16364718560455427}
2026-08-10 22:12:17,945 INFO Epoch: 183, loss: 0.017900509759783745, labeled_loss: 0.002336509758606553, unnlabeled_loss: 0.03112800046801567, mixup_loss: 0.0, energy_loss: 0.0
2026-08-10 22:12:17,945 INFO Best AUROC test all: 0.8483357524413242, AUPR test all: 0.4623636491119556, AUROC test unknown: 0.8402245332523726, AUPR test unknown: 0.1663963845943443
2026-08-10 22:12:19,462 INFO [OUTPOST-v4] epoch 178 cur={'auroc_all': 0.8221929707633521, 'aupr_all': 0.47127196110831704, 'auroc_unknown': 0.7120919717002497, 'aupr_unknown': 0.08840878844978228, 'val_auc': 0.9763285024154589} best={'auroc_all': 0.829945594754979, 'aupr_all': 0.47415107592500877, 'auroc_unknown': 0.8396413838640988, 'aupr_unknown': 0.16364718560455427}
2026-08-10 22:12:20,313 INFO Epoch: 184, loss: 0.008449624292552471, labeled_loss: 0.003324157325550914, unnlabeled_loss: 0.010250933468341827, mixup_loss: 0.0, energy_loss: 0.0
2026-08-10 22:12:20,313 INFO Best AUROC test all: 0.8483357524413242, AUPR test all: 0.4623636491119556, AUROC test unknown: 0.8402245332523726, AUPR test unknown: 0.1663963845943443
2026-08-10 22:12:21,662 INFO [OUTPOST-v4] epoch 179 cur={'auroc_all': 0.8247719126751384, 'aupr_all': 0.4731343825637741, 'auroc_unknown': 0.7163388836214656, 'aupr_unknown': 0.09041589894932849, 'val_auc': 0.9719806763285024} best={'auroc_all': 0.829945594754979, 'aupr_all': 0.47415107592500877, 'auroc_unknown': 0.8396413838640988, 'aupr_unknown': 0.16364718560455427}
2026-08-10 22:12:22,754 INFO Epoch: 185, loss: 0.031017478555440903, labeled_loss: 0.002278841333463788, unnlabeled_loss: 0.05747727304697037, mixup_loss: 0.0, energy_loss: 0.0
2026-08-10 22:12:22,754 INFO Best AUROC test all: 0.8483357524413242, AUPR test all: 0.4623636491119556, AUROC test unknown: 0.8402245332523726, AUPR test unknown: 0.1663963845943443
2026-08-10 22:12:23,945 INFO [OUTPOST-v4] epoch 180 cur={'auroc_all': 0.8280312904213198, 'aupr_all': 0.4752569328098828, 'auroc_unknown': 0.7229808141362712, 'aupr_unknown': 0.092129141269153, 'val_auc': 0.9729468599033817} best={'auroc_all': 0.829945594754979, 'aupr_all': 0.4752569328098828, 'auroc_unknown': 0.8396413838640988, 'aupr_unknown': 0.16364718560455427}
2026-08-10 22:12:25,216 INFO Epoch: 186, loss: 0.021033883094787598, labeled_loss: 0.002619548700749874, unnlabeled_loss: 0.0368286669254303, mixup_loss: 0.0, energy_loss: 0.0
2026-08-10 22:12:25,216 INFO Best AUROC test all: 0.8483357524413242, AUPR test all: 0.4623636491119556, AUROC test unknown: 0.8402245332523726, AUPR test unknown: 0.1663963845943443
2026-08-10 22:12:26,083 INFO [OUTPOST-v4] epoch 181 cur={'auroc_all': 0.8223056567631347, 'aupr_all': 0.47053189157190883, 'auroc_unknown': 0.712429377125115, 'aupr_unknown': 0.08913202575816902, 'val_auc': 0.9705314009661836} best={'auroc_all': 0.829945594754979, 'aupr_all': 0.4752569328098828, 'auroc_unknown': 0.8396413838640988, 'aupr_unknown': 0.16364718560455427}
2026-08-10 22:12:27,315 INFO Epoch: 187, loss: 0.027338124811649323, labeled_loss: 0.0019952503498643637, unnlabeled_loss: 0.05068574845790863, mixup_loss: 0.0, energy_loss: 0.0
2026-08-10 22:12:27,315 INFO Best AUROC test all: 0.8483357524413242, AUPR test all: 0.4623636491119556, AUROC test unknown: 0.8402245332523726, AUPR test unknown: 0.1663963845943443
2026-08-10 22:12:28,399 INFO [OUTPOST-v4] epoch 182 cur={'auroc_all': 0.8120947994115147, 'aupr_all': 0.46500399350183486, 'auroc_unknown': 0.6959091614179075, 'aupr_unknown': 0.083311338310555, 'val_auc': 0.9719806763285024} best={'auroc_all': 0.829945594754979, 'aupr_all': 0.4752569328098828, 'auroc_unknown': 0.8396413838640988, 'aupr_unknown': 0.16364718560455427}
2026-08-10 22:12:29,549 INFO Epoch: 188, loss: 0.032164111733436584, labeled_loss: 0.003974867053329945, unnlabeled_loss: 0.05637848749756813, mixup_loss: 0.0, energy_loss: 0.0
2026-08-10 22:12:29,549 INFO Best AUROC test all: 0.8483357524413242, AUPR test all: 0.4623636491119556, AUROC test unknown: 0.8402245332523726, AUPR test unknown: 0.1663963845943443
2026-08-10 22:12:30,884 INFO [OUTPOST-v4] epoch 183 cur={'auroc_all': 0.8160853402055748, 'aupr_all': 0.4653008344268174, 'auroc_unknown': 0.7028770915196144, 'aupr_unknown': 0.08550908599328398, 'val_auc': 0.9719806763285024} best={'auroc_all': 0.829945594754979, 'aupr_all': 0.4752569328098828, 'auroc_unknown': 0.8396413838640988, 'aupr_unknown': 0.16364718560455427}
2026-08-10 22:12:31,788 INFO Epoch: 189, loss: 0.00783211924135685, labeled_loss: 0.0028355210088193417, unnlabeled_loss: 0.00999319739639759, mixup_loss: 0.0, energy_loss: 0.0
2026-08-10 22:12:31,788 INFO Best AUROC test all: 0.8483357524413242, AUPR test all: 0.4623636491119556, AUROC test unknown: 0.8402245332523726, AUPR test unknown: 0.1663963845943443
2026-08-10 22:12:33,259 INFO [OUTPOST-v4] epoch 184 cur={'auroc_all': 0.8269241782438265, 'aupr_all': 0.472802649275507, 'auroc_unknown': 0.7217821642556799, 'aupr_unknown': 0.09109728912099284, 'val_auc': 0.9734299516908212} best={'auroc_all': 0.829945594754979, 'aupr_all': 0.4752569328098828, 'auroc_unknown': 0.8396413838640988, 'aupr_unknown': 0.16364718560455427}
2026-08-10 22:12:34,081 INFO Epoch: 190, loss: 0.01968417502939701, labeled_loss: 0.0021253929007798433, unnlabeled_loss: 0.03511756286025047, mixup_loss: 0.0, energy_loss: 0.0
2026-08-10 22:12:34,081 INFO Best AUROC test all: 0.8483357524413242, AUPR test all: 0.4623636491119556, AUROC test unknown: 0.8402245332523726, AUPR test unknown: 0.1663963845943443
2026-08-10 22:12:35,395 INFO [OUTPOST-v4] epoch 185 cur={'auroc_all': 0.8358640165091779, 'aupr_all': 0.4767810756542469, 'auroc_unknown': 0.7363521890498979, 'aupr_unknown': 0.09675807506030049, 'val_auc': 0.9739130434782609} best={'auroc_all': 0.8358640165091779, 'aupr_all': 0.4767810756542469, 'auroc_unknown': 0.8396413838640988, 'aupr_unknown': 0.16364718560455427}
2026-08-10 22:12:36,294 INFO Epoch: 191, loss: 0.017041154205799103, labeled_loss: 0.003150579519569874, unnlabeled_loss: 0.027781149372458458, mixup_loss: 0.0, energy_loss: 0.0
2026-08-10 22:12:36,294 INFO Best AUROC test all: 0.8483357524413242, AUPR test all: 0.4623636491119556, AUROC test unknown: 0.8402245332523726, AUPR test unknown: 0.1663963845943443
2026-08-10 22:12:37,902 INFO [OUTPOST-v4] epoch 186 cur={'auroc_all': 0.8397570524403368, 'aupr_all': 0.4751315399922346, 'auroc_unknown': 0.7426714380397553, 'aupr_unknown': 0.09811398758779635, 'val_auc': 0.9748792270531401} best={'auroc_all': 0.8397570524403368, 'aupr_all': 0.4767810756542469, 'auroc_unknown': 0.8396413838640988, 'aupr_unknown': 0.16364718560455427}
2026-08-10 22:12:38,496 INFO Epoch: 192, loss: 0.03578647971153259, labeled_loss: 0.0035938513465225697, unnlabeled_loss: 0.06438525766134262, mixup_loss: 0.0, energy_loss: 0.0
2026-08-10 22:12:38,496 INFO Best AUROC test all: 0.8483357524413242, AUPR test all: 0.4623636491119556, AUROC test unknown: 0.8402245332523726, AUPR test unknown: 0.1663963845943443
2026-08-10 22:12:40,316 INFO [OUTPOST-v4] epoch 187 cur={'auroc_all': 0.8446593254144574, 'aupr_all': 0.48560087216235076, 'auroc_unknown': 0.7509663855438675, 'aupr_unknown': 0.10245603120145844, 'val_auc': 0.970048309178744} best={'auroc_all': 0.8446593254144574, 'aupr_all': 0.48560087216235076, 'auroc_unknown': 0.8396413838640988, 'aupr_unknown': 0.16364718560455427}
2026-08-10 22:12:40,771 INFO Epoch: 193, loss: 0.02201984077692032, labeled_loss: 0.003191870404407382, unnlabeled_loss: 0.037655942142009735, mixup_loss: 0.0, energy_loss: 0.0
2026-08-10 22:12:40,771 INFO Best AUROC test all: 0.8483357524413242, AUPR test all: 0.4623636491119556, AUROC test unknown: 0.8402245332523726, AUPR test unknown: 0.1663963845943443
2026-08-10 22:12:42,926 INFO Epoch: 194, loss: 0.02527760900557041, labeled_loss: 0.0034354585222899914, unnlabeled_loss: 0.043684300035238266, mixup_loss: 0.0, energy_loss: 0.0
2026-08-10 22:12:42,926 INFO Best AUROC test all: 0.8483357524413242, AUPR test all: 0.4623636491119556, AUROC test unknown: 0.8402245332523726, AUPR test unknown: 0.1663963845943443
2026-08-10 22:12:42,952 INFO [OUTPOST-v4] epoch 188 cur={'auroc_all': 0.8371728033018357, 'aupr_all': 0.4730638861235234, 'auroc_unknown': 0.7386690258087155, 'aupr_unknown': 0.09737212642262025, 'val_auc': 0.9768115942028985} best={'auroc_all': 0.8446593254144574, 'aupr_all': 0.48560087216235076, 'auroc_unknown': 0.8396413838640988, 'aupr_unknown': 0.16364718560455427}
2026-08-10 22:12:45,516 INFO [OUTPOST-v4] epoch 189 cur={'auroc_all': 0.8340506729069779, 'aupr_all': 0.4760479251480486, 'auroc_unknown': 0.7327209849998714, 'aupr_unknown': 0.09452107940887298, 'val_auc': 0.9714975845410627} best={'auroc_all': 0.8446593254144574, 'aupr_all': 0.48560087216235076, 'auroc_unknown': 0.8396413838640988, 'aupr_unknown': 0.16364718560455427}
2026-08-10 22:12:45,529 INFO Epoch: 195, loss: 0.008547636680305004, labeled_loss: 0.003227871609851718, unnlabeled_loss: 0.010639529675245285, mixup_loss: 0.0, energy_loss: 0.0
2026-08-10 22:12:45,529 INFO Best AUROC test all: 0.8483357524413242, AUPR test all: 0.4623636491119556, AUROC test unknown: 0.8402245332523726, AUPR test unknown: 0.1663963845943443
2026-08-10 22:12:48,032 INFO [OUTPOST-v4] epoch 190 cur={'auroc_all': 0.826739042428192, 'aupr_all': 0.4722375969574446, 'auroc_unknown': 0.7209937097840522, 'aupr_unknown': 0.09063212992816921, 'val_auc': 0.9782608695652174} best={'auroc_all': 0.8446593254144574, 'aupr_all': 0.48560087216235076, 'auroc_unknown': 0.8396413838640988, 'aupr_unknown': 0.16364718560455427}
2026-08-10 22:12:48,045 INFO Epoch: 196, loss: 0.023994943127036095, labeled_loss: 0.0023029372096061707, unnlabeled_loss: 0.04338401183485985, mixup_loss: 0.0, energy_loss: 0.0
2026-08-10 22:12:48,045 INFO Best AUROC test all: 0.8483357524413242, AUPR test all: 0.4623636491119556, AUROC test unknown: 0.8402245332523726, AUPR test unknown: 0.1663963845943443
2026-08-10 22:12:50,672 INFO [OUTPOST-v4] epoch 191 cur={'auroc_all': 0.8258955636521618, 'aupr_all': 0.47340337904627233, 'auroc_unknown': 0.7180447822231512, 'aupr_unknown': 0.08854772456620516, 'val_auc': 0.9734299516908212} best={'auroc_all': 0.8446593254144574, 'aupr_all': 0.48560087216235076, 'auroc_unknown': 0.8396413838640988, 'aupr_unknown': 0.16364718560455427}
2026-08-10 22:12:50,685 INFO Epoch: 197, loss: 0.03673051297664642, labeled_loss: 0.002596978098154068, unnlabeled_loss: 0.06826706975698471, mixup_loss: 0.0, energy_loss: 0.0
2026-08-10 22:12:50,685 INFO Best AUROC test all: 0.8483357524413242, AUPR test all: 0.4623636491119556, AUROC test unknown: 0.8402245332523726, AUPR test unknown: 0.1663963845943443
2026-08-10 22:12:53,253 INFO [OUTPOST-v4] epoch 192 cur={'auroc_all': 0.8235448324891139, 'aupr_all': 0.47132793701849846, 'auroc_unknown': 0.714553351532903, 'aupr_unknown': 0.08732682786126973, 'val_auc': 0.972463768115942} best={'auroc_all': 0.8446593254144574, 'aupr_all': 0.48560087216235076, 'auroc_unknown': 0.8396413838640988, 'aupr_unknown': 0.16364718560455427}
2026-08-10 22:12:53,265 INFO Epoch: 198, loss: 0.014260252006351948, labeled_loss: 0.002986498177051544, unnlabeled_loss: 0.022547507658600807, mixup_loss: 0.0, energy_loss: 0.0
2026-08-10 22:12:53,265 INFO Best AUROC test all: 0.8483357524413242, AUPR test all: 0.4623636491119556, AUROC test unknown: 0.8402245332523726, AUPR test unknown: 0.1663963845943443
2026-08-10 22:12:55,693 INFO Epoch: 199, loss: 0.007594410330057144, labeled_loss: 0.0024887723848223686, unnlabeled_loss: 0.010211275890469551, mixup_loss: 0.0, energy_loss: 0.0
2026-08-10 22:12:55,693 INFO Best AUROC test all: 0.8483357524413242, AUPR test all: 0.4623636491119556, AUROC test unknown: 0.8402245332523726, AUPR test unknown: 0.1663963845943443
2026-08-10 22:12:55,725 INFO AGG best={'auroc_all': 0.8656473705777226, 'aupr_all': 0.5424083886863096, 'auroc_unknown': 0.8126335612348194, 'aupr_unknown': 0.14234090321802945} val_selected={'auroc_all': 0.8434703832064536, 'aupr_all': 0.518410061982729, 'auroc_unknown': 0.7341355438532724, 'aupr_unknown': 0.0919923992072649}
2026-08-10 22:12:55,747 INFO [OUTPOST-v4] epoch 193 cur={'auroc_all': 0.81513053309241, 'aupr_all': 0.4624432743484164, 'auroc_unknown': 0.7010380556820567, 'aupr_unknown': 0.08328763083929676, 'val_auc': 0.9743961352657005} best={'auroc_all': 0.8446593254144574, 'aupr_all': 0.48560087216235076, 'auroc_unknown': 0.8396413838640988, 'aupr_unknown': 0.16364718560455427}
2026-08-10 22:12:57,359 INFO [OUTPOST-v4] epoch 194 cur={'auroc_all': 0.8202585483377272, 'aupr_all': 0.47121308004600054, 'auroc_unknown': 0.7093427499931564, 'aupr_unknown': 0.08696651869839218, 'val_auc': 0.9705314009661835} best={'auroc_all': 0.8446593254144574, 'aupr_all': 0.48560087216235076, 'auroc_unknown': 0.8396413838640988, 'aupr_unknown': 0.16364718560455427}
2026-08-10 22:12:58,931 INFO [OUTPOST-v4] epoch 195 cur={'auroc_all': 0.8237719324229587, 'aupr_all': 0.469388758108127, 'auroc_unknown': 0.7154052639393855, 'aupr_unknown': 0.08793885598806384, 'val_auc': 0.9671497584541062} best={'auroc_all': 0.8446593254144574, 'aupr_all': 0.48560087216235076, 'auroc_unknown': 0.8396413838640988, 'aupr_unknown': 0.16364718560455427}
2026-08-10 22:13:00,586 INFO [OUTPOST-v4] epoch 196 cur={'auroc_all': 0.824326105631091, 'aupr_all': 0.4668209865548627, 'auroc_unknown': 0.7162584206191005, 'aupr_unknown': 0.08916313854814772, 'val_auc': 0.9748792270531401} best={'auroc_all': 0.8446593254144574, 'aupr_all': 0.48560087216235076, 'auroc_unknown': 0.8396413838640988, 'aupr_unknown': 0.16364718560455427}
2026-08-10 22:13:02,205 INFO [OUTPOST-v4] epoch 197 cur={'auroc_all': 0.8212528510915608, 'aupr_all': 0.4704258745861119, 'auroc_unknown': 0.7109582314066177, 'aupr_unknown': 0.08766260579904621, 'val_auc': 0.9734299516908212} best={'auroc_all': 0.8446593254144574, 'aupr_all': 0.48560087216235076, 'auroc_unknown': 0.8396413838640988, 'aupr_unknown': 0.16364718560455427}
2026-08-10 22:13:03,867 INFO [OUTPOST-v4] epoch 198 cur={'auroc_all': 0.8191232955162574, 'aupr_all': 0.4681957904929715, 'auroc_unknown': 0.7075671720904536, 'aupr_unknown': 0.08573189686547172, 'val_auc': 0.9729468599033816} best={'auroc_all': 0.8446593254144574, 'aupr_all': 0.48560087216235076, 'auroc_unknown': 0.8396413838640988, 'aupr_unknown': 0.16364718560455427}
2026-08-10 22:13:05,528 INFO [OUTPOST-v4] epoch 199 cur={'auroc_all': 0.8125028387491731, 'aupr_all': 0.46063125169291785, 'auroc_unknown': 0.695007478082127, 'aupr_unknown': 0.08197992559038869, 'val_auc': 0.9729468599033817} best={'auroc_all': 0.8446593254144574, 'aupr_all': 0.48560087216235076, 'auroc_unknown': 0.8396413838640988, 'aupr_unknown': 0.16364718560455427}
2026-08-10 22:13:05,579 INFO AGG best={'auroc_all': 0.8579662090109305, 'aupr_all': 0.5436928456080891, 'auroc_unknown': 0.8028901487449833, 'aupr_unknown': 0.1323107029133737} val_selected={'auroc_all': 0.8290313940973766, 'aupr_all': 0.5205246271074563, 'auroc_unknown': 0.7059966242278273, 'aupr_unknown': 0.08243414668476307}
