2026-08-08 03:10:20,374 INFO cli={'dataset': 'yelp', 'method': 'demo', 'seed': 2, 'train_seed': None, 'epochs': None, 'set': ['energy_loss=false', 'num_epochs=400'], 'tag': 'B_demo', 'rotations': None}
2026-08-08 03:10:20,375 INFO config={'alpha_plus': 0.05, 'alpha_r': 0.1, 'atlas_gate_q': 0.9, 'batch_size': 512, 'hidden_dim': 64, 'lambda_halo': 0.2, 'lambda_mixup': 0.2, 'lambda_un': 1.0, 'lr': 0.001, 'margin': 0.1, 'n_layers': 2, 'optimiser': 'adam', 'sampling_sizes': [25, 10], 'tau_minus': 0.05, 'tau_mu': 0.05, 'tau_plus': 0.95, 'use_atlas_gate': True, 'use_conformal': True, 'use_pl': True, 'version': 4, 'weight_decay': 0.0001, 'loss': 'bce', 'num_epochs': 400, 'ebd_dim': 64, 'drop_out': 0.5, 'gamma': 0.1, 'damping': 0.001, 'p_cutoff': [0.05, 0.95], 'unlabeled_loss': 0.5, 'mixup_loss': 0.1, 'energy_loss_weight': 0.1, 'used_unlabeled_data': True, 'energy_loss': False, 'mixup': False, 'thresh_warmup': True, 'used_augment_for_anormaly': True, 'batch_size_for_anormaly': 20, 'sample_size_for_anormaly': 25, 'div_loss_alpha': 0.5, 'mixup_loss_type': 'consistency', 'device': 0, 'input_dim': 32}
2026-08-08 03:10:33,105 INFO Epoch: 0, loss: 0.7822579741477966, labeled_loss: 0.7822579741477966, unnlabeled_loss: 0.0, mixup_loss: 0.0, energy_loss: 0.0
2026-08-08 03:10:33,105 INFO Best AUROC test all: 0.6008480286564065, AUPR test all: 0.2056303983416671, AUROC test unknown: 0.0, AUPR test unknown: 0.0
2026-08-08 03:10:41,792 INFO Epoch: 1, loss: 0.6752529144287109, labeled_loss: 0.6752529144287109, unnlabeled_loss: 0.0, mixup_loss: 0.0, energy_loss: 0.0
2026-08-08 03:10:41,793 INFO Best AUROC test all: 0.6008480286564065, AUPR test all: 0.2056303983416671, AUROC test unknown: 0.0, AUPR test unknown: 0.0
2026-08-08 03:10:49,182 INFO Epoch: 2, loss: 0.5941412448883057, labeled_loss: 0.5941412448883057, unnlabeled_loss: 0.0, mixup_loss: 0.0, energy_loss: 0.0
2026-08-08 03:10:49,183 INFO Best AUROC test all: 0.6008480286564065, AUPR test all: 0.2056303983416671, AUROC test unknown: 0.0, AUPR test unknown: 0.0
2026-08-08 03:10:56,901 INFO Epoch: 3, loss: 0.5301206707954407, labeled_loss: 0.5301206707954407, unnlabeled_loss: 0.0, mixup_loss: 0.0, energy_loss: 0.0
2026-08-08 03:10:56,902 INFO Best AUROC test all: 0.6008480286564065, AUPR test all: 0.2056303983416671, AUROC test unknown: 0.0, AUPR test unknown: 0.0
2026-08-08 03:11:04,828 INFO Epoch: 4, loss: 0.47164931893348694, labeled_loss: 0.47164931893348694, unnlabeled_loss: 0.0, mixup_loss: 0.0, energy_loss: 0.0
2026-08-08 03:11:04,828 INFO Best AUROC test all: 0.6008480286564065, AUPR test all: 0.2056303983416671, AUROC test unknown: 0.0, AUPR test unknown: 0.0
2026-08-08 03:11:12,525 INFO Epoch: 5, loss: 0.41432204842567444, labeled_loss: 0.41432204842567444, unnlabeled_loss: 0.0, mixup_loss: 0.0, energy_loss: 0.0
2026-08-08 03:11:12,525 INFO Best AUROC test all: 0.6008480286564065, AUPR test all: 0.2056303983416671, AUROC test unknown: 0.0, AUPR test unknown: 0.0
2026-08-08 03:11:20,707 INFO Epoch: 6, loss: 0.3585011661052704, labeled_loss: 0.3585011661052704, unnlabeled_loss: 0.0, mixup_loss: 0.0, energy_loss: 0.0
2026-08-08 03:11:20,708 INFO Best AUROC test all: 0.6008480286564065, AUPR test all: 0.2056303983416671, AUROC test unknown: 0.0, AUPR test unknown: 0.0
2026-08-08 03:11:28,160 INFO Epoch: 7, loss: 0.3046187460422516, labeled_loss: 0.3046187460422516, unnlabeled_loss: 0.0, mixup_loss: 0.0, energy_loss: 0.0
2026-08-08 03:11:28,161 INFO Best AUROC test all: 0.6008480286564065, AUPR test all: 0.2056303983416671, AUROC test unknown: 0.0, AUPR test unknown: 0.0
2026-08-08 03:11:35,817 INFO Epoch: 8, loss: 0.25502461194992065, labeled_loss: 0.25502461194992065, unnlabeled_loss: 0.0, mixup_loss: 0.0, energy_loss: 0.0
2026-08-08 03:11:35,817 INFO Best AUROC test all: 0.6008480286564065, AUPR test all: 0.2056303983416671, AUROC test unknown: 0.0, AUPR test unknown: 0.0
2026-08-08 03:11:43,459 INFO Epoch: 9, loss: 0.21187587082386017, labeled_loss: 0.21187587082386017, unnlabeled_loss: 0.0, mixup_loss: 0.0, energy_loss: 0.0
2026-08-08 03:11:43,459 INFO Best AUROC test all: 0.6008480286564065, AUPR test all: 0.2056303983416671, AUROC test unknown: 0.0, AUPR test unknown: 0.0
2026-08-08 03:11:51,270 INFO Epoch: 10, loss: 0.17623893916606903, labeled_loss: 0.17623893916606903, unnlabeled_loss: 0.0, mixup_loss: 0.0, energy_loss: 0.0
2026-08-08 03:11:51,270 INFO Best AUROC test all: 0.6052265854798209, AUPR test all: 0.2056303983416671, AUROC test unknown: 0.0, AUPR test unknown: 0.0
2026-08-08 03:11:58,947 INFO Epoch: 11, loss: 0.14984780550003052, labeled_loss: 0.14984780550003052, unnlabeled_loss: 0.0, mixup_loss: 0.0, energy_loss: 0.0
2026-08-08 03:11:58,948 INFO Best AUROC test all: 0.6093553685523497, AUPR test all: 0.2056303983416671, AUROC test unknown: 0.0, AUPR test unknown: 0.0
2026-08-08 03:12:06,495 INFO Epoch: 12, loss: 0.13157008588314056, labeled_loss: 0.1315673142671585, unnlabeled_loss: 5.5362529565172736e-06, mixup_loss: 0.0, energy_loss: 0.0
2026-08-08 03:12:06,496 INFO Best AUROC test all: 0.6113877698675059, AUPR test all: 0.2056303983416671, AUROC test unknown: 0.0, AUPR test unknown: 0.0
2026-08-08 03:12:14,257 INFO Epoch: 13, loss: 0.14307551085948944, labeled_loss: 0.12118039280176163, unnlabeled_loss: 0.043790243566036224, mixup_loss: 0.0, energy_loss: 0.0
2026-08-08 03:12:14,258 INFO Best AUROC test all: 0.6113877698675059, AUPR test all: 0.2056303983416671, AUROC test unknown: 0.0, AUPR test unknown: 0.0
2026-08-08 03:12:22,051 INFO Epoch: 14, loss: 0.13118192553520203, labeled_loss: 0.11639796197414398, unnlabeled_loss: 0.02956792153418064, mixup_loss: 0.0, energy_loss: 0.0
2026-08-08 03:12:22,051 INFO Best AUROC test all: 0.615542875489141, AUPR test all: 0.2056303983416671, AUROC test unknown: 0.0, AUPR test unknown: 0.0
2026-08-08 03:12:29,858 INFO Epoch: 15, loss: 0.12581206858158112, labeled_loss: 0.11616012454032898, unnlabeled_loss: 0.019303901121020317, mixup_loss: 0.0, energy_loss: 0.0
2026-08-08 03:12:29,858 INFO Best AUROC test all: 0.6191509306760823, AUPR test all: 0.2056303983416671, AUROC test unknown: 0.0, AUPR test unknown: 0.0
2026-08-08 03:12:37,614 INFO Epoch: 16, loss: 0.12713895738124847, labeled_loss: 0.12092102319002151, unnlabeled_loss: 0.01243586465716362, mixup_loss: 0.0, energy_loss: 0.0
2026-08-08 03:12:37,615 INFO Best AUROC test all: 0.6191509306760823, AUPR test all: 0.2056303983416671, AUROC test unknown: 0.0, AUPR test unknown: 0.0
2026-08-08 03:12:45,505 INFO Epoch: 17, loss: 0.13137595355510712, labeled_loss: 0.12721921503543854, unnlabeled_loss: 0.008313491009175777, mixup_loss: 0.0, energy_loss: 0.0
2026-08-08 03:12:45,506 INFO Best AUROC test all: 0.6191509306760823, AUPR test all: 0.2056303983416671, AUROC test unknown: 0.0, AUPR test unknown: 0.0
2026-08-08 03:12:53,472 INFO Epoch: 18, loss: 0.1362285166978836, labeled_loss: 0.13330791890621185, unnlabeled_loss: 0.005841181147843599, mixup_loss: 0.0, energy_loss: 0.0
2026-08-08 03:12:53,472 INFO Best AUROC test all: 0.6196716811420365, AUPR test all: 0.2056303983416671, AUROC test unknown: 0.0, AUPR test unknown: 0.0
2026-08-08 03:13:01,099 INFO Epoch: 19, loss: 0.14117851853370667, labeled_loss: 0.139010950922966, unnlabeled_loss: 0.0043351477943360806, mixup_loss: 0.0, energy_loss: 0.0
2026-08-08 03:13:01,100 INFO Best AUROC test all: 0.6196716811420365, AUPR test all: 0.2056303983416671, AUROC test unknown: 0.0, AUPR test unknown: 0.0
2026-08-08 03:13:08,966 INFO Epoch: 20, loss: 0.14560799300670624, labeled_loss: 0.14392100274562836, unnlabeled_loss: 0.0033739949576556683, mixup_loss: 0.0, energy_loss: 0.0
2026-08-08 03:13:08,966 INFO Best AUROC test all: 0.6196716811420365, AUPR test all: 0.2056303983416671, AUROC test unknown: 0.0, AUPR test unknown: 0.0
2026-08-08 03:13:16,779 INFO Epoch: 21, loss: 0.15136811137199402, labeled_loss: 0.14997075498104095, unnlabeled_loss: 0.0027947144117206335, mixup_loss: 0.0, energy_loss: 0.0
2026-08-08 03:13:16,779 INFO Best AUROC test all: 0.6196716811420365, AUPR test all: 0.2056303983416671, AUROC test unknown: 0.0, AUPR test unknown: 0.0
2026-08-08 03:13:24,546 INFO Epoch: 22, loss: 0.15207044780254364, labeled_loss: 0.15083172917366028, unnlabeled_loss: 0.002477442380040884, mixup_loss: 0.0, energy_loss: 0.0
2026-08-08 03:13:24,547 INFO Best AUROC test all: 0.6196716811420365, AUPR test all: 0.2056303983416671, AUROC test unknown: 0.0, AUPR test unknown: 0.0
2026-08-08 03:13:32,191 INFO Epoch: 23, loss: 0.15436989068984985, labeled_loss: 0.1531989723443985, unnlabeled_loss: 0.0023418222554028034, mixup_loss: 0.0, energy_loss: 0.0
2026-08-08 03:13:32,192 INFO Best AUROC test all: 0.6196716811420365, AUPR test all: 0.2057194671762262, AUROC test unknown: 0.0, AUPR test unknown: 0.0
2026-08-08 03:13:40,016 INFO Epoch: 24, loss: 0.15374387800693512, labeled_loss: 0.15257801115512848, unnlabeled_loss: 0.002331723691895604, mixup_loss: 0.0, energy_loss: 0.0
2026-08-08 03:13:40,016 INFO Best AUROC test all: 0.6196716811420365, AUPR test all: 0.2057194671762262, AUROC test unknown: 0.0, AUPR test unknown: 0.0
2026-08-08 03:13:47,640 INFO Epoch: 25, loss: 0.15342149138450623, labeled_loss: 0.1521969884634018, unnlabeled_loss: 0.00244900188408792, mixup_loss: 0.0, energy_loss: 0.0
2026-08-08 03:13:47,640 INFO Best AUROC test all: 0.6196716811420365, AUPR test all: 0.20628112453819572, AUROC test unknown: 0.0, AUPR test unknown: 0.0
2026-08-08 03:13:55,550 INFO Epoch: 26, loss: 0.15041618049144745, labeled_loss: 0.14907732605934143, unnlabeled_loss: 0.0026777086313813925, mixup_loss: 0.0, energy_loss: 0.0
2026-08-08 03:13:55,551 INFO Best AUROC test all: 0.6196716811420365, AUPR test all: 0.2091421924895345, AUROC test unknown: 0.0, AUPR test unknown: 0.0
2026-08-08 03:14:03,369 INFO Epoch: 27, loss: 0.14918646216392517, labeled_loss: 0.14766909182071686, unnlabeled_loss: 0.003034742083400488, mixup_loss: 0.0, energy_loss: 0.0
2026-08-08 03:14:03,369 INFO Best AUROC test all: 0.6196716811420365, AUPR test all: 0.20928497127942594, AUROC test unknown: 0.0, AUPR test unknown: 0.0
2026-08-08 03:14:11,211 INFO Epoch: 28, loss: 0.14535880088806152, labeled_loss: 0.14359578490257263, unnlabeled_loss: 0.0035260263830423355, mixup_loss: 0.0, energy_loss: 0.0
2026-08-08 03:14:11,212 INFO Best AUROC test all: 0.6196716811420365, AUPR test all: 0.20968993512787193, AUROC test unknown: 0.0, AUPR test unknown: 0.0
2026-08-08 03:14:19,272 INFO Epoch: 29, loss: 0.14298613369464874, labeled_loss: 0.1408960521221161, unnlabeled_loss: 0.004180175252258778, mixup_loss: 0.0, energy_loss: 0.0
2026-08-08 03:14:19,273 INFO Best AUROC test all: 0.6196716811420365, AUPR test all: 0.20968993512787193, AUROC test unknown: 0.0, AUPR test unknown: 0.0
2026-08-08 03:14:26,939 INFO Epoch: 30, loss: 0.139751598238945, labeled_loss: 0.1372372806072235, unnlabeled_loss: 0.005028639920055866, mixup_loss: 0.0, energy_loss: 0.0
2026-08-08 03:14:26,939 INFO Best AUROC test all: 0.6196716811420365, AUPR test all: 0.20968993512787193, AUROC test unknown: 0.0, AUPR test unknown: 0.0
2026-08-08 03:14:34,427 INFO Epoch: 31, loss: 0.13545294106006622, labeled_loss: 0.1324034482240677, unnlabeled_loss: 0.006098974496126175, mixup_loss: 0.0, energy_loss: 0.0
2026-08-08 03:14:34,427 INFO Best AUROC test all: 0.6196716811420365, AUPR test all: 0.21159239433280835, AUROC test unknown: 0.0, AUPR test unknown: 0.0
2026-08-08 03:14:41,877 INFO Epoch: 32, loss: 0.13338175415992737, labeled_loss: 0.12967410683631897, unnlabeled_loss: 0.007415300235152245, mixup_loss: 0.0, energy_loss: 0.0
2026-08-08 03:14:41,877 INFO Best AUROC test all: 0.6196716811420365, AUPR test all: 0.21159239433280835, AUROC test unknown: 0.0, AUPR test unknown: 0.0
2026-08-08 03:14:49,611 INFO Epoch: 33, loss: 0.13059714436531067, labeled_loss: 0.12610243260860443, unnlabeled_loss: 0.008989433757960796, mixup_loss: 0.0, energy_loss: 0.0
2026-08-08 03:14:49,611 INFO Best AUROC test all: 0.6196716811420365, AUPR test all: 0.21159239433280835, AUROC test unknown: 0.0, AUPR test unknown: 0.0
2026-08-08 03:14:57,266 INFO Epoch: 34, loss: 0.12842608988285065, labeled_loss: 0.12299878895282745, unnlabeled_loss: 0.010854599997401237, mixup_loss: 0.0, energy_loss: 0.0
2026-08-08 03:14:57,267 INFO Best AUROC test all: 0.6196716811420365, AUPR test all: 0.21159239433280835, AUROC test unknown: 0.0, AUPR test unknown: 0.0
2026-08-08 03:15:04,917 INFO Epoch: 35, loss: 0.12713485956192017, labeled_loss: 0.12064526975154877, unnlabeled_loss: 0.012979183346033096, mixup_loss: 0.0, energy_loss: 0.0
2026-08-08 03:15:04,918 INFO Best AUROC test all: 0.6196716811420365, AUPR test all: 0.21159239433280835, AUROC test unknown: 0.0, AUPR test unknown: 0.0
2026-08-08 03:15:12,358 INFO Epoch: 36, loss: 0.12631501257419586, labeled_loss: 0.11865299195051193, unnlabeled_loss: 0.015324055217206478, mixup_loss: 0.0, energy_loss: 0.0
2026-08-08 03:15:12,358 INFO Best AUROC test all: 0.6196716811420365, AUPR test all: 0.21159239433280835, AUROC test unknown: 0.0, AUPR test unknown: 0.0
2026-08-08 03:15:20,254 INFO Epoch: 37, loss: 0.12663117051124573, labeled_loss: 0.11772270500659943, unnlabeled_loss: 0.0178169384598732, mixup_loss: 0.0, energy_loss: 0.0
2026-08-08 03:15:20,254 INFO Best AUROC test all: 0.6196716811420365, AUPR test all: 0.21159239433280835, AUROC test unknown: 0.0, AUPR test unknown: 0.0
2026-08-08 03:15:28,136 INFO Epoch: 38, loss: 0.12723708152770996, labeled_loss: 0.1170700415968895, unnlabeled_loss: 0.020334085449576378, mixup_loss: 0.0, energy_loss: 0.0
2026-08-08 03:15:28,136 INFO Best AUROC test all: 0.6196716811420365, AUPR test all: 0.21159239433280835, AUROC test unknown: 0.0, AUPR test unknown: 0.0
2026-08-08 03:15:35,670 INFO Epoch: 39, loss: 0.1279502958059311, labeled_loss: 0.1166122779250145, unnlabeled_loss: 0.02267603576183319, mixup_loss: 0.0, energy_loss: 0.0
2026-08-08 03:15:35,670 INFO Best AUROC test all: 0.6196716811420365, AUPR test all: 0.21159239433280835, AUROC test unknown: 0.0, AUPR test unknown: 0.0
2026-08-08 03:15:43,372 INFO Epoch: 40, loss: 0.1286546289920807, labeled_loss: 0.11632006615400314, unnlabeled_loss: 0.02466912567615509, mixup_loss: 0.0, energy_loss: 0.0
2026-08-08 03:15:43,372 INFO Best AUROC test all: 0.6196716811420365, AUPR test all: 0.21159239433280835, AUROC test unknown: 0.0, AUPR test unknown: 0.0
2026-08-08 03:15:51,082 INFO Epoch: 41, loss: 0.12949834764003754, labeled_loss: 0.11644928902387619, unnlabeled_loss: 0.026098109781742096, mixup_loss: 0.0, energy_loss: 0.0
2026-08-08 03:15:51,082 INFO Best AUROC test all: 0.6196716811420365, AUPR test all: 0.21159239433280835, AUROC test unknown: 0.0, AUPR test unknown: 0.0
2026-08-08 03:15:58,756 INFO Epoch: 42, loss: 0.12958648800849915, labeled_loss: 0.11612695455551147, unnlabeled_loss: 0.02691906876862049, mixup_loss: 0.0, energy_loss: 0.0
2026-08-08 03:15:58,756 INFO Best AUROC test all: 0.6196716811420365, AUPR test all: 0.21159239433280835, AUROC test unknown: 0.0, AUPR test unknown: 0.0
2026-08-08 03:16:06,052 INFO Epoch: 43, loss: 0.12982460856437683, labeled_loss: 0.11625157296657562, unnlabeled_loss: 0.027146078646183014, mixup_loss: 0.0, energy_loss: 0.0
2026-08-08 03:16:06,052 INFO Best AUROC test all: 0.6196716811420365, AUPR test all: 0.21159239433280835, AUROC test unknown: 0.0, AUPR test unknown: 0.0
2026-08-08 03:16:13,938 INFO Epoch: 44, loss: 0.1296420842409134, labeled_loss: 0.11623185127973557, unnlabeled_loss: 0.026820454746484756, mixup_loss: 0.0, energy_loss: 0.0
2026-08-08 03:16:13,938 INFO Best AUROC test all: 0.6196716811420365, AUPR test all: 0.21159239433280835, AUROC test unknown: 0.0, AUPR test unknown: 0.0
2026-08-08 03:16:21,996 INFO Epoch: 45, loss: 0.12942706048488617, labeled_loss: 0.1164107397198677, unnlabeled_loss: 0.02603263407945633, mixup_loss: 0.0, energy_loss: 0.0
2026-08-08 03:16:21,996 INFO Best AUROC test all: 0.6196716811420365, AUPR test all: 0.21159239433280835, AUROC test unknown: 0.0, AUPR test unknown: 0.0
2026-08-08 03:16:29,944 INFO Epoch: 46, loss: 0.12898357212543488, labeled_loss: 0.11651231348514557, unnlabeled_loss: 0.02494252286851406, mixup_loss: 0.0, energy_loss: 0.0
2026-08-08 03:16:29,944 INFO Best AUROC test all: 0.6196716811420365, AUPR test all: 0.21159239433280835, AUROC test unknown: 0.0, AUPR test unknown: 0.0
2026-08-08 03:16:37,800 INFO Epoch: 47, loss: 0.12818089127540588, labeled_loss: 0.11636950075626373, unnlabeled_loss: 0.023622775450348854, mixup_loss: 0.0, energy_loss: 0.0
2026-08-08 03:16:37,800 INFO Best AUROC test all: 0.6196716811420365, AUPR test all: 0.21159239433280835, AUROC test unknown: 0.0, AUPR test unknown: 0.0
2026-08-08 03:16:45,288 INFO Epoch: 48, loss: 0.127486452460289, labeled_loss: 0.11638981848955154, unnlabeled_loss: 0.022193273529410362, mixup_loss: 0.0, energy_loss: 0.0
2026-08-08 03:16:45,289 INFO Best AUROC test all: 0.6196716811420365, AUPR test all: 0.21159239433280835, AUROC test unknown: 0.0, AUPR test unknown: 0.0
2026-08-08 03:16:52,948 INFO Epoch: 49, loss: 0.1271154284477234, labeled_loss: 0.11674457043409348, unnlabeled_loss: 0.020741723477840424, mixup_loss: 0.0, energy_loss: 0.0
2026-08-08 03:16:52,948 INFO Best AUROC test all: 0.6196716811420365, AUPR test all: 0.21159239433280835, AUROC test unknown: 0.0, AUPR test unknown: 0.0
2026-08-08 03:17:00,508 INFO Epoch: 50, loss: 0.1269151270389557, labeled_loss: 0.1172565445303917, unnlabeled_loss: 0.019317159429192543, mixup_loss: 0.0, energy_loss: 0.0
2026-08-08 03:17:00,508 INFO Best AUROC test all: 0.6196716811420365, AUPR test all: 0.21159239433280835, AUROC test unknown: 0.0, AUPR test unknown: 0.0
2026-08-08 03:17:08,033 INFO Epoch: 51, loss: 0.12660548090934753, labeled_loss: 0.1176055297255516, unnlabeled_loss: 0.017999913543462753, mixup_loss: 0.0, energy_loss: 0.0
2026-08-08 03:17:08,033 INFO Best AUROC test all: 0.6196716811420365, AUPR test all: 0.21159239433280835, AUROC test unknown: 0.0, AUPR test unknown: 0.0
2026-08-08 03:17:15,902 INFO Epoch: 52, loss: 0.1263958364725113, labeled_loss: 0.11799722909927368, unnlabeled_loss: 0.016797203570604324, mixup_loss: 0.0, energy_loss: 0.0
2026-08-08 03:17:15,902 INFO Best AUROC test all: 0.6196716811420365, AUPR test all: 0.21159239433280835, AUROC test unknown: 0.0, AUPR test unknown: 0.0
2026-08-08 03:17:23,803 INFO Epoch: 53, loss: 0.12675634026527405, labeled_loss: 0.11888004094362259, unnlabeled_loss: 0.015752598643302917, mixup_loss: 0.0, energy_loss: 0.0
2026-08-08 03:17:23,803 INFO Best AUROC test all: 0.6196716811420365, AUPR test all: 0.21159239433280835, AUROC test unknown: 0.0, AUPR test unknown: 0.0
2026-08-08 03:17:31,473 INFO Epoch: 54, loss: 0.1265539824962616, labeled_loss: 0.11909928917884827, unnlabeled_loss: 0.014909399673342705, mixup_loss: 0.0, energy_loss: 0.0
2026-08-08 03:17:31,473 INFO Best AUROC test all: 0.6196716811420365, AUPR test all: 0.21159239433280835, AUROC test unknown: 0.0, AUPR test unknown: 0.0
2026-08-08 03:17:39,236 INFO Epoch: 55, loss: 0.12672168016433716, labeled_loss: 0.11957243084907532, unnlabeled_loss: 0.014298513531684875, mixup_loss: 0.0, energy_loss: 0.0
2026-08-08 03:17:39,236 INFO Best AUROC test all: 0.6196716811420365, AUPR test all: 0.21159239433280835, AUROC test unknown: 0.0, AUPR test unknown: 0.0
2026-08-08 03:17:47,205 INFO Epoch: 56, loss: 0.12685830891132355, labeled_loss: 0.11991607397794724, unnlabeled_loss: 0.013884465210139751, mixup_loss: 0.0, energy_loss: 0.0
2026-08-08 03:17:47,205 INFO Best AUROC test all: 0.6196716811420365, AUPR test all: 0.21159239433280835, AUROC test unknown: 0.0, AUPR test unknown: 0.0
2026-08-08 03:17:55,150 INFO Epoch: 57, loss: 0.12697771191596985, labeled_loss: 0.12016158550977707, unnlabeled_loss: 0.013632263988256454, mixup_loss: 0.0, energy_loss: 0.0
2026-08-08 03:17:55,150 INFO Best AUROC test all: 0.6196716811420365, AUPR test all: 0.21159239433280835, AUROC test unknown: 0.0, AUPR test unknown: 0.0
2026-08-08 03:18:03,307 INFO Epoch: 58, loss: 0.1271774023771286, labeled_loss: 0.12041568011045456, unnlabeled_loss: 0.013523432426154613, mixup_loss: 0.0, energy_loss: 0.0
2026-08-08 03:18:03,307 INFO Best AUROC test all: 0.6196716811420365, AUPR test all: 0.21159239433280835, AUROC test unknown: 0.0, AUPR test unknown: 0.0
2026-08-08 03:18:11,001 INFO Epoch: 59, loss: 0.12703749537467957, labeled_loss: 0.12026609480381012, unnlabeled_loss: 0.013542800210416317, mixup_loss: 0.0, energy_loss: 0.0
2026-08-08 03:18:11,001 INFO Best AUROC test all: 0.6196716811420365, AUPR test all: 0.21159239433280835, AUROC test unknown: 0.0, AUPR test unknown: 0.0
2026-08-08 03:18:18,549 INFO Epoch: 60, loss: 0.12699200212955475, labeled_loss: 0.1201690286397934, unnlabeled_loss: 0.013645957224071026, mixup_loss: 0.0, energy_loss: 0.0
2026-08-08 03:18:18,550 INFO Best AUROC test all: 0.6196716811420365, AUPR test all: 0.21159239433280835, AUROC test unknown: 0.0, AUPR test unknown: 0.0
2026-08-08 03:18:26,115 INFO Epoch: 61, loss: 0.12653622031211853, labeled_loss: 0.11962132900953293, unnlabeled_loss: 0.013829792849719524, mixup_loss: 0.0, energy_loss: 0.0
2026-08-08 03:18:26,116 INFO Best AUROC test all: 0.6196716811420365, AUPR test all: 0.21159239433280835, AUROC test unknown: 0.0, AUPR test unknown: 0.0
2026-08-08 03:18:34,334 INFO Epoch: 62, loss: 0.12701503932476044, labeled_loss: 0.1199779137969017, unnlabeled_loss: 0.014074265025556087, mixup_loss: 0.0, energy_loss: 0.0
2026-08-08 03:18:34,334 INFO Best AUROC test all: 0.6196716811420365, AUPR test all: 0.21159239433280835, AUROC test unknown: 0.0, AUPR test unknown: 0.0
2026-08-08 03:18:41,675 INFO Epoch: 63, loss: 0.12666484713554382, labeled_loss: 0.11947920173406601, unnlabeled_loss: 0.01437128521502018, mixup_loss: 0.0, energy_loss: 0.0
2026-08-08 03:18:41,676 INFO Best AUROC test all: 0.6196716811420365, AUPR test all: 0.21159239433280835, AUROC test unknown: 0.0, AUPR test unknown: 0.0
2026-08-08 03:18:50,081 INFO Epoch: 64, loss: 0.12687569856643677, labeled_loss: 0.1195216253399849, unnlabeled_loss: 0.01470813900232315, mixup_loss: 0.0, energy_loss: 0.0
2026-08-08 03:18:50,082 INFO Best AUROC test all: 0.6196716811420365, AUPR test all: 0.21159239433280835, AUROC test unknown: 0.0, AUPR test unknown: 0.0
2026-08-08 03:18:57,914 INFO Epoch: 65, loss: 0.12635084986686707, labeled_loss: 0.11881795525550842, unnlabeled_loss: 0.015065789222717285, mixup_loss: 0.0, energy_loss: 0.0
2026-08-08 03:18:57,914 INFO Best AUROC test all: 0.6196716811420365, AUPR test all: 0.21159239433280835, AUROC test unknown: 0.0, AUPR test unknown: 0.0
2026-08-08 03:19:05,448 INFO Epoch: 66, loss: 0.12657487392425537, labeled_loss: 0.11883743107318878, unnlabeled_loss: 0.01547487173229456, mixup_loss: 0.0, energy_loss: 0.0
2026-08-08 03:19:05,449 INFO Best AUROC test all: 0.6196716811420365, AUPR test all: 0.21159239433280835, AUROC test unknown: 0.0, AUPR test unknown: 0.0
2026-08-08 03:19:13,114 INFO Epoch: 67, loss: 0.12664133310317993, labeled_loss: 0.11869589239358902, unnlabeled_loss: 0.01589089073240757, mixup_loss: 0.0, energy_loss: 0.0
2026-08-08 03:19:13,114 INFO Best AUROC test all: 0.6196716811420365, AUPR test all: 0.21159239433280835, AUROC test unknown: 0.0, AUPR test unknown: 0.0
2026-08-08 03:19:20,954 INFO Epoch: 68, loss: 0.1261950582265854, labeled_loss: 0.11804166436195374, unnlabeled_loss: 0.016306789591908455, mixup_loss: 0.0, energy_loss: 0.0
2026-08-08 03:19:20,954 INFO Best AUROC test all: 0.6196716811420365, AUPR test all: 0.21159239433280835, AUROC test unknown: 0.0, AUPR test unknown: 0.0
2026-08-08 03:19:28,354 INFO Epoch: 69, loss: 0.1264871507883072, labeled_loss: 0.1181386336684227, unnlabeled_loss: 0.016697021201252937, mixup_loss: 0.0, energy_loss: 0.0
2026-08-08 03:19:28,354 INFO Best AUROC test all: 0.6196716811420365, AUPR test all: 0.21159239433280835, AUROC test unknown: 0.0, AUPR test unknown: 0.0
2026-08-08 03:19:36,148 INFO Epoch: 70, loss: 0.12659648060798645, labeled_loss: 0.1180671826004982, unnlabeled_loss: 0.017058588564395905, mixup_loss: 0.0, energy_loss: 0.0
2026-08-08 03:19:36,148 INFO Best AUROC test all: 0.6196716811420365, AUPR test all: 0.21159239433280835, AUROC test unknown: 0.0, AUPR test unknown: 0.0
2026-08-08 03:19:43,716 INFO Epoch: 71, loss: 0.12651239335536957, labeled_loss: 0.11781410127878189, unnlabeled_loss: 0.017396578565239906, mixup_loss: 0.0, energy_loss: 0.0
2026-08-08 03:19:43,716 INFO Best AUROC test all: 0.6196716811420365, AUPR test all: 0.21159239433280835, AUROC test unknown: 0.0, AUPR test unknown: 0.0
2026-08-08 03:19:51,615 INFO Epoch: 72, loss: 0.1264737993478775, labeled_loss: 0.11763957142829895, unnlabeled_loss: 0.01766844652593136, mixup_loss: 0.0, energy_loss: 0.0
2026-08-08 03:19:51,615 INFO Best AUROC test all: 0.6196716811420365, AUPR test all: 0.21159239433280835, AUROC test unknown: 0.0, AUPR test unknown: 0.0
2026-08-08 03:19:59,652 INFO Epoch: 73, loss: 0.12618911266326904, labeled_loss: 0.11724375188350677, unnlabeled_loss: 0.017890706658363342, mixup_loss: 0.0, energy_loss: 0.0
2026-08-08 03:19:59,652 INFO Best AUROC test all: 0.6196716811420365, AUPR test all: 0.21159239433280835, AUROC test unknown: 0.0, AUPR test unknown: 0.0
2026-08-08 03:20:07,425 INFO Epoch: 74, loss: 0.1266569048166275, labeled_loss: 0.11764190346002579, unnlabeled_loss: 0.01803000085055828, mixup_loss: 0.0, energy_loss: 0.0
2026-08-08 03:20:07,425 INFO Best AUROC test all: 0.6196716811420365, AUPR test all: 0.21159239433280835, AUROC test unknown: 0.0, AUPR test unknown: 0.0
2026-08-08 03:20:14,965 INFO Epoch: 75, loss: 0.1264343112707138, labeled_loss: 0.11737799644470215, unnlabeled_loss: 0.01811263896524906, mixup_loss: 0.0, energy_loss: 0.0
2026-08-08 03:20:14,965 INFO Best AUROC test all: 0.6196716811420365, AUPR test all: 0.21159239433280835, AUROC test unknown: 0.0, AUPR test unknown: 0.0
2026-08-08 03:20:22,935 INFO Epoch: 76, loss: 0.12645001709461212, labeled_loss: 0.11738094687461853, unnlabeled_loss: 0.018138138577342033, mixup_loss: 0.0, energy_loss: 0.0
2026-08-08 03:20:22,935 INFO Best AUROC test all: 0.6196716811420365, AUPR test all: 0.21159239433280835, AUROC test unknown: 0.0, AUPR test unknown: 0.0
2026-08-08 03:20:30,791 INFO Epoch: 77, loss: 0.1266525387763977, labeled_loss: 0.11761235445737839, unnlabeled_loss: 0.01808035559952259, mixup_loss: 0.0, energy_loss: 0.0
2026-08-08 03:20:30,792 INFO Best AUROC test all: 0.6196716811420365, AUPR test all: 0.21159239433280835, AUROC test unknown: 0.0, AUPR test unknown: 0.0
2026-08-08 03:20:38,692 INFO Epoch: 78, loss: 0.12630745768547058, labeled_loss: 0.11730413138866425, unnlabeled_loss: 0.01800665631890297, mixup_loss: 0.0, energy_loss: 0.0
2026-08-08 03:20:38,693 INFO Best AUROC test all: 0.6196716811420365, AUPR test all: 0.21159239433280835, AUROC test unknown: 0.0, AUPR test unknown: 0.0
2026-08-08 03:20:46,303 INFO Epoch: 79, loss: 0.1266440600156784, labeled_loss: 0.11771496385335922, unnlabeled_loss: 0.01785818301141262, mixup_loss: 0.0, energy_loss: 0.0
2026-08-08 03:20:46,303 INFO Best AUROC test all: 0.6196716811420365, AUPR test all: 0.21223998891552978, AUROC test unknown: 0.0, AUPR test unknown: 0.0
2026-08-08 03:20:53,857 INFO Epoch: 80, loss: 0.12634898722171783, labeled_loss: 0.11750318109989166, unnlabeled_loss: 0.017691612243652344, mixup_loss: 0.0, energy_loss: 0.0
2026-08-08 03:20:53,857 INFO Best AUROC test all: 0.6196716811420365, AUPR test all: 0.21473519058241566, AUROC test unknown: 0.0, AUPR test unknown: 0.0
2026-08-08 03:21:01,147 INFO Epoch: 81, loss: 0.12646469473838806, labeled_loss: 0.11771272122859955, unnlabeled_loss: 0.01750393584370613, mixup_loss: 0.0, energy_loss: 0.0
2026-08-08 03:21:01,147 INFO Best AUROC test all: 0.6196716811420365, AUPR test all: 0.21473519058241566, AUROC test unknown: 0.0, AUPR test unknown: 0.0
2026-08-08 03:21:08,598 INFO Epoch: 82, loss: 0.12631544470787048, labeled_loss: 0.11766576766967773, unnlabeled_loss: 0.017299367114901543, mixup_loss: 0.0, energy_loss: 0.0
2026-08-08 03:21:08,598 INFO Best AUROC test all: 0.6196716811420365, AUPR test all: 0.21473519058241566, AUROC test unknown: 0.0, AUPR test unknown: 0.0
2026-08-08 03:21:16,171 INFO Epoch: 83, loss: 0.12657412886619568, labeled_loss: 0.11802515387535095, unnlabeled_loss: 0.017097949981689453, mixup_loss: 0.0, energy_loss: 0.0
2026-08-08 03:21:16,171 INFO Best AUROC test all: 0.6196716811420365, AUPR test all: 0.21473519058241566, AUROC test unknown: 0.0, AUPR test unknown: 0.0
2026-08-08 03:21:23,805 INFO Epoch: 84, loss: 0.12652179598808289, labeled_loss: 0.11807415634393692, unnlabeled_loss: 0.016895294189453125, mixup_loss: 0.0, energy_loss: 0.0
2026-08-08 03:21:23,805 INFO Best AUROC test all: 0.6196716811420365, AUPR test all: 0.2148128433214205, AUROC test unknown: 0.0, AUPR test unknown: 0.0
2026-08-08 03:21:31,181 INFO Epoch: 85, loss: 0.12633323669433594, labeled_loss: 0.11797641217708588, unnlabeled_loss: 0.016713637858629227, mixup_loss: 0.0, energy_loss: 0.0
2026-08-08 03:21:31,181 INFO Best AUROC test all: 0.6196716811420365, AUPR test all: 0.21647750397523635, AUROC test unknown: 0.0, AUPR test unknown: 0.0
2026-08-08 03:21:39,234 INFO Epoch: 86, loss: 0.1263805627822876, labeled_loss: 0.11810218542814255, unnlabeled_loss: 0.016556769609451294, mixup_loss: 0.0, energy_loss: 0.0
2026-08-08 03:21:39,234 INFO Best AUROC test all: 0.6196716811420365, AUPR test all: 0.21647750397523635, AUROC test unknown: 0.0, AUPR test unknown: 0.0
2026-08-08 03:21:47,077 INFO Epoch: 87, loss: 0.12674038112163544, labeled_loss: 0.11852625757455826, unnlabeled_loss: 0.016428234055638313, mixup_loss: 0.0, energy_loss: 0.0
2026-08-08 03:21:47,077 INFO Best AUROC test all: 0.6196716811420365, AUPR test all: 0.21731777759874044, AUROC test unknown: 0.0, AUPR test unknown: 0.0
2026-08-08 03:21:54,983 INFO Epoch: 88, loss: 0.12655672430992126, labeled_loss: 0.11839796602725983, unnlabeled_loss: 0.01631750725209713, mixup_loss: 0.0, energy_loss: 0.0
2026-08-08 03:21:54,983 INFO Best AUROC test all: 0.6196716811420365, AUPR test all: 0.2194371030894639, AUROC test unknown: 0.0, AUPR test unknown: 0.0
2026-08-08 03:22:02,927 INFO Epoch: 89, loss: 0.12643542885780334, labeled_loss: 0.11831241101026535, unnlabeled_loss: 0.01624603010714054, mixup_loss: 0.0, energy_loss: 0.0
2026-08-08 03:22:02,928 INFO Best AUROC test all: 0.6196716811420365, AUPR test all: 0.22023684473106417, AUROC test unknown: 0.0, AUPR test unknown: 0.0
2026-08-08 03:22:10,774 INFO Epoch: 90, loss: 0.12628105282783508, labeled_loss: 0.11818282306194305, unnlabeled_loss: 0.016196446493268013, mixup_loss: 0.0, energy_loss: 0.0
2026-08-08 03:22:10,775 INFO Best AUROC test all: 0.6196716811420365, AUPR test all: 0.22023684473106417, AUROC test unknown: 0.0, AUPR test unknown: 0.0
2026-08-08 03:22:18,860 INFO Epoch: 91, loss: 0.1263112723827362, labeled_loss: 0.11821790039539337, unnlabeled_loss: 0.01618674024939537, mixup_loss: 0.0, energy_loss: 0.0
2026-08-08 03:22:18,861 INFO Best AUROC test all: 0.6213153840275372, AUPR test all: 0.22105490628478175, AUROC test unknown: 0.0, AUPR test unknown: 0.0
2026-08-08 03:22:26,505 INFO Epoch: 92, loss: 0.12662746012210846, labeled_loss: 0.11852504312992096, unnlabeled_loss: 0.016204826533794403, mixup_loss: 0.0, energy_loss: 0.0
2026-08-08 03:22:26,506 INFO Best AUROC test all: 0.6213153840275372, AUPR test all: 0.22193992050901457, AUROC test unknown: 0.0, AUPR test unknown: 0.0
2026-08-08 03:22:34,102 INFO Epoch: 93, loss: 0.1264982372522354, labeled_loss: 0.11837456375360489, unnlabeled_loss: 0.0162473376840353, mixup_loss: 0.0, energy_loss: 0.0
2026-08-08 03:22:34,102 INFO Best AUROC test all: 0.6237149667357945, AUPR test all: 0.224257641770631, AUROC test unknown: 0.0, AUPR test unknown: 0.0
2026-08-08 03:22:41,742 INFO Epoch: 94, loss: 0.12638184428215027, labeled_loss: 0.11823247373104095, unnlabeled_loss: 0.016298752278089523, mixup_loss: 0.0, energy_loss: 0.0
2026-08-08 03:22:41,742 INFO Best AUROC test all: 0.6237149667357945, AUPR test all: 0.224257641770631, AUROC test unknown: 0.0, AUPR test unknown: 0.0
2026-08-08 03:22:49,569 INFO Epoch: 95, loss: 0.12648431956768036, labeled_loss: 0.11829601228237152, unnlabeled_loss: 0.016376612707972527, mixup_loss: 0.0, energy_loss: 0.0
2026-08-08 03:22:49,569 INFO Best AUROC test all: 0.6257280536265148, AUPR test all: 0.22489140855530115, AUROC test unknown: 0.0, AUPR test unknown: 0.0
2026-08-08 03:22:57,481 INFO Epoch: 96, loss: 0.12630701065063477, labeled_loss: 0.1180795356631279, unnlabeled_loss: 0.016454944387078285, mixup_loss: 0.0, energy_loss: 0.0
2026-08-08 03:22:57,481 INFO Best AUROC test all: 0.6286179340973035, AUPR test all: 0.22819244977288222, AUROC test unknown: 0.0, AUPR test unknown: 0.0
2026-08-08 03:23:05,154 INFO Epoch: 97, loss: 0.12631794810295105, labeled_loss: 0.11804874241352081, unnlabeled_loss: 0.016538413241505623, mixup_loss: 0.0, energy_loss: 0.0
2026-08-08 03:23:05,154 INFO Best AUROC test all: 0.6292372724963409, AUPR test all: 0.22819244977288222, AUROC test unknown: 0.0, AUPR test unknown: 0.0
2026-08-08 03:23:12,688 INFO Epoch: 98, loss: 0.12638379633426666, labeled_loss: 0.11807472258806229, unnlabeled_loss: 0.0166181493550539, mixup_loss: 0.0, energy_loss: 0.0
2026-08-08 03:23:12,688 INFO Best AUROC test all: 0.6305402089120733, AUPR test all: 0.22883942420696257, AUROC test unknown: 0.0, AUPR test unknown: 0.0
2026-08-08 03:23:20,149 INFO Epoch: 99, loss: 0.12631739675998688, labeled_loss: 0.11796282976865768, unnlabeled_loss: 0.016709130257368088, mixup_loss: 0.0, energy_loss: 0.0
2026-08-08 03:23:20,149 INFO Best AUROC test all: 0.6309094040633181, AUPR test all: 0.22929266386949976, AUROC test unknown: 0.0, AUPR test unknown: 0.0
2026-08-08 03:23:27,752 INFO Epoch: 100, loss: 0.12628088891506195, labeled_loss: 0.11788837611675262, unnlabeled_loss: 0.016785021871328354, mixup_loss: 0.0, energy_loss: 0.0
2026-08-08 03:23:27,752 INFO Best AUROC test all: 0.6312809229395562, AUPR test all: 0.22962870971374155, AUROC test unknown: 0.0, AUPR test unknown: 0.0
2026-08-08 03:23:34,962 INFO Epoch: 101, loss: 0.12664370238780975, labeled_loss: 0.11822350323200226, unnlabeled_loss: 0.01684040203690529, mixup_loss: 0.0, energy_loss: 0.0
2026-08-08 03:23:34,963 INFO Best AUROC test all: 0.6348873810787548, AUPR test all: 0.2326214724214189, AUROC test unknown: 0.0, AUPR test unknown: 0.0
2026-08-08 03:23:42,361 INFO Epoch: 102, loss: 0.1264996975660324, labeled_loss: 0.11805505305528641, unnlabeled_loss: 0.016889285296201706, mixup_loss: 0.0, energy_loss: 0.0
2026-08-08 03:23:42,361 INFO Best AUROC test all: 0.6348873810787548, AUPR test all: 0.23372233514852153, AUROC test unknown: 0.0, AUPR test unknown: 0.0
2026-08-08 03:23:49,899 INFO Epoch: 103, loss: 0.12643963098526, labeled_loss: 0.11797205358743668, unnlabeled_loss: 0.016935143619775772, mixup_loss: 0.0, energy_loss: 0.0
2026-08-08 03:23:49,900 INFO Best AUROC test all: 0.6356296305711626, AUPR test all: 0.23490336789483782, AUROC test unknown: 0.0, AUPR test unknown: 0.0
2026-08-08 03:23:57,533 INFO Epoch: 104, loss: 0.1265566647052765, labeled_loss: 0.1180804893374443, unnlabeled_loss: 0.016952350735664368, mixup_loss: 0.0, energy_loss: 0.0
2026-08-08 03:23:57,533 INFO Best AUROC test all: 0.6378730618337392, AUPR test all: 0.23490336789483782, AUROC test unknown: 0.0, AUPR test unknown: 0.0
2026-08-08 03:24:04,888 INFO Epoch: 105, loss: 0.1264508068561554, labeled_loss: 0.11796192079782486, unnlabeled_loss: 0.016977768391370773, mixup_loss: 0.0, energy_loss: 0.0
2026-08-08 03:24:04,888 INFO Best AUROC test all: 0.6378730618337392, AUPR test all: 0.23559727412588105, AUROC test unknown: 0.0, AUPR test unknown: 0.0
2026-08-08 03:24:12,906 INFO Epoch: 106, loss: 0.12657377123832703, labeled_loss: 0.11808878183364868, unnlabeled_loss: 0.01696997880935669, mixup_loss: 0.0, energy_loss: 0.0
2026-08-08 03:24:12,907 INFO Best AUROC test all: 0.6403318276827034, AUPR test all: 0.23729658566291378, AUROC test unknown: 0.0, AUPR test unknown: 0.0
2026-08-08 03:24:20,456 INFO Epoch: 107, loss: 0.12608475983142853, labeled_loss: 0.11760633438825607, unnlabeled_loss: 0.016956858336925507, mixup_loss: 0.0, energy_loss: 0.0
2026-08-08 03:24:20,457 INFO Best AUROC test all: 0.6429464678546681, AUPR test all: 0.23949173400060658, AUROC test unknown: 0.0, AUPR test unknown: 0.0
2026-08-08 03:24:28,169 INFO Epoch: 108, loss: 0.1263677477836609, labeled_loss: 0.11790481954813004, unnlabeled_loss: 0.01692584529519081, mixup_loss: 0.0, energy_loss: 0.0
2026-08-08 03:24:28,169 INFO Best AUROC test all: 0.6429773167408859, AUPR test all: 0.24152234398298442, AUROC test unknown: 0.0, AUPR test unknown: 0.0
2026-08-08 03:24:35,256 INFO Epoch: 109, loss: 0.12654487788677216, labeled_loss: 0.118104949593544, unnlabeled_loss: 0.016879858449101448, mixup_loss: 0.0, energy_loss: 0.0
2026-08-08 03:24:35,256 INFO Best AUROC test all: 0.6447804493307373, AUPR test all: 0.24386910925036132, AUROC test unknown: 0.0, AUPR test unknown: 0.0
2026-08-08 03:24:42,532 INFO Epoch: 110, loss: 0.12623941898345947, labeled_loss: 0.11781957745552063, unnlabeled_loss: 0.016839690506458282, mixup_loss: 0.0, energy_loss: 0.0
2026-08-08 03:24:42,533 INFO Best AUROC test all: 0.6461211052223979, AUPR test all: 0.2441561372393722, AUROC test unknown: 0.0, AUPR test unknown: 0.0
2026-08-08 03:24:50,142 INFO Epoch: 111, loss: 0.1262185275554657, labeled_loss: 0.11782140284776688, unnlabeled_loss: 0.016794251278042793, mixup_loss: 0.0, energy_loss: 0.0
2026-08-08 03:24:50,142 INFO Best AUROC test all: 0.6461211052223979, AUPR test all: 0.2457135641546569, AUROC test unknown: 0.0, AUPR test unknown: 0.0
2026-08-08 03:24:57,307 INFO Epoch: 112, loss: 0.1260862946510315, labeled_loss: 0.11770356446504593, unnlabeled_loss: 0.016765449196100235, mixup_loss: 0.0, energy_loss: 0.0
2026-08-08 03:24:57,308 INFO Best AUROC test all: 0.6461211052223979, AUPR test all: 0.2457135641546569, AUROC test unknown: 0.0, AUPR test unknown: 0.0
2026-08-08 03:25:04,660 INFO Epoch: 113, loss: 0.12622499465942383, labeled_loss: 0.11785968393087387, unnlabeled_loss: 0.016730617731809616, mixup_loss: 0.0, energy_loss: 0.0
2026-08-08 03:25:04,661 INFO Best AUROC test all: 0.6474986902771578, AUPR test all: 0.24682403168020284, AUROC test unknown: 0.0, AUPR test unknown: 0.0
2026-08-08 03:25:11,844 INFO Epoch: 114, loss: 0.1265217512845993, labeled_loss: 0.11817511916160583, unnlabeled_loss: 0.016693273559212685, mixup_loss: 0.0, energy_loss: 0.0
2026-08-08 03:25:11,844 INFO Best AUROC test all: 0.6492692250287646, AUPR test all: 0.24764944129048777, AUROC test unknown: 0.0, AUPR test unknown: 0.0
2026-08-08 03:25:19,094 INFO Epoch: 115, loss: 0.1265222281217575, labeled_loss: 0.11819728463888168, unnlabeled_loss: 0.016649900004267693, mixup_loss: 0.0, energy_loss: 0.0
2026-08-08 03:25:19,094 INFO Best AUROC test all: 0.6492692250287646, AUPR test all: 0.24973032015933408, AUROC test unknown: 0.0, AUPR test unknown: 0.0
2026-08-08 03:25:26,384 INFO Epoch: 116, loss: 0.12677177786827087, labeled_loss: 0.11846660822629929, unnlabeled_loss: 0.01661032810807228, mixup_loss: 0.0, energy_loss: 0.0
2026-08-08 03:25:26,384 INFO Best AUROC test all: 0.649526836219601, AUPR test all: 0.24973032015933408, AUROC test unknown: 0.0, AUPR test unknown: 0.0
2026-08-08 03:25:33,482 INFO Epoch: 117, loss: 0.12638096511363983, labeled_loss: 0.11810357868671417, unnlabeled_loss: 0.01655476912856102, mixup_loss: 0.0, energy_loss: 0.0
2026-08-08 03:25:33,482 INFO Best AUROC test all: 0.649526836219601, AUPR test all: 0.24973032015933408, AUROC test unknown: 0.0, AUPR test unknown: 0.0
2026-08-08 03:25:41,003 INFO Epoch: 118, loss: 0.12601667642593384, labeled_loss: 0.11774206906557083, unnlabeled_loss: 0.016549214720726013, mixup_loss: 0.0, energy_loss: 0.0
2026-08-08 03:25:41,003 INFO Best AUROC test all: 0.6503956199278287, AUPR test all: 0.24992291618198859, AUROC test unknown: 0.0, AUPR test unknown: 0.0
2026-08-08 03:25:48,236 INFO Epoch: 119, loss: 0.1261943280696869, labeled_loss: 0.11792244762182236, unnlabeled_loss: 0.01654374971985817, mixup_loss: 0.0, energy_loss: 0.0
2026-08-08 03:25:48,236 INFO Best AUROC test all: 0.6512365045668135, AUPR test all: 0.2512913231889716, AUROC test unknown: 0.0, AUPR test unknown: 0.0
2026-08-08 03:25:55,529 INFO Epoch: 120, loss: 0.1265702247619629, labeled_loss: 0.11830153316259384, unnlabeled_loss: 0.016537385061383247, mixup_loss: 0.0, energy_loss: 0.0
2026-08-08 03:25:55,529 INFO Best AUROC test all: 0.6514458553560676, AUPR test all: 0.25199426219327437, AUROC test unknown: 0.0, AUPR test unknown: 0.0
2026-08-08 03:26:02,777 INFO Epoch: 121, loss: 0.12647925317287445, labeled_loss: 0.11820963770151138, unnlabeled_loss: 0.01653924398124218, mixup_loss: 0.0, energy_loss: 0.0
2026-08-08 03:26:02,777 INFO Best AUROC test all: 0.6528531130652243, AUPR test all: 0.25388310694440647, AUROC test unknown: 0.0, AUPR test unknown: 0.0
2026-08-08 03:26:09,856 INFO Epoch: 122, loss: 0.12628868222236633, labeled_loss: 0.1180230900645256, unnlabeled_loss: 0.016531188040971756, mixup_loss: 0.0, energy_loss: 0.0
2026-08-08 03:26:09,856 INFO Best AUROC test all: 0.6528531130652243, AUPR test all: 0.25510261140675056, AUROC test unknown: 0.0, AUPR test unknown: 0.0
2026-08-08 03:26:17,182 INFO Epoch: 123, loss: 0.1264665573835373, labeled_loss: 0.11820648610591888, unnlabeled_loss: 0.016520138829946518, mixup_loss: 0.0, energy_loss: 0.0
2026-08-08 03:26:17,182 INFO Best AUROC test all: 0.6542121657973349, AUPR test all: 0.25510261140675056, AUROC test unknown: 0.0, AUPR test unknown: 0.0
2026-08-08 03:26:24,409 INFO Epoch: 124, loss: 0.12638826668262482, labeled_loss: 0.11811842024326324, unnlabeled_loss: 0.0165396798402071, mixup_loss: 0.0, energy_loss: 0.0
2026-08-08 03:26:24,410 INFO Best AUROC test all: 0.6542121657973349, AUPR test all: 0.25510261140675056, AUROC test unknown: 0.0, AUPR test unknown: 0.0
2026-08-08 03:26:31,683 INFO Epoch: 125, loss: 0.12627871334552765, labeled_loss: 0.11798819154500961, unnlabeled_loss: 0.01658104918897152, mixup_loss: 0.0, energy_loss: 0.0
2026-08-08 03:26:31,683 INFO Best AUROC test all: 0.6552936791387556, AUPR test all: 0.2583057249023977, AUROC test unknown: 0.0, AUPR test unknown: 0.0
2026-08-08 03:26:38,858 INFO Epoch: 126, loss: 0.12610159814357758, labeled_loss: 0.11779415607452393, unnlabeled_loss: 0.016614893451333046, mixup_loss: 0.0, energy_loss: 0.0
2026-08-08 03:26:38,858 INFO Best AUROC test all: 0.6552936791387556, AUPR test all: 0.2583057249023977, AUROC test unknown: 0.0, AUPR test unknown: 0.0
2026-08-08 03:26:46,608 INFO Epoch: 127, loss: 0.1260499209165573, labeled_loss: 0.11773502081632614, unnlabeled_loss: 0.016629794612526894, mixup_loss: 0.0, energy_loss: 0.0
2026-08-08 03:26:46,608 INFO Best AUROC test all: 0.6552936791387556, AUPR test all: 0.2583057249023977, AUROC test unknown: 0.0, AUPR test unknown: 0.0
2026-08-08 03:26:53,900 INFO Epoch: 128, loss: 0.12637391686439514, labeled_loss: 0.11805261671543121, unnlabeled_loss: 0.01664258912205696, mixup_loss: 0.0, energy_loss: 0.0
2026-08-08 03:26:53,900 INFO Best AUROC test all: 0.6552936791387556, AUPR test all: 0.2583057249023977, AUROC test unknown: 0.0, AUPR test unknown: 0.0
2026-08-08 03:27:01,694 INFO Epoch: 129, loss: 0.12630689144134521, labeled_loss: 0.11797254532575607, unnlabeled_loss: 0.01666870340704918, mixup_loss: 0.0, energy_loss: 0.0
2026-08-08 03:27:01,694 INFO Best AUROC test all: 0.6567692609315475, AUPR test all: 0.2591846735144342, AUROC test unknown: 0.0, AUPR test unknown: 0.0
2026-08-08 03:27:09,018 INFO Epoch: 130, loss: 0.12626315653324127, labeled_loss: 0.11791734397411346, unnlabeled_loss: 0.016691626980900764, mixup_loss: 0.0, energy_loss: 0.0
2026-08-08 03:27:09,018 INFO Best AUROC test all: 0.6568709239000018, AUPR test all: 0.2603483523028096, AUROC test unknown: 0.0, AUPR test unknown: 0.0
2026-08-08 03:27:16,279 INFO Epoch: 131, loss: 0.12627121806144714, labeled_loss: 0.1179160475730896, unnlabeled_loss: 0.016710354015231133, mixup_loss: 0.0, energy_loss: 0.0
2026-08-08 03:27:16,279 INFO Best AUROC test all: 0.658426772737569, AUPR test all: 0.2603483523028096, AUROC test unknown: 0.0, AUPR test unknown: 0.0
2026-08-08 03:27:23,950 INFO Epoch: 132, loss: 0.1259274035692215, labeled_loss: 0.11756264418363571, unnlabeled_loss: 0.01672952063381672, mixup_loss: 0.0, energy_loss: 0.0
2026-08-08 03:27:23,950 INFO Best AUROC test all: 0.6600748562141789, AUPR test all: 0.2626198439536289, AUROC test unknown: 0.0, AUPR test unknown: 0.0
2026-08-08 03:27:32,315 INFO Epoch: 133, loss: 0.1263452023267746, labeled_loss: 0.11797144263982773, unnlabeled_loss: 0.016747532412409782, mixup_loss: 0.0, energy_loss: 0.0
2026-08-08 03:27:32,316 INFO Best AUROC test all: 0.6600905269885591, AUPR test all: 0.2626198439536289, AUROC test unknown: 0.0, AUPR test unknown: 0.0
2026-08-08 03:27:40,074 INFO Epoch: 134, loss: 0.125883087515831, labeled_loss: 0.11750205606222153, unnlabeled_loss: 0.01676207222044468, mixup_loss: 0.0, energy_loss: 0.0
2026-08-08 03:27:40,074 INFO Best AUROC test all: 0.6600905269885591, AUPR test all: 0.2626198439536289, AUROC test unknown: 0.0, AUPR test unknown: 0.0
2026-08-08 03:27:47,925 INFO Epoch: 135, loss: 0.12594126164913177, labeled_loss: 0.11755767464637756, unnlabeled_loss: 0.016767168417572975, mixup_loss: 0.0, energy_loss: 0.0
2026-08-08 03:27:47,925 INFO Best AUROC test all: 0.6600905269885591, AUPR test all: 0.2626198439536289, AUROC test unknown: 0.0, AUPR test unknown: 0.0
2026-08-08 03:27:55,743 INFO Epoch: 136, loss: 0.12625837326049805, labeled_loss: 0.11786389350891113, unnlabeled_loss: 0.01678895577788353, mixup_loss: 0.0, energy_loss: 0.0
2026-08-08 03:27:55,743 INFO Best AUROC test all: 0.6600905269885591, AUPR test all: 0.2626198439536289, AUROC test unknown: 0.0, AUPR test unknown: 0.0
2026-08-08 03:28:03,289 INFO Epoch: 137, loss: 0.12603256106376648, labeled_loss: 0.11763867735862732, unnlabeled_loss: 0.01678776554763317, mixup_loss: 0.0, energy_loss: 0.0
2026-08-08 03:28:03,289 INFO Best AUROC test all: 0.6600905269885591, AUPR test all: 0.2626198439536289, AUROC test unknown: 0.0, AUPR test unknown: 0.0
2026-08-08 03:28:11,085 INFO Epoch: 138, loss: 0.12632516026496887, labeled_loss: 0.1179545521736145, unnlabeled_loss: 0.016741206869482994, mixup_loss: 0.0, energy_loss: 0.0
2026-08-08 03:28:11,086 INFO Best AUROC test all: 0.6600905269885591, AUPR test all: 0.2626198439536289, AUROC test unknown: 0.0, AUPR test unknown: 0.0
2026-08-08 03:28:18,642 INFO Epoch: 139, loss: 0.1261964589357376, labeled_loss: 0.1178443655371666, unnlabeled_loss: 0.016704190522432327, mixup_loss: 0.0, energy_loss: 0.0
2026-08-08 03:28:18,642 INFO Best AUROC test all: 0.6600905269885591, AUPR test all: 0.2626198439536289, AUROC test unknown: 0.0, AUPR test unknown: 0.0
2026-08-08 03:28:25,911 INFO Epoch: 140, loss: 0.12582769989967346, labeled_loss: 0.11748240143060684, unnlabeled_loss: 0.016690606251358986, mixup_loss: 0.0, energy_loss: 0.0
2026-08-08 03:28:25,911 INFO Best AUROC test all: 0.6600905269885591, AUPR test all: 0.2626198439536289, AUROC test unknown: 0.0, AUPR test unknown: 0.0
2026-08-08 03:28:33,867 INFO Epoch: 141, loss: 0.1262028068304062, labeled_loss: 0.1178806871175766, unnlabeled_loss: 0.016644226387143135, mixup_loss: 0.0, energy_loss: 0.0
2026-08-08 03:28:33,867 INFO Best AUROC test all: 0.6600905269885591, AUPR test all: 0.26285103309731966, AUROC test unknown: 0.0, AUPR test unknown: 0.0
2026-08-08 03:28:41,143 INFO Epoch: 142, loss: 0.12590229511260986, labeled_loss: 0.11759161204099655, unnlabeled_loss: 0.016621358692646027, mixup_loss: 0.0, energy_loss: 0.0
2026-08-08 03:28:41,143 INFO Best AUROC test all: 0.6600905269885591, AUPR test all: 0.26285103309731966, AUROC test unknown: 0.0, AUPR test unknown: 0.0
2026-08-08 03:28:48,186 INFO Epoch: 143, loss: 0.12605486810207367, labeled_loss: 0.11773274838924408, unnlabeled_loss: 0.016644226387143135, mixup_loss: 0.0, energy_loss: 0.0
2026-08-08 03:28:48,187 INFO Best AUROC test all: 0.6600905269885591, AUPR test all: 0.26285103309731966, AUROC test unknown: 0.0, AUPR test unknown: 0.0
2026-08-08 03:28:55,682 INFO Epoch: 144, loss: 0.12616854906082153, labeled_loss: 0.11784752458333969, unnlabeled_loss: 0.01664203591644764, mixup_loss: 0.0, energy_loss: 0.0
2026-08-08 03:28:55,682 INFO Best AUROC test all: 0.6600905269885591, AUPR test all: 0.26285103309731966, AUROC test unknown: 0.0, AUPR test unknown: 0.0
2026-08-08 03:29:03,170 INFO Epoch: 145, loss: 0.12631121277809143, labeled_loss: 0.11796972155570984, unnlabeled_loss: 0.016682980582118034, mixup_loss: 0.0, energy_loss: 0.0
2026-08-08 03:29:03,171 INFO Best AUROC test all: 0.6600905269885591, AUPR test all: 0.26285103309731966, AUROC test unknown: 0.0, AUPR test unknown: 0.0
2026-08-08 03:29:10,473 INFO Epoch: 146, loss: 0.12623204290866852, labeled_loss: 0.11787126958370209, unnlabeled_loss: 0.016721557825803757, mixup_loss: 0.0, energy_loss: 0.0
2026-08-08 03:29:10,473 INFO Best AUROC test all: 0.6600905269885591, AUPR test all: 0.26285103309731966, AUROC test unknown: 0.0, AUPR test unknown: 0.0
2026-08-08 03:29:17,703 INFO Epoch: 147, loss: 0.1262216717004776, labeled_loss: 0.1178470253944397, unnlabeled_loss: 0.016749301925301552, mixup_loss: 0.0, energy_loss: 0.0
2026-08-08 03:29:17,703 INFO Best AUROC test all: 0.6600905269885591, AUPR test all: 0.26285103309731966, AUROC test unknown: 0.0, AUPR test unknown: 0.0
2026-08-08 03:29:24,816 INFO Epoch: 148, loss: 0.12613646686077118, labeled_loss: 0.1177293211221695, unnlabeled_loss: 0.016814278438687325, mixup_loss: 0.0, energy_loss: 0.0
2026-08-08 03:29:24,816 INFO Best AUROC test all: 0.6600905269885591, AUPR test all: 0.26285103309731966, AUROC test unknown: 0.0, AUPR test unknown: 0.0
2026-08-08 03:29:31,899 INFO Epoch: 149, loss: 0.12617415189743042, labeled_loss: 0.11778181791305542, unnlabeled_loss: 0.016784679144620895, mixup_loss: 0.0, energy_loss: 0.0
2026-08-08 03:29:31,899 INFO Best AUROC test all: 0.6600905269885591, AUPR test all: 0.26285103309731966, AUROC test unknown: 0.0, AUPR test unknown: 0.0
2026-08-08 03:29:39,054 INFO Epoch: 150, loss: 0.125814750790596, labeled_loss: 0.11742757260799408, unnlabeled_loss: 0.016774360090494156, mixup_loss: 0.0, energy_loss: 0.0
2026-08-08 03:29:39,055 INFO Best AUROC test all: 0.6600905269885591, AUPR test all: 0.26285103309731966, AUROC test unknown: 0.0, AUPR test unknown: 0.0
2026-08-08 03:29:46,271 INFO Epoch: 151, loss: 0.1259174644947052, labeled_loss: 0.11753605306148529, unnlabeled_loss: 0.016762807965278625, mixup_loss: 0.0, energy_loss: 0.0
2026-08-08 03:29:46,271 INFO Best AUROC test all: 0.6600905269885591, AUPR test all: 0.26285103309731966, AUROC test unknown: 0.0, AUPR test unknown: 0.0
2026-08-08 03:29:53,833 INFO Epoch: 152, loss: 0.12659448385238647, labeled_loss: 0.11822352558374405, unnlabeled_loss: 0.0167419221252203, mixup_loss: 0.0, energy_loss: 0.0
2026-08-08 03:29:53,833 INFO Best AUROC test all: 0.6600905269885591, AUPR test all: 0.26285103309731966, AUROC test unknown: 0.0, AUPR test unknown: 0.0
2026-08-08 03:30:00,966 INFO Epoch: 153, loss: 0.1259097158908844, labeled_loss: 0.11755075305700302, unnlabeled_loss: 0.01671791262924671, mixup_loss: 0.0, energy_loss: 0.0
2026-08-08 03:30:00,966 INFO Best AUROC test all: 0.6600905269885591, AUPR test all: 0.26285103309731966, AUROC test unknown: 0.0, AUPR test unknown: 0.0
2026-08-08 03:30:08,489 INFO Epoch: 154, loss: 0.1258503645658493, labeled_loss: 0.1175072193145752, unnlabeled_loss: 0.016686277464032173, mixup_loss: 0.0, energy_loss: 0.0
2026-08-08 03:30:08,489 INFO Best AUROC test all: 0.6600905269885591, AUPR test all: 0.26285103309731966, AUROC test unknown: 0.0, AUPR test unknown: 0.0
2026-08-08 03:30:15,598 INFO Epoch: 155, loss: 0.12608125805854797, labeled_loss: 0.1177506223320961, unnlabeled_loss: 0.016661277040839195, mixup_loss: 0.0, energy_loss: 0.0
2026-08-08 03:30:15,598 INFO Best AUROC test all: 0.6600905269885591, AUPR test all: 0.26285103309731966, AUROC test unknown: 0.0, AUPR test unknown: 0.0
2026-08-08 03:30:22,783 INFO Epoch: 156, loss: 0.12577898800373077, labeled_loss: 0.1174430325627327, unnlabeled_loss: 0.01667192205786705, mixup_loss: 0.0, energy_loss: 0.0
2026-08-08 03:30:22,783 INFO Best AUROC test all: 0.6600905269885591, AUPR test all: 0.26285103309731966, AUROC test unknown: 0.0, AUPR test unknown: 0.0
2026-08-08 03:30:30,044 INFO Epoch: 157, loss: 0.12597280740737915, labeled_loss: 0.11764539033174515, unnlabeled_loss: 0.0166548453271389, mixup_loss: 0.0, energy_loss: 0.0
2026-08-08 03:30:30,044 INFO Best AUROC test all: 0.6600905269885591, AUPR test all: 0.26285103309731966, AUROC test unknown: 0.0, AUPR test unknown: 0.0
2026-08-08 03:30:37,238 INFO Epoch: 158, loss: 0.1260756254196167, labeled_loss: 0.11773765832185745, unnlabeled_loss: 0.016675924882292747, mixup_loss: 0.0, energy_loss: 0.0
2026-08-08 03:30:37,238 INFO Best AUROC test all: 0.6600905269885591, AUPR test all: 0.26285103309731966, AUROC test unknown: 0.0, AUPR test unknown: 0.0
2026-08-08 03:30:44,678 INFO Epoch: 159, loss: 0.12610174715518951, labeled_loss: 0.11776018142700195, unnlabeled_loss: 0.016683118417859077, mixup_loss: 0.0, energy_loss: 0.0
2026-08-08 03:30:44,678 INFO Best AUROC test all: 0.6600905269885591, AUPR test all: 0.26285103309731966, AUROC test unknown: 0.0, AUPR test unknown: 0.0
2026-08-08 03:30:51,907 INFO Epoch: 160, loss: 0.12588992714881897, labeled_loss: 0.11755382269620895, unnlabeled_loss: 0.016672220081090927, mixup_loss: 0.0, energy_loss: 0.0
2026-08-08 03:30:51,908 INFO Best AUROC test all: 0.6600905269885591, AUPR test all: 0.26285103309731966, AUROC test unknown: 0.0, AUPR test unknown: 0.0
2026-08-08 03:30:59,098 INFO Epoch: 161, loss: 0.12579169869422913, labeled_loss: 0.11745654046535492, unnlabeled_loss: 0.016670312732458115, mixup_loss: 0.0, energy_loss: 0.0
2026-08-08 03:30:59,098 INFO Best AUROC test all: 0.6600905269885591, AUPR test all: 0.26285103309731966, AUROC test unknown: 0.0, AUPR test unknown: 0.0
2026-08-08 03:31:06,541 INFO Epoch: 162, loss: 0.1258528232574463, labeled_loss: 0.11752718687057495, unnlabeled_loss: 0.016651274636387825, mixup_loss: 0.0, energy_loss: 0.0
2026-08-08 03:31:06,541 INFO Best AUROC test all: 0.6600905269885591, AUPR test all: 0.26285103309731966, AUROC test unknown: 0.0, AUPR test unknown: 0.0
2026-08-08 03:31:14,033 INFO Epoch: 163, loss: 0.12567609548568726, labeled_loss: 0.11734888702630997, unnlabeled_loss: 0.01665443181991577, mixup_loss: 0.0, energy_loss: 0.0
2026-08-08 03:31:14,033 INFO Best AUROC test all: 0.6600905269885591, AUPR test all: 0.26285103309731966, AUROC test unknown: 0.0, AUPR test unknown: 0.0
2026-08-08 03:31:21,365 INFO Epoch: 164, loss: 0.12567846477031708, labeled_loss: 0.1173538863658905, unnlabeled_loss: 0.016649167984724045, mixup_loss: 0.0, energy_loss: 0.0
2026-08-08 03:31:21,366 INFO Best AUROC test all: 0.6600905269885591, AUPR test all: 0.26285103309731966, AUROC test unknown: 0.0, AUPR test unknown: 0.0
2026-08-08 03:31:28,982 INFO Epoch: 165, loss: 0.1259869486093521, labeled_loss: 0.1176639199256897, unnlabeled_loss: 0.016646066680550575, mixup_loss: 0.0, energy_loss: 0.0
2026-08-08 03:31:28,983 INFO Best AUROC test all: 0.6600905269885591, AUPR test all: 0.26285103309731966, AUROC test unknown: 0.0, AUPR test unknown: 0.0
2026-08-08 03:31:36,704 INFO Epoch: 166, loss: 0.12590211629867554, labeled_loss: 0.11754781752824783, unnlabeled_loss: 0.016708601266145706, mixup_loss: 0.0, energy_loss: 0.0
2026-08-08 03:31:36,704 INFO Best AUROC test all: 0.6600905269885591, AUPR test all: 0.26285103309731966, AUROC test unknown: 0.0, AUPR test unknown: 0.0
2026-08-08 03:31:44,254 INFO Epoch: 167, loss: 0.12557707726955414, labeled_loss: 0.11717785894870758, unnlabeled_loss: 0.016798442229628563, mixup_loss: 0.0, energy_loss: 0.0
2026-08-08 03:31:44,254 INFO Best AUROC test all: 0.6600905269885591, AUPR test all: 0.26285103309731966, AUROC test unknown: 0.0, AUPR test unknown: 0.0
2026-08-08 03:31:51,352 INFO Epoch: 168, loss: 0.12545660138130188, labeled_loss: 0.11701704561710358, unnlabeled_loss: 0.016879120841622353, mixup_loss: 0.0, energy_loss: 0.0
2026-08-08 03:31:51,352 INFO Best AUROC test all: 0.6600905269885591, AUPR test all: 0.26285103309731966, AUROC test unknown: 0.0, AUPR test unknown: 0.0
2026-08-08 03:31:58,482 INFO Epoch: 169, loss: 0.12548120319843292, labeled_loss: 0.11709744483232498, unnlabeled_loss: 0.016767503693699837, mixup_loss: 0.0, energy_loss: 0.0
2026-08-08 03:31:58,483 INFO Best AUROC test all: 0.6600905269885591, AUPR test all: 0.26285103309731966, AUROC test unknown: 0.0, AUPR test unknown: 0.0
2026-08-08 03:32:05,865 INFO Epoch: 170, loss: 0.12553523480892181, labeled_loss: 0.1172267347574234, unnlabeled_loss: 0.016617009416222572, mixup_loss: 0.0, energy_loss: 0.0
2026-08-08 03:32:05,866 INFO Best AUROC test all: 0.6600905269885591, AUPR test all: 0.26285103309731966, AUROC test unknown: 0.0, AUPR test unknown: 0.0
2026-08-08 03:32:13,162 INFO Epoch: 171, loss: 0.1251390278339386, labeled_loss: 0.11688384413719177, unnlabeled_loss: 0.016510382294654846, mixup_loss: 0.0, energy_loss: 0.0
2026-08-08 03:32:13,162 INFO Best AUROC test all: 0.6600905269885591, AUPR test all: 0.26285103309731966, AUROC test unknown: 0.0, AUPR test unknown: 0.0
2026-08-08 03:32:20,312 INFO Epoch: 172, loss: 0.12480802834033966, labeled_loss: 0.11656734347343445, unnlabeled_loss: 0.016481373459100723, mixup_loss: 0.0, energy_loss: 0.0
2026-08-08 03:32:20,312 INFO Best AUROC test all: 0.6600905269885591, AUPR test all: 0.26285103309731966, AUROC test unknown: 0.0, AUPR test unknown: 0.0
2026-08-08 03:32:27,721 INFO Epoch: 173, loss: 0.12539532780647278, labeled_loss: 0.1171291396021843, unnlabeled_loss: 0.01653236150741577, mixup_loss: 0.0, energy_loss: 0.0
2026-08-08 03:32:27,721 INFO Best AUROC test all: 0.6600905269885591, AUPR test all: 0.26285103309731966, AUROC test unknown: 0.0, AUPR test unknown: 0.0
2026-08-08 03:32:35,251 INFO Epoch: 174, loss: 0.12612947821617126, labeled_loss: 0.11796693503856659, unnlabeled_loss: 0.016325093805789948, mixup_loss: 0.0, energy_loss: 0.0
2026-08-08 03:32:35,251 INFO Best AUROC test all: 0.6600905269885591, AUPR test all: 0.26285103309731966, AUROC test unknown: 0.0, AUPR test unknown: 0.0
2026-08-08 03:32:42,683 INFO Epoch: 175, loss: 0.12509094178676605, labeled_loss: 0.11696228384971619, unnlabeled_loss: 0.016257310286164284, mixup_loss: 0.0, energy_loss: 0.0
2026-08-08 03:32:42,683 INFO Best AUROC test all: 0.6600905269885591, AUPR test all: 0.26285103309731966, AUROC test unknown: 0.0, AUPR test unknown: 0.0
2026-08-08 03:32:49,892 INFO Epoch: 176, loss: 0.12582236528396606, labeled_loss: 0.11765453219413757, unnlabeled_loss: 0.016335653141140938, mixup_loss: 0.0, energy_loss: 0.0
2026-08-08 03:32:49,892 INFO Best AUROC test all: 0.6600905269885591, AUPR test all: 0.26285103309731966, AUROC test unknown: 0.0, AUPR test unknown: 0.0
2026-08-08 03:32:57,487 INFO Epoch: 177, loss: 0.12584935128688812, labeled_loss: 0.11757105588912964, unnlabeled_loss: 0.016556577757000923, mixup_loss: 0.0, energy_loss: 0.0
2026-08-08 03:32:57,488 INFO Best AUROC test all: 0.6600905269885591, AUPR test all: 0.26285103309731966, AUROC test unknown: 0.0, AUPR test unknown: 0.0
2026-08-08 03:33:04,836 INFO Epoch: 178, loss: 0.12536057829856873, labeled_loss: 0.1170397698879242, unnlabeled_loss: 0.016641616821289062, mixup_loss: 0.0, energy_loss: 0.0
2026-08-08 03:33:04,836 INFO Best AUROC test all: 0.6600905269885591, AUPR test all: 0.26285103309731966, AUROC test unknown: 0.0, AUPR test unknown: 0.0
2026-08-08 03:33:12,562 INFO Epoch: 179, loss: 0.12622715532779694, labeled_loss: 0.11791665107011795, unnlabeled_loss: 0.016621015965938568, mixup_loss: 0.0, energy_loss: 0.0
2026-08-08 03:33:12,562 INFO Best AUROC test all: 0.6600905269885591, AUPR test all: 0.26285103309731966, AUROC test unknown: 0.0, AUPR test unknown: 0.0
2026-08-08 03:33:20,142 INFO Epoch: 180, loss: 0.12576740980148315, labeled_loss: 0.11745406687259674, unnlabeled_loss: 0.01662668026983738, mixup_loss: 0.0, energy_loss: 0.0
2026-08-08 03:33:20,143 INFO Best AUROC test all: 0.6600905269885591, AUPR test all: 0.26285103309731966, AUROC test unknown: 0.0, AUPR test unknown: 0.0
2026-08-08 03:33:27,638 INFO Epoch: 181, loss: 0.12573124468326569, labeled_loss: 0.11729076504707336, unnlabeled_loss: 0.01688096672296524, mixup_loss: 0.0, energy_loss: 0.0
2026-08-08 03:33:27,638 INFO Best AUROC test all: 0.6600905269885591, AUPR test all: 0.26285103309731966, AUROC test unknown: 0.0, AUPR test unknown: 0.0
2026-08-08 03:33:34,905 INFO Epoch: 182, loss: 0.12505091726779938, labeled_loss: 0.1167733296751976, unnlabeled_loss: 0.016555164009332657, mixup_loss: 0.0, energy_loss: 0.0
2026-08-08 03:33:34,905 INFO Best AUROC test all: 0.6600905269885591, AUPR test all: 0.26285103309731966, AUROC test unknown: 0.0, AUPR test unknown: 0.0
2026-08-08 03:33:42,314 INFO Epoch: 183, loss: 0.12481997907161713, labeled_loss: 0.11682657897472382, unnlabeled_loss: 0.015986807644367218, mixup_loss: 0.0, energy_loss: 0.0
2026-08-08 03:33:42,314 INFO Best AUROC test all: 0.6600905269885591, AUPR test all: 0.26285103309731966, AUROC test unknown: 0.0, AUPR test unknown: 0.0
2026-08-08 03:33:49,357 INFO Epoch: 184, loss: 0.12563185393810272, labeled_loss: 0.11774750798940659, unnlabeled_loss: 0.015768693760037422, mixup_loss: 0.0, energy_loss: 0.0
2026-08-08 03:33:49,357 INFO Best AUROC test all: 0.6600905269885591, AUPR test all: 0.26285103309731966, AUROC test unknown: 0.0, AUPR test unknown: 0.0
2026-08-08 03:33:56,494 INFO Epoch: 185, loss: 0.12507487833499908, labeled_loss: 0.11713309586048126, unnlabeled_loss: 0.01588357798755169, mixup_loss: 0.0, energy_loss: 0.0
2026-08-08 03:33:56,494 INFO Best AUROC test all: 0.6600905269885591, AUPR test all: 0.26285103309731966, AUROC test unknown: 0.0, AUPR test unknown: 0.0
2026-08-08 03:34:03,596 INFO Epoch: 186, loss: 0.1255195140838623, labeled_loss: 0.11741214245557785, unnlabeled_loss: 0.01621473766863346, mixup_loss: 0.0, energy_loss: 0.0
2026-08-08 03:34:03,596 INFO Best AUROC test all: 0.6600905269885591, AUPR test all: 0.26285103309731966, AUROC test unknown: 0.0, AUPR test unknown: 0.0
2026-08-08 03:34:10,601 INFO Epoch: 187, loss: 0.1253446340560913, labeled_loss: 0.11696095764636993, unnlabeled_loss: 0.016767337918281555, mixup_loss: 0.0, energy_loss: 0.0
2026-08-08 03:34:10,601 INFO Best AUROC test all: 0.6600905269885591, AUPR test all: 0.26285103309731966, AUROC test unknown: 0.0, AUPR test unknown: 0.0
2026-08-08 03:34:17,851 INFO Epoch: 188, loss: 0.12450440973043442, labeled_loss: 0.11587238311767578, unnlabeled_loss: 0.017264049500226974, mixup_loss: 0.0, energy_loss: 0.0
2026-08-08 03:34:17,851 INFO Best AUROC test all: 0.6600905269885591, AUPR test all: 0.26285103309731966, AUROC test unknown: 0.0, AUPR test unknown: 0.0
2026-08-08 03:34:25,311 INFO Epoch: 189, loss: 0.124664306640625, labeled_loss: 0.11599656194448471, unnlabeled_loss: 0.017335491254925728, mixup_loss: 0.0, energy_loss: 0.0
2026-08-08 03:34:25,311 INFO Best AUROC test all: 0.6600905269885591, AUPR test all: 0.26285103309731966, AUROC test unknown: 0.0, AUPR test unknown: 0.0
2026-08-08 03:34:32,609 INFO Epoch: 190, loss: 0.1250949203968048, labeled_loss: 0.11667284369468689, unnlabeled_loss: 0.016844160854816437, mixup_loss: 0.0, energy_loss: 0.0
2026-08-08 03:34:32,609 INFO Best AUROC test all: 0.6600905269885591, AUPR test all: 0.26285103309731966, AUROC test unknown: 0.0, AUPR test unknown: 0.0
2026-08-08 03:34:39,923 INFO Epoch: 191, loss: 0.12494520843029022, labeled_loss: 0.11676585674285889, unnlabeled_loss: 0.016358695924282074, mixup_loss: 0.0, energy_loss: 0.0
2026-08-08 03:34:39,923 INFO Best AUROC test all: 0.6600905269885591, AUPR test all: 0.26285103309731966, AUROC test unknown: 0.0, AUPR test unknown: 0.0
2026-08-08 03:34:47,657 INFO Epoch: 192, loss: 0.1246180459856987, labeled_loss: 0.11664119362831116, unnlabeled_loss: 0.015953699126839638, mixup_loss: 0.0, energy_loss: 0.0
2026-08-08 03:34:47,658 INFO Best AUROC test all: 0.6600905269885591, AUPR test all: 0.26285103309731966, AUROC test unknown: 0.0, AUPR test unknown: 0.0
2026-08-08 03:34:54,944 INFO Epoch: 193, loss: 0.12448716163635254, labeled_loss: 0.11652092635631561, unnlabeled_loss: 0.015932470560073853, mixup_loss: 0.0, energy_loss: 0.0
2026-08-08 03:34:54,944 INFO Best AUROC test all: 0.6600905269885591, AUPR test all: 0.26285103309731966, AUROC test unknown: 0.0, AUPR test unknown: 0.0
2026-08-08 03:35:02,185 INFO Epoch: 194, loss: 0.12498631328344345, labeled_loss: 0.11692873388528824, unnlabeled_loss: 0.016115164384245872, mixup_loss: 0.0, energy_loss: 0.0
2026-08-08 03:35:02,185 INFO Best AUROC test all: 0.6600905269885591, AUPR test all: 0.26285103309731966, AUROC test unknown: 0.0, AUPR test unknown: 0.0
2026-08-08 03:35:09,388 INFO Epoch: 195, loss: 0.12429609894752502, labeled_loss: 0.11596391350030899, unnlabeled_loss: 0.01666436344385147, mixup_loss: 0.0, energy_loss: 0.0
2026-08-08 03:35:09,389 INFO Best AUROC test all: 0.6600905269885591, AUPR test all: 0.26285103309731966, AUROC test unknown: 0.0, AUPR test unknown: 0.0
2026-08-08 03:35:16,463 INFO Epoch: 196, loss: 0.12492886930704117, labeled_loss: 0.11633187532424927, unnlabeled_loss: 0.0171939879655838, mixup_loss: 0.0, energy_loss: 0.0
2026-08-08 03:35:16,463 INFO Best AUROC test all: 0.6600905269885591, AUPR test all: 0.26285103309731966, AUROC test unknown: 0.0, AUPR test unknown: 0.0
2026-08-08 03:35:24,073 INFO Epoch: 197, loss: 0.12458286434412003, labeled_loss: 0.11581244319677353, unnlabeled_loss: 0.017540838569402695, mixup_loss: 0.0, energy_loss: 0.0
2026-08-08 03:35:24,073 INFO Best AUROC test all: 0.6600905269885591, AUPR test all: 0.26285103309731966, AUROC test unknown: 0.0, AUPR test unknown: 0.0
2026-08-08 03:35:31,592 INFO Epoch: 198, loss: 0.124327152967453, labeled_loss: 0.11581411957740784, unnlabeled_loss: 0.017026061192154884, mixup_loss: 0.0, energy_loss: 0.0
2026-08-08 03:35:31,592 INFO Best AUROC test all: 0.6600905269885591, AUPR test all: 0.26285103309731966, AUROC test unknown: 0.0, AUPR test unknown: 0.0
2026-08-08 03:35:38,970 INFO Epoch: 199, loss: 0.1250482052564621, labeled_loss: 0.1169157326221466, unnlabeled_loss: 0.01626494526863098, mixup_loss: 0.0, energy_loss: 0.0
2026-08-08 03:35:38,970 INFO Best AUROC test all: 0.6600905269885591, AUPR test all: 0.26285103309731966, AUROC test unknown: 0.0, AUPR test unknown: 0.0
2026-08-08 03:35:46,318 INFO Epoch: 200, loss: 0.12587037682533264, labeled_loss: 0.11796087771654129, unnlabeled_loss: 0.015818992629647255, mixup_loss: 0.0, energy_loss: 0.0
2026-08-08 03:35:46,319 INFO Best AUROC test all: 0.6600905269885591, AUPR test all: 0.26285103309731966, AUROC test unknown: 0.0, AUPR test unknown: 0.0
2026-08-08 03:35:53,900 INFO Epoch: 201, loss: 0.12414787709712982, labeled_loss: 0.11623527854681015, unnlabeled_loss: 0.01582520455121994, mixup_loss: 0.0, energy_loss: 0.0
2026-08-08 03:35:53,901 INFO Best AUROC test all: 0.6600905269885591, AUPR test all: 0.26285103309731966, AUROC test unknown: 0.0, AUPR test unknown: 0.0
2026-08-08 03:36:01,536 INFO Epoch: 202, loss: 0.12427740544080734, labeled_loss: 0.11624802649021149, unnlabeled_loss: 0.01605876348912716, mixup_loss: 0.0, energy_loss: 0.0
2026-08-08 03:36:01,536 INFO Best AUROC test all: 0.6600905269885591, AUPR test all: 0.26285103309731966, AUROC test unknown: 0.0, AUPR test unknown: 0.0
2026-08-08 03:36:08,927 INFO Epoch: 203, loss: 0.125346377491951, labeled_loss: 0.11723688244819641, unnlabeled_loss: 0.016218990087509155, mixup_loss: 0.0, energy_loss: 0.0
2026-08-08 03:36:08,928 INFO Best AUROC test all: 0.6600905269885591, AUPR test all: 0.26285103309731966, AUROC test unknown: 0.0, AUPR test unknown: 0.0
2026-08-08 03:36:16,387 INFO Epoch: 204, loss: 0.12355241924524307, labeled_loss: 0.11517664790153503, unnlabeled_loss: 0.016751540824770927, mixup_loss: 0.0, energy_loss: 0.0
2026-08-08 03:36:16,387 INFO Best AUROC test all: 0.6600905269885591, AUPR test all: 0.2632058617844498, AUROC test unknown: 0.0, AUPR test unknown: 0.0
2026-08-08 03:36:23,686 INFO Epoch: 205, loss: 0.12448640167713165, labeled_loss: 0.11603176593780518, unnlabeled_loss: 0.016909273341298103, mixup_loss: 0.0, energy_loss: 0.0
2026-08-08 03:36:23,686 INFO Best AUROC test all: 0.6600905269885591, AUPR test all: 0.2633631396354843, AUROC test unknown: 0.0, AUPR test unknown: 0.0
2026-08-08 03:36:31,036 INFO Epoch: 206, loss: 0.12388132512569427, labeled_loss: 0.11543171852827072, unnlabeled_loss: 0.01689920760691166, mixup_loss: 0.0, energy_loss: 0.0
2026-08-08 03:36:31,036 INFO Best AUROC test all: 0.6600905269885591, AUPR test all: 0.2634875567082239, AUROC test unknown: 0.0, AUPR test unknown: 0.0
2026-08-08 03:36:38,567 INFO Epoch: 207, loss: 0.12551525235176086, labeled_loss: 0.11733662337064743, unnlabeled_loss: 0.016357257962226868, mixup_loss: 0.0, energy_loss: 0.0
2026-08-08 03:36:38,567 INFO Best AUROC test all: 0.6600905269885591, AUPR test all: 0.264158556215318, AUROC test unknown: 0.0, AUPR test unknown: 0.0
2026-08-08 03:36:45,848 INFO Epoch: 208, loss: 0.12371940910816193, labeled_loss: 0.11571309715509415, unnlabeled_loss: 0.01601262204349041, mixup_loss: 0.0, energy_loss: 0.0
2026-08-08 03:36:45,848 INFO Best AUROC test all: 0.6600905269885591, AUPR test all: 0.264158556215318, AUROC test unknown: 0.0, AUPR test unknown: 0.0
2026-08-08 03:36:53,403 INFO Epoch: 209, loss: 0.12498506158590317, labeled_loss: 0.117075115442276, unnlabeled_loss: 0.015819896012544632, mixup_loss: 0.0, energy_loss: 0.0
2026-08-08 03:36:53,404 INFO Best AUROC test all: 0.6600905269885591, AUPR test all: 0.26488067957173783, AUROC test unknown: 0.0, AUPR test unknown: 0.0
2026-08-08 03:37:00,800 INFO Epoch: 210, loss: 0.1250302791595459, labeled_loss: 0.11699562519788742, unnlabeled_loss: 0.016069307923316956, mixup_loss: 0.0, energy_loss: 0.0
2026-08-08 03:37:00,800 INFO Best AUROC test all: 0.6600905269885591, AUPR test all: 0.2649144526064638, AUROC test unknown: 0.0, AUPR test unknown: 0.0
2026-08-08 03:37:08,257 INFO Epoch: 211, loss: 0.12284412980079651, labeled_loss: 0.11460918933153152, unnlabeled_loss: 0.016469888389110565, mixup_loss: 0.0, energy_loss: 0.0
2026-08-08 03:37:08,257 INFO Best AUROC test all: 0.6600905269885591, AUPR test all: 0.2649144526064638, AUROC test unknown: 0.0, AUPR test unknown: 0.0
2026-08-08 03:37:15,544 INFO Epoch: 212, loss: 0.12320643663406372, labeled_loss: 0.11477605253458023, unnlabeled_loss: 0.01686077192425728, mixup_loss: 0.0, energy_loss: 0.0
2026-08-08 03:37:15,544 INFO Best AUROC test all: 0.6600905269885591, AUPR test all: 0.2649144526064638, AUROC test unknown: 0.0, AUPR test unknown: 0.0
2026-08-08 03:37:22,822 INFO Epoch: 213, loss: 0.12274833768606186, labeled_loss: 0.11428192257881165, unnlabeled_loss: 0.016932828351855278, mixup_loss: 0.0, energy_loss: 0.0
2026-08-08 03:37:22,823 INFO Best AUROC test all: 0.6600905269885591, AUPR test all: 0.2649144526064638, AUROC test unknown: 0.0, AUPR test unknown: 0.0
2026-08-08 03:37:30,116 INFO Epoch: 214, loss: 0.12381573021411896, labeled_loss: 0.1153997927904129, unnlabeled_loss: 0.016831878572702408, mixup_loss: 0.0, energy_loss: 0.0
2026-08-08 03:37:30,116 INFO Best AUROC test all: 0.6600905269885591, AUPR test all: 0.26551803050506334, AUROC test unknown: 0.0, AUPR test unknown: 0.0
2026-08-08 03:37:37,472 INFO Epoch: 215, loss: 0.12396644055843353, labeled_loss: 0.11564745008945465, unnlabeled_loss: 0.016637973487377167, mixup_loss: 0.0, energy_loss: 0.0
2026-08-08 03:37:37,472 INFO Best AUROC test all: 0.6600905269885591, AUPR test all: 0.2655708324954808, AUROC test unknown: 0.0, AUPR test unknown: 0.0
2026-08-08 03:37:44,451 INFO Epoch: 216, loss: 0.1235734224319458, labeled_loss: 0.11524911969900131, unnlabeled_loss: 0.016648605465888977, mixup_loss: 0.0, energy_loss: 0.0
2026-08-08 03:37:44,451 INFO Best AUROC test all: 0.6600905269885591, AUPR test all: 0.26619028040193854, AUROC test unknown: 0.0, AUPR test unknown: 0.0
2026-08-08 03:37:51,633 INFO Epoch: 217, loss: 0.12399223446846008, labeled_loss: 0.11568383872509003, unnlabeled_loss: 0.016616785898804665, mixup_loss: 0.0, energy_loss: 0.0
2026-08-08 03:37:51,633 INFO Best AUROC test all: 0.6600905269885591, AUPR test all: 0.26628652538426506, AUROC test unknown: 0.0, AUPR test unknown: 0.0
2026-08-08 03:37:58,949 INFO Epoch: 218, loss: 0.12420182675123215, labeled_loss: 0.11577599495649338, unnlabeled_loss: 0.01685166545212269, mixup_loss: 0.0, energy_loss: 0.0
2026-08-08 03:37:58,949 INFO Best AUROC test all: 0.6600905269885591, AUPR test all: 0.2667205130882951, AUROC test unknown: 0.0, AUPR test unknown: 0.0
2026-08-08 03:38:06,719 INFO Epoch: 219, loss: 0.12447823584079742, labeled_loss: 0.11602391302585602, unnlabeled_loss: 0.01690864935517311, mixup_loss: 0.0, energy_loss: 0.0
2026-08-08 03:38:06,719 INFO Best AUROC test all: 0.6600905269885591, AUPR test all: 0.2668174668905396, AUROC test unknown: 0.0, AUPR test unknown: 0.0
2026-08-08 03:38:14,001 INFO Epoch: 220, loss: 0.12300600111484528, labeled_loss: 0.1143684908747673, unnlabeled_loss: 0.017275026068091393, mixup_loss: 0.0, energy_loss: 0.0
2026-08-08 03:38:14,001 INFO Best AUROC test all: 0.6600905269885591, AUPR test all: 0.26730798726725347, AUROC test unknown: 0.0, AUPR test unknown: 0.0
2026-08-08 03:38:21,154 INFO Epoch: 221, loss: 0.12350399047136307, labeled_loss: 0.11490591615438461, unnlabeled_loss: 0.017196154221892357, mixup_loss: 0.0, energy_loss: 0.0
2026-08-08 03:38:21,154 INFO Best AUROC test all: 0.6600905269885591, AUPR test all: 0.26741613750381676, AUROC test unknown: 0.0, AUPR test unknown: 0.0
2026-08-08 03:38:28,662 INFO Epoch: 222, loss: 0.12427005171775818, labeled_loss: 0.1159009039402008, unnlabeled_loss: 0.016738293692469597, mixup_loss: 0.0, energy_loss: 0.0
2026-08-08 03:38:28,662 INFO Best AUROC test all: 0.6603742492941603, AUPR test all: 0.26848606932956764, AUROC test unknown: 0.0, AUPR test unknown: 0.0
2026-08-08 03:38:36,084 INFO Epoch: 223, loss: 0.12438973784446716, labeled_loss: 0.11619286984205246, unnlabeled_loss: 0.016393743455410004, mixup_loss: 0.0, energy_loss: 0.0
2026-08-08 03:38:36,084 INFO Best AUROC test all: 0.6604718642187217, AUPR test all: 0.26903350921808133, AUROC test unknown: 0.0, AUPR test unknown: 0.0
2026-08-08 03:38:43,396 INFO Epoch: 224, loss: 0.12338732182979584, labeled_loss: 0.11538174003362656, unnlabeled_loss: 0.01601116545498371, mixup_loss: 0.0, energy_loss: 0.0
2026-08-08 03:38:43,396 INFO Best AUROC test all: 0.6607165224902052, AUPR test all: 0.26903350921808133, AUROC test unknown: 0.0, AUPR test unknown: 0.0
2026-08-08 03:38:50,680 INFO Epoch: 225, loss: 0.12275770306587219, labeled_loss: 0.11474050581455231, unnlabeled_loss: 0.016034388914704323, mixup_loss: 0.0, energy_loss: 0.0
2026-08-08 03:38:50,680 INFO Best AUROC test all: 0.6620481893432215, AUPR test all: 0.2695228132899713, AUROC test unknown: 0.0, AUPR test unknown: 0.0
2026-08-08 03:38:58,357 INFO Epoch: 226, loss: 0.12319587171077728, labeled_loss: 0.11507817357778549, unnlabeled_loss: 0.01623539999127388, mixup_loss: 0.0, energy_loss: 0.0
2026-08-08 03:38:58,358 INFO Best AUROC test all: 0.6620481893432215, AUPR test all: 0.2695228132899713, AUROC test unknown: 0.0, AUPR test unknown: 0.0
2026-08-08 03:39:05,666 INFO Epoch: 227, loss: 0.12314767390489578, labeled_loss: 0.11487596482038498, unnlabeled_loss: 0.016543420031666756, mixup_loss: 0.0, energy_loss: 0.0
2026-08-08 03:39:05,667 INFO Best AUROC test all: 0.662294918850145, AUPR test all: 0.27023373693811337, AUROC test unknown: 0.0, AUPR test unknown: 0.0
2026-08-08 03:39:13,161 INFO Epoch: 228, loss: 0.1236218735575676, labeled_loss: 0.11518232524394989, unnlabeled_loss: 0.01687910221517086, mixup_loss: 0.0, energy_loss: 0.0
2026-08-08 03:39:13,161 INFO Best AUROC test all: 0.662294918850145, AUPR test all: 0.27023373693811337, AUROC test unknown: 0.0, AUPR test unknown: 0.0
2026-08-08 03:39:20,433 INFO Epoch: 229, loss: 0.12284310907125473, labeled_loss: 0.11421480774879456, unnlabeled_loss: 0.0172565970569849, mixup_loss: 0.0, energy_loss: 0.0
2026-08-08 03:39:20,433 INFO Best AUROC test all: 0.6625602997398323, AUPR test all: 0.2703222144674584, AUROC test unknown: 0.0, AUPR test unknown: 0.0
2026-08-08 03:39:27,781 INFO Epoch: 230, loss: 0.12269894778728485, labeled_loss: 0.11412372440099716, unnlabeled_loss: 0.017150450497865677, mixup_loss: 0.0, energy_loss: 0.0
2026-08-08 03:39:27,781 INFO Best AUROC test all: 0.6630921351129979, AUPR test all: 0.27093696495803454, AUROC test unknown: 0.0, AUPR test unknown: 0.0
2026-08-08 03:39:35,579 INFO Epoch: 231, loss: 0.12306371331214905, labeled_loss: 0.1148855909705162, unnlabeled_loss: 0.01635623723268509, mixup_loss: 0.0, energy_loss: 0.0
2026-08-08 03:39:35,579 INFO Best AUROC test all: 0.6636347987983009, AUPR test all: 0.27122573129410327, AUROC test unknown: 0.0, AUPR test unknown: 0.0
2026-08-08 03:39:42,988 INFO Epoch: 232, loss: 0.12294984608888626, labeled_loss: 0.11491678655147552, unnlabeled_loss: 0.016066117212176323, mixup_loss: 0.0, energy_loss: 0.0
2026-08-08 03:39:42,988 INFO Best AUROC test all: 0.6647928554767779, AUPR test all: 0.2720847491152054, AUROC test unknown: 0.0, AUPR test unknown: 0.0
2026-08-08 03:39:50,751 INFO Epoch: 233, loss: 0.12267769873142242, labeled_loss: 0.11435765027999878, unnlabeled_loss: 0.016640091314911842, mixup_loss: 0.0, energy_loss: 0.0
2026-08-08 03:39:50,751 INFO Best AUROC test all: 0.6647928554767779, AUPR test all: 0.27288116525571626, AUROC test unknown: 0.0, AUPR test unknown: 0.0
2026-08-08 03:39:58,323 INFO Epoch: 234, loss: 0.12183541804552078, labeled_loss: 0.11313877999782562, unnlabeled_loss: 0.01739327423274517, mixup_loss: 0.0, energy_loss: 0.0
2026-08-08 03:39:58,323 INFO Best AUROC test all: 0.6647928554767779, AUPR test all: 0.27288116525571626, AUROC test unknown: 0.0, AUPR test unknown: 0.0
2026-08-08 03:40:06,121 INFO Epoch: 235, loss: 0.12287241965532303, labeled_loss: 0.11403128504753113, unnlabeled_loss: 0.01768227107822895, mixup_loss: 0.0, energy_loss: 0.0
2026-08-08 03:40:06,122 INFO Best AUROC test all: 0.6654802921557851, AUPR test all: 0.2732483205614461, AUROC test unknown: 0.0, AUPR test unknown: 0.0
2026-08-08 03:40:13,718 INFO Epoch: 236, loss: 0.12256141752004623, labeled_loss: 0.11419042944908142, unnlabeled_loss: 0.016741979867219925, mixup_loss: 0.0, energy_loss: 0.0
2026-08-08 03:40:13,719 INFO Best AUROC test all: 0.66595151566687, AUPR test all: 0.2732843782196862, AUROC test unknown: 0.0, AUPR test unknown: 0.0
2026-08-08 03:40:21,779 INFO Epoch: 237, loss: 0.12225159257650375, labeled_loss: 0.11418627947568893, unnlabeled_loss: 0.016130629926919937, mixup_loss: 0.0, energy_loss: 0.0
2026-08-08 03:40:21,779 INFO Best AUROC test all: 0.66595151566687, AUPR test all: 0.27371662128290186, AUROC test unknown: 0.0, AUPR test unknown: 0.0
2026-08-08 03:40:29,148 INFO Epoch: 238, loss: 0.12244932353496552, labeled_loss: 0.1144220158457756, unnlabeled_loss: 0.016054615378379822, mixup_loss: 0.0, energy_loss: 0.0
2026-08-08 03:40:29,148 INFO Best AUROC test all: 0.66595151566687, AUPR test all: 0.2739282616705231, AUROC test unknown: 0.0, AUPR test unknown: 0.0
2026-08-08 03:40:36,607 INFO Epoch: 239, loss: 0.12202807515859604, labeled_loss: 0.11360162496566772, unnlabeled_loss: 0.016852905973792076, mixup_loss: 0.0, energy_loss: 0.0
2026-08-08 03:40:36,607 INFO Best AUROC test all: 0.6669096970989985, AUPR test all: 0.2739591588859484, AUROC test unknown: 0.0, AUPR test unknown: 0.0
2026-08-08 03:40:44,095 INFO Epoch: 240, loss: 0.12186937779188156, labeled_loss: 0.1129971295595169, unnlabeled_loss: 0.01774449460208416, mixup_loss: 0.0, energy_loss: 0.0
2026-08-08 03:40:44,095 INFO Best AUROC test all: 0.667444714251086, AUPR test all: 0.2749746205957905, AUROC test unknown: 0.0, AUPR test unknown: 0.0
2026-08-08 03:40:51,207 INFO Epoch: 241, loss: 0.12143182754516602, labeled_loss: 0.11264701187610626, unnlabeled_loss: 0.017569635063409805, mixup_loss: 0.0, energy_loss: 0.0
2026-08-08 03:40:51,207 INFO Best AUROC test all: 0.6681030756290292, AUPR test all: 0.27610422731595463, AUROC test unknown: 0.0, AUPR test unknown: 0.0
2026-08-08 03:40:58,563 INFO Epoch: 242, loss: 0.1235370859503746, labeled_loss: 0.11531909555196762, unnlabeled_loss: 0.016435986384749413, mixup_loss: 0.0, energy_loss: 0.0
2026-08-08 03:40:58,563 INFO Best AUROC test all: 0.668188238507823, AUPR test all: 0.27610422731595463, AUROC test unknown: 0.0, AUPR test unknown: 0.0
2026-08-08 03:41:05,596 INFO Epoch: 243, loss: 0.12166804075241089, labeled_loss: 0.11342349648475647, unnlabeled_loss: 0.01648908294737339, mixup_loss: 0.0, energy_loss: 0.0
2026-08-08 03:41:05,597 INFO Best AUROC test all: 0.6685221774958533, AUPR test all: 0.2763536621536671, AUROC test unknown: 0.0, AUPR test unknown: 0.0
2026-08-08 03:41:13,002 INFO Epoch: 244, loss: 0.12153720110654831, labeled_loss: 0.11316081881523132, unnlabeled_loss: 0.01675276830792427, mixup_loss: 0.0, energy_loss: 0.0
2026-08-08 03:41:13,002 INFO Best AUROC test all: 0.6687257826082027, AUPR test all: 0.2764552381692878, AUROC test unknown: 0.0, AUPR test unknown: 0.0
2026-08-08 03:41:20,172 INFO Epoch: 245, loss: 0.12240532785654068, labeled_loss: 0.11376026272773743, unnlabeled_loss: 0.017290130257606506, mixup_loss: 0.0, energy_loss: 0.0
2026-08-08 03:41:20,173 INFO Best AUROC test all: 0.6693177228115821, AUPR test all: 0.2770099201007866, AUROC test unknown: 0.0, AUPR test unknown: 0.0
2026-08-08 03:41:27,401 INFO Epoch: 246, loss: 0.1229867935180664, labeled_loss: 0.1144179105758667, unnlabeled_loss: 0.01713777333498001, mixup_loss: 0.0, energy_loss: 0.0
2026-08-08 03:41:27,401 INFO Best AUROC test all: 0.6701165730718683, AUPR test all: 0.27786153665961366, AUROC test unknown: 0.0, AUPR test unknown: 0.0
2026-08-08 03:41:34,219 INFO Epoch: 247, loss: 0.12227001786231995, labeled_loss: 0.1136619821190834, unnlabeled_loss: 0.017216073349118233, mixup_loss: 0.0, energy_loss: 0.0
2026-08-08 03:41:34,219 INFO Best AUROC test all: 0.6701875021086983, AUPR test all: 0.27786153665961366, AUROC test unknown: 0.0, AUPR test unknown: 0.0
2026-08-08 03:41:41,754 INFO Epoch: 248, loss: 0.12234169989824295, labeled_loss: 0.11396732926368713, unnlabeled_loss: 0.016748737543821335, mixup_loss: 0.0, energy_loss: 0.0
2026-08-08 03:41:41,755 INFO Best AUROC test all: 0.6707850196626136, AUPR test all: 0.27825618305297356, AUROC test unknown: 0.0, AUPR test unknown: 0.0
2026-08-08 03:41:48,865 INFO Epoch: 249, loss: 0.12112954258918762, labeled_loss: 0.11274659633636475, unnlabeled_loss: 0.016765890643000603, mixup_loss: 0.0, energy_loss: 0.0
2026-08-08 03:41:48,865 INFO Best AUROC test all: 0.6709859520806687, AUPR test all: 0.27892848756296534, AUROC test unknown: 0.0, AUPR test unknown: 0.0
2026-08-08 03:41:56,326 INFO Epoch: 250, loss: 0.11993876844644547, labeled_loss: 0.11160504817962646, unnlabeled_loss: 0.01666744239628315, mixup_loss: 0.0, energy_loss: 0.0
2026-08-08 03:41:56,327 INFO Best AUROC test all: 0.6718433696534835, AUPR test all: 0.27936386729522666, AUROC test unknown: 0.0, AUPR test unknown: 0.0
2026-08-08 03:42:03,505 INFO Epoch: 251, loss: 0.1215527206659317, labeled_loss: 0.11303426325321198, unnlabeled_loss: 0.017036916688084602, mixup_loss: 0.0, energy_loss: 0.0
2026-08-08 03:42:03,505 INFO Best AUROC test all: 0.6723415089614865, AUPR test all: 0.2801485540567204, AUROC test unknown: 0.0, AUPR test unknown: 0.0
2026-08-08 03:42:10,776 INFO Epoch: 252, loss: 0.12118024379014969, labeled_loss: 0.11253495514392853, unnlabeled_loss: 0.017290575429797173, mixup_loss: 0.0, energy_loss: 0.0
2026-08-08 03:42:10,776 INFO Best AUROC test all: 0.6724663127001252, AUPR test all: 0.2801485540567204, AUROC test unknown: 0.0, AUPR test unknown: 0.0
2026-08-08 03:42:17,847 INFO Epoch: 253, loss: 0.12159460783004761, labeled_loss: 0.11293073743581772, unnlabeled_loss: 0.01732773706316948, mixup_loss: 0.0, energy_loss: 0.0
2026-08-08 03:42:17,847 INFO Best AUROC test all: 0.673193102852494, AUPR test all: 0.2802563705269157, AUROC test unknown: 0.0, AUPR test unknown: 0.0
2026-08-08 03:42:25,092 INFO Epoch: 254, loss: 0.12277647852897644, labeled_loss: 0.11448666453361511, unnlabeled_loss: 0.016579624265432358, mixup_loss: 0.0, energy_loss: 0.0
2026-08-08 03:42:25,092 INFO Best AUROC test all: 0.6736226409541817, AUPR test all: 0.2811826992482822, AUROC test unknown: 0.0, AUPR test unknown: 0.0
2026-08-08 03:42:32,397 INFO Epoch: 255, loss: 0.12096764892339706, labeled_loss: 0.11268780380487442, unnlabeled_loss: 0.016559695824980736, mixup_loss: 0.0, energy_loss: 0.0
2026-08-08 03:42:32,397 INFO Best AUROC test all: 0.6738841092821753, AUPR test all: 0.281960931810462, AUROC test unknown: 0.0, AUPR test unknown: 0.0
2026-08-08 03:42:39,636 INFO Epoch: 256, loss: 0.12069445848464966, labeled_loss: 0.1122458279132843, unnlabeled_loss: 0.016897259280085564, mixup_loss: 0.0, energy_loss: 0.0
2026-08-08 03:42:39,636 INFO Best AUROC test all: 0.6740792262294655, AUPR test all: 0.28236613548668477, AUROC test unknown: 0.0, AUPR test unknown: 0.0
2026-08-08 03:42:47,229 INFO Epoch: 257, loss: 0.11977585405111313, labeled_loss: 0.11105537414550781, unnlabeled_loss: 0.01744096539914608, mixup_loss: 0.0, energy_loss: 0.0
2026-08-08 03:42:47,229 INFO Best AUROC test all: 0.6748880652228058, AUPR test all: 0.28301239266946726, AUROC test unknown: 0.0, AUPR test unknown: 0.0
2026-08-08 03:42:54,441 INFO Epoch: 258, loss: 0.11996574699878693, labeled_loss: 0.11139004677534103, unnlabeled_loss: 0.01715140789747238, mixup_loss: 0.0, energy_loss: 0.0
2026-08-08 03:42:54,441 INFO Best AUROC test all: 0.6752787486719563, AUPR test all: 0.28353521047673547, AUROC test unknown: 0.0, AUPR test unknown: 0.0
2026-08-08 03:43:01,774 INFO Epoch: 259, loss: 0.12063642591238022, labeled_loss: 0.11254072189331055, unnlabeled_loss: 0.01619141176342964, mixup_loss: 0.0, energy_loss: 0.0
2026-08-08 03:43:01,774 INFO Best AUROC test all: 0.6756116735962527, AUPR test all: 0.2839250815698635, AUROC test unknown: 0.0, AUPR test unknown: 0.0
2026-08-08 03:43:09,719 INFO Epoch: 260, loss: 0.12016033381223679, labeled_loss: 0.11213883757591248, unnlabeled_loss: 0.016042988747358322, mixup_loss: 0.0, energy_loss: 0.0
2026-08-08 03:43:09,719 INFO Best AUROC test all: 0.675806480576693, AUPR test all: 0.28397160520084674, AUROC test unknown: 0.0, AUPR test unknown: 0.0
2026-08-08 03:43:17,148 INFO Epoch: 261, loss: 0.11857273429632187, labeled_loss: 0.10998427867889404, unnlabeled_loss: 0.017176907509565353, mixup_loss: 0.0, energy_loss: 0.0
2026-08-08 03:43:17,148 INFO Best AUROC test all: 0.6764120346883368, AUPR test all: 0.28474143994432477, AUROC test unknown: 0.0, AUPR test unknown: 0.0
2026-08-08 03:43:24,835 INFO Epoch: 262, loss: 0.12168947607278824, labeled_loss: 0.1129472479224205, unnlabeled_loss: 0.017484454438090324, mixup_loss: 0.0, energy_loss: 0.0
2026-08-08 03:43:24,835 INFO Best AUROC test all: 0.6775484614284273, AUPR test all: 0.28508916047993393, AUROC test unknown: 0.0, AUPR test unknown: 0.0
2026-08-08 03:43:32,402 INFO Epoch: 263, loss: 0.12025123834609985, labeled_loss: 0.11155068129301071, unnlabeled_loss: 0.017401114106178284, mixup_loss: 0.0, energy_loss: 0.0
2026-08-08 03:43:32,402 INFO Best AUROC test all: 0.6778226876635174, AUPR test all: 0.286522640215933, AUROC test unknown: 0.0, AUPR test unknown: 0.0
2026-08-08 03:43:40,143 INFO Epoch: 264, loss: 0.12148946523666382, labeled_loss: 0.11321530491113663, unnlabeled_loss: 0.016548318788409233, mixup_loss: 0.0, energy_loss: 0.0
2026-08-08 03:43:40,143 INFO Best AUROC test all: 0.6786497059046845, AUPR test all: 0.28701172411781395, AUROC test unknown: 0.0, AUPR test unknown: 0.0
2026-08-08 03:43:47,449 INFO Epoch: 265, loss: 0.11894460022449493, labeled_loss: 0.11090735346078873, unnlabeled_loss: 0.016074486076831818, mixup_loss: 0.0, energy_loss: 0.0
2026-08-08 03:43:47,449 INFO Best AUROC test all: 0.679702774142544, AUPR test all: 0.28789306860824465, AUROC test unknown: 0.0, AUPR test unknown: 0.0
2026-08-08 03:43:54,603 INFO Epoch: 266, loss: 0.1197158545255661, labeled_loss: 0.11165733635425568, unnlabeled_loss: 0.016117028892040253, mixup_loss: 0.0, energy_loss: 0.0
2026-08-08 03:43:54,603 INFO Best AUROC test all: 0.6802291306976824, AUPR test all: 0.28804335636211453, AUROC test unknown: 0.0, AUPR test unknown: 0.0
2026-08-08 03:44:01,859 INFO Epoch: 267, loss: 0.12130025029182434, labeled_loss: 0.11299343407154083, unnlabeled_loss: 0.016613639891147614, mixup_loss: 0.0, energy_loss: 0.0
2026-08-08 03:44:01,859 INFO Best AUROC test all: 0.6804650339452293, AUPR test all: 0.28804335636211453, AUROC test unknown: 0.0, AUPR test unknown: 0.0
2026-08-08 03:44:09,198 INFO Epoch: 268, loss: 0.11732069402933121, labeled_loss: 0.10840699821710587, unnlabeled_loss: 0.017827393487095833, mixup_loss: 0.0, energy_loss: 0.0
2026-08-08 03:44:09,198 INFO Best AUROC test all: 0.6823359199512704, AUPR test all: 0.2891689591712687, AUROC test unknown: 0.0, AUPR test unknown: 0.0
2026-08-08 03:44:16,484 INFO Epoch: 269, loss: 0.11790715157985687, labeled_loss: 0.10963243991136551, unnlabeled_loss: 0.016549430787563324, mixup_loss: 0.0, energy_loss: 0.0
2026-08-08 03:44:16,485 INFO Best AUROC test all: 0.6832544974732446, AUPR test all: 0.2893290406412884, AUROC test unknown: 0.0, AUPR test unknown: 0.0
2026-08-08 03:44:23,949 INFO Epoch: 270, loss: 0.11790508031845093, labeled_loss: 0.11019566655158997, unnlabeled_loss: 0.015418827533721924, mixup_loss: 0.0, energy_loss: 0.0
2026-08-08 03:44:23,950 INFO Best AUROC test all: 0.6834577371942081, AUPR test all: 0.2906758566750314, AUROC test unknown: 0.0, AUPR test unknown: 0.0
2026-08-08 03:44:31,154 INFO Epoch: 271, loss: 0.12073962390422821, labeled_loss: 0.11271906644105911, unnlabeled_loss: 0.016041118651628494, mixup_loss: 0.0, energy_loss: 0.0
2026-08-08 03:44:31,154 INFO Best AUROC test all: 0.6835842241965346, AUPR test all: 0.2906864091710307, AUROC test unknown: 0.0, AUPR test unknown: 0.0
2026-08-08 03:44:38,385 INFO Epoch: 272, loss: 0.11764160543680191, labeled_loss: 0.10904783010482788, unnlabeled_loss: 0.017187556251883507, mixup_loss: 0.0, energy_loss: 0.0
2026-08-08 03:44:38,386 INFO Best AUROC test all: 0.6835842241965346, AUPR test all: 0.2912283306619641, AUROC test unknown: 0.0, AUPR test unknown: 0.0
2026-08-08 03:44:45,334 INFO Epoch: 273, loss: 0.12054364383220673, labeled_loss: 0.11183472722768784, unnlabeled_loss: 0.01741783507168293, mixup_loss: 0.0, energy_loss: 0.0
2026-08-08 03:44:45,334 INFO Best AUROC test all: 0.6839954660430412, AUPR test all: 0.2912283306619641, AUROC test unknown: 0.0, AUPR test unknown: 0.0
2026-08-08 03:44:52,458 INFO Epoch: 274, loss: 0.1168469488620758, labeled_loss: 0.10840265452861786, unnlabeled_loss: 0.016888590529561043, mixup_loss: 0.0, energy_loss: 0.0
2026-08-08 03:44:52,458 INFO Best AUROC test all: 0.6841894252333559, AUPR test all: 0.2912283306619641, AUROC test unknown: 0.0, AUPR test unknown: 0.0
2026-08-08 03:44:59,469 INFO Epoch: 275, loss: 0.11885465681552887, labeled_loss: 0.11071383953094482, unnlabeled_loss: 0.016281642019748688, mixup_loss: 0.0, energy_loss: 0.0
2026-08-08 03:44:59,469 INFO Best AUROC test all: 0.6850307573741503, AUPR test all: 0.29305664810622195, AUROC test unknown: 0.0, AUPR test unknown: 0.0
2026-08-08 03:45:06,709 INFO Epoch: 276, loss: 0.11874032765626907, labeled_loss: 0.11063309013843536, unnlabeled_loss: 0.016214478760957718, mixup_loss: 0.0, energy_loss: 0.0
2026-08-08 03:45:06,709 INFO Best AUROC test all: 0.6852017338568464, AUPR test all: 0.29305664810622195, AUROC test unknown: 0.0, AUPR test unknown: 0.0
2026-08-08 03:45:13,876 INFO Epoch: 277, loss: 0.11979784816503525, labeled_loss: 0.11156462877988815, unnlabeled_loss: 0.01646643690764904, mixup_loss: 0.0, energy_loss: 0.0
2026-08-08 03:45:13,876 INFO Best AUROC test all: 0.6853521971029193, AUPR test all: 0.29305664810622195, AUROC test unknown: 0.0, AUPR test unknown: 0.0
2026-08-08 03:45:21,033 INFO Epoch: 278, loss: 0.1178690642118454, labeled_loss: 0.10949404537677765, unnlabeled_loss: 0.016750039532780647, mixup_loss: 0.0, energy_loss: 0.0
2026-08-08 03:45:21,033 INFO Best AUROC test all: 0.6869843860542442, AUPR test all: 0.2942083843844548, AUROC test unknown: 0.0, AUPR test unknown: 0.0
2026-08-08 03:45:28,064 INFO Epoch: 279, loss: 0.12067437171936035, labeled_loss: 0.11243610084056854, unnlabeled_loss: 0.01647653616964817, mixup_loss: 0.0, energy_loss: 0.0
2026-08-08 03:45:28,064 INFO Best AUROC test all: 0.6870067016146695, AUPR test all: 0.2952803805432655, AUROC test unknown: 0.0, AUPR test unknown: 0.0
2026-08-08 03:45:35,262 INFO Epoch: 280, loss: 0.12000443041324615, labeled_loss: 0.11182712763547897, unnlabeled_loss: 0.016354605555534363, mixup_loss: 0.0, energy_loss: 0.0
2026-08-08 03:45:35,262 INFO Best AUROC test all: 0.6877447675809851, AUPR test all: 0.2961235779847882, AUROC test unknown: 0.0, AUPR test unknown: 0.0
2026-08-08 03:45:42,512 INFO Epoch: 281, loss: 0.11939086765050888, labeled_loss: 0.11117956042289734, unnlabeled_loss: 0.016422618180513382, mixup_loss: 0.0, energy_loss: 0.0
2026-08-08 03:45:42,512 INFO Best AUROC test all: 0.6879722770904602, AUPR test all: 0.2970118864236502, AUROC test unknown: 0.0, AUPR test unknown: 0.0
2026-08-08 03:45:49,446 INFO Epoch: 282, loss: 0.11948523670434952, labeled_loss: 0.11104261875152588, unnlabeled_loss: 0.016885235905647278, mixup_loss: 0.0, energy_loss: 0.0
2026-08-08 03:45:49,446 INFO Best AUROC test all: 0.6896021443695524, AUPR test all: 0.29820732250257037, AUROC test unknown: 0.0, AUPR test unknown: 0.0
2026-08-08 03:45:56,653 INFO Epoch: 283, loss: 0.11755014955997467, labeled_loss: 0.10934160649776459, unnlabeled_loss: 0.016417089849710464, mixup_loss: 0.0, energy_loss: 0.0
2026-08-08 03:45:56,653 INFO Best AUROC test all: 0.6902546512742794, AUPR test all: 0.2983930911817437, AUROC test unknown: 0.0, AUPR test unknown: 0.0
2026-08-08 03:46:03,741 INFO Epoch: 284, loss: 0.11974120140075684, labeled_loss: 0.11149623990058899, unnlabeled_loss: 0.016489917412400246, mixup_loss: 0.0, energy_loss: 0.0
2026-08-08 03:46:03,741 INFO Best AUROC test all: 0.6909894307708829, AUPR test all: 0.3003537319945851, AUROC test unknown: 0.0, AUPR test unknown: 0.0
2026-08-08 03:46:10,745 INFO Epoch: 285, loss: 0.11824536323547363, labeled_loss: 0.1097908690571785, unnlabeled_loss: 0.01690899394452572, mixup_loss: 0.0, energy_loss: 0.0
2026-08-08 03:46:10,746 INFO Best AUROC test all: 0.6913540954794952, AUPR test all: 0.3003537319945851, AUROC test unknown: 0.0, AUPR test unknown: 0.0
2026-08-08 03:46:17,666 INFO Epoch: 286, loss: 0.1169053241610527, labeled_loss: 0.10869534313678741, unnlabeled_loss: 0.01641995646059513, mixup_loss: 0.0, energy_loss: 0.0
2026-08-08 03:46:17,666 INFO Best AUROC test all: 0.6927771635507526, AUPR test all: 0.3021736358673274, AUROC test unknown: 0.0, AUPR test unknown: 0.0
2026-08-08 03:46:25,071 INFO Epoch: 287, loss: 0.11894270777702332, labeled_loss: 0.11069460213184357, unnlabeled_loss: 0.016496215015649796, mixup_loss: 0.0, energy_loss: 0.0
2026-08-08 03:46:25,071 INFO Best AUROC test all: 0.6927771635507526, AUPR test all: 0.3021819990200809, AUROC test unknown: 0.0, AUPR test unknown: 0.0
2026-08-08 03:46:32,356 INFO Epoch: 288, loss: 0.11611929535865784, labeled_loss: 0.10805675387382507, unnlabeled_loss: 0.016125081107020378, mixup_loss: 0.0, energy_loss: 0.0
2026-08-08 03:46:32,356 INFO Best AUROC test all: 0.6943291285652746, AUPR test all: 0.3037897920148312, AUROC test unknown: 0.0, AUPR test unknown: 0.0
2026-08-08 03:46:39,617 INFO Epoch: 289, loss: 0.11833643913269043, labeled_loss: 0.11025936156511307, unnlabeled_loss: 0.016154153272509575, mixup_loss: 0.0, energy_loss: 0.0
2026-08-08 03:46:39,617 INFO Best AUROC test all: 0.6943291285652746, AUPR test all: 0.3037897920148312, AUROC test unknown: 0.0, AUPR test unknown: 0.0
2026-08-08 03:46:46,919 INFO Epoch: 290, loss: 0.11877454072237015, labeled_loss: 0.1104540228843689, unnlabeled_loss: 0.0166410394012928, mixup_loss: 0.0, energy_loss: 0.0
2026-08-08 03:46:46,919 INFO Best AUROC test all: 0.6950329585903914, AUPR test all: 0.30474610071077535, AUROC test unknown: 0.0, AUPR test unknown: 0.0
2026-08-08 03:46:53,841 INFO Epoch: 291, loss: 0.11907472461462021, labeled_loss: 0.11036749184131622, unnlabeled_loss: 0.01741446554660797, mixup_loss: 0.0, energy_loss: 0.0
2026-08-08 03:46:53,841 INFO Best AUROC test all: 0.6954696054020185, AUPR test all: 0.30582324039472575, AUROC test unknown: 0.0, AUPR test unknown: 0.0
2026-08-08 03:47:01,128 INFO Epoch: 292, loss: 0.11917351931333542, labeled_loss: 0.11092295497655869, unnlabeled_loss: 0.016501132398843765, mixup_loss: 0.0, energy_loss: 0.0
2026-08-08 03:47:01,128 INFO Best AUROC test all: 0.6958493312151143, AUPR test all: 0.30649648588123, AUROC test unknown: 0.0, AUPR test unknown: 0.0
2026-08-08 03:47:08,155 INFO Epoch: 293, loss: 0.11806991696357727, labeled_loss: 0.11014516651630402, unnlabeled_loss: 0.015849504619836807, mixup_loss: 0.0, energy_loss: 0.0
2026-08-08 03:47:08,155 INFO Best AUROC test all: 0.6964571413106517, AUPR test all: 0.30711924912694843, AUROC test unknown: 0.0, AUPR test unknown: 0.0
2026-08-08 03:47:15,421 INFO Epoch: 294, loss: 0.11900413781404495, labeled_loss: 0.11138185858726501, unnlabeled_loss: 0.015244563110172749, mixup_loss: 0.0, energy_loss: 0.0
2026-08-08 03:47:15,422 INFO Best AUROC test all: 0.6972233629412847, AUPR test all: 0.3089475891343745, AUROC test unknown: 0.0, AUPR test unknown: 0.0
2026-08-08 03:47:22,465 INFO Epoch: 295, loss: 0.11837437003850937, labeled_loss: 0.11042724549770355, unnlabeled_loss: 0.015894245356321335, mixup_loss: 0.0, energy_loss: 0.0
2026-08-08 03:47:22,465 INFO Best AUROC test all: 0.6973983874678735, AUPR test all: 0.30967133300871746, AUROC test unknown: 0.0, AUPR test unknown: 0.0
2026-08-08 03:47:29,893 INFO Epoch: 296, loss: 0.11788573861122131, labeled_loss: 0.10912688076496124, unnlabeled_loss: 0.017517713829874992, mixup_loss: 0.0, energy_loss: 0.0
2026-08-08 03:47:29,893 INFO Best AUROC test all: 0.697407355978912, AUPR test all: 0.31009577925096476, AUROC test unknown: 0.0, AUPR test unknown: 0.0
2026-08-08 03:47:37,484 INFO Epoch: 297, loss: 0.1170378103852272, labeled_loss: 0.10830610245466232, unnlabeled_loss: 0.01746341772377491, mixup_loss: 0.0, energy_loss: 0.0
2026-08-08 03:47:37,484 INFO Best AUROC test all: 0.6981296793242266, AUPR test all: 0.31081264219041477, AUROC test unknown: 0.0, AUPR test unknown: 0.0
2026-08-08 03:47:44,667 INFO Epoch: 298, loss: 0.11825373023748398, labeled_loss: 0.11015096306800842, unnlabeled_loss: 0.01620553247630596, mixup_loss: 0.0, energy_loss: 0.0
2026-08-08 03:47:44,667 INFO Best AUROC test all: 0.6981296793242266, AUPR test all: 0.31088392618078114, AUROC test unknown: 0.0, AUPR test unknown: 0.0
2026-08-08 03:47:51,863 INFO Epoch: 299, loss: 0.11582847684621811, labeled_loss: 0.10820428282022476, unnlabeled_loss: 0.015248392708599567, mixup_loss: 0.0, energy_loss: 0.0
2026-08-08 03:47:51,863 INFO Best AUROC test all: 0.6984007032527889, AUPR test all: 0.3116994665782139, AUROC test unknown: 0.0, AUPR test unknown: 0.0
2026-08-08 03:47:59,331 INFO Epoch: 300, loss: 0.12072831392288208, labeled_loss: 0.11300800740718842, unnlabeled_loss: 0.015440619550645351, mixup_loss: 0.0, energy_loss: 0.0
2026-08-08 03:47:59,331 INFO Best AUROC test all: 0.6984007032527889, AUPR test all: 0.3120541663807868, AUROC test unknown: 0.0, AUPR test unknown: 0.0
2026-08-08 03:48:06,617 INFO Epoch: 301, loss: 0.11769803613424301, labeled_loss: 0.1094137579202652, unnlabeled_loss: 0.016568556427955627, mixup_loss: 0.0, energy_loss: 0.0
2026-08-08 03:48:06,617 INFO Best AUROC test all: 0.6984224563568112, AUPR test all: 0.3124774670203126, AUROC test unknown: 0.0, AUPR test unknown: 0.0
2026-08-08 03:48:13,686 INFO Epoch: 302, loss: 0.11903081089258194, labeled_loss: 0.11038804054260254, unnlabeled_loss: 0.01728554628789425, mixup_loss: 0.0, energy_loss: 0.0
2026-08-08 03:48:13,686 INFO Best AUROC test all: 0.6985558878482296, AUPR test all: 0.3127459958280081, AUROC test unknown: 0.0, AUPR test unknown: 0.0
2026-08-08 03:48:21,228 INFO Epoch: 303, loss: 0.11967027187347412, labeled_loss: 0.11076392978429794, unnlabeled_loss: 0.017812684178352356, mixup_loss: 0.0, energy_loss: 0.0
2026-08-08 03:48:21,228 INFO Best AUROC test all: 0.699368682511236, AUPR test all: 0.31294464576629066, AUROC test unknown: 0.0, AUPR test unknown: 0.0
2026-08-08 03:48:28,351 INFO Epoch: 304, loss: 0.11738140881061554, labeled_loss: 0.10919595509767532, unnlabeled_loss: 0.016370901837944984, mixup_loss: 0.0, energy_loss: 0.0
2026-08-08 03:48:28,351 INFO Best AUROC test all: 0.7005698266345967, AUPR test all: 0.31457503312863855, AUROC test unknown: 0.0, AUPR test unknown: 0.0
2026-08-08 03:48:35,681 INFO Epoch: 305, loss: 0.11885427683591843, labeled_loss: 0.11124030500650406, unnlabeled_loss: 0.015227940864861012, mixup_loss: 0.0, energy_loss: 0.0
2026-08-08 03:48:35,681 INFO Best AUROC test all: 0.7007813266641933, AUPR test all: 0.31560708891006883, AUROC test unknown: 0.0, AUPR test unknown: 0.0
2026-08-08 03:48:42,987 INFO Epoch: 306, loss: 0.11728686094284058, labeled_loss: 0.10925286263227463, unnlabeled_loss: 0.0160679891705513, mixup_loss: 0.0, energy_loss: 0.0
2026-08-08 03:48:42,987 INFO Best AUROC test all: 0.7014147162095017, AUPR test all: 0.3158563625405535, AUROC test unknown: 0.0, AUPR test unknown: 0.0
2026-08-08 03:48:50,245 INFO Epoch: 307, loss: 0.1184222474694252, labeled_loss: 0.11003156751394272, unnlabeled_loss: 0.016781354323029518, mixup_loss: 0.0, energy_loss: 0.0
2026-08-08 03:48:50,245 INFO Best AUROC test all: 0.7018272656645074, AUPR test all: 0.3169162836139345, AUROC test unknown: 0.0, AUPR test unknown: 0.0
2026-08-08 03:48:57,250 INFO Epoch: 308, loss: 0.11706317216157913, labeled_loss: 0.10815402865409851, unnlabeled_loss: 0.01781829074025154, mixup_loss: 0.0, energy_loss: 0.0
2026-08-08 03:48:57,250 INFO Best AUROC test all: 0.7028877648957197, AUPR test all: 0.3169162836139345, AUROC test unknown: 0.0, AUPR test unknown: 0.0
2026-08-08 03:49:04,796 INFO Epoch: 309, loss: 0.11694087833166122, labeled_loss: 0.10846643894910812, unnlabeled_loss: 0.0169488824903965, mixup_loss: 0.0, energy_loss: 0.0
2026-08-08 03:49:04,796 INFO Best AUROC test all: 0.7028877648957197, AUPR test all: 0.3169162836139345, AUROC test unknown: 0.0, AUPR test unknown: 0.0
2026-08-08 03:49:12,010 INFO Epoch: 310, loss: 0.11832620203495026, labeled_loss: 0.11039094626903534, unnlabeled_loss: 0.015870505943894386, mixup_loss: 0.0, energy_loss: 0.0
2026-08-08 03:49:12,010 INFO Best AUROC test all: 0.7037194018482251, AUPR test all: 0.3189911512035305, AUROC test unknown: 0.0, AUPR test unknown: 0.0
2026-08-08 03:49:19,419 INFO Epoch: 311, loss: 0.11738061904907227, labeled_loss: 0.10987783223390579, unnlabeled_loss: 0.015005575492978096, mixup_loss: 0.0, energy_loss: 0.0
2026-08-08 03:49:19,419 INFO Best AUROC test all: 0.7037194018482251, AUPR test all: 0.3190627280538036, AUROC test unknown: 0.0, AUPR test unknown: 0.0
2026-08-08 03:49:26,489 INFO Epoch: 312, loss: 0.11840282380580902, labeled_loss: 0.11027787625789642, unnlabeled_loss: 0.016249893233180046, mixup_loss: 0.0, energy_loss: 0.0
2026-08-08 03:49:26,489 INFO Best AUROC test all: 0.7037194018482251, AUPR test all: 0.31980237040522813, AUROC test unknown: 0.0, AUPR test unknown: 0.0
2026-08-08 03:49:33,905 INFO Epoch: 313, loss: 0.11673994362354279, labeled_loss: 0.10798607021570206, unnlabeled_loss: 0.017507754266262054, mixup_loss: 0.0, energy_loss: 0.0
2026-08-08 03:49:33,905 INFO Best AUROC test all: 0.7040254499780547, AUPR test all: 0.3201851424429279, AUROC test unknown: 0.0, AUPR test unknown: 0.0
2026-08-08 03:49:41,177 INFO Epoch: 314, loss: 0.11874046176671982, labeled_loss: 0.11005531996488571, unnlabeled_loss: 0.017370283603668213, mixup_loss: 0.0, energy_loss: 0.0
2026-08-08 03:49:41,177 INFO Best AUROC test all: 0.7046295117327461, AUPR test all: 0.32110853971499764, AUROC test unknown: 0.0, AUPR test unknown: 0.0
2026-08-08 03:49:48,347 INFO Epoch: 315, loss: 0.11789543181657791, labeled_loss: 0.1095617339015007, unnlabeled_loss: 0.016667401418089867, mixup_loss: 0.0, energy_loss: 0.0
2026-08-08 03:49:48,347 INFO Best AUROC test all: 0.7055355366236836, AUPR test all: 0.321754892675301, AUROC test unknown: 0.0, AUPR test unknown: 0.0
2026-08-08 03:49:55,691 INFO Epoch: 316, loss: 0.11824650317430496, labeled_loss: 0.11059167236089706, unnlabeled_loss: 0.015309658832848072, mixup_loss: 0.0, energy_loss: 0.0
2026-08-08 03:49:55,691 INFO Best AUROC test all: 0.7060670989796901, AUPR test all: 0.3233955676216608, AUROC test unknown: 0.0, AUPR test unknown: 0.0
2026-08-08 03:50:02,914 INFO Epoch: 317, loss: 0.11636311560869217, labeled_loss: 0.10844440013170242, unnlabeled_loss: 0.015837425366044044, mixup_loss: 0.0, energy_loss: 0.0
2026-08-08 03:50:02,914 INFO Best AUROC test all: 0.7061056292960532, AUPR test all: 0.32419165875575123, AUROC test unknown: 0.0, AUPR test unknown: 0.0
2026-08-08 03:50:10,414 INFO Epoch: 318, loss: 0.11777830123901367, labeled_loss: 0.10896188020706177, unnlabeled_loss: 0.017632845789194107, mixup_loss: 0.0, energy_loss: 0.0
2026-08-08 03:50:10,414 INFO Best AUROC test all: 0.7061056292960532, AUPR test all: 0.32419165875575123, AUROC test unknown: 0.0, AUPR test unknown: 0.0
2026-08-08 03:50:17,938 INFO Epoch: 319, loss: 0.11971694231033325, labeled_loss: 0.11122754216194153, unnlabeled_loss: 0.016978807747364044, mixup_loss: 0.0, energy_loss: 0.0
2026-08-08 03:50:17,939 INFO Best AUROC test all: 0.7061056292960532, AUPR test all: 0.32448476389503766, AUROC test unknown: 0.0, AUPR test unknown: 0.0
2026-08-08 03:50:25,299 INFO Epoch: 320, loss: 0.11592140048742294, labeled_loss: 0.1077909842133522, unnlabeled_loss: 0.01626083254814148, mixup_loss: 0.0, energy_loss: 0.0
2026-08-08 03:50:25,300 INFO Best AUROC test all: 0.7061056292960532, AUPR test all: 0.32448476389503766, AUROC test unknown: 0.0, AUPR test unknown: 0.0
2026-08-08 03:50:32,681 INFO Epoch: 321, loss: 0.1186651885509491, labeled_loss: 0.11084751784801483, unnlabeled_loss: 0.015635337680578232, mixup_loss: 0.0, energy_loss: 0.0
2026-08-08 03:50:32,681 INFO Best AUROC test all: 0.7066680980155742, AUPR test all: 0.32448476389503766, AUROC test unknown: 0.0, AUPR test unknown: 0.0
2026-08-08 03:50:39,912 INFO Epoch: 322, loss: 0.11535420268774033, labeled_loss: 0.10761387646198273, unnlabeled_loss: 0.015480655245482922, mixup_loss: 0.0, energy_loss: 0.0
2026-08-08 03:50:39,912 INFO Best AUROC test all: 0.7069043481796616, AUPR test all: 0.3248831885024178, AUROC test unknown: 0.0, AUPR test unknown: 0.0
2026-08-08 03:50:47,159 INFO Epoch: 323, loss: 0.11841896176338196, labeled_loss: 0.1103009358048439, unnlabeled_loss: 0.016236059367656708, mixup_loss: 0.0, energy_loss: 0.0
2026-08-08 03:50:47,159 INFO Best AUROC test all: 0.7071966284441822, AUPR test all: 0.32731420116247895, AUROC test unknown: 0.0, AUPR test unknown: 0.0
2026-08-08 03:50:54,442 INFO Epoch: 324, loss: 0.11787552386522293, labeled_loss: 0.10897954553365707, unnlabeled_loss: 0.017791952937841415, mixup_loss: 0.0, energy_loss: 0.0
2026-08-08 03:50:54,442 INFO Best AUROC test all: 0.7081079884599054, AUPR test all: 0.32731420116247895, AUROC test unknown: 0.0, AUPR test unknown: 0.0
2026-08-08 03:51:01,730 INFO Epoch: 325, loss: 0.11624354124069214, labeled_loss: 0.10759168863296509, unnlabeled_loss: 0.01730371080338955, mixup_loss: 0.0, energy_loss: 0.0
2026-08-08 03:51:01,730 INFO Best AUROC test all: 0.7081079884599054, AUPR test all: 0.32731420116247895, AUROC test unknown: 0.0, AUPR test unknown: 0.0
2026-08-08 03:51:09,357 INFO Epoch: 326, loss: 0.11930131912231445, labeled_loss: 0.11129695922136307, unnlabeled_loss: 0.016008716076612473, mixup_loss: 0.0, energy_loss: 0.0
2026-08-08 03:51:09,358 INFO Best AUROC test all: 0.7091412537163075, AUPR test all: 0.3296197840060542, AUROC test unknown: 0.0, AUPR test unknown: 0.0
2026-08-08 03:51:16,627 INFO Epoch: 327, loss: 0.11759740114212036, labeled_loss: 0.11004472523927689, unnlabeled_loss: 0.015105349011719227, mixup_loss: 0.0, energy_loss: 0.0
2026-08-08 03:51:16,627 INFO Best AUROC test all: 0.7094200493964814, AUPR test all: 0.32981891269914293, AUROC test unknown: 0.0, AUPR test unknown: 0.0
2026-08-08 03:51:24,010 INFO Epoch: 328, loss: 0.11439812183380127, labeled_loss: 0.10672780126333237, unnlabeled_loss: 0.015340638346970081, mixup_loss: 0.0, energy_loss: 0.0
2026-08-08 03:51:24,010 INFO Best AUROC test all: 0.7094200493964814, AUPR test all: 0.32981891269914293, AUROC test unknown: 0.0, AUPR test unknown: 0.0
2026-08-08 03:51:31,116 INFO Epoch: 329, loss: 0.11522431671619415, labeled_loss: 0.10639885067939758, unnlabeled_loss: 0.01765093021094799, mixup_loss: 0.0, energy_loss: 0.0
2026-08-08 03:51:31,116 INFO Best AUROC test all: 0.7094200493964814, AUPR test all: 0.3299643973787265, AUROC test unknown: 0.0, AUPR test unknown: 0.0
2026-08-08 03:51:38,319 INFO Epoch: 330, loss: 0.11718671768903732, labeled_loss: 0.10843213647603989, unnlabeled_loss: 0.01750916801393032, mixup_loss: 0.0, energy_loss: 0.0
2026-08-08 03:51:38,320 INFO Best AUROC test all: 0.7100666012427232, AUPR test all: 0.33139535795930153, AUROC test unknown: 0.0, AUPR test unknown: 0.0
2026-08-08 03:51:45,409 INFO Epoch: 331, loss: 0.11648472398519516, labeled_loss: 0.10844796895980835, unnlabeled_loss: 0.01607351191341877, mixup_loss: 0.0, energy_loss: 0.0
2026-08-08 03:51:45,409 INFO Best AUROC test all: 0.7100666012427232, AUPR test all: 0.33150551525650146, AUROC test unknown: 0.0, AUPR test unknown: 0.0
2026-08-08 03:51:52,586 INFO Epoch: 332, loss: 0.11705392599105835, labeled_loss: 0.10944508761167526, unnlabeled_loss: 0.015217682346701622, mixup_loss: 0.0, energy_loss: 0.0
2026-08-08 03:51:52,586 INFO Best AUROC test all: 0.7100666012427232, AUPR test all: 0.33199183258483334, AUROC test unknown: 0.0, AUPR test unknown: 0.0
2026-08-08 03:51:59,803 INFO Epoch: 333, loss: 0.11564977467060089, labeled_loss: 0.1078154519200325, unnlabeled_loss: 0.015668651089072227, mixup_loss: 0.0, energy_loss: 0.0
2026-08-08 03:51:59,803 INFO Best AUROC test all: 0.7100666012427232, AUPR test all: 0.33199183258483334, AUROC test unknown: 0.0, AUPR test unknown: 0.0
2026-08-08 03:52:07,366 INFO Epoch: 334, loss: 0.11524713784456253, labeled_loss: 0.10700656473636627, unnlabeled_loss: 0.016481148079037666, mixup_loss: 0.0, energy_loss: 0.0
2026-08-08 03:52:07,366 INFO Best AUROC test all: 0.7100666012427232, AUPR test all: 0.33315546758688175, AUROC test unknown: 0.0, AUPR test unknown: 0.0
2026-08-08 03:52:14,943 INFO Epoch: 335, loss: 0.11571332067251205, labeled_loss: 0.10737743228673935, unnlabeled_loss: 0.01667178049683571, mixup_loss: 0.0, energy_loss: 0.0
2026-08-08 03:52:14,944 INFO Best AUROC test all: 0.7100666012427232, AUPR test all: 0.33315546758688175, AUROC test unknown: 0.0, AUPR test unknown: 0.0
2026-08-08 03:52:22,105 INFO Epoch: 336, loss: 0.11405706405639648, labeled_loss: 0.1060689315199852, unnlabeled_loss: 0.01597627066075802, mixup_loss: 0.0, energy_loss: 0.0
2026-08-08 03:52:22,105 INFO Best AUROC test all: 0.7100666012427232, AUPR test all: 0.33315546758688175, AUROC test unknown: 0.0, AUPR test unknown: 0.0
2026-08-08 03:52:29,357 INFO Epoch: 337, loss: 0.11732184141874313, labeled_loss: 0.10944515466690063, unnlabeled_loss: 0.015753377228975296, mixup_loss: 0.0, energy_loss: 0.0
2026-08-08 03:52:29,357 INFO Best AUROC test all: 0.7100666012427232, AUPR test all: 0.3333696033990042, AUROC test unknown: 0.0, AUPR test unknown: 0.0
2026-08-08 03:52:36,426 INFO Epoch: 338, loss: 0.11678309738636017, labeled_loss: 0.1087065115571022, unnlabeled_loss: 0.01615317352116108, mixup_loss: 0.0, energy_loss: 0.0
2026-08-08 03:52:36,426 INFO Best AUROC test all: 0.7100666012427232, AUPR test all: 0.3344646421663367, AUROC test unknown: 0.0, AUPR test unknown: 0.0
2026-08-08 03:52:43,965 INFO Epoch: 339, loss: 0.11715812236070633, labeled_loss: 0.10893984138965607, unnlabeled_loss: 0.016436556354165077, mixup_loss: 0.0, energy_loss: 0.0
2026-08-08 03:52:43,965 INFO Best AUROC test all: 0.7100666012427232, AUPR test all: 0.3344646421663367, AUROC test unknown: 0.0, AUPR test unknown: 0.0
2026-08-08 03:52:51,327 INFO Epoch: 340, loss: 0.11692819744348526, labeled_loss: 0.10839832574129105, unnlabeled_loss: 0.01705974154174328, mixup_loss: 0.0, energy_loss: 0.0
2026-08-08 03:52:51,327 INFO Best AUROC test all: 0.7105325696866855, AUPR test all: 0.33469153932131246, AUROC test unknown: 0.0, AUPR test unknown: 0.0
2026-08-08 03:52:58,619 INFO Epoch: 341, loss: 0.11740727722644806, labeled_loss: 0.10908898711204529, unnlabeled_loss: 0.01663658209145069, mixup_loss: 0.0, energy_loss: 0.0
2026-08-08 03:52:58,619 INFO Best AUROC test all: 0.7108832509901265, AUPR test all: 0.3349016260672162, AUROC test unknown: 0.0, AUPR test unknown: 0.0
2026-08-08 03:53:06,118 INFO Epoch: 342, loss: 0.11601702868938446, labeled_loss: 0.10778290033340454, unnlabeled_loss: 0.016468249261379242, mixup_loss: 0.0, energy_loss: 0.0
2026-08-08 03:53:06,118 INFO Best AUROC test all: 0.7110486460167654, AUPR test all: 0.3351581641614467, AUROC test unknown: 0.0, AUPR test unknown: 0.0
2026-08-08 03:53:13,428 INFO Epoch: 343, loss: 0.11557977646589279, labeled_loss: 0.10780499875545502, unnlabeled_loss: 0.01554955542087555, mixup_loss: 0.0, energy_loss: 0.0
2026-08-08 03:53:13,429 INFO Best AUROC test all: 0.711659590677731, AUPR test all: 0.3372826774660623, AUROC test unknown: 0.0, AUPR test unknown: 0.0
2026-08-08 03:53:20,852 INFO Epoch: 344, loss: 0.11584515869617462, labeled_loss: 0.10761180520057678, unnlabeled_loss: 0.01646670699119568, mixup_loss: 0.0, energy_loss: 0.0
2026-08-08 03:53:20,852 INFO Best AUROC test all: 0.7126232776137745, AUPR test all: 0.3372826774660623, AUROC test unknown: 0.0, AUPR test unknown: 0.0
2026-08-08 03:53:28,010 INFO Epoch: 345, loss: 0.11457116156816483, labeled_loss: 0.10635208338499069, unnlabeled_loss: 0.016438160091638565, mixup_loss: 0.0, energy_loss: 0.0
2026-08-08 03:53:28,010 INFO Best AUROC test all: 0.7126232776137745, AUPR test all: 0.33759300292855565, AUROC test unknown: 0.0, AUPR test unknown: 0.0
2026-08-08 03:53:35,250 INFO Epoch: 346, loss: 0.11676853150129318, labeled_loss: 0.10889865458011627, unnlabeled_loss: 0.015739750117063522, mixup_loss: 0.0, energy_loss: 0.0
2026-08-08 03:53:35,250 INFO Best AUROC test all: 0.712723678134463, AUPR test all: 0.33759300292855565, AUROC test unknown: 0.0, AUPR test unknown: 0.0
2026-08-08 03:53:42,264 INFO Epoch: 347, loss: 0.11618200689554214, labeled_loss: 0.10835523158311844, unnlabeled_loss: 0.015653546899557114, mixup_loss: 0.0, energy_loss: 0.0
2026-08-08 03:53:42,264 INFO Best AUROC test all: 0.712723678134463, AUPR test all: 0.33759300292855565, AUROC test unknown: 0.0, AUPR test unknown: 0.0
2026-08-08 03:53:49,650 INFO Epoch: 348, loss: 0.11519183218479156, labeled_loss: 0.10734254121780396, unnlabeled_loss: 0.015698587521910667, mixup_loss: 0.0, energy_loss: 0.0
2026-08-08 03:53:49,650 INFO Best AUROC test all: 0.712723678134463, AUPR test all: 0.33775916703523756, AUROC test unknown: 0.0, AUPR test unknown: 0.0
2026-08-08 03:53:57,110 INFO Epoch: 349, loss: 0.11586923897266388, labeled_loss: 0.10764910280704498, unnlabeled_loss: 0.01644027605652809, mixup_loss: 0.0, energy_loss: 0.0
2026-08-08 03:53:57,110 INFO Best AUROC test all: 0.712723678134463, AUPR test all: 0.33775916703523756, AUROC test unknown: 0.0, AUPR test unknown: 0.0
2026-08-08 03:54:04,369 INFO Epoch: 350, loss: 0.1143980324268341, labeled_loss: 0.10570701956748962, unnlabeled_loss: 0.017382025718688965, mixup_loss: 0.0, energy_loss: 0.0
2026-08-08 03:54:04,369 INFO Best AUROC test all: 0.712723678134463, AUPR test all: 0.33775916703523756, AUROC test unknown: 0.0, AUPR test unknown: 0.0
2026-08-08 03:54:11,510 INFO Epoch: 351, loss: 0.114346943795681, labeled_loss: 0.10590066760778427, unnlabeled_loss: 0.016892552375793457, mixup_loss: 0.0, energy_loss: 0.0
2026-08-08 03:54:11,510 INFO Best AUROC test all: 0.713200959342063, AUPR test all: 0.3385090914667852, AUROC test unknown: 0.0, AUPR test unknown: 0.0
2026-08-08 03:54:18,652 INFO Epoch: 352, loss: 0.1160682737827301, labeled_loss: 0.10839856415987015, unnlabeled_loss: 0.015339414589107037, mixup_loss: 0.0, energy_loss: 0.0
2026-08-08 03:54:18,652 INFO Best AUROC test all: 0.714038534930969, AUPR test all: 0.34069485750789935, AUROC test unknown: 0.0, AUPR test unknown: 0.0
2026-08-08 03:54:26,053 INFO Epoch: 353, loss: 0.11521361023187637, labeled_loss: 0.10774420201778412, unnlabeled_loss: 0.014938815496861935, mixup_loss: 0.0, energy_loss: 0.0
2026-08-08 03:54:26,054 INFO Best AUROC test all: 0.714038534930969, AUPR test all: 0.34069485750789935, AUROC test unknown: 0.0, AUPR test unknown: 0.0
2026-08-08 03:54:33,043 INFO Epoch: 354, loss: 0.11448802798986435, labeled_loss: 0.10675734281539917, unnlabeled_loss: 0.015461376868188381, mixup_loss: 0.0, energy_loss: 0.0
2026-08-08 03:54:33,043 INFO Best AUROC test all: 0.714038534930969, AUPR test all: 0.34069485750789935, AUROC test unknown: 0.0, AUPR test unknown: 0.0
2026-08-08 03:54:40,239 INFO Epoch: 355, loss: 0.11336150765419006, labeled_loss: 0.10482736676931381, unnlabeled_loss: 0.0170682854950428, mixup_loss: 0.0, energy_loss: 0.0
2026-08-08 03:54:40,239 INFO Best AUROC test all: 0.714038534930969, AUPR test all: 0.34148274699920134, AUROC test unknown: 0.0, AUPR test unknown: 0.0
2026-08-08 03:54:47,480 INFO Epoch: 356, loss: 0.11422821134328842, labeled_loss: 0.10579407960176468, unnlabeled_loss: 0.016868267208337784, mixup_loss: 0.0, energy_loss: 0.0
2026-08-08 03:54:47,480 INFO Best AUROC test all: 0.714038534930969, AUPR test all: 0.34274655667949866, AUROC test unknown: 0.0, AUPR test unknown: 0.0
2026-08-08 03:54:54,808 INFO Epoch: 357, loss: 0.11570058017969131, labeled_loss: 0.10787991434335709, unnlabeled_loss: 0.015641335397958755, mixup_loss: 0.0, energy_loss: 0.0
2026-08-08 03:54:54,808 INFO Best AUROC test all: 0.714038534930969, AUPR test all: 0.34274655667949866, AUROC test unknown: 0.0, AUPR test unknown: 0.0
2026-08-08 03:55:02,002 INFO Epoch: 358, loss: 0.11652589589357376, labeled_loss: 0.10914488136768341, unnlabeled_loss: 0.014762033708393574, mixup_loss: 0.0, energy_loss: 0.0
2026-08-08 03:55:02,002 INFO Best AUROC test all: 0.7154163232090278, AUPR test all: 0.34487413747517226, AUROC test unknown: 0.0, AUPR test unknown: 0.0
2026-08-08 03:55:08,873 INFO Epoch: 359, loss: 0.11514071375131607, labeled_loss: 0.10759202390909195, unnlabeled_loss: 0.015097375959157944, mixup_loss: 0.0, energy_loss: 0.0
2026-08-08 03:55:08,873 INFO Best AUROC test all: 0.7154163232090278, AUPR test all: 0.34487413747517226, AUROC test unknown: 0.0, AUPR test unknown: 0.0
2026-08-08 03:55:15,712 INFO Epoch: 360, loss: 0.11488067358732224, labeled_loss: 0.1063932403922081, unnlabeled_loss: 0.01697486639022827, mixup_loss: 0.0, energy_loss: 0.0
2026-08-08 03:55:15,712 INFO Best AUROC test all: 0.7154163232090278, AUPR test all: 0.34487413747517226, AUROC test unknown: 0.0, AUPR test unknown: 0.0
2026-08-08 03:55:22,573 INFO Epoch: 361, loss: 0.11527720093727112, labeled_loss: 0.10672034323215485, unnlabeled_loss: 0.017113707959651947, mixup_loss: 0.0, energy_loss: 0.0
2026-08-08 03:55:22,573 INFO Best AUROC test all: 0.7156594090658956, AUPR test all: 0.34487413747517226, AUROC test unknown: 0.0, AUPR test unknown: 0.0
2026-08-08 03:55:29,474 INFO Epoch: 362, loss: 0.11585044860839844, labeled_loss: 0.10770916193723679, unnlabeled_loss: 0.016282565891742706, mixup_loss: 0.0, energy_loss: 0.0
2026-08-08 03:55:29,474 INFO Best AUROC test all: 0.7161656218813178, AUPR test all: 0.34539039878765193, AUROC test unknown: 0.0, AUPR test unknown: 0.0
2026-08-08 03:55:36,410 INFO Epoch: 363, loss: 0.1141304150223732, labeled_loss: 0.10633954405784607, unnlabeled_loss: 0.015581740066409111, mixup_loss: 0.0, energy_loss: 0.0
2026-08-08 03:55:36,410 INFO Best AUROC test all: 0.7161656218813178, AUPR test all: 0.34539039878765193, AUROC test unknown: 0.0, AUPR test unknown: 0.0
2026-08-08 03:55:43,748 INFO Epoch: 364, loss: 0.11439504474401474, labeled_loss: 0.10626126080751419, unnlabeled_loss: 0.016267573460936546, mixup_loss: 0.0, energy_loss: 0.0
2026-08-08 03:55:43,748 INFO Best AUROC test all: 0.7168519870192944, AUPR test all: 0.3460765675026815, AUROC test unknown: 0.0, AUPR test unknown: 0.0
2026-08-08 03:55:51,296 INFO Epoch: 365, loss: 0.11725830286741257, labeled_loss: 0.1090926006436348, unnlabeled_loss: 0.01633140631020069, mixup_loss: 0.0, energy_loss: 0.0
2026-08-08 03:55:51,296 INFO Best AUROC test all: 0.7168519870192944, AUPR test all: 0.3460765675026815, AUROC test unknown: 0.0, AUPR test unknown: 0.0
2026-08-08 03:55:58,720 INFO Epoch: 366, loss: 0.11530930548906326, labeled_loss: 0.10667034238576889, unnlabeled_loss: 0.017277929931879044, mixup_loss: 0.0, energy_loss: 0.0
2026-08-08 03:55:58,721 INFO Best AUROC test all: 0.7168519870192944, AUPR test all: 0.3463257722754917, AUROC test unknown: 0.0, AUPR test unknown: 0.0
2026-08-08 03:56:06,136 INFO Epoch: 367, loss: 0.11549857258796692, labeled_loss: 0.10708525776863098, unnlabeled_loss: 0.016826625913381577, mixup_loss: 0.0, energy_loss: 0.0
2026-08-08 03:56:06,136 INFO Best AUROC test all: 0.7168519870192944, AUPR test all: 0.3463257722754917, AUROC test unknown: 0.0, AUPR test unknown: 0.0
2026-08-08 03:56:13,450 INFO Epoch: 368, loss: 0.1147008091211319, labeled_loss: 0.10691709071397781, unnlabeled_loss: 0.015567444264888763, mixup_loss: 0.0, energy_loss: 0.0
2026-08-08 03:56:13,450 INFO Best AUROC test all: 0.7168519870192944, AUPR test all: 0.3463714294873977, AUROC test unknown: 0.0, AUPR test unknown: 0.0
2026-08-08 03:56:20,937 INFO Epoch: 369, loss: 0.11581752449274063, labeled_loss: 0.10841983556747437, unnlabeled_loss: 0.014795372262597084, mixup_loss: 0.0, energy_loss: 0.0
2026-08-08 03:56:20,937 INFO Best AUROC test all: 0.7168519870192944, AUPR test all: 0.3474180314774352, AUROC test unknown: 0.0, AUPR test unknown: 0.0
2026-08-08 03:56:28,239 INFO Epoch: 370, loss: 0.113284632563591, labeled_loss: 0.10556668043136597, unnlabeled_loss: 0.015435909852385521, mixup_loss: 0.0, energy_loss: 0.0
2026-08-08 03:56:28,239 INFO Best AUROC test all: 0.7168519870192944, AUPR test all: 0.3474180314774352, AUROC test unknown: 0.0, AUPR test unknown: 0.0
2026-08-08 03:56:35,674 INFO Epoch: 371, loss: 0.11565984785556793, labeled_loss: 0.10712573677301407, unnlabeled_loss: 0.017068229615688324, mixup_loss: 0.0, energy_loss: 0.0
2026-08-08 03:56:35,674 INFO Best AUROC test all: 0.7168519870192944, AUPR test all: 0.3476772335564223, AUROC test unknown: 0.0, AUPR test unknown: 0.0
2026-08-08 03:56:43,214 INFO Epoch: 372, loss: 0.11395526677370071, labeled_loss: 0.10536501556634903, unnlabeled_loss: 0.01718049868941307, mixup_loss: 0.0, energy_loss: 0.0
2026-08-08 03:56:43,214 INFO Best AUROC test all: 0.7168519870192944, AUPR test all: 0.34925323434330485, AUROC test unknown: 0.0, AUPR test unknown: 0.0
2026-08-08 03:56:50,403 INFO Epoch: 373, loss: 0.11432503163814545, labeled_loss: 0.10616827011108398, unnlabeled_loss: 0.016313528642058372, mixup_loss: 0.0, energy_loss: 0.0
2026-08-08 03:56:50,403 INFO Best AUROC test all: 0.7168519870192944, AUPR test all: 0.35135811582671195, AUROC test unknown: 0.0, AUPR test unknown: 0.0
2026-08-08 03:56:57,842 INFO Epoch: 374, loss: 0.11555110663175583, labeled_loss: 0.10795741528272629, unnlabeled_loss: 0.015187379904091358, mixup_loss: 0.0, energy_loss: 0.0
2026-08-08 03:56:57,842 INFO Best AUROC test all: 0.7168519870192944, AUPR test all: 0.35292467877747985, AUROC test unknown: 0.0, AUPR test unknown: 0.0
2026-08-08 03:57:04,953 INFO Epoch: 375, loss: 0.11601881682872772, labeled_loss: 0.1082020252943039, unnlabeled_loss: 0.01563357748091221, mixup_loss: 0.0, energy_loss: 0.0
2026-08-08 03:57:04,953 INFO Best AUROC test all: 0.7168519870192944, AUPR test all: 0.35292467877747985, AUROC test unknown: 0.0, AUPR test unknown: 0.0
2026-08-08 03:57:11,970 INFO Epoch: 376, loss: 0.11406057327985764, labeled_loss: 0.10616428405046463, unnlabeled_loss: 0.015792574733495712, mixup_loss: 0.0, energy_loss: 0.0
2026-08-08 03:57:11,970 INFO Best AUROC test all: 0.7168519870192944, AUPR test all: 0.3544854648264448, AUROC test unknown: 0.0, AUPR test unknown: 0.0
2026-08-08 03:57:19,085 INFO Epoch: 377, loss: 0.11238770931959152, labeled_loss: 0.10419163852930069, unnlabeled_loss: 0.016392139717936516, mixup_loss: 0.0, energy_loss: 0.0
2026-08-08 03:57:19,086 INFO Best AUROC test all: 0.7168519870192944, AUPR test all: 0.3544854648264448, AUROC test unknown: 0.0, AUPR test unknown: 0.0
2026-08-08 03:57:26,216 INFO Epoch: 378, loss: 0.11247716844081879, labeled_loss: 0.10474435240030289, unnlabeled_loss: 0.015465624630451202, mixup_loss: 0.0, energy_loss: 0.0
2026-08-08 03:57:26,216 INFO Best AUROC test all: 0.7168519870192944, AUPR test all: 0.3555683013795985, AUROC test unknown: 0.0, AUPR test unknown: 0.0
2026-08-08 03:57:33,484 INFO Epoch: 379, loss: 0.11196384578943253, labeled_loss: 0.10460466891527176, unnlabeled_loss: 0.014718357473611832, mixup_loss: 0.0, energy_loss: 0.0
2026-08-08 03:57:33,484 INFO Best AUROC test all: 0.7168922724459661, AUPR test all: 0.3555683013795985, AUROC test unknown: 0.0, AUPR test unknown: 0.0
2026-08-08 03:57:40,992 INFO Epoch: 380, loss: 0.11330503225326538, labeled_loss: 0.1058177575469017, unnlabeled_loss: 0.014974548481404781, mixup_loss: 0.0, energy_loss: 0.0
2026-08-08 03:57:40,992 INFO Best AUROC test all: 0.7168922724459661, AUPR test all: 0.35623722919290723, AUROC test unknown: 0.0, AUPR test unknown: 0.0
2026-08-08 03:57:48,161 INFO Epoch: 381, loss: 0.11592212319374084, labeled_loss: 0.10758797079324722, unnlabeled_loss: 0.016668306663632393, mixup_loss: 0.0, energy_loss: 0.0
2026-08-08 03:57:48,161 INFO Best AUROC test all: 0.7174249843479057, AUPR test all: 0.35690255264544224, AUROC test unknown: 0.0, AUPR test unknown: 0.0
2026-08-08 03:57:55,392 INFO Epoch: 382, loss: 0.1123729944229126, labeled_loss: 0.1037624403834343, unnlabeled_loss: 0.01722111366689205, mixup_loss: 0.0, energy_loss: 0.0
2026-08-08 03:57:55,392 INFO Best AUROC test all: 0.7174249843479057, AUPR test all: 0.35690255264544224, AUROC test unknown: 0.0, AUPR test unknown: 0.0
2026-08-08 03:58:03,398 INFO Epoch: 383, loss: 0.1155330091714859, labeled_loss: 0.10748717933893204, unnlabeled_loss: 0.016091665253043175, mixup_loss: 0.0, energy_loss: 0.0
2026-08-08 03:58:03,398 INFO Best AUROC test all: 0.7176435705070754, AUPR test all: 0.35690255264544224, AUROC test unknown: 0.0, AUPR test unknown: 0.0
2026-08-08 03:58:11,110 INFO Epoch: 384, loss: 0.1125950738787651, labeled_loss: 0.10512176901102066, unnlabeled_loss: 0.014946610666811466, mixup_loss: 0.0, energy_loss: 0.0
2026-08-08 03:58:11,111 INFO Best AUROC test all: 0.7176435705070754, AUPR test all: 0.35690255264544224, AUROC test unknown: 0.0, AUPR test unknown: 0.0
2026-08-08 03:58:18,556 INFO Epoch: 385, loss: 0.11091139167547226, labeled_loss: 0.10321148484945297, unnlabeled_loss: 0.015399809926748276, mixup_loss: 0.0, energy_loss: 0.0
2026-08-08 03:58:18,556 INFO Best AUROC test all: 0.7176435705070754, AUPR test all: 0.35690255264544224, AUROC test unknown: 0.0, AUPR test unknown: 0.0
2026-08-08 03:58:25,957 INFO Epoch: 386, loss: 0.11332578957080841, labeled_loss: 0.10515182465314865, unnlabeled_loss: 0.016347937285900116, mixup_loss: 0.0, energy_loss: 0.0
2026-08-08 03:58:25,958 INFO Best AUROC test all: 0.7176435705070754, AUPR test all: 0.35690255264544224, AUROC test unknown: 0.0, AUPR test unknown: 0.0
2026-08-08 03:58:33,555 INFO Epoch: 387, loss: 0.11358559876680374, labeled_loss: 0.1054360643029213, unnlabeled_loss: 0.016299068927764893, mixup_loss: 0.0, energy_loss: 0.0
2026-08-08 03:58:33,555 INFO Best AUROC test all: 0.7176435705070754, AUPR test all: 0.35690255264544224, AUROC test unknown: 0.0, AUPR test unknown: 0.0
2026-08-08 03:58:41,383 INFO Epoch: 388, loss: 0.11319057643413544, labeled_loss: 0.10532252490520477, unnlabeled_loss: 0.015736104920506477, mixup_loss: 0.0, energy_loss: 0.0
2026-08-08 03:58:41,383 INFO Best AUROC test all: 0.7176435705070754, AUPR test all: 0.35690255264544224, AUROC test unknown: 0.0, AUPR test unknown: 0.0
2026-08-08 03:58:48,803 INFO Epoch: 389, loss: 0.11312755942344666, labeled_loss: 0.10558784008026123, unnlabeled_loss: 0.015079446136951447, mixup_loss: 0.0, energy_loss: 0.0
2026-08-08 03:58:48,803 INFO Best AUROC test all: 0.7176435705070754, AUPR test all: 0.35690255264544224, AUROC test unknown: 0.0, AUPR test unknown: 0.0
2026-08-08 03:58:55,677 INFO Epoch: 390, loss: 0.11290345340967178, labeled_loss: 0.10533532500267029, unnlabeled_loss: 0.015136257745325565, mixup_loss: 0.0, energy_loss: 0.0
2026-08-08 03:58:55,677 INFO Best AUROC test all: 0.7176435705070754, AUPR test all: 0.35690255264544224, AUROC test unknown: 0.0, AUPR test unknown: 0.0
2026-08-08 03:59:02,859 INFO Epoch: 391, loss: 0.11062119901180267, labeled_loss: 0.10234418511390686, unnlabeled_loss: 0.016554029658436775, mixup_loss: 0.0, energy_loss: 0.0
2026-08-08 03:59:02,859 INFO Best AUROC test all: 0.7176435705070754, AUPR test all: 0.35690255264544224, AUROC test unknown: 0.0, AUPR test unknown: 0.0
2026-08-08 03:59:10,238 INFO Epoch: 392, loss: 0.11135046929121017, labeled_loss: 0.10341408848762512, unnlabeled_loss: 0.015872756019234657, mixup_loss: 0.0, energy_loss: 0.0
2026-08-08 03:59:10,239 INFO Best AUROC test all: 0.7176435705070754, AUPR test all: 0.35690255264544224, AUROC test unknown: 0.0, AUPR test unknown: 0.0
2026-08-08 03:59:19,441 INFO Epoch: 393, loss: 0.11126961559057236, labeled_loss: 0.10371009260416031, unnlabeled_loss: 0.015119052492082119, mixup_loss: 0.0, energy_loss: 0.0
2026-08-08 03:59:19,441 INFO Best AUROC test all: 0.7176435705070754, AUPR test all: 0.35690255264544224, AUROC test unknown: 0.0, AUPR test unknown: 0.0
2026-08-08 03:59:28,792 INFO Epoch: 394, loss: 0.11049025505781174, labeled_loss: 0.10290943086147308, unnlabeled_loss: 0.015161645598709583, mixup_loss: 0.0, energy_loss: 0.0
2026-08-08 03:59:28,793 INFO Best AUROC test all: 0.7176435705070754, AUPR test all: 0.35690255264544224, AUROC test unknown: 0.0, AUPR test unknown: 0.0
2026-08-08 03:59:38,957 INFO Epoch: 395, loss: 0.11248387396335602, labeled_loss: 0.1044192984700203, unnlabeled_loss: 0.01612914353609085, mixup_loss: 0.0, energy_loss: 0.0
2026-08-08 03:59:38,958 INFO Best AUROC test all: 0.7176435705070754, AUPR test all: 0.35690255264544224, AUROC test unknown: 0.0, AUPR test unknown: 0.0
2026-08-08 03:59:48,306 INFO Epoch: 396, loss: 0.11107984185218811, labeled_loss: 0.10245826840400696, unnlabeled_loss: 0.017243150621652603, mixup_loss: 0.0, energy_loss: 0.0
2026-08-08 03:59:48,306 INFO Best AUROC test all: 0.7176435705070754, AUPR test all: 0.35690255264544224, AUROC test unknown: 0.0, AUPR test unknown: 0.0
2026-08-08 03:59:58,259 INFO Epoch: 397, loss: 0.10873299837112427, labeled_loss: 0.10101093351840973, unnlabeled_loss: 0.01544412411749363, mixup_loss: 0.0, energy_loss: 0.0
2026-08-08 03:59:58,259 INFO Best AUROC test all: 0.7176435705070754, AUPR test all: 0.35690255264544224, AUROC test unknown: 0.0, AUPR test unknown: 0.0
2026-08-08 04:00:08,229 INFO Epoch: 398, loss: 0.10957172513008118, labeled_loss: 0.10299117118120193, unnlabeled_loss: 0.013161114417016506, mixup_loss: 0.0, energy_loss: 0.0
2026-08-08 04:00:08,229 INFO Best AUROC test all: 0.7176435705070754, AUPR test all: 0.35690255264544224, AUROC test unknown: 0.0, AUPR test unknown: 0.0
2026-08-08 04:00:17,891 INFO Epoch: 399, loss: 0.11026538163423538, labeled_loss: 0.10314054787158966, unnlabeled_loss: 0.014249663800001144, mixup_loss: 0.0, energy_loss: 0.0
2026-08-08 04:00:17,891 INFO Best AUROC test all: 0.7176435705070754, AUPR test all: 0.3569346666878187, AUROC test unknown: 0.0, AUPR test unknown: 0.0
2026-08-08 04:00:17,915 INFO AGG best={'auroc_all': 0.7176435705070754, 'aupr_all': 0.3569346666878187, 'auroc_unknown': 0.0, 'aupr_unknown': 0.0} val_selected={'auroc_all': 0.7173817306294141, 'aupr_all': 0.35503362390521304, 'auroc_unknown': nan, 'aupr_unknown': 0.0}
