# gpu=3 cmd=/usr/bin/python3 -u main.py --dataset cs --seed 3 --method demo --tag E400_demo --rotations 9 --set num_epochs=400 mixup=true energy_loss=false
/nas/home/jahin/.local/lib/python3.10/site-packages/requests/__init__.py:113: RequestsDependencyWarning: urllib3 (1.26.5) or chardet (7.2.0)/charset_normalizer (3.4.4) doesn't match a supported version!
  warnings.warn(
[0.03861888 0.02520046 0.11182021 0.02340043 0.07603775 0.11962036
 0.02023673 0.05040092 0.0422735  0.00643648 0.07876507 0.11089293
 0.02290951 0.2256041  0.04778269]
[cs] anomaly classes (rotations): [np.int64(0), np.int64(1), np.int64(3), np.int64(6), np.int64(8), np.int64(9), np.int64(12), np.int64(14)]
[cs] running subset: [np.int64(9)]
==================================================================
DEMO variant: FULL published method (mixup ON)
==================================================================
[cs] DEMO mixup ON, PPR (18333, 18333) from data/cs/ppr_matrix.npy
Normal classes: [np.int64(2), np.int64(4), np.int64(5), np.int64(7), np.int64(10), np.int64(11), np.int64(13)] in cs
using binary cross entropy loss...
Building multi-layer GraphSage
building the dataloader ...
pseudo_counter: Counter({-1: 18333})
AUROC test all: 0.7037516828748539, AUPR test all: 0.4074146653840157, AUROC test unknown: 0.7013216686561247, AUPR test unknown: 0.3926088656558816
Epoch: 0, Best AUROC test all: 0.7037516828748539, AUPR test all: 0.4074146653840157, AUROC test unknown: 0.7013216686561247, AUPR test unknown: 0.3926088656558816
pseudo_counter: Counter({-1: 18333})
AUROC test all: 0.7134397617044608, AUPR test all: 0.41649513641320846, AUROC test unknown: 0.7110646548302043, AUPR test unknown: 0.40191208055188204
Epoch: 1, Best AUROC test all: 0.7134397617044608, AUPR test all: 0.41649513641320846, AUROC test unknown: 0.7110646548302043, AUPR test unknown: 0.40191208055188204
pseudo_counter: Counter({-1: 18333})
AUROC test all: 0.7229532493110965, AUPR test all: 0.42557947988390793, AUROC test unknown: 0.7204763556287268, AUPR test unknown: 0.4103372549238199
Epoch: 2, Best AUROC test all: 0.7229532493110965, AUPR test all: 0.42557947988390793, AUROC test unknown: 0.7204763556287268, AUPR test unknown: 0.4103372549238199
pseudo_counter: Counter({-1: 18333})
AUROC test all: 0.7264754586595784, AUPR test all: 0.4335084938925444, AUROC test unknown: 0.7240677520703594, AUPR test unknown: 0.4188793219352827
Epoch: 3, Best AUROC test all: 0.7264754586595784, AUPR test all: 0.4335084938925444, AUROC test unknown: 0.7240677520703594, AUPR test unknown: 0.4188793219352827
pseudo_counter: Counter({-1: 18333})
AUROC test all: 0.7284879631039318, AUPR test all: 0.4344272948716845, AUROC test unknown: 0.7261182541241209, AUPR test unknown: 0.42043252182106705
Epoch: 4, Best AUROC test all: 0.7284879631039318, AUPR test all: 0.4344272948716845, AUROC test unknown: 0.7261182541241209, AUPR test unknown: 0.42043252182106705
pseudo_counter: Counter({-1: 18333})
AUROC test all: 0.7306202040653933, AUPR test all: 0.43744999041501426, AUROC test unknown: 0.7283321842298429, AUPR test unknown: 0.42344379909830754
Epoch: 5, Best AUROC test all: 0.7306202040653933, AUPR test all: 0.43744999041501426, AUROC test unknown: 0.7283321842298429, AUPR test unknown: 0.42344379909830754
pseudo_counter: Counter({-1: 18333})
max_probs: 0.08796283602714539， num of >0.5: 0
AUROC test all: 0.7344238623030054, AUPR test all: 0.44297922623610514, AUROC test unknown: 0.7322510960590162, AUPR test unknown: 0.4293323231102461
Epoch: 6, Best AUROC test all: 0.7344238623030054, AUPR test all: 0.44297922623610514, AUROC test unknown: 0.7322510960590162, AUPR test unknown: 0.4293323231102461
pseudo_counter: Counter({-1: 12186, 0: 6147})
max_probs: 0.06773446500301361， num of >0.5: 0
AUROC test all: 0.7363079830017566, AUPR test all: 0.4441745620605688, AUROC test unknown: 0.7340314218286949, AUPR test unknown: 0.430345308428886
Epoch: 7, Best AUROC test all: 0.7363079830017566, AUPR test all: 0.4441745620605688, AUROC test unknown: 0.7340314218286949, AUPR test unknown: 0.430345308428886
pseudo_counter: Counter({-1: 11864, 0: 6469})
max_probs: 0.056930914521217346， num of >0.5: 0
AUROC test all: 0.7401310147108674, AUPR test all: 0.4461039238613561, AUROC test unknown: 0.7379777078565715, AUPR test unknown: 0.4327995612558865
Epoch: 8, Best AUROC test all: 0.7401310147108674, AUPR test all: 0.4461039238613561, AUROC test unknown: 0.7379777078565715, AUPR test unknown: 0.4327995612558865
pseudo_counter: Counter({-1: 11655, 0: 6678})
max_probs: 0.049210913479328156， num of >0.5: 0
AUROC test all: 0.7446598074519791, AUPR test all: 0.4567475611712024, AUROC test unknown: 0.742461189319791, AUPR test unknown: 0.44342117176195806
Epoch: 9, Best AUROC test all: 0.7446598074519791, AUPR test all: 0.4567475611712024, AUROC test unknown: 0.742461189319791, AUPR test unknown: 0.44342117176195806
pseudo_counter: Counter({-1: 11490, 0: 6843})
max_probs: 0.047645263373851776， num of >0.5: 0
AUROC test all: 0.7498931561326099, AUPR test all: 0.4658037677359824, AUROC test unknown: 0.7477458489506945, AUPR test unknown: 0.45306299681710693
Epoch: 10, Best AUROC test all: 0.7498931561326099, AUPR test all: 0.4658037677359824, AUROC test unknown: 0.7477458489506945, AUPR test unknown: 0.45306299681710693
pseudo_counter: Counter({-1: 11364, 0: 6969})
max_probs: 0.04882108420133591， num of >0.5: 0
AUROC test all: 0.7514247274858138, AUPR test all: 0.4689072975176617, AUROC test unknown: 0.7491924843524604, AUPR test unknown: 0.456366810808357
Epoch: 11, Best AUROC test all: 0.7514247274858138, AUPR test all: 0.4689072975176617, AUROC test unknown: 0.7491924843524604, AUPR test unknown: 0.456366810808357
pseudo_counter: Counter({-1: 11269, 0: 7064})
max_probs: 0.05258335918188095， num of >0.5: 0
AUROC test all: 0.7536601832384515, AUPR test all: 0.47392002934896194, AUROC test unknown: 0.7516085452442669, AUPR test unknown: 0.46163458047098427
Epoch: 12, Best AUROC test all: 0.7536601832384515, AUPR test all: 0.47392002934896194, AUROC test unknown: 0.7516085452442669, AUPR test unknown: 0.46163458047098427
pseudo_counter: Counter({-1: 11192, 0: 7141})
max_probs: 0.06099311262369156， num of >0.5: 0
AUROC test all: 0.7613689206648983, AUPR test all: 0.48535730914249686, AUROC test unknown: 0.7591976889787743, AUPR test unknown: 0.47312450335687484
Epoch: 13, Best AUROC test all: 0.7613689206648983, AUPR test all: 0.48535730914249686, AUROC test unknown: 0.7591976889787743, AUPR test unknown: 0.47312450335687484
pseudo_counter: Counter({-1: 11116, 0: 7217})
max_probs: 0.07028038054704666， num of >0.5: 0
AUROC test all: 0.7647199884826276, AUPR test all: 0.49100405415908227, AUROC test unknown: 0.7626105959877485, AUPR test unknown: 0.4790544575419421
Epoch: 14, Best AUROC test all: 0.7647199884826276, AUPR test all: 0.49100405415908227, AUROC test unknown: 0.7626105959877485, AUPR test unknown: 0.4790544575419421
pseudo_counter: Counter({-1: 11049, 0: 7284})
max_probs: 0.0825423151254654， num of >0.5: 0
AUROC test all: 0.7692401983894998, AUPR test all: 0.4943760758315968, AUROC test unknown: 0.7673021046468816, AUPR test unknown: 0.48226841355983263
Epoch: 15, Best AUROC test all: 0.7692401983894998, AUPR test all: 0.4943760758315968, AUROC test unknown: 0.7673021046468816, AUPR test unknown: 0.48226841355983263
pseudo_counter: Counter({-1: 10983, 0: 7350})
max_probs: 0.09738689661026001， num of >0.5: 0
AUROC test all: 0.7727083073648169, AUPR test all: 0.5016149986589125, AUROC test unknown: 0.770786093572774, AUPR test unknown: 0.4896216575701898
Epoch: 16, Best AUROC test all: 0.7727083073648169, AUPR test all: 0.5016149986589125, AUROC test unknown: 0.770786093572774, AUPR test unknown: 0.4896216575701898
pseudo_counter: Counter({-1: 10931, 0: 7402})
max_probs: 0.1155681312084198， num of >0.5: 0
AUROC test all: 0.7784436460578986, AUPR test all: 0.5125638674883617, AUROC test unknown: 0.7765472295463061, AUPR test unknown: 0.5013549767375541
Epoch: 17, Best AUROC test all: 0.7784436460578986, AUPR test all: 0.5125638674883617, AUROC test unknown: 0.7765472295463061, AUPR test unknown: 0.5013549767375541
pseudo_counter: Counter({-1: 10874, 0: 7459})
max_probs: 0.14005078375339508， num of >0.5: 0
AUROC test all: 0.7803584828161632, AUPR test all: 0.520874957454786, AUROC test unknown: 0.778532443950446, AUPR test unknown: 0.5101040831850109
Epoch: 18, Best AUROC test all: 0.7803584828161632, AUPR test all: 0.520874957454786, AUROC test unknown: 0.778532443950446, AUPR test unknown: 0.5101040831850109
pseudo_counter: Counter({-1: 10824, 0: 7509})
max_probs: 0.16822673380374908， num of >0.5: 0
AUROC test all: 0.7875889917101597, AUPR test all: 0.5326038261475753, AUROC test unknown: 0.785801640130501, AUPR test unknown: 0.5220448214642917
Epoch: 19, Best AUROC test all: 0.7875889917101597, AUPR test all: 0.5326038261475753, AUROC test unknown: 0.785801640130501, AUPR test unknown: 0.5220448214642917
pseudo_counter: Counter({-1: 10748, 0: 7585})
max_probs: 0.19142769277095795， num of >0.5: 0
AUROC test all: 0.787743813896924, AUPR test all: 0.53684917866617, AUROC test unknown: 0.7859727010153432, AUPR test unknown: 0.5262128803282131
Epoch: 20, Best AUROC test all: 0.787743813896924, AUPR test all: 0.53684917866617, AUROC test unknown: 0.7859727010153432, AUPR test unknown: 0.5262128803282131
pseudo_counter: Counter({-1: 10619, 0: 7714})
max_probs: 0.2347632199525833， num of >0.5: 0
AUROC test all: 0.7908699065869343, AUPR test all: 0.5437003792811703, AUROC test unknown: 0.7889700736308374, AUPR test unknown: 0.5332411175221442
Epoch: 21, Best AUROC test all: 0.7908699065869343, AUPR test all: 0.5437003792811703, AUROC test unknown: 0.7889700736308374, AUPR test unknown: 0.5332411175221442
pseudo_counter: Counter({-1: 10397, 0: 7936})
max_probs: 0.26322680711746216， num of >0.5: 0
AUROC test all: 0.7945309775461834, AUPR test all: 0.5500587092777125, AUROC test unknown: 0.7928197142516226, AUPR test unknown: 0.5400915098511374
Epoch: 22, Best AUROC test all: 0.7945309775461834, AUPR test all: 0.5500587092777125, AUROC test unknown: 0.7928197142516226, AUPR test unknown: 0.5400915098511374
pseudo_counter: Counter({-1: 10123, 0: 8210})
max_probs: 0.30167239904403687， num of >0.5: 0
AUROC test all: 0.7972511932485384, AUPR test all: 0.5567609072027149, AUROC test unknown: 0.7954073560266184, AUPR test unknown: 0.5469521807721585
Epoch: 23, Best AUROC test all: 0.7972511932485384, AUPR test all: 0.5567609072027149, AUROC test unknown: 0.7954073560266184, AUPR test unknown: 0.5469521807721585
pseudo_counter: Counter({-1: 9814, 0: 8519})
max_probs: 0.32387325167655945， num of >0.5: 0
AUROC test all: 0.7993653486235959, AUPR test all: 0.5613877742712476, AUROC test unknown: 0.797641417496923, AUPR test unknown: 0.5517049877883535
Epoch: 24, Best AUROC test all: 0.7993653486235959, AUPR test all: 0.5613877742712476, AUROC test unknown: 0.797641417496923, AUPR test unknown: 0.5517049877883535
pseudo_counter: Counter({-1: 9515, 0: 8818})
max_probs: 0.3719591796398163， num of >0.5: 0
AUROC test all: 0.8019663245645223, AUPR test all: 0.5713367404853102, AUROC test unknown: 0.8003098633007917, AUPR test unknown: 0.5620850221006766
Epoch: 25, Best AUROC test all: 0.8019663245645223, AUPR test all: 0.5713367404853102, AUROC test unknown: 0.8003098633007917, AUPR test unknown: 0.5620850221006766
pseudo_counter: Counter({-1: 9280, 0: 9053})
max_probs: 0.393057644367218， num of >0.5: 0
AUROC test all: 0.8020298724947761, AUPR test all: 0.572430926895277, AUROC test unknown: 0.80035120316939, AUPR test unknown: 0.5633560525553762
Epoch: 26, Best AUROC test all: 0.8020298724947761, AUPR test all: 0.572430926895277, AUROC test unknown: 0.80035120316939, AUPR test unknown: 0.5633560525553762
pseudo_counter: Counter({0: 9241, -1: 9092})
max_probs: 0.43881770968437195， num of >0.5: 0
AUROC test all: 0.8016519978087555, AUPR test all: 0.576094508113697, AUROC test unknown: 0.7999054995860907, AUPR test unknown: 0.5671339451711062
Epoch: 27, Best AUROC test all: 0.8020298724947761, AUPR test all: 0.576094508113697, AUROC test unknown: 0.80035120316939, AUPR test unknown: 0.5671339451711062
pseudo_counter: Counter({0: 9372, -1: 8961})
max_probs: 0.4575996994972229， num of >0.5: 0
AUROC test all: 0.8013383609914323, AUPR test all: 0.5763031846739433, AUROC test unknown: 0.7994783023725388, AUPR test unknown: 0.5671121902426857
Epoch: 28, Best AUROC test all: 0.8020298724947761, AUPR test all: 0.5763031846739433, AUROC test unknown: 0.80035120316939, AUPR test unknown: 0.5671339451711062
pseudo_counter: Counter({0: 9451, -1: 8882})
max_probs: 0.4991390109062195， num of >0.5: 0
AUROC test all: 0.8055841501821207, AUPR test all: 0.5861053679130253, AUROC test unknown: 0.8039549495717674, AUPR test unknown: 0.577476114167853
Epoch: 29, Best AUROC test all: 0.8055841501821207, AUPR test all: 0.5861053679130253, AUROC test unknown: 0.8039549495717674, AUPR test unknown: 0.577476114167853
pseudo_counter: Counter({0: 9492, -1: 8841})
max_probs: 0.5182735919952393， num of >0.5: 4
AUROC test all: 0.8063296976643742, AUPR test all: 0.5895791216951711, AUROC test unknown: 0.8045476455449838, AUPR test unknown: 0.581001719228022
Epoch: 30, Best AUROC test all: 0.8063296976643742, AUPR test all: 0.5895791216951711, AUROC test unknown: 0.8045476455449838, AUPR test unknown: 0.581001719228022
pseudo_counter: Counter({0: 9508, -1: 8824, 1: 1})
max_probs: 0.550781786441803， num of >0.5: 13
AUROC test all: 0.8082566313433515, AUPR test all: 0.5940108847989976, AUROC test unknown: 0.8065064978900602, AUPR test unknown: 0.585503058220773
Epoch: 31, Best AUROC test all: 0.8082566313433515, AUPR test all: 0.5940108847989976, AUROC test unknown: 0.8065064978900602, AUPR test unknown: 0.585503058220773
pseudo_counter: Counter({0: 9533, -1: 8798, 1: 2})
max_probs: 0.5838077664375305， num of >0.5: 16
AUROC test all: 0.8083620539375477, AUPR test all: 0.5957809813597623, AUROC test unknown: 0.8067320657445052, AUPR test unknown: 0.5874726523969543
Epoch: 32, Best AUROC test all: 0.8083620539375477, AUPR test all: 0.5957809813597623, AUROC test unknown: 0.8067320657445052, AUPR test unknown: 0.5874726523969543
pseudo_counter: Counter({0: 9553, -1: 8777, 1: 3})
max_probs: 0.6350502967834473， num of >0.5: 18
AUROC test all: 0.8079316427388349, AUPR test all: 0.5986989328326546, AUROC test unknown: 0.8061280319501842, AUPR test unknown: 0.5902399003232216
Epoch: 33, Best AUROC test all: 0.8083620539375477, AUPR test all: 0.5986989328326546, AUROC test unknown: 0.8067320657445052, AUPR test unknown: 0.5902399003232216
pseudo_counter: Counter({0: 9571, -1: 8759, 1: 3})
max_probs: 0.6711088418960571， num of >0.5: 27
AUROC test all: 0.8107548064561679, AUPR test all: 0.6015070553349692, AUROC test unknown: 0.8091721487028131, AUPR test unknown: 0.5933966405919264
Epoch: 34, Best AUROC test all: 0.8107548064561679, AUPR test all: 0.6015070553349692, AUROC test unknown: 0.8091721487028131, AUPR test unknown: 0.5933966405919264
pseudo_counter: Counter({0: 9594, -1: 8735, 1: 4})
max_probs: 0.6730889678001404， num of >0.5: 27
AUROC test all: 0.8123003697610098, AUPR test all: 0.6064508914719232, AUROC test unknown: 0.8106904231625836, AUPR test unknown: 0.5984958113980741
Epoch: 35, Best AUROC test all: 0.8123003697610098, AUPR test all: 0.6064508914719232, AUROC test unknown: 0.8106904231625836, AUPR test unknown: 0.5984958113980741
pseudo_counter: Counter({0: 9616, -1: 8711, 1: 6})
max_probs: 0.6964412331581116， num of >0.5: 32
AUROC test all: 0.8159906205168375, AUPR test all: 0.6142660086270825, AUROC test unknown: 0.8143722343168267, AUPR test unknown: 0.6065331754538273
Epoch: 36, Best AUROC test all: 0.8159906205168375, AUPR test all: 0.6142660086270825, AUROC test unknown: 0.8143722343168267, AUPR test unknown: 0.6065331754538273
pseudo_counter: Counter({0: 9631, -1: 8695, 1: 7})
max_probs: 0.7489206790924072， num of >0.5: 32
AUROC test all: 0.8174397120288928, AUPR test all: 0.6243638021464943, AUROC test unknown: 0.8158213582821112, AUPR test unknown: 0.6169750007377325
Epoch: 37, Best AUROC test all: 0.8174397120288928, AUPR test all: 0.6243638021464943, AUROC test unknown: 0.8158213582821112, AUPR test unknown: 0.6169750007377325
pseudo_counter: Counter({0: 9650, -1: 8675, 1: 8})
max_probs: 0.7916985750198364， num of >0.5: 38
AUROC test all: 0.8191724878306357, AUPR test all: 0.6247831671864457, AUROC test unknown: 0.8175664355924012, AUPR test unknown: 0.6172899799940951
Epoch: 38, Best AUROC test all: 0.8191724878306357, AUPR test all: 0.6247831671864457, AUROC test unknown: 0.8175664355924012, AUPR test unknown: 0.6172899799940951
pseudo_counter: Counter({0: 9668, -1: 8657, 1: 8})
max_probs: 0.8166448473930359， num of >0.5: 36
AUROC test all: 0.8210212376851737, AUPR test all: 0.6327303769120229, AUROC test unknown: 0.8193383763887323, AUPR test unknown: 0.6252831258272958
Epoch: 39, Best AUROC test all: 0.8210212376851737, AUPR test all: 0.6327303769120229, AUROC test unknown: 0.8193383763887323, AUPR test unknown: 0.6252831258272958
pseudo_counter: Counter({0: 9681, -1: 8643, 1: 9})
max_probs: 0.8449611663818359， num of >0.5: 41
AUROC test all: 0.8219146895713965, AUPR test all: 0.637899011837614, AUROC test unknown: 0.820323931113219, AUPR test unknown: 0.6307926366831429
Epoch: 40, Best AUROC test all: 0.8219146895713965, AUPR test all: 0.637899011837614, AUROC test unknown: 0.820323931113219, AUPR test unknown: 0.6307926366831429
pseudo_counter: Counter({0: 9693, -1: 8629, 1: 11})
max_probs: 0.8698840141296387， num of >0.5: 44
AUROC test all: 0.822269649101907, AUPR test all: 0.6411643626660546, AUROC test unknown: 0.8206744657133054, AUPR test unknown: 0.6342947591826897
Epoch: 41, Best AUROC test all: 0.822269649101907, AUPR test all: 0.6411643626660546, AUROC test unknown: 0.8206744657133054, AUPR test unknown: 0.6342947591826897
pseudo_counter: Counter({0: 9709, -1: 8612, 1: 12})
max_probs: 0.903099536895752， num of >0.5: 47
AUROC test all: 0.823929374221232, AUPR test all: 0.641608135343928, AUROC test unknown: 0.8223542368026044, AUPR test unknown: 0.6346617575638058
Epoch: 42, Best AUROC test all: 0.823929374221232, AUPR test all: 0.641608135343928, AUROC test unknown: 0.8223542368026044, AUPR test unknown: 0.6346617575638058
pseudo_counter: Counter({0: 9722, -1: 8599, 1: 12})
max_probs: 0.9347764253616333， num of >0.5: 51
AUROC test all: 0.8276020637438729, AUPR test all: 0.6480405673317046, AUROC test unknown: 0.8260432257911752, AUPR test unknown: 0.641227052519604
Epoch: 43, Best AUROC test all: 0.8276020637438729, AUPR test all: 0.6480405673317046, AUROC test unknown: 0.8260432257911752, AUPR test unknown: 0.641227052519604
pseudo_counter: Counter({0: 9739, -1: 8582, 1: 12})
max_probs: 0.9481850266456604， num of >0.5: 56
AUROC test all: 0.8284476339021035, AUPR test all: 0.6532511655744224, AUROC test unknown: 0.8269335558183404, AUPR test unknown: 0.6466018947334691
Epoch: 44, Best AUROC test all: 0.8284476339021035, AUPR test all: 0.6532511655744224, AUROC test unknown: 0.8269335558183404, AUPR test unknown: 0.6466018947334691
pseudo_counter: Counter({0: 9750, -1: 8571, 1: 12})
max_probs: 0.9616655707359314， num of >0.5: 67
AUROC test all: 0.8286581571192219, AUPR test all: 0.6560564632449587, AUROC test unknown: 0.8271460215715744, AUPR test unknown: 0.6496351156762694
Epoch: 45, Best AUROC test all: 0.8286581571192219, AUPR test all: 0.6560564632449587, AUROC test unknown: 0.8271460215715744, AUPR test unknown: 0.6496351156762694
pseudo_counter: Counter({0: 9770, -1: 8550, 1: 13})
max_probs: 0.9747799038887024， num of >0.5: 80
AUROC test all: 0.8270679961933796, AUPR test all: 0.6536507208984198, AUROC test unknown: 0.8254420891305023, AUPR test unknown: 0.6466463436145469
Epoch: 46, Best AUROC test all: 0.8286581571192219, AUPR test all: 0.6560564632449587, AUROC test unknown: 0.8271460215715744, AUPR test unknown: 0.6496351156762694
pseudo_counter: Counter({0: 9782, -1: 8538, 1: 13})
max_probs: 0.9629507660865784， num of >0.5: 83
AUROC test all: 0.8278592727956813, AUPR test all: 0.654625074593751, AUROC test unknown: 0.8262968735563662, AUPR test unknown: 0.6481581186227933
Epoch: 47, Best AUROC test all: 0.8286581571192219, AUPR test all: 0.6560564632449587, AUROC test unknown: 0.8271460215715744, AUPR test unknown: 0.6496351156762694
pseudo_counter: Counter({0: 9796, -1: 8522, 1: 15})
max_probs: 0.9894202947616577， num of >0.5: 79
AUROC test all: 0.8276003067006362, AUPR test all: 0.6539555983672696, AUROC test unknown: 0.8260027680626301, AUPR test unknown: 0.6474231570936289
Epoch: 48, Best AUROC test all: 0.8286581571192219, AUPR test all: 0.6560564632449587, AUROC test unknown: 0.8271460215715744, AUPR test unknown: 0.6496351156762694
pseudo_counter: Counter({0: 9818, -1: 8500, 1: 15})
max_probs: 0.9956886172294617， num of >0.5: 85
AUROC test all: 0.827457011085471, AUPR test all: 0.6544498073279017, AUROC test unknown: 0.8258344835975342, AUPR test unknown: 0.6478641481549557
Epoch: 49, Best AUROC test all: 0.8286581571192219, AUPR test all: 0.6560564632449587, AUROC test unknown: 0.8271460215715744, AUPR test unknown: 0.6496351156762694
pseudo_counter: Counter({0: 9839, -1: 8477, 1: 17})
max_probs: 0.9929196238517761， num of >0.5: 91
AUROC test all: 0.8274043365850899, AUPR test all: 0.6521384509176587, AUROC test unknown: 0.8259488646625374, AUPR test unknown: 0.6454323420640655
Epoch: 50, Best AUROC test all: 0.8286581571192219, AUPR test all: 0.6560564632449587, AUROC test unknown: 0.8271460215715744, AUPR test unknown: 0.6496351156762694
pseudo_counter: Counter({0: 9853, -1: 8463, 1: 17})
max_probs: 0.9975647926330566， num of >0.5: 87
AUROC test all: 0.8291459619972705, AUPR test all: 0.6551997778952554, AUROC test unknown: 0.8275393538927679, AUPR test unknown: 0.6483409315596877
Epoch: 51, Best AUROC test all: 0.8291459619972705, AUPR test all: 0.6560564632449587, AUROC test unknown: 0.8275393538927679, AUPR test unknown: 0.6496351156762694
pseudo_counter: Counter({0: 9868, -1: 8447, 1: 18})
max_probs: 0.9990999698638916， num of >0.5: 79
AUROC test all: 0.8306369649699853, AUPR test all: 0.6556209954405008, AUROC test unknown: 0.8290674061786019, AUPR test unknown: 0.6487056448755039
Epoch: 52, Best AUROC test all: 0.8306369649699853, AUPR test all: 0.6560564632449587, AUROC test unknown: 0.8290674061786019, AUPR test unknown: 0.6496351156762694
pseudo_counter: Counter({0: 9885, -1: 8429, 1: 19})
max_probs: 0.9987940788269043， num of >0.5: 100
AUROC test all: 0.8313779036634352, AUPR test all: 0.6590308079560429, AUROC test unknown: 0.8298038909804895, AUPR test unknown: 0.6524602503970229
Epoch: 53, Best AUROC test all: 0.8313779036634352, AUPR test all: 0.6590308079560429, AUROC test unknown: 0.8298038909804895, AUPR test unknown: 0.6524602503970229
pseudo_counter: Counter({0: 9898, -1: 8416, 1: 19})
max_probs: 0.9989989399909973， num of >0.5: 91
AUROC test all: 0.8312898399204823, AUPR test all: 0.6609101206402198, AUROC test unknown: 0.8297033734428486, AUPR test unknown: 0.6542178120929947
Epoch: 54, Best AUROC test all: 0.8313779036634352, AUPR test all: 0.6609101206402198, AUROC test unknown: 0.8298038909804895, AUPR test unknown: 0.6542178120929947
pseudo_counter: Counter({0: 9910, -1: 8404, 1: 19})
max_probs: 0.999841570854187， num of >0.5: 102
AUROC test all: 0.8339232061715454, AUPR test all: 0.6668819268401656, AUROC test unknown: 0.8323780313698288, AUPR test unknown: 0.660560172600374
Epoch: 55, Best AUROC test all: 0.8339232061715454, AUPR test all: 0.6668819268401656, AUROC test unknown: 0.8323780313698288, AUPR test unknown: 0.660560172600374
pseudo_counter: Counter({0: 9924, -1: 8390, 1: 19})
max_probs: 0.9993744492530823， num of >0.5: 112
AUROC test all: 0.8378092154617964, AUPR test all: 0.6687779487362794, AUROC test unknown: 0.8362844632386705, AUPR test unknown: 0.6619557664906267
Epoch: 56, Best AUROC test all: 0.8378092154617964, AUPR test all: 0.6687779487362794, AUROC test unknown: 0.8362844632386705, AUPR test unknown: 0.6619557664906267
pseudo_counter: Counter({0: 9935, -1: 8378, 1: 20})
max_probs: 0.9999059438705444， num of >0.5: 106
AUROC test all: 0.8397731758372519, AUPR test all: 0.6722906623775634, AUROC test unknown: 0.8384105971948875, AUPR test unknown: 0.6660020356780201
Epoch: 57, Best AUROC test all: 0.8397731758372519, AUPR test all: 0.6722906623775634, AUROC test unknown: 0.8384105971948875, AUPR test unknown: 0.6660020356780201
pseudo_counter: Counter({0: 9951, -1: 8361, 1: 21})
max_probs: 0.9999638795852661， num of >0.5: 116
AUROC test all: 0.8416501947696226, AUPR test all: 0.6809160286590837, AUROC test unknown: 0.8401711815987442, AUPR test unknown: 0.6748406099382076
Epoch: 58, Best AUROC test all: 0.8416501947696226, AUPR test all: 0.6809160286590837, AUROC test unknown: 0.8401711815987442, AUPR test unknown: 0.6748406099382076
pseudo_counter: Counter({0: 9959, -1: 8353, 1: 21})
max_probs: 0.9999288320541382， num of >0.5: 114
AUROC test all: 0.8438537201710863, AUPR test all: 0.6852955667696904, AUROC test unknown: 0.8423991052314155, AUPR test unknown: 0.6789500706978957
Epoch: 59, Best AUROC test all: 0.8438537201710863, AUPR test all: 0.6852955667696904, AUROC test unknown: 0.8423991052314155, AUPR test unknown: 0.6789500706978957
pseudo_counter: Counter({0: 9974, -1: 8338, 1: 21})
max_probs: 0.9999372959136963， num of >0.5: 130
AUROC test all: 0.8531803080529156, AUPR test all: 0.700122348491786, AUROC test unknown: 0.8518068038998018, AUPR test unknown: 0.6942185422931619
Epoch: 60, Best AUROC test all: 0.8531803080529156, AUPR test all: 0.700122348491786, AUROC test unknown: 0.8518068038998018, AUPR test unknown: 0.6942185422931619
pseudo_counter: Counter({0: 9993, -1: 8318, 1: 22})
max_probs: 0.9998900890350342， num of >0.5: 149
AUROC test all: 0.8583286747156418, AUPR test all: 0.7083857288161606, AUROC test unknown: 0.8569965081182422, AUPR test unknown: 0.7025373201904184
Epoch: 61, Best AUROC test all: 0.8583286747156418, AUPR test all: 0.7083857288161606, AUROC test unknown: 0.8569965081182422, AUPR test unknown: 0.7025373201904184
pseudo_counter: Counter({0: 10004, -1: 8304, 1: 25})
max_probs: 0.9999980926513672， num of >0.5: 148
AUROC test all: 0.8634980615029528, AUPR test all: 0.7226302455475292, AUROC test unknown: 0.8622218972232553, AUPR test unknown: 0.7170080239125777
Epoch: 62, Best AUROC test all: 0.8634980615029528, AUPR test all: 0.7226302455475292, AUROC test unknown: 0.8622218972232553, AUPR test unknown: 0.7170080239125777
pseudo_counter: Counter({0: 10021, -1: 8286, 1: 26})
max_probs: 0.9999759197235107， num of >0.5: 176
AUROC test all: 0.866337434174123, AUPR test all: 0.7278535522369605, AUROC test unknown: 0.8650806902792345, AUPR test unknown: 0.7225392033767919
Epoch: 63, Best AUROC test all: 0.866337434174123, AUPR test all: 0.7278535522369605, AUROC test unknown: 0.8650806902792345, AUPR test unknown: 0.7225392033767919
pseudo_counter: Counter({0: 10038, -1: 8268, 1: 27})
max_probs: 0.9999727010726929， num of >0.5: 169
AUROC test all: 0.869171075756621, AUPR test all: 0.7312476276386137, AUROC test unknown: 0.867945825457912, AUPR test unknown: 0.7248986577048993
Epoch: 64, Best AUROC test all: 0.869171075756621, AUPR test all: 0.7312476276386137, AUROC test unknown: 0.867945825457912, AUPR test unknown: 0.7248986577048993
pseudo_counter: Counter({0: 10054, -1: 8252, 1: 27})
max_probs: 0.9999911785125732， num of >0.5: 176
AUROC test all: 0.8704890789643749, AUPR test all: 0.7388814888996624, AUROC test unknown: 0.8692712083879448, AUPR test unknown: 0.7339160235787737
Epoch: 65, Best AUROC test all: 0.8704890789643749, AUPR test all: 0.7388814888996624, AUROC test unknown: 0.8692712083879448, AUPR test unknown: 0.7339160235787737
pseudo_counter: Counter({0: 10069, -1: 8234, 1: 30})
max_probs: 0.9999897480010986， num of >0.5: 149
AUROC test all: 0.8726165547509852, AUPR test all: 0.7432596049201581, AUROC test unknown: 0.8714190987035791, AUPR test unknown: 0.7379593639567621
Epoch: 66, Best AUROC test all: 0.8726165547509852, AUPR test all: 0.7432596049201581, AUROC test unknown: 0.8714190987035791, AUPR test unknown: 0.7379593639567621
pseudo_counter: Counter({0: 10085, -1: 8218, 1: 30})
max_probs: 0.9999924898147583， num of >0.5: 156
AUROC test all: 0.8722052134508559, AUPR test all: 0.7426409904769594, AUROC test unknown: 0.8710060064451938, AUPR test unknown: 0.7372773263262534
Epoch: 67, Best AUROC test all: 0.8726165547509852, AUPR test all: 0.7432596049201581, AUROC test unknown: 0.8714190987035791, AUPR test unknown: 0.7379593639567621
pseudo_counter: Counter({0: 10094, -1: 8208, 1: 31})
max_probs: 0.9999933242797852， num of >0.5: 162
AUROC test all: 0.8721626120517528, AUPR test all: 0.74233033423066, AUROC test unknown: 0.8709617044431537, AUPR test unknown: 0.7372404125915397
Epoch: 68, Best AUROC test all: 0.8726165547509852, AUPR test all: 0.7432596049201581, AUROC test unknown: 0.8714190987035791, AUPR test unknown: 0.7379593639567621
pseudo_counter: Counter({0: 10111, -1: 8191, 1: 31})
max_probs: 0.9999827146530151， num of >0.5: 140
AUROC test all: 0.8745754371794948, AUPR test all: 0.7482580887422317, AUROC test unknown: 0.8733969959881198, AUPR test unknown: 0.7435709924561869
Epoch: 69, Best AUROC test all: 0.8745754371794948, AUPR test all: 0.7482580887422317, AUROC test unknown: 0.8733969959881198, AUPR test unknown: 0.7435709924561869
pseudo_counter: Counter({0: 10123, -1: 8179, 1: 31})
max_probs: 0.9999785423278809， num of >0.5: 140
AUROC test all: 0.8767405376092345, AUPR test all: 0.7530109967943389, AUROC test unknown: 0.8757387714017623, AUPR test unknown: 0.7483440180166477
Epoch: 70, Best AUROC test all: 0.8767405376092345, AUPR test all: 0.7530109967943389, AUROC test unknown: 0.8757387714017623, AUPR test unknown: 0.7483440180166477
pseudo_counter: Counter({0: 10131, -1: 8170, 1: 32})
max_probs: 0.999974250793457， num of >0.5: 153
AUROC test all: 0.879166443969869, AUPR test all: 0.758496395206361, AUROC test unknown: 0.8780327162531519, AUPR test unknown: 0.7536929010565829
Epoch: 71, Best AUROC test all: 0.879166443969869, AUPR test all: 0.758496395206361, AUROC test unknown: 0.8780327162531519, AUPR test unknown: 0.7536929010565829
pseudo_counter: Counter({0: 10143, -1: 8158, 1: 32})
max_probs: 0.9999773502349854， num of >0.5: 152
AUROC test all: 0.8800514326111825, AUPR test all: 0.7629004580128065, AUROC test unknown: 0.8789243741332394, AUPR test unknown: 0.7583094549423002
Epoch: 72, Best AUROC test all: 0.8800514326111825, AUPR test all: 0.7629004580128065, AUROC test unknown: 0.8789243741332394, AUPR test unknown: 0.7583094549423002
pseudo_counter: Counter({0: 10155, -1: 8145, 1: 33})
max_probs: 0.9999951124191284， num of >0.5: 180
AUROC test all: 0.8828124190759701, AUPR test all: 0.7679157898472887, AUROC test unknown: 0.8817104509917807, AUPR test unknown: 0.7633522519433098
Epoch: 73, Best AUROC test all: 0.8828124190759701, AUPR test all: 0.7679157898472887, AUROC test unknown: 0.8817104509917807, AUPR test unknown: 0.7633522519433098
pseudo_counter: Counter({0: 10166, -1: 8133, 1: 34})
max_probs: 0.9999909400939941， num of >0.5: 193
AUROC test all: 0.8816318056103035, AUPR test all: 0.7655956882335284, AUROC test unknown: 0.8805220411977976, AUPR test unknown: 0.7610616062164304
Epoch: 74, Best AUROC test all: 0.8828124190759701, AUPR test all: 0.7679157898472887, AUROC test unknown: 0.8817104509917807, AUPR test unknown: 0.7633522519433098
pseudo_counter: Counter({0: 10180, -1: 8118, 1: 35})
max_probs: 0.9999628067016602， num of >0.5: 155
AUROC test all: 0.8785871716525451, AUPR test all: 0.7550006343836339, AUROC test unknown: 0.8774523052408868, AUPR test unknown: 0.7499751534080086
Epoch: 75, Best AUROC test all: 0.8828124190759701, AUPR test all: 0.7679157898472887, AUROC test unknown: 0.8817104509917807, AUPR test unknown: 0.7633522519433098
pseudo_counter: Counter({0: 10188, -1: 8109, 1: 36})
max_probs: 0.9999948740005493， num of >0.5: 131
AUROC test all: 0.8720553496217067, AUPR test all: 0.7420486894278806, AUROC test unknown: 0.8709949100518931, AUPR test unknown: 0.7372302640656687
Epoch: 76, Best AUROC test all: 0.8828124190759701, AUPR test all: 0.7679157898472887, AUROC test unknown: 0.8817104509917807, AUPR test unknown: 0.7633522519433098
pseudo_counter: Counter({0: 10199, -1: 8098, 1: 36})
max_probs: 0.9999823570251465， num of >0.5: 102
AUROC test all: 0.8690195836727447, AUPR test all: 0.7332715911482763, AUROC test unknown: 0.8677955645069557, AUPR test unknown: 0.7279602539409941
Epoch: 77, Best AUROC test all: 0.8828124190759701, AUPR test all: 0.7679157898472887, AUROC test unknown: 0.8817104509917807, AUPR test unknown: 0.7633522519433098
pseudo_counter: Counter({0: 10207, -1: 8090, 1: 36})
max_probs: 0.9999865293502808， num of >0.5: 87
AUROC test all: 0.8648920867280222, AUPR test all: 0.7224765490969829, AUROC test unknown: 0.863628771322834, AUPR test unknown: 0.7169348685933644
Epoch: 78, Best AUROC test all: 0.8828124190759701, AUPR test all: 0.7679157898472887, AUROC test unknown: 0.8817104509917807, AUPR test unknown: 0.7633522519433098
pseudo_counter: Counter({0: 10214, -1: 8083, 1: 36})
max_probs: 0.9999887943267822， num of >0.5: 87
AUROC test all: 0.8629135732509945, AUPR test all: 0.715216074516051, AUROC test unknown: 0.8616337326642068, AUPR test unknown: 0.7093937153470926
Epoch: 79, Best AUROC test all: 0.8828124190759701, AUPR test all: 0.7679157898472887, AUROC test unknown: 0.8817104509917807, AUPR test unknown: 0.7633522519433098
pseudo_counter: Counter({0: 10221, -1: 8076, 1: 36})
max_probs: 0.9999836683273315， num of >0.5: 73
AUROC test all: 0.8609895557118393, AUPR test all: 0.7065134141637752, AUROC test unknown: 0.859691362409598, AUPR test unknown: 0.7004406603793409
Epoch: 80, Best AUROC test all: 0.8828124190759701, AUPR test all: 0.7679157898472887, AUROC test unknown: 0.8817104509917807, AUPR test unknown: 0.7633522519433098
pseudo_counter: Counter({0: 10229, -1: 8068, 1: 36})
max_probs: 0.999988317489624， num of >0.5: 72
AUROC test all: 0.8627456514329791, AUPR test all: 0.7119890394866437, AUROC test unknown: 0.8616256355470869, AUPR test unknown: 0.705797972705429
Epoch: 81, Best AUROC test all: 0.8828124190759701, AUPR test all: 0.7679157898472887, AUROC test unknown: 0.8817104509917807, AUPR test unknown: 0.7633522519433098
pseudo_counter: Counter({0: 10238, -1: 8059, 1: 36})
max_probs: 0.9999864101409912， num of >0.5: 69
AUROC test all: 0.8636399312453343, AUPR test all: 0.7106075400525174, AUROC test unknown: 0.8623672739040222, AUPR test unknown: 0.7047237964275505
Epoch: 82, Best AUROC test all: 0.8828124190759701, AUPR test all: 0.7679157898472887, AUROC test unknown: 0.8817104509917807, AUPR test unknown: 0.7633522519433098
pseudo_counter: Counter({0: 10243, -1: 8054, 1: 36})
max_probs: 0.9999773502349854， num of >0.5: 70
AUROC test all: 0.8654967671784323, AUPR test all: 0.7153325401363213, AUROC test unknown: 0.8642403822359279, AUPR test unknown: 0.7094529974227739
Epoch: 83, Best AUROC test all: 0.8828124190759701, AUPR test all: 0.7679157898472887, AUROC test unknown: 0.8817104509917807, AUPR test unknown: 0.7633522519433098
pseudo_counter: Counter({0: 10254, -1: 8043, 1: 36})
max_probs: 0.9999942779541016， num of >0.5: 72
AUROC test all: 0.8675004680082442, AUPR test all: 0.7203930729033067, AUROC test unknown: 0.8664074474906134, AUPR test unknown: 0.7149706111355065
Epoch: 84, Best AUROC test all: 0.8828124190759701, AUPR test all: 0.7679157898472887, AUROC test unknown: 0.8817104509917807, AUPR test unknown: 0.7633522519433098
pseudo_counter: Counter({0: 10261, -1: 8036, 1: 36})
max_probs: 0.9999440908432007， num of >0.5: 77
AUROC test all: 0.8681441989745674, AUPR test all: 0.7210881705308418, AUROC test unknown: 0.8669223851395615, AUPR test unknown: 0.7151915696438624
Epoch: 85, Best AUROC test all: 0.8828124190759701, AUPR test all: 0.7679157898472887, AUROC test unknown: 0.8817104509917807, AUPR test unknown: 0.7633522519433098
pseudo_counter: Counter({0: 10270, -1: 8027, 1: 36})
max_probs: 0.9999719858169556， num of >0.5: 78
AUROC test all: 0.8681792662458655, AUPR test all: 0.7214980643470653, AUROC test unknown: 0.8671031402793039, AUPR test unknown: 0.7158345986360315
Epoch: 86, Best AUROC test all: 0.8828124190759701, AUPR test all: 0.7679157898472887, AUROC test unknown: 0.8817104509917807, AUPR test unknown: 0.7633522519433098
pseudo_counter: Counter({0: 10278, -1: 8019, 1: 36})
max_probs: 0.999976396560669， num of >0.5: 79
AUROC test all: 0.8685954187167422, AUPR test all: 0.7226463321691706, AUROC test unknown: 0.8673693980044135, AUPR test unknown: 0.7170748132214986
Epoch: 87, Best AUROC test all: 0.8828124190759701, AUPR test all: 0.7679157898472887, AUROC test unknown: 0.8817104509917807, AUPR test unknown: 0.7633522519433098
pseudo_counter: Counter({0: 10285, -1: 8012, 1: 36})
max_probs: 0.9999567270278931， num of >0.5: 75
AUROC test all: 0.8706774597570404, AUPR test all: 0.7263695963928837, AUROC test unknown: 0.8694738777437456, AUPR test unknown: 0.7207221101795771
Epoch: 88, Best AUROC test all: 0.8828124190759701, AUPR test all: 0.7679157898472887, AUROC test unknown: 0.8817104509917807, AUPR test unknown: 0.7633522519433098
pseudo_counter: Counter({0: 10295, -1: 8002, 1: 36})
max_probs: 0.9999657869338989， num of >0.5: 78
AUROC test all: 0.8691568078296055, AUPR test all: 0.719174336805547, AUROC test unknown: 0.8679265205192741, AUPR test unknown: 0.712788491496971
Epoch: 89, Best AUROC test all: 0.8828124190759701, AUPR test all: 0.7679157898472887, AUROC test unknown: 0.8817104509917807, AUPR test unknown: 0.7633522519433098
pseudo_counter: Counter({0: 10299, -1: 7998, 1: 36})
max_probs: 0.9999699592590332， num of >0.5: 72
AUROC test all: 0.8675923402114063, AUPR test all: 0.7169765066425768, AUROC test unknown: 0.8663472298248767, AUPR test unknown: 0.7110832016942279
Epoch: 90, Best AUROC test all: 0.8828124190759701, AUPR test all: 0.7679157898472887, AUROC test unknown: 0.8817104509917807, AUPR test unknown: 0.7633522519433098
pseudo_counter: Counter({0: 10304, -1: 7993, 1: 36})
max_probs: 0.9999871253967285， num of >0.5: 74
AUROC test all: 0.8690967647866459, AUPR test all: 0.7207081933469409, AUROC test unknown: 0.8678658014265598, AUPR test unknown: 0.7149403241630916
Epoch: 91, Best AUROC test all: 0.8828124190759701, AUPR test all: 0.7679157898472887, AUROC test unknown: 0.8817104509917807, AUPR test unknown: 0.7633522519433098
pseudo_counter: Counter({0: 10310, -1: 7987, 1: 36})
max_probs: 0.999976396560669， num of >0.5: 68
AUROC test all: 0.8661828235684812, AUPR test all: 0.7126227264874477, AUROC test unknown: 0.865093495238533, AUPR test unknown: 0.7066032068929151
Epoch: 92, Best AUROC test all: 0.8828124190759701, AUPR test all: 0.7679157898472887, AUROC test unknown: 0.8817104509917807, AUPR test unknown: 0.7633522519433098
pseudo_counter: Counter({0: 10319, -1: 7978, 1: 36})
max_probs: 0.9999480247497559， num of >0.5: 59
AUROC test all: 0.8642151835213262, AUPR test all: 0.7139139788840874, AUROC test unknown: 0.8631171579490338, AUPR test unknown: 0.7083824670353085
Epoch: 93, Best AUROC test all: 0.8828124190759701, AUPR test all: 0.7679157898472887, AUROC test unknown: 0.8817104509917807, AUPR test unknown: 0.7633522519433098
pseudo_counter: Counter({0: 10328, -1: 7969, 1: 36})
max_probs: 0.9999512434005737， num of >0.5: 64
AUROC test all: 0.8654425748134751, AUPR test all: 0.7105922794396383, AUROC test unknown: 0.8643452454740413, AUPR test unknown: 0.7047783442160854
Epoch: 94, Best AUROC test all: 0.8828124190759701, AUPR test all: 0.7679157898472887, AUROC test unknown: 0.8817104509917807, AUPR test unknown: 0.7633522519433098
pseudo_counter: Counter({0: 10333, -1: 7964, 1: 36})
max_probs: 0.9999589920043945， num of >0.5: 63
AUROC test all: 0.8642795317801746, AUPR test all: 0.7083360122088613, AUROC test unknown: 0.8630228989629283, AUPR test unknown: 0.7023537612303218
Epoch: 95, Best AUROC test all: 0.8828124190759701, AUPR test all: 0.7679157898472887, AUROC test unknown: 0.8817104509917807, AUPR test unknown: 0.7633522519433098
pseudo_counter: Counter({0: 10338, -1: 7959, 1: 36})
max_probs: 0.9999470710754395， num of >0.5: 65
AUROC test all: 0.8648889958037944, AUPR test all: 0.7105491299469255, AUROC test unknown: 0.8636184642127388, AUPR test unknown: 0.7046041357005397
Epoch: 96, Best AUROC test all: 0.8828124190759701, AUPR test all: 0.7679157898472887, AUROC test unknown: 0.8817104509917807, AUPR test unknown: 0.7633522519433098
pseudo_counter: Counter({0: 10346, -1: 7951, 1: 36})
max_probs: 0.9999681711196899， num of >0.5: 63
AUROC test all: 0.8665613973921247, AUPR test all: 0.7148985377486013, AUROC test unknown: 0.8653065924183314, AUPR test unknown: 0.7089951246766535
Epoch: 97, Best AUROC test all: 0.8828124190759701, AUPR test all: 0.7679157898472887, AUROC test unknown: 0.8817104509917807, AUPR test unknown: 0.7633522519433098
pseudo_counter: Counter({0: 10354, -1: 7943, 1: 36})
max_probs: 0.9999191761016846， num of >0.5: 59
AUROC test all: 0.8659204261795763, AUPR test all: 0.7143948866460387, AUROC test unknown: 0.8646796694110508, AUPR test unknown: 0.7086528533966564
Epoch: 98, Best AUROC test all: 0.8828124190759701, AUPR test all: 0.7679157898472887, AUROC test unknown: 0.8817104509917807, AUPR test unknown: 0.7633522519433098
pseudo_counter: Counter({0: 10362, -1: 7935, 1: 36})
max_probs: 0.9999608993530273， num of >0.5: 63
AUROC test all: 0.8687445282131927, AUPR test all: 0.7184202175820655, AUROC test unknown: 0.8676928834047635, AUPR test unknown: 0.7128313988459595
Epoch: 99, Best AUROC test all: 0.8828124190759701, AUPR test all: 0.7679157898472887, AUROC test unknown: 0.8817104509917807, AUPR test unknown: 0.7633522519433098
pseudo_counter: Counter({0: 10366, -1: 7931, 1: 36})
max_probs: 0.9999552965164185， num of >0.5: 69
AUROC test all: 0.8678713237204977, AUPR test all: 0.716891537191255, AUROC test unknown: 0.8666288367869116, AUPR test unknown: 0.7111051502203538
Epoch: 100, Best AUROC test all: 0.8828124190759701, AUPR test all: 0.7679157898472887, AUROC test unknown: 0.8817104509917807, AUPR test unknown: 0.7633522519433098
pseudo_counter: Counter({0: 10368, -1: 7929, 1: 36})
max_probs: 0.9999644756317139， num of >0.5: 58
AUROC test all: 0.871874567351101, AUPR test all: 0.7265317881256231, AUROC test unknown: 0.870690079592247, AUPR test unknown: 0.7210392877346679
Epoch: 101, Best AUROC test all: 0.8828124190759701, AUPR test all: 0.7679157898472887, AUROC test unknown: 0.8817104509917807, AUPR test unknown: 0.7633522519433098
pseudo_counter: Counter({0: 10375, -1: 7922, 1: 36})
max_probs: 0.9999336004257202， num of >0.5: 63
AUROC test all: 0.8722674183009392, AUPR test all: 0.7305102806001664, AUROC test unknown: 0.8710913976023433, AUPR test unknown: 0.7252283212676025
Epoch: 102, Best AUROC test all: 0.8828124190759701, AUPR test all: 0.7679157898472887, AUROC test unknown: 0.8817104509917807, AUPR test unknown: 0.7633522519433098
pseudo_counter: Counter({0: 10382, -1: 7915, 1: 36})
max_probs: 0.9999387264251709， num of >0.5: 63
AUROC test all: 0.8725910914228232, AUPR test all: 0.7290352896159376, AUROC test unknown: 0.871580298191195, AUPR test unknown: 0.7238450488439132
Epoch: 103, Best AUROC test all: 0.8828124190759701, AUPR test all: 0.7679157898472887, AUROC test unknown: 0.8817104509917807, AUPR test unknown: 0.7633522519433098
pseudo_counter: Counter({0: 10388, -1: 7909, 1: 36})
max_probs: 0.9999711513519287， num of >0.5: 65
AUROC test all: 0.8744587179931809, AUPR test all: 0.7324683050841971, AUROC test unknown: 0.8732781949371662, AUPR test unknown: 0.7271050205427891
Epoch: 104, Best AUROC test all: 0.8828124190759701, AUPR test all: 0.7679157898472887, AUROC test unknown: 0.8817104509917807, AUPR test unknown: 0.7633522519433098
pseudo_counter: Counter({0: 10396, -1: 7901, 1: 36})
max_probs: 0.9999219179153442， num of >0.5: 57
AUROC test all: 0.8722268499204501, AUPR test all: 0.7321262952164768, AUROC test unknown: 0.8710476063129656, AUPR test unknown: 0.7268736362668586
Epoch: 105, Best AUROC test all: 0.8828124190759701, AUPR test all: 0.7679157898472887, AUROC test unknown: 0.8817104509917807, AUPR test unknown: 0.7633522519433098
pseudo_counter: Counter({0: 10403, -1: 7894, 1: 36})
max_probs: 0.9999740123748779， num of >0.5: 63
AUROC test all: 0.8718523605323932, AUPR test all: 0.7268747512289065, AUROC test unknown: 0.8706599754022211, AUPR test unknown: 0.721340144871197
Epoch: 106, Best AUROC test all: 0.8828124190759701, AUPR test all: 0.7679157898472887, AUROC test unknown: 0.8817104509917807, AUPR test unknown: 0.7633522519433098
pseudo_counter: Counter({0: 10410, -1: 7887, 1: 36})
max_probs: 0.9999960660934448， num of >0.5: 66
AUROC test all: 0.8699902534695855, AUPR test all: 0.7243659585415869, AUROC test unknown: 0.8687908692004515, AUPR test unknown: 0.7189314841467167
Epoch: 107, Best AUROC test all: 0.8828124190759701, AUPR test all: 0.7679157898472887, AUROC test unknown: 0.8817104509917807, AUPR test unknown: 0.7633522519433098
pseudo_counter: Counter({0: 10414, -1: 7883, 1: 36})
max_probs: 0.9999336004257202， num of >0.5: 62
AUROC test all: 0.872466065377647, AUPR test all: 0.7257052341789034, AUROC test unknown: 0.8712667856162886, AUPR test unknown: 0.7199843967046369
Epoch: 108, Best AUROC test all: 0.8828124190759701, AUPR test all: 0.7679157898472887, AUROC test unknown: 0.8817104509917807, AUPR test unknown: 0.7633522519433098
pseudo_counter: Counter({0: 10424, -1: 7873, 1: 36})
max_probs: 0.9999443292617798， num of >0.5: 58
AUROC test all: 0.8695372398874572, AUPR test all: 0.717341601253469, AUROC test unknown: 0.8683104371561106, AUPR test unknown: 0.7114258988842964
Epoch: 109, Best AUROC test all: 0.8828124190759701, AUPR test all: 0.7679157898472887, AUROC test unknown: 0.8817104509917807, AUPR test unknown: 0.7633522519433098
pseudo_counter: Counter({0: 10427, -1: 7870, 1: 36})
max_probs: 0.9999562501907349， num of >0.5: 62
AUROC test all: 0.8693919020544987, AUPR test all: 0.7203642014485124, AUROC test unknown: 0.8681637140510516, AUPR test unknown: 0.714568391200403
Epoch: 110, Best AUROC test all: 0.8828124190759701, AUPR test all: 0.7679157898472887, AUROC test unknown: 0.8817104509917807, AUPR test unknown: 0.7633522519433098
pseudo_counter: Counter({0: 10432, -1: 7865, 1: 36})
max_probs: 0.9999843835830688， num of >0.5: 57
AUROC test all: 0.870574162173251, AUPR test all: 0.718055810647863, AUROC test unknown: 0.869388050159412, AUPR test unknown: 0.7121810760361925
Epoch: 111, Best AUROC test all: 0.8828124190759701, AUPR test all: 0.7679157898472887, AUROC test unknown: 0.8817104509917807, AUPR test unknown: 0.7633522519433098
pseudo_counter: Counter({0: 10435, -1: 7862, 1: 36})
max_probs: 0.9999656677246094， num of >0.5: 54
AUROC test all: 0.868712643857915, AUPR test all: 0.7159761002709655, AUROC test unknown: 0.867478216944239, AUPR test unknown: 0.7099743395896652
Epoch: 112, Best AUROC test all: 0.8828124190759701, AUPR test all: 0.7679157898472887, AUROC test unknown: 0.8817104509917807, AUPR test unknown: 0.7633522519433098
pseudo_counter: Counter({0: 10442, -1: 7855, 1: 36})
max_probs: 0.9999831914901733， num of >0.5: 55
AUROC test all: 0.8672918858179473, AUPR test all: 0.7100151326787147, AUROC test unknown: 0.8660720856994418, AUPR test unknown: 0.7039751946922712
Epoch: 113, Best AUROC test all: 0.8828124190759701, AUPR test all: 0.7679157898472887, AUROC test unknown: 0.8817104509917807, AUPR test unknown: 0.7633522519433098
pseudo_counter: Counter({0: 10444, -1: 7853, 1: 36})
max_probs: 0.9999861717224121， num of >0.5: 56
AUROC test all: 0.8665251802234204, AUPR test all: 0.7108398502050299, AUROC test unknown: 0.8652700346773897, AUPR test unknown: 0.7046402307823078
Epoch: 114, Best AUROC test all: 0.8828124190759701, AUPR test all: 0.7679157898472887, AUROC test unknown: 0.8817104509917807, AUPR test unknown: 0.7633522519433098
pseudo_counter: Counter({0: 10446, -1: 7850, 1: 37})
max_probs: 0.9999798536300659， num of >0.5: 55
AUROC test all: 0.8659924465539185, AUPR test all: 0.7072179738260517, AUROC test unknown: 0.8649171136563173, AUPR test unknown: 0.7011214617160202
Epoch: 115, Best AUROC test all: 0.8828124190759701, AUPR test all: 0.7679157898472887, AUROC test unknown: 0.8817104509917807, AUPR test unknown: 0.7633522519433098
pseudo_counter: Counter({0: 10453, -1: 7843, 1: 37})
max_probs: 0.9999104738235474， num of >0.5: 55
AUROC test all: 0.8629709761295097, AUPR test all: 0.7015499574501274, AUROC test unknown: 0.861682445366513, AUPR test unknown: 0.6950497279727311
Epoch: 116, Best AUROC test all: 0.8828124190759701, AUPR test all: 0.7679157898472887, AUROC test unknown: 0.8817104509917807, AUPR test unknown: 0.7633522519433098
pseudo_counter: Counter({0: 10460, -1: 7836, 1: 37})
max_probs: 0.999976396560669， num of >0.5: 55
AUROC test all: 0.863680076463578, AUPR test all: 0.7010443378318167, AUROC test unknown: 0.8625538418824311, AUPR test unknown: 0.6948336382407787
Epoch: 117, Best AUROC test all: 0.8828124190759701, AUPR test all: 0.7679157898472887, AUROC test unknown: 0.8817104509917807, AUPR test unknown: 0.7633522519433098
pseudo_counter: Counter({0: 10471, -1: 7825, 1: 37})
max_probs: 0.9999924898147583， num of >0.5: 54
AUROC test all: 0.863327692703257, AUPR test all: 0.699731267641015, AUROC test unknown: 0.8620669191444357, AUPR test unknown: 0.6932229364885981
Epoch: 118, Best AUROC test all: 0.8828124190759701, AUPR test all: 0.7679157898472887, AUROC test unknown: 0.8817104509917807, AUPR test unknown: 0.7633522519433098
pseudo_counter: Counter({0: 10476, -1: 7820, 1: 37})
max_probs: 0.9999767541885376， num of >0.5: 54
AUROC test all: 0.8606520010284682, AUPR test all: 0.6949359252369653, AUROC test unknown: 0.8593417749493582, AUPR test unknown: 0.6882107874798834
Epoch: 119, Best AUROC test all: 0.8828124190759701, AUPR test all: 0.7679157898472887, AUROC test unknown: 0.8817104509917807, AUPR test unknown: 0.7633522519433098
pseudo_counter: Counter({0: 10479, -1: 7817, 1: 37})
max_probs: 0.9999889135360718， num of >0.5: 54
AUROC test all: 0.8607285381998218, AUPR test all: 0.6965172578373166, AUROC test unknown: 0.8594500274624128, AUPR test unknown: 0.6900640626252383
Epoch: 120, Best AUROC test all: 0.8828124190759701, AUPR test all: 0.7679157898472887, AUROC test unknown: 0.8817104509917807, AUPR test unknown: 0.7633522519433098
pseudo_counter: Counter({0: 10481, -1: 7815, 1: 37})
max_probs: 0.9999918937683105， num of >0.5: 52
AUROC test all: 0.8606174029153119, AUPR test all: 0.6938393551697211, AUROC test unknown: 0.8593443099413006, AUPR test unknown: 0.6872312607002653
Epoch: 121, Best AUROC test all: 0.8828124190759701, AUPR test all: 0.7679157898472887, AUROC test unknown: 0.8817104509917807, AUPR test unknown: 0.7633522519433098
pseudo_counter: Counter({0: 10486, -1: 7810, 1: 37})
max_probs: 0.9998593330383301， num of >0.5: 53
AUROC test all: 0.8594025777020174, AUPR test all: 0.6926395355976007, AUROC test unknown: 0.8580805096726657, AUPR test unknown: 0.6858835103891838
Epoch: 122, Best AUROC test all: 0.8828124190759701, AUPR test all: 0.7679157898472887, AUROC test unknown: 0.8817104509917807, AUPR test unknown: 0.7633522519433098
pseudo_counter: Counter({0: 10491, -1: 7805, 1: 37})
max_probs: 0.9999966621398926， num of >0.5: 49
AUROC test all: 0.8587921569637558, AUPR test all: 0.6917928152668019, AUROC test unknown: 0.8574643116312952, AUPR test unknown: 0.6851745705753343
Epoch: 123, Best AUROC test all: 0.8828124190759701, AUPR test all: 0.7679157898472887, AUROC test unknown: 0.8817104509917807, AUPR test unknown: 0.7633522519433098
pseudo_counter: Counter({0: 10497, -1: 7799, 1: 37})
max_probs: 0.9999607801437378， num of >0.5: 50
AUROC test all: 0.8583143423943717, AUPR test all: 0.689447607285163, AUROC test unknown: 0.8569820410213695, AUPR test unknown: 0.6827033016480397
Epoch: 124, Best AUROC test all: 0.8828124190759701, AUPR test all: 0.7679157898472887, AUROC test unknown: 0.8817104509917807, AUPR test unknown: 0.7633522519433098
pseudo_counter: Counter({0: 10499, -1: 7797, 1: 37})
max_probs: 0.9999476671218872， num of >0.5: 49
AUROC test all: 0.8587034032823591, AUPR test all: 0.6891568973590745, AUROC test unknown: 0.8575454685161894, AUPR test unknown: 0.6825427687071791
Epoch: 125, Best AUROC test all: 0.8828124190759701, AUPR test all: 0.7679157898472887, AUROC test unknown: 0.8817104509917807, AUPR test unknown: 0.7633522519433098
pseudo_counter: Counter({0: 10504, -1: 7792, 1: 37})
max_probs: 0.9999765157699585， num of >0.5: 51
AUROC test all: 0.8591572355914405, AUPR test all: 0.6923513837854142, AUROC test unknown: 0.8578329533166841, AUPR test unknown: 0.6856569258702142
Epoch: 126, Best AUROC test all: 0.8828124190759701, AUPR test all: 0.7679157898472887, AUROC test unknown: 0.8817104509917807, AUPR test unknown: 0.7633522519433098
pseudo_counter: Counter({0: 10509, -1: 7787, 1: 37})
max_probs: 0.9999822378158569， num of >0.5: 54
AUROC test all: 0.8587208081294988, AUPR test all: 0.6894902800545771, AUROC test unknown: 0.8574232131905009, AUPR test unknown: 0.6828517376200056
Epoch: 127, Best AUROC test all: 0.8828124190759701, AUPR test all: 0.7679157898472887, AUROC test unknown: 0.8817104509917807, AUPR test unknown: 0.7633522519433098
pseudo_counter: Counter({0: 10515, -1: 7781, 1: 37})
max_probs: 0.9999328851699829， num of >0.5: 49
AUROC test all: 0.8596272768543591, AUPR test all: 0.689708188572866, AUROC test unknown: 0.8583078046644782, AUPR test unknown: 0.6828477859675394
Epoch: 128, Best AUROC test all: 0.8828124190759701, AUPR test all: 0.7679157898472887, AUROC test unknown: 0.8817104509917807, AUPR test unknown: 0.7633522519433098
pseudo_counter: Counter({0: 10520, -1: 7776, 1: 37})
max_probs: 0.9998300075531006， num of >0.5: 54
AUROC test all: 0.8608834707767372, AUPR test all: 0.6916436236004372, AUROC test unknown: 0.8595816984724586, AUPR test unknown: 0.6849088859285998
Epoch: 129, Best AUROC test all: 0.8828124190759701, AUPR test all: 0.7679157898472887, AUROC test unknown: 0.8817104509917807, AUPR test unknown: 0.7633522519433098
pseudo_counter: Counter({0: 10526, -1: 7770, 1: 37})
max_probs: 0.9999310970306396， num of >0.5: 51
AUROC test all: 0.8614438755774211, AUPR test all: 0.6924697267632856, AUROC test unknown: 0.8601595187786724, AUPR test unknown: 0.6856264709128347
Epoch: 130, Best AUROC test all: 0.8828124190759701, AUPR test all: 0.7679157898472887, AUROC test unknown: 0.8817104509917807, AUPR test unknown: 0.7633522519433098
pseudo_counter: Counter({0: 10533, -1: 7763, 1: 37})
max_probs: 0.9999316930770874， num of >0.5: 52
AUROC test all: 0.8633128268295903, AUPR test all: 0.7026524495662414, AUROC test unknown: 0.8621727016653412, AUPR test unknown: 0.6965052808723076
Epoch: 131, Best AUROC test all: 0.8828124190759701, AUPR test all: 0.7679157898472887, AUROC test unknown: 0.8817104509917807, AUPR test unknown: 0.7633522519433098
pseudo_counter: Counter({0: 10540, -1: 7756, 1: 37})
max_probs: 0.9999798536300659， num of >0.5: 56
AUROC test all: 0.8655370687827232, AUPR test all: 0.7086667659080937, AUROC test unknown: 0.864272705704614, AUPR test unknown: 0.7022781911608713
Epoch: 132, Best AUROC test all: 0.8828124190759701, AUPR test all: 0.7679157898472887, AUROC test unknown: 0.8817104509917807, AUPR test unknown: 0.7633522519433098
pseudo_counter: Counter({0: 10547, -1: 7749, 1: 37})
max_probs: 0.9999129772186279， num of >0.5: 55
AUROC test all: 0.8693948733893961, AUPR test all: 0.715269125022586, AUROC test unknown: 0.8683343385087098, AUPR test unknown: 0.7093239449094457
Epoch: 133, Best AUROC test all: 0.8828124190759701, AUPR test all: 0.7679157898472887, AUROC test unknown: 0.8817104509917807, AUPR test unknown: 0.7633522519433098
pseudo_counter: Counter({0: 10555, -1: 7741, 1: 37})
max_probs: 0.9999351501464844， num of >0.5: 52
AUROC test all: 0.8710969607291639, AUPR test all: 0.7197534407163448, AUROC test unknown: 0.8698945935493276, AUPR test unknown: 0.7138639284938135
Epoch: 134, Best AUROC test all: 0.8828124190759701, AUPR test all: 0.7679157898472887, AUROC test unknown: 0.8817104509917807, AUPR test unknown: 0.7633522519433098
pseudo_counter: Counter({0: 10565, -1: 7731, 1: 37})
max_probs: 0.9999165534973145， num of >0.5: 69
AUROC test all: 0.8727993516418466, AUPR test all: 0.7237787174804214, AUROC test unknown: 0.8716187873545688, AUPR test unknown: 0.7180841271812296
Epoch: 135, Best AUROC test all: 0.8828124190759701, AUPR test all: 0.7679157898472887, AUROC test unknown: 0.8817104509917807, AUPR test unknown: 0.7633522519433098
pseudo_counter: Counter({0: 10573, -1: 7723, 1: 37})
max_probs: 0.9999711513519287， num of >0.5: 64
AUROC test all: 0.8719483907645759, AUPR test all: 0.7235725628484926, AUROC test unknown: 0.8707443729911001, AUPR test unknown: 0.7176065092428985
Epoch: 136, Best AUROC test all: 0.8828124190759701, AUPR test all: 0.7679157898472887, AUROC test unknown: 0.8817104509917807, AUPR test unknown: 0.7633522519433098
pseudo_counter: Counter({0: 10576, -1: 7720, 1: 37})
max_probs: 0.9999938011169434， num of >0.5: 57
AUROC test all: 0.8722305111937912, AUPR test all: 0.7252301900036827, AUROC test unknown: 0.871041403475539, AUPR test unknown: 0.719462294821488
Epoch: 137, Best AUROC test all: 0.8828124190759701, AUPR test all: 0.7679157898472887, AUROC test unknown: 0.8817104509917807, AUPR test unknown: 0.7633522519433098
pseudo_counter: Counter({0: 10579, -1: 7717, 1: 37})
max_probs: 0.9999648332595825， num of >0.5: 57
AUROC test all: 0.8720275129052987, AUPR test all: 0.7241182390416842, AUROC test unknown: 0.8708241091662244, AUPR test unknown: 0.7183197221166712
Epoch: 138, Best AUROC test all: 0.8828124190759701, AUPR test all: 0.7679157898472887, AUROC test unknown: 0.8817104509917807, AUPR test unknown: 0.7633522519433098
pseudo_counter: Counter({0: 10583, -1: 7713, 1: 37})
max_probs: 0.9999629259109497， num of >0.5: 54
AUROC test all: 0.8686503470160393, AUPR test all: 0.7194370493751794, AUROC test unknown: 0.8674197728442933, AUPR test unknown: 0.7136735110469239
Epoch: 139, Best AUROC test all: 0.8828124190759701, AUPR test all: 0.7679157898472887, AUROC test unknown: 0.8817104509917807, AUPR test unknown: 0.7633522519433098
pseudo_counter: Counter({0: 10588, -1: 7708, 1: 37})
max_probs: 0.9999645948410034， num of >0.5: 59
AUROC test all: 0.8691251810513465, AUPR test all: 0.7204449468377379, AUROC test unknown: 0.8679150805556368, AUPR test unknown: 0.7146665995553141
Epoch: 140, Best AUROC test all: 0.8828124190759701, AUPR test all: 0.7679157898472887, AUROC test unknown: 0.8817104509917807, AUPR test unknown: 0.7633522519433098
pseudo_counter: Counter({0: 10594, -1: 7702, 1: 37})
max_probs: 0.9999716281890869， num of >0.5: 49
AUROC test all: 0.8706664943353754, AUPR test all: 0.7253160735998156, AUROC test unknown: 0.8694503478185374, AUPR test unknown: 0.7196289712421505
Epoch: 141, Best AUROC test all: 0.8828124190759701, AUPR test all: 0.7679157898472887, AUROC test unknown: 0.8817104509917807, AUPR test unknown: 0.7633522519433098
pseudo_counter: Counter({0: 10598, -1: 7698, 1: 37})
max_probs: 0.9999654293060303， num of >0.5: 58
AUROC test all: 0.8699369074291192, AUPR test all: 0.7239171841019936, AUROC test unknown: 0.8687206972806407, AUPR test unknown: 0.7183833344265025
Epoch: 142, Best AUROC test all: 0.8828124190759701, AUPR test all: 0.7679157898472887, AUROC test unknown: 0.8817104509917807, AUPR test unknown: 0.7633522519433098
pseudo_counter: Counter({0: 10603, -1: 7693, 1: 37})
max_probs: 0.9999862909317017， num of >0.5: 60
AUROC test all: 0.8697212602691587, AUPR test all: 0.7256457219600196, AUROC test unknown: 0.8686470618004107, AUPR test unknown: 0.720315571839232
Epoch: 143, Best AUROC test all: 0.8828124190759701, AUPR test all: 0.7679157898472887, AUROC test unknown: 0.8817104509917807, AUPR test unknown: 0.7633522519433098
pseudo_counter: Counter({0: 10607, -1: 7689, 1: 37})
max_probs: 0.9999924898147583， num of >0.5: 50
AUROC test all: 0.869714811644505, AUPR test all: 0.7276668857418942, AUROC test unknown: 0.8686451582350327, AUPR test unknown: 0.722587318475337
Epoch: 144, Best AUROC test all: 0.8828124190759701, AUPR test all: 0.7679157898472887, AUROC test unknown: 0.8817104509917807, AUPR test unknown: 0.7633522519433098
pseudo_counter: Counter({0: 10615, -1: 7681, 1: 37})
max_probs: 0.9999576807022095， num of >0.5: 54
AUROC test all: 0.8688026026317932, AUPR test all: 0.7287257115449199, AUROC test unknown: 0.8675759116337094, AUPR test unknown: 0.7228982889132792
Epoch: 145, Best AUROC test all: 0.8828124190759701, AUPR test all: 0.7679157898472887, AUROC test unknown: 0.8817104509917807, AUPR test unknown: 0.7633522519433098
pseudo_counter: Counter({0: 10621, -1: 7675, 1: 37})
max_probs: 0.999980092048645， num of >0.5: 56
AUROC test all: 0.8703671806401433, AUPR test all: 0.7298282248218103, AUROC test unknown: 0.8692899004713879, AUPR test unknown: 0.7247151405466821
Epoch: 146, Best AUROC test all: 0.8828124190759701, AUPR test all: 0.7679157898472887, AUROC test unknown: 0.8817104509917807, AUPR test unknown: 0.7633522519433098
pseudo_counter: Counter({0: 10624, -1: 7672, 1: 37})
max_probs: 0.9999489784240723， num of >0.5: 60
AUROC test all: 0.8719501110110955, AUPR test all: 0.734235536565949, AUROC test unknown: 0.8707551165283797, AUPR test unknown: 0.7292140747829576
Epoch: 147, Best AUROC test all: 0.8828124190759701, AUPR test all: 0.7679157898472887, AUROC test unknown: 0.8817104509917807, AUPR test unknown: 0.7633522519433098
pseudo_counter: Counter({0: 10627, -1: 7669, 1: 37})
max_probs: 0.9999771118164062， num of >0.5: 66
AUROC test all: 0.8719295968413698, AUPR test all: 0.7358321836870706, AUROC test unknown: 0.870730620891955, AUPR test unknown: 0.7309376078525296
Epoch: 148, Best AUROC test all: 0.8828124190759701, AUPR test all: 0.7679157898472887, AUROC test unknown: 0.8817104509917807, AUPR test unknown: 0.7633522519433098
pseudo_counter: Counter({0: 10640, -1: 7656, 1: 37})
max_probs: 0.9999927282333374， num of >0.5: 79
AUROC test all: 0.8721340394010045, AUPR test all: 0.7338970441038477, AUROC test unknown: 0.8709445444976978, AUPR test unknown: 0.7289383205690547
Epoch: 149, Best AUROC test all: 0.8828124190759701, AUPR test all: 0.7679157898472887, AUROC test unknown: 0.8817104509917807, AUPR test unknown: 0.7633522519433098
pseudo_counter: Counter({0: 10649, -1: 7647, 1: 37})
max_probs: 0.999992847442627， num of >0.5: 57
AUROC test all: 0.8696313198936391, AUPR test all: 0.7323094109981589, AUROC test unknown: 0.868405420425628, AUPR test unknown: 0.7270562891656833
Epoch: 150, Best AUROC test all: 0.8828124190759701, AUPR test all: 0.7679157898472887, AUROC test unknown: 0.8817104509917807, AUPR test unknown: 0.7633522519433098
pseudo_counter: Counter({0: 10656, -1: 7640, 1: 37})
max_probs: 0.9999074935913086， num of >0.5: 62
AUROC test all: 0.8668972042314385, AUPR test all: 0.7246266407543482, AUROC test unknown: 0.8656530784598578, AUPR test unknown: 0.719336529018506
Epoch: 151, Best AUROC test all: 0.8828124190759701, AUPR test all: 0.7679157898472887, AUROC test unknown: 0.8817104509917807, AUPR test unknown: 0.7633522519433098
pseudo_counter: Counter({0: 10665, -1: 7631, 1: 37})
max_probs: 0.9999754428863525， num of >0.5: 59
AUROC test all: 0.8671275148831221, AUPR test all: 0.72447041479034, AUROC test unknown: 0.8660335129649052, AUPR test unknown: 0.7192893113390498
Epoch: 152, Best AUROC test all: 0.8828124190759701, AUPR test all: 0.7679157898472887, AUROC test unknown: 0.8817104509917807, AUPR test unknown: 0.7633522519433098
pseudo_counter: Counter({0: 10671, -1: 7625, 1: 37})
max_probs: 0.9999901056289673， num of >0.5: 56
AUROC test all: 0.8667129998661518, AUPR test all: 0.7227433881368256, AUROC test unknown: 0.8654859732767279, AUPR test unknown: 0.7174252986847296
Epoch: 153, Best AUROC test all: 0.8828124190759701, AUPR test all: 0.7679157898472887, AUROC test unknown: 0.8817104509917807, AUPR test unknown: 0.7633522519433098
pseudo_counter: Counter({0: 10674, -1: 7622, 1: 37})
max_probs: 0.999954342842102， num of >0.5: 48
AUROC test all: 0.8663927580381279, AUPR test all: 0.7203620985097012, AUROC test unknown: 0.8651451143601722, AUPR test unknown: 0.7146272258438883
Epoch: 154, Best AUROC test all: 0.8828124190759701, AUPR test all: 0.7679157898472887, AUROC test unknown: 0.8817104509917807, AUPR test unknown: 0.7633522519433098
pseudo_counter: Counter({0: 10680, -1: 7616, 1: 37})
max_probs: 0.9999926090240479， num of >0.5: 54
AUROC test all: 0.8651201803775067, AUPR test all: 0.7164033217589606, AUROC test unknown: 0.8640171636597297, AUPR test unknown: 0.7110981915441079
Epoch: 155, Best AUROC test all: 0.8828124190759701, AUPR test all: 0.7679157898472887, AUROC test unknown: 0.8817104509917807, AUPR test unknown: 0.7633522519433098
pseudo_counter: Counter({0: 10686, -1: 7610, 1: 37})
max_probs: 0.9999841451644897， num of >0.5: 49
AUROC test all: 0.8669060538418762, AUPR test all: 0.7188225980355527, AUROC test unknown: 0.8658117893839552, AUPR test unknown: 0.7135491876730101
Epoch: 156, Best AUROC test all: 0.8828124190759701, AUPR test all: 0.7679157898472887, AUROC test unknown: 0.8817104509917807, AUPR test unknown: 0.7633522519433098
pseudo_counter: Counter({0: 10690, -1: 7606, 1: 37})
max_probs: 0.9999864101409912， num of >0.5: 50
AUROC test all: 0.8657678209950108, AUPR test all: 0.7162682587063963, AUROC test unknown: 0.8645160835024488, AUPR test unknown: 0.7107227987327001
Epoch: 157, Best AUROC test all: 0.8828124190759701, AUPR test all: 0.7679157898472887, AUROC test unknown: 0.8817104509917807, AUPR test unknown: 0.7633522519433098
pseudo_counter: Counter({0: 10693, -1: 7603, 1: 37})
max_probs: 0.9999797344207764， num of >0.5: 48
AUROC test all: 0.8663286857546569, AUPR test all: 0.7175107288114635, AUROC test unknown: 0.8652070034491677, AUPR test unknown: 0.7120751289869797
Epoch: 158, Best AUROC test all: 0.8828124190759701, AUPR test all: 0.7679157898472887, AUROC test unknown: 0.8817104509917807, AUPR test unknown: 0.7633522519433098
pseudo_counter: Counter({0: 10699, -1: 7597, 1: 37})
max_probs: 0.9999902248382568， num of >0.5: 50
AUROC test all: 0.869022251434727, AUPR test all: 0.7230504380852395, AUROC test unknown: 0.8677906245226578, AUPR test unknown: 0.717522376646769
Epoch: 159, Best AUROC test all: 0.8828124190759701, AUPR test all: 0.7679157898472887, AUROC test unknown: 0.8817104509917807, AUPR test unknown: 0.7633522519433098
pseudo_counter: Counter({0: 10708, -1: 7588, 1: 37})
max_probs: 0.9999902248382568， num of >0.5: 49
AUROC test all: 0.8681816580324703, AUPR test all: 0.7203433411074004, AUROC test unknown: 0.8671209502226939, AUPR test unknown: 0.7149509417455738
Epoch: 160, Best AUROC test all: 0.8828124190759701, AUPR test all: 0.7679157898472887, AUROC test unknown: 0.8817104509917807, AUPR test unknown: 0.7633522519433098
pseudo_counter: Counter({0: 10712, -1: 7584, 1: 37})
max_probs: 0.9999881982803345， num of >0.5: 50
AUROC test all: 0.8710217482396221, AUPR test all: 0.726200614229839, AUROC test unknown: 0.8698155352291915, AUPR test unknown: 0.720823496379688
Epoch: 161, Best AUROC test all: 0.8828124190759701, AUPR test all: 0.7679157898472887, AUROC test unknown: 0.8817104509917807, AUPR test unknown: 0.7633522519433098
pseudo_counter: Counter({0: 10717, -1: 7579, 1: 37})
max_probs: 0.9999943971633911， num of >0.5: 50
AUROC test all: 0.8714346625994028, AUPR test all: 0.7286181143729151, AUROC test unknown: 0.8703653963385616, AUPR test unknown: 0.7235243182090422
Epoch: 162, Best AUROC test all: 0.8828124190759701, AUPR test all: 0.7679157898472887, AUROC test unknown: 0.8817104509917807, AUPR test unknown: 0.7633522519433098
pseudo_counter: Counter({0: 10722, -1: 7574, 1: 37})
max_probs: 0.9999885559082031， num of >0.5: 53
AUROC test all: 0.8727844765690004, AUPR test all: 0.7267147061239414, AUROC test unknown: 0.8715909395859422, AUPR test unknown: 0.7212077341314256
Epoch: 163, Best AUROC test all: 0.8828124190759701, AUPR test all: 0.7679157898472887, AUROC test unknown: 0.8817104509917807, AUPR test unknown: 0.7633522519433098
pseudo_counter: Counter({0: 10724, -1: 7572, 1: 37})
max_probs: 0.999962329864502， num of >0.5: 51
AUROC test all: 0.875484849641715, AUPR test all: 0.7350391900381446, AUROC test unknown: 0.8743179502036583, AUPR test unknown: 0.7297967415393132
Epoch: 164, Best AUROC test all: 0.8828124190759701, AUPR test all: 0.7679157898472887, AUROC test unknown: 0.8817104509917807, AUPR test unknown: 0.7633522519433098
pseudo_counter: Counter({0: 10729, -1: 7567, 1: 37})
max_probs: 0.9999933242797852， num of >0.5: 56
AUROC test all: 0.8764543327444324, AUPR test all: 0.7357047507123577, AUROC test unknown: 0.8752948413842542, AUPR test unknown: 0.7303666900358579
Epoch: 165, Best AUROC test all: 0.8828124190759701, AUPR test all: 0.7679157898472887, AUROC test unknown: 0.8817104509917807, AUPR test unknown: 0.7633522519433098
pseudo_counter: Counter({0: 10740, -1: 7556, 1: 37})
max_probs: 0.9999581575393677， num of >0.5: 55
AUROC test all: 0.8754667088602355, AUPR test all: 0.7287264884613225, AUROC test unknown: 0.8742975588399022, AUPR test unknown: 0.7226567940389172
Epoch: 166, Best AUROC test all: 0.8828124190759701, AUPR test all: 0.7679157898472887, AUROC test unknown: 0.8817104509917807, AUPR test unknown: 0.7633522519433098
pseudo_counter: Counter({0: 10746, -1: 7550, 1: 37})
max_probs: 0.9999879598617554， num of >0.5: 52
AUROC test all: 0.8772513588337649, AUPR test all: 0.7342243509594041, AUROC test unknown: 0.8761012381067789, AUPR test unknown: 0.7288857331352723
Epoch: 167, Best AUROC test all: 0.8828124190759701, AUPR test all: 0.7679157898472887, AUROC test unknown: 0.8817104509917807, AUPR test unknown: 0.7633522519433098
pseudo_counter: Counter({0: 10750, -1: 7546, 1: 37})
max_probs: 0.9999856948852539， num of >0.5: 53
AUROC test all: 0.8759459952982995, AUPR test all: 0.7348710346128792, AUROC test unknown: 0.8749103676063316, AUPR test unknown: 0.7295820312830774
Epoch: 168, Best AUROC test all: 0.8828124190759701, AUPR test all: 0.7679157898472887, AUROC test unknown: 0.8817104509917807, AUPR test unknown: 0.7633522519433098
pseudo_counter: Counter({0: 10759, -1: 7537, 1: 37})
max_probs: 0.9999786615371704， num of >0.5: 50
AUROC test all: 0.8746769777200477, AUPR test all: 0.7270527504899581, AUROC test unknown: 0.8735058799277389, AUPR test unknown: 0.7213441533518661
Epoch: 169, Best AUROC test all: 0.8828124190759701, AUPR test all: 0.7679157898472887, AUROC test unknown: 0.8817104509917807, AUPR test unknown: 0.7633522519433098
pseudo_counter: Counter({0: 10764, -1: 7532, 1: 37})
max_probs: 0.999957799911499， num of >0.5: 51
AUROC test all: 0.8761321038936906, AUPR test all: 0.7301793051190228, AUROC test unknown: 0.8749672981396595, AUPR test unknown: 0.724510205952376
Epoch: 170, Best AUROC test all: 0.8828124190759701, AUPR test all: 0.7679157898472887, AUROC test unknown: 0.8817104509917807, AUPR test unknown: 0.7633522519433098
pseudo_counter: Counter({0: 10769, -1: 7527, 1: 37})
max_probs: 0.9999971389770508， num of >0.5: 51
AUROC test all: 0.8773615098060951, AUPR test all: 0.729875887331428, AUROC test unknown: 0.8762082649094437, AUPR test unknown: 0.7240320407783769
Epoch: 171, Best AUROC test all: 0.8828124190759701, AUPR test all: 0.7679157898472887, AUROC test unknown: 0.8817104509917807, AUPR test unknown: 0.7633522519433098
pseudo_counter: Counter({0: 10770, -1: 7526, 1: 37})
max_probs: 0.9999850988388062， num of >0.5: 50
AUROC test all: 0.8786692007339104, AUPR test all: 0.7288641180137019, AUROC test unknown: 0.877533787124748, AUPR test unknown: 0.7230118881668665
Epoch: 172, Best AUROC test all: 0.8828124190759701, AUPR test all: 0.7679157898472887, AUROC test unknown: 0.8817104509917807, AUPR test unknown: 0.7633522519433098
pseudo_counter: Counter({0: 10777, -1: 7519, 1: 37})
max_probs: 0.9999853372573853， num of >0.5: 52
AUROC test all: 0.8753089153385735, AUPR test all: 0.7222108912990288, AUROC test unknown: 0.8741363872093407, AUPR test unknown: 0.7161215758224097
Epoch: 173, Best AUROC test all: 0.8828124190759701, AUPR test all: 0.7679157898472887, AUROC test unknown: 0.8817104509917807, AUPR test unknown: 0.7633522519433098
pseudo_counter: Counter({0: 10781, -1: 7515, 1: 37})
max_probs: 0.9999898672103882， num of >0.5: 57
AUROC test all: 0.8767212285319904, AUPR test all: 0.7237432512476931, AUROC test unknown: 0.8755619998207862, AUPR test unknown: 0.7176760219056825
Epoch: 174, Best AUROC test all: 0.8828124190759701, AUPR test all: 0.7679157898472887, AUROC test unknown: 0.8817104509917807, AUPR test unknown: 0.7633522519433098
pseudo_counter: Counter({0: 10789, -1: 7507, 1: 37})
max_probs: 0.9999922513961792， num of >0.5: 57
AUROC test all: 0.8758551993991097, AUPR test all: 0.7213807881870782, AUROC test unknown: 0.8746941968648744, AUPR test unknown: 0.7153680743286722
Epoch: 175, Best AUROC test all: 0.8828124190759701, AUPR test all: 0.7679157898472887, AUROC test unknown: 0.8817104509917807, AUPR test unknown: 0.7633522519433098
pseudo_counter: Counter({0: 10792, -1: 7504, 1: 37})
max_probs: 0.9999825954437256， num of >0.5: 55
AUROC test all: 0.8756412448881311, AUPR test all: 0.719002874807929, AUROC test unknown: 0.8744740518503352, AUPR test unknown: 0.7128745635464714
Epoch: 176, Best AUROC test all: 0.8828124190759701, AUPR test all: 0.7679157898472887, AUROC test unknown: 0.8817104509917807, AUPR test unknown: 0.7633522519433098
pseudo_counter: Counter({0: 10795, -1: 7501, 1: 37})
max_probs: 0.9999864101409912， num of >0.5: 59
AUROC test all: 0.8809078670001063, AUPR test all: 0.7290812876156865, AUROC test unknown: 0.8797879706739504, AUPR test unknown: 0.7231802606030187
Epoch: 177, Best AUROC test all: 0.8828124190759701, AUPR test all: 0.7679157898472887, AUROC test unknown: 0.8817104509917807, AUPR test unknown: 0.7633522519433098
pseudo_counter: Counter({0: 10800, -1: 7496, 1: 37})
max_probs: 0.9999948740005493， num of >0.5: 51
AUROC test all: 0.8805839363012032, AUPR test all: 0.7292614120096943, AUROC test unknown: 0.879464336702644, AUPR test unknown: 0.7233066691891701
Epoch: 178, Best AUROC test all: 0.8828124190759701, AUPR test all: 0.7679157898472887, AUROC test unknown: 0.8817104509917807, AUPR test unknown: 0.7633522519433098
pseudo_counter: Counter({0: 10805, -1: 7491, 1: 37})
max_probs: 0.9999909400939941， num of >0.5: 62
AUROC test all: 0.8821648980477961, AUPR test all: 0.7333249946321957, AUROC test unknown: 0.8810576580667296, AUPR test unknown: 0.7274936751455081
Epoch: 179, Best AUROC test all: 0.8828124190759701, AUPR test all: 0.7679157898472887, AUROC test unknown: 0.8817104509917807, AUPR test unknown: 0.7633522519433098
pseudo_counter: Counter({0: 10808, -1: 7488, 1: 37})
max_probs: 0.9999842643737793， num of >0.5: 58
AUROC test all: 0.8846361471629501, AUPR test all: 0.7323581111988192, AUROC test unknown: 0.8835513101404784, AUPR test unknown: 0.726025679539168
Epoch: 180, Best AUROC test all: 0.8846361471629501, AUPR test all: 0.7679157898472887, AUROC test unknown: 0.8835513101404784, AUPR test unknown: 0.7633522519433098
pseudo_counter: Counter({0: 10812, -1: 7484, 1: 37})
max_probs: 0.9999979734420776， num of >0.5: 56
AUROC test all: 0.8874969263242334, AUPR test all: 0.7416457457246218, AUROC test unknown: 0.886440755241885, AUPR test unknown: 0.7357541636777888
Epoch: 181, Best AUROC test all: 0.8874969263242334, AUPR test all: 0.7679157898472887, AUROC test unknown: 0.886440755241885, AUPR test unknown: 0.7633522519433098
pseudo_counter: Counter({0: 10816, -1: 7480, 1: 37})
max_probs: 0.9999645948410034， num of >0.5: 60
AUROC test all: 0.8878947080341493, AUPR test all: 0.7431864305496436, AUROC test unknown: 0.8868462703814979, AUPR test unknown: 0.7374839642853224
Epoch: 182, Best AUROC test all: 0.8878947080341493, AUPR test all: 0.7679157898472887, AUROC test unknown: 0.8868462703814979, AUPR test unknown: 0.7633522519433098
pseudo_counter: Counter({0: 10824, -1: 7472, 1: 37})
max_probs: 0.9999825954437256， num of >0.5: 56
AUROC test all: 0.888483170331543, AUPR test all: 0.7448099830851721, AUROC test unknown: 0.8875662730929176, AUPR test unknown: 0.7391782635920257
Epoch: 183, Best AUROC test all: 0.888483170331543, AUPR test all: 0.7679157898472887, AUROC test unknown: 0.8875662730929176, AUPR test unknown: 0.7633522519433098
pseudo_counter: Counter({0: 10833, -1: 7463, 1: 37})
max_probs: 0.9999916553497314， num of >0.5: 67
AUROC test all: 0.8896180178804447, AUPR test all: 0.7482433096859744, AUROC test unknown: 0.8885816998653112, AUPR test unknown: 0.7426175898725103
Epoch: 184, Best AUROC test all: 0.8896180178804447, AUPR test all: 0.7679157898472887, AUROC test unknown: 0.8885816998653112, AUPR test unknown: 0.7633522519433098
pseudo_counter: Counter({0: 10837, -1: 7459, 1: 37})
max_probs: 0.9999985694885254， num of >0.5: 59
AUROC test all: 0.8862460495274612, AUPR test all: 0.746146345255922, AUROC test unknown: 0.8853029338585318, AUPR test unknown: 0.7410306482726479
Epoch: 185, Best AUROC test all: 0.8896180178804447, AUPR test all: 0.7679157898472887, AUROC test unknown: 0.8885816998653112, AUPR test unknown: 0.7633522519433098
pseudo_counter: Counter({0: 10845, -1: 7451, 1: 37})
max_probs: 0.999969482421875， num of >0.5: 60
AUROC test all: 0.8862789733899942, AUPR test all: 0.744406235989642, AUROC test unknown: 0.8853772100510108, AUPR test unknown: 0.7391500906570767
Epoch: 186, Best AUROC test all: 0.8896180178804447, AUPR test all: 0.7679157898472887, AUROC test unknown: 0.8885816998653112, AUPR test unknown: 0.7633522519433098
pseudo_counter: Counter({0: 10855, -1: 7441, 1: 37})
max_probs: 0.9999877214431763， num of >0.5: 60
AUROC test all: 0.8828992777264412, AUPR test all: 0.7377545941904453, AUROC test unknown: 0.881798163570123, AUPR test unknown: 0.732036628726639
Epoch: 187, Best AUROC test all: 0.8896180178804447, AUPR test all: 0.7679157898472887, AUROC test unknown: 0.8885816998653112, AUPR test unknown: 0.7633522519433098
pseudo_counter: Counter({0: 10860, -1: 7436, 1: 37})
max_probs: 0.9999970197677612， num of >0.5: 57
AUROC test all: 0.8807603857583827, AUPR test all: 0.7333094166492995, AUROC test unknown: 0.8797989463533491, AUPR test unknown: 0.7278349957403987
Epoch: 188, Best AUROC test all: 0.8896180178804447, AUPR test all: 0.7679157898472887, AUROC test unknown: 0.8885816998653112, AUPR test unknown: 0.7633522519433098
pseudo_counter: Counter({0: 10863, -1: 7433, 1: 37})
max_probs: 0.9999927282333374， num of >0.5: 52
AUROC test all: 0.8797186523018417, AUPR test all: 0.7293809503268367, AUROC test unknown: 0.8786032658681907, AUPR test unknown: 0.7236286596523731
Epoch: 189, Best AUROC test all: 0.8896180178804447, AUPR test all: 0.7679157898472887, AUROC test unknown: 0.8885816998653112, AUPR test unknown: 0.7633522519433098
pseudo_counter: Counter({0: 10870, -1: 7426, 1: 37})
max_probs: 0.999980092048645， num of >0.5: 50
AUROC test all: 0.8773397629463499, AUPR test all: 0.7253410326959301, AUROC test unknown: 0.8762059992023598, AUPR test unknown: 0.7194084824307687
Epoch: 190, Best AUROC test all: 0.8896180178804447, AUPR test all: 0.7679157898472887, AUROC test unknown: 0.8885816998653112, AUPR test unknown: 0.7633522519433098
pseudo_counter: Counter({0: 10872, -1: 7424, 1: 37})
max_probs: 0.9999904632568359， num of >0.5: 51
AUROC test all: 0.8721956463044368, AUPR test all: 0.7140898070265009, AUROC test unknown: 0.870994956480317, AUPR test unknown: 0.7079362520598911
Epoch: 191, Best AUROC test all: 0.8896180178804447, AUPR test all: 0.7679157898472887, AUROC test unknown: 0.8885816998653112, AUPR test unknown: 0.7633522519433098
pseudo_counter: Counter({0: 10874, -1: 7422, 1: 37})
max_probs: 0.9999692440032959， num of >0.5: 46
AUROC test all: 0.8722124348065665, AUPR test all: 0.7148211658029893, AUROC test unknown: 0.8710108071442202, AUPR test unknown: 0.7084578574164039
Epoch: 192, Best AUROC test all: 0.8896180178804447, AUPR test all: 0.7679157898472887, AUROC test unknown: 0.8885816998653112, AUPR test unknown: 0.7633522519433098
pseudo_counter: Counter({0: 10881, -1: 7415, 1: 37})
max_probs: 0.999980092048645， num of >0.5: 48
AUROC test all: 0.8705462794609464, AUPR test all: 0.7061302477311451, AUROC test unknown: 0.8693289839185868, AUPR test unknown: 0.6993047575896962
Epoch: 193, Best AUROC test all: 0.8896180178804447, AUPR test all: 0.7679157898472887, AUROC test unknown: 0.8885816998653112, AUPR test unknown: 0.7633522519433098
pseudo_counter: Counter({0: 10884, -1: 7412, 1: 37})
max_probs: 0.9999692440032959， num of >0.5: 44
AUROC test all: 0.8735049010927245, AUPR test all: 0.7164204724261478, AUROC test unknown: 0.8723366915012307, AUPR test unknown: 0.7102782943900775
Epoch: 194, Best AUROC test all: 0.8896180178804447, AUPR test all: 0.7679157898472887, AUROC test unknown: 0.8885816998653112, AUPR test unknown: 0.7633522519433098
pseudo_counter: Counter({0: 10885, -1: 7411, 1: 37})
max_probs: 0.9999812841415405， num of >0.5: 43
AUROC test all: 0.8748087191660759, AUPR test all: 0.7164402682898143, AUROC test unknown: 0.8736464187667403, AUPR test unknown: 0.7101319746805557
Epoch: 195, Best AUROC test all: 0.8896180178804447, AUPR test all: 0.7679157898472887, AUROC test unknown: 0.8885816998653112, AUPR test unknown: 0.7633522519433098
pseudo_counter: Counter({0: 10888, -1: 7408, 1: 37})
max_probs: 0.9999799728393555， num of >0.5: 44
AUROC test all: 0.8750365368401831, AUPR test all: 0.7186908393543938, AUROC test unknown: 0.873864233074402, AUPR test unknown: 0.7124359299568225
Epoch: 196, Best AUROC test all: 0.8896180178804447, AUPR test all: 0.7679157898472887, AUROC test unknown: 0.8885816998653112, AUPR test unknown: 0.7633522519433098
pseudo_counter: Counter({0: 10894, -1: 7402, 1: 37})
max_probs: 0.9999878406524658， num of >0.5: 46
AUROC test all: 0.8766239656097883, AUPR test all: 0.7218658710724135, AUROC test unknown: 0.8754855507780708, AUPR test unknown: 0.7158170365579226
Epoch: 197, Best AUROC test all: 0.8896180178804447, AUPR test all: 0.7679157898472887, AUROC test unknown: 0.8885816998653112, AUPR test unknown: 0.7633522519433098
pseudo_counter: Counter({0: 10898, -1: 7398, 1: 37})
max_probs: 0.999993085861206， num of >0.5: 46
AUROC test all: 0.8802930766517012, AUPR test all: 0.7310642257809801, AUROC test unknown: 0.8791759233336722, AUPR test unknown: 0.7253600026685207
Epoch: 198, Best AUROC test all: 0.8896180178804447, AUPR test all: 0.7679157898472887, AUROC test unknown: 0.8885816998653112, AUPR test unknown: 0.7633522519433098
pseudo_counter: Counter({0: 10900, -1: 7396, 1: 37})
max_probs: 0.9999943971633911， num of >0.5: 48
AUROC test all: 0.8832078641943566, AUPR test all: 0.7416245066876159, AUROC test unknown: 0.8821095961516409, AUPR test unknown: 0.7360849446296277
Epoch: 199, Best AUROC test all: 0.8896180178804447, AUPR test all: 0.7679157898472887, AUROC test unknown: 0.8885816998653112, AUPR test unknown: 0.7633522519433098
pseudo_counter: Counter({0: 10906, -1: 7390, 1: 37})
max_probs: 0.9999980926513672， num of >0.5: 53
AUROC test all: 0.8869209381139014, AUPR test all: 0.7462182132515212, AUROC test unknown: 0.8858594620895669, AUPR test unknown: 0.7407101935644476
Epoch: 200, Best AUROC test all: 0.8896180178804447, AUPR test all: 0.7679157898472887, AUROC test unknown: 0.8885816998653112, AUPR test unknown: 0.7633522519433098
pseudo_counter: Counter({0: 10909, -1: 7387, 1: 37})
max_probs: 0.9999984502792358， num of >0.5: 49
AUROC test all: 0.8915370494644467, AUPR test all: 0.7568698976300862, AUROC test unknown: 0.8905171429990812, AUPR test unknown: 0.7512718205898633
Epoch: 201, Best AUROC test all: 0.8915370494644467, AUPR test all: 0.7679157898472887, AUROC test unknown: 0.8905171429990812, AUPR test unknown: 0.7633522519433098
pseudo_counter: Counter({0: 10912, -1: 7384, 1: 37})
max_probs: 0.9999905824661255， num of >0.5: 53
AUROC test all: 0.8930753086209647, AUPR test all: 0.7583328744987194, AUROC test unknown: 0.8921624827692511, AUPR test unknown: 0.7532774459752415
Epoch: 202, Best AUROC test all: 0.8930753086209647, AUPR test all: 0.7679157898472887, AUROC test unknown: 0.8921624827692511, AUPR test unknown: 0.7633522519433098
pseudo_counter: Counter({0: 10920, -1: 7376, 1: 37})
max_probs: 0.9999961853027344， num of >0.5: 53
AUROC test all: 0.8923159715690167, AUPR test all: 0.7569811296703886, AUROC test unknown: 0.891377953834361, AUPR test unknown: 0.7520431693707283
Epoch: 203, Best AUROC test all: 0.8930753086209647, AUPR test all: 0.7679157898472887, AUROC test unknown: 0.8921624827692511, AUPR test unknown: 0.7633522519433098
pseudo_counter: Counter({0: 10921, -1: 7375, 1: 37})
max_probs: 0.9999942779541016， num of >0.5: 57
AUROC test all: 0.8905673915773235, AUPR test all: 0.7534685434367171, AUROC test unknown: 0.8896566850198225, AUPR test unknown: 0.748578885054446
Epoch: 204, Best AUROC test all: 0.8930753086209647, AUPR test all: 0.7679157898472887, AUROC test unknown: 0.8921624827692511, AUPR test unknown: 0.7633522519433098
pseudo_counter: Counter({0: 10925, -1: 7371, 1: 37})
max_probs: 0.9999994039535522， num of >0.5: 52
AUROC test all: 0.8905547151083181, AUPR test all: 0.755930704659826, AUROC test unknown: 0.8895255711508631, AUPR test unknown: 0.750836679823888
Epoch: 205, Best AUROC test all: 0.8930753086209647, AUPR test all: 0.7679157898472887, AUROC test unknown: 0.8921624827692511, AUPR test unknown: 0.7633522519433098
pseudo_counter: Counter({0: 10930, -1: 7366, 1: 37})
max_probs: 0.9999426603317261， num of >0.5: 50
AUROC test all: 0.8921288602630872, AUPR test all: 0.7598101070133005, AUROC test unknown: 0.8911144818146828, AUPR test unknown: 0.7548674361976311
Epoch: 206, Best AUROC test all: 0.8930753086209647, AUPR test all: 0.7679157898472887, AUROC test unknown: 0.8921624827692511, AUPR test unknown: 0.7633522519433098
pseudo_counter: Counter({0: 10936, -1: 7360, 1: 37})
max_probs: 0.9999915361404419， num of >0.5: 56
AUROC test all: 0.8915400667952404, AUPR test all: 0.7605599576054958, AUROC test unknown: 0.8905201515609467, AUPR test unknown: 0.7558405713494785
Epoch: 207, Best AUROC test all: 0.8930753086209647, AUPR test all: 0.7679157898472887, AUROC test unknown: 0.8921624827692511, AUPR test unknown: 0.7633522519433098
pseudo_counter: Counter({0: 10944, -1: 7352, 1: 37})
max_probs: 0.9999995231628418， num of >0.5: 54
AUROC test all: 0.8910581585910905, AUPR test all: 0.7567645042141207, AUROC test unknown: 0.8900342873910151, AUPR test unknown: 0.7517889604942852
Epoch: 208, Best AUROC test all: 0.8930753086209647, AUPR test all: 0.7679157898472887, AUROC test unknown: 0.8921624827692511, AUPR test unknown: 0.7633522519433098
pseudo_counter: Counter({0: 10946, -1: 7350, 1: 37})
max_probs: 0.9999984502792358， num of >0.5: 57
AUROC test all: 0.8921442688883297, AUPR test all: 0.7637058871755931, AUROC test unknown: 0.8911306296204988, AUPR test unknown: 0.7590779612136059
Epoch: 209, Best AUROC test all: 0.8930753086209647, AUPR test all: 0.7679157898472887, AUROC test unknown: 0.8921624827692511, AUPR test unknown: 0.7633522519433098
pseudo_counter: Counter({0: 10955, -1: 7341, 1: 37})
max_probs: 0.9999997615814209， num of >0.5: 53
AUROC test all: 0.8899966744967016, AUPR test all: 0.7599336235963805, AUROC test unknown: 0.8889622457985757, AUPR test unknown: 0.7552598046527376
Epoch: 210, Best AUROC test all: 0.8930753086209647, AUPR test all: 0.7679157898472887, AUROC test unknown: 0.8921624827692511, AUPR test unknown: 0.7633522519433098
pseudo_counter: Counter({0: 10958, -1: 7338, 1: 37})
max_probs: 0.9999939203262329， num of >0.5: 51
AUROC test all: 0.8908943856029164, AUPR test all: 0.7599424337529291, AUROC test unknown: 0.8898684729180683, AUPR test unknown: 0.7552122745238197
Epoch: 211, Best AUROC test all: 0.8930753086209647, AUPR test all: 0.7679157898472887, AUROC test unknown: 0.8921624827692511, AUPR test unknown: 0.7633522519433098
pseudo_counter: Counter({0: 10963, -1: 7333, 1: 37})
max_probs: 0.9999986886978149， num of >0.5: 55
AUROC test all: 0.887798916980627, AUPR test all: 0.7557583626183977, AUROC test unknown: 0.8867439699923809, AUPR test unknown: 0.7511006545490458
Epoch: 212, Best AUROC test all: 0.8930753086209647, AUPR test all: 0.7679157898472887, AUROC test unknown: 0.8921624827692511, AUPR test unknown: 0.7633522519433098
pseudo_counter: Counter({0: 10965, -1: 7331, 1: 37})
max_probs: 0.9999945163726807， num of >0.5: 54
AUROC test all: 0.8860458109927432, AUPR test all: 0.7507461704853651, AUROC test unknown: 0.8850595653463816, AUPR test unknown: 0.7461058581480184
Epoch: 213, Best AUROC test all: 0.8930753086209647, AUPR test all: 0.7679157898472887, AUROC test unknown: 0.8921624827692511, AUPR test unknown: 0.7633522519433098
pseudo_counter: Counter({0: 10969, -1: 7327, 1: 37})
max_probs: 0.9999912977218628， num of >0.5: 48
AUROC test all: 0.8853650073340456, AUPR test all: 0.7485432933421239, AUROC test unknown: 0.8842870799446387, AUPR test unknown: 0.743541653344732
Epoch: 214, Best AUROC test all: 0.8930753086209647, AUPR test all: 0.7679157898472887, AUROC test unknown: 0.8921624827692511, AUPR test unknown: 0.7633522519433098
pseudo_counter: Counter({0: 10973, -1: 7323, 1: 37})
max_probs: 0.9999960660934448， num of >0.5: 49
AUROC test all: 0.8866234734536985, AUPR test all: 0.7492288330629453, AUROC test unknown: 0.8855911243710689, AUPR test unknown: 0.7442408384068014
Epoch: 215, Best AUROC test all: 0.8930753086209647, AUPR test all: 0.7679157898472887, AUROC test unknown: 0.8921624827692511, AUPR test unknown: 0.7633522519433098
pseudo_counter: Counter({0: 10975, -1: 7321, 1: 37})
max_probs: 0.999994158744812， num of >0.5: 48
AUROC test all: 0.8845644947557778, AUPR test all: 0.7432204862051454, AUROC test unknown: 0.8834790210845402, AUPR test unknown: 0.7377684216890374
Epoch: 216, Best AUROC test all: 0.8930753086209647, AUPR test all: 0.7679157898472887, AUROC test unknown: 0.8921624827692511, AUPR test unknown: 0.7633522519433098
pseudo_counter: Counter({0: 10977, -1: 7319, 1: 37})
max_probs: 0.9999892711639404， num of >0.5: 44
AUROC test all: 0.8841797298844997, AUPR test all: 0.7410056680914967, AUROC test unknown: 0.8830906008905899, AUPR test unknown: 0.7356747411124547
Epoch: 217, Best AUROC test all: 0.8930753086209647, AUPR test all: 0.7679157898472887, AUROC test unknown: 0.8921624827692511, AUPR test unknown: 0.7633522519433098
pseudo_counter: Counter({0: 10983, -1: 7313, 1: 37})
max_probs: 0.999994158744812， num of >0.5: 49
AUROC test all: 0.8808775097085837, AUPR test all: 0.7340767377046529, AUROC test unknown: 0.8797974977865249, AUPR test unknown: 0.7288025620044064
Epoch: 218, Best AUROC test all: 0.8930753086209647, AUPR test all: 0.7679157898472887, AUROC test unknown: 0.8921624827692511, AUPR test unknown: 0.7633522519433098
pseudo_counter: Counter({0: 10988, -1: 7308, 1: 37})
max_probs: 0.9999958276748657， num of >0.5: 47
AUROC test all: 0.883825064727725, AUPR test all: 0.7373276405912629, AUROC test unknown: 0.882774850465654, AUPR test unknown: 0.7318154087680107
Epoch: 219, Best AUROC test all: 0.8930753086209647, AUPR test all: 0.7679157898472887, AUROC test unknown: 0.8921624827692511, AUPR test unknown: 0.7633522519433098
pseudo_counter: Counter({0: 10991, -1: 7305, 1: 37})
max_probs: 0.999981164932251， num of >0.5: 49
AUROC test all: 0.8856142774941619, AUPR test all: 0.7396986635078147, AUROC test unknown: 0.8846181238923918, AUPR test unknown: 0.7342383197441864
Epoch: 220, Best AUROC test all: 0.8930753086209647, AUPR test all: 0.7679157898472887, AUROC test unknown: 0.8921624827692511, AUPR test unknown: 0.7633522519433098
pseudo_counter: Counter({0: 10992, -1: 7304, 1: 37})
max_probs: 0.9999991655349731， num of >0.5: 50
AUROC test all: 0.888415850737797, AUPR test all: 0.7421304031433028, AUROC test unknown: 0.8873665751562433, AUPR test unknown: 0.7367161132035517
Epoch: 221, Best AUROC test all: 0.8930753086209647, AUPR test all: 0.7679157898472887, AUROC test unknown: 0.8921624827692511, AUPR test unknown: 0.7633522519433098
pseudo_counter: Counter({0: 10994, -1: 7302, 1: 37})
max_probs: 0.9999994039535522， num of >0.5: 48
AUROC test all: 0.8888366855909116, AUPR test all: 0.7383153255803361, AUROC test unknown: 0.8877919059471562, AUPR test unknown: 0.7323786161629624
Epoch: 222, Best AUROC test all: 0.8930753086209647, AUPR test all: 0.7679157898472887, AUROC test unknown: 0.8921624827692511, AUPR test unknown: 0.7633522519433098
pseudo_counter: Counter({0: 11000, -1: 7296, 1: 37})
max_probs: 0.9999932050704956， num of >0.5: 46
AUROC test all: 0.8925082252161463, AUPR test all: 0.7491281624246139, AUROC test unknown: 0.8914974327403031, AUPR test unknown: 0.7434138839882618
Epoch: 223, Best AUROC test all: 0.8930753086209647, AUPR test all: 0.7679157898472887, AUROC test unknown: 0.8921624827692511, AUPR test unknown: 0.7633522519433098
pseudo_counter: Counter({0: 11008, -1: 7288, 1: 37})
max_probs: 0.9999990463256836， num of >0.5: 52
AUROC test all: 0.8945803035453176, AUPR test all: 0.7526811628116776, AUROC test unknown: 0.8935892003771846, AUPR test unknown: 0.7471445529891683
Epoch: 224, Best AUROC test all: 0.8945803035453176, AUPR test all: 0.7679157898472887, AUROC test unknown: 0.8935892003771846, AUPR test unknown: 0.7633522519433098
pseudo_counter: Counter({0: 11011, -1: 7285, 1: 37})
max_probs: 0.999998927116394， num of >0.5: 54
AUROC test all: 0.8969706458789747, AUPR test all: 0.7579558947607796, AUROC test unknown: 0.8960017977085715, AUPR test unknown: 0.7527481656941786
Epoch: 225, Best AUROC test all: 0.8969706458789747, AUPR test all: 0.7679157898472887, AUROC test unknown: 0.8960017977085715, AUPR test unknown: 0.7633522519433098
pseudo_counter: Counter({0: 11015, -1: 7281, 1: 37})
max_probs: 0.9999932050704956， num of >0.5: 52
AUROC test all: 0.8964611769337939, AUPR test all: 0.753301858815185, AUROC test unknown: 0.8954875936287202, AUPR test unknown: 0.7479094505422502
Epoch: 226, Best AUROC test all: 0.8969706458789747, AUPR test all: 0.7679157898472887, AUROC test unknown: 0.8960017977085715, AUPR test unknown: 0.7633522519433098
pseudo_counter: Counter({0: 11018, -1: 7278, 1: 37})
max_probs: 0.999987006187439， num of >0.5: 55
AUROC test all: 0.8962030479640606, AUPR test all: 0.7562173936213176, AUROC test unknown: 0.8952269815999514, AUPR test unknown: 0.7508460174382228
Epoch: 227, Best AUROC test all: 0.8969706458789747, AUPR test all: 0.7679157898472887, AUROC test unknown: 0.8960017977085715, AUPR test unknown: 0.7633522519433098
pseudo_counter: Counter({0: 11021, -1: 7275, 1: 37})
max_probs: 0.999996542930603， num of >0.5: 61
AUROC test all: 0.8960923082442585, AUPR test all: 0.7545786574586215, AUROC test unknown: 0.895115200526684, AUPR test unknown: 0.7491488427503644
Epoch: 228, Best AUROC test all: 0.8969706458789747, AUPR test all: 0.7679157898472887, AUROC test unknown: 0.8960017977085715, AUPR test unknown: 0.7633522519433098
pseudo_counter: Counter({0: 11027, -1: 7269, 1: 37})
max_probs: 0.9999973773956299， num of >0.5: 59
AUROC test all: 0.8932633674423568, AUPR test all: 0.7493336185245261, AUROC test unknown: 0.8922596574603745, AUPR test unknown: 0.7438296361776411
Epoch: 229, Best AUROC test all: 0.8969706458789747, AUPR test all: 0.7679157898472887, AUROC test unknown: 0.8960017977085715, AUPR test unknown: 0.7633522519433098
pseudo_counter: Counter({0: 11035, -1: 7261, 1: 37})
max_probs: 0.9999972581863403， num of >0.5: 49
AUROC test all: 0.8909065377187048, AUPR test all: 0.7441952529086922, AUROC test unknown: 0.889880702164911, AUPR test unknown: 0.7384415357944834
Epoch: 230, Best AUROC test all: 0.8969706458789747, AUPR test all: 0.7679157898472887, AUROC test unknown: 0.8960017977085715, AUPR test unknown: 0.7633522519433098
pseudo_counter: Counter({0: 11039, -1: 7257, 1: 37})
max_probs: 0.9999994039535522， num of >0.5: 46
AUROC test all: 0.8903157940248569, AUPR test all: 0.7446788789759055, AUROC test unknown: 0.8892844033460037, AUPR test unknown: 0.7391129509599219
Epoch: 231, Best AUROC test all: 0.8969706458789747, AUPR test all: 0.7679157898472887, AUROC test unknown: 0.8960017977085715, AUPR test unknown: 0.7633522519433098
pseudo_counter: Counter({0: 11044, -1: 7252, 1: 37})
max_probs: 0.9999966621398926， num of >0.5: 45
AUROC test all: 0.886461420712044, AUPR test all: 0.7336630590364414, AUROC test unknown: 0.8853938592838044, AUPR test unknown: 0.7276563119774806
Epoch: 232, Best AUROC test all: 0.8969706458789747, AUPR test all: 0.7679157898472887, AUROC test unknown: 0.8960017977085715, AUPR test unknown: 0.7633522519433098
pseudo_counter: Counter({0: 11048, -1: 7248, 1: 37})
max_probs: 0.9999997615814209， num of >0.5: 44
AUROC test all: 0.8851020855919235, AUPR test all: 0.730058633065364, AUROC test unknown: 0.8841107169337925, AUPR test unknown: 0.7243275436306232
Epoch: 233, Best AUROC test all: 0.8969706458789747, AUPR test all: 0.7679157898472887, AUROC test unknown: 0.8960017977085715, AUPR test unknown: 0.7633522519433098
pseudo_counter: Counter({0: 11050, -1: 7246, 1: 37})
max_probs: 0.9999874830245972， num of >0.5: 48
AUROC test all: 0.8815792874959696, AUPR test all: 0.7266344971657557, AUROC test unknown: 0.8804665592312939, AUPR test unknown: 0.7205090077425345
Epoch: 234, Best AUROC test all: 0.8969706458789747, AUPR test all: 0.7679157898472887, AUROC test unknown: 0.8960017977085715, AUPR test unknown: 0.7633522519433098
pseudo_counter: Counter({0: 11052, -1: 7244, 1: 37})
max_probs: 0.999998927116394， num of >0.5: 44
AUROC test all: 0.8815173034261883, AUPR test all: 0.7242401970412997, AUROC test unknown: 0.8804031937184199, AUPR test unknown: 0.7180676372111542
Epoch: 235, Best AUROC test all: 0.8969706458789747, AUPR test all: 0.7679157898472887, AUROC test unknown: 0.8960017977085715, AUPR test unknown: 0.7633522519433098
pseudo_counter: Counter({0: 11056, -1: 7240, 1: 37})
max_probs: 0.9999775886535645， num of >0.5: 44
AUROC test all: 0.8829010715663949, AUPR test all: 0.7238959311609019, AUROC test unknown: 0.8817999928500226, AUPR test unknown: 0.7177226247832611
Epoch: 236, Best AUROC test all: 0.8969706458789747, AUPR test all: 0.7679157898472887, AUROC test unknown: 0.8960017977085715, AUPR test unknown: 0.7633522519433098
pseudo_counter: Counter({0: 11057, -1: 7239, 1: 37})
max_probs: 0.9999854564666748， num of >0.5: 44
AUROC test all: 0.8803784450351341, AUPR test all: 0.7220232558099198, AUROC test unknown: 0.8793719998532862, AUPR test unknown: 0.7161955847123737
Epoch: 237, Best AUROC test all: 0.8969706458789747, AUPR test all: 0.7679157898472887, AUROC test unknown: 0.8960017977085715, AUPR test unknown: 0.7633522519433098
pseudo_counter: Counter({0: 11059, -1: 7236, 1: 38})
max_probs: 0.9999899864196777， num of >0.5: 44
AUROC test all: 0.8831965584030593, AUPR test all: 0.7258473328770594, AUROC test unknown: 0.8820984069014923, AUPR test unknown: 0.7195388674035381
Epoch: 238, Best AUROC test all: 0.8969706458789747, AUPR test all: 0.7679157898472887, AUROC test unknown: 0.8960017977085715, AUPR test unknown: 0.7633522519433098
pseudo_counter: Counter({0: 11061, -1: 7234, 1: 38})
max_probs: 0.9999583959579468， num of >0.5: 44
AUROC test all: 0.8873861314093557, AUPR test all: 0.7342554333351762, AUROC test unknown: 0.8863276184586413, AUPR test unknown: 0.7282905804955128
Epoch: 239, Best AUROC test all: 0.8969706458789747, AUPR test all: 0.7679157898472887, AUROC test unknown: 0.8960017977085715, AUPR test unknown: 0.7633522519433098
pseudo_counter: Counter({0: 11063, -1: 7232, 1: 38})
max_probs: 0.9999971389770508， num of >0.5: 45
AUROC test all: 0.8886575775709291, AUPR test all: 0.7405253447749368, AUROC test unknown: 0.8876106122376969, AUPR test unknown: 0.734735808120907
Epoch: 240, Best AUROC test all: 0.8969706458789747, AUPR test all: 0.7679157898472887, AUROC test unknown: 0.8960017977085715, AUPR test unknown: 0.7633522519433098
pseudo_counter: Counter({0: 11067, -1: 7228, 1: 38})
max_probs: 0.9999938011169434， num of >0.5: 44
AUROC test all: 0.8931933708874494, AUPR test all: 0.7457260341617116, AUROC test unknown: 0.8921893369696074, AUPR test unknown: 0.7399440031009836
Epoch: 241, Best AUROC test all: 0.8969706458789747, AUPR test all: 0.7679157898472887, AUROC test unknown: 0.8960017977085715, AUPR test unknown: 0.7633522519433098
pseudo_counter: Counter({0: 11069, -1: 7226, 1: 38})
max_probs: 0.9999737739562988， num of >0.5: 44
AUROC test all: 0.8945143454301007, AUPR test all: 0.7539098990564517, AUROC test unknown: 0.8936131760152619, AUPR test unknown: 0.7487879125829293
Epoch: 242, Best AUROC test all: 0.8969706458789747, AUPR test all: 0.7679157898472887, AUROC test unknown: 0.8960017977085715, AUPR test unknown: 0.7633522519433098
pseudo_counter: Counter({0: 11072, -1: 7223, 1: 38})
max_probs: 0.9999806880950928， num of >0.5: 46
AUROC test all: 0.9015013888460871, AUPR test all: 0.7614841795554167, AUROC test unknown: 0.900575146029, AUPR test unknown: 0.7561444590557902
Epoch: 243, Best AUROC test all: 0.9015013888460871, AUPR test all: 0.7679157898472887, AUROC test unknown: 0.900575146029, AUPR test unknown: 0.7633522519433098
pseudo_counter: Counter({0: 11072, -1: 7223, 1: 38})
max_probs: 0.9999362230300903， num of >0.5: 51
AUROC test all: 0.9009412600207811, AUPR test all: 0.7652946768787507, AUROC test unknown: 0.9000831068786961, AUPR test unknown: 0.760325276984684
Epoch: 244, Best AUROC test all: 0.9015013888460871, AUPR test all: 0.7679157898472887, AUROC test unknown: 0.900575146029, AUPR test unknown: 0.7633522519433098
pseudo_counter: Counter({0: 11077, -1: 7218, 1: 38})
max_probs: 0.9999943971633911， num of >0.5: 51
AUROC test all: 0.9011195309154518, AUPR test all: 0.7633177140028992, AUROC test unknown: 0.9001897343969157, AUPR test unknown: 0.7578361560709319
Epoch: 245, Best AUROC test all: 0.9015013888460871, AUPR test all: 0.7679157898472887, AUROC test unknown: 0.900575146029, AUPR test unknown: 0.7633522519433098
pseudo_counter: Counter({0: 11080, -1: 7215, 1: 38})
max_probs: 0.9999983310699463， num of >0.5: 54
AUROC test all: 0.8993376314965179, AUPR test all: 0.7589463746741509, AUROC test unknown: 0.8983915243983688, AUPR test unknown: 0.7534309221174498
Epoch: 246, Best AUROC test all: 0.9015013888460871, AUPR test all: 0.7679157898472887, AUROC test unknown: 0.900575146029, AUPR test unknown: 0.7633522519433098
pseudo_counter: Counter({0: 11087, -1: 7208, 1: 38})
max_probs: 0.9999991655349731， num of >0.5: 59
AUROC test all: 0.8992219150207418, AUPR test all: 0.759281404620024, AUROC test unknown: 0.8982742554854023, AUPR test unknown: 0.7535659950626795
Epoch: 247, Best AUROC test all: 0.9015013888460871, AUPR test all: 0.7679157898472887, AUROC test unknown: 0.900575146029, AUPR test unknown: 0.7633522519433098
pseudo_counter: Counter({0: 11089, -1: 7206, 1: 38})
max_probs: 0.9999998807907104， num of >0.5: 57
AUROC test all: 0.8991559017104495, AUPR test all: 0.7552591507396438, AUROC test unknown: 0.8982978411247192, AUPR test unknown: 0.7492132183432572
Epoch: 248, Best AUROC test all: 0.9015013888460871, AUPR test all: 0.7679157898472887, AUROC test unknown: 0.900575146029, AUPR test unknown: 0.7633522519433098
pseudo_counter: Counter({0: 11089, -1: 7206, 1: 38})
max_probs: 0.9999912977218628， num of >0.5: 51
AUROC test all: 0.8960780587156013, AUPR test all: 0.7551649264109344, AUROC test unknown: 0.8951009470005613, AUPR test unknown: 0.7494274601699555
Epoch: 249, Best AUROC test all: 0.9015013888460871, AUPR test all: 0.7679157898472887, AUROC test unknown: 0.900575146029, AUPR test unknown: 0.7633522519433098
pseudo_counter: Counter({0: 11094, -1: 7201, 1: 38})
max_probs: 0.9999959468841553， num of >0.5: 52
AUROC test all: 0.8953502748484781, AUPR test all: 0.7513662227643824, AUROC test unknown: 0.8943674150464308, AUPR test unknown: 0.7456969407116656
Epoch: 250, Best AUROC test all: 0.9015013888460871, AUPR test all: 0.7679157898472887, AUROC test unknown: 0.900575146029, AUPR test unknown: 0.7633522519433098
pseudo_counter: Counter({0: 11097, -1: 7198, 1: 38})
max_probs: 0.9999969005584717， num of >0.5: 54
AUROC test all: 0.8953857008877668, AUPR test all: 0.7494003987768965, AUROC test unknown: 0.8944021899358963, AUPR test unknown: 0.743329427996966
Epoch: 251, Best AUROC test all: 0.9015013888460871, AUPR test all: 0.7679157898472887, AUROC test unknown: 0.900575146029, AUPR test unknown: 0.7633522519433098
pseudo_counter: Counter({0: 11100, -1: 7195, 1: 38})
max_probs: 0.9999994039535522， num of >0.5: 51
AUROC test all: 0.8935633342793156, AUPR test all: 0.7530701330510888, AUROC test unknown: 0.8925625193548492, AUPR test unknown: 0.7473981321706866
Epoch: 252, Best AUROC test all: 0.9015013888460871, AUPR test all: 0.7679157898472887, AUROC test unknown: 0.900575146029, AUPR test unknown: 0.7633522519433098
pseudo_counter: Counter({0: 11104, -1: 7191, 1: 38})
max_probs: 0.9999957084655762， num of >0.5: 57
AUROC test all: 0.8920819536480956, AUPR test all: 0.7519103704674799, AUROC test unknown: 0.8910673569644725, AUPR test unknown: 0.7461496373632686
Epoch: 253, Best AUROC test all: 0.9015013888460871, AUPR test all: 0.7679157898472887, AUROC test unknown: 0.900575146029, AUPR test unknown: 0.7633522519433098
pseudo_counter: Counter({0: 11107, -1: 7188, 1: 38})
max_probs: 0.9999908208847046， num of >0.5: 47
AUROC test all: 0.8916974555530156, AUPR test all: 0.7519496760759136, AUROC test unknown: 0.8906790203416856, AUPR test unknown: 0.7465685017593492
Epoch: 254, Best AUROC test all: 0.9015013888460871, AUPR test all: 0.7679157898472887, AUROC test unknown: 0.900575146029, AUPR test unknown: 0.7633522519433098
pseudo_counter: Counter({0: 11109, -1: 7186, 1: 38})
max_probs: 0.9999979734420776， num of >0.5: 46
AUROC test all: 0.8879972328868818, AUPR test all: 0.7448303275600876, AUROC test unknown: 0.8869441879274027, AUPR test unknown: 0.7391757020753762
Epoch: 255, Best AUROC test all: 0.9015013888460871, AUPR test all: 0.7679157898472887, AUROC test unknown: 0.900575146029, AUPR test unknown: 0.7633522519433098
pseudo_counter: Counter({0: 11113, -1: 7182, 1: 38})
max_probs: 0.9999978542327881， num of >0.5: 46
AUROC test all: 0.888366524738663, AUPR test all: 0.7382665528432574, AUROC test unknown: 0.8873168038858734, AUPR test unknown: 0.7320813708080509
Epoch: 256, Best AUROC test all: 0.9015013888460871, AUPR test all: 0.7679157898472887, AUROC test unknown: 0.900575146029, AUPR test unknown: 0.7633522519433098
pseudo_counter: Counter({0: 11114, -1: 7181, 1: 38})
max_probs: 0.9999730587005615， num of >0.5: 48
AUROC test all: 0.8858021063360726, AUPR test all: 0.7370737944862413, AUROC test unknown: 0.8847310749619404, AUPR test unknown: 0.7309559318586927
Epoch: 257, Best AUROC test all: 0.9015013888460871, AUPR test all: 0.7679157898472887, AUROC test unknown: 0.900575146029, AUPR test unknown: 0.7633522519433098
pseudo_counter: Counter({0: 11117, -1: 7178, 1: 38})
max_probs: 0.9999908208847046， num of >0.5: 48
AUROC test all: 0.8846533496281461, AUPR test all: 0.7348654058012616, AUROC test unknown: 0.8835687672278469, AUPR test unknown: 0.728907001951951
Epoch: 258, Best AUROC test all: 0.9015013888460871, AUPR test all: 0.7679157898472887, AUROC test unknown: 0.900575146029, AUPR test unknown: 0.7633522519433098
pseudo_counter: Counter({0: 11120, -1: 7175, 1: 38})
max_probs: 0.9999949932098389， num of >0.5: 47
AUROC test all: 0.8824976507595992, AUPR test all: 0.7298730234692951, AUROC test unknown: 0.8813997426936749, AUPR test unknown: 0.7238828259566122
Epoch: 259, Best AUROC test all: 0.9015013888460871, AUPR test all: 0.7679157898472887, AUROC test unknown: 0.900575146029, AUPR test unknown: 0.7633522519433098
pseudo_counter: Counter({0: 11124, -1: 7171, 1: 38})
max_probs: 0.9999961853027344， num of >0.5: 47
AUROC test all: 0.8813696106033418, AUPR test all: 0.7270405035470359, AUROC test unknown: 0.8802541306207992, AUPR test unknown: 0.7204280903083522
Epoch: 260, Best AUROC test all: 0.9015013888460871, AUPR test all: 0.7679157898472887, AUROC test unknown: 0.900575146029, AUPR test unknown: 0.7633522519433098
pseudo_counter: Counter({0: 11132, -1: 7163, 1: 38})
max_probs: 0.9999924898147583， num of >0.5: 47
AUROC test all: 0.8823985020056511, AUPR test all: 0.7258505794042263, AUROC test unknown: 0.8812926787482711, AUPR test unknown: 0.7194141070976356
Epoch: 261, Best AUROC test all: 0.9015013888460871, AUPR test all: 0.7679157898472887, AUROC test unknown: 0.900575146029, AUPR test unknown: 0.7633522519433098
pseudo_counter: Counter({0: 11132, -1: 7163, 1: 38})
max_probs: 0.9999887943267822， num of >0.5: 44
AUROC test all: 0.8835821879971869, AUPR test all: 0.7283095415092378, AUROC test unknown: 0.8825109513044762, AUPR test unknown: 0.7220446716441817
Epoch: 262, Best AUROC test all: 0.9015013888460871, AUPR test all: 0.7679157898472887, AUROC test unknown: 0.900575146029, AUPR test unknown: 0.7633522519433098
pseudo_counter: Counter({0: 11135, -1: 7160, 1: 38})
max_probs: 0.9999681711196899， num of >0.5: 45
AUROC test all: 0.884046939732037, AUPR test all: 0.7270252503686804, AUROC test unknown: 0.8829596263069022, AUPR test unknown: 0.7205711112352928
Epoch: 263, Best AUROC test all: 0.9015013888460871, AUPR test all: 0.7679157898472887, AUROC test unknown: 0.900575146029, AUPR test unknown: 0.7633522519433098
pseudo_counter: Counter({0: 11139, -1: 7156, 1: 38})
max_probs: 0.9999945163726807， num of >0.5: 48
AUROC test all: 0.8853328010074941, AUPR test all: 0.7314441982447926, AUROC test unknown: 0.8842546079049964, AUPR test unknown: 0.725277499916917
Epoch: 264, Best AUROC test all: 0.9015013888460871, AUPR test all: 0.7679157898472887, AUROC test unknown: 0.900575146029, AUPR test unknown: 0.7633522519433098
pseudo_counter: Counter({0: 11142, -1: 7153, 1: 38})
max_probs: 0.9999974966049194， num of >0.5: 46
AUROC test all: 0.8893752331416991, AUPR test all: 0.7355829785703507, AUROC test unknown: 0.8883350906491762, AUPR test unknown: 0.7290787568984992
Epoch: 265, Best AUROC test all: 0.9015013888460871, AUPR test all: 0.7679157898472887, AUROC test unknown: 0.900575146029, AUPR test unknown: 0.7633522519433098
pseudo_counter: Counter({0: 11146, -1: 7149, 1: 38})
max_probs: 0.9999949932098389， num of >0.5: 49
AUROC test all: 0.8900544177448488, AUPR test all: 0.7436760089367844, AUROC test unknown: 0.889021312039401, AUPR test unknown: 0.737710888715694
Epoch: 266, Best AUROC test all: 0.9015013888460871, AUPR test all: 0.7679157898472887, AUROC test unknown: 0.900575146029, AUPR test unknown: 0.7633522519433098
pseudo_counter: Counter({0: 11153, -1: 7142, 1: 38})
max_probs: 0.9999958276748657， num of >0.5: 48
AUROC test all: 0.8912025857053034, AUPR test all: 0.7459873653669742, AUROC test unknown: 0.8901950225943924, AUPR test unknown: 0.7403351637160144
Epoch: 267, Best AUROC test all: 0.9015013888460871, AUPR test all: 0.7679157898472887, AUROC test unknown: 0.900575146029, AUPR test unknown: 0.7633522519433098
pseudo_counter: Counter({0: 11156, -1: 7139, 1: 38})
max_probs: 0.9999903440475464， num of >0.5: 50
AUROC test all: 0.892912722326914, AUPR test all: 0.7464074299175564, AUROC test unknown: 0.8919143507008138, AUPR test unknown: 0.740316959429403
Epoch: 268, Best AUROC test all: 0.9015013888460871, AUPR test all: 0.7679157898472887, AUROC test unknown: 0.900575146029, AUPR test unknown: 0.7633522519433098
pseudo_counter: Counter({0: 11161, -1: 7134, 1: 38})
max_probs: 0.9999995231628418， num of >0.5: 50
AUROC test all: 0.8909334729155464, AUPR test all: 0.744879379936151, AUROC test unknown: 0.8899081877918317, AUPR test unknown: 0.7390522702916739
Epoch: 269, Best AUROC test all: 0.9015013888460871, AUPR test all: 0.7679157898472887, AUROC test unknown: 0.900575146029, AUPR test unknown: 0.7633522519433098
pseudo_counter: Counter({0: 11166, -1: 7129, 1: 38})
max_probs: 0.999998927116394， num of >0.5: 47
AUROC test all: 0.891248195236021, AUPR test all: 0.7458886239330295, AUROC test unknown: 0.8902255539259178, AUPR test unknown: 0.7401522244975732
Epoch: 270, Best AUROC test all: 0.9015013888460871, AUPR test all: 0.7679157898472887, AUROC test unknown: 0.900575146029, AUPR test unknown: 0.7633522519433098
pseudo_counter: Counter({0: 11169, -1: 7126, 1: 38})
max_probs: 0.9999895095825195， num of >0.5: 48
AUROC test all: 0.8898494784295344, AUPR test all: 0.7432640003642972, AUROC test unknown: 0.8888137026993023, AUPR test unknown: 0.7375075967111908
Epoch: 271, Best AUROC test all: 0.9015013888460871, AUPR test all: 0.7679157898472887, AUROC test unknown: 0.900575146029, AUPR test unknown: 0.7633522519433098
pseudo_counter: Counter({0: 11173, -1: 7122, 1: 38})
max_probs: 0.999991774559021， num of >0.5: 49
AUROC test all: 0.8883785112692245, AUPR test all: 0.7433254938494485, AUROC test unknown: 0.8873289774186075, AUPR test unknown: 0.7372947169028499
Epoch: 272, Best AUROC test all: 0.9015013888460871, AUPR test all: 0.7679157898472887, AUROC test unknown: 0.900575146029, AUPR test unknown: 0.7633522519433098
pseudo_counter: Counter({0: 11175, -1: 7120, 1: 38})
max_probs: 0.9999978542327881， num of >0.5: 47
AUROC test all: 0.8860720470519621, AUPR test all: 0.7372580435924854, AUROC test unknown: 0.885069296744021, AUPR test unknown: 0.7316295696167017
Epoch: 273, Best AUROC test all: 0.9015013888460871, AUPR test all: 0.7679157898472887, AUROC test unknown: 0.900575146029, AUPR test unknown: 0.7633522519433098
pseudo_counter: Counter({0: 11179, -1: 7116, 1: 38})
max_probs: 0.9999994039535522， num of >0.5: 45
AUROC test all: 0.8842511799097285, AUPR test all: 0.7305451660142106, AUROC test unknown: 0.8831860855870852, AUPR test unknown: 0.724426518376371
Epoch: 274, Best AUROC test all: 0.9015013888460871, AUPR test all: 0.7679157898472887, AUROC test unknown: 0.900575146029, AUPR test unknown: 0.7633522519433098
pseudo_counter: Counter({0: 11182, -1: 7113, 1: 38})
max_probs: 0.9999980926513672， num of >0.5: 45
AUROC test all: 0.8812890625898357, AUPR test all: 0.7240852965961426, AUROC test unknown: 0.8801888151141235, AUPR test unknown: 0.717646688410986
Epoch: 275, Best AUROC test all: 0.9015013888460871, AUPR test all: 0.7679157898472887, AUROC test unknown: 0.900575146029, AUPR test unknown: 0.7633522519433098
pseudo_counter: Counter({0: 11184, -1: 7111, 1: 38})
max_probs: 0.9999963045120239， num of >0.5: 44
AUROC test all: 0.8806307785219402, AUPR test all: 0.7210530672158325, AUROC test unknown: 0.8795083137057171, AUPR test unknown: 0.7143011274575166
Epoch: 276, Best AUROC test all: 0.9015013888460871, AUPR test all: 0.7679157898472887, AUROC test unknown: 0.900575146029, AUPR test unknown: 0.7633522519433098
pseudo_counter: Counter({0: 11187, -1: 7108, 1: 38})
max_probs: 0.9999953508377075， num of >0.5: 43
AUROC test all: 0.8786067383068081, AUPR test all: 0.7158579022646967, AUROC test unknown: 0.877479447297471, AUPR test unknown: 0.709106577168071
Epoch: 277, Best AUROC test all: 0.9015013888460871, AUPR test all: 0.7679157898472887, AUROC test unknown: 0.900575146029, AUPR test unknown: 0.7633522519433098
pseudo_counter: Counter({0: 11193, -1: 7102, 1: 38})
max_probs: 0.9999785423278809， num of >0.5: 44
AUROC test all: 0.8750219101451768, AUPR test all: 0.7039678835850547, AUROC test unknown: 0.8738469802720984, AUPR test unknown: 0.696493156452811
Epoch: 278, Best AUROC test all: 0.9015013888460871, AUPR test all: 0.7679157898472887, AUROC test unknown: 0.900575146029, AUPR test unknown: 0.7633522519433098
pseudo_counter: Counter({0: 11194, -1: 7101, 1: 38})
max_probs: 0.9999899864196777， num of >0.5: 42
AUROC test all: 0.876046266352116, AUPR test all: 0.7073009854548122, AUROC test unknown: 0.874880764843283, AUPR test unknown: 0.6998589176888914
Epoch: 279, Best AUROC test all: 0.9015013888460871, AUPR test all: 0.7679157898472887, AUROC test unknown: 0.900575146029, AUPR test unknown: 0.7633522519433098
pseudo_counter: Counter({0: 11196, -1: 7099, 1: 38})
max_probs: 0.999993085861206， num of >0.5: 43
AUROC test all: 0.877502652813316, AUPR test all: 0.7087680248211603, AUROC test unknown: 0.8763507723136168, AUPR test unknown: 0.7015833519295375
Epoch: 280, Best AUROC test all: 0.9015013888460871, AUPR test all: 0.7679157898472887, AUROC test unknown: 0.900575146029, AUPR test unknown: 0.7633522519433098
pseudo_counter: Counter({0: 11200, -1: 7095, 1: 38})
max_probs: 0.9999990463256836， num of >0.5: 44
AUROC test all: 0.877711087816745, AUPR test all: 0.7081850105495833, AUROC test unknown: 0.8765831001465745, AUPR test unknown: 0.701241047267221
Epoch: 281, Best AUROC test all: 0.9015013888460871, AUPR test all: 0.7679157898472887, AUROC test unknown: 0.900575146029, AUPR test unknown: 0.7633522519433098
pseudo_counter: Counter({0: 11204, -1: 7091, 1: 38})
max_probs: 0.9999957084655762， num of >0.5: 43
AUROC test all: 0.8861289899715147, AUPR test all: 0.7248559625550417, AUROC test unknown: 0.8850809595640929, AUPR test unknown: 0.7183581766492381
Epoch: 282, Best AUROC test all: 0.9015013888460871, AUPR test all: 0.7679157898472887, AUROC test unknown: 0.900575146029, AUPR test unknown: 0.7633522519433098
pseudo_counter: Counter({0: 11206, -1: 7089, 1: 38})
max_probs: 0.9999898672103882， num of >0.5: 47
AUROC test all: 0.890361854315358, AUPR test all: 0.7334073143693021, AUROC test unknown: 0.88933087819828, AUPR test unknown: 0.7267783688252827
Epoch: 283, Best AUROC test all: 0.9015013888460871, AUPR test all: 0.7679157898472887, AUROC test unknown: 0.900575146029, AUPR test unknown: 0.7633522519433098
pseudo_counter: Counter({0: 11208, -1: 7087, 1: 38})
max_probs: 0.9999940395355225， num of >0.5: 50
AUROC test all: 0.8922489003531106, AUPR test all: 0.7327216884673391, AUROC test unknown: 0.8912358178575788, AUPR test unknown: 0.7257963665979318
Epoch: 284, Best AUROC test all: 0.9015013888460871, AUPR test all: 0.7679157898472887, AUROC test unknown: 0.900575146029, AUPR test unknown: 0.7633522519433098
pseudo_counter: Counter({0: 11216, -1: 7079, 1: 38})
max_probs: 0.9999969005584717， num of >0.5: 50
AUROC test all: 0.8990855923834475, AUPR test all: 0.7513945654998165, AUROC test unknown: 0.8981366323514185, AUPR test unknown: 0.7451044311510184
Epoch: 285, Best AUROC test all: 0.9015013888460871, AUPR test all: 0.7679157898472887, AUROC test unknown: 0.900575146029, AUPR test unknown: 0.7633522519433098
pseudo_counter: Counter({0: 11218, -1: 7077, 1: 38})
max_probs: 0.999998927116394， num of >0.5: 55
AUROC test all: 0.9022186488521494, AUPR test all: 0.754879162930493, AUROC test unknown: 0.9013119094014308, AUPR test unknown: 0.7489013601939133
Epoch: 286, Best AUROC test all: 0.9022186488521494, AUPR test all: 0.7679157898472887, AUROC test unknown: 0.9013119094014308, AUPR test unknown: 0.7633522519433098
pseudo_counter: Counter({0: 11221, -1: 7074, 1: 38})
max_probs: 0.999998927116394， num of >0.5: 56
AUROC test all: 0.9065678276184199, AUPR test all: 0.7677932801535515, AUROC test unknown: 0.9056997390258295, AUPR test unknown: 0.7619766649551621
Epoch: 287, Best AUROC test all: 0.9065678276184199, AUPR test all: 0.7679157898472887, AUROC test unknown: 0.9056997390258295, AUPR test unknown: 0.7633522519433098
pseudo_counter: Counter({0: 11226, -1: 7069, 1: 38})
max_probs: 0.9999994039535522， num of >0.5: 55
AUROC test all: 0.9054194664752011, AUPR test all: 0.7735437602473417, AUROC test unknown: 0.9045535790975522, AUPR test unknown: 0.7685060497031055
Epoch: 288, Best AUROC test all: 0.9065678276184199, AUPR test all: 0.7735437602473417, AUROC test unknown: 0.9056997390258295, AUPR test unknown: 0.7685060497031055
pseudo_counter: Counter({0: 11229, -1: 7066, 1: 38})
max_probs: 0.9999912977218628， num of >0.5: 50
AUROC test all: 0.90518630407795, AUPR test all: 0.7729409563978051, AUROC test unknown: 0.9042947127775202, AUPR test unknown: 0.7678603578821858
Epoch: 289, Best AUROC test all: 0.9065678276184199, AUPR test all: 0.7735437602473417, AUROC test unknown: 0.9056997390258295, AUPR test unknown: 0.7685060497031055
pseudo_counter: Counter({0: 11237, -1: 7058, 1: 38})
max_probs: 0.9999867677688599， num of >0.5: 47
AUROC test all: 0.9048873859474258, AUPR test all: 0.7691583430940667, AUROC test unknown: 0.9039929837365874, AUPR test unknown: 0.7636161052587916
Epoch: 290, Best AUROC test all: 0.9065678276184199, AUPR test all: 0.7735437602473417, AUROC test unknown: 0.9056997390258295, AUPR test unknown: 0.7685060497031055
pseudo_counter: Counter({0: 11242, -1: 7053, 1: 38})
max_probs: 0.9999895095825195， num of >0.5: 47
AUROC test all: 0.9021622670825309, AUPR test all: 0.7662589087623266, AUROC test unknown: 0.9012438360463783, AUPR test unknown: 0.7610298535645299
Epoch: 291, Best AUROC test all: 0.9065678276184199, AUPR test all: 0.7735437602473417, AUROC test unknown: 0.9056997390258295, AUPR test unknown: 0.7685060497031055
pseudo_counter: Counter({0: 11245, -1: 7050, 1: 38})
max_probs: 0.9999979734420776， num of >0.5: 47
AUROC test all: 0.9033016774243402, AUPR test all: 0.7673008856582473, AUROC test unknown: 0.9023942209612261, AUPR test unknown: 0.7618883188403236
Epoch: 292, Best AUROC test all: 0.9065678276184199, AUPR test all: 0.7735437602473417, AUROC test unknown: 0.9056997390258295, AUPR test unknown: 0.7685060497031055
pseudo_counter: Counter({0: 11248, -1: 7047, 1: 38})
max_probs: 0.999963641166687， num of >0.5: 43
AUROC test all: 0.9012629737174849, AUPR test all: 0.7689998842549229, AUROC test unknown: 0.9003345446509117, AUPR test unknown: 0.7639593202271061
Epoch: 293, Best AUROC test all: 0.9065678276184199, AUPR test all: 0.7735437602473417, AUROC test unknown: 0.9056997390258295, AUPR test unknown: 0.7685060497031055
pseudo_counter: Counter({0: 11251, -1: 7044, 1: 38})
max_probs: 0.9999841451644897， num of >0.5: 45
AUROC test all: 0.9015661326696434, AUPR test all: 0.7654138151052745, AUROC test unknown: 0.9006414272468919, AUPR test unknown: 0.7602111707497821
Epoch: 294, Best AUROC test all: 0.9065678276184199, AUPR test all: 0.7735437602473417, AUROC test unknown: 0.9056997390258295, AUPR test unknown: 0.7685060497031055
pseudo_counter: Counter({0: 11253, -1: 7042, 1: 38})
max_probs: 0.9999837875366211， num of >0.5: 44
AUROC test all: 0.8994698053039707, AUPR test all: 0.7642811436432322, AUROC test unknown: 0.8985354339409422, AUPR test unknown: 0.7592166386439292
Epoch: 295, Best AUROC test all: 0.9065678276184199, AUPR test all: 0.7735437602473417, AUROC test unknown: 0.9056997390258295, AUPR test unknown: 0.7685060497031055
pseudo_counter: Counter({0: 11254, -1: 7041, 1: 38})
max_probs: 0.9999769926071167， num of >0.5: 42
AUROC test all: 0.9026395572986978, AUPR test all: 0.7665466440587202, AUROC test unknown: 0.9017240359486001, AUPR test unknown: 0.7611587887910265
Epoch: 296, Best AUROC test all: 0.9065678276184199, AUPR test all: 0.7735437602473417, AUROC test unknown: 0.9056997390258295, AUPR test unknown: 0.7685060497031055
pseudo_counter: Counter({0: 11258, -1: 7037, 1: 38})
max_probs: 0.9999914169311523， num of >0.5: 43
AUROC test all: 0.9027723014552641, AUPR test all: 0.7693843084458392, AUROC test unknown: 0.9018711026239953, AUPR test unknown: 0.7644245477041709
Epoch: 297, Best AUROC test all: 0.9065678276184199, AUPR test all: 0.7735437602473417, AUROC test unknown: 0.9056997390258295, AUPR test unknown: 0.7685060497031055
pseudo_counter: Counter({0: 11260, -1: 7035, 1: 38})
max_probs: 0.999995231628418， num of >0.5: 45
AUROC test all: 0.9021277425628086, AUPR test all: 0.766243225666179, AUROC test unknown: 0.9012177897005971, AUPR test unknown: 0.7611396430726413
Epoch: 298, Best AUROC test all: 0.9065678276184199, AUPR test all: 0.7735437602473417, AUROC test unknown: 0.9056997390258295, AUPR test unknown: 0.7685060497031055
pseudo_counter: Counter({0: 11263, -1: 7032, 1: 38})
max_probs: 0.9999961853027344， num of >0.5: 46
AUROC test all: 0.9024955809442682, AUPR test all: 0.7682760422716002, AUROC test unknown: 0.9015788171244741, AUPR test unknown: 0.7628745212266473
Epoch: 299, Best AUROC test all: 0.9065678276184199, AUPR test all: 0.7735437602473417, AUROC test unknown: 0.9056997390258295, AUPR test unknown: 0.7685060497031055
pseudo_counter: Counter({0: 11266, -1: 7029, 1: 38})
max_probs: 0.9999990463256836， num of >0.5: 45
AUROC test all: 0.9025571878477002, AUPR test all: 0.771027366538416, AUROC test unknown: 0.901640891927165, AUPR test unknown: 0.7657938469985508
Epoch: 300, Best AUROC test all: 0.9065678276184199, AUPR test all: 0.7735437602473417, AUROC test unknown: 0.9056997390258295, AUPR test unknown: 0.7685060497031055
pseudo_counter: Counter({0: 11268, -1: 7027, 1: 38})
max_probs: 0.9999886751174927， num of >0.5: 42
AUROC test all: 0.9050343888318284, AUPR test all: 0.7771492581348327, AUROC test unknown: 0.9041414432646981, AUPR test unknown: 0.7725019212289356
Epoch: 301, Best AUROC test all: 0.9065678276184199, AUPR test all: 0.7771492581348327, AUROC test unknown: 0.9056997390258295, AUPR test unknown: 0.7725019212289356
pseudo_counter: Counter({0: 11273, -1: 7022, 1: 38})
max_probs: 0.9999984502792358， num of >0.5: 45
AUROC test all: 0.9043028700979299, AUPR test all: 0.7746539619678628, AUROC test unknown: 0.9034029713262697, AUPR test unknown: 0.769624911358801
Epoch: 302, Best AUROC test all: 0.9065678276184199, AUPR test all: 0.7771492581348327, AUROC test unknown: 0.9056997390258295, AUPR test unknown: 0.7725019212289356
pseudo_counter: Counter({0: 11274, -1: 7021, 1: 38})
max_probs: 0.9999985694885254， num of >0.5: 45
AUROC test all: 0.9057672966417936, AUPR test all: 0.7782694110246223, AUROC test unknown: 0.9048812059133097, AUPR test unknown: 0.7732920338550902
Epoch: 303, Best AUROC test all: 0.9065678276184199, AUPR test all: 0.7782694110246223, AUROC test unknown: 0.9056997390258295, AUPR test unknown: 0.7732920338550902
pseudo_counter: Counter({0: 11279, -1: 7016, 1: 38})
max_probs: 0.9999769926071167， num of >0.5: 46
AUROC test all: 0.9052231651892019, AUPR test all: 0.7747887559645681, AUROC test unknown: 0.9043319205163955, AUPR test unknown: 0.7696787712737242
Epoch: 304, Best AUROC test all: 0.9065678276184199, AUPR test all: 0.7782694110246223, AUROC test unknown: 0.9056997390258295, AUPR test unknown: 0.7732920338550902
pseudo_counter: Counter({0: 11280, -1: 7015, 1: 38})
max_probs: 0.9999904632568359， num of >0.5: 47
AUROC test all: 0.9046189262993957, AUPR test all: 0.7777991905702093, AUROC test unknown: 0.9037298924299849, AUPR test unknown: 0.7728023457874404
Epoch: 305, Best AUROC test all: 0.9065678276184199, AUPR test all: 0.7782694110246223, AUROC test unknown: 0.9056997390258295, AUPR test unknown: 0.7732920338550902
pseudo_counter: Counter({0: 11285, -1: 7010, 1: 38})
max_probs: 0.999998927116394， num of >0.5: 44
AUROC test all: 0.9052252534028913, AUPR test all: 0.7756852561508197, AUROC test unknown: 0.9043345297938159, AUPR test unknown: 0.7706025029278941
Epoch: 306, Best AUROC test all: 0.9065678276184199, AUPR test all: 0.7782694110246223, AUROC test unknown: 0.9056997390258295, AUPR test unknown: 0.7732920338550902
pseudo_counter: Counter({0: 11290, -1: 7005, 1: 38})
max_probs: 0.9999988079071045， num of >0.5: 45
AUROC test all: 0.9044338480120803, AUPR test all: 0.7762979562446857, AUROC test unknown: 0.9035351809060321, AUPR test unknown: 0.7713782287716633
Epoch: 307, Best AUROC test all: 0.9065678276184199, AUPR test all: 0.7782694110246223, AUROC test unknown: 0.9056997390258295, AUPR test unknown: 0.7732920338550902
pseudo_counter: Counter({0: 11293, -1: 7002, 1: 38})
max_probs: 0.999992847442627， num of >0.5: 48
AUROC test all: 0.907971070421097, AUPR test all: 0.7809971328565926, AUROC test unknown: 0.9071056845569311, AUPR test unknown: 0.7761257968014056
Epoch: 308, Best AUROC test all: 0.907971070421097, AUPR test all: 0.7809971328565926, AUROC test unknown: 0.9071056845569311, AUPR test unknown: 0.7761257968014056
pseudo_counter: Counter({0: 11296, -1: 6999, 1: 38})
max_probs: 0.9999996423721313， num of >0.5: 48
AUROC test all: 0.9059762835959775, AUPR test all: 0.7787942789125628, AUROC test unknown: 0.9050924366704691, AUPR test unknown: 0.7739615456654115
Epoch: 309, Best AUROC test all: 0.907971070421097, AUPR test all: 0.7809971328565926, AUROC test unknown: 0.9071056845569311, AUPR test unknown: 0.7761257968014056
pseudo_counter: Counter({0: 11300, -1: 6995, 1: 38})
max_probs: 0.9999982118606567， num of >0.5: 45
AUROC test all: 0.909415093185386, AUPR test all: 0.783969044841353, AUROC test unknown: 0.9085633049237808, AUPR test unknown: 0.7790399022485675
Epoch: 310, Best AUROC test all: 0.909415093185386, AUPR test all: 0.783969044841353, AUROC test unknown: 0.9085633049237808, AUPR test unknown: 0.7790399022485675
pseudo_counter: Counter({0: 11301, -1: 6994, 1: 38})
max_probs: 0.9999874830245972， num of >0.5: 50
AUROC test all: 0.9087545737169329, AUPR test all: 0.7855322210073088, AUROC test unknown: 0.9078965741858893, AUPR test unknown: 0.7806837333166431
Epoch: 311, Best AUROC test all: 0.909415093185386, AUPR test all: 0.7855322210073088, AUROC test unknown: 0.9085633049237808, AUPR test unknown: 0.7806837333166431
pseudo_counter: Counter({0: 11305, -1: 6990, 1: 38})
max_probs: 0.9999955892562866， num of >0.5: 53
AUROC test all: 0.9090368505321954, AUPR test all: 0.7874398962034685, AUROC test unknown: 0.9081815239944415, AUPR test unknown: 0.7824309821237658
Epoch: 312, Best AUROC test all: 0.909415093185386, AUPR test all: 0.7874398962034685, AUROC test unknown: 0.9085633049237808, AUPR test unknown: 0.7824309821237658
pseudo_counter: Counter({0: 11311, -1: 6984, 1: 38})
max_probs: 1.0， num of >0.5: 49
AUROC test all: 0.9067153180593228, AUPR test all: 0.7805186059901927, AUROC test unknown: 0.9058381421573338, AUPR test unknown: 0.7754724923443537
Epoch: 313, Best AUROC test all: 0.909415093185386, AUPR test all: 0.7874398962034685, AUROC test unknown: 0.9085633049237808, AUPR test unknown: 0.7824309821237658
pseudo_counter: Counter({0: 11313, -1: 6982, 1: 38})
max_probs: 0.9999985694885254， num of >0.5: 46
AUROC test all: 0.9028662894696535, AUPR test all: 0.7705507342275426, AUROC test unknown: 0.9019528816497691, AUPR test unknown: 0.7652392782357766
Epoch: 314, Best AUROC test all: 0.909415093185386, AUPR test all: 0.7874398962034685, AUROC test unknown: 0.9085633049237808, AUPR test unknown: 0.7824309821237658
pseudo_counter: Counter({0: 11316, -1: 6979, 1: 38})
max_probs: 0.9999997615814209， num of >0.5: 50
AUROC test all: 0.901187236874726, AUPR test all: 0.7683498967489417, AUROC test unknown: 0.9002581884650438, AUPR test unknown: 0.7628924736647136
Epoch: 315, Best AUROC test all: 0.909415093185386, AUPR test all: 0.7874398962034685, AUROC test unknown: 0.9085633049237808, AUPR test unknown: 0.7824309821237658
pseudo_counter: Counter({0: 11318, -1: 6977, 1: 38})
max_probs: 0.9999953508377075， num of >0.5: 49
AUROC test all: 0.8980425342450946, AUPR test all: 0.7589761619777613, AUROC test unknown: 0.8970842671250081, AUPR test unknown: 0.7534930866651789
Epoch: 316, Best AUROC test all: 0.909415093185386, AUPR test all: 0.7874398962034685, AUROC test unknown: 0.9085633049237808, AUPR test unknown: 0.7824309821237658
pseudo_counter: Counter({0: 11321, -1: 6974, 1: 38})
max_probs: 0.9999991655349731， num of >0.5: 45
AUROC test all: 0.8936789035682238, AUPR test all: 0.7475035474563063, AUROC test unknown: 0.8926791196985124, AUPR test unknown: 0.7414772079817644
Epoch: 317, Best AUROC test all: 0.909415093185386, AUPR test all: 0.7874398962034685, AUROC test unknown: 0.9085633049237808, AUPR test unknown: 0.7824309821237658
pseudo_counter: Counter({0: 11322, -1: 6973, 1: 38})
max_probs: 0.9999834299087524， num of >0.5: 47
AUROC test all: 0.893706593097764, AUPR test all: 0.7509597559446988, AUROC test unknown: 0.8927075524652797, AUPR test unknown: 0.7452036970085656
Epoch: 318, Best AUROC test all: 0.909415093185386, AUPR test all: 0.7874398962034685, AUROC test unknown: 0.9085633049237808, AUPR test unknown: 0.7824309821237658
pseudo_counter: Counter({0: 11322, -1: 6973, 1: 38})
max_probs: 0.9999817609786987， num of >0.5: 43
AUROC test all: 0.895075182592209, AUPR test all: 0.7505423827504223, AUROC test unknown: 0.8940885102186639, AUPR test unknown: 0.7447509453039005
Epoch: 319, Best AUROC test all: 0.909415093185386, AUPR test all: 0.7874398962034685, AUROC test unknown: 0.9085633049237808, AUPR test unknown: 0.7824309821237658
pseudo_counter: Counter({0: 11323, -1: 6972, 1: 38})
max_probs: 0.9999830722808838， num of >0.5: 43
AUROC test all: 0.8938042147879566, AUPR test all: 0.7520641766643512, AUROC test unknown: 0.8928472463069671, AUPR test unknown: 0.7462803723180245
Epoch: 320, Best AUROC test all: 0.909415093185386, AUPR test all: 0.7874398962034685, AUROC test unknown: 0.9085633049237808, AUPR test unknown: 0.7824309821237658
pseudo_counter: Counter({0: 11323, -1: 6972, 1: 38})
max_probs: 0.9999918937683105， num of >0.5: 44
AUROC test all: 0.8962925559781556, AUPR test all: 0.7579591340454291, AUROC test unknown: 0.895364688305098, AUPR test unknown: 0.7522306241982328
Epoch: 321, Best AUROC test all: 0.909415093185386, AUPR test all: 0.7874398962034685, AUROC test unknown: 0.9085633049237808, AUPR test unknown: 0.7824309821237658
pseudo_counter: Counter({0: 11328, -1: 6967, 1: 38})
max_probs: 0.9999902248382568， num of >0.5: 47
AUROC test all: 0.9004533723501189, AUPR test all: 0.762518724075164, AUROC test unknown: 0.8996054141113622, AUPR test unknown: 0.7572119528752277
Epoch: 322, Best AUROC test all: 0.909415093185386, AUPR test all: 0.7874398962034685, AUROC test unknown: 0.9085633049237808, AUPR test unknown: 0.7824309821237658
pseudo_counter: Counter({0: 11332, -1: 6963, 1: 38})
max_probs: 0.9999994039535522， num of >0.5: 45
AUROC test all: 0.9001594953698231, AUPR test all: 0.7606522471503802, AUROC test unknown: 0.8992207453340595, AUPR test unknown: 0.7547635658567875
Epoch: 323, Best AUROC test all: 0.909415093185386, AUPR test all: 0.7874398962034685, AUROC test unknown: 0.9085633049237808, AUPR test unknown: 0.7824309821237658
pseudo_counter: Counter({0: 11333, -1: 6962, 1: 38})
max_probs: 0.9999980926513672， num of >0.5: 48
AUROC test all: 0.8991486619563802, AUPR test all: 0.7620353065774279, AUROC test unknown: 0.8982005178626395, AUPR test unknown: 0.7564391481797035
Epoch: 324, Best AUROC test all: 0.909415093185386, AUPR test all: 0.7874398962034685, AUROC test unknown: 0.9085633049237808, AUPR test unknown: 0.7824309821237658
pseudo_counter: Counter({0: 11337, -1: 6958, 1: 38})
max_probs: 0.9999960660934448， num of >0.5: 47
AUROC test all: 0.90292661768717, AUPR test all: 0.7677141651131436, AUROC test unknown: 0.9020140557410371, AUPR test unknown: 0.7618695199060788
Epoch: 325, Best AUROC test all: 0.909415093185386, AUPR test all: 0.7874398962034685, AUROC test unknown: 0.9085633049237808, AUPR test unknown: 0.7824309821237658
pseudo_counter: Counter({0: 11341, -1: 6954, 1: 38})
max_probs: 0.9999982118606567， num of >0.5: 48
AUROC test all: 0.9062031721529805, AUPR test all: 0.7822448448389563, AUROC test unknown: 0.9053211616577361, AUPR test unknown: 0.7773854353825338
Epoch: 326, Best AUROC test all: 0.909415093185386, AUPR test all: 0.7874398962034685, AUROC test unknown: 0.9085633049237808, AUPR test unknown: 0.7824309821237658
pseudo_counter: Counter({0: 11347, -1: 6948, 1: 38})
max_probs: 0.9999990463256836， num of >0.5: 47
AUROC test all: 0.9043884868592025, AUPR test all: 0.7777650956201556, AUROC test unknown: 0.9036236456248407, AUPR test unknown: 0.773030476892544
Epoch: 327, Best AUROC test all: 0.909415093185386, AUPR test all: 0.7874398962034685, AUROC test unknown: 0.9085633049237808, AUPR test unknown: 0.7824309821237658
pseudo_counter: Counter({0: 11351, -1: 6944, 1: 38})
max_probs: 0.9999502897262573， num of >0.5: 46
AUROC test all: 0.9051173286319395, AUPR test all: 0.778637895294834, AUROC test unknown: 0.9042257944251534, AUPR test unknown: 0.7738991884662278
Epoch: 328, Best AUROC test all: 0.909415093185386, AUPR test all: 0.7874398962034685, AUROC test unknown: 0.9085633049237808, AUPR test unknown: 0.7824309821237658
pseudo_counter: Counter({0: 11353, -1: 6942, 1: 38})
max_probs: 0.9999754428863525， num of >0.5: 40
AUROC test all: 0.9034867005165799, AUPR test all: 0.7721480673350373, AUROC test unknown: 0.9025792010875394, AUPR test unknown: 0.7672215930348121
Epoch: 329, Best AUROC test all: 0.909415093185386, AUPR test all: 0.7874398962034685, AUROC test unknown: 0.9085633049237808, AUPR test unknown: 0.7824309821237658
pseudo_counter: Counter({0: 11359, -1: 6936, 1: 38})
max_probs: 0.9998859167098999， num of >0.5: 43
AUROC test all: 0.9021534450696309, AUPR test all: 0.7706918785581003, AUROC test unknown: 0.9012340025062063, AUPR test unknown: 0.7656197455574024
Epoch: 330, Best AUROC test all: 0.909415093185386, AUPR test all: 0.7874398962034685, AUROC test unknown: 0.9085633049237808, AUPR test unknown: 0.7824309821237658
pseudo_counter: Counter({0: 11361, -1: 6934, 1: 38})
max_probs: 0.9998730421066284， num of >0.5: 40
AUROC test all: 0.9037538998770529, AUPR test all: 0.7751611695040612, AUROC test unknown: 0.9028488388019054, AUPR test unknown: 0.7700518671864705
Epoch: 331, Best AUROC test all: 0.909415093185386, AUPR test all: 0.7874398962034685, AUROC test unknown: 0.9085633049237808, AUPR test unknown: 0.7824309821237658
pseudo_counter: Counter({0: 11362, -1: 6933, 1: 38})
max_probs: 0.9995957016944885， num of >0.5: 41
AUROC test all: 0.902642519434416, AUPR test all: 0.7727725500201014, AUROC test unknown: 0.9017271930814221, AUPR test unknown: 0.7676397828263045
Epoch: 332, Best AUROC test all: 0.909415093185386, AUPR test all: 0.7874398962034685, AUROC test unknown: 0.9085633049237808, AUPR test unknown: 0.7824309821237658
pseudo_counter: Counter({0: 11367, -1: 6928, 1: 38})
max_probs: 0.9999837875366211， num of >0.5: 44
AUROC test all: 0.9096617875753126, AUPR test all: 0.7881526252651162, AUROC test unknown: 0.9088787489211195, AUPR test unknown: 0.7835916827540738
Epoch: 333, Best AUROC test all: 0.9096617875753126, AUPR test all: 0.7881526252651162, AUROC test unknown: 0.9088787489211195, AUPR test unknown: 0.7835916827540738
pseudo_counter: Counter({0: 11371, -1: 6924, 1: 38})
max_probs: 0.9999438524246216， num of >0.5: 43
AUROC test all: 0.9126234449362428, AUPR test all: 0.7947000306719161, AUROC test unknown: 0.9118018082013952, AUPR test unknown: 0.7901167614481641
Epoch: 334, Best AUROC test all: 0.9126234449362428, AUPR test all: 0.7947000306719161, AUROC test unknown: 0.9118018082013952, AUPR test unknown: 0.7901167614481641
pseudo_counter: Counter({0: 11376, -1: 6919, 1: 38})
max_probs: 0.9999974966049194， num of >0.5: 45
AUROC test all: 0.9178417713571595, AUPR test all: 0.8035406901674083, AUROC test unknown: 0.9170693728866363, AUPR test unknown: 0.7986145693190516
Epoch: 335, Best AUROC test all: 0.9178417713571595, AUPR test all: 0.8035406901674083, AUROC test unknown: 0.9170693728866363, AUPR test unknown: 0.7986145693190516
pseudo_counter: Counter({0: 11378, -1: 6917, 1: 38})
max_probs: 0.9999861717224121， num of >0.5: 50
AUROC test all: 0.924125187950731, AUPR test all: 0.8211774671260392, AUROC test unknown: 0.9234117091556386, AUPR test unknown: 0.8171413544622204
Epoch: 336, Best AUROC test all: 0.924125187950731, AUPR test all: 0.8211774671260392, AUROC test unknown: 0.9234117091556386, AUPR test unknown: 0.8171413544622204
pseudo_counter: Counter({0: 11382, -1: 6913, 1: 38})
max_probs: 0.9999963045120239， num of >0.5: 58
AUROC test all: 0.9287609119514356, AUPR test all: 0.8328474700013235, AUROC test unknown: 0.9281194584774355, AUPR test unknown: 0.8293560200588304
Epoch: 337, Best AUROC test all: 0.9287609119514356, AUPR test all: 0.8328474700013235, AUROC test unknown: 0.9281194584774355, AUPR test unknown: 0.8293560200588304
pseudo_counter: Counter({0: 11386, -1: 6909, 1: 38})
max_probs: 0.9999963045120239， num of >0.5: 66
AUROC test all: 0.9319610948311192, AUPR test all: 0.8387943959118405, AUROC test unknown: 0.9313846488130805, AUPR test unknown: 0.8353728561604572
Epoch: 338, Best AUROC test all: 0.9319610948311192, AUPR test all: 0.8387943959118405, AUROC test unknown: 0.9313846488130805, AUPR test unknown: 0.8353728561604572
pseudo_counter: Counter({0: 11394, -1: 6901, 1: 38})
max_probs: 0.9999979734420776， num of >0.5: 62
AUROC test all: 0.9343132973676089, AUPR test all: 0.8445665608724364, AUROC test unknown: 0.9336956050389699, AUPR test unknown: 0.8412042868668508
Epoch: 339, Best AUROC test all: 0.9343132973676089, AUPR test all: 0.8445665608724364, AUROC test unknown: 0.9336956050389699, AUPR test unknown: 0.8412042868668508
pseudo_counter: Counter({0: 11397, -1: 6898, 1: 38})
max_probs: 0.9999994039535522， num of >0.5: 64
AUROC test all: 0.9313222578281566, AUPR test all: 0.8367801033783427, AUROC test unknown: 0.930676643206384, AUPR test unknown: 0.832826757688673
Epoch: 340, Best AUROC test all: 0.9343132973676089, AUPR test all: 0.8445665608724364, AUROC test unknown: 0.9336956050389699, AUPR test unknown: 0.8412042868668508
pseudo_counter: Counter({0: 11400, -1: 6895, 1: 38})
max_probs: 0.9999817609786987， num of >0.5: 60
AUROC test all: 0.9308209577541493, AUPR test all: 0.8373246189478515, AUROC test unknown: 0.9301704619581744, AUPR test unknown: 0.8338272961878335
Epoch: 341, Best AUROC test all: 0.9343132973676089, AUPR test all: 0.8445665608724364, AUROC test unknown: 0.9336956050389699, AUPR test unknown: 0.8412042868668508
pseudo_counter: Counter({0: 11406, -1: 6889, 1: 38})
max_probs: 0.9999996423721313， num of >0.5: 54
AUROC test all: 0.9239616449420383, AUPR test all: 0.8249812994377811, AUROC test unknown: 0.9232466096804193, AUPR test unknown: 0.821306452959147
Epoch: 342, Best AUROC test all: 0.9343132973676089, AUPR test all: 0.8445665608724364, AUROC test unknown: 0.9336956050389699, AUPR test unknown: 0.8412042868668508
pseudo_counter: Counter({0: 11411, -1: 6884, 1: 38})
max_probs: 0.999998927116394， num of >0.5: 49
AUROC test all: 0.9213200086288301, AUPR test all: 0.8194864873889638, AUROC test unknown: 0.9205801324417219, AUPR test unknown: 0.8156428288822603
Epoch: 343, Best AUROC test all: 0.9343132973676089, AUPR test all: 0.8445665608724364, AUROC test unknown: 0.9336956050389699, AUPR test unknown: 0.8412042868668508
pseudo_counter: Counter({0: 11415, -1: 6880, 1: 38})
max_probs: 0.9999182224273682， num of >0.5: 45
AUROC test all: 0.9179705230699315, AUPR test all: 0.8120876941105313, AUROC test unknown: 0.9171991681883584, AUPR test unknown: 0.8082489305224458
Epoch: 344, Best AUROC test all: 0.9343132973676089, AUPR test all: 0.8445665608724364, AUROC test unknown: 0.9336956050389699, AUPR test unknown: 0.8412042868668508
pseudo_counter: Counter({0: 11420, -1: 6875, 1: 38})
max_probs: 0.9999762773513794， num of >0.5: 47
AUROC test all: 0.9142838783923698, AUPR test all: 0.8044401736734561, AUROC test unknown: 0.9134778371597319, AUPR test unknown: 0.8002748524541918
Epoch: 345, Best AUROC test all: 0.9343132973676089, AUPR test all: 0.8445665608724364, AUROC test unknown: 0.9336956050389699, AUPR test unknown: 0.8412042868668508
pseudo_counter: Counter({0: 11423, -1: 6872, 1: 38})
max_probs: 0.9999908208847046， num of >0.5: 45
AUROC test all: 0.9097723249131713, AUPR test all: 0.800959844806349, AUROC test unknown: 0.9089238773491041, AUPR test unknown: 0.7968224993801049
Epoch: 346, Best AUROC test all: 0.9343132973676089, AUPR test all: 0.8445665608724364, AUROC test unknown: 0.9336956050389699, AUPR test unknown: 0.8412042868668508
pseudo_counter: Counter({0: 11424, -1: 6871, 1: 38})
max_probs: 0.9999788999557495， num of >0.5: 44
AUROC test all: 0.9069360063695118, AUPR test all: 0.7925439334801326, AUROC test unknown: 0.9061113084319126, AUPR test unknown: 0.7885799041438628
Epoch: 347, Best AUROC test all: 0.9343132973676089, AUPR test all: 0.8445665608724364, AUROC test unknown: 0.9336956050389699, AUPR test unknown: 0.8412042868668508
pseudo_counter: Counter({0: 11427, -1: 6868, 1: 38})
max_probs: 0.9999858140945435， num of >0.5: 43
AUROC test all: 0.9035633848748015, AUPR test all: 0.7869871678051931, AUROC test unknown: 0.9026569222690687, AUPR test unknown: 0.7827423231702761
Epoch: 348, Best AUROC test all: 0.9343132973676089, AUPR test all: 0.8445665608724364, AUROC test unknown: 0.9336956050389699, AUPR test unknown: 0.8412042868668508
pseudo_counter: Counter({0: 11432, -1: 6863, 1: 38})
max_probs: 0.9999485015869141， num of >0.5: 43
AUROC test all: 0.9019710621418358, AUPR test all: 0.7836511680211081, AUROC test unknown: 0.901114050030341, AUPR test unknown: 0.7795574924307471
Epoch: 349, Best AUROC test all: 0.9343132973676089, AUPR test all: 0.8445665608724364, AUROC test unknown: 0.9336956050389699, AUPR test unknown: 0.8412042868668508
pseudo_counter: Counter({0: 11434, -1: 6861, 1: 38})
max_probs: 0.9999709129333496， num of >0.5: 43
AUROC test all: 0.9014214295800529, AUPR test all: 0.7842878810876158, AUROC test unknown: 0.9004953448540824, AUPR test unknown: 0.7801153544876416
Epoch: 350, Best AUROC test all: 0.9343132973676089, AUPR test all: 0.8445665608724364, AUROC test unknown: 0.9336956050389699, AUPR test unknown: 0.8412042868668508
pseudo_counter: Counter({0: 11434, -1: 6861, 1: 38})
max_probs: 0.9999639987945557， num of >0.5: 40
AUROC test all: 0.8996924162426229, AUPR test all: 0.7810915811461343, AUROC test unknown: 0.8987493111182612, AUPR test unknown: 0.776711546359631
Epoch: 351, Best AUROC test all: 0.9343132973676089, AUPR test all: 0.8445665608724364, AUROC test unknown: 0.9336956050389699, AUPR test unknown: 0.8412042868668508
pseudo_counter: Counter({0: 11438, -1: 6857, 1: 38})
max_probs: 0.9999862909317017， num of >0.5: 44
AUROC test all: 0.9001070416497441, AUPR test all: 0.7815343979429006, AUROC test unknown: 0.8991682626437365, AUPR test unknown: 0.7770787617541381
Epoch: 352, Best AUROC test all: 0.9343132973676089, AUPR test all: 0.8445665608724364, AUROC test unknown: 0.9336956050389699, AUPR test unknown: 0.8412042868668508
pseudo_counter: Counter({0: 11439, -1: 6856, 1: 38})
max_probs: 0.9999178647994995， num of >0.5: 45
AUROC test all: 0.8997552742344329, AUPR test all: 0.7767233547252008, AUROC test unknown: 0.8988719100142859, AUPR test unknown: 0.7720635390770271
Epoch: 353, Best AUROC test all: 0.9343132973676089, AUPR test all: 0.8445665608724364, AUROC test unknown: 0.9336956050389699, AUPR test unknown: 0.8412042868668508
pseudo_counter: Counter({0: 11440, -1: 6855, 1: 38})
max_probs: 0.9999916553497314， num of >0.5: 42
AUROC test all: 0.8989645587820654, AUPR test all: 0.781157280413211, AUROC test unknown: 0.898014497739632, AUPR test unknown: 0.7765460007995446
Epoch: 354, Best AUROC test all: 0.9343132973676089, AUPR test all: 0.8445665608724364, AUROC test unknown: 0.9336956050389699, AUPR test unknown: 0.8412042868668508
pseudo_counter: Counter({0: 11445, -1: 6850, 1: 38})
max_probs: 0.9999933242797852， num of >0.5: 43
AUROC test all: 0.898333771060946, AUPR test all: 0.7788481135532953, AUROC test unknown: 0.8973777411921798, AUPR test unknown: 0.7743966426233453
Epoch: 355, Best AUROC test all: 0.9343132973676089, AUPR test all: 0.8445665608724364, AUROC test unknown: 0.9336956050389699, AUPR test unknown: 0.8412042868668508
pseudo_counter: Counter({0: 11447, -1: 6848, 1: 38})
max_probs: 0.9999724626541138， num of >0.5: 47
AUROC test all: 0.8963006788534329, AUPR test all: 0.7699774370481354, AUROC test unknown: 0.8953255305724208, AUPR test unknown: 0.7652029065658488
Epoch: 356, Best AUROC test all: 0.9343132973676089, AUPR test all: 0.8445665608724364, AUROC test unknown: 0.9336956050389699, AUPR test unknown: 0.8412042868668508
pseudo_counter: Counter({0: 11451, -1: 6844, 1: 38})
max_probs: 0.9999949932098389， num of >0.5: 45
AUROC test all: 0.8949379768337068, AUPR test all: 0.7664809837088661, AUROC test unknown: 0.8939500699444205, AUPR test unknown: 0.7611179755257341
Epoch: 357, Best AUROC test all: 0.9343132973676089, AUPR test all: 0.8445665608724364, AUROC test unknown: 0.9336956050389699, AUPR test unknown: 0.8412042868668508
pseudo_counter: Counter({0: 11457, -1: 6838, 1: 38})
max_probs: 0.999995231628418， num of >0.5: 44
AUROC test all: 0.8946433455207128, AUPR test all: 0.7638430753579496, AUROC test unknown: 0.8936526308898518, AUPR test unknown: 0.7586768920723025
Epoch: 358, Best AUROC test all: 0.9343132973676089, AUPR test all: 0.8445665608724364, AUROC test unknown: 0.9336956050389699, AUPR test unknown: 0.8412042868668508
pseudo_counter: Counter({0: 11458, -1: 6837, 1: 38})
max_probs: 0.9999954700469971， num of >0.5: 47
AUROC test all: 0.8951923985342028, AUPR test all: 0.7649343614457651, AUROC test unknown: 0.8942599982450055, AUPR test unknown: 0.759670431930731
Epoch: 359, Best AUROC test all: 0.9343132973676089, AUPR test all: 0.8445665608724364, AUROC test unknown: 0.9336956050389699, AUPR test unknown: 0.8412042868668508
pseudo_counter: Counter({0: 11460, -1: 6835, 1: 38})
max_probs: 0.9999890327453613， num of >0.5: 46
AUROC test all: 0.8953456384621363, AUPR test all: 0.7625136211004975, AUROC test unknown: 0.8943616764932427, AUPR test unknown: 0.7566844959157736
Epoch: 360, Best AUROC test all: 0.9343132973676089, AUPR test all: 0.8445665608724364, AUROC test unknown: 0.9336956050389699, AUPR test unknown: 0.8412042868668508
pseudo_counter: Counter({0: 11460, -1: 6835, 1: 38})
max_probs: 0.9999954700469971， num of >0.5: 46
AUROC test all: 0.8933274489250069, AUPR test all: 0.7598000716075821, AUROC test unknown: 0.8923243415404858, AUPR test unknown: 0.7544697699042067
Epoch: 361, Best AUROC test all: 0.9343132973676089, AUPR test all: 0.8445665608724364, AUROC test unknown: 0.9336956050389699, AUPR test unknown: 0.8412042868668508
pseudo_counter: Counter({0: 11461, -1: 6834, 1: 38})
max_probs: 0.999988317489624， num of >0.5: 45
AUROC test all: 0.8950664709694602, AUPR test all: 0.7620349292419433, AUROC test unknown: 0.8940797352465557, AUPR test unknown: 0.7562493414531307
Epoch: 362, Best AUROC test all: 0.9343132973676089, AUPR test all: 0.8445665608724364, AUROC test unknown: 0.9336956050389699, AUPR test unknown: 0.8412042868668508
pseudo_counter: Counter({0: 11465, -1: 6830, 1: 38})
max_probs: 0.9999963045120239， num of >0.5: 49
AUROC test all: 0.8970342674026623, AUPR test all: 0.7633169879460413, AUROC test unknown: 0.8960660175044444, AUPR test unknown: 0.757586311190961
Epoch: 363, Best AUROC test all: 0.9343132973676089, AUPR test all: 0.8445665608724364, AUROC test unknown: 0.9336956050389699, AUPR test unknown: 0.8412042868668508
pseudo_counter: Counter({0: 11467, -1: 6828, 1: 38})
max_probs: 0.9999963045120239， num of >0.5: 47
AUROC test all: 0.8941548599033995, AUPR test all: 0.7576768721828002, AUROC test unknown: 0.893169635996514, AUPR test unknown: 0.7518358386287578
Epoch: 364, Best AUROC test all: 0.9343132973676089, AUPR test all: 0.8445665608724364, AUROC test unknown: 0.9336956050389699, AUPR test unknown: 0.8412042868668508
pseudo_counter: Counter({0: 11471, -1: 6824, 1: 38})
max_probs: 0.9999986886978149， num of >0.5: 47
AUROC test all: 0.89160807632743, AUPR test all: 0.7517665383181265, AUROC test unknown: 0.8905888377711942, AUPR test unknown: 0.7454533176207045
Epoch: 365, Best AUROC test all: 0.9343132973676089, AUPR test all: 0.8445665608724364, AUROC test unknown: 0.9336956050389699, AUPR test unknown: 0.8412042868668508
pseudo_counter: Counter({0: 11474, -1: 6821, 1: 38})
max_probs: 0.9999854564666748， num of >0.5: 47
AUROC test all: 0.8924835070215036, AUPR test all: 0.7495577772678147, AUROC test unknown: 0.8914974420259878, AUPR test unknown: 0.7438030198498753
Epoch: 366, Best AUROC test all: 0.9343132973676089, AUPR test all: 0.8445665608724364, AUROC test unknown: 0.9336956050389699, AUPR test unknown: 0.8412042868668508
pseudo_counter: Counter({0: 11476, -1: 6819, 1: 38})
max_probs: 0.9999911785125732， num of >0.5: 48
AUROC test all: 0.8934238839210766, AUPR test all: 0.7524010264666792, AUROC test unknown: 0.892421720516674, AUPR test unknown: 0.7464549448099224
Epoch: 367, Best AUROC test all: 0.9343132973676089, AUPR test all: 0.8445665608724364, AUROC test unknown: 0.9336956050389699, AUPR test unknown: 0.8412042868668508
pseudo_counter: Counter({0: 11476, -1: 6819, 1: 38})
max_probs: 0.9999985694885254， num of >0.5: 47
AUROC test all: 0.8926096645657274, AUPR test all: 0.7500017185290395, AUROC test unknown: 0.8915998074148977, AUPR test unknown: 0.7439981275508017
Epoch: 368, Best AUROC test all: 0.9343132973676089, AUPR test all: 0.8445665608724364, AUROC test unknown: 0.9336956050389699, AUPR test unknown: 0.8412042868668508
pseudo_counter: Counter({0: 11477, -1: 6818, 1: 38})
max_probs: 0.9999986886978149， num of >0.5: 50
AUROC test all: 0.8923380312008564, AUPR test all: 0.7478875294426026, AUROC test unknown: 0.8913256382863639, AUPR test unknown: 0.7417878173322006
Epoch: 369, Best AUROC test all: 0.9343132973676089, AUPR test all: 0.8445665608724364, AUROC test unknown: 0.9336956050389699, AUPR test unknown: 0.8412042868668508
pseudo_counter: Counter({0: 11477, -1: 6818, 1: 38})
max_probs: 0.9999960660934448， num of >0.5: 42
AUROC test all: 0.8928258912739805, AUPR test all: 0.749949314381756, AUROC test unknown: 0.8918180674354286, AUPR test unknown: 0.7439668688834988
Epoch: 370, Best AUROC test all: 0.9343132973676089, AUPR test all: 0.8445665608724364, AUROC test unknown: 0.9336956050389699, AUPR test unknown: 0.8412042868668508
pseudo_counter: Counter({0: 11477, -1: 6818, 1: 38})
max_probs: 0.9999915361404419， num of >0.5: 47
AUROC test all: 0.8916517172337886, AUPR test all: 0.7463092365288082, AUROC test unknown: 0.8906371790461095, AUPR test unknown: 0.7398743520956125
Epoch: 371, Best AUROC test all: 0.9343132973676089, AUPR test all: 0.8445665608724364, AUROC test unknown: 0.9336956050389699, AUPR test unknown: 0.8412042868668508
pseudo_counter: Counter({0: 11479, -1: 6816, 1: 38})
max_probs: 0.9999967813491821， num of >0.5: 45
AUROC test all: 0.8909461769820897, AUPR test all: 0.7469395040284887, AUROC test unknown: 0.8899206956092175, AUPR test unknown: 0.7405515172101456
Epoch: 372, Best AUROC test all: 0.9343132973676089, AUPR test all: 0.8445665608724364, AUROC test unknown: 0.9336956050389699, AUPR test unknown: 0.8412042868668508
pseudo_counter: Counter({0: 11479, -1: 6816, 1: 38})
max_probs: 0.9999959468841553， num of >0.5: 44
AUROC test all: 0.8923736780204472, AUPR test all: 0.7525727401450186, AUROC test unknown: 0.8913616574575889, AUPR test unknown: 0.7462214900207726
Epoch: 373, Best AUROC test all: 0.9343132973676089, AUPR test all: 0.8445665608724364, AUROC test unknown: 0.9336956050389699, AUPR test unknown: 0.8412042868668508
pseudo_counter: Counter({0: 11486, -1: 6809, 1: 38})
max_probs: 0.9999996423721313， num of >0.5: 46
AUROC test all: 0.8928433789137333, AUPR test all: 0.747984842150005, AUROC test unknown: 0.8918357195221773, AUPR test unknown: 0.7416756418671258
Epoch: 374, Best AUROC test all: 0.9343132973676089, AUPR test all: 0.8445665608724364, AUROC test unknown: 0.9336956050389699, AUPR test unknown: 0.8412042868668508
pseudo_counter: Counter({0: 11488, -1: 6807, 1: 38})
max_probs: 0.9999997615814209， num of >0.5: 46
AUROC test all: 0.8921988292204569, AUPR test all: 0.7491054303987806, AUROC test unknown: 0.8911851273044167, AUPR test unknown: 0.7427029394986293
Epoch: 375, Best AUROC test all: 0.9343132973676089, AUPR test all: 0.8445665608724364, AUROC test unknown: 0.9336956050389699, AUPR test unknown: 0.8412042868668508
pseudo_counter: Counter({0: 11490, -1: 6805, 1: 38})
max_probs: 0.9999972581863403， num of >0.5: 44
AUROC test all: 0.8927017851467292, AUPR test all: 0.7503874821543127, AUROC test unknown: 0.8916980313884002, AUPR test unknown: 0.7443090209390684
Epoch: 376, Best AUROC test all: 0.9343132973676089, AUPR test all: 0.8445665608724364, AUROC test unknown: 0.9336956050389699, AUPR test unknown: 0.8412042868668508
pseudo_counter: Counter({0: 11491, -1: 6804, 1: 38})
max_probs: 0.9999995231628418， num of >0.5: 47
AUROC test all: 0.8944505675203659, AUPR test all: 0.7547412987608124, AUROC test unknown: 0.8934580215084317, AUPR test unknown: 0.7488862714782264
Epoch: 377, Best AUROC test all: 0.9343132973676089, AUPR test all: 0.8445665608724364, AUROC test unknown: 0.9336956050389699, AUPR test unknown: 0.8412042868668508
pseudo_counter: Counter({0: 11492, -1: 6803, 1: 38})
max_probs: 0.9999990463256836， num of >0.5: 47
AUROC test all: 0.8964427693761163, AUPR test all: 0.7593363936983426, AUROC test unknown: 0.8954715201083826, AUPR test unknown: 0.7539419787723823
Epoch: 378, Best AUROC test all: 0.9343132973676089, AUPR test all: 0.8445665608724364, AUROC test unknown: 0.9336956050389699, AUPR test unknown: 0.8412042868668508
pseudo_counter: Counter({0: 11495, -1: 6800, 1: 38})
max_probs: 0.9999972581863403， num of >0.5: 47
AUROC test all: 0.8984744449100251, AUPR test all: 0.7666911382589665, AUROC test unknown: 0.8975347435502794, AUPR test unknown: 0.761380894993564
Epoch: 379, Best AUROC test all: 0.9343132973676089, AUPR test all: 0.8445665608724364, AUROC test unknown: 0.9336956050389699, AUPR test unknown: 0.8412042868668508
pseudo_counter: Counter({0: 11498, -1: 6797, 1: 38})
max_probs: 0.9999991655349731， num of >0.5: 49
AUROC test all: 0.8999247047178452, AUPR test all: 0.7696778154627212, AUROC test unknown: 0.8989901167814145, AUPR test unknown: 0.7643045026776083
Epoch: 380, Best AUROC test all: 0.9343132973676089, AUPR test all: 0.8445665608724364, AUROC test unknown: 0.9336956050389699, AUPR test unknown: 0.8412042868668508
pseudo_counter: Counter({0: 11501, -1: 6794, 1: 38})
max_probs: 0.9999953508377075， num of >0.5: 48
AUROC test all: 0.8993503723597781, AUPR test all: 0.7689200421395075, AUROC test unknown: 0.898403976501646, AUPR test unknown: 0.7635112781467951
Epoch: 381, Best AUROC test all: 0.9343132973676089, AUPR test all: 0.8445665608724364, AUROC test unknown: 0.9336956050389699, AUPR test unknown: 0.8412042868668508
pseudo_counter: Counter({0: 11503, -1: 6792, 1: 38})
max_probs: 0.9999967813491821， num of >0.5: 45
AUROC test all: 0.9006899476428714, AUPR test all: 0.7766282352438061, AUROC test unknown: 0.8997568543442844, AUPR test unknown: 0.7716911839082358
Epoch: 382, Best AUROC test all: 0.9343132973676089, AUPR test all: 0.8445665608724364, AUROC test unknown: 0.9336956050389699, AUPR test unknown: 0.8412042868668508
pseudo_counter: Counter({0: 11504, -1: 6791, 1: 38})
max_probs: 0.9999957084655762， num of >0.5: 46
AUROC test all: 0.9000871622233864, AUPR test all: 0.7766540097856972, AUROC test unknown: 0.8991476391378613, AUPR test unknown: 0.7714153793480111
Epoch: 383, Best AUROC test all: 0.9343132973676089, AUPR test all: 0.8445665608724364, AUROC test unknown: 0.9336956050389699, AUPR test unknown: 0.8412042868668508
pseudo_counter: Counter({0: 11508, -1: 6787, 1: 38})
max_probs: 0.9999921321868896， num of >0.5: 47
AUROC test all: 0.9025990625116426, AUPR test all: 0.7794652404327158, AUROC test unknown: 0.9016831789356098, AUPR test unknown: 0.7746497908343963
Epoch: 384, Best AUROC test all: 0.9343132973676089, AUPR test all: 0.8445665608724364, AUROC test unknown: 0.9336956050389699, AUPR test unknown: 0.8412042868668508
pseudo_counter: Counter({0: 11513, -1: 6782, 1: 38})
max_probs: 0.9999948740005493， num of >0.5: 49
AUROC test all: 0.900264945561557, AUPR test all: 0.7757163418703038, AUROC test unknown: 0.8993270757103665, AUPR test unknown: 0.7707721796601297
Epoch: 385, Best AUROC test all: 0.9343132973676089, AUPR test all: 0.8445665608724364, AUROC test unknown: 0.9336956050389699, AUPR test unknown: 0.8412042868668508
pseudo_counter: Counter({0: 11516, -1: 6779, 1: 38})
max_probs: 0.9999977350234985， num of >0.5: 44
AUROC test all: 0.8993710153180132, AUPR test all: 0.7747368715131195, AUROC test unknown: 0.8984247392927929, AUPR test unknown: 0.769866051607516
Epoch: 386, Best AUROC test all: 0.9343132973676089, AUPR test all: 0.8445665608724364, AUROC test unknown: 0.9336956050389699, AUPR test unknown: 0.8412042868668508
pseudo_counter: Counter({0: 11518, -1: 6777, 1: 38})
max_probs: 0.9999972581863403， num of >0.5: 45
AUROC test all: 0.8988028556092225, AUPR test all: 0.7719429299135006, AUROC test unknown: 0.8978512554013668, AUPR test unknown: 0.7667873653189641
Epoch: 387, Best AUROC test all: 0.9343132973676089, AUPR test all: 0.8445665608724364, AUROC test unknown: 0.9336956050389699, AUPR test unknown: 0.8412042868668508
pseudo_counter: Counter({0: 11524, -1: 6771, 1: 38})
max_probs: 0.9999964237213135， num of >0.5: 45
AUROC test all: 0.8974505210645105, AUPR test all: 0.764776931650731, AUROC test unknown: 0.8964867054529719, AUPR test unknown: 0.7594139152461648
Epoch: 388, Best AUROC test all: 0.9343132973676089, AUPR test all: 0.8445665608724364, AUROC test unknown: 0.9336956050389699, AUPR test unknown: 0.8412042868668508
pseudo_counter: Counter({0: 11525, -1: 6770, 1: 38})
max_probs: 0.9999977350234985， num of >0.5: 47
AUROC test all: 0.892871454808802, AUPR test all: 0.7529260940587799, AUROC test unknown: 0.8918642451457921, AUPR test unknown: 0.7467543540348318
Epoch: 389, Best AUROC test all: 0.9343132973676089, AUPR test all: 0.8445665608724364, AUROC test unknown: 0.9336956050389699, AUPR test unknown: 0.8412042868668508
pseudo_counter: Counter({0: 11526, -1: 6769, 1: 38})
max_probs: 0.9999978542327881， num of >0.5: 44
AUROC test all: 0.890580702789697, AUPR test all: 0.7518674090114631, AUROC test unknown: 0.8895519332099265, AUPR test unknown: 0.7460797000119339
Epoch: 390, Best AUROC test all: 0.9343132973676089, AUPR test all: 0.8445665608724364, AUROC test unknown: 0.9336956050389699, AUPR test unknown: 0.8412042868668508
pseudo_counter: Counter({0: 11529, -1: 6766, 1: 38})
max_probs: 0.9999889135360718， num of >0.5: 44
AUROC test all: 0.8887568551133869, AUPR test all: 0.7469267583618155, AUROC test unknown: 0.8877109347759574, AUPR test unknown: 0.7409743679987768
Epoch: 391, Best AUROC test all: 0.9343132973676089, AUPR test all: 0.8445665608724364, AUROC test unknown: 0.9336956050389699, AUPR test unknown: 0.8412042868668508
pseudo_counter: Counter({0: 11532, -1: 6763, 1: 38})
max_probs: 0.9999916553497314， num of >0.5: 45
AUROC test all: 0.8875531793053425, AUPR test all: 0.7392970888745033, AUROC test unknown: 0.8864957729241503, AUPR test unknown: 0.7330281379791963
Epoch: 392, Best AUROC test all: 0.9343132973676089, AUPR test all: 0.8445665608724364, AUROC test unknown: 0.9336956050389699, AUPR test unknown: 0.8412042868668508
pseudo_counter: Counter({0: 11533, -1: 6762, 1: 38})
max_probs: 0.9999884366989136， num of >0.5: 46
AUROC test all: 0.8871972354626521, AUPR test all: 0.7408873048120788, AUROC test unknown: 0.8861364819233254, AUPR test unknown: 0.7346172225554048
Epoch: 393, Best AUROC test all: 0.9343132973676089, AUPR test all: 0.8445665608724364, AUROC test unknown: 0.9336956050389699, AUPR test unknown: 0.8412042868668508
pseudo_counter: Counter({0: 11535, -1: 6760, 1: 38})
max_probs: 0.9999942779541016， num of >0.5: 43
AUROC test all: 0.8839614609584532, AUPR test all: 0.7312755109320644, AUROC test unknown: 0.8828865293963888, AUPR test unknown: 0.7248741274877708
Epoch: 394, Best AUROC test all: 0.9343132973676089, AUPR test all: 0.8445665608724364, AUROC test unknown: 0.9336956050389699, AUPR test unknown: 0.8412042868668508
pseudo_counter: Counter({0: 11536, -1: 6759, 1: 38})
max_probs: 0.9999910593032837， num of >0.5: 46
AUROC test all: 0.8873098702133796, AUPR test all: 0.7316219643937343, AUROC test unknown: 0.8862502501331335, AUPR test unknown: 0.7246170215551999
Epoch: 395, Best AUROC test all: 0.9343132973676089, AUPR test all: 0.8445665608724364, AUROC test unknown: 0.9336956050389699, AUPR test unknown: 0.8412042868668508
pseudo_counter: Counter({0: 11538, -1: 6757, 1: 38})
max_probs: 0.9999853372573853， num of >0.5: 44
AUROC test all: 0.8881150007796305, AUPR test all: 0.7354365496133917, AUROC test unknown: 0.8870632675488995, AUPR test unknown: 0.7289826314892904
Epoch: 396, Best AUROC test all: 0.9343132973676089, AUPR test all: 0.8445665608724364, AUROC test unknown: 0.9336956050389699, AUPR test unknown: 0.8412042868668508
pseudo_counter: Counter({0: 11539, -1: 6756, 1: 38})
max_probs: 0.9999322891235352， num of >0.5: 42
AUROC test all: 0.8882590599266733, AUPR test all: 0.7323384963834266, AUROC test unknown: 0.8872082913736451, AUPR test unknown: 0.7253028510687465
Epoch: 397, Best AUROC test all: 0.9343132973676089, AUPR test all: 0.8445665608724364, AUROC test unknown: 0.9336956050389699, AUPR test unknown: 0.8412042868668508
pseudo_counter: Counter({0: 11539, -1: 6756, 1: 38})
max_probs: 0.9999872446060181， num of >0.5: 42
AUROC test all: 0.8901033021833792, AUPR test all: 0.7381779820131321, AUROC test unknown: 0.8890698761707507, AUPR test unknown: 0.7316108131230696
Epoch: 398, Best AUROC test all: 0.9343132973676089, AUPR test all: 0.8445665608724364, AUROC test unknown: 0.9336956050389699, AUPR test unknown: 0.8412042868668508
pseudo_counter: Counter({0: 11542, -1: 6753, 1: 38})
max_probs: 0.999995231628418， num of >0.5: 44
AUROC test all: 0.8903195380908115, AUPR test all: 0.7360637874783342, AUROC test unknown: 0.8892896683292686, AUPR test unknown: 0.7297408021118792
Epoch: 399, Best AUROC test all: 0.9343132973676089, AUPR test all: 0.8445665608724364, AUROC test unknown: 0.9336956050389699, AUPR test unknown: 0.8412042868668508
  rotation 9: ROC 0.9343 PR 0.8446
[cs] params 47648399, peak GPU 28.02 GB, 78.0 min total
[cs] ran 1/8 rotations; no results.csv row written. Merge the shards with:
    python analysis/scripts/merge_rotations.py
