/nas/home/jahin/.local/lib/python3.10/site-packages/requests/__init__.py:113: RequestsDependencyWarning: urllib3 (1.26.5) or chardet (7.2.0)/charset_normalizer (3.4.4) doesn't match a supported version!
  warnings.warn(
[yelp] anomaly classes (rotations): [np.int64(1)]
==================================================================
DEMO variant: FULL published method (mixup ON)
==================================================================
[yelp] DEMO mixup ON, PPR (45954, 45954) from data/yelp/ppr_matrix.npy
Normal classes: [np.int64(0)] in yelp
using binary cross entropy loss...
Building multi-layer GraphSage
building the dataloader ...
pseudo_counter: Counter({-1: 45954})
/nas/home/jahin/.local/lib/python3.10/site-packages/sklearn/metrics/_ranking.py:424: UndefinedMetricWarning: Only one class is present in y_true. ROC AUC score is not defined in that case.
  warnings.warn(
/nas/home/jahin/.local/lib/python3.10/site-packages/sklearn/metrics/_ranking.py:1046: UserWarning: No positive class found in y_true, recall is set to one for all thresholds.
  warnings.warn(
AUROC test all: 0.4640810188642377, AUPR test all: 0.14441499395776072, AUROC test unknown: nan, AUPR test unknown: 0.0
Epoch: 0, Best AUROC test all: 0.4640810188642377, AUPR test all: 0.14441499395776072, AUROC test unknown: 0.0, AUPR test unknown: 0.0
pseudo_counter: Counter({-1: 45954})
/nas/home/jahin/.local/lib/python3.10/site-packages/sklearn/metrics/_ranking.py:424: UndefinedMetricWarning: Only one class is present in y_true. ROC AUC score is not defined in that case.
  warnings.warn(
/nas/home/jahin/.local/lib/python3.10/site-packages/sklearn/metrics/_ranking.py:1046: UserWarning: No positive class found in y_true, recall is set to one for all thresholds.
  warnings.warn(
AUROC test all: 0.48772925610082707, AUPR test all: 0.15339960391725538, AUROC test unknown: nan, AUPR test unknown: 0.0
Epoch: 1, Best AUROC test all: 0.48772925610082707, AUPR test all: 0.15339960391725538, AUROC test unknown: 0.0, AUPR test unknown: 0.0
pseudo_counter: Counter({-1: 45954})
/nas/home/jahin/.local/lib/python3.10/site-packages/sklearn/metrics/_ranking.py:424: UndefinedMetricWarning: Only one class is present in y_true. ROC AUC score is not defined in that case.
  warnings.warn(
/nas/home/jahin/.local/lib/python3.10/site-packages/sklearn/metrics/_ranking.py:1046: UserWarning: No positive class found in y_true, recall is set to one for all thresholds.
  warnings.warn(
AUROC test all: 0.47733924735302885, AUPR test all: 0.1514799552914448, AUROC test unknown: nan, AUPR test unknown: 0.0
Epoch: 2, Best AUROC test all: 0.48772925610082707, AUPR test all: 0.15339960391725538, AUROC test unknown: 0.0, AUPR test unknown: 0.0
pseudo_counter: Counter({-1: 45954})
/nas/home/jahin/.local/lib/python3.10/site-packages/sklearn/metrics/_ranking.py:424: UndefinedMetricWarning: Only one class is present in y_true. ROC AUC score is not defined in that case.
  warnings.warn(
/nas/home/jahin/.local/lib/python3.10/site-packages/sklearn/metrics/_ranking.py:1046: UserWarning: No positive class found in y_true, recall is set to one for all thresholds.
  warnings.warn(
AUROC test all: 0.48156012342411925, AUPR test all: 0.15125094147646037, AUROC test unknown: nan, AUPR test unknown: 0.0
Epoch: 3, Best AUROC test all: 0.48772925610082707, AUPR test all: 0.15339960391725538, AUROC test unknown: 0.0, AUPR test unknown: 0.0
pseudo_counter: Counter({-1: 45954})
/nas/home/jahin/.local/lib/python3.10/site-packages/sklearn/metrics/_ranking.py:424: UndefinedMetricWarning: Only one class is present in y_true. ROC AUC score is not defined in that case.
  warnings.warn(
/nas/home/jahin/.local/lib/python3.10/site-packages/sklearn/metrics/_ranking.py:1046: UserWarning: No positive class found in y_true, recall is set to one for all thresholds.
  warnings.warn(
AUROC test all: 0.4892213564581248, AUPR test all: 0.15277363886766337, AUROC test unknown: nan, AUPR test unknown: 0.0
Epoch: 4, Best AUROC test all: 0.4892213564581248, AUPR test all: 0.15339960391725538, AUROC test unknown: 0.0, AUPR test unknown: 0.0
pseudo_counter: Counter({-1: 45954})
/nas/home/jahin/.local/lib/python3.10/site-packages/sklearn/metrics/_ranking.py:424: UndefinedMetricWarning: Only one class is present in y_true. ROC AUC score is not defined in that case.
  warnings.warn(
/nas/home/jahin/.local/lib/python3.10/site-packages/sklearn/metrics/_ranking.py:1046: UserWarning: No positive class found in y_true, recall is set to one for all thresholds.
  warnings.warn(
AUROC test all: 0.49503209355707667, AUPR test all: 0.15557507293995668, AUROC test unknown: nan, AUPR test unknown: 0.0
Epoch: 5, Best AUROC test all: 0.49503209355707667, AUPR test all: 0.15557507293995668, AUROC test unknown: 0.0, AUPR test unknown: 0.0
pseudo_counter: Counter({-1: 45954})
max_probs: 0.2360391914844513， num of >0.5: 0
/nas/home/jahin/.local/lib/python3.10/site-packages/sklearn/metrics/_ranking.py:424: UndefinedMetricWarning: Only one class is present in y_true. ROC AUC score is not defined in that case.
  warnings.warn(
/nas/home/jahin/.local/lib/python3.10/site-packages/sklearn/metrics/_ranking.py:1046: UserWarning: No positive class found in y_true, recall is set to one for all thresholds.
  warnings.warn(
AUROC test all: 0.5030891583638044, AUPR test all: 0.15938303696142853, AUROC test unknown: nan, AUPR test unknown: 0.0
Epoch: 6, Best AUROC test all: 0.5030891583638044, AUPR test all: 0.15938303696142853, AUROC test unknown: 0.0, AUPR test unknown: 0.0
pseudo_counter: Counter({0: 43519, -1: 2435})
max_probs: 0.19222840666770935， num of >0.5: 0
/nas/home/jahin/.local/lib/python3.10/site-packages/sklearn/metrics/_ranking.py:424: UndefinedMetricWarning: Only one class is present in y_true. ROC AUC score is not defined in that case.
  warnings.warn(
/nas/home/jahin/.local/lib/python3.10/site-packages/sklearn/metrics/_ranking.py:1046: UserWarning: No positive class found in y_true, recall is set to one for all thresholds.
  warnings.warn(
AUROC test all: 0.5065138589216633, AUPR test all: 0.16057743824235307, AUROC test unknown: nan, AUPR test unknown: 0.0
Epoch: 7, Best AUROC test all: 0.5065138589216633, AUPR test all: 0.16057743824235307, AUROC test unknown: 0.0, AUPR test unknown: 0.0
pseudo_counter: Counter({0: 43519, -1: 2435})
max_probs: 0.1524822860956192， num of >0.5: 0
/nas/home/jahin/.local/lib/python3.10/site-packages/sklearn/metrics/_ranking.py:424: UndefinedMetricWarning: Only one class is present in y_true. ROC AUC score is not defined in that case.
  warnings.warn(
/nas/home/jahin/.local/lib/python3.10/site-packages/sklearn/metrics/_ranking.py:1046: UserWarning: No positive class found in y_true, recall is set to one for all thresholds.
  warnings.warn(
AUROC test all: 0.5087497996608298, AUPR test all: 0.16118591166238533, AUROC test unknown: nan, AUPR test unknown: 0.0
Epoch: 8, Best AUROC test all: 0.5087497996608298, AUPR test all: 0.16118591166238533, AUROC test unknown: 0.0, AUPR test unknown: 0.0
pseudo_counter: Counter({0: 43519, -1: 2435})
max_probs: 0.12004010379314423， num of >0.5: 0
/nas/home/jahin/.local/lib/python3.10/site-packages/sklearn/metrics/_ranking.py:424: UndefinedMetricWarning: Only one class is present in y_true. ROC AUC score is not defined in that case.
  warnings.warn(
/nas/home/jahin/.local/lib/python3.10/site-packages/sklearn/metrics/_ranking.py:1046: UserWarning: No positive class found in y_true, recall is set to one for all thresholds.
  warnings.warn(
AUROC test all: 0.5115862549843798, AUPR test all: 0.16141702972625427, AUROC test unknown: nan, AUPR test unknown: 0.0
Epoch: 9, Best AUROC test all: 0.5115862549843798, AUPR test all: 0.16141702972625427, AUROC test unknown: 0.0, AUPR test unknown: 0.0
pseudo_counter: Counter({0: 43519, -1: 2435})
max_probs: 0.08926665782928467， num of >0.5: 0
/nas/home/jahin/.local/lib/python3.10/site-packages/sklearn/metrics/_ranking.py:424: UndefinedMetricWarning: Only one class is present in y_true. ROC AUC score is not defined in that case.
  warnings.warn(
/nas/home/jahin/.local/lib/python3.10/site-packages/sklearn/metrics/_ranking.py:1046: UserWarning: No positive class found in y_true, recall is set to one for all thresholds.
  warnings.warn(
AUROC test all: 0.5158364424240025, AUPR test all: 0.16298568714189368, AUROC test unknown: nan, AUPR test unknown: 0.0
Epoch: 10, Best AUROC test all: 0.5158364424240025, AUPR test all: 0.16298568714189368, AUROC test unknown: 0.0, AUPR test unknown: 0.0
pseudo_counter: Counter({0: 43519, -1: 2435})
max_probs: 0.06621555984020233， num of >0.5: 0
/nas/home/jahin/.local/lib/python3.10/site-packages/sklearn/metrics/_ranking.py:424: UndefinedMetricWarning: Only one class is present in y_true. ROC AUC score is not defined in that case.
  warnings.warn(
/nas/home/jahin/.local/lib/python3.10/site-packages/sklearn/metrics/_ranking.py:1046: UserWarning: No positive class found in y_true, recall is set to one for all thresholds.
  warnings.warn(
AUROC test all: 0.52144069233473, AUPR test all: 0.16457789210504056, AUROC test unknown: nan, AUPR test unknown: 0.0
Epoch: 11, Best AUROC test all: 0.52144069233473, AUPR test all: 0.16457789210504056, AUROC test unknown: 0.0, AUPR test unknown: 0.0
pseudo_counter: Counter({0: 43519, -1: 2435})
max_probs: 0.04826899245381355， num of >0.5: 0
/nas/home/jahin/.local/lib/python3.10/site-packages/sklearn/metrics/_ranking.py:424: UndefinedMetricWarning: Only one class is present in y_true. ROC AUC score is not defined in that case.
  warnings.warn(
/nas/home/jahin/.local/lib/python3.10/site-packages/sklearn/metrics/_ranking.py:1046: UserWarning: No positive class found in y_true, recall is set to one for all thresholds.
  warnings.warn(
AUROC test all: 0.5247525875396266, AUPR test all: 0.16544205686862232, AUROC test unknown: nan, AUPR test unknown: 0.0
Epoch: 12, Best AUROC test all: 0.5247525875396266, AUPR test all: 0.16544205686862232, AUROC test unknown: 0.0, AUPR test unknown: 0.0
pseudo_counter: Counter({0: 43519, -1: 2435})
max_probs: 0.03349163383245468， num of >0.5: 0
/nas/home/jahin/.local/lib/python3.10/site-packages/sklearn/metrics/_ranking.py:424: UndefinedMetricWarning: Only one class is present in y_true. ROC AUC score is not defined in that case.
  warnings.warn(
/nas/home/jahin/.local/lib/python3.10/site-packages/sklearn/metrics/_ranking.py:1046: UserWarning: No positive class found in y_true, recall is set to one for all thresholds.
  warnings.warn(
AUROC test all: 0.5272997000990671, AUPR test all: 0.16583314193390825, AUROC test unknown: nan, AUPR test unknown: 0.0
Epoch: 13, Best AUROC test all: 0.5272997000990671, AUPR test all: 0.16583314193390825, AUROC test unknown: 0.0, AUPR test unknown: 0.0
pseudo_counter: Counter({0: 43519, -1: 2435})
max_probs: 0.025122927501797676， num of >0.5: 0
/nas/home/jahin/.local/lib/python3.10/site-packages/sklearn/metrics/_ranking.py:424: UndefinedMetricWarning: Only one class is present in y_true. ROC AUC score is not defined in that case.
  warnings.warn(
/nas/home/jahin/.local/lib/python3.10/site-packages/sklearn/metrics/_ranking.py:1046: UserWarning: No positive class found in y_true, recall is set to one for all thresholds.
  warnings.warn(
AUROC test all: 0.5305056092216969, AUPR test all: 0.16795537265258942, AUROC test unknown: nan, AUPR test unknown: 0.0
Epoch: 14, Best AUROC test all: 0.5305056092216969, AUPR test all: 0.16795537265258942, AUROC test unknown: 0.0, AUPR test unknown: 0.0
pseudo_counter: Counter({0: 43519, -1: 2435})
max_probs: 0.017700977623462677， num of >0.5: 0
/nas/home/jahin/.local/lib/python3.10/site-packages/sklearn/metrics/_ranking.py:424: UndefinedMetricWarning: Only one class is present in y_true. ROC AUC score is not defined in that case.
  warnings.warn(
/nas/home/jahin/.local/lib/python3.10/site-packages/sklearn/metrics/_ranking.py:1046: UserWarning: No positive class found in y_true, recall is set to one for all thresholds.
  warnings.warn(
AUROC test all: 0.5288787225509882, AUPR test all: 0.16673296368165347, AUROC test unknown: nan, AUPR test unknown: 0.0
Epoch: 15, Best AUROC test all: 0.5305056092216969, AUPR test all: 0.16795537265258942, AUROC test unknown: 0.0, AUPR test unknown: 0.0
pseudo_counter: Counter({0: 43519, -1: 2435})
max_probs: 0.013637201860547066， num of >0.5: 0
/nas/home/jahin/.local/lib/python3.10/site-packages/sklearn/metrics/_ranking.py:424: UndefinedMetricWarning: Only one class is present in y_true. ROC AUC score is not defined in that case.
  warnings.warn(
/nas/home/jahin/.local/lib/python3.10/site-packages/sklearn/metrics/_ranking.py:1046: UserWarning: No positive class found in y_true, recall is set to one for all thresholds.
  warnings.warn(
AUROC test all: 0.5322515601124214, AUPR test all: 0.16869140387931497, AUROC test unknown: nan, AUPR test unknown: 0.0
Epoch: 16, Best AUROC test all: 0.5322515601124214, AUPR test all: 0.16869140387931497, AUROC test unknown: 0.0, AUPR test unknown: 0.0
pseudo_counter: Counter({0: 43519, -1: 2435})
max_probs: 0.011057155206799507， num of >0.5: 0
/nas/home/jahin/.local/lib/python3.10/site-packages/sklearn/metrics/_ranking.py:424: UndefinedMetricWarning: Only one class is present in y_true. ROC AUC score is not defined in that case.
  warnings.warn(
/nas/home/jahin/.local/lib/python3.10/site-packages/sklearn/metrics/_ranking.py:1046: UserWarning: No positive class found in y_true, recall is set to one for all thresholds.
  warnings.warn(
AUROC test all: 0.5326955578597383, AUPR test all: 0.16772374237978654, AUROC test unknown: nan, AUPR test unknown: 0.0
Epoch: 17, Best AUROC test all: 0.5326955578597383, AUPR test all: 0.16869140387931497, AUROC test unknown: 0.0, AUPR test unknown: 0.0
pseudo_counter: Counter({0: 43519, -1: 2435})
max_probs: 0.008364234119653702， num of >0.5: 0
/nas/home/jahin/.local/lib/python3.10/site-packages/sklearn/metrics/_ranking.py:424: UndefinedMetricWarning: Only one class is present in y_true. ROC AUC score is not defined in that case.
  warnings.warn(
/nas/home/jahin/.local/lib/python3.10/site-packages/sklearn/metrics/_ranking.py:1046: UserWarning: No positive class found in y_true, recall is set to one for all thresholds.
  warnings.warn(
AUROC test all: 0.5357850405597165, AUPR test all: 0.16895160186476138, AUROC test unknown: nan, AUPR test unknown: 0.0
Epoch: 18, Best AUROC test all: 0.5357850405597165, AUPR test all: 0.16895160186476138, AUROC test unknown: 0.0, AUPR test unknown: 0.0
pseudo_counter: Counter({0: 43519, -1: 2435})
max_probs: 0.0077916644513607025， num of >0.5: 0
/nas/home/jahin/.local/lib/python3.10/site-packages/sklearn/metrics/_ranking.py:424: UndefinedMetricWarning: Only one class is present in y_true. ROC AUC score is not defined in that case.
  warnings.warn(
/nas/home/jahin/.local/lib/python3.10/site-packages/sklearn/metrics/_ranking.py:1046: UserWarning: No positive class found in y_true, recall is set to one for all thresholds.
  warnings.warn(
AUROC test all: 0.5384967085667127, AUPR test all: 0.1697648742523826, AUROC test unknown: nan, AUPR test unknown: 0.0
Epoch: 19, Best AUROC test all: 0.5384967085667127, AUPR test all: 0.1697648742523826, AUROC test unknown: 0.0, AUPR test unknown: 0.0
pseudo_counter: Counter({0: 43519, -1: 2435})
max_probs: 0.007346087135374546， num of >0.5: 0
/nas/home/jahin/.local/lib/python3.10/site-packages/sklearn/metrics/_ranking.py:424: UndefinedMetricWarning: Only one class is present in y_true. ROC AUC score is not defined in that case.
  warnings.warn(
/nas/home/jahin/.local/lib/python3.10/site-packages/sklearn/metrics/_ranking.py:1046: UserWarning: No positive class found in y_true, recall is set to one for all thresholds.
  warnings.warn(
AUROC test all: 0.5367253342360225, AUPR test all: 0.16974032598351665, AUROC test unknown: nan, AUPR test unknown: 0.0
Epoch: 20, Best AUROC test all: 0.5384967085667127, AUPR test all: 0.1697648742523826, AUROC test unknown: 0.0, AUPR test unknown: 0.0
pseudo_counter: Counter({0: 43519, -1: 2435})
max_probs: 0.0069466205313801765， num of >0.5: 0
/nas/home/jahin/.local/lib/python3.10/site-packages/sklearn/metrics/_ranking.py:424: UndefinedMetricWarning: Only one class is present in y_true. ROC AUC score is not defined in that case.
  warnings.warn(
/nas/home/jahin/.local/lib/python3.10/site-packages/sklearn/metrics/_ranking.py:1046: UserWarning: No positive class found in y_true, recall is set to one for all thresholds.
  warnings.warn(
AUROC test all: 0.5390533556571869, AUPR test all: 0.1705120914671962, AUROC test unknown: nan, AUPR test unknown: 0.0
Epoch: 21, Best AUROC test all: 0.5390533556571869, AUPR test all: 0.1705120914671962, AUROC test unknown: 0.0, AUPR test unknown: 0.0
pseudo_counter: Counter({0: 43519, -1: 2435})
max_probs: 0.006989946588873863， num of >0.5: 0
/nas/home/jahin/.local/lib/python3.10/site-packages/sklearn/metrics/_ranking.py:424: UndefinedMetricWarning: Only one class is present in y_true. ROC AUC score is not defined in that case.
  warnings.warn(
/nas/home/jahin/.local/lib/python3.10/site-packages/sklearn/metrics/_ranking.py:1046: UserWarning: No positive class found in y_true, recall is set to one for all thresholds.
  warnings.warn(
AUROC test all: 0.5389714197180481, AUPR test all: 0.17024103590568887, AUROC test unknown: nan, AUPR test unknown: 0.0
Epoch: 22, Best AUROC test all: 0.5390533556571869, AUPR test all: 0.1705120914671962, AUROC test unknown: 0.0, AUPR test unknown: 0.0
pseudo_counter: Counter({0: 43519, -1: 2435})
max_probs: 0.0069137015379965305， num of >0.5: 0
/nas/home/jahin/.local/lib/python3.10/site-packages/sklearn/metrics/_ranking.py:424: UndefinedMetricWarning: Only one class is present in y_true. ROC AUC score is not defined in that case.
  warnings.warn(
/nas/home/jahin/.local/lib/python3.10/site-packages/sklearn/metrics/_ranking.py:1046: UserWarning: No positive class found in y_true, recall is set to one for all thresholds.
  warnings.warn(
AUROC test all: 0.5390012771208985, AUPR test all: 0.1714539106604106, AUROC test unknown: nan, AUPR test unknown: 0.0
Epoch: 23, Best AUROC test all: 0.5390533556571869, AUPR test all: 0.1714539106604106, AUROC test unknown: 0.0, AUPR test unknown: 0.0
pseudo_counter: Counter({0: 43519, -1: 2435})
max_probs: 0.007457684725522995， num of >0.5: 0
/nas/home/jahin/.local/lib/python3.10/site-packages/sklearn/metrics/_ranking.py:424: UndefinedMetricWarning: Only one class is present in y_true. ROC AUC score is not defined in that case.
  warnings.warn(
/nas/home/jahin/.local/lib/python3.10/site-packages/sklearn/metrics/_ranking.py:1046: UserWarning: No positive class found in y_true, recall is set to one for all thresholds.
  warnings.warn(
AUROC test all: 0.5380321052085458, AUPR test all: 0.17035499981848107, AUROC test unknown: nan, AUPR test unknown: 0.0
Epoch: 24, Best AUROC test all: 0.5390533556571869, AUPR test all: 0.1714539106604106, AUROC test unknown: 0.0, AUPR test unknown: 0.0
pseudo_counter: Counter({0: 43519, -1: 2435})
max_probs: 0.008212322369217873， num of >0.5: 0
/nas/home/jahin/.local/lib/python3.10/site-packages/sklearn/metrics/_ranking.py:424: UndefinedMetricWarning: Only one class is present in y_true. ROC AUC score is not defined in that case.
  warnings.warn(
/nas/home/jahin/.local/lib/python3.10/site-packages/sklearn/metrics/_ranking.py:1046: UserWarning: No positive class found in y_true, recall is set to one for all thresholds.
  warnings.warn(
AUROC test all: 0.5391992001919216, AUPR test all: 0.17106901901155358, AUROC test unknown: nan, AUPR test unknown: 0.0
Epoch: 25, Best AUROC test all: 0.5391992001919216, AUPR test all: 0.1714539106604106, AUROC test unknown: 0.0, AUPR test unknown: 0.0
pseudo_counter: Counter({0: 43519, -1: 2435})
max_probs: 0.00933550763875246， num of >0.5: 0
/nas/home/jahin/.local/lib/python3.10/site-packages/sklearn/metrics/_ranking.py:424: UndefinedMetricWarning: Only one class is present in y_true. ROC AUC score is not defined in that case.
  warnings.warn(
/nas/home/jahin/.local/lib/python3.10/site-packages/sklearn/metrics/_ranking.py:1046: UserWarning: No positive class found in y_true, recall is set to one for all thresholds.
  warnings.warn(
AUROC test all: 0.5375936601786377, AUPR test all: 0.17025852965202987, AUROC test unknown: nan, AUPR test unknown: 0.0
Epoch: 26, Best AUROC test all: 0.5391992001919216, AUPR test all: 0.1714539106604106, AUROC test unknown: 0.0, AUPR test unknown: 0.0
pseudo_counter: Counter({0: 43519, -1: 2435})
max_probs: 0.010674973018467426， num of >0.5: 0
/nas/home/jahin/.local/lib/python3.10/site-packages/sklearn/metrics/_ranking.py:424: UndefinedMetricWarning: Only one class is present in y_true. ROC AUC score is not defined in that case.
  warnings.warn(
/nas/home/jahin/.local/lib/python3.10/site-packages/sklearn/metrics/_ranking.py:1046: UserWarning: No positive class found in y_true, recall is set to one for all thresholds.
  warnings.warn(
AUROC test all: 0.5379048668958418, AUPR test all: 0.17021204339610627, AUROC test unknown: nan, AUPR test unknown: 0.0
Epoch: 27, Best AUROC test all: 0.5391992001919216, AUPR test all: 0.1714539106604106, AUROC test unknown: 0.0, AUPR test unknown: 0.0
pseudo_counter: Counter({0: 43519, -1: 2435})
max_probs: 0.012866266071796417， num of >0.5: 0
/nas/home/jahin/.local/lib/python3.10/site-packages/sklearn/metrics/_ranking.py:424: UndefinedMetricWarning: Only one class is present in y_true. ROC AUC score is not defined in that case.
  warnings.warn(
/nas/home/jahin/.local/lib/python3.10/site-packages/sklearn/metrics/_ranking.py:1046: UserWarning: No positive class found in y_true, recall is set to one for all thresholds.
  warnings.warn(
AUROC test all: 0.5403991557668979, AUPR test all: 0.17143418710169958, AUROC test unknown: nan, AUPR test unknown: 0.0
Epoch: 28, Best AUROC test all: 0.5403991557668979, AUPR test all: 0.1714539106604106, AUROC test unknown: 0.0, AUPR test unknown: 0.0
pseudo_counter: Counter({0: 43519, -1: 2435})
max_probs: 0.01430429145693779， num of >0.5: 0
/nas/home/jahin/.local/lib/python3.10/site-packages/sklearn/metrics/_ranking.py:424: UndefinedMetricWarning: Only one class is present in y_true. ROC AUC score is not defined in that case.
  warnings.warn(
/nas/home/jahin/.local/lib/python3.10/site-packages/sklearn/metrics/_ranking.py:1046: UserWarning: No positive class found in y_true, recall is set to one for all thresholds.
  warnings.warn(
AUROC test all: 0.5413100457004449, AUPR test all: 0.17216200859344477, AUROC test unknown: nan, AUPR test unknown: 0.0
Epoch: 29, Best AUROC test all: 0.5413100457004449, AUPR test all: 0.17216200859344477, AUROC test unknown: 0.0, AUPR test unknown: 0.0
pseudo_counter: Counter({0: 43519, -1: 2435})
max_probs: 0.01611080951988697， num of >0.5: 0
/nas/home/jahin/.local/lib/python3.10/site-packages/sklearn/metrics/_ranking.py:424: UndefinedMetricWarning: Only one class is present in y_true. ROC AUC score is not defined in that case.
  warnings.warn(
/nas/home/jahin/.local/lib/python3.10/site-packages/sklearn/metrics/_ranking.py:1046: UserWarning: No positive class found in y_true, recall is set to one for all thresholds.
  warnings.warn(
AUROC test all: 0.5429074834676615, AUPR test all: 0.17255976474222476, AUROC test unknown: nan, AUPR test unknown: 0.0
Epoch: 30, Best AUROC test all: 0.5429074834676615, AUPR test all: 0.17255976474222476, AUROC test unknown: 0.0, AUPR test unknown: 0.0
pseudo_counter: Counter({0: 43519, -1: 2435})
max_probs: 0.01953119970858097， num of >0.5: 0
/nas/home/jahin/.local/lib/python3.10/site-packages/sklearn/metrics/_ranking.py:424: UndefinedMetricWarning: Only one class is present in y_true. ROC AUC score is not defined in that case.
  warnings.warn(
/nas/home/jahin/.local/lib/python3.10/site-packages/sklearn/metrics/_ranking.py:1046: UserWarning: No positive class found in y_true, recall is set to one for all thresholds.
  warnings.warn(
AUROC test all: 0.5391206656770883, AUPR test all: 0.17147421588227024, AUROC test unknown: nan, AUPR test unknown: 0.0
Epoch: 31, Best AUROC test all: 0.5429074834676615, AUPR test all: 0.17255976474222476, AUROC test unknown: 0.0, AUPR test unknown: 0.0
pseudo_counter: Counter({0: 43519, -1: 2435})
max_probs: 0.02218683809041977， num of >0.5: 0
/nas/home/jahin/.local/lib/python3.10/site-packages/sklearn/metrics/_ranking.py:424: UndefinedMetricWarning: Only one class is present in y_true. ROC AUC score is not defined in that case.
  warnings.warn(
/nas/home/jahin/.local/lib/python3.10/site-packages/sklearn/metrics/_ranking.py:1046: UserWarning: No positive class found in y_true, recall is set to one for all thresholds.
  warnings.warn(
AUROC test all: 0.5407681518003651, AUPR test all: 0.17231510602216127, AUROC test unknown: nan, AUPR test unknown: 0.0
Epoch: 32, Best AUROC test all: 0.5429074834676615, AUPR test all: 0.17255976474222476, AUROC test unknown: 0.0, AUPR test unknown: 0.0
pseudo_counter: Counter({0: 43519, -1: 2435})
max_probs: 0.024894803762435913， num of >0.5: 0
/nas/home/jahin/.local/lib/python3.10/site-packages/sklearn/metrics/_ranking.py:424: UndefinedMetricWarning: Only one class is present in y_true. ROC AUC score is not defined in that case.
  warnings.warn(
/nas/home/jahin/.local/lib/python3.10/site-packages/sklearn/metrics/_ranking.py:1046: UserWarning: No positive class found in y_true, recall is set to one for all thresholds.
  warnings.warn(
AUROC test all: 0.5416918304324172, AUPR test all: 0.17336382303034548, AUROC test unknown: nan, AUPR test unknown: 0.0
Epoch: 33, Best AUROC test all: 0.5429074834676615, AUPR test all: 0.17336382303034548, AUROC test unknown: 0.0, AUPR test unknown: 0.0
pseudo_counter: Counter({0: 43519, -1: 2435})
max_probs: 0.028231391683220863， num of >0.5: 0
/nas/home/jahin/.local/lib/python3.10/site-packages/sklearn/metrics/_ranking.py:424: UndefinedMetricWarning: Only one class is present in y_true. ROC AUC score is not defined in that case.
  warnings.warn(
/nas/home/jahin/.local/lib/python3.10/site-packages/sklearn/metrics/_ranking.py:1046: UserWarning: No positive class found in y_true, recall is set to one for all thresholds.
  warnings.warn(
AUROC test all: 0.539949014107121, AUPR test all: 0.17258363186069298, AUROC test unknown: nan, AUPR test unknown: 0.0
Epoch: 34, Best AUROC test all: 0.5429074834676615, AUPR test all: 0.17336382303034548, AUROC test unknown: 0.0, AUPR test unknown: 0.0
pseudo_counter: Counter({0: 43519, -1: 2435})
max_probs: 0.03045124001801014， num of >0.5: 0
/nas/home/jahin/.local/lib/python3.10/site-packages/sklearn/metrics/_ranking.py:424: UndefinedMetricWarning: Only one class is present in y_true. ROC AUC score is not defined in that case.
  warnings.warn(
/nas/home/jahin/.local/lib/python3.10/site-packages/sklearn/metrics/_ranking.py:1046: UserWarning: No positive class found in y_true, recall is set to one for all thresholds.
  warnings.warn(
AUROC test all: 0.5408317422180688, AUPR test all: 0.1729392189073799, AUROC test unknown: nan, AUPR test unknown: 0.0
Epoch: 35, Best AUROC test all: 0.5429074834676615, AUPR test all: 0.17336382303034548, AUROC test unknown: 0.0, AUPR test unknown: 0.0
pseudo_counter: Counter({0: 43519, -1: 2435})
max_probs: 0.03257153183221817， num of >0.5: 0
/nas/home/jahin/.local/lib/python3.10/site-packages/sklearn/metrics/_ranking.py:424: UndefinedMetricWarning: Only one class is present in y_true. ROC AUC score is not defined in that case.
  warnings.warn(
/nas/home/jahin/.local/lib/python3.10/site-packages/sklearn/metrics/_ranking.py:1046: UserWarning: No positive class found in y_true, recall is set to one for all thresholds.
  warnings.warn(
AUROC test all: 0.5429005061344, AUPR test all: 0.17312707939844868, AUROC test unknown: nan, AUPR test unknown: 0.0
Epoch: 36, Best AUROC test all: 0.5429074834676615, AUPR test all: 0.17336382303034548, AUROC test unknown: 0.0, AUPR test unknown: 0.0
pseudo_counter: Counter({0: 43519, -1: 2435})
max_probs: 0.03402611240744591， num of >0.5: 0
/nas/home/jahin/.local/lib/python3.10/site-packages/sklearn/metrics/_ranking.py:424: UndefinedMetricWarning: Only one class is present in y_true. ROC AUC score is not defined in that case.
  warnings.warn(
/nas/home/jahin/.local/lib/python3.10/site-packages/sklearn/metrics/_ranking.py:1046: UserWarning: No positive class found in y_true, recall is set to one for all thresholds.
  warnings.warn(
AUROC test all: 0.5458470756417728, AUPR test all: 0.17488218725618848, AUROC test unknown: nan, AUPR test unknown: 0.0
Epoch: 37, Best AUROC test all: 0.5458470756417728, AUPR test all: 0.17488218725618848, AUROC test unknown: 0.0, AUPR test unknown: 0.0
pseudo_counter: Counter({0: 43519, -1: 2435})
max_probs: 0.03465977683663368， num of >0.5: 0
/nas/home/jahin/.local/lib/python3.10/site-packages/sklearn/metrics/_ranking.py:424: UndefinedMetricWarning: Only one class is present in y_true. ROC AUC score is not defined in that case.
  warnings.warn(
/nas/home/jahin/.local/lib/python3.10/site-packages/sklearn/metrics/_ranking.py:1046: UserWarning: No positive class found in y_true, recall is set to one for all thresholds.
  warnings.warn(
AUROC test all: 0.5455238664333713, AUPR test all: 0.17503788944665932, AUROC test unknown: nan, AUPR test unknown: 0.0
Epoch: 38, Best AUROC test all: 0.5458470756417728, AUPR test all: 0.17503788944665932, AUROC test unknown: 0.0, AUPR test unknown: 0.0
pseudo_counter: Counter({0: 43519, -1: 2435})
max_probs: 0.03482065349817276， num of >0.5: 0
/nas/home/jahin/.local/lib/python3.10/site-packages/sklearn/metrics/_ranking.py:424: UndefinedMetricWarning: Only one class is present in y_true. ROC AUC score is not defined in that case.
  warnings.warn(
/nas/home/jahin/.local/lib/python3.10/site-packages/sklearn/metrics/_ranking.py:1046: UserWarning: No positive class found in y_true, recall is set to one for all thresholds.
  warnings.warn(
AUROC test all: 0.5492650616197265, AUPR test all: 0.17610771871863412, AUROC test unknown: nan, AUPR test unknown: 0.0
Epoch: 39, Best AUROC test all: 0.5492650616197265, AUPR test all: 0.17610771871863412, AUROC test unknown: 0.0, AUPR test unknown: 0.0
pseudo_counter: Counter({0: 43519, -1: 2435})
max_probs: 0.03399786353111267， num of >0.5: 0
/nas/home/jahin/.local/lib/python3.10/site-packages/sklearn/metrics/_ranking.py:424: UndefinedMetricWarning: Only one class is present in y_true. ROC AUC score is not defined in that case.
  warnings.warn(
/nas/home/jahin/.local/lib/python3.10/site-packages/sklearn/metrics/_ranking.py:1046: UserWarning: No positive class found in y_true, recall is set to one for all thresholds.
  warnings.warn(
AUROC test all: 0.5515256519081144, AUPR test all: 0.17725009869522562, AUROC test unknown: nan, AUPR test unknown: 0.0
Epoch: 40, Best AUROC test all: 0.5515256519081144, AUPR test all: 0.17725009869522562, AUROC test unknown: 0.0, AUPR test unknown: 0.0
pseudo_counter: Counter({0: 43519, -1: 2435})
max_probs: 0.03380526974797249， num of >0.5: 0
/nas/home/jahin/.local/lib/python3.10/site-packages/sklearn/metrics/_ranking.py:424: UndefinedMetricWarning: Only one class is present in y_true. ROC AUC score is not defined in that case.
  warnings.warn(
/nas/home/jahin/.local/lib/python3.10/site-packages/sklearn/metrics/_ranking.py:1046: UserWarning: No positive class found in y_true, recall is set to one for all thresholds.
  warnings.warn(
AUROC test all: 0.5532290223858224, AUPR test all: 0.1774224583575737, AUROC test unknown: nan, AUPR test unknown: 0.0
Epoch: 41, Best AUROC test all: 0.5532290223858224, AUPR test all: 0.1774224583575737, AUROC test unknown: 0.0, AUPR test unknown: 0.0
pseudo_counter: Counter({0: 43519, -1: 2435})
max_probs: 0.032512906938791275， num of >0.5: 0
/nas/home/jahin/.local/lib/python3.10/site-packages/sklearn/metrics/_ranking.py:424: UndefinedMetricWarning: Only one class is present in y_true. ROC AUC score is not defined in that case.
  warnings.warn(
/nas/home/jahin/.local/lib/python3.10/site-packages/sklearn/metrics/_ranking.py:1046: UserWarning: No positive class found in y_true, recall is set to one for all thresholds.
  warnings.warn(
AUROC test all: 0.5582679851367323, AUPR test all: 0.1800834152633831, AUROC test unknown: nan, AUPR test unknown: 0.0
Epoch: 42, Best AUROC test all: 0.5582679851367323, AUPR test all: 0.1800834152633831, AUROC test unknown: 0.0, AUPR test unknown: 0.0
pseudo_counter: Counter({0: 43519, -1: 2435})
max_probs: 0.03074653074145317， num of >0.5: 0
/nas/home/jahin/.local/lib/python3.10/site-packages/sklearn/metrics/_ranking.py:424: UndefinedMetricWarning: Only one class is present in y_true. ROC AUC score is not defined in that case.
  warnings.warn(
/nas/home/jahin/.local/lib/python3.10/site-packages/sklearn/metrics/_ranking.py:1046: UserWarning: No positive class found in y_true, recall is set to one for all thresholds.
  warnings.warn(
AUROC test all: 0.5616350113329218, AUPR test all: 0.18080752480312906, AUROC test unknown: nan, AUPR test unknown: 0.0
Epoch: 43, Best AUROC test all: 0.5616350113329218, AUPR test all: 0.18080752480312906, AUROC test unknown: 0.0, AUPR test unknown: 0.0
pseudo_counter: Counter({0: 43519, -1: 2435})
max_probs: 0.028257906436920166， num of >0.5: 0
/nas/home/jahin/.local/lib/python3.10/site-packages/sklearn/metrics/_ranking.py:424: UndefinedMetricWarning: Only one class is present in y_true. ROC AUC score is not defined in that case.
  warnings.warn(
/nas/home/jahin/.local/lib/python3.10/site-packages/sklearn/metrics/_ranking.py:1046: UserWarning: No positive class found in y_true, recall is set to one for all thresholds.
  warnings.warn(
AUROC test all: 0.5601667804758196, AUPR test all: 0.17992699851789373, AUROC test unknown: nan, AUPR test unknown: 0.0
Epoch: 44, Best AUROC test all: 0.5616350113329218, AUPR test all: 0.18080752480312906, AUROC test unknown: 0.0, AUPR test unknown: 0.0
pseudo_counter: Counter({0: 43519, -1: 2435})
max_probs: 0.026723627001047134， num of >0.5: 0
/nas/home/jahin/.local/lib/python3.10/site-packages/sklearn/metrics/_ranking.py:424: UndefinedMetricWarning: Only one class is present in y_true. ROC AUC score is not defined in that case.
  warnings.warn(
/nas/home/jahin/.local/lib/python3.10/site-packages/sklearn/metrics/_ranking.py:1046: UserWarning: No positive class found in y_true, recall is set to one for all thresholds.
  warnings.warn(
AUROC test all: 0.5607896167789104, AUPR test all: 0.1798186482987429, AUROC test unknown: nan, AUPR test unknown: 0.0
Epoch: 45, Best AUROC test all: 0.5616350113329218, AUPR test all: 0.18080752480312906, AUROC test unknown: 0.0, AUPR test unknown: 0.0
pseudo_counter: Counter({0: 43519, -1: 2435})
max_probs: 0.025555256754159927， num of >0.5: 0
/nas/home/jahin/.local/lib/python3.10/site-packages/sklearn/metrics/_ranking.py:424: UndefinedMetricWarning: Only one class is present in y_true. ROC AUC score is not defined in that case.
  warnings.warn(
/nas/home/jahin/.local/lib/python3.10/site-packages/sklearn/metrics/_ranking.py:1046: UserWarning: No positive class found in y_true, recall is set to one for all thresholds.
  warnings.warn(
AUROC test all: 0.5654188772537597, AUPR test all: 0.18219498607731244, AUROC test unknown: nan, AUPR test unknown: 0.0
Epoch: 46, Best AUROC test all: 0.5654188772537597, AUPR test all: 0.18219498607731244, AUROC test unknown: 0.0, AUPR test unknown: 0.0
pseudo_counter: Counter({0: 43519, -1: 2435})
max_probs: 0.023053335025906563， num of >0.5: 0
/nas/home/jahin/.local/lib/python3.10/site-packages/sklearn/metrics/_ranking.py:424: UndefinedMetricWarning: Only one class is present in y_true. ROC AUC score is not defined in that case.
  warnings.warn(
/nas/home/jahin/.local/lib/python3.10/site-packages/sklearn/metrics/_ranking.py:1046: UserWarning: No positive class found in y_true, recall is set to one for all thresholds.
  warnings.warn(
AUROC test all: 0.5693721759813265, AUPR test all: 0.18432843769320012, AUROC test unknown: nan, AUPR test unknown: 0.0
Epoch: 47, Best AUROC test all: 0.5693721759813265, AUPR test all: 0.18432843769320012, AUROC test unknown: 0.0, AUPR test unknown: 0.0
pseudo_counter: Counter({0: 43519, -1: 2435})
max_probs: 0.022430704906582832， num of >0.5: 0
/nas/home/jahin/.local/lib/python3.10/site-packages/sklearn/metrics/_ranking.py:424: UndefinedMetricWarning: Only one class is present in y_true. ROC AUC score is not defined in that case.
  warnings.warn(
/nas/home/jahin/.local/lib/python3.10/site-packages/sklearn/metrics/_ranking.py:1046: UserWarning: No positive class found in y_true, recall is set to one for all thresholds.
  warnings.warn(
AUROC test all: 0.5691322000567596, AUPR test all: 0.18450179092090996, AUROC test unknown: nan, AUPR test unknown: 0.0
Epoch: 48, Best AUROC test all: 0.5693721759813265, AUPR test all: 0.18450179092090996, AUROC test unknown: 0.0, AUPR test unknown: 0.0
pseudo_counter: Counter({0: 43519, -1: 2435})
max_probs: 0.02220846526324749， num of >0.5: 0
/nas/home/jahin/.local/lib/python3.10/site-packages/sklearn/metrics/_ranking.py:424: UndefinedMetricWarning: Only one class is present in y_true. ROC AUC score is not defined in that case.
  warnings.warn(
/nas/home/jahin/.local/lib/python3.10/site-packages/sklearn/metrics/_ranking.py:1046: UserWarning: No positive class found in y_true, recall is set to one for all thresholds.
  warnings.warn(
AUROC test all: 0.5690226442238187, AUPR test all: 0.1843109551036635, AUROC test unknown: nan, AUPR test unknown: 0.0
Epoch: 49, Best AUROC test all: 0.5693721759813265, AUPR test all: 0.18450179092090996, AUROC test unknown: 0.0, AUPR test unknown: 0.0
pseudo_counter: Counter({0: 43519, -1: 2435})
max_probs: 0.021200191229581833， num of >0.5: 0
/nas/home/jahin/.local/lib/python3.10/site-packages/sklearn/metrics/_ranking.py:424: UndefinedMetricWarning: Only one class is present in y_true. ROC AUC score is not defined in that case.
  warnings.warn(
/nas/home/jahin/.local/lib/python3.10/site-packages/sklearn/metrics/_ranking.py:1046: UserWarning: No positive class found in y_true, recall is set to one for all thresholds.
  warnings.warn(
AUROC test all: 0.573360831457377, AUPR test all: 0.18611282005839277, AUROC test unknown: nan, AUPR test unknown: 0.0
Epoch: 50, Best AUROC test all: 0.573360831457377, AUPR test all: 0.18611282005839277, AUROC test unknown: 0.0, AUPR test unknown: 0.0
pseudo_counter: Counter({0: 43519, -1: 2435})
max_probs: 0.019969915971159935， num of >0.5: 0
/nas/home/jahin/.local/lib/python3.10/site-packages/sklearn/metrics/_ranking.py:424: UndefinedMetricWarning: Only one class is present in y_true. ROC AUC score is not defined in that case.
  warnings.warn(
/nas/home/jahin/.local/lib/python3.10/site-packages/sklearn/metrics/_ranking.py:1046: UserWarning: No positive class found in y_true, recall is set to one for all thresholds.
  warnings.warn(
AUROC test all: 0.5733251380561558, AUPR test all: 0.18528680122448507, AUROC test unknown: nan, AUPR test unknown: 0.0
Epoch: 51, Best AUROC test all: 0.573360831457377, AUPR test all: 0.18611282005839277, AUROC test unknown: 0.0, AUPR test unknown: 0.0
pseudo_counter: Counter({0: 43519, -1: 2435})
max_probs: 0.020904142409563065， num of >0.5: 0
/nas/home/jahin/.local/lib/python3.10/site-packages/sklearn/metrics/_ranking.py:424: UndefinedMetricWarning: Only one class is present in y_true. ROC AUC score is not defined in that case.
  warnings.warn(
/nas/home/jahin/.local/lib/python3.10/site-packages/sklearn/metrics/_ranking.py:1046: UserWarning: No positive class found in y_true, recall is set to one for all thresholds.
  warnings.warn(
AUROC test all: 0.5774781272816176, AUPR test all: 0.18814472385212974, AUROC test unknown: nan, AUPR test unknown: 0.0
Epoch: 52, Best AUROC test all: 0.5774781272816176, AUPR test all: 0.18814472385212974, AUROC test unknown: 0.0, AUPR test unknown: 0.0
pseudo_counter: Counter({0: 43519, -1: 2435})
max_probs: 0.021253351122140884， num of >0.5: 0
/nas/home/jahin/.local/lib/python3.10/site-packages/sklearn/metrics/_ranking.py:424: UndefinedMetricWarning: Only one class is present in y_true. ROC AUC score is not defined in that case.
  warnings.warn(
/nas/home/jahin/.local/lib/python3.10/site-packages/sklearn/metrics/_ranking.py:1046: UserWarning: No positive class found in y_true, recall is set to one for all thresholds.
  warnings.warn(
AUROC test all: 0.5801738022308204, AUPR test all: 0.19031812633831197, AUROC test unknown: nan, AUPR test unknown: 0.0
Epoch: 53, Best AUROC test all: 0.5801738022308204, AUPR test all: 0.19031812633831197, AUROC test unknown: 0.0, AUPR test unknown: 0.0
pseudo_counter: Counter({0: 43519, -1: 2435})
max_probs: 0.02141278237104416， num of >0.5: 0
/nas/home/jahin/.local/lib/python3.10/site-packages/sklearn/metrics/_ranking.py:424: UndefinedMetricWarning: Only one class is present in y_true. ROC AUC score is not defined in that case.
  warnings.warn(
/nas/home/jahin/.local/lib/python3.10/site-packages/sklearn/metrics/_ranking.py:1046: UserWarning: No positive class found in y_true, recall is set to one for all thresholds.
  warnings.warn(
AUROC test all: 0.5796194727070576, AUPR test all: 0.18969487349769185, AUROC test unknown: nan, AUPR test unknown: 0.0
Epoch: 54, Best AUROC test all: 0.5801738022308204, AUPR test all: 0.19031812633831197, AUROC test unknown: 0.0, AUPR test unknown: 0.0
pseudo_counter: Counter({0: 43519, -1: 2435})
max_probs: 0.02151995524764061， num of >0.5: 0
/nas/home/jahin/.local/lib/python3.10/site-packages/sklearn/metrics/_ranking.py:424: UndefinedMetricWarning: Only one class is present in y_true. ROC AUC score is not defined in that case.
  warnings.warn(
/nas/home/jahin/.local/lib/python3.10/site-packages/sklearn/metrics/_ranking.py:1046: UserWarning: No positive class found in y_true, recall is set to one for all thresholds.
  warnings.warn(
AUROC test all: 0.5816814933048352, AUPR test all: 0.1907197244303352, AUROC test unknown: nan, AUPR test unknown: 0.0
Epoch: 55, Best AUROC test all: 0.5816814933048352, AUPR test all: 0.1907197244303352, AUROC test unknown: 0.0, AUPR test unknown: 0.0
pseudo_counter: Counter({0: 43519, -1: 2435})
max_probs: 0.022029537707567215， num of >0.5: 0
/nas/home/jahin/.local/lib/python3.10/site-packages/sklearn/metrics/_ranking.py:424: UndefinedMetricWarning: Only one class is present in y_true. ROC AUC score is not defined in that case.
  warnings.warn(
/nas/home/jahin/.local/lib/python3.10/site-packages/sklearn/metrics/_ranking.py:1046: UserWarning: No positive class found in y_true, recall is set to one for all thresholds.
  warnings.warn(
AUROC test all: 0.5832408030967651, AUPR test all: 0.19141601052628054, AUROC test unknown: nan, AUPR test unknown: 0.0
Epoch: 56, Best AUROC test all: 0.5832408030967651, AUPR test all: 0.19141601052628054, AUROC test unknown: 0.0, AUPR test unknown: 0.0
pseudo_counter: Counter({0: 43519, -1: 2435})
max_probs: 0.022425640374422073， num of >0.5: 0
/nas/home/jahin/.local/lib/python3.10/site-packages/sklearn/metrics/_ranking.py:424: UndefinedMetricWarning: Only one class is present in y_true. ROC AUC score is not defined in that case.
  warnings.warn(
/nas/home/jahin/.local/lib/python3.10/site-packages/sklearn/metrics/_ranking.py:1046: UserWarning: No positive class found in y_true, recall is set to one for all thresholds.
  warnings.warn(
AUROC test all: 0.5853837660975535, AUPR test all: 0.19149632565300795, AUROC test unknown: nan, AUPR test unknown: 0.0
Epoch: 57, Best AUROC test all: 0.5853837660975535, AUPR test all: 0.19149632565300795, AUROC test unknown: 0.0, AUPR test unknown: 0.0
pseudo_counter: Counter({0: 43519, -1: 2435})
max_probs: 0.02312159538269043， num of >0.5: 0
/nas/home/jahin/.local/lib/python3.10/site-packages/sklearn/metrics/_ranking.py:424: UndefinedMetricWarning: Only one class is present in y_true. ROC AUC score is not defined in that case.
  warnings.warn(
/nas/home/jahin/.local/lib/python3.10/site-packages/sklearn/metrics/_ranking.py:1046: UserWarning: No positive class found in y_true, recall is set to one for all thresholds.
  warnings.warn(
AUROC test all: 0.5865935194988485, AUPR test all: 0.19265579912591285, AUROC test unknown: nan, AUPR test unknown: 0.0
Epoch: 58, Best AUROC test all: 0.5865935194988485, AUPR test all: 0.19265579912591285, AUROC test unknown: 0.0, AUPR test unknown: 0.0
pseudo_counter: Counter({0: 43519, -1: 2435})
max_probs: 0.023620883002877235， num of >0.5: 0
/nas/home/jahin/.local/lib/python3.10/site-packages/sklearn/metrics/_ranking.py:424: UndefinedMetricWarning: Only one class is present in y_true. ROC AUC score is not defined in that case.
  warnings.warn(
/nas/home/jahin/.local/lib/python3.10/site-packages/sklearn/metrics/_ranking.py:1046: UserWarning: No positive class found in y_true, recall is set to one for all thresholds.
  warnings.warn(
AUROC test all: 0.5885724115035817, AUPR test all: 0.19285985361612265, AUROC test unknown: nan, AUPR test unknown: 0.0
Epoch: 59, Best AUROC test all: 0.5885724115035817, AUPR test all: 0.19285985361612265, AUROC test unknown: 0.0, AUPR test unknown: 0.0
pseudo_counter: Counter({0: 43519, -1: 2435})
max_probs: 0.023471230641007423， num of >0.5: 0
/nas/home/jahin/.local/lib/python3.10/site-packages/sklearn/metrics/_ranking.py:424: UndefinedMetricWarning: Only one class is present in y_true. ROC AUC score is not defined in that case.
  warnings.warn(
/nas/home/jahin/.local/lib/python3.10/site-packages/sklearn/metrics/_ranking.py:1046: UserWarning: No positive class found in y_true, recall is set to one for all thresholds.
  warnings.warn(
AUROC test all: 0.5911594564148716, AUPR test all: 0.19537664182027398, AUROC test unknown: nan, AUPR test unknown: 0.0
Epoch: 60, Best AUROC test all: 0.5911594564148716, AUPR test all: 0.19537664182027398, AUROC test unknown: 0.0, AUPR test unknown: 0.0
pseudo_counter: Counter({0: 43519, -1: 2435})
max_probs: 0.023373089730739594， num of >0.5: 0
/nas/home/jahin/.local/lib/python3.10/site-packages/sklearn/metrics/_ranking.py:424: UndefinedMetricWarning: Only one class is present in y_true. ROC AUC score is not defined in that case.
  warnings.warn(
/nas/home/jahin/.local/lib/python3.10/site-packages/sklearn/metrics/_ranking.py:1046: UserWarning: No positive class found in y_true, recall is set to one for all thresholds.
  warnings.warn(
AUROC test all: 0.5909021428743215, AUPR test all: 0.19528848422783737, AUROC test unknown: nan, AUPR test unknown: 0.0
Epoch: 61, Best AUROC test all: 0.5911594564148716, AUPR test all: 0.19537664182027398, AUROC test unknown: 0.0, AUPR test unknown: 0.0
pseudo_counter: Counter({0: 43519, -1: 2435})
max_probs: 0.024034876376390457， num of >0.5: 0
/nas/home/jahin/.local/lib/python3.10/site-packages/sklearn/metrics/_ranking.py:424: UndefinedMetricWarning: Only one class is present in y_true. ROC AUC score is not defined in that case.
  warnings.warn(
/nas/home/jahin/.local/lib/python3.10/site-packages/sklearn/metrics/_ranking.py:1046: UserWarning: No positive class found in y_true, recall is set to one for all thresholds.
  warnings.warn(
AUROC test all: 0.5932723875281591, AUPR test all: 0.19675601081539362, AUROC test unknown: nan, AUPR test unknown: 0.0
Epoch: 62, Best AUROC test all: 0.5932723875281591, AUPR test all: 0.19675601081539362, AUROC test unknown: 0.0, AUPR test unknown: 0.0
pseudo_counter: Counter({0: 43519, -1: 2435})
max_probs: 0.023254621773958206， num of >0.5: 0
/nas/home/jahin/.local/lib/python3.10/site-packages/sklearn/metrics/_ranking.py:424: UndefinedMetricWarning: Only one class is present in y_true. ROC AUC score is not defined in that case.
  warnings.warn(
/nas/home/jahin/.local/lib/python3.10/site-packages/sklearn/metrics/_ranking.py:1046: UserWarning: No positive class found in y_true, recall is set to one for all thresholds.
  warnings.warn(
AUROC test all: 0.5939621027714264, AUPR test all: 0.19622102014878867, AUROC test unknown: nan, AUPR test unknown: 0.0
Epoch: 63, Best AUROC test all: 0.5939621027714264, AUPR test all: 0.19675601081539362, AUROC test unknown: 0.0, AUPR test unknown: 0.0
pseudo_counter: Counter({0: 43519, -1: 2435})
max_probs: 0.022119028493762016， num of >0.5: 0
/nas/home/jahin/.local/lib/python3.10/site-packages/sklearn/metrics/_ranking.py:424: UndefinedMetricWarning: Only one class is present in y_true. ROC AUC score is not defined in that case.
  warnings.warn(
/nas/home/jahin/.local/lib/python3.10/site-packages/sklearn/metrics/_ranking.py:1046: UserWarning: No positive class found in y_true, recall is set to one for all thresholds.
  warnings.warn(
AUROC test all: 0.5952080155505975, AUPR test all: 0.19808525434573607, AUROC test unknown: nan, AUPR test unknown: 0.0
Epoch: 64, Best AUROC test all: 0.5952080155505975, AUPR test all: 0.19808525434573607, AUROC test unknown: 0.0, AUPR test unknown: 0.0
pseudo_counter: Counter({0: 43519, -1: 2435})
max_probs: 0.02210770547389984， num of >0.5: 0
/nas/home/jahin/.local/lib/python3.10/site-packages/sklearn/metrics/_ranking.py:424: UndefinedMetricWarning: Only one class is present in y_true. ROC AUC score is not defined in that case.
  warnings.warn(
/nas/home/jahin/.local/lib/python3.10/site-packages/sklearn/metrics/_ranking.py:1046: UserWarning: No positive class found in y_true, recall is set to one for all thresholds.
  warnings.warn(
AUROC test all: 0.5961613750480891, AUPR test all: 0.19860442215617558, AUROC test unknown: nan, AUPR test unknown: 0.0
Epoch: 65, Best AUROC test all: 0.5961613750480891, AUPR test all: 0.19860442215617558, AUROC test unknown: 0.0, AUPR test unknown: 0.0
pseudo_counter: Counter({0: 43519, -1: 2435})
max_probs: 0.021283823996782303， num of >0.5: 0
/nas/home/jahin/.local/lib/python3.10/site-packages/sklearn/metrics/_ranking.py:424: UndefinedMetricWarning: Only one class is present in y_true. ROC AUC score is not defined in that case.
  warnings.warn(
/nas/home/jahin/.local/lib/python3.10/site-packages/sklearn/metrics/_ranking.py:1046: UserWarning: No positive class found in y_true, recall is set to one for all thresholds.
  warnings.warn(
AUROC test all: 0.5968120180461961, AUPR test all: 0.1975423808792795, AUROC test unknown: nan, AUPR test unknown: 0.0
Epoch: 66, Best AUROC test all: 0.5968120180461961, AUPR test all: 0.19860442215617558, AUROC test unknown: 0.0, AUPR test unknown: 0.0
pseudo_counter: Counter({0: 43519, -1: 2435})
max_probs: 0.02159205451607704， num of >0.5: 0
/nas/home/jahin/.local/lib/python3.10/site-packages/sklearn/metrics/_ranking.py:424: UndefinedMetricWarning: Only one class is present in y_true. ROC AUC score is not defined in that case.
  warnings.warn(
/nas/home/jahin/.local/lib/python3.10/site-packages/sklearn/metrics/_ranking.py:1046: UserWarning: No positive class found in y_true, recall is set to one for all thresholds.
  warnings.warn(
AUROC test all: 0.5996343011106001, AUPR test all: 0.200250909403064, AUROC test unknown: nan, AUPR test unknown: 0.0
Epoch: 67, Best AUROC test all: 0.5996343011106001, AUPR test all: 0.200250909403064, AUROC test unknown: 0.0, AUPR test unknown: 0.0
pseudo_counter: Counter({0: 43519, -1: 2435})
max_probs: 0.021530382335186005， num of >0.5: 0
/nas/home/jahin/.local/lib/python3.10/site-packages/sklearn/metrics/_ranking.py:424: UndefinedMetricWarning: Only one class is present in y_true. ROC AUC score is not defined in that case.
  warnings.warn(
/nas/home/jahin/.local/lib/python3.10/site-packages/sklearn/metrics/_ranking.py:1046: UserWarning: No positive class found in y_true, recall is set to one for all thresholds.
  warnings.warn(
AUROC test all: 0.6021995949706281, AUPR test all: 0.2020015994361632, AUROC test unknown: nan, AUPR test unknown: 0.0
Epoch: 68, Best AUROC test all: 0.6021995949706281, AUPR test all: 0.2020015994361632, AUROC test unknown: 0.0, AUPR test unknown: 0.0
pseudo_counter: Counter({0: 43519, -1: 2435})
max_probs: 0.021733885630965233， num of >0.5: 0
/nas/home/jahin/.local/lib/python3.10/site-packages/sklearn/metrics/_ranking.py:424: UndefinedMetricWarning: Only one class is present in y_true. ROC AUC score is not defined in that case.
  warnings.warn(
/nas/home/jahin/.local/lib/python3.10/site-packages/sklearn/metrics/_ranking.py:1046: UserWarning: No positive class found in y_true, recall is set to one for all thresholds.
  warnings.warn(
AUROC test all: 0.6017968802916319, AUPR test all: 0.20272179365413925, AUROC test unknown: nan, AUPR test unknown: 0.0
Epoch: 69, Best AUROC test all: 0.6021995949706281, AUPR test all: 0.20272179365413925, AUROC test unknown: 0.0, AUPR test unknown: 0.0
pseudo_counter: Counter({0: 43519, -1: 2435})
max_probs: 0.021809831261634827， num of >0.5: 0
/nas/home/jahin/.local/lib/python3.10/site-packages/sklearn/metrics/_ranking.py:424: UndefinedMetricWarning: Only one class is present in y_true. ROC AUC score is not defined in that case.
  warnings.warn(
/nas/home/jahin/.local/lib/python3.10/site-packages/sklearn/metrics/_ranking.py:1046: UserWarning: No positive class found in y_true, recall is set to one for all thresholds.
  warnings.warn(
AUROC test all: 0.6030316486335343, AUPR test all: 0.2022527704403979, AUROC test unknown: nan, AUPR test unknown: 0.0
Epoch: 70, Best AUROC test all: 0.6030316486335343, AUPR test all: 0.20272179365413925, AUROC test unknown: 0.0, AUPR test unknown: 0.0
pseudo_counter: Counter({0: 43519, -1: 2435})
max_probs: 0.022110989317297935， num of >0.5: 0
/nas/home/jahin/.local/lib/python3.10/site-packages/sklearn/metrics/_ranking.py:424: UndefinedMetricWarning: Only one class is present in y_true. ROC AUC score is not defined in that case.
  warnings.warn(
/nas/home/jahin/.local/lib/python3.10/site-packages/sklearn/metrics/_ranking.py:1046: UserWarning: No positive class found in y_true, recall is set to one for all thresholds.
  warnings.warn(
AUROC test all: 0.6053237919050241, AUPR test all: 0.20353192204574255, AUROC test unknown: nan, AUPR test unknown: 0.0
Epoch: 71, Best AUROC test all: 0.6053237919050241, AUPR test all: 0.20353192204574255, AUROC test unknown: 0.0, AUPR test unknown: 0.0
pseudo_counter: Counter({0: 43519, -1: 2435})
max_probs: 0.02182791940867901， num of >0.5: 0
/nas/home/jahin/.local/lib/python3.10/site-packages/sklearn/metrics/_ranking.py:424: UndefinedMetricWarning: Only one class is present in y_true. ROC AUC score is not defined in that case.
  warnings.warn(
/nas/home/jahin/.local/lib/python3.10/site-packages/sklearn/metrics/_ranking.py:1046: UserWarning: No positive class found in y_true, recall is set to one for all thresholds.
  warnings.warn(
AUROC test all: 0.6061537763852507, AUPR test all: 0.20486597766843703, AUROC test unknown: nan, AUPR test unknown: 0.0
Epoch: 72, Best AUROC test all: 0.6061537763852507, AUPR test all: 0.20486597766843703, AUROC test unknown: 0.0, AUPR test unknown: 0.0
pseudo_counter: Counter({0: 43519, -1: 2435})
max_probs: 0.022820329293608665， num of >0.5: 0
/nas/home/jahin/.local/lib/python3.10/site-packages/sklearn/metrics/_ranking.py:424: UndefinedMetricWarning: Only one class is present in y_true. ROC AUC score is not defined in that case.
  warnings.warn(
/nas/home/jahin/.local/lib/python3.10/site-packages/sklearn/metrics/_ranking.py:1046: UserWarning: No positive class found in y_true, recall is set to one for all thresholds.
  warnings.warn(
AUROC test all: 0.6069306990568641, AUPR test all: 0.2049274845349056, AUROC test unknown: nan, AUPR test unknown: 0.0
Epoch: 73, Best AUROC test all: 0.6069306990568641, AUPR test all: 0.2049274845349056, AUROC test unknown: 0.0, AUPR test unknown: 0.0
pseudo_counter: Counter({0: 43519, -1: 2435})
max_probs: 0.022452374920248985， num of >0.5: 0
/nas/home/jahin/.local/lib/python3.10/site-packages/sklearn/metrics/_ranking.py:424: UndefinedMetricWarning: Only one class is present in y_true. ROC AUC score is not defined in that case.
  warnings.warn(
/nas/home/jahin/.local/lib/python3.10/site-packages/sklearn/metrics/_ranking.py:1046: UserWarning: No positive class found in y_true, recall is set to one for all thresholds.
  warnings.warn(
AUROC test all: 0.6069917173655426, AUPR test all: 0.20492580350791562, AUROC test unknown: nan, AUPR test unknown: 0.0
Epoch: 74, Best AUROC test all: 0.6069917173655426, AUPR test all: 0.2049274845349056, AUROC test unknown: 0.0, AUPR test unknown: 0.0
pseudo_counter: Counter({0: 43519, -1: 2435})
max_probs: 0.023535003885626793， num of >0.5: 0
/nas/home/jahin/.local/lib/python3.10/site-packages/sklearn/metrics/_ranking.py:424: UndefinedMetricWarning: Only one class is present in y_true. ROC AUC score is not defined in that case.
  warnings.warn(
/nas/home/jahin/.local/lib/python3.10/site-packages/sklearn/metrics/_ranking.py:1046: UserWarning: No positive class found in y_true, recall is set to one for all thresholds.
  warnings.warn(
AUROC test all: 0.6119313962975277, AUPR test all: 0.20766027841020562, AUROC test unknown: nan, AUPR test unknown: 0.0
Epoch: 75, Best AUROC test all: 0.6119313962975277, AUPR test all: 0.20766027841020562, AUROC test unknown: 0.0, AUPR test unknown: 0.0
pseudo_counter: Counter({0: 43519, -1: 2435})
max_probs: 0.022214317694306374， num of >0.5: 0
/nas/home/jahin/.local/lib/python3.10/site-packages/sklearn/metrics/_ranking.py:424: UndefinedMetricWarning: Only one class is present in y_true. ROC AUC score is not defined in that case.
  warnings.warn(
/nas/home/jahin/.local/lib/python3.10/site-packages/sklearn/metrics/_ranking.py:1046: UserWarning: No positive class found in y_true, recall is set to one for all thresholds.
  warnings.warn(
AUROC test all: 0.6110009394499917, AUPR test all: 0.20840171757363185, AUROC test unknown: nan, AUPR test unknown: 0.0
Epoch: 76, Best AUROC test all: 0.6119313962975277, AUPR test all: 0.20840171757363185, AUROC test unknown: 0.0, AUPR test unknown: 0.0
pseudo_counter: Counter({0: 43519, -1: 2435})
max_probs: 0.022480187937617302， num of >0.5: 0
/nas/home/jahin/.local/lib/python3.10/site-packages/sklearn/metrics/_ranking.py:424: UndefinedMetricWarning: Only one class is present in y_true. ROC AUC score is not defined in that case.
  warnings.warn(
/nas/home/jahin/.local/lib/python3.10/site-packages/sklearn/metrics/_ranking.py:1046: UserWarning: No positive class found in y_true, recall is set to one for all thresholds.
  warnings.warn(
AUROC test all: 0.6121171875534359, AUPR test all: 0.2085591807804632, AUROC test unknown: nan, AUPR test unknown: 0.0
Epoch: 77, Best AUROC test all: 0.6121171875534359, AUPR test all: 0.2085591807804632, AUROC test unknown: 0.0, AUPR test unknown: 0.0
pseudo_counter: Counter({0: 43519, -1: 2435})
max_probs: 0.02144400030374527， num of >0.5: 0
/nas/home/jahin/.local/lib/python3.10/site-packages/sklearn/metrics/_ranking.py:424: UndefinedMetricWarning: Only one class is present in y_true. ROC AUC score is not defined in that case.
  warnings.warn(
/nas/home/jahin/.local/lib/python3.10/site-packages/sklearn/metrics/_ranking.py:1046: UserWarning: No positive class found in y_true, recall is set to one for all thresholds.
  warnings.warn(
AUROC test all: 0.6134762012830952, AUPR test all: 0.20985164431980424, AUROC test unknown: nan, AUPR test unknown: 0.0
Epoch: 78, Best AUROC test all: 0.6134762012830952, AUPR test all: 0.20985164431980424, AUROC test unknown: 0.0, AUPR test unknown: 0.0
pseudo_counter: Counter({0: 43519, -1: 2435})
max_probs: 0.022066859528422356， num of >0.5: 0
/nas/home/jahin/.local/lib/python3.10/site-packages/sklearn/metrics/_ranking.py:424: UndefinedMetricWarning: Only one class is present in y_true. ROC AUC score is not defined in that case.
  warnings.warn(
/nas/home/jahin/.local/lib/python3.10/site-packages/sklearn/metrics/_ranking.py:1046: UserWarning: No positive class found in y_true, recall is set to one for all thresholds.
  warnings.warn(
AUROC test all: 0.6153575933178603, AUPR test all: 0.21126382113097775, AUROC test unknown: nan, AUPR test unknown: 0.0
Epoch: 79, Best AUROC test all: 0.6153575933178603, AUPR test all: 0.21126382113097775, AUROC test unknown: 0.0, AUPR test unknown: 0.0
pseudo_counter: Counter({0: 43519, -1: 2435})
max_probs: 0.02255190536379814， num of >0.5: 0
/nas/home/jahin/.local/lib/python3.10/site-packages/sklearn/metrics/_ranking.py:424: UndefinedMetricWarning: Only one class is present in y_true. ROC AUC score is not defined in that case.
  warnings.warn(
/nas/home/jahin/.local/lib/python3.10/site-packages/sklearn/metrics/_ranking.py:1046: UserWarning: No positive class found in y_true, recall is set to one for all thresholds.
  warnings.warn(
AUROC test all: 0.6166808007444657, AUPR test all: 0.21257944314061014, AUROC test unknown: nan, AUPR test unknown: 0.0
Epoch: 80, Best AUROC test all: 0.6166808007444657, AUPR test all: 0.21257944314061014, AUROC test unknown: 0.0, AUPR test unknown: 0.0
pseudo_counter: Counter({0: 43519, -1: 2435})
max_probs: 0.02218836545944214， num of >0.5: 0
/nas/home/jahin/.local/lib/python3.10/site-packages/sklearn/metrics/_ranking.py:424: UndefinedMetricWarning: Only one class is present in y_true. ROC AUC score is not defined in that case.
  warnings.warn(
/nas/home/jahin/.local/lib/python3.10/site-packages/sklearn/metrics/_ranking.py:1046: UserWarning: No positive class found in y_true, recall is set to one for all thresholds.
  warnings.warn(
AUROC test all: 0.6178023757616533, AUPR test all: 0.21407452753778544, AUROC test unknown: nan, AUPR test unknown: 0.0
Epoch: 81, Best AUROC test all: 0.6178023757616533, AUPR test all: 0.21407452753778544, AUROC test unknown: 0.0, AUPR test unknown: 0.0
pseudo_counter: Counter({0: 43519, -1: 2435})
max_probs: 0.022152308374643326， num of >0.5: 0
/nas/home/jahin/.local/lib/python3.10/site-packages/sklearn/metrics/_ranking.py:424: UndefinedMetricWarning: Only one class is present in y_true. ROC AUC score is not defined in that case.
  warnings.warn(
/nas/home/jahin/.local/lib/python3.10/site-packages/sklearn/metrics/_ranking.py:1046: UserWarning: No positive class found in y_true, recall is set to one for all thresholds.
  warnings.warn(
AUROC test all: 0.6179312172803817, AUPR test all: 0.21390708755486232, AUROC test unknown: nan, AUPR test unknown: 0.0
Epoch: 82, Best AUROC test all: 0.6179312172803817, AUPR test all: 0.21407452753778544, AUROC test unknown: 0.0, AUPR test unknown: 0.0
pseudo_counter: Counter({0: 43519, -1: 2435})
max_probs: 0.022667476907372475， num of >0.5: 0
/nas/home/jahin/.local/lib/python3.10/site-packages/sklearn/metrics/_ranking.py:424: UndefinedMetricWarning: Only one class is present in y_true. ROC AUC score is not defined in that case.
  warnings.warn(
/nas/home/jahin/.local/lib/python3.10/site-packages/sklearn/metrics/_ranking.py:1046: UserWarning: No positive class found in y_true, recall is set to one for all thresholds.
  warnings.warn(
AUROC test all: 0.6179163306605487, AUPR test all: 0.21356451182839267, AUROC test unknown: nan, AUPR test unknown: 0.0
Epoch: 83, Best AUROC test all: 0.6179312172803817, AUPR test all: 0.21407452753778544, AUROC test unknown: 0.0, AUPR test unknown: 0.0
pseudo_counter: Counter({0: 43519, -1: 2435})
max_probs: 0.022357551380991936， num of >0.5: 0
/nas/home/jahin/.local/lib/python3.10/site-packages/sklearn/metrics/_ranking.py:424: UndefinedMetricWarning: Only one class is present in y_true. ROC AUC score is not defined in that case.
  warnings.warn(
/nas/home/jahin/.local/lib/python3.10/site-packages/sklearn/metrics/_ranking.py:1046: UserWarning: No positive class found in y_true, recall is set to one for all thresholds.
  warnings.warn(
AUROC test all: 0.6187119006094046, AUPR test all: 0.21594033132922544, AUROC test unknown: nan, AUPR test unknown: 0.0
Epoch: 84, Best AUROC test all: 0.6187119006094046, AUPR test all: 0.21594033132922544, AUROC test unknown: 0.0, AUPR test unknown: 0.0
pseudo_counter: Counter({0: 43519, -1: 2435})
max_probs: 0.022904641926288605， num of >0.5: 0
/nas/home/jahin/.local/lib/python3.10/site-packages/sklearn/metrics/_ranking.py:424: UndefinedMetricWarning: Only one class is present in y_true. ROC AUC score is not defined in that case.
  warnings.warn(
/nas/home/jahin/.local/lib/python3.10/site-packages/sklearn/metrics/_ranking.py:1046: UserWarning: No positive class found in y_true, recall is set to one for all thresholds.
  warnings.warn(
AUROC test all: 0.6191874533925839, AUPR test all: 0.21376099302825347, AUROC test unknown: nan, AUPR test unknown: 0.0
Epoch: 85, Best AUROC test all: 0.6191874533925839, AUPR test all: 0.21594033132922544, AUROC test unknown: 0.0, AUPR test unknown: 0.0
pseudo_counter: Counter({0: 43519, -1: 2435})
max_probs: 0.02232719026505947， num of >0.5: 0
/nas/home/jahin/.local/lib/python3.10/site-packages/sklearn/metrics/_ranking.py:424: UndefinedMetricWarning: Only one class is present in y_true. ROC AUC score is not defined in that case.
  warnings.warn(
/nas/home/jahin/.local/lib/python3.10/site-packages/sklearn/metrics/_ranking.py:1046: UserWarning: No positive class found in y_true, recall is set to one for all thresholds.
  warnings.warn(
AUROC test all: 0.621159183315602, AUPR test all: 0.21517240697849488, AUROC test unknown: nan, AUPR test unknown: 0.0
Epoch: 86, Best AUROC test all: 0.621159183315602, AUPR test all: 0.21594033132922544, AUROC test unknown: 0.0, AUPR test unknown: 0.0
pseudo_counter: Counter({0: 43519, -1: 2435})
max_probs: 0.022863833233714104， num of >0.5: 0
/nas/home/jahin/.local/lib/python3.10/site-packages/sklearn/metrics/_ranking.py:424: UndefinedMetricWarning: Only one class is present in y_true. ROC AUC score is not defined in that case.
  warnings.warn(
/nas/home/jahin/.local/lib/python3.10/site-packages/sklearn/metrics/_ranking.py:1046: UserWarning: No positive class found in y_true, recall is set to one for all thresholds.
  warnings.warn(
AUROC test all: 0.6228350919620735, AUPR test all: 0.21769091402696217, AUROC test unknown: nan, AUPR test unknown: 0.0
Epoch: 87, Best AUROC test all: 0.6228350919620735, AUPR test all: 0.21769091402696217, AUROC test unknown: 0.0, AUPR test unknown: 0.0
pseudo_counter: Counter({0: 43519, -1: 2435})
max_probs: 0.022518282756209373， num of >0.5: 0
/nas/home/jahin/.local/lib/python3.10/site-packages/sklearn/metrics/_ranking.py:424: UndefinedMetricWarning: Only one class is present in y_true. ROC AUC score is not defined in that case.
  warnings.warn(
/nas/home/jahin/.local/lib/python3.10/site-packages/sklearn/metrics/_ranking.py:1046: UserWarning: No positive class found in y_true, recall is set to one for all thresholds.
  warnings.warn(
AUROC test all: 0.6243845772417971, AUPR test all: 0.21951965036390755, AUROC test unknown: nan, AUPR test unknown: 0.0
Epoch: 88, Best AUROC test all: 0.6243845772417971, AUPR test all: 0.21951965036390755, AUROC test unknown: 0.0, AUPR test unknown: 0.0
pseudo_counter: Counter({0: 43519, -1: 2435})
max_probs: 0.022697744891047478， num of >0.5: 0
/nas/home/jahin/.local/lib/python3.10/site-packages/sklearn/metrics/_ranking.py:424: UndefinedMetricWarning: Only one class is present in y_true. ROC AUC score is not defined in that case.
  warnings.warn(
/nas/home/jahin/.local/lib/python3.10/site-packages/sklearn/metrics/_ranking.py:1046: UserWarning: No positive class found in y_true, recall is set to one for all thresholds.
  warnings.warn(
AUROC test all: 0.6231945447115357, AUPR test all: 0.21879588147473955, AUROC test unknown: nan, AUPR test unknown: 0.0
Epoch: 89, Best AUROC test all: 0.6243845772417971, AUPR test all: 0.21951965036390755, AUROC test unknown: 0.0, AUPR test unknown: 0.0
pseudo_counter: Counter({0: 43519, -1: 2435})
max_probs: 0.02229086309671402， num of >0.5: 0
/nas/home/jahin/.local/lib/python3.10/site-packages/sklearn/metrics/_ranking.py:424: UndefinedMetricWarning: Only one class is present in y_true. ROC AUC score is not defined in that case.
  warnings.warn(
/nas/home/jahin/.local/lib/python3.10/site-packages/sklearn/metrics/_ranking.py:1046: UserWarning: No positive class found in y_true, recall is set to one for all thresholds.
  warnings.warn(
AUROC test all: 0.6259471981365664, AUPR test all: 0.2196702911855936, AUROC test unknown: nan, AUPR test unknown: 0.0
Epoch: 90, Best AUROC test all: 0.6259471981365664, AUPR test all: 0.2196702911855936, AUROC test unknown: 0.0, AUPR test unknown: 0.0
pseudo_counter: Counter({0: 43519, -1: 2435})
max_probs: 0.022858330979943275， num of >0.5: 0
/nas/home/jahin/.local/lib/python3.10/site-packages/sklearn/metrics/_ranking.py:424: UndefinedMetricWarning: Only one class is present in y_true. ROC AUC score is not defined in that case.
  warnings.warn(
/nas/home/jahin/.local/lib/python3.10/site-packages/sklearn/metrics/_ranking.py:1046: UserWarning: No positive class found in y_true, recall is set to one for all thresholds.
  warnings.warn(
AUROC test all: 0.624437924384133, AUPR test all: 0.21976334896099067, AUROC test unknown: nan, AUPR test unknown: 0.0
Epoch: 91, Best AUROC test all: 0.6259471981365664, AUPR test all: 0.21976334896099067, AUROC test unknown: 0.0, AUPR test unknown: 0.0
pseudo_counter: Counter({0: 43519, -1: 2435})
max_probs: 0.02313963696360588， num of >0.5: 0
/nas/home/jahin/.local/lib/python3.10/site-packages/sklearn/metrics/_ranking.py:424: UndefinedMetricWarning: Only one class is present in y_true. ROC AUC score is not defined in that case.
  warnings.warn(
/nas/home/jahin/.local/lib/python3.10/site-packages/sklearn/metrics/_ranking.py:1046: UserWarning: No positive class found in y_true, recall is set to one for all thresholds.
  warnings.warn(
AUROC test all: 0.6288111235023952, AUPR test all: 0.22266316358493243, AUROC test unknown: nan, AUPR test unknown: 0.0
Epoch: 92, Best AUROC test all: 0.6288111235023952, AUPR test all: 0.22266316358493243, AUROC test unknown: 0.0, AUPR test unknown: 0.0
pseudo_counter: Counter({0: 43519, -1: 2435})
max_probs: 0.023032307624816895， num of >0.5: 0
/nas/home/jahin/.local/lib/python3.10/site-packages/sklearn/metrics/_ranking.py:424: UndefinedMetricWarning: Only one class is present in y_true. ROC AUC score is not defined in that case.
  warnings.warn(
/nas/home/jahin/.local/lib/python3.10/site-packages/sklearn/metrics/_ranking.py:1046: UserWarning: No positive class found in y_true, recall is set to one for all thresholds.
  warnings.warn(
AUROC test all: 0.6282790808004094, AUPR test all: 0.2234696988612429, AUROC test unknown: nan, AUPR test unknown: 0.0
Epoch: 93, Best AUROC test all: 0.6288111235023952, AUPR test all: 0.2234696988612429, AUROC test unknown: 0.0, AUPR test unknown: 0.0
pseudo_counter: Counter({0: 43519, -1: 2435})
max_probs: 0.023218629881739616， num of >0.5: 0
/nas/home/jahin/.local/lib/python3.10/site-packages/sklearn/metrics/_ranking.py:424: UndefinedMetricWarning: Only one class is present in y_true. ROC AUC score is not defined in that case.
  warnings.warn(
/nas/home/jahin/.local/lib/python3.10/site-packages/sklearn/metrics/_ranking.py:1046: UserWarning: No positive class found in y_true, recall is set to one for all thresholds.
  warnings.warn(
AUROC test all: 0.6301445598350441, AUPR test all: 0.2244762623300321, AUROC test unknown: nan, AUPR test unknown: 0.0
Epoch: 94, Best AUROC test all: 0.6301445598350441, AUPR test all: 0.2244762623300321, AUROC test unknown: 0.0, AUPR test unknown: 0.0
pseudo_counter: Counter({0: 43519, -1: 2435})
max_probs: 0.02318560890853405， num of >0.5: 0
/nas/home/jahin/.local/lib/python3.10/site-packages/sklearn/metrics/_ranking.py:424: UndefinedMetricWarning: Only one class is present in y_true. ROC AUC score is not defined in that case.
  warnings.warn(
/nas/home/jahin/.local/lib/python3.10/site-packages/sklearn/metrics/_ranking.py:1046: UserWarning: No positive class found in y_true, recall is set to one for all thresholds.
  warnings.warn(
AUROC test all: 0.6301581983764355, AUPR test all: 0.2240016854934499, AUROC test unknown: nan, AUPR test unknown: 0.0
Epoch: 95, Best AUROC test all: 0.6301581983764355, AUPR test all: 0.2244762623300321, AUROC test unknown: 0.0, AUPR test unknown: 0.0
pseudo_counter: Counter({0: 43519, -1: 2435})
max_probs: 0.02241140604019165， num of >0.5: 0
/nas/home/jahin/.local/lib/python3.10/site-packages/sklearn/metrics/_ranking.py:424: UndefinedMetricWarning: Only one class is present in y_true. ROC AUC score is not defined in that case.
  warnings.warn(
/nas/home/jahin/.local/lib/python3.10/site-packages/sklearn/metrics/_ranking.py:1046: UserWarning: No positive class found in y_true, recall is set to one for all thresholds.
  warnings.warn(
AUROC test all: 0.630586845580025, AUPR test all: 0.22571552751057997, AUROC test unknown: nan, AUPR test unknown: 0.0
Epoch: 96, Best AUROC test all: 0.630586845580025, AUPR test all: 0.22571552751057997, AUROC test unknown: 0.0, AUPR test unknown: 0.0
pseudo_counter: Counter({0: 43519, -1: 2435})
max_probs: 0.02273552119731903， num of >0.5: 0
/nas/home/jahin/.local/lib/python3.10/site-packages/sklearn/metrics/_ranking.py:424: UndefinedMetricWarning: Only one class is present in y_true. ROC AUC score is not defined in that case.
  warnings.warn(
/nas/home/jahin/.local/lib/python3.10/site-packages/sklearn/metrics/_ranking.py:1046: UserWarning: No positive class found in y_true, recall is set to one for all thresholds.
  warnings.warn(
AUROC test all: 0.6330073130745734, AUPR test all: 0.22749116435287342, AUROC test unknown: nan, AUPR test unknown: 0.0
Epoch: 97, Best AUROC test all: 0.6330073130745734, AUPR test all: 0.22749116435287342, AUROC test unknown: 0.0, AUPR test unknown: 0.0
pseudo_counter: Counter({0: 43519, -1: 2435})
max_probs: 0.021274972707033157， num of >0.5: 0
/nas/home/jahin/.local/lib/python3.10/site-packages/sklearn/metrics/_ranking.py:424: UndefinedMetricWarning: Only one class is present in y_true. ROC AUC score is not defined in that case.
  warnings.warn(
/nas/home/jahin/.local/lib/python3.10/site-packages/sklearn/metrics/_ranking.py:1046: UserWarning: No positive class found in y_true, recall is set to one for all thresholds.
  warnings.warn(
AUROC test all: 0.6310476615948946, AUPR test all: 0.22682951222052472, AUROC test unknown: nan, AUPR test unknown: 0.0
Epoch: 98, Best AUROC test all: 0.6330073130745734, AUPR test all: 0.22749116435287342, AUROC test unknown: 0.0, AUPR test unknown: 0.0
pseudo_counter: Counter({0: 43519, -1: 2435})
max_probs: 0.02296750247478485， num of >0.5: 0
/nas/home/jahin/.local/lib/python3.10/site-packages/sklearn/metrics/_ranking.py:424: UndefinedMetricWarning: Only one class is present in y_true. ROC AUC score is not defined in that case.
  warnings.warn(
/nas/home/jahin/.local/lib/python3.10/site-packages/sklearn/metrics/_ranking.py:1046: UserWarning: No positive class found in y_true, recall is set to one for all thresholds.
  warnings.warn(
AUROC test all: 0.631738799401254, AUPR test all: 0.2265631863298161, AUROC test unknown: nan, AUPR test unknown: 0.0
Epoch: 99, Best AUROC test all: 0.6330073130745734, AUPR test all: 0.22749116435287342, AUROC test unknown: 0.0, AUPR test unknown: 0.0
pseudo_counter: Counter({0: 43519, -1: 2435})
max_probs: 0.021882319822907448， num of >0.5: 0
/nas/home/jahin/.local/lib/python3.10/site-packages/sklearn/metrics/_ranking.py:424: UndefinedMetricWarning: Only one class is present in y_true. ROC AUC score is not defined in that case.
  warnings.warn(
/nas/home/jahin/.local/lib/python3.10/site-packages/sklearn/metrics/_ranking.py:1046: UserWarning: No positive class found in y_true, recall is set to one for all thresholds.
  warnings.warn(
AUROC test all: 0.6319988697992828, AUPR test all: 0.22671317537410055, AUROC test unknown: nan, AUPR test unknown: 0.0
Epoch: 100, Best AUROC test all: 0.6330073130745734, AUPR test all: 0.22749116435287342, AUROC test unknown: 0.0, AUPR test unknown: 0.0
pseudo_counter: Counter({0: 43519, -1: 2435})
max_probs: 0.023001881316304207， num of >0.5: 0
/nas/home/jahin/.local/lib/python3.10/site-packages/sklearn/metrics/_ranking.py:424: UndefinedMetricWarning: Only one class is present in y_true. ROC AUC score is not defined in that case.
  warnings.warn(
/nas/home/jahin/.local/lib/python3.10/site-packages/sklearn/metrics/_ranking.py:1046: UserWarning: No positive class found in y_true, recall is set to one for all thresholds.
  warnings.warn(
AUROC test all: 0.6341094997679436, AUPR test all: 0.22943970346851317, AUROC test unknown: nan, AUPR test unknown: 0.0
Epoch: 101, Best AUROC test all: 0.6341094997679436, AUPR test all: 0.22943970346851317, AUROC test unknown: 0.0, AUPR test unknown: 0.0
pseudo_counter: Counter({0: 43519, -1: 2435})
max_probs: 0.022505370900034904， num of >0.5: 0
/nas/home/jahin/.local/lib/python3.10/site-packages/sklearn/metrics/_ranking.py:424: UndefinedMetricWarning: Only one class is present in y_true. ROC AUC score is not defined in that case.
  warnings.warn(
/nas/home/jahin/.local/lib/python3.10/site-packages/sklearn/metrics/_ranking.py:1046: UserWarning: No positive class found in y_true, recall is set to one for all thresholds.
  warnings.warn(
AUROC test all: 0.6348801841001096, AUPR test all: 0.22939814937656106, AUROC test unknown: nan, AUPR test unknown: 0.0
Epoch: 102, Best AUROC test all: 0.6348801841001096, AUPR test all: 0.22943970346851317, AUROC test unknown: 0.0, AUPR test unknown: 0.0
pseudo_counter: Counter({0: 43519, -1: 2435})
max_probs: 0.022780349478125572， num of >0.5: 0
/nas/home/jahin/.local/lib/python3.10/site-packages/sklearn/metrics/_ranking.py:424: UndefinedMetricWarning: Only one class is present in y_true. ROC AUC score is not defined in that case.
  warnings.warn(
/nas/home/jahin/.local/lib/python3.10/site-packages/sklearn/metrics/_ranking.py:1046: UserWarning: No positive class found in y_true, recall is set to one for all thresholds.
  warnings.warn(
AUROC test all: 0.6339869725408045, AUPR test all: 0.2295920290102456, AUROC test unknown: nan, AUPR test unknown: 0.0
Epoch: 103, Best AUROC test all: 0.6348801841001096, AUPR test all: 0.2295920290102456, AUROC test unknown: 0.0, AUPR test unknown: 0.0
pseudo_counter: Counter({0: 43519, -1: 2435})
max_probs: 0.022410137578845024， num of >0.5: 0
/nas/home/jahin/.local/lib/python3.10/site-packages/sklearn/metrics/_ranking.py:424: UndefinedMetricWarning: Only one class is present in y_true. ROC AUC score is not defined in that case.
  warnings.warn(
/nas/home/jahin/.local/lib/python3.10/site-packages/sklearn/metrics/_ranking.py:1046: UserWarning: No positive class found in y_true, recall is set to one for all thresholds.
  warnings.warn(
AUROC test all: 0.636624164340663, AUPR test all: 0.23292634459370215, AUROC test unknown: nan, AUPR test unknown: 0.0
Epoch: 104, Best AUROC test all: 0.636624164340663, AUPR test all: 0.23292634459370215, AUROC test unknown: 0.0, AUPR test unknown: 0.0
pseudo_counter: Counter({0: 43519, -1: 2435})
max_probs: 0.022452201694250107， num of >0.5: 0
/nas/home/jahin/.local/lib/python3.10/site-packages/sklearn/metrics/_ranking.py:424: UndefinedMetricWarning: Only one class is present in y_true. ROC AUC score is not defined in that case.
  warnings.warn(
/nas/home/jahin/.local/lib/python3.10/site-packages/sklearn/metrics/_ranking.py:1046: UserWarning: No positive class found in y_true, recall is set to one for all thresholds.
  warnings.warn(
AUROC test all: 0.6366260303000437, AUPR test all: 0.23150623371084944, AUROC test unknown: nan, AUPR test unknown: 0.0
Epoch: 105, Best AUROC test all: 0.6366260303000437, AUPR test all: 0.23292634459370215, AUROC test unknown: 0.0, AUPR test unknown: 0.0
pseudo_counter: Counter({0: 43519, -1: 2435})
max_probs: 0.02382105402648449， num of >0.5: 0
/nas/home/jahin/.local/lib/python3.10/site-packages/sklearn/metrics/_ranking.py:424: UndefinedMetricWarning: Only one class is present in y_true. ROC AUC score is not defined in that case.
  warnings.warn(
/nas/home/jahin/.local/lib/python3.10/site-packages/sklearn/metrics/_ranking.py:1046: UserWarning: No positive class found in y_true, recall is set to one for all thresholds.
  warnings.warn(
AUROC test all: 0.6364706938003191, AUPR test all: 0.2321186116922494, AUROC test unknown: nan, AUPR test unknown: 0.0
Epoch: 106, Best AUROC test all: 0.6366260303000437, AUPR test all: 0.23292634459370215, AUROC test unknown: 0.0, AUPR test unknown: 0.0
pseudo_counter: Counter({0: 43519, -1: 2435})
max_probs: 0.022385910153388977， num of >0.5: 0
/nas/home/jahin/.local/lib/python3.10/site-packages/sklearn/metrics/_ranking.py:424: UndefinedMetricWarning: Only one class is present in y_true. ROC AUC score is not defined in that case.
  warnings.warn(
/nas/home/jahin/.local/lib/python3.10/site-packages/sklearn/metrics/_ranking.py:1046: UserWarning: No positive class found in y_true, recall is set to one for all thresholds.
  warnings.warn(
AUROC test all: 0.6374743151409725, AUPR test all: 0.2331471978303979, AUROC test unknown: nan, AUPR test unknown: 0.0
Epoch: 107, Best AUROC test all: 0.6374743151409725, AUPR test all: 0.2331471978303979, AUROC test unknown: 0.0, AUPR test unknown: 0.0
pseudo_counter: Counter({0: 43519, -1: 2435})
max_probs: 0.02303372696042061， num of >0.5: 0
/nas/home/jahin/.local/lib/python3.10/site-packages/sklearn/metrics/_ranking.py:424: UndefinedMetricWarning: Only one class is present in y_true. ROC AUC score is not defined in that case.
  warnings.warn(
/nas/home/jahin/.local/lib/python3.10/site-packages/sklearn/metrics/_ranking.py:1046: UserWarning: No positive class found in y_true, recall is set to one for all thresholds.
  warnings.warn(
AUROC test all: 0.6401048354688983, AUPR test all: 0.23709642946624926, AUROC test unknown: nan, AUPR test unknown: 0.0
Epoch: 108, Best AUROC test all: 0.6401048354688983, AUPR test all: 0.23709642946624926, AUROC test unknown: 0.0, AUPR test unknown: 0.0
pseudo_counter: Counter({0: 43519, -1: 2435})
max_probs: 0.023271186277270317， num of >0.5: 0
/nas/home/jahin/.local/lib/python3.10/site-packages/sklearn/metrics/_ranking.py:424: UndefinedMetricWarning: Only one class is present in y_true. ROC AUC score is not defined in that case.
  warnings.warn(
/nas/home/jahin/.local/lib/python3.10/site-packages/sklearn/metrics/_ranking.py:1046: UserWarning: No positive class found in y_true, recall is set to one for all thresholds.
  warnings.warn(
AUROC test all: 0.6392230249419363, AUPR test all: 0.2339170225049237, AUROC test unknown: nan, AUPR test unknown: 0.0
Epoch: 109, Best AUROC test all: 0.6401048354688983, AUPR test all: 0.23709642946624926, AUROC test unknown: 0.0, AUPR test unknown: 0.0
pseudo_counter: Counter({0: 43519, -1: 2435})
max_probs: 0.022657152265310287， num of >0.5: 0
/nas/home/jahin/.local/lib/python3.10/site-packages/sklearn/metrics/_ranking.py:424: UndefinedMetricWarning: Only one class is present in y_true. ROC AUC score is not defined in that case.
  warnings.warn(
/nas/home/jahin/.local/lib/python3.10/site-packages/sklearn/metrics/_ranking.py:1046: UserWarning: No positive class found in y_true, recall is set to one for all thresholds.
  warnings.warn(
AUROC test all: 0.6399984429400337, AUPR test all: 0.2360423417890547, AUROC test unknown: nan, AUPR test unknown: 0.0
Epoch: 110, Best AUROC test all: 0.6401048354688983, AUPR test all: 0.23709642946624926, AUROC test unknown: 0.0, AUPR test unknown: 0.0
pseudo_counter: Counter({0: 43519, -1: 2435})
max_probs: 0.022689074277877808， num of >0.5: 0
/nas/home/jahin/.local/lib/python3.10/site-packages/sklearn/metrics/_ranking.py:424: UndefinedMetricWarning: Only one class is present in y_true. ROC AUC score is not defined in that case.
  warnings.warn(
/nas/home/jahin/.local/lib/python3.10/site-packages/sklearn/metrics/_ranking.py:1046: UserWarning: No positive class found in y_true, recall is set to one for all thresholds.
  warnings.warn(
AUROC test all: 0.6422886627748461, AUPR test all: 0.2370467783667847, AUROC test unknown: nan, AUPR test unknown: 0.0
Epoch: 111, Best AUROC test all: 0.6422886627748461, AUPR test all: 0.23709642946624926, AUROC test unknown: 0.0, AUPR test unknown: 0.0
pseudo_counter: Counter({0: 43519, -1: 2435})
max_probs: 0.022664211690425873， num of >0.5: 0
/nas/home/jahin/.local/lib/python3.10/site-packages/sklearn/metrics/_ranking.py:424: UndefinedMetricWarning: Only one class is present in y_true. ROC AUC score is not defined in that case.
  warnings.warn(
/nas/home/jahin/.local/lib/python3.10/site-packages/sklearn/metrics/_ranking.py:1046: UserWarning: No positive class found in y_true, recall is set to one for all thresholds.
  warnings.warn(
AUROC test all: 0.6418276825391289, AUPR test all: 0.2390140901248461, AUROC test unknown: nan, AUPR test unknown: 0.0
Epoch: 112, Best AUROC test all: 0.6422886627748461, AUPR test all: 0.2390140901248461, AUROC test unknown: 0.0, AUPR test unknown: 0.0
pseudo_counter: Counter({0: 43519, -1: 2435})
max_probs: 0.023263340815901756， num of >0.5: 0
/nas/home/jahin/.local/lib/python3.10/site-packages/sklearn/metrics/_ranking.py:424: UndefinedMetricWarning: Only one class is present in y_true. ROC AUC score is not defined in that case.
  warnings.warn(
/nas/home/jahin/.local/lib/python3.10/site-packages/sklearn/metrics/_ranking.py:1046: UserWarning: No positive class found in y_true, recall is set to one for all thresholds.
  warnings.warn(
AUROC test all: 0.6420576594668388, AUPR test all: 0.23958458201566013, AUROC test unknown: nan, AUPR test unknown: 0.0
Epoch: 113, Best AUROC test all: 0.6422886627748461, AUPR test all: 0.23958458201566013, AUROC test unknown: 0.0, AUPR test unknown: 0.0
pseudo_counter: Counter({0: 43519, -1: 2435})
max_probs: 0.023142950609326363， num of >0.5: 0
/nas/home/jahin/.local/lib/python3.10/site-packages/sklearn/metrics/_ranking.py:424: UndefinedMetricWarning: Only one class is present in y_true. ROC AUC score is not defined in that case.
  warnings.warn(
/nas/home/jahin/.local/lib/python3.10/site-packages/sklearn/metrics/_ranking.py:1046: UserWarning: No positive class found in y_true, recall is set to one for all thresholds.
  warnings.warn(
AUROC test all: 0.6435559817414992, AUPR test all: 0.23931467011231977, AUROC test unknown: nan, AUPR test unknown: 0.0
Epoch: 114, Best AUROC test all: 0.6435559817414992, AUPR test all: 0.23958458201566013, AUROC test unknown: 0.0, AUPR test unknown: 0.0
pseudo_counter: Counter({0: 43519, -1: 2435})
max_probs: 0.022960735484957695， num of >0.5: 0
/nas/home/jahin/.local/lib/python3.10/site-packages/sklearn/metrics/_ranking.py:424: UndefinedMetricWarning: Only one class is present in y_true. ROC AUC score is not defined in that case.
  warnings.warn(
/nas/home/jahin/.local/lib/python3.10/site-packages/sklearn/metrics/_ranking.py:1046: UserWarning: No positive class found in y_true, recall is set to one for all thresholds.
  warnings.warn(
AUROC test all: 0.6441411847846068, AUPR test all: 0.2424329525935815, AUROC test unknown: nan, AUPR test unknown: 0.0
Epoch: 115, Best AUROC test all: 0.6441411847846068, AUPR test all: 0.2424329525935815, AUROC test unknown: 0.0, AUPR test unknown: 0.0
pseudo_counter: Counter({0: 43519, -1: 2435})
max_probs: 0.023108405992388725， num of >0.5: 0
/nas/home/jahin/.local/lib/python3.10/site-packages/sklearn/metrics/_ranking.py:424: UndefinedMetricWarning: Only one class is present in y_true. ROC AUC score is not defined in that case.
  warnings.warn(
/nas/home/jahin/.local/lib/python3.10/site-packages/sklearn/metrics/_ranking.py:1046: UserWarning: No positive class found in y_true, recall is set to one for all thresholds.
  warnings.warn(
AUROC test all: 0.6453113506978323, AUPR test all: 0.24105754574255056, AUROC test unknown: nan, AUPR test unknown: 0.0
Epoch: 116, Best AUROC test all: 0.6453113506978323, AUPR test all: 0.2424329525935815, AUROC test unknown: 0.0, AUPR test unknown: 0.0
pseudo_counter: Counter({0: 43519, -1: 2435})
max_probs: 0.02254386432468891， num of >0.5: 0
/nas/home/jahin/.local/lib/python3.10/site-packages/sklearn/metrics/_ranking.py:424: UndefinedMetricWarning: Only one class is present in y_true. ROC AUC score is not defined in that case.
  warnings.warn(
/nas/home/jahin/.local/lib/python3.10/site-packages/sklearn/metrics/_ranking.py:1046: UserWarning: No positive class found in y_true, recall is set to one for all thresholds.
  warnings.warn(
AUROC test all: 0.6436614300004901, AUPR test all: 0.241575735668186, AUROC test unknown: nan, AUPR test unknown: 0.0
Epoch: 117, Best AUROC test all: 0.6453113506978323, AUPR test all: 0.2424329525935815, AUROC test unknown: 0.0, AUPR test unknown: 0.0
pseudo_counter: Counter({0: 43519, -1: 2435})
max_probs: 0.02352491393685341， num of >0.5: 0
/nas/home/jahin/.local/lib/python3.10/site-packages/sklearn/metrics/_ranking.py:424: UndefinedMetricWarning: Only one class is present in y_true. ROC AUC score is not defined in that case.
  warnings.warn(
/nas/home/jahin/.local/lib/python3.10/site-packages/sklearn/metrics/_ranking.py:1046: UserWarning: No positive class found in y_true, recall is set to one for all thresholds.
  warnings.warn(
AUROC test all: 0.6458226933619806, AUPR test all: 0.24470671852487574, AUROC test unknown: nan, AUPR test unknown: 0.0
Epoch: 118, Best AUROC test all: 0.6458226933619806, AUPR test all: 0.24470671852487574, AUROC test unknown: 0.0, AUPR test unknown: 0.0
pseudo_counter: Counter({0: 43519, -1: 2435})
max_probs: 0.02321496792137623， num of >0.5: 0
/nas/home/jahin/.local/lib/python3.10/site-packages/sklearn/metrics/_ranking.py:424: UndefinedMetricWarning: Only one class is present in y_true. ROC AUC score is not defined in that case.
  warnings.warn(
/nas/home/jahin/.local/lib/python3.10/site-packages/sklearn/metrics/_ranking.py:1046: UserWarning: No positive class found in y_true, recall is set to one for all thresholds.
  warnings.warn(
AUROC test all: 0.6456579962739439, AUPR test all: 0.2438523793755299, AUROC test unknown: nan, AUPR test unknown: 0.0
Epoch: 119, Best AUROC test all: 0.6458226933619806, AUPR test all: 0.24470671852487574, AUROC test unknown: 0.0, AUPR test unknown: 0.0
pseudo_counter: Counter({0: 43519, -1: 2435})
max_probs: 0.02268841862678528， num of >0.5: 0
/nas/home/jahin/.local/lib/python3.10/site-packages/sklearn/metrics/_ranking.py:424: UndefinedMetricWarning: Only one class is present in y_true. ROC AUC score is not defined in that case.
  warnings.warn(
/nas/home/jahin/.local/lib/python3.10/site-packages/sklearn/metrics/_ranking.py:1046: UserWarning: No positive class found in y_true, recall is set to one for all thresholds.
  warnings.warn(
AUROC test all: 0.6447461825981293, AUPR test all: 0.24359412839094954, AUROC test unknown: nan, AUPR test unknown: 0.0
Epoch: 120, Best AUROC test all: 0.6458226933619806, AUPR test all: 0.24470671852487574, AUROC test unknown: 0.0, AUPR test unknown: 0.0
pseudo_counter: Counter({0: 43519, -1: 2435})
max_probs: 0.023698963224887848， num of >0.5: 0
/nas/home/jahin/.local/lib/python3.10/site-packages/sklearn/metrics/_ranking.py:424: UndefinedMetricWarning: Only one class is present in y_true. ROC AUC score is not defined in that case.
  warnings.warn(
/nas/home/jahin/.local/lib/python3.10/site-packages/sklearn/metrics/_ranking.py:1046: UserWarning: No positive class found in y_true, recall is set to one for all thresholds.
  warnings.warn(
AUROC test all: 0.646061967242424, AUPR test all: 0.2443440390672682, AUROC test unknown: nan, AUPR test unknown: 0.0
Epoch: 121, Best AUROC test all: 0.646061967242424, AUPR test all: 0.24470671852487574, AUROC test unknown: 0.0, AUPR test unknown: 0.0
pseudo_counter: Counter({0: 43519, -1: 2435})
max_probs: 0.022245068103075027， num of >0.5: 0
/nas/home/jahin/.local/lib/python3.10/site-packages/sklearn/metrics/_ranking.py:424: UndefinedMetricWarning: Only one class is present in y_true. ROC AUC score is not defined in that case.
  warnings.warn(
/nas/home/jahin/.local/lib/python3.10/site-packages/sklearn/metrics/_ranking.py:1046: UserWarning: No positive class found in y_true, recall is set to one for all thresholds.
  warnings.warn(
AUROC test all: 0.6471188885119199, AUPR test all: 0.24640966509625614, AUROC test unknown: nan, AUPR test unknown: 0.0
Epoch: 122, Best AUROC test all: 0.6471188885119199, AUPR test all: 0.24640966509625614, AUROC test unknown: 0.0, AUPR test unknown: 0.0
pseudo_counter: Counter({0: 43519, -1: 2435})
max_probs: 0.02322070114314556， num of >0.5: 0
/nas/home/jahin/.local/lib/python3.10/site-packages/sklearn/metrics/_ranking.py:424: UndefinedMetricWarning: Only one class is present in y_true. ROC AUC score is not defined in that case.
  warnings.warn(
/nas/home/jahin/.local/lib/python3.10/site-packages/sklearn/metrics/_ranking.py:1046: UserWarning: No positive class found in y_true, recall is set to one for all thresholds.
  warnings.warn(
AUROC test all: 0.6470284212997494, AUPR test all: 0.2457930586102952, AUROC test unknown: nan, AUPR test unknown: 0.0
Epoch: 123, Best AUROC test all: 0.6471188885119199, AUPR test all: 0.24640966509625614, AUROC test unknown: 0.0, AUPR test unknown: 0.0
pseudo_counter: Counter({0: 43519, -1: 2435})
max_probs: 0.022284384816884995， num of >0.5: 0
/nas/home/jahin/.local/lib/python3.10/site-packages/sklearn/metrics/_ranking.py:424: UndefinedMetricWarning: Only one class is present in y_true. ROC AUC score is not defined in that case.
  warnings.warn(
/nas/home/jahin/.local/lib/python3.10/site-packages/sklearn/metrics/_ranking.py:1046: UserWarning: No positive class found in y_true, recall is set to one for all thresholds.
  warnings.warn(
AUROC test all: 0.6481887154872747, AUPR test all: 0.2470514549198155, AUROC test unknown: nan, AUPR test unknown: 0.0
Epoch: 124, Best AUROC test all: 0.6481887154872747, AUPR test all: 0.2470514549198155, AUROC test unknown: 0.0, AUPR test unknown: 0.0
pseudo_counter: Counter({0: 43519, -1: 2435})
max_probs: 0.023302514106035233， num of >0.5: 0
/nas/home/jahin/.local/lib/python3.10/site-packages/sklearn/metrics/_ranking.py:424: UndefinedMetricWarning: Only one class is present in y_true. ROC AUC score is not defined in that case.
  warnings.warn(
/nas/home/jahin/.local/lib/python3.10/site-packages/sklearn/metrics/_ranking.py:1046: UserWarning: No positive class found in y_true, recall is set to one for all thresholds.
  warnings.warn(
AUROC test all: 0.6481796279161218, AUPR test all: 0.2470191970557011, AUROC test unknown: nan, AUPR test unknown: 0.0
Epoch: 125, Best AUROC test all: 0.6481887154872747, AUPR test all: 0.2470514549198155, AUROC test unknown: 0.0, AUPR test unknown: 0.0
pseudo_counter: Counter({0: 43519, -1: 2435})
max_probs: 0.022311260923743248， num of >0.5: 0
/nas/home/jahin/.local/lib/python3.10/site-packages/sklearn/metrics/_ranking.py:424: UndefinedMetricWarning: Only one class is present in y_true. ROC AUC score is not defined in that case.
  warnings.warn(
/nas/home/jahin/.local/lib/python3.10/site-packages/sklearn/metrics/_ranking.py:1046: UserWarning: No positive class found in y_true, recall is set to one for all thresholds.
  warnings.warn(
AUROC test all: 0.649488927889698, AUPR test all: 0.2484490699274959, AUROC test unknown: nan, AUPR test unknown: 0.0
Epoch: 126, Best AUROC test all: 0.649488927889698, AUPR test all: 0.2484490699274959, AUROC test unknown: 0.0, AUPR test unknown: 0.0
pseudo_counter: Counter({0: 43519, -1: 2435})
max_probs: 0.022989973425865173， num of >0.5: 0
/nas/home/jahin/.local/lib/python3.10/site-packages/sklearn/metrics/_ranking.py:424: UndefinedMetricWarning: Only one class is present in y_true. ROC AUC score is not defined in that case.
  warnings.warn(
/nas/home/jahin/.local/lib/python3.10/site-packages/sklearn/metrics/_ranking.py:1046: UserWarning: No positive class found in y_true, recall is set to one for all thresholds.
  warnings.warn(
AUROC test all: 0.6488567966866342, AUPR test all: 0.24784099378333546, AUROC test unknown: nan, AUPR test unknown: 0.0
Epoch: 127, Best AUROC test all: 0.649488927889698, AUPR test all: 0.2484490699274959, AUROC test unknown: 0.0, AUPR test unknown: 0.0
pseudo_counter: Counter({0: 43519, -1: 2435})
max_probs: 0.023346245288848877， num of >0.5: 0
/nas/home/jahin/.local/lib/python3.10/site-packages/sklearn/metrics/_ranking.py:424: UndefinedMetricWarning: Only one class is present in y_true. ROC AUC score is not defined in that case.
  warnings.warn(
/nas/home/jahin/.local/lib/python3.10/site-packages/sklearn/metrics/_ranking.py:1046: UserWarning: No positive class found in y_true, recall is set to one for all thresholds.
  warnings.warn(
AUROC test all: 0.6510920949117345, AUPR test all: 0.2503144610351055, AUROC test unknown: nan, AUPR test unknown: 0.0
Epoch: 128, Best AUROC test all: 0.6510920949117345, AUPR test all: 0.2503144610351055, AUROC test unknown: 0.0, AUPR test unknown: 0.0
pseudo_counter: Counter({0: 43519, -1: 2435})
max_probs: 0.023174121975898743， num of >0.5: 0
/nas/home/jahin/.local/lib/python3.10/site-packages/sklearn/metrics/_ranking.py:424: UndefinedMetricWarning: Only one class is present in y_true. ROC AUC score is not defined in that case.
  warnings.warn(
/nas/home/jahin/.local/lib/python3.10/site-packages/sklearn/metrics/_ranking.py:1046: UserWarning: No positive class found in y_true, recall is set to one for all thresholds.
  warnings.warn(
AUROC test all: 0.649080670757096, AUPR test all: 0.24942279146611362, AUROC test unknown: nan, AUPR test unknown: 0.0
Epoch: 129, Best AUROC test all: 0.6510920949117345, AUPR test all: 0.2503144610351055, AUROC test unknown: 0.0, AUPR test unknown: 0.0
pseudo_counter: Counter({0: 43519, -1: 2435})
max_probs: 0.023701081052422523， num of >0.5: 0
/nas/home/jahin/.local/lib/python3.10/site-packages/sklearn/metrics/_ranking.py:424: UndefinedMetricWarning: Only one class is present in y_true. ROC AUC score is not defined in that case.
  warnings.warn(
/nas/home/jahin/.local/lib/python3.10/site-packages/sklearn/metrics/_ranking.py:1046: UserWarning: No positive class found in y_true, recall is set to one for all thresholds.
  warnings.warn(
AUROC test all: 0.6504934935002251, AUPR test all: 0.25084110445985797, AUROC test unknown: nan, AUPR test unknown: 0.0
Epoch: 130, Best AUROC test all: 0.6510920949117345, AUPR test all: 0.25084110445985797, AUROC test unknown: 0.0, AUPR test unknown: 0.0
pseudo_counter: Counter({0: 43519, -1: 2435})
max_probs: 0.022648798301815987， num of >0.5: 0
/nas/home/jahin/.local/lib/python3.10/site-packages/sklearn/metrics/_ranking.py:424: UndefinedMetricWarning: Only one class is present in y_true. ROC AUC score is not defined in that case.
  warnings.warn(
/nas/home/jahin/.local/lib/python3.10/site-packages/sklearn/metrics/_ranking.py:1046: UserWarning: No positive class found in y_true, recall is set to one for all thresholds.
  warnings.warn(
AUROC test all: 0.650929366421108, AUPR test all: 0.25149808271484075, AUROC test unknown: nan, AUPR test unknown: 0.0
Epoch: 131, Best AUROC test all: 0.6510920949117345, AUPR test all: 0.25149808271484075, AUROC test unknown: 0.0, AUPR test unknown: 0.0
pseudo_counter: Counter({0: 43519, -1: 2435})
max_probs: 0.022522324696183205， num of >0.5: 0
/nas/home/jahin/.local/lib/python3.10/site-packages/sklearn/metrics/_ranking.py:424: UndefinedMetricWarning: Only one class is present in y_true. ROC AUC score is not defined in that case.
  warnings.warn(
/nas/home/jahin/.local/lib/python3.10/site-packages/sklearn/metrics/_ranking.py:1046: UserWarning: No positive class found in y_true, recall is set to one for all thresholds.
  warnings.warn(
AUROC test all: 0.6502810574117972, AUPR test all: 0.252064327814023, AUROC test unknown: nan, AUPR test unknown: 0.0
Epoch: 132, Best AUROC test all: 0.6510920949117345, AUPR test all: 0.252064327814023, AUROC test unknown: 0.0, AUPR test unknown: 0.0
pseudo_counter: Counter({0: 43519, -1: 2435})
max_probs: 0.023213472217321396， num of >0.5: 0
/nas/home/jahin/.local/lib/python3.10/site-packages/sklearn/metrics/_ranking.py:424: UndefinedMetricWarning: Only one class is present in y_true. ROC AUC score is not defined in that case.
  warnings.warn(
/nas/home/jahin/.local/lib/python3.10/site-packages/sklearn/metrics/_ranking.py:1046: UserWarning: No positive class found in y_true, recall is set to one for all thresholds.
  warnings.warn(
AUROC test all: 0.6508988336600219, AUPR test all: 0.2507992581425317, AUROC test unknown: nan, AUPR test unknown: 0.0
Epoch: 133, Best AUROC test all: 0.6510920949117345, AUPR test all: 0.252064327814023, AUROC test unknown: 0.0, AUPR test unknown: 0.0
pseudo_counter: Counter({0: 43519, -1: 2435})
max_probs: 0.023332791402935982， num of >0.5: 0
/nas/home/jahin/.local/lib/python3.10/site-packages/sklearn/metrics/_ranking.py:424: UndefinedMetricWarning: Only one class is present in y_true. ROC AUC score is not defined in that case.
  warnings.warn(
/nas/home/jahin/.local/lib/python3.10/site-packages/sklearn/metrics/_ranking.py:1046: UserWarning: No positive class found in y_true, recall is set to one for all thresholds.
  warnings.warn(
AUROC test all: 0.6518512057796674, AUPR test all: 0.2533824031854466, AUROC test unknown: nan, AUPR test unknown: 0.0
Epoch: 134, Best AUROC test all: 0.6518512057796674, AUPR test all: 0.2533824031854466, AUROC test unknown: 0.0, AUPR test unknown: 0.0
pseudo_counter: Counter({0: 43519, -1: 2435})
max_probs: 0.023508017882704735， num of >0.5: 0
/nas/home/jahin/.local/lib/python3.10/site-packages/sklearn/metrics/_ranking.py:424: UndefinedMetricWarning: Only one class is present in y_true. ROC AUC score is not defined in that case.
  warnings.warn(
/nas/home/jahin/.local/lib/python3.10/site-packages/sklearn/metrics/_ranking.py:1046: UserWarning: No positive class found in y_true, recall is set to one for all thresholds.
  warnings.warn(
AUROC test all: 0.6517143543890982, AUPR test all: 0.251911526993234, AUROC test unknown: nan, AUPR test unknown: 0.0
Epoch: 135, Best AUROC test all: 0.6518512057796674, AUPR test all: 0.2533824031854466, AUROC test unknown: 0.0, AUPR test unknown: 0.0
pseudo_counter: Counter({0: 43519, -1: 2435})
max_probs: 0.023794595152139664， num of >0.5: 0
/nas/home/jahin/.local/lib/python3.10/site-packages/sklearn/metrics/_ranking.py:424: UndefinedMetricWarning: Only one class is present in y_true. ROC AUC score is not defined in that case.
  warnings.warn(
/nas/home/jahin/.local/lib/python3.10/site-packages/sklearn/metrics/_ranking.py:1046: UserWarning: No positive class found in y_true, recall is set to one for all thresholds.
  warnings.warn(
AUROC test all: 0.6528100030399743, AUPR test all: 0.2537331370294529, AUROC test unknown: nan, AUPR test unknown: 0.0
Epoch: 136, Best AUROC test all: 0.6528100030399743, AUPR test all: 0.2537331370294529, AUROC test unknown: 0.0, AUPR test unknown: 0.0
pseudo_counter: Counter({0: 43519, -1: 2435})
max_probs: 0.02386094629764557， num of >0.5: 0
/nas/home/jahin/.local/lib/python3.10/site-packages/sklearn/metrics/_ranking.py:424: UndefinedMetricWarning: Only one class is present in y_true. ROC AUC score is not defined in that case.
  warnings.warn(
/nas/home/jahin/.local/lib/python3.10/site-packages/sklearn/metrics/_ranking.py:1046: UserWarning: No positive class found in y_true, recall is set to one for all thresholds.
  warnings.warn(
AUROC test all: 0.6547388302665624, AUPR test all: 0.25490640384785834, AUROC test unknown: nan, AUPR test unknown: 0.0
Epoch: 137, Best AUROC test all: 0.6547388302665624, AUPR test all: 0.25490640384785834, AUROC test unknown: 0.0, AUPR test unknown: 0.0
pseudo_counter: Counter({0: 43519, -1: 2435})
max_probs: 0.023812400177121162， num of >0.5: 0
/nas/home/jahin/.local/lib/python3.10/site-packages/sklearn/metrics/_ranking.py:424: UndefinedMetricWarning: Only one class is present in y_true. ROC AUC score is not defined in that case.
  warnings.warn(
/nas/home/jahin/.local/lib/python3.10/site-packages/sklearn/metrics/_ranking.py:1046: UserWarning: No positive class found in y_true, recall is set to one for all thresholds.
  warnings.warn(
AUROC test all: 0.6517868968957554, AUPR test all: 0.2534425979947327, AUROC test unknown: nan, AUPR test unknown: 0.0
Epoch: 138, Best AUROC test all: 0.6547388302665624, AUPR test all: 0.25490640384785834, AUROC test unknown: 0.0, AUPR test unknown: 0.0
pseudo_counter: Counter({0: 43519, -1: 2435})
max_probs: 0.023811692371964455， num of >0.5: 0
/nas/home/jahin/.local/lib/python3.10/site-packages/sklearn/metrics/_ranking.py:424: UndefinedMetricWarning: Only one class is present in y_true. ROC AUC score is not defined in that case.
  warnings.warn(
/nas/home/jahin/.local/lib/python3.10/site-packages/sklearn/metrics/_ranking.py:1046: UserWarning: No positive class found in y_true, recall is set to one for all thresholds.
  warnings.warn(
AUROC test all: 0.6556153877791624, AUPR test all: 0.25754757783551663, AUROC test unknown: nan, AUPR test unknown: 0.0
Epoch: 139, Best AUROC test all: 0.6556153877791624, AUPR test all: 0.25754757783551663, AUROC test unknown: 0.0, AUPR test unknown: 0.0
pseudo_counter: Counter({0: 43519, -1: 2435})
max_probs: 0.023311952129006386， num of >0.5: 0
/nas/home/jahin/.local/lib/python3.10/site-packages/sklearn/metrics/_ranking.py:424: UndefinedMetricWarning: Only one class is present in y_true. ROC AUC score is not defined in that case.
  warnings.warn(
/nas/home/jahin/.local/lib/python3.10/site-packages/sklearn/metrics/_ranking.py:1046: UserWarning: No positive class found in y_true, recall is set to one for all thresholds.
  warnings.warn(
AUROC test all: 0.6553605211292413, AUPR test all: 0.2571031922786372, AUROC test unknown: nan, AUPR test unknown: 0.0
Epoch: 140, Best AUROC test all: 0.6556153877791624, AUPR test all: 0.25754757783551663, AUROC test unknown: 0.0, AUPR test unknown: 0.0
pseudo_counter: Counter({0: 43519, -1: 2435})
max_probs: 0.023845825344324112， num of >0.5: 0
/nas/home/jahin/.local/lib/python3.10/site-packages/sklearn/metrics/_ranking.py:424: UndefinedMetricWarning: Only one class is present in y_true. ROC AUC score is not defined in that case.
  warnings.warn(
/nas/home/jahin/.local/lib/python3.10/site-packages/sklearn/metrics/_ranking.py:1046: UserWarning: No positive class found in y_true, recall is set to one for all thresholds.
  warnings.warn(
AUROC test all: 0.6535067058803059, AUPR test all: 0.2557485709950663, AUROC test unknown: nan, AUPR test unknown: 0.0
Epoch: 141, Best AUROC test all: 0.6556153877791624, AUPR test all: 0.25754757783551663, AUROC test unknown: 0.0, AUPR test unknown: 0.0
pseudo_counter: Counter({0: 43519, -1: 2435})
max_probs: 0.02400984615087509， num of >0.5: 0
/nas/home/jahin/.local/lib/python3.10/site-packages/sklearn/metrics/_ranking.py:424: UndefinedMetricWarning: Only one class is present in y_true. ROC AUC score is not defined in that case.
  warnings.warn(
/nas/home/jahin/.local/lib/python3.10/site-packages/sklearn/metrics/_ranking.py:1046: UserWarning: No positive class found in y_true, recall is set to one for all thresholds.
  warnings.warn(
AUROC test all: 0.655314434601129, AUPR test all: 0.25753885085524364, AUROC test unknown: nan, AUPR test unknown: 0.0
Epoch: 142, Best AUROC test all: 0.6556153877791624, AUPR test all: 0.25754757783551663, AUROC test unknown: 0.0, AUPR test unknown: 0.0
pseudo_counter: Counter({0: 43519, -1: 2435})
max_probs: 0.023352917283773422， num of >0.5: 0
/nas/home/jahin/.local/lib/python3.10/site-packages/sklearn/metrics/_ranking.py:424: UndefinedMetricWarning: Only one class is present in y_true. ROC AUC score is not defined in that case.
  warnings.warn(
/nas/home/jahin/.local/lib/python3.10/site-packages/sklearn/metrics/_ranking.py:1046: UserWarning: No positive class found in y_true, recall is set to one for all thresholds.
  warnings.warn(
AUROC test all: 0.6550677748880657, AUPR test all: 0.25784140810081346, AUROC test unknown: nan, AUPR test unknown: 0.0
Epoch: 143, Best AUROC test all: 0.6556153877791624, AUPR test all: 0.25784140810081346, AUROC test unknown: 0.0, AUPR test unknown: 0.0
pseudo_counter: Counter({0: 43519, -1: 2435})
max_probs: 0.023534588515758514， num of >0.5: 0
/nas/home/jahin/.local/lib/python3.10/site-packages/sklearn/metrics/_ranking.py:424: UndefinedMetricWarning: Only one class is present in y_true. ROC AUC score is not defined in that case.
  warnings.warn(
/nas/home/jahin/.local/lib/python3.10/site-packages/sklearn/metrics/_ranking.py:1046: UserWarning: No positive class found in y_true, recall is set to one for all thresholds.
  warnings.warn(
AUROC test all: 0.6553683277777831, AUPR test all: 0.2583154002170371, AUROC test unknown: nan, AUPR test unknown: 0.0
Epoch: 144, Best AUROC test all: 0.6556153877791624, AUPR test all: 0.2583154002170371, AUROC test unknown: 0.0, AUPR test unknown: 0.0
pseudo_counter: Counter({0: 43519, -1: 2435})
max_probs: 0.022909482941031456， num of >0.5: 0
/nas/home/jahin/.local/lib/python3.10/site-packages/sklearn/metrics/_ranking.py:424: UndefinedMetricWarning: Only one class is present in y_true. ROC AUC score is not defined in that case.
  warnings.warn(
/nas/home/jahin/.local/lib/python3.10/site-packages/sklearn/metrics/_ranking.py:1046: UserWarning: No positive class found in y_true, recall is set to one for all thresholds.
  warnings.warn(
AUROC test all: 0.6545659631913585, AUPR test all: 0.25668544471623855, AUROC test unknown: nan, AUPR test unknown: 0.0
Epoch: 145, Best AUROC test all: 0.6556153877791624, AUPR test all: 0.2583154002170371, AUROC test unknown: 0.0, AUPR test unknown: 0.0
pseudo_counter: Counter({0: 43519, -1: 2435})
max_probs: 0.02378312312066555， num of >0.5: 0
/nas/home/jahin/.local/lib/python3.10/site-packages/sklearn/metrics/_ranking.py:424: UndefinedMetricWarning: Only one class is present in y_true. ROC AUC score is not defined in that case.
  warnings.warn(
/nas/home/jahin/.local/lib/python3.10/site-packages/sklearn/metrics/_ranking.py:1046: UserWarning: No positive class found in y_true, recall is set to one for all thresholds.
  warnings.warn(
AUROC test all: 0.656236984214854, AUPR test all: 0.2592892875736297, AUROC test unknown: nan, AUPR test unknown: 0.0
Epoch: 146, Best AUROC test all: 0.656236984214854, AUPR test all: 0.2592892875736297, AUROC test unknown: 0.0, AUPR test unknown: 0.0
pseudo_counter: Counter({0: 43519, -1: 2435})
max_probs: 0.023315712809562683， num of >0.5: 0
/nas/home/jahin/.local/lib/python3.10/site-packages/sklearn/metrics/_ranking.py:424: UndefinedMetricWarning: Only one class is present in y_true. ROC AUC score is not defined in that case.
  warnings.warn(
/nas/home/jahin/.local/lib/python3.10/site-packages/sklearn/metrics/_ranking.py:1046: UserWarning: No positive class found in y_true, recall is set to one for all thresholds.
  warnings.warn(
AUROC test all: 0.6570191927449989, AUPR test all: 0.25801375752339983, AUROC test unknown: nan, AUPR test unknown: 0.0
Epoch: 147, Best AUROC test all: 0.6570191927449989, AUPR test all: 0.2592892875736297, AUROC test unknown: 0.0, AUPR test unknown: 0.0
pseudo_counter: Counter({0: 43519, -1: 2435})
max_probs: 0.023558417335152626， num of >0.5: 0
/nas/home/jahin/.local/lib/python3.10/site-packages/sklearn/metrics/_ranking.py:424: UndefinedMetricWarning: Only one class is present in y_true. ROC AUC score is not defined in that case.
  warnings.warn(
/nas/home/jahin/.local/lib/python3.10/site-packages/sklearn/metrics/_ranking.py:1046: UserWarning: No positive class found in y_true, recall is set to one for all thresholds.
  warnings.warn(
AUROC test all: 0.6561562778793114, AUPR test all: 0.25789587939132885, AUROC test unknown: nan, AUPR test unknown: 0.0
Epoch: 148, Best AUROC test all: 0.6570191927449989, AUPR test all: 0.2592892875736297, AUROC test unknown: 0.0, AUPR test unknown: 0.0
pseudo_counter: Counter({0: 43519, -1: 2435})
max_probs: 0.02408519573509693， num of >0.5: 0
/nas/home/jahin/.local/lib/python3.10/site-packages/sklearn/metrics/_ranking.py:424: UndefinedMetricWarning: Only one class is present in y_true. ROC AUC score is not defined in that case.
  warnings.warn(
/nas/home/jahin/.local/lib/python3.10/site-packages/sklearn/metrics/_ranking.py:1046: UserWarning: No positive class found in y_true, recall is set to one for all thresholds.
  warnings.warn(
AUROC test all: 0.6572280488189495, AUPR test all: 0.2605087485756631, AUROC test unknown: nan, AUPR test unknown: 0.0
Epoch: 149, Best AUROC test all: 0.6572280488189495, AUPR test all: 0.2605087485756631, AUROC test unknown: 0.0, AUPR test unknown: 0.0
pseudo_counter: Counter({0: 43519, -1: 2435})
max_probs: 0.023788895457983017， num of >0.5: 0
/nas/home/jahin/.local/lib/python3.10/site-packages/sklearn/metrics/_ranking.py:424: UndefinedMetricWarning: Only one class is present in y_true. ROC AUC score is not defined in that case.
  warnings.warn(
/nas/home/jahin/.local/lib/python3.10/site-packages/sklearn/metrics/_ranking.py:1046: UserWarning: No positive class found in y_true, recall is set to one for all thresholds.
  warnings.warn(
AUROC test all: 0.6570399666822175, AUPR test all: 0.25991187094981544, AUROC test unknown: nan, AUPR test unknown: 0.0
Epoch: 150, Best AUROC test all: 0.6572280488189495, AUPR test all: 0.2605087485756631, AUROC test unknown: 0.0, AUPR test unknown: 0.0
pseudo_counter: Counter({0: 43519, -1: 2435})
max_probs: 0.024608371779322624， num of >0.5: 0
/nas/home/jahin/.local/lib/python3.10/site-packages/sklearn/metrics/_ranking.py:424: UndefinedMetricWarning: Only one class is present in y_true. ROC AUC score is not defined in that case.
  warnings.warn(
/nas/home/jahin/.local/lib/python3.10/site-packages/sklearn/metrics/_ranking.py:1046: UserWarning: No positive class found in y_true, recall is set to one for all thresholds.
  warnings.warn(
AUROC test all: 0.6587565015136194, AUPR test all: 0.2616505230436505, AUROC test unknown: nan, AUPR test unknown: 0.0
Epoch: 151, Best AUROC test all: 0.6587565015136194, AUPR test all: 0.2616505230436505, AUROC test unknown: 0.0, AUPR test unknown: 0.0
pseudo_counter: Counter({0: 43519, -1: 2435})
max_probs: 0.023667318746447563， num of >0.5: 0
/nas/home/jahin/.local/lib/python3.10/site-packages/sklearn/metrics/_ranking.py:424: UndefinedMetricWarning: Only one class is present in y_true. ROC AUC score is not defined in that case.
  warnings.warn(
/nas/home/jahin/.local/lib/python3.10/site-packages/sklearn/metrics/_ranking.py:1046: UserWarning: No positive class found in y_true, recall is set to one for all thresholds.
  warnings.warn(
AUROC test all: 0.6572718075165476, AUPR test all: 0.26224062120332725, AUROC test unknown: nan, AUPR test unknown: 0.0
Epoch: 152, Best AUROC test all: 0.6587565015136194, AUPR test all: 0.26224062120332725, AUROC test unknown: 0.0, AUPR test unknown: 0.0
pseudo_counter: Counter({0: 43519, -1: 2435})
max_probs: 0.024116793647408485， num of >0.5: 0
/nas/home/jahin/.local/lib/python3.10/site-packages/sklearn/metrics/_ranking.py:424: UndefinedMetricWarning: Only one class is present in y_true. ROC AUC score is not defined in that case.
  warnings.warn(
/nas/home/jahin/.local/lib/python3.10/site-packages/sklearn/metrics/_ranking.py:1046: UserWarning: No positive class found in y_true, recall is set to one for all thresholds.
  warnings.warn(
AUROC test all: 0.6584632030798439, AUPR test all: 0.260617248162344, AUROC test unknown: nan, AUPR test unknown: 0.0
Epoch: 153, Best AUROC test all: 0.6587565015136194, AUPR test all: 0.26224062120332725, AUROC test unknown: 0.0, AUPR test unknown: 0.0
pseudo_counter: Counter({0: 43519, -1: 2435})
max_probs: 0.023966770619153976， num of >0.5: 0
/nas/home/jahin/.local/lib/python3.10/site-packages/sklearn/metrics/_ranking.py:424: UndefinedMetricWarning: Only one class is present in y_true. ROC AUC score is not defined in that case.
  warnings.warn(
/nas/home/jahin/.local/lib/python3.10/site-packages/sklearn/metrics/_ranking.py:1046: UserWarning: No positive class found in y_true, recall is set to one for all thresholds.
  warnings.warn(
AUROC test all: 0.6589628265337568, AUPR test all: 0.2623651554744312, AUROC test unknown: nan, AUPR test unknown: 0.0
Epoch: 154, Best AUROC test all: 0.6589628265337568, AUPR test all: 0.2623651554744312, AUROC test unknown: 0.0, AUPR test unknown: 0.0
pseudo_counter: Counter({0: 43519, -1: 2435})
max_probs: 0.02448311820626259， num of >0.5: 0
/nas/home/jahin/.local/lib/python3.10/site-packages/sklearn/metrics/_ranking.py:424: UndefinedMetricWarning: Only one class is present in y_true. ROC AUC score is not defined in that case.
  warnings.warn(
/nas/home/jahin/.local/lib/python3.10/site-packages/sklearn/metrics/_ranking.py:1046: UserWarning: No positive class found in y_true, recall is set to one for all thresholds.
  warnings.warn(
AUROC test all: 0.6601303546496182, AUPR test all: 0.2638477482319769, AUROC test unknown: nan, AUPR test unknown: 0.0
Epoch: 155, Best AUROC test all: 0.6601303546496182, AUPR test all: 0.2638477482319769, AUROC test unknown: 0.0, AUPR test unknown: 0.0
pseudo_counter: Counter({0: 43519, -1: 2435})
max_probs: 0.02458394132554531， num of >0.5: 0
/nas/home/jahin/.local/lib/python3.10/site-packages/sklearn/metrics/_ranking.py:424: UndefinedMetricWarning: Only one class is present in y_true. ROC AUC score is not defined in that case.
  warnings.warn(
/nas/home/jahin/.local/lib/python3.10/site-packages/sklearn/metrics/_ranking.py:1046: UserWarning: No positive class found in y_true, recall is set to one for all thresholds.
  warnings.warn(
AUROC test all: 0.6589784624112068, AUPR test all: 0.2631953676857862, AUROC test unknown: nan, AUPR test unknown: 0.0
Epoch: 156, Best AUROC test all: 0.6601303546496182, AUPR test all: 0.2638477482319769, AUROC test unknown: 0.0, AUPR test unknown: 0.0
pseudo_counter: Counter({0: 43519, -1: 2435})
max_probs: 0.023849254474043846， num of >0.5: 0
/nas/home/jahin/.local/lib/python3.10/site-packages/sklearn/metrics/_ranking.py:424: UndefinedMetricWarning: Only one class is present in y_true. ROC AUC score is not defined in that case.
  warnings.warn(
/nas/home/jahin/.local/lib/python3.10/site-packages/sklearn/metrics/_ranking.py:1046: UserWarning: No positive class found in y_true, recall is set to one for all thresholds.
  warnings.warn(
AUROC test all: 0.65903387052518, AUPR test all: 0.2634924478482667, AUROC test unknown: nan, AUPR test unknown: 0.0
Epoch: 157, Best AUROC test all: 0.6601303546496182, AUPR test all: 0.2638477482319769, AUROC test unknown: 0.0, AUPR test unknown: 0.0
pseudo_counter: Counter({0: 43519, -1: 2435})
max_probs: 0.024724243208765984， num of >0.5: 0
/nas/home/jahin/.local/lib/python3.10/site-packages/sklearn/metrics/_ranking.py:424: UndefinedMetricWarning: Only one class is present in y_true. ROC AUC score is not defined in that case.
  warnings.warn(
/nas/home/jahin/.local/lib/python3.10/site-packages/sklearn/metrics/_ranking.py:1046: UserWarning: No positive class found in y_true, recall is set to one for all thresholds.
  warnings.warn(
AUROC test all: 0.6604502199110108, AUPR test all: 0.26435213559298987, AUROC test unknown: nan, AUPR test unknown: 0.0
Epoch: 158, Best AUROC test all: 0.6604502199110108, AUPR test all: 0.26435213559298987, AUROC test unknown: 0.0, AUPR test unknown: 0.0
pseudo_counter: Counter({0: 43519, -1: 2435})
max_probs: 0.02465713582932949， num of >0.5: 0
/nas/home/jahin/.local/lib/python3.10/site-packages/sklearn/metrics/_ranking.py:424: UndefinedMetricWarning: Only one class is present in y_true. ROC AUC score is not defined in that case.
  warnings.warn(
/nas/home/jahin/.local/lib/python3.10/site-packages/sklearn/metrics/_ranking.py:1046: UserWarning: No positive class found in y_true, recall is set to one for all thresholds.
  warnings.warn(
AUROC test all: 0.6605214301760421, AUPR test all: 0.26321926707414095, AUROC test unknown: nan, AUPR test unknown: 0.0
Epoch: 159, Best AUROC test all: 0.6605214301760421, AUPR test all: 0.26435213559298987, AUROC test unknown: 0.0, AUPR test unknown: 0.0
pseudo_counter: Counter({0: 43519, -1: 2435})
max_probs: 0.025061210617423058， num of >0.5: 0
/nas/home/jahin/.local/lib/python3.10/site-packages/sklearn/metrics/_ranking.py:424: UndefinedMetricWarning: Only one class is present in y_true. ROC AUC score is not defined in that case.
  warnings.warn(
/nas/home/jahin/.local/lib/python3.10/site-packages/sklearn/metrics/_ranking.py:1046: UserWarning: No positive class found in y_true, recall is set to one for all thresholds.
  warnings.warn(
AUROC test all: 0.6605070670101608, AUPR test all: 0.2639955456569593, AUROC test unknown: nan, AUPR test unknown: 0.0
Epoch: 160, Best AUROC test all: 0.6605214301760421, AUPR test all: 0.26435213559298987, AUROC test unknown: 0.0, AUPR test unknown: 0.0
pseudo_counter: Counter({0: 43519, -1: 2435})
max_probs: 0.024755563586950302， num of >0.5: 0
/nas/home/jahin/.local/lib/python3.10/site-packages/sklearn/metrics/_ranking.py:424: UndefinedMetricWarning: Only one class is present in y_true. ROC AUC score is not defined in that case.
  warnings.warn(
/nas/home/jahin/.local/lib/python3.10/site-packages/sklearn/metrics/_ranking.py:1046: UserWarning: No positive class found in y_true, recall is set to one for all thresholds.
  warnings.warn(
AUROC test all: 0.6604596605569861, AUPR test all: 0.2658557969094673, AUROC test unknown: nan, AUPR test unknown: 0.0
Epoch: 161, Best AUROC test all: 0.6605214301760421, AUPR test all: 0.2658557969094673, AUROC test unknown: 0.0, AUPR test unknown: 0.0
pseudo_counter: Counter({0: 43519, -1: 2435})
max_probs: 0.025942815467715263， num of >0.5: 0
/nas/home/jahin/.local/lib/python3.10/site-packages/sklearn/metrics/_ranking.py:424: UndefinedMetricWarning: Only one class is present in y_true. ROC AUC score is not defined in that case.
  warnings.warn(
/nas/home/jahin/.local/lib/python3.10/site-packages/sklearn/metrics/_ranking.py:1046: UserWarning: No positive class found in y_true, recall is set to one for all thresholds.
  warnings.warn(
AUROC test all: 0.6614409047543963, AUPR test all: 0.2656380355426082, AUROC test unknown: nan, AUPR test unknown: 0.0
Epoch: 162, Best AUROC test all: 0.6614409047543963, AUPR test all: 0.2658557969094673, AUROC test unknown: 0.0, AUPR test unknown: 0.0
pseudo_counter: Counter({0: 43519, -1: 2435})
max_probs: 0.025536760687828064， num of >0.5: 0
/nas/home/jahin/.local/lib/python3.10/site-packages/sklearn/metrics/_ranking.py:424: UndefinedMetricWarning: Only one class is present in y_true. ROC AUC score is not defined in that case.
  warnings.warn(
/nas/home/jahin/.local/lib/python3.10/site-packages/sklearn/metrics/_ranking.py:1046: UserWarning: No positive class found in y_true, recall is set to one for all thresholds.
  warnings.warn(
AUROC test all: 0.661497905810591, AUPR test all: 0.2645133778385624, AUROC test unknown: nan, AUPR test unknown: 0.0
Epoch: 163, Best AUROC test all: 0.661497905810591, AUPR test all: 0.2658557969094673, AUROC test unknown: 0.0, AUPR test unknown: 0.0
pseudo_counter: Counter({0: 43519, -1: 2435})
max_probs: 0.025642454624176025， num of >0.5: 0
/nas/home/jahin/.local/lib/python3.10/site-packages/sklearn/metrics/_ranking.py:424: UndefinedMetricWarning: Only one class is present in y_true. ROC AUC score is not defined in that case.
  warnings.warn(
/nas/home/jahin/.local/lib/python3.10/site-packages/sklearn/metrics/_ranking.py:1046: UserWarning: No positive class found in y_true, recall is set to one for all thresholds.
  warnings.warn(
AUROC test all: 0.661474680877222, AUPR test all: 0.2654218311754307, AUROC test unknown: nan, AUPR test unknown: 0.0
Epoch: 164, Best AUROC test all: 0.661497905810591, AUPR test all: 0.2658557969094673, AUROC test unknown: 0.0, AUPR test unknown: 0.0
pseudo_counter: Counter({0: 43519, -1: 2435})
max_probs: 0.02487843483686447， num of >0.5: 0
/nas/home/jahin/.local/lib/python3.10/site-packages/sklearn/metrics/_ranking.py:424: UndefinedMetricWarning: Only one class is present in y_true. ROC AUC score is not defined in that case.
  warnings.warn(
/nas/home/jahin/.local/lib/python3.10/site-packages/sklearn/metrics/_ranking.py:1046: UserWarning: No positive class found in y_true, recall is set to one for all thresholds.
  warnings.warn(
AUROC test all: 0.6615087423337705, AUPR test all: 0.26588211138187906, AUROC test unknown: nan, AUPR test unknown: 0.0
Epoch: 165, Best AUROC test all: 0.6615087423337705, AUPR test all: 0.26588211138187906, AUROC test unknown: 0.0, AUPR test unknown: 0.0
pseudo_counter: Counter({0: 43519, -1: 2435})
max_probs: 0.025256168097257614， num of >0.5: 0
/nas/home/jahin/.local/lib/python3.10/site-packages/sklearn/metrics/_ranking.py:424: UndefinedMetricWarning: Only one class is present in y_true. ROC AUC score is not defined in that case.
  warnings.warn(
/nas/home/jahin/.local/lib/python3.10/site-packages/sklearn/metrics/_ranking.py:1046: UserWarning: No positive class found in y_true, recall is set to one for all thresholds.
  warnings.warn(
AUROC test all: 0.6618242146874906, AUPR test all: 0.2656239123870055, AUROC test unknown: nan, AUPR test unknown: 0.0
Epoch: 166, Best AUROC test all: 0.6618242146874906, AUPR test all: 0.26588211138187906, AUROC test unknown: 0.0, AUPR test unknown: 0.0
pseudo_counter: Counter({0: 43519, -1: 2435})
max_probs: 0.02468709647655487， num of >0.5: 0
/nas/home/jahin/.local/lib/python3.10/site-packages/sklearn/metrics/_ranking.py:424: UndefinedMetricWarning: Only one class is present in y_true. ROC AUC score is not defined in that case.
  warnings.warn(
/nas/home/jahin/.local/lib/python3.10/site-packages/sklearn/metrics/_ranking.py:1046: UserWarning: No positive class found in y_true, recall is set to one for all thresholds.
  warnings.warn(
AUROC test all: 0.6615356170754768, AUPR test all: 0.26688499538597704, AUROC test unknown: nan, AUPR test unknown: 0.0
Epoch: 167, Best AUROC test all: 0.6618242146874906, AUPR test all: 0.26688499538597704, AUROC test unknown: 0.0, AUPR test unknown: 0.0
pseudo_counter: Counter({0: 43519, -1: 2435})
max_probs: 0.02523396909236908， num of >0.5: 0
/nas/home/jahin/.local/lib/python3.10/site-packages/sklearn/metrics/_ranking.py:424: UndefinedMetricWarning: Only one class is present in y_true. ROC AUC score is not defined in that case.
  warnings.warn(
/nas/home/jahin/.local/lib/python3.10/site-packages/sklearn/metrics/_ranking.py:1046: UserWarning: No positive class found in y_true, recall is set to one for all thresholds.
  warnings.warn(
AUROC test all: 0.6620390956137869, AUPR test all: 0.266008439919538, AUROC test unknown: nan, AUPR test unknown: 0.0
Epoch: 168, Best AUROC test all: 0.6620390956137869, AUPR test all: 0.26688499538597704, AUROC test unknown: 0.0, AUPR test unknown: 0.0
pseudo_counter: Counter({0: 43519, -1: 2435})
max_probs: 0.02520332857966423， num of >0.5: 0
/nas/home/jahin/.local/lib/python3.10/site-packages/sklearn/metrics/_ranking.py:424: UndefinedMetricWarning: Only one class is present in y_true. ROC AUC score is not defined in that case.
  warnings.warn(
/nas/home/jahin/.local/lib/python3.10/site-packages/sklearn/metrics/_ranking.py:1046: UserWarning: No positive class found in y_true, recall is set to one for all thresholds.
  warnings.warn(
AUROC test all: 0.6628517958498058, AUPR test all: 0.2661224503794075, AUROC test unknown: nan, AUPR test unknown: 0.0
Epoch: 169, Best AUROC test all: 0.6628517958498058, AUPR test all: 0.26688499538597704, AUROC test unknown: 0.0, AUPR test unknown: 0.0
pseudo_counter: Counter({0: 43519, -1: 2435})
max_probs: 0.0256595928221941， num of >0.5: 0
/nas/home/jahin/.local/lib/python3.10/site-packages/sklearn/metrics/_ranking.py:424: UndefinedMetricWarning: Only one class is present in y_true. ROC AUC score is not defined in that case.
  warnings.warn(
/nas/home/jahin/.local/lib/python3.10/site-packages/sklearn/metrics/_ranking.py:1046: UserWarning: No positive class found in y_true, recall is set to one for all thresholds.
  warnings.warn(
AUROC test all: 0.663392938439508, AUPR test all: 0.2678196383356711, AUROC test unknown: nan, AUPR test unknown: 0.0
Epoch: 170, Best AUROC test all: 0.663392938439508, AUPR test all: 0.2678196383356711, AUROC test unknown: 0.0, AUPR test unknown: 0.0
pseudo_counter: Counter({0: 43519, -1: 2435})
max_probs: 0.026157105341553688， num of >0.5: 0
/nas/home/jahin/.local/lib/python3.10/site-packages/sklearn/metrics/_ranking.py:424: UndefinedMetricWarning: Only one class is present in y_true. ROC AUC score is not defined in that case.
  warnings.warn(
/nas/home/jahin/.local/lib/python3.10/site-packages/sklearn/metrics/_ranking.py:1046: UserWarning: No positive class found in y_true, recall is set to one for all thresholds.
  warnings.warn(
AUROC test all: 0.6629238272190751, AUPR test all: 0.26610687171263075, AUROC test unknown: nan, AUPR test unknown: 0.0
Epoch: 171, Best AUROC test all: 0.663392938439508, AUPR test all: 0.2678196383356711, AUROC test unknown: 0.0, AUPR test unknown: 0.0
pseudo_counter: Counter({0: 43519, -1: 2435})
max_probs: 0.025504466146230698， num of >0.5: 0
/nas/home/jahin/.local/lib/python3.10/site-packages/sklearn/metrics/_ranking.py:424: UndefinedMetricWarning: Only one class is present in y_true. ROC AUC score is not defined in that case.
  warnings.warn(
/nas/home/jahin/.local/lib/python3.10/site-packages/sklearn/metrics/_ranking.py:1046: UserWarning: No positive class found in y_true, recall is set to one for all thresholds.
  warnings.warn(
AUROC test all: 0.6628093652883127, AUPR test all: 0.2684062694636403, AUROC test unknown: nan, AUPR test unknown: 0.0
Epoch: 172, Best AUROC test all: 0.663392938439508, AUPR test all: 0.2684062694636403, AUROC test unknown: 0.0, AUPR test unknown: 0.0
pseudo_counter: Counter({0: 43519, -1: 2435})
max_probs: 0.02697075717151165， num of >0.5: 0
/nas/home/jahin/.local/lib/python3.10/site-packages/sklearn/metrics/_ranking.py:424: UndefinedMetricWarning: Only one class is present in y_true. ROC AUC score is not defined in that case.
  warnings.warn(
/nas/home/jahin/.local/lib/python3.10/site-packages/sklearn/metrics/_ranking.py:1046: UserWarning: No positive class found in y_true, recall is set to one for all thresholds.
  warnings.warn(
AUROC test all: 0.663215407492233, AUPR test all: 0.26767768603798014, AUROC test unknown: nan, AUPR test unknown: 0.0
Epoch: 173, Best AUROC test all: 0.663392938439508, AUPR test all: 0.2684062694636403, AUROC test unknown: 0.0, AUPR test unknown: 0.0
pseudo_counter: Counter({0: 43519, -1: 2435})
max_probs: 0.02673155441880226， num of >0.5: 0
/nas/home/jahin/.local/lib/python3.10/site-packages/sklearn/metrics/_ranking.py:424: UndefinedMetricWarning: Only one class is present in y_true. ROC AUC score is not defined in that case.
  warnings.warn(
/nas/home/jahin/.local/lib/python3.10/site-packages/sklearn/metrics/_ranking.py:1046: UserWarning: No positive class found in y_true, recall is set to one for all thresholds.
  warnings.warn(
AUROC test all: 0.6620203662261205, AUPR test all: 0.26790090822757157, AUROC test unknown: nan, AUPR test unknown: 0.0
Epoch: 174, Best AUROC test all: 0.663392938439508, AUPR test all: 0.2684062694636403, AUROC test unknown: 0.0, AUPR test unknown: 0.0
pseudo_counter: Counter({0: 43519, -1: 2435})
max_probs: 0.026375146582722664， num of >0.5: 0
/nas/home/jahin/.local/lib/python3.10/site-packages/sklearn/metrics/_ranking.py:424: UndefinedMetricWarning: Only one class is present in y_true. ROC AUC score is not defined in that case.
  warnings.warn(
/nas/home/jahin/.local/lib/python3.10/site-packages/sklearn/metrics/_ranking.py:1046: UserWarning: No positive class found in y_true, recall is set to one for all thresholds.
  warnings.warn(
AUROC test all: 0.6628346204019097, AUPR test all: 0.26699061690924125, AUROC test unknown: nan, AUPR test unknown: 0.0
Epoch: 175, Best AUROC test all: 0.663392938439508, AUPR test all: 0.2684062694636403, AUROC test unknown: 0.0, AUPR test unknown: 0.0
pseudo_counter: Counter({0: 43519, -1: 2435})
max_probs: 0.027811184525489807， num of >0.5: 0
/nas/home/jahin/.local/lib/python3.10/site-packages/sklearn/metrics/_ranking.py:424: UndefinedMetricWarning: Only one class is present in y_true. ROC AUC score is not defined in that case.
  warnings.warn(
/nas/home/jahin/.local/lib/python3.10/site-packages/sklearn/metrics/_ranking.py:1046: UserWarning: No positive class found in y_true, recall is set to one for all thresholds.
  warnings.warn(
AUROC test all: 0.6645800929994155, AUPR test all: 0.26895345244623536, AUROC test unknown: nan, AUPR test unknown: 0.0
Epoch: 176, Best AUROC test all: 0.6645800929994155, AUPR test all: 0.26895345244623536, AUROC test unknown: 0.0, AUPR test unknown: 0.0
pseudo_counter: Counter({0: 43519, -1: 2435})
max_probs: 0.026599623262882233， num of >0.5: 0
/nas/home/jahin/.local/lib/python3.10/site-packages/sklearn/metrics/_ranking.py:424: UndefinedMetricWarning: Only one class is present in y_true. ROC AUC score is not defined in that case.
  warnings.warn(
/nas/home/jahin/.local/lib/python3.10/site-packages/sklearn/metrics/_ranking.py:1046: UserWarning: No positive class found in y_true, recall is set to one for all thresholds.
  warnings.warn(
AUROC test all: 0.6650116489647677, AUPR test all: 0.2695395383698198, AUROC test unknown: nan, AUPR test unknown: 0.0
Epoch: 177, Best AUROC test all: 0.6650116489647677, AUPR test all: 0.2695395383698198, AUROC test unknown: 0.0, AUPR test unknown: 0.0
pseudo_counter: Counter({0: 43519, -1: 2435})
max_probs: 0.0264910701662302， num of >0.5: 0
/nas/home/jahin/.local/lib/python3.10/site-packages/sklearn/metrics/_ranking.py:424: UndefinedMetricWarning: Only one class is present in y_true. ROC AUC score is not defined in that case.
  warnings.warn(
/nas/home/jahin/.local/lib/python3.10/site-packages/sklearn/metrics/_ranking.py:1046: UserWarning: No positive class found in y_true, recall is set to one for all thresholds.
  warnings.warn(
AUROC test all: 0.6652913375958005, AUPR test all: 0.26890004279328034, AUROC test unknown: nan, AUPR test unknown: 0.0
Epoch: 178, Best AUROC test all: 0.6652913375958005, AUPR test all: 0.2695395383698198, AUROC test unknown: 0.0, AUPR test unknown: 0.0
pseudo_counter: Counter({0: 43519, -1: 2435})
max_probs: 0.027390649542212486， num of >0.5: 0
/nas/home/jahin/.local/lib/python3.10/site-packages/sklearn/metrics/_ranking.py:424: UndefinedMetricWarning: Only one class is present in y_true. ROC AUC score is not defined in that case.
  warnings.warn(
/nas/home/jahin/.local/lib/python3.10/site-packages/sklearn/metrics/_ranking.py:1046: UserWarning: No positive class found in y_true, recall is set to one for all thresholds.
  warnings.warn(
AUROC test all: 0.6643801787506155, AUPR test all: 0.26886159692784495, AUROC test unknown: nan, AUPR test unknown: 0.0
Epoch: 179, Best AUROC test all: 0.6652913375958005, AUPR test all: 0.2695395383698198, AUROC test unknown: 0.0, AUPR test unknown: 0.0
pseudo_counter: Counter({0: 43519, -1: 2435})
max_probs: 0.027622200548648834， num of >0.5: 0
/nas/home/jahin/.local/lib/python3.10/site-packages/sklearn/metrics/_ranking.py:424: UndefinedMetricWarning: Only one class is present in y_true. ROC AUC score is not defined in that case.
  warnings.warn(
/nas/home/jahin/.local/lib/python3.10/site-packages/sklearn/metrics/_ranking.py:1046: UserWarning: No positive class found in y_true, recall is set to one for all thresholds.
  warnings.warn(
AUROC test all: 0.6645972663945511, AUPR test all: 0.2683461542803137, AUROC test unknown: nan, AUPR test unknown: 0.0
Epoch: 180, Best AUROC test all: 0.6652913375958005, AUPR test all: 0.2695395383698198, AUROC test unknown: 0.0, AUPR test unknown: 0.0
pseudo_counter: Counter({0: 43519, -1: 2435})
max_probs: 0.028122644871473312， num of >0.5: 0
/nas/home/jahin/.local/lib/python3.10/site-packages/sklearn/metrics/_ranking.py:424: UndefinedMetricWarning: Only one class is present in y_true. ROC AUC score is not defined in that case.
  warnings.warn(
/nas/home/jahin/.local/lib/python3.10/site-packages/sklearn/metrics/_ranking.py:1046: UserWarning: No positive class found in y_true, recall is set to one for all thresholds.
  warnings.warn(
AUROC test all: 0.6651844010853782, AUPR test all: 0.268653530678168, AUROC test unknown: nan, AUPR test unknown: 0.0
Epoch: 181, Best AUROC test all: 0.6652913375958005, AUPR test all: 0.2695395383698198, AUROC test unknown: 0.0, AUPR test unknown: 0.0
pseudo_counter: Counter({0: 43519, -1: 2435})
max_probs: 0.028026288375258446， num of >0.5: 0
/nas/home/jahin/.local/lib/python3.10/site-packages/sklearn/metrics/_ranking.py:424: UndefinedMetricWarning: Only one class is present in y_true. ROC AUC score is not defined in that case.
  warnings.warn(
/nas/home/jahin/.local/lib/python3.10/site-packages/sklearn/metrics/_ranking.py:1046: UserWarning: No positive class found in y_true, recall is set to one for all thresholds.
  warnings.warn(
AUROC test all: 0.6640202641300195, AUPR test all: 0.26757014341612034, AUROC test unknown: nan, AUPR test unknown: 0.0
Epoch: 182, Best AUROC test all: 0.6652913375958005, AUPR test all: 0.2695395383698198, AUROC test unknown: 0.0, AUPR test unknown: 0.0
pseudo_counter: Counter({0: 43519, -1: 2435})
max_probs: 0.028668181970715523， num of >0.5: 0
/nas/home/jahin/.local/lib/python3.10/site-packages/sklearn/metrics/_ranking.py:424: UndefinedMetricWarning: Only one class is present in y_true. ROC AUC score is not defined in that case.
  warnings.warn(
/nas/home/jahin/.local/lib/python3.10/site-packages/sklearn/metrics/_ranking.py:1046: UserWarning: No positive class found in y_true, recall is set to one for all thresholds.
  warnings.warn(
AUROC test all: 0.6651834444989411, AUPR test all: 0.2709337893442859, AUROC test unknown: nan, AUPR test unknown: 0.0
Epoch: 183, Best AUROC test all: 0.6652913375958005, AUPR test all: 0.2709337893442859, AUROC test unknown: 0.0, AUPR test unknown: 0.0
pseudo_counter: Counter({0: 43519, -1: 2435})
max_probs: 0.027647733688354492， num of >0.5: 0
/nas/home/jahin/.local/lib/python3.10/site-packages/sklearn/metrics/_ranking.py:424: UndefinedMetricWarning: Only one class is present in y_true. ROC AUC score is not defined in that case.
  warnings.warn(
/nas/home/jahin/.local/lib/python3.10/site-packages/sklearn/metrics/_ranking.py:1046: UserWarning: No positive class found in y_true, recall is set to one for all thresholds.
  warnings.warn(
AUROC test all: 0.6661969190904493, AUPR test all: 0.27125672711003973, AUROC test unknown: nan, AUPR test unknown: 0.0
Epoch: 184, Best AUROC test all: 0.6661969190904493, AUPR test all: 0.27125672711003973, AUROC test unknown: 0.0, AUPR test unknown: 0.0
pseudo_counter: Counter({0: 43519, -1: 2435})
max_probs: 0.02854340523481369， num of >0.5: 0
/nas/home/jahin/.local/lib/python3.10/site-packages/sklearn/metrics/_ranking.py:424: UndefinedMetricWarning: Only one class is present in y_true. ROC AUC score is not defined in that case.
  warnings.warn(
/nas/home/jahin/.local/lib/python3.10/site-packages/sklearn/metrics/_ranking.py:1046: UserWarning: No positive class found in y_true, recall is set to one for all thresholds.
  warnings.warn(
AUROC test all: 0.6659878597931999, AUPR test all: 0.2718822840366859, AUROC test unknown: nan, AUPR test unknown: 0.0
Epoch: 185, Best AUROC test all: 0.6661969190904493, AUPR test all: 0.2718822840366859, AUROC test unknown: 0.0, AUPR test unknown: 0.0
pseudo_counter: Counter({0: 43519, -1: 2435})
max_probs: 0.028114818036556244， num of >0.5: 0
/nas/home/jahin/.local/lib/python3.10/site-packages/sklearn/metrics/_ranking.py:424: UndefinedMetricWarning: Only one class is present in y_true. ROC AUC score is not defined in that case.
  warnings.warn(
/nas/home/jahin/.local/lib/python3.10/site-packages/sklearn/metrics/_ranking.py:1046: UserWarning: No positive class found in y_true, recall is set to one for all thresholds.
  warnings.warn(
AUROC test all: 0.6662350080632846, AUPR test all: 0.27099829690401034, AUROC test unknown: nan, AUPR test unknown: 0.0
Epoch: 186, Best AUROC test all: 0.6662350080632846, AUPR test all: 0.2718822840366859, AUROC test unknown: 0.0, AUPR test unknown: 0.0
pseudo_counter: Counter({0: 43519, -1: 2435})
max_probs: 0.030880382284522057， num of >0.5: 0
/nas/home/jahin/.local/lib/python3.10/site-packages/sklearn/metrics/_ranking.py:424: UndefinedMetricWarning: Only one class is present in y_true. ROC AUC score is not defined in that case.
  warnings.warn(
/nas/home/jahin/.local/lib/python3.10/site-packages/sklearn/metrics/_ranking.py:1046: UserWarning: No positive class found in y_true, recall is set to one for all thresholds.
  warnings.warn(
AUROC test all: 0.6669425905347686, AUPR test all: 0.2707845199176189, AUROC test unknown: nan, AUPR test unknown: 0.0
Epoch: 187, Best AUROC test all: 0.6669425905347686, AUPR test all: 0.2718822840366859, AUROC test unknown: 0.0, AUPR test unknown: 0.0
pseudo_counter: Counter({0: 43519, -1: 2435})
max_probs: 0.03128710016608238， num of >0.5: 0
/nas/home/jahin/.local/lib/python3.10/site-packages/sklearn/metrics/_ranking.py:424: UndefinedMetricWarning: Only one class is present in y_true. ROC AUC score is not defined in that case.
  warnings.warn(
/nas/home/jahin/.local/lib/python3.10/site-packages/sklearn/metrics/_ranking.py:1046: UserWarning: No positive class found in y_true, recall is set to one for all thresholds.
  warnings.warn(
AUROC test all: 0.6660016338167905, AUPR test all: 0.2704067035636035, AUROC test unknown: nan, AUPR test unknown: 0.0
Epoch: 188, Best AUROC test all: 0.6669425905347686, AUPR test all: 0.2718822840366859, AUROC test unknown: 0.0, AUPR test unknown: 0.0
pseudo_counter: Counter({0: 43519, -1: 2435})
max_probs: 0.028405072167515755， num of >0.5: 0
/nas/home/jahin/.local/lib/python3.10/site-packages/sklearn/metrics/_ranking.py:424: UndefinedMetricWarning: Only one class is present in y_true. ROC AUC score is not defined in that case.
  warnings.warn(
/nas/home/jahin/.local/lib/python3.10/site-packages/sklearn/metrics/_ranking.py:1046: UserWarning: No positive class found in y_true, recall is set to one for all thresholds.
  warnings.warn(
AUROC test all: 0.6658054761198788, AUPR test all: 0.2693054025281006, AUROC test unknown: nan, AUPR test unknown: 0.0
Epoch: 189, Best AUROC test all: 0.6669425905347686, AUPR test all: 0.2718822840366859, AUROC test unknown: 0.0, AUPR test unknown: 0.0
pseudo_counter: Counter({0: 43519, -1: 2435})
max_probs: 0.029404407367110252， num of >0.5: 0
/nas/home/jahin/.local/lib/python3.10/site-packages/sklearn/metrics/_ranking.py:424: UndefinedMetricWarning: Only one class is present in y_true. ROC AUC score is not defined in that case.
  warnings.warn(
/nas/home/jahin/.local/lib/python3.10/site-packages/sklearn/metrics/_ranking.py:1046: UserWarning: No positive class found in y_true, recall is set to one for all thresholds.
  warnings.warn(
AUROC test all: 0.6671489832960056, AUPR test all: 0.27140148909636075, AUROC test unknown: nan, AUPR test unknown: 0.0
Epoch: 190, Best AUROC test all: 0.6671489832960056, AUPR test all: 0.2718822840366859, AUROC test unknown: 0.0, AUPR test unknown: 0.0
pseudo_counter: Counter({0: 43519, -1: 2435})
max_probs: 0.02956925332546234， num of >0.5: 0
/nas/home/jahin/.local/lib/python3.10/site-packages/sklearn/metrics/_ranking.py:424: UndefinedMetricWarning: Only one class is present in y_true. ROC AUC score is not defined in that case.
  warnings.warn(
/nas/home/jahin/.local/lib/python3.10/site-packages/sklearn/metrics/_ranking.py:1046: UserWarning: No positive class found in y_true, recall is set to one for all thresholds.
  warnings.warn(
AUROC test all: 0.6669614944070854, AUPR test all: 0.2728756681306836, AUROC test unknown: nan, AUPR test unknown: 0.0
Epoch: 191, Best AUROC test all: 0.6671489832960056, AUPR test all: 0.2728756681306836, AUROC test unknown: 0.0, AUPR test unknown: 0.0
pseudo_counter: Counter({0: 43519, -1: 2435})
max_probs: 0.031822569668293， num of >0.5: 0
/nas/home/jahin/.local/lib/python3.10/site-packages/sklearn/metrics/_ranking.py:424: UndefinedMetricWarning: Only one class is present in y_true. ROC AUC score is not defined in that case.
  warnings.warn(
/nas/home/jahin/.local/lib/python3.10/site-packages/sklearn/metrics/_ranking.py:1046: UserWarning: No positive class found in y_true, recall is set to one for all thresholds.
  warnings.warn(
AUROC test all: 0.6667542025367079, AUPR test all: 0.2698382369094896, AUROC test unknown: nan, AUPR test unknown: 0.0
Epoch: 192, Best AUROC test all: 0.6671489832960056, AUPR test all: 0.2728756681306836, AUROC test unknown: 0.0, AUPR test unknown: 0.0
pseudo_counter: Counter({0: 43519, -1: 2435})
max_probs: 0.03065318986773491， num of >0.5: 0
/nas/home/jahin/.local/lib/python3.10/site-packages/sklearn/metrics/_ranking.py:424: UndefinedMetricWarning: Only one class is present in y_true. ROC AUC score is not defined in that case.
  warnings.warn(
/nas/home/jahin/.local/lib/python3.10/site-packages/sklearn/metrics/_ranking.py:1046: UserWarning: No positive class found in y_true, recall is set to one for all thresholds.
  warnings.warn(
AUROC test all: 0.667000250527114, AUPR test all: 0.2703485172235363, AUROC test unknown: nan, AUPR test unknown: 0.0
Epoch: 193, Best AUROC test all: 0.6671489832960056, AUPR test all: 0.2728756681306836, AUROC test unknown: 0.0, AUPR test unknown: 0.0
pseudo_counter: Counter({0: 43519, -1: 2435})
max_probs: 0.029685629531741142， num of >0.5: 0
/nas/home/jahin/.local/lib/python3.10/site-packages/sklearn/metrics/_ranking.py:424: UndefinedMetricWarning: Only one class is present in y_true. ROC AUC score is not defined in that case.
  warnings.warn(
/nas/home/jahin/.local/lib/python3.10/site-packages/sklearn/metrics/_ranking.py:1046: UserWarning: No positive class found in y_true, recall is set to one for all thresholds.
  warnings.warn(
AUROC test all: 0.6665220045220346, AUPR test all: 0.2716180146908681, AUROC test unknown: nan, AUPR test unknown: 0.0
Epoch: 194, Best AUROC test all: 0.6671489832960056, AUPR test all: 0.2728756681306836, AUROC test unknown: 0.0, AUPR test unknown: 0.0
pseudo_counter: Counter({0: 43519, -1: 2435})
max_probs: 0.03067697398364544， num of >0.5: 0
/nas/home/jahin/.local/lib/python3.10/site-packages/sklearn/metrics/_ranking.py:424: UndefinedMetricWarning: Only one class is present in y_true. ROC AUC score is not defined in that case.
  warnings.warn(
/nas/home/jahin/.local/lib/python3.10/site-packages/sklearn/metrics/_ranking.py:1046: UserWarning: No positive class found in y_true, recall is set to one for all thresholds.
  warnings.warn(
AUROC test all: 0.6673561766338745, AUPR test all: 0.27043908873324907, AUROC test unknown: nan, AUPR test unknown: 0.0
Epoch: 195, Best AUROC test all: 0.6673561766338745, AUPR test all: 0.2728756681306836, AUROC test unknown: 0.0, AUPR test unknown: 0.0
pseudo_counter: Counter({0: 43519, -1: 2435})
max_probs: 0.03127295523881912， num of >0.5: 0
/nas/home/jahin/.local/lib/python3.10/site-packages/sklearn/metrics/_ranking.py:424: UndefinedMetricWarning: Only one class is present in y_true. ROC AUC score is not defined in that case.
  warnings.warn(
/nas/home/jahin/.local/lib/python3.10/site-packages/sklearn/metrics/_ranking.py:1046: UserWarning: No positive class found in y_true, recall is set to one for all thresholds.
  warnings.warn(
AUROC test all: 0.6668336710576119, AUPR test all: 0.27031362715405416, AUROC test unknown: nan, AUPR test unknown: 0.0
Epoch: 196, Best AUROC test all: 0.6673561766338745, AUPR test all: 0.2728756681306836, AUROC test unknown: 0.0, AUPR test unknown: 0.0
pseudo_counter: Counter({0: 43519, -1: 2435})
max_probs: 0.03319289907813072， num of >0.5: 0
/nas/home/jahin/.local/lib/python3.10/site-packages/sklearn/metrics/_ranking.py:424: UndefinedMetricWarning: Only one class is present in y_true. ROC AUC score is not defined in that case.
  warnings.warn(
/nas/home/jahin/.local/lib/python3.10/site-packages/sklearn/metrics/_ranking.py:1046: UserWarning: No positive class found in y_true, recall is set to one for all thresholds.
  warnings.warn(
AUROC test all: 0.6673994590910144, AUPR test all: 0.27223683990051284, AUROC test unknown: nan, AUPR test unknown: 0.0
Epoch: 197, Best AUROC test all: 0.6673994590910144, AUPR test all: 0.2728756681306836, AUROC test unknown: 0.0, AUPR test unknown: 0.0
pseudo_counter: Counter({0: 43519, -1: 2435})
max_probs: 0.031641505658626556， num of >0.5: 0
/nas/home/jahin/.local/lib/python3.10/site-packages/sklearn/metrics/_ranking.py:424: UndefinedMetricWarning: Only one class is present in y_true. ROC AUC score is not defined in that case.
  warnings.warn(
/nas/home/jahin/.local/lib/python3.10/site-packages/sklearn/metrics/_ranking.py:1046: UserWarning: No positive class found in y_true, recall is set to one for all thresholds.
  warnings.warn(
AUROC test all: 0.6671749137678382, AUPR test all: 0.2715363313403535, AUROC test unknown: nan, AUPR test unknown: 0.0
Epoch: 198, Best AUROC test all: 0.6673994590910144, AUPR test all: 0.2728756681306836, AUROC test unknown: 0.0, AUPR test unknown: 0.0
pseudo_counter: Counter({0: 43519, -1: 2435})
max_probs: 0.03277608007192612， num of >0.5: 0
/nas/home/jahin/.local/lib/python3.10/site-packages/sklearn/metrics/_ranking.py:424: UndefinedMetricWarning: Only one class is present in y_true. ROC AUC score is not defined in that case.
  warnings.warn(
/nas/home/jahin/.local/lib/python3.10/site-packages/sklearn/metrics/_ranking.py:1046: UserWarning: No positive class found in y_true, recall is set to one for all thresholds.
  warnings.warn(
AUROC test all: 0.6669178917192927, AUPR test all: 0.27242222419602635, AUROC test unknown: nan, AUPR test unknown: 0.0
Epoch: 199, Best AUROC test all: 0.6673994590910144, AUPR test all: 0.2728756681306836, AUROC test unknown: 0.0, AUPR test unknown: 0.0
pseudo_counter: Counter({0: 43519, -1: 2435})
max_probs: 0.03352125734090805， num of >0.5: 0
/nas/home/jahin/.local/lib/python3.10/site-packages/sklearn/metrics/_ranking.py:424: UndefinedMetricWarning: Only one class is present in y_true. ROC AUC score is not defined in that case.
  warnings.warn(
/nas/home/jahin/.local/lib/python3.10/site-packages/sklearn/metrics/_ranking.py:1046: UserWarning: No positive class found in y_true, recall is set to one for all thresholds.
  warnings.warn(
AUROC test all: 0.6673770326815169, AUPR test all: 0.2726479449323441, AUROC test unknown: nan, AUPR test unknown: 0.0
Epoch: 200, Best AUROC test all: 0.6673994590910144, AUPR test all: 0.2728756681306836, AUROC test unknown: 0.0, AUPR test unknown: 0.0
pseudo_counter: Counter({0: 43519, -1: 2435})
max_probs: 0.03231009095907211， num of >0.5: 0
/nas/home/jahin/.local/lib/python3.10/site-packages/sklearn/metrics/_ranking.py:424: UndefinedMetricWarning: Only one class is present in y_true. ROC AUC score is not defined in that case.
  warnings.warn(
/nas/home/jahin/.local/lib/python3.10/site-packages/sklearn/metrics/_ranking.py:1046: UserWarning: No positive class found in y_true, recall is set to one for all thresholds.
  warnings.warn(
AUROC test all: 0.6669969435297959, AUPR test all: 0.2706005393798197, AUROC test unknown: nan, AUPR test unknown: 0.0
Epoch: 201, Best AUROC test all: 0.6673994590910144, AUPR test all: 0.2728756681306836, AUROC test unknown: 0.0, AUPR test unknown: 0.0
pseudo_counter: Counter({0: 43519, -1: 2435})
max_probs: 0.03323369473218918， num of >0.5: 0
/nas/home/jahin/.local/lib/python3.10/site-packages/sklearn/metrics/_ranking.py:424: UndefinedMetricWarning: Only one class is present in y_true. ROC AUC score is not defined in that case.
  warnings.warn(
/nas/home/jahin/.local/lib/python3.10/site-packages/sklearn/metrics/_ranking.py:1046: UserWarning: No positive class found in y_true, recall is set to one for all thresholds.
  warnings.warn(
AUROC test all: 0.6679348785841785, AUPR test all: 0.27204330831824275, AUROC test unknown: nan, AUPR test unknown: 0.0
Epoch: 202, Best AUROC test all: 0.6679348785841785, AUPR test all: 0.2728756681306836, AUROC test unknown: 0.0, AUPR test unknown: 0.0
pseudo_counter: Counter({0: 43519, -1: 2435})
max_probs: 0.031404025852680206， num of >0.5: 0
/nas/home/jahin/.local/lib/python3.10/site-packages/sklearn/metrics/_ranking.py:424: UndefinedMetricWarning: Only one class is present in y_true. ROC AUC score is not defined in that case.
  warnings.warn(
/nas/home/jahin/.local/lib/python3.10/site-packages/sklearn/metrics/_ranking.py:1046: UserWarning: No positive class found in y_true, recall is set to one for all thresholds.
  warnings.warn(
AUROC test all: 0.667423369646422, AUPR test all: 0.2719562306867503, AUROC test unknown: nan, AUPR test unknown: 0.0
Epoch: 203, Best AUROC test all: 0.6679348785841785, AUPR test all: 0.2728756681306836, AUROC test unknown: 0.0, AUPR test unknown: 0.0
pseudo_counter: Counter({0: 43519, -1: 2435})
max_probs: 0.036220621317625046， num of >0.5: 0
/nas/home/jahin/.local/lib/python3.10/site-packages/sklearn/metrics/_ranking.py:424: UndefinedMetricWarning: Only one class is present in y_true. ROC AUC score is not defined in that case.
  warnings.warn(
/nas/home/jahin/.local/lib/python3.10/site-packages/sklearn/metrics/_ranking.py:1046: UserWarning: No positive class found in y_true, recall is set to one for all thresholds.
  warnings.warn(
AUROC test all: 0.6693175585907345, AUPR test all: 0.27218181942483805, AUROC test unknown: nan, AUPR test unknown: 0.0
Epoch: 204, Best AUROC test all: 0.6693175585907345, AUPR test all: 0.2728756681306836, AUROC test unknown: 0.0, AUPR test unknown: 0.0
pseudo_counter: Counter({0: 43519, -1: 2435})
max_probs: 0.033369190990924835， num of >0.5: 0
/nas/home/jahin/.local/lib/python3.10/site-packages/sklearn/metrics/_ranking.py:424: UndefinedMetricWarning: Only one class is present in y_true. ROC AUC score is not defined in that case.
  warnings.warn(
/nas/home/jahin/.local/lib/python3.10/site-packages/sklearn/metrics/_ranking.py:1046: UserWarning: No positive class found in y_true, recall is set to one for all thresholds.
  warnings.warn(
AUROC test all: 0.670013918620047, AUPR test all: 0.2735266663204625, AUROC test unknown: nan, AUPR test unknown: 0.0
Epoch: 205, Best AUROC test all: 0.670013918620047, AUPR test all: 0.2735266663204625, AUROC test unknown: 0.0, AUPR test unknown: 0.0
pseudo_counter: Counter({0: 43519, -1: 2435})
max_probs: 0.035397425293922424， num of >0.5: 0
/nas/home/jahin/.local/lib/python3.10/site-packages/sklearn/metrics/_ranking.py:424: UndefinedMetricWarning: Only one class is present in y_true. ROC AUC score is not defined in that case.
  warnings.warn(
/nas/home/jahin/.local/lib/python3.10/site-packages/sklearn/metrics/_ranking.py:1046: UserWarning: No positive class found in y_true, recall is set to one for all thresholds.
  warnings.warn(
AUROC test all: 0.6682449727051403, AUPR test all: 0.2721309501600434, AUROC test unknown: nan, AUPR test unknown: 0.0
Epoch: 206, Best AUROC test all: 0.670013918620047, AUPR test all: 0.2735266663204625, AUROC test unknown: 0.0, AUPR test unknown: 0.0
pseudo_counter: Counter({0: 43519, -1: 2435})
max_probs: 0.03768083453178406， num of >0.5: 0
/nas/home/jahin/.local/lib/python3.10/site-packages/sklearn/metrics/_ranking.py:424: UndefinedMetricWarning: Only one class is present in y_true. ROC AUC score is not defined in that case.
  warnings.warn(
/nas/home/jahin/.local/lib/python3.10/site-packages/sklearn/metrics/_ranking.py:1046: UserWarning: No positive class found in y_true, recall is set to one for all thresholds.
  warnings.warn(
AUROC test all: 0.668744881492776, AUPR test all: 0.27265848652133645, AUROC test unknown: nan, AUPR test unknown: 0.0
Epoch: 207, Best AUROC test all: 0.670013918620047, AUPR test all: 0.2735266663204625, AUROC test unknown: 0.0, AUPR test unknown: 0.0
pseudo_counter: Counter({0: 43519, -1: 2435})
max_probs: 0.03409949317574501， num of >0.5: 0
/nas/home/jahin/.local/lib/python3.10/site-packages/sklearn/metrics/_ranking.py:424: UndefinedMetricWarning: Only one class is present in y_true. ROC AUC score is not defined in that case.
  warnings.warn(
/nas/home/jahin/.local/lib/python3.10/site-packages/sklearn/metrics/_ranking.py:1046: UserWarning: No positive class found in y_true, recall is set to one for all thresholds.
  warnings.warn(
AUROC test all: 0.6698545669205989, AUPR test all: 0.27329380017386395, AUROC test unknown: nan, AUPR test unknown: 0.0
Epoch: 208, Best AUROC test all: 0.670013918620047, AUPR test all: 0.2735266663204625, AUROC test unknown: 0.0, AUPR test unknown: 0.0
pseudo_counter: Counter({0: 43519, -1: 2435})
max_probs: 0.03670885041356087， num of >0.5: 0
/nas/home/jahin/.local/lib/python3.10/site-packages/sklearn/metrics/_ranking.py:424: UndefinedMetricWarning: Only one class is present in y_true. ROC AUC score is not defined in that case.
  warnings.warn(
/nas/home/jahin/.local/lib/python3.10/site-packages/sklearn/metrics/_ranking.py:1046: UserWarning: No positive class found in y_true, recall is set to one for all thresholds.
  warnings.warn(
AUROC test all: 0.6690760389902004, AUPR test all: 0.27287184732498426, AUROC test unknown: nan, AUPR test unknown: 0.0
Epoch: 209, Best AUROC test all: 0.670013918620047, AUPR test all: 0.2735266663204625, AUROC test unknown: 0.0, AUPR test unknown: 0.0
pseudo_counter: Counter({0: 43519, -1: 2435})
max_probs: 0.036497924476861954， num of >0.5: 0
/nas/home/jahin/.local/lib/python3.10/site-packages/sklearn/metrics/_ranking.py:424: UndefinedMetricWarning: Only one class is present in y_true. ROC AUC score is not defined in that case.
  warnings.warn(
/nas/home/jahin/.local/lib/python3.10/site-packages/sklearn/metrics/_ranking.py:1046: UserWarning: No positive class found in y_true, recall is set to one for all thresholds.
  warnings.warn(
AUROC test all: 0.6697564305948465, AUPR test all: 0.2739259133521014, AUROC test unknown: nan, AUPR test unknown: 0.0
Epoch: 210, Best AUROC test all: 0.670013918620047, AUPR test all: 0.2739259133521014, AUROC test unknown: 0.0, AUPR test unknown: 0.0
pseudo_counter: Counter({0: 43519, -1: 2435})
max_probs: 0.03653043508529663， num of >0.5: 0
/nas/home/jahin/.local/lib/python3.10/site-packages/sklearn/metrics/_ranking.py:424: UndefinedMetricWarning: Only one class is present in y_true. ROC AUC score is not defined in that case.
  warnings.warn(
/nas/home/jahin/.local/lib/python3.10/site-packages/sklearn/metrics/_ranking.py:1046: UserWarning: No positive class found in y_true, recall is set to one for all thresholds.
  warnings.warn(
AUROC test all: 0.669578045699164, AUPR test all: 0.27242895686108787, AUROC test unknown: nan, AUPR test unknown: 0.0
Epoch: 211, Best AUROC test all: 0.670013918620047, AUPR test all: 0.2739259133521014, AUROC test unknown: 0.0, AUPR test unknown: 0.0
pseudo_counter: Counter({0: 43519, -1: 2435})
max_probs: 0.03530580922961235， num of >0.5: 0
/nas/home/jahin/.local/lib/python3.10/site-packages/sklearn/metrics/_ranking.py:424: UndefinedMetricWarning: Only one class is present in y_true. ROC AUC score is not defined in that case.
  warnings.warn(
/nas/home/jahin/.local/lib/python3.10/site-packages/sklearn/metrics/_ranking.py:1046: UserWarning: No positive class found in y_true, recall is set to one for all thresholds.
  warnings.warn(
AUROC test all: 0.6702950400779747, AUPR test all: 0.2732719692231215, AUROC test unknown: nan, AUPR test unknown: 0.0
Epoch: 212, Best AUROC test all: 0.6702950400779747, AUPR test all: 0.2739259133521014, AUROC test unknown: 0.0, AUPR test unknown: 0.0
pseudo_counter: Counter({0: 43519, -1: 2435})
max_probs: 0.03498968854546547， num of >0.5: 0
/nas/home/jahin/.local/lib/python3.10/site-packages/sklearn/metrics/_ranking.py:424: UndefinedMetricWarning: Only one class is present in y_true. ROC AUC score is not defined in that case.
  warnings.warn(
/nas/home/jahin/.local/lib/python3.10/site-packages/sklearn/metrics/_ranking.py:1046: UserWarning: No positive class found in y_true, recall is set to one for all thresholds.
  warnings.warn(
AUROC test all: 0.6703873896716106, AUPR test all: 0.2737458615406596, AUROC test unknown: nan, AUPR test unknown: 0.0
Epoch: 213, Best AUROC test all: 0.6703873896716106, AUPR test all: 0.2739259133521014, AUROC test unknown: 0.0, AUPR test unknown: 0.0
pseudo_counter: Counter({0: 43519, -1: 2435})
max_probs: 0.04067084565758705， num of >0.5: 0
/nas/home/jahin/.local/lib/python3.10/site-packages/sklearn/metrics/_ranking.py:424: UndefinedMetricWarning: Only one class is present in y_true. ROC AUC score is not defined in that case.
  warnings.warn(
/nas/home/jahin/.local/lib/python3.10/site-packages/sklearn/metrics/_ranking.py:1046: UserWarning: No positive class found in y_true, recall is set to one for all thresholds.
  warnings.warn(
AUROC test all: 0.6709255167559991, AUPR test all: 0.27400322374665237, AUROC test unknown: nan, AUPR test unknown: 0.0
Epoch: 214, Best AUROC test all: 0.6709255167559991, AUPR test all: 0.27400322374665237, AUROC test unknown: 0.0, AUPR test unknown: 0.0
pseudo_counter: Counter({0: 43519, -1: 2435})
max_probs: 0.03681535646319389， num of >0.5: 0
/nas/home/jahin/.local/lib/python3.10/site-packages/sklearn/metrics/_ranking.py:424: UndefinedMetricWarning: Only one class is present in y_true. ROC AUC score is not defined in that case.
  warnings.warn(
/nas/home/jahin/.local/lib/python3.10/site-packages/sklearn/metrics/_ranking.py:1046: UserWarning: No positive class found in y_true, recall is set to one for all thresholds.
  warnings.warn(
AUROC test all: 0.670666749860948, AUPR test all: 0.27445450819137324, AUROC test unknown: nan, AUPR test unknown: 0.0
Epoch: 215, Best AUROC test all: 0.6709255167559991, AUPR test all: 0.27445450819137324, AUROC test unknown: 0.0, AUPR test unknown: 0.0
pseudo_counter: Counter({0: 43519, -1: 2435})
max_probs: 0.037910640239715576， num of >0.5: 0
/nas/home/jahin/.local/lib/python3.10/site-packages/sklearn/metrics/_ranking.py:424: UndefinedMetricWarning: Only one class is present in y_true. ROC AUC score is not defined in that case.
  warnings.warn(
/nas/home/jahin/.local/lib/python3.10/site-packages/sklearn/metrics/_ranking.py:1046: UserWarning: No positive class found in y_true, recall is set to one for all thresholds.
  warnings.warn(
AUROC test all: 0.6710918930022024, AUPR test all: 0.27351335816294586, AUROC test unknown: nan, AUPR test unknown: 0.0
Epoch: 216, Best AUROC test all: 0.6710918930022024, AUPR test all: 0.27445450819137324, AUROC test unknown: 0.0, AUPR test unknown: 0.0
pseudo_counter: Counter({0: 43519, -1: 2435})
max_probs: 0.037471428513526917， num of >0.5: 0
/nas/home/jahin/.local/lib/python3.10/site-packages/sklearn/metrics/_ranking.py:424: UndefinedMetricWarning: Only one class is present in y_true. ROC AUC score is not defined in that case.
  warnings.warn(
/nas/home/jahin/.local/lib/python3.10/site-packages/sklearn/metrics/_ranking.py:1046: UserWarning: No positive class found in y_true, recall is set to one for all thresholds.
  warnings.warn(
AUROC test all: 0.6709520507394466, AUPR test all: 0.27478159504273664, AUROC test unknown: nan, AUPR test unknown: 0.0
Epoch: 217, Best AUROC test all: 0.6710918930022024, AUPR test all: 0.27478159504273664, AUROC test unknown: 0.0, AUPR test unknown: 0.0
pseudo_counter: Counter({0: 43519, -1: 2435})
max_probs: 0.038041383028030396， num of >0.5: 0
/nas/home/jahin/.local/lib/python3.10/site-packages/sklearn/metrics/_ranking.py:424: UndefinedMetricWarning: Only one class is present in y_true. ROC AUC score is not defined in that case.
  warnings.warn(
/nas/home/jahin/.local/lib/python3.10/site-packages/sklearn/metrics/_ranking.py:1046: UserWarning: No positive class found in y_true, recall is set to one for all thresholds.
  warnings.warn(
AUROC test all: 0.6721561590491061, AUPR test all: 0.27644375820081357, AUROC test unknown: nan, AUPR test unknown: 0.0
Epoch: 218, Best AUROC test all: 0.6721561590491061, AUPR test all: 0.27644375820081357, AUROC test unknown: 0.0, AUPR test unknown: 0.0
pseudo_counter: Counter({0: 43519, -1: 2435})
max_probs: 0.041729602962732315， num of >0.5: 0
/nas/home/jahin/.local/lib/python3.10/site-packages/sklearn/metrics/_ranking.py:424: UndefinedMetricWarning: Only one class is present in y_true. ROC AUC score is not defined in that case.
  warnings.warn(
/nas/home/jahin/.local/lib/python3.10/site-packages/sklearn/metrics/_ranking.py:1046: UserWarning: No positive class found in y_true, recall is set to one for all thresholds.
  warnings.warn(
AUROC test all: 0.6725093919339662, AUPR test all: 0.27642806023210176, AUROC test unknown: nan, AUPR test unknown: 0.0
Epoch: 219, Best AUROC test all: 0.6725093919339662, AUPR test all: 0.27644375820081357, AUROC test unknown: 0.0, AUPR test unknown: 0.0
pseudo_counter: Counter({0: 43519, -1: 2435})
max_probs: 0.038147617131471634， num of >0.5: 0
/nas/home/jahin/.local/lib/python3.10/site-packages/sklearn/metrics/_ranking.py:424: UndefinedMetricWarning: Only one class is present in y_true. ROC AUC score is not defined in that case.
  warnings.warn(
/nas/home/jahin/.local/lib/python3.10/site-packages/sklearn/metrics/_ranking.py:1046: UserWarning: No positive class found in y_true, recall is set to one for all thresholds.
  warnings.warn(
AUROC test all: 0.6734301392238891, AUPR test all: 0.27752701510930755, AUROC test unknown: nan, AUPR test unknown: 0.0
Epoch: 220, Best AUROC test all: 0.6734301392238891, AUPR test all: 0.27752701510930755, AUROC test unknown: 0.0, AUPR test unknown: 0.0
pseudo_counter: Counter({0: 43519, -1: 2435})
max_probs: 0.039001647382974625， num of >0.5: 0
/nas/home/jahin/.local/lib/python3.10/site-packages/sklearn/metrics/_ranking.py:424: UndefinedMetricWarning: Only one class is present in y_true. ROC AUC score is not defined in that case.
  warnings.warn(
/nas/home/jahin/.local/lib/python3.10/site-packages/sklearn/metrics/_ranking.py:1046: UserWarning: No positive class found in y_true, recall is set to one for all thresholds.
  warnings.warn(
AUROC test all: 0.6737846694534452, AUPR test all: 0.27659426265880205, AUROC test unknown: nan, AUPR test unknown: 0.0
Epoch: 221, Best AUROC test all: 0.6737846694534452, AUPR test all: 0.27752701510930755, AUROC test unknown: 0.0, AUPR test unknown: 0.0
pseudo_counter: Counter({0: 43519, -1: 2435})
max_probs: 0.03945046290755272， num of >0.5: 0
/nas/home/jahin/.local/lib/python3.10/site-packages/sklearn/metrics/_ranking.py:424: UndefinedMetricWarning: Only one class is present in y_true. ROC AUC score is not defined in that case.
  warnings.warn(
/nas/home/jahin/.local/lib/python3.10/site-packages/sklearn/metrics/_ranking.py:1046: UserWarning: No positive class found in y_true, recall is set to one for all thresholds.
  warnings.warn(
AUROC test all: 0.6744146349940815, AUPR test all: 0.2781675747055642, AUROC test unknown: nan, AUPR test unknown: 0.0
Epoch: 222, Best AUROC test all: 0.6744146349940815, AUPR test all: 0.2781675747055642, AUROC test unknown: 0.0, AUPR test unknown: 0.0
pseudo_counter: Counter({0: 43519, -1: 2435})
max_probs: 0.040606539696455， num of >0.5: 0
/nas/home/jahin/.local/lib/python3.10/site-packages/sklearn/metrics/_ranking.py:424: UndefinedMetricWarning: Only one class is present in y_true. ROC AUC score is not defined in that case.
  warnings.warn(
/nas/home/jahin/.local/lib/python3.10/site-packages/sklearn/metrics/_ranking.py:1046: UserWarning: No positive class found in y_true, recall is set to one for all thresholds.
  warnings.warn(
AUROC test all: 0.674297190402175, AUPR test all: 0.27735260944041523, AUROC test unknown: nan, AUPR test unknown: 0.0
Epoch: 223, Best AUROC test all: 0.6744146349940815, AUPR test all: 0.2781675747055642, AUROC test unknown: 0.0, AUPR test unknown: 0.0
pseudo_counter: Counter({0: 43519, -1: 2435})
max_probs: 0.03866187855601311， num of >0.5: 0
/nas/home/jahin/.local/lib/python3.10/site-packages/sklearn/metrics/_ranking.py:424: UndefinedMetricWarning: Only one class is present in y_true. ROC AUC score is not defined in that case.
  warnings.warn(
/nas/home/jahin/.local/lib/python3.10/site-packages/sklearn/metrics/_ranking.py:1046: UserWarning: No positive class found in y_true, recall is set to one for all thresholds.
  warnings.warn(
AUROC test all: 0.6740113865973307, AUPR test all: 0.2782834185697616, AUROC test unknown: nan, AUPR test unknown: 0.0
Epoch: 224, Best AUROC test all: 0.6744146349940815, AUPR test all: 0.2782834185697616, AUROC test unknown: 0.0, AUPR test unknown: 0.0
pseudo_counter: Counter({0: 43519, -1: 2435})
max_probs: 0.039889074862003326， num of >0.5: 0
/nas/home/jahin/.local/lib/python3.10/site-packages/sklearn/metrics/_ranking.py:424: UndefinedMetricWarning: Only one class is present in y_true. ROC AUC score is not defined in that case.
  warnings.warn(
/nas/home/jahin/.local/lib/python3.10/site-packages/sklearn/metrics/_ranking.py:1046: UserWarning: No positive class found in y_true, recall is set to one for all thresholds.
  warnings.warn(
AUROC test all: 0.6748654130096429, AUPR test all: 0.2773114773937134, AUROC test unknown: nan, AUPR test unknown: 0.0
Epoch: 225, Best AUROC test all: 0.6748654130096429, AUPR test all: 0.2782834185697616, AUROC test unknown: 0.0, AUPR test unknown: 0.0
pseudo_counter: Counter({0: 43519, -1: 2435})
max_probs: 0.0382867231965065， num of >0.5: 0
/nas/home/jahin/.local/lib/python3.10/site-packages/sklearn/metrics/_ranking.py:424: UndefinedMetricWarning: Only one class is present in y_true. ROC AUC score is not defined in that case.
  warnings.warn(
/nas/home/jahin/.local/lib/python3.10/site-packages/sklearn/metrics/_ranking.py:1046: UserWarning: No positive class found in y_true, recall is set to one for all thresholds.
  warnings.warn(
AUROC test all: 0.6754054573724269, AUPR test all: 0.27890612790133146, AUROC test unknown: nan, AUPR test unknown: 0.0
Epoch: 226, Best AUROC test all: 0.6754054573724269, AUPR test all: 0.27890612790133146, AUROC test unknown: 0.0, AUPR test unknown: 0.0
pseudo_counter: Counter({0: 43519, -1: 2435})
max_probs: 0.04570113867521286， num of >0.5: 0
/nas/home/jahin/.local/lib/python3.10/site-packages/sklearn/metrics/_ranking.py:424: UndefinedMetricWarning: Only one class is present in y_true. ROC AUC score is not defined in that case.
  warnings.warn(
/nas/home/jahin/.local/lib/python3.10/site-packages/sklearn/metrics/_ranking.py:1046: UserWarning: No positive class found in y_true, recall is set to one for all thresholds.
  warnings.warn(
AUROC test all: 0.6770655802899248, AUPR test all: 0.27966048264913596, AUROC test unknown: nan, AUPR test unknown: 0.0
Epoch: 227, Best AUROC test all: 0.6770655802899248, AUPR test all: 0.27966048264913596, AUROC test unknown: 0.0, AUPR test unknown: 0.0
pseudo_counter: Counter({0: 43519, -1: 2435})
max_probs: 0.047331552952528， num of >0.5: 0
/nas/home/jahin/.local/lib/python3.10/site-packages/sklearn/metrics/_ranking.py:424: UndefinedMetricWarning: Only one class is present in y_true. ROC AUC score is not defined in that case.
  warnings.warn(
/nas/home/jahin/.local/lib/python3.10/site-packages/sklearn/metrics/_ranking.py:1046: UserWarning: No positive class found in y_true, recall is set to one for all thresholds.
  warnings.warn(
AUROC test all: 0.6767388916523152, AUPR test all: 0.2805075275713312, AUROC test unknown: nan, AUPR test unknown: 0.0
Epoch: 228, Best AUROC test all: 0.6770655802899248, AUPR test all: 0.2805075275713312, AUROC test unknown: 0.0, AUPR test unknown: 0.0
pseudo_counter: Counter({0: 43519, -1: 2435})
max_probs: 0.04277469962835312， num of >0.5: 0
/nas/home/jahin/.local/lib/python3.10/site-packages/sklearn/metrics/_ranking.py:424: UndefinedMetricWarning: Only one class is present in y_true. ROC AUC score is not defined in that case.
  warnings.warn(
/nas/home/jahin/.local/lib/python3.10/site-packages/sklearn/metrics/_ranking.py:1046: UserWarning: No positive class found in y_true, recall is set to one for all thresholds.
  warnings.warn(
AUROC test all: 0.6777437261744802, AUPR test all: 0.28037910382216313, AUROC test unknown: nan, AUPR test unknown: 0.0
Epoch: 229, Best AUROC test all: 0.6777437261744802, AUPR test all: 0.2805075275713312, AUROC test unknown: 0.0, AUPR test unknown: 0.0
pseudo_counter: Counter({0: 43519, -1: 2435})
max_probs: 0.04256800189614296， num of >0.5: 0
/nas/home/jahin/.local/lib/python3.10/site-packages/sklearn/metrics/_ranking.py:424: UndefinedMetricWarning: Only one class is present in y_true. ROC AUC score is not defined in that case.
  warnings.warn(
/nas/home/jahin/.local/lib/python3.10/site-packages/sklearn/metrics/_ranking.py:1046: UserWarning: No positive class found in y_true, recall is set to one for all thresholds.
  warnings.warn(
AUROC test all: 0.6781604653138597, AUPR test all: 0.28080839099316346, AUROC test unknown: nan, AUPR test unknown: 0.0
Epoch: 230, Best AUROC test all: 0.6781604653138597, AUPR test all: 0.28080839099316346, AUROC test unknown: 0.0, AUPR test unknown: 0.0
pseudo_counter: Counter({0: 43519, -1: 2435})
max_probs: 0.0451844148337841， num of >0.5: 0
/nas/home/jahin/.local/lib/python3.10/site-packages/sklearn/metrics/_ranking.py:424: UndefinedMetricWarning: Only one class is present in y_true. ROC AUC score is not defined in that case.
  warnings.warn(
/nas/home/jahin/.local/lib/python3.10/site-packages/sklearn/metrics/_ranking.py:1046: UserWarning: No positive class found in y_true, recall is set to one for all thresholds.
  warnings.warn(
AUROC test all: 0.6785715963112944, AUPR test all: 0.28127725466927994, AUROC test unknown: nan, AUPR test unknown: 0.0
Epoch: 231, Best AUROC test all: 0.6785715963112944, AUPR test all: 0.28127725466927994, AUROC test unknown: 0.0, AUPR test unknown: 0.0
pseudo_counter: Counter({0: 43519, -1: 2435})
max_probs: 0.045552708208560944， num of >0.5: 0
/nas/home/jahin/.local/lib/python3.10/site-packages/sklearn/metrics/_ranking.py:424: UndefinedMetricWarning: Only one class is present in y_true. ROC AUC score is not defined in that case.
  warnings.warn(
/nas/home/jahin/.local/lib/python3.10/site-packages/sklearn/metrics/_ranking.py:1046: UserWarning: No positive class found in y_true, recall is set to one for all thresholds.
  warnings.warn(
AUROC test all: 0.6791089248718114, AUPR test all: 0.28206995584621847, AUROC test unknown: nan, AUPR test unknown: 0.0
Epoch: 232, Best AUROC test all: 0.6791089248718114, AUPR test all: 0.28206995584621847, AUROC test unknown: 0.0, AUPR test unknown: 0.0
pseudo_counter: Counter({0: 43519, -1: 2435})
max_probs: 0.04776354879140854， num of >0.5: 0
/nas/home/jahin/.local/lib/python3.10/site-packages/sklearn/metrics/_ranking.py:424: UndefinedMetricWarning: Only one class is present in y_true. ROC AUC score is not defined in that case.
  warnings.warn(
/nas/home/jahin/.local/lib/python3.10/site-packages/sklearn/metrics/_ranking.py:1046: UserWarning: No positive class found in y_true, recall is set to one for all thresholds.
  warnings.warn(
AUROC test all: 0.6797596376637788, AUPR test all: 0.2822091769211856, AUROC test unknown: nan, AUPR test unknown: 0.0
Epoch: 233, Best AUROC test all: 0.6797596376637788, AUPR test all: 0.2822091769211856, AUROC test unknown: 0.0, AUPR test unknown: 0.0
pseudo_counter: Counter({0: 43519, -1: 2435})
max_probs: 0.04865606129169464， num of >0.5: 0
/nas/home/jahin/.local/lib/python3.10/site-packages/sklearn/metrics/_ranking.py:424: UndefinedMetricWarning: Only one class is present in y_true. ROC AUC score is not defined in that case.
  warnings.warn(
/nas/home/jahin/.local/lib/python3.10/site-packages/sklearn/metrics/_ranking.py:1046: UserWarning: No positive class found in y_true, recall is set to one for all thresholds.
  warnings.warn(
AUROC test all: 0.6803689688549168, AUPR test all: 0.2825704056345233, AUROC test unknown: nan, AUPR test unknown: 0.0
Epoch: 234, Best AUROC test all: 0.6803689688549168, AUPR test all: 0.2825704056345233, AUROC test unknown: 0.0, AUPR test unknown: 0.0
pseudo_counter: Counter({0: 43519, -1: 2435})
max_probs: 0.04617157578468323， num of >0.5: 0
/nas/home/jahin/.local/lib/python3.10/site-packages/sklearn/metrics/_ranking.py:424: UndefinedMetricWarning: Only one class is present in y_true. ROC AUC score is not defined in that case.
  warnings.warn(
/nas/home/jahin/.local/lib/python3.10/site-packages/sklearn/metrics/_ranking.py:1046: UserWarning: No positive class found in y_true, recall is set to one for all thresholds.
  warnings.warn(
AUROC test all: 0.6812503236690267, AUPR test all: 0.2839022852305588, AUROC test unknown: nan, AUPR test unknown: 0.0
Epoch: 235, Best AUROC test all: 0.6812503236690267, AUPR test all: 0.2839022852305588, AUROC test unknown: 0.0, AUPR test unknown: 0.0
pseudo_counter: Counter({0: 43519, -1: 2435})
max_probs: 0.045731887221336365， num of >0.5: 0
/nas/home/jahin/.local/lib/python3.10/site-packages/sklearn/metrics/_ranking.py:424: UndefinedMetricWarning: Only one class is present in y_true. ROC AUC score is not defined in that case.
  warnings.warn(
/nas/home/jahin/.local/lib/python3.10/site-packages/sklearn/metrics/_ranking.py:1046: UserWarning: No positive class found in y_true, recall is set to one for all thresholds.
  warnings.warn(
AUROC test all: 0.6825309465770943, AUPR test all: 0.2847084601839337, AUROC test unknown: nan, AUPR test unknown: 0.0
Epoch: 236, Best AUROC test all: 0.6825309465770943, AUPR test all: 0.2847084601839337, AUROC test unknown: 0.0, AUPR test unknown: 0.0
pseudo_counter: Counter({0: 43519, -1: 2435})
max_probs: 0.04915286973118782， num of >0.5: 0
/nas/home/jahin/.local/lib/python3.10/site-packages/sklearn/metrics/_ranking.py:424: UndefinedMetricWarning: Only one class is present in y_true. ROC AUC score is not defined in that case.
  warnings.warn(
/nas/home/jahin/.local/lib/python3.10/site-packages/sklearn/metrics/_ranking.py:1046: UserWarning: No positive class found in y_true, recall is set to one for all thresholds.
  warnings.warn(
AUROC test all: 0.6835618860557426, AUPR test all: 0.28480939764985225, AUROC test unknown: nan, AUPR test unknown: 0.0
Epoch: 237, Best AUROC test all: 0.6835618860557426, AUPR test all: 0.28480939764985225, AUROC test unknown: 0.0, AUPR test unknown: 0.0
pseudo_counter: Counter({0: 43519, -1: 2435})
max_probs: 0.05087330937385559， num of >0.5: 0
/nas/home/jahin/.local/lib/python3.10/site-packages/sklearn/metrics/_ranking.py:424: UndefinedMetricWarning: Only one class is present in y_true. ROC AUC score is not defined in that case.
  warnings.warn(
/nas/home/jahin/.local/lib/python3.10/site-packages/sklearn/metrics/_ranking.py:1046: UserWarning: No positive class found in y_true, recall is set to one for all thresholds.
  warnings.warn(
AUROC test all: 0.6840795881722135, AUPR test all: 0.2862019250200082, AUROC test unknown: nan, AUPR test unknown: 0.0
Epoch: 238, Best AUROC test all: 0.6840795881722135, AUPR test all: 0.2862019250200082, AUROC test unknown: 0.0, AUPR test unknown: 0.0
pseudo_counter: Counter({0: 43519, -1: 2435})
max_probs: 0.05436459183692932， num of >0.5: 0
/nas/home/jahin/.local/lib/python3.10/site-packages/sklearn/metrics/_ranking.py:424: UndefinedMetricWarning: Only one class is present in y_true. ROC AUC score is not defined in that case.
  warnings.warn(
/nas/home/jahin/.local/lib/python3.10/site-packages/sklearn/metrics/_ranking.py:1046: UserWarning: No positive class found in y_true, recall is set to one for all thresholds.
  warnings.warn(
AUROC test all: 0.6845504811888428, AUPR test all: 0.2864652929841825, AUROC test unknown: nan, AUPR test unknown: 0.0
Epoch: 239, Best AUROC test all: 0.6845504811888428, AUPR test all: 0.2864652929841825, AUROC test unknown: 0.0, AUPR test unknown: 0.0
pseudo_counter: Counter({0: 43519, -1: 2435})
max_probs: 0.05511055141687393， num of >0.5: 0
/nas/home/jahin/.local/lib/python3.10/site-packages/sklearn/metrics/_ranking.py:424: UndefinedMetricWarning: Only one class is present in y_true. ROC AUC score is not defined in that case.
  warnings.warn(
/nas/home/jahin/.local/lib/python3.10/site-packages/sklearn/metrics/_ranking.py:1046: UserWarning: No positive class found in y_true, recall is set to one for all thresholds.
  warnings.warn(
AUROC test all: 0.6862837316497674, AUPR test all: 0.288208557666604, AUROC test unknown: nan, AUPR test unknown: 0.0
Epoch: 240, Best AUROC test all: 0.6862837316497674, AUPR test all: 0.288208557666604, AUROC test unknown: 0.0, AUPR test unknown: 0.0
pseudo_counter: Counter({0: 43519, -1: 2435})
max_probs: 0.054602425545454025， num of >0.5: 0
/nas/home/jahin/.local/lib/python3.10/site-packages/sklearn/metrics/_ranking.py:424: UndefinedMetricWarning: Only one class is present in y_true. ROC AUC score is not defined in that case.
  warnings.warn(
/nas/home/jahin/.local/lib/python3.10/site-packages/sklearn/metrics/_ranking.py:1046: UserWarning: No positive class found in y_true, recall is set to one for all thresholds.
  warnings.warn(
AUROC test all: 0.6858748381613811, AUPR test all: 0.28801312045730215, AUROC test unknown: nan, AUPR test unknown: 0.0
Epoch: 241, Best AUROC test all: 0.6862837316497674, AUPR test all: 0.288208557666604, AUROC test unknown: 0.0, AUPR test unknown: 0.0
pseudo_counter: Counter({0: 43519, -1: 2435})
max_probs: 0.05686638504266739， num of >0.5: 0
/nas/home/jahin/.local/lib/python3.10/site-packages/sklearn/metrics/_ranking.py:424: UndefinedMetricWarning: Only one class is present in y_true. ROC AUC score is not defined in that case.
  warnings.warn(
/nas/home/jahin/.local/lib/python3.10/site-packages/sklearn/metrics/_ranking.py:1046: UserWarning: No positive class found in y_true, recall is set to one for all thresholds.
  warnings.warn(
AUROC test all: 0.687417179834235, AUPR test all: 0.28867844514932794, AUROC test unknown: nan, AUPR test unknown: 0.0
Epoch: 242, Best AUROC test all: 0.687417179834235, AUPR test all: 0.28867844514932794, AUROC test unknown: 0.0, AUPR test unknown: 0.0
pseudo_counter: Counter({0: 43519, -1: 2435})
max_probs: 0.05130443349480629， num of >0.5: 0
/nas/home/jahin/.local/lib/python3.10/site-packages/sklearn/metrics/_ranking.py:424: UndefinedMetricWarning: Only one class is present in y_true. ROC AUC score is not defined in that case.
  warnings.warn(
/nas/home/jahin/.local/lib/python3.10/site-packages/sklearn/metrics/_ranking.py:1046: UserWarning: No positive class found in y_true, recall is set to one for all thresholds.
  warnings.warn(
AUROC test all: 0.6880695143070721, AUPR test all: 0.2898601079017725, AUROC test unknown: nan, AUPR test unknown: 0.0
Epoch: 243, Best AUROC test all: 0.6880695143070721, AUPR test all: 0.2898601079017725, AUROC test unknown: 0.0, AUPR test unknown: 0.0
pseudo_counter: Counter({0: 43519, -1: 2435})
max_probs: 0.05765490606427193， num of >0.5: 0
/nas/home/jahin/.local/lib/python3.10/site-packages/sklearn/metrics/_ranking.py:424: UndefinedMetricWarning: Only one class is present in y_true. ROC AUC score is not defined in that case.
  warnings.warn(
/nas/home/jahin/.local/lib/python3.10/site-packages/sklearn/metrics/_ranking.py:1046: UserWarning: No positive class found in y_true, recall is set to one for all thresholds.
  warnings.warn(
AUROC test all: 0.6880948946390655, AUPR test all: 0.2902704437001042, AUROC test unknown: nan, AUPR test unknown: 0.0
Epoch: 244, Best AUROC test all: 0.6880948946390655, AUPR test all: 0.2902704437001042, AUROC test unknown: 0.0, AUPR test unknown: 0.0
pseudo_counter: Counter({0: 43519, -1: 2435})
max_probs: 0.05320807918906212， num of >0.5: 0
/nas/home/jahin/.local/lib/python3.10/site-packages/sklearn/metrics/_ranking.py:424: UndefinedMetricWarning: Only one class is present in y_true. ROC AUC score is not defined in that case.
  warnings.warn(
/nas/home/jahin/.local/lib/python3.10/site-packages/sklearn/metrics/_ranking.py:1046: UserWarning: No positive class found in y_true, recall is set to one for all thresholds.
  warnings.warn(
AUROC test all: 0.689194876667557, AUPR test all: 0.29164643105590626, AUROC test unknown: nan, AUPR test unknown: 0.0
Epoch: 245, Best AUROC test all: 0.689194876667557, AUPR test all: 0.29164643105590626, AUROC test unknown: 0.0, AUPR test unknown: 0.0
pseudo_counter: Counter({0: 43519, -1: 2435})
max_probs: 0.055346354842185974， num of >0.5: 0
/nas/home/jahin/.local/lib/python3.10/site-packages/sklearn/metrics/_ranking.py:424: UndefinedMetricWarning: Only one class is present in y_true. ROC AUC score is not defined in that case.
  warnings.warn(
/nas/home/jahin/.local/lib/python3.10/site-packages/sklearn/metrics/_ranking.py:1046: UserWarning: No positive class found in y_true, recall is set to one for all thresholds.
  warnings.warn(
AUROC test all: 0.6896852709098361, AUPR test all: 0.29161272575697, AUROC test unknown: nan, AUPR test unknown: 0.0
Epoch: 246, Best AUROC test all: 0.6896852709098361, AUPR test all: 0.29164643105590626, AUROC test unknown: 0.0, AUPR test unknown: 0.0
pseudo_counter: Counter({0: 43519, -1: 2435})
max_probs: 0.0577499195933342， num of >0.5: 0
/nas/home/jahin/.local/lib/python3.10/site-packages/sklearn/metrics/_ranking.py:424: UndefinedMetricWarning: Only one class is present in y_true. ROC AUC score is not defined in that case.
  warnings.warn(
/nas/home/jahin/.local/lib/python3.10/site-packages/sklearn/metrics/_ranking.py:1046: UserWarning: No positive class found in y_true, recall is set to one for all thresholds.
  warnings.warn(
AUROC test all: 0.6900993989377391, AUPR test all: 0.2909206315554413, AUROC test unknown: nan, AUPR test unknown: 0.0
Epoch: 247, Best AUROC test all: 0.6900993989377391, AUPR test all: 0.29164643105590626, AUROC test unknown: 0.0, AUPR test unknown: 0.0
pseudo_counter: Counter({0: 43519, -1: 2435})
max_probs: 0.05709794536232948， num of >0.5: 0
/nas/home/jahin/.local/lib/python3.10/site-packages/sklearn/metrics/_ranking.py:424: UndefinedMetricWarning: Only one class is present in y_true. ROC AUC score is not defined in that case.
  warnings.warn(
/nas/home/jahin/.local/lib/python3.10/site-packages/sklearn/metrics/_ranking.py:1046: UserWarning: No positive class found in y_true, recall is set to one for all thresholds.
  warnings.warn(
AUROC test all: 0.6921230883369311, AUPR test all: 0.2947531061386427, AUROC test unknown: nan, AUPR test unknown: 0.0
Epoch: 248, Best AUROC test all: 0.6921230883369311, AUPR test all: 0.2947531061386427, AUROC test unknown: 0.0, AUPR test unknown: 0.0
pseudo_counter: Counter({0: 43519, -1: 2435})
max_probs: 0.06100684404373169， num of >0.5: 0
/nas/home/jahin/.local/lib/python3.10/site-packages/sklearn/metrics/_ranking.py:424: UndefinedMetricWarning: Only one class is present in y_true. ROC AUC score is not defined in that case.
  warnings.warn(
/nas/home/jahin/.local/lib/python3.10/site-packages/sklearn/metrics/_ranking.py:1046: UserWarning: No positive class found in y_true, recall is set to one for all thresholds.
  warnings.warn(
AUROC test all: 0.6927253375040174, AUPR test all: 0.29473408434331433, AUROC test unknown: nan, AUPR test unknown: 0.0
Epoch: 249, Best AUROC test all: 0.6927253375040174, AUPR test all: 0.2947531061386427, AUROC test unknown: 0.0, AUPR test unknown: 0.0
pseudo_counter: Counter({0: 43519, -1: 2435})
max_probs: 0.06381163746118546， num of >0.5: 0
/nas/home/jahin/.local/lib/python3.10/site-packages/sklearn/metrics/_ranking.py:424: UndefinedMetricWarning: Only one class is present in y_true. ROC AUC score is not defined in that case.
  warnings.warn(
/nas/home/jahin/.local/lib/python3.10/site-packages/sklearn/metrics/_ranking.py:1046: UserWarning: No positive class found in y_true, recall is set to one for all thresholds.
  warnings.warn(
AUROC test all: 0.6936832910797198, AUPR test all: 0.29471537465982334, AUROC test unknown: nan, AUPR test unknown: 0.0
Epoch: 250, Best AUROC test all: 0.6936832910797198, AUPR test all: 0.2947531061386427, AUROC test unknown: 0.0, AUPR test unknown: 0.0
pseudo_counter: Counter({0: 43519, -1: 2435})
max_probs: 0.06111138314008713， num of >0.5: 0
/nas/home/jahin/.local/lib/python3.10/site-packages/sklearn/metrics/_ranking.py:424: UndefinedMetricWarning: Only one class is present in y_true. ROC AUC score is not defined in that case.
  warnings.warn(
/nas/home/jahin/.local/lib/python3.10/site-packages/sklearn/metrics/_ranking.py:1046: UserWarning: No positive class found in y_true, recall is set to one for all thresholds.
  warnings.warn(
AUROC test all: 0.6935377585645954, AUPR test all: 0.295283662797452, AUROC test unknown: nan, AUPR test unknown: 0.0
Epoch: 251, Best AUROC test all: 0.6936832910797198, AUPR test all: 0.295283662797452, AUROC test unknown: 0.0, AUPR test unknown: 0.0
pseudo_counter: Counter({0: 43519, -1: 2435})
max_probs: 0.06906091421842575， num of >0.5: 0
/nas/home/jahin/.local/lib/python3.10/site-packages/sklearn/metrics/_ranking.py:424: UndefinedMetricWarning: Only one class is present in y_true. ROC AUC score is not defined in that case.
  warnings.warn(
/nas/home/jahin/.local/lib/python3.10/site-packages/sklearn/metrics/_ranking.py:1046: UserWarning: No positive class found in y_true, recall is set to one for all thresholds.
  warnings.warn(
AUROC test all: 0.6943416483521418, AUPR test all: 0.29654311729688365, AUROC test unknown: nan, AUPR test unknown: 0.0
Epoch: 252, Best AUROC test all: 0.6943416483521418, AUPR test all: 0.29654311729688365, AUROC test unknown: 0.0, AUPR test unknown: 0.0
pseudo_counter: Counter({0: 43519, -1: 2435})
max_probs: 0.0759047418832779， num of >0.5: 0
/nas/home/jahin/.local/lib/python3.10/site-packages/sklearn/metrics/_ranking.py:424: UndefinedMetricWarning: Only one class is present in y_true. ROC AUC score is not defined in that case.
  warnings.warn(
/nas/home/jahin/.local/lib/python3.10/site-packages/sklearn/metrics/_ranking.py:1046: UserWarning: No positive class found in y_true, recall is set to one for all thresholds.
  warnings.warn(
AUROC test all: 0.69586467560056, AUPR test all: 0.2960222282865358, AUROC test unknown: nan, AUPR test unknown: 0.0
Epoch: 253, Best AUROC test all: 0.69586467560056, AUPR test all: 0.29654311729688365, AUROC test unknown: 0.0, AUPR test unknown: 0.0
pseudo_counter: Counter({0: 43519, -1: 2435})
max_probs: 0.06999232620000839， num of >0.5: 0
/nas/home/jahin/.local/lib/python3.10/site-packages/sklearn/metrics/_ranking.py:424: UndefinedMetricWarning: Only one class is present in y_true. ROC AUC score is not defined in that case.
  warnings.warn(
/nas/home/jahin/.local/lib/python3.10/site-packages/sklearn/metrics/_ranking.py:1046: UserWarning: No positive class found in y_true, recall is set to one for all thresholds.
  warnings.warn(
AUROC test all: 0.6966683477954834, AUPR test all: 0.29801791160574065, AUROC test unknown: nan, AUPR test unknown: 0.0
Epoch: 254, Best AUROC test all: 0.6966683477954834, AUPR test all: 0.29801791160574065, AUROC test unknown: 0.0, AUPR test unknown: 0.0
pseudo_counter: Counter({0: 43519, -1: 2435})
max_probs: 0.07646641880273819， num of >0.5: 0
/nas/home/jahin/.local/lib/python3.10/site-packages/sklearn/metrics/_ranking.py:424: UndefinedMetricWarning: Only one class is present in y_true. ROC AUC score is not defined in that case.
  warnings.warn(
/nas/home/jahin/.local/lib/python3.10/site-packages/sklearn/metrics/_ranking.py:1046: UserWarning: No positive class found in y_true, recall is set to one for all thresholds.
  warnings.warn(
AUROC test all: 0.6964440282759725, AUPR test all: 0.2968089753806426, AUROC test unknown: nan, AUPR test unknown: 0.0
Epoch: 255, Best AUROC test all: 0.6966683477954834, AUPR test all: 0.29801791160574065, AUROC test unknown: 0.0, AUPR test unknown: 0.0
pseudo_counter: Counter({0: 43519, -1: 2435})
max_probs: 0.07844004780054092， num of >0.5: 0
/nas/home/jahin/.local/lib/python3.10/site-packages/sklearn/metrics/_ranking.py:424: UndefinedMetricWarning: Only one class is present in y_true. ROC AUC score is not defined in that case.
  warnings.warn(
/nas/home/jahin/.local/lib/python3.10/site-packages/sklearn/metrics/_ranking.py:1046: UserWarning: No positive class found in y_true, recall is set to one for all thresholds.
  warnings.warn(
AUROC test all: 0.6972998611176082, AUPR test all: 0.29828924709334204, AUROC test unknown: nan, AUPR test unknown: 0.0
Epoch: 256, Best AUROC test all: 0.6972998611176082, AUPR test all: 0.29828924709334204, AUROC test unknown: 0.0, AUPR test unknown: 0.0
pseudo_counter: Counter({0: 43519, -1: 2435})
max_probs: 0.08523330837488174， num of >0.5: 0
/nas/home/jahin/.local/lib/python3.10/site-packages/sklearn/metrics/_ranking.py:424: UndefinedMetricWarning: Only one class is present in y_true. ROC AUC score is not defined in that case.
  warnings.warn(
/nas/home/jahin/.local/lib/python3.10/site-packages/sklearn/metrics/_ranking.py:1046: UserWarning: No positive class found in y_true, recall is set to one for all thresholds.
  warnings.warn(
AUROC test all: 0.6980361534987699, AUPR test all: 0.2986170766422872, AUROC test unknown: nan, AUPR test unknown: 0.0
Epoch: 257, Best AUROC test all: 0.6980361534987699, AUPR test all: 0.2986170766422872, AUROC test unknown: 0.0, AUPR test unknown: 0.0
pseudo_counter: Counter({0: 43519, -1: 2435})
max_probs: 0.09103337675333023， num of >0.5: 0
/nas/home/jahin/.local/lib/python3.10/site-packages/sklearn/metrics/_ranking.py:424: UndefinedMetricWarning: Only one class is present in y_true. ROC AUC score is not defined in that case.
  warnings.warn(
/nas/home/jahin/.local/lib/python3.10/site-packages/sklearn/metrics/_ranking.py:1046: UserWarning: No positive class found in y_true, recall is set to one for all thresholds.
  warnings.warn(
AUROC test all: 0.6992877729523945, AUPR test all: 0.3010570344611811, AUROC test unknown: nan, AUPR test unknown: 0.0
Epoch: 258, Best AUROC test all: 0.6992877729523945, AUPR test all: 0.3010570344611811, AUROC test unknown: 0.0, AUPR test unknown: 0.0
pseudo_counter: Counter({0: 43519, -1: 2435})
max_probs: 0.0934528335928917， num of >0.5: 0
/nas/home/jahin/.local/lib/python3.10/site-packages/sklearn/metrics/_ranking.py:424: UndefinedMetricWarning: Only one class is present in y_true. ROC AUC score is not defined in that case.
  warnings.warn(
/nas/home/jahin/.local/lib/python3.10/site-packages/sklearn/metrics/_ranking.py:1046: UserWarning: No positive class found in y_true, recall is set to one for all thresholds.
  warnings.warn(
AUROC test all: 0.6993699244313958, AUPR test all: 0.2993340174727589, AUROC test unknown: nan, AUPR test unknown: 0.0
Epoch: 259, Best AUROC test all: 0.6993699244313958, AUPR test all: 0.3010570344611811, AUROC test unknown: 0.0, AUPR test unknown: 0.0
pseudo_counter: Counter({0: 43519, -1: 2435})
max_probs: 0.09980826824903488， num of >0.5: 0
/nas/home/jahin/.local/lib/python3.10/site-packages/sklearn/metrics/_ranking.py:424: UndefinedMetricWarning: Only one class is present in y_true. ROC AUC score is not defined in that case.
  warnings.warn(
/nas/home/jahin/.local/lib/python3.10/site-packages/sklearn/metrics/_ranking.py:1046: UserWarning: No positive class found in y_true, recall is set to one for all thresholds.
  warnings.warn(
AUROC test all: 0.6998380893291946, AUPR test all: 0.29974392135248906, AUROC test unknown: nan, AUPR test unknown: 0.0
Epoch: 260, Best AUROC test all: 0.6998380893291946, AUPR test all: 0.3010570344611811, AUROC test unknown: 0.0, AUPR test unknown: 0.0
pseudo_counter: Counter({0: 43519, -1: 2435})
max_probs: 0.09173832088708878， num of >0.5: 0
/nas/home/jahin/.local/lib/python3.10/site-packages/sklearn/metrics/_ranking.py:424: UndefinedMetricWarning: Only one class is present in y_true. ROC AUC score is not defined in that case.
  warnings.warn(
/nas/home/jahin/.local/lib/python3.10/site-packages/sklearn/metrics/_ranking.py:1046: UserWarning: No positive class found in y_true, recall is set to one for all thresholds.
  warnings.warn(
AUROC test all: 0.7015853355118543, AUPR test all: 0.30307725712379124, AUROC test unknown: nan, AUPR test unknown: 0.0
Epoch: 261, Best AUROC test all: 0.7015853355118543, AUPR test all: 0.30307725712379124, AUROC test unknown: 0.0, AUPR test unknown: 0.0
pseudo_counter: Counter({0: 43519, -1: 2435})
max_probs: 0.09901958703994751， num of >0.5: 0
/nas/home/jahin/.local/lib/python3.10/site-packages/sklearn/metrics/_ranking.py:424: UndefinedMetricWarning: Only one class is present in y_true. ROC AUC score is not defined in that case.
  warnings.warn(
/nas/home/jahin/.local/lib/python3.10/site-packages/sklearn/metrics/_ranking.py:1046: UserWarning: No positive class found in y_true, recall is set to one for all thresholds.
  warnings.warn(
AUROC test all: 0.7023830957562648, AUPR test all: 0.3027147883648118, AUROC test unknown: nan, AUPR test unknown: 0.0
Epoch: 262, Best AUROC test all: 0.7023830957562648, AUPR test all: 0.30307725712379124, AUROC test unknown: 0.0, AUPR test unknown: 0.0
pseudo_counter: Counter({0: 43519, -1: 2435})
max_probs: 0.10098811984062195， num of >0.5: 0
/nas/home/jahin/.local/lib/python3.10/site-packages/sklearn/metrics/_ranking.py:424: UndefinedMetricWarning: Only one class is present in y_true. ROC AUC score is not defined in that case.
  warnings.warn(
/nas/home/jahin/.local/lib/python3.10/site-packages/sklearn/metrics/_ranking.py:1046: UserWarning: No positive class found in y_true, recall is set to one for all thresholds.
  warnings.warn(
AUROC test all: 0.702934682791873, AUPR test all: 0.30282514368889923, AUROC test unknown: nan, AUPR test unknown: 0.0
Epoch: 263, Best AUROC test all: 0.702934682791873, AUPR test all: 0.30307725712379124, AUROC test unknown: 0.0, AUPR test unknown: 0.0
pseudo_counter: Counter({0: 43519, -1: 2435})
max_probs: 0.10641545802354813， num of >0.5: 0
/nas/home/jahin/.local/lib/python3.10/site-packages/sklearn/metrics/_ranking.py:424: UndefinedMetricWarning: Only one class is present in y_true. ROC AUC score is not defined in that case.
  warnings.warn(
/nas/home/jahin/.local/lib/python3.10/site-packages/sklearn/metrics/_ranking.py:1046: UserWarning: No positive class found in y_true, recall is set to one for all thresholds.
  warnings.warn(
AUROC test all: 0.7041410224522989, AUPR test all: 0.3042957261158452, AUROC test unknown: nan, AUPR test unknown: 0.0
Epoch: 264, Best AUROC test all: 0.7041410224522989, AUPR test all: 0.3042957261158452, AUROC test unknown: 0.0, AUPR test unknown: 0.0
pseudo_counter: Counter({0: 43519, -1: 2435})
max_probs: 0.11278035491704941， num of >0.5: 0
/nas/home/jahin/.local/lib/python3.10/site-packages/sklearn/metrics/_ranking.py:424: UndefinedMetricWarning: Only one class is present in y_true. ROC AUC score is not defined in that case.
  warnings.warn(
/nas/home/jahin/.local/lib/python3.10/site-packages/sklearn/metrics/_ranking.py:1046: UserWarning: No positive class found in y_true, recall is set to one for all thresholds.
  warnings.warn(
AUROC test all: 0.7051700590218759, AUPR test all: 0.30476011794596336, AUROC test unknown: nan, AUPR test unknown: 0.0
Epoch: 265, Best AUROC test all: 0.7051700590218759, AUPR test all: 0.30476011794596336, AUROC test unknown: 0.0, AUPR test unknown: 0.0
pseudo_counter: Counter({0: 43519, -1: 2435})
max_probs: 0.10131655633449554， num of >0.5: 0
/nas/home/jahin/.local/lib/python3.10/site-packages/sklearn/metrics/_ranking.py:424: UndefinedMetricWarning: Only one class is present in y_true. ROC AUC score is not defined in that case.
  warnings.warn(
/nas/home/jahin/.local/lib/python3.10/site-packages/sklearn/metrics/_ranking.py:1046: UserWarning: No positive class found in y_true, recall is set to one for all thresholds.
  warnings.warn(
AUROC test all: 0.7064380718216099, AUPR test all: 0.30580135801661545, AUROC test unknown: nan, AUPR test unknown: 0.0
Epoch: 266, Best AUROC test all: 0.7064380718216099, AUPR test all: 0.30580135801661545, AUROC test unknown: 0.0, AUPR test unknown: 0.0
pseudo_counter: Counter({0: 43519, -1: 2435})
max_probs: 0.11222017556428909， num of >0.5: 0
/nas/home/jahin/.local/lib/python3.10/site-packages/sklearn/metrics/_ranking.py:424: UndefinedMetricWarning: Only one class is present in y_true. ROC AUC score is not defined in that case.
  warnings.warn(
/nas/home/jahin/.local/lib/python3.10/site-packages/sklearn/metrics/_ranking.py:1046: UserWarning: No positive class found in y_true, recall is set to one for all thresholds.
  warnings.warn(
AUROC test all: 0.7068257561875315, AUPR test all: 0.30793276450196905, AUROC test unknown: nan, AUPR test unknown: 0.0
Epoch: 267, Best AUROC test all: 0.7068257561875315, AUPR test all: 0.30793276450196905, AUROC test unknown: 0.0, AUPR test unknown: 0.0
pseudo_counter: Counter({0: 43519, -1: 2435})
max_probs: 0.11357670277357101， num of >0.5: 0
/nas/home/jahin/.local/lib/python3.10/site-packages/sklearn/metrics/_ranking.py:424: UndefinedMetricWarning: Only one class is present in y_true. ROC AUC score is not defined in that case.
  warnings.warn(
/nas/home/jahin/.local/lib/python3.10/site-packages/sklearn/metrics/_ranking.py:1046: UserWarning: No positive class found in y_true, recall is set to one for all thresholds.
  warnings.warn(
AUROC test all: 0.7078511285794469, AUPR test all: 0.30938112907969106, AUROC test unknown: nan, AUPR test unknown: 0.0
Epoch: 268, Best AUROC test all: 0.7078511285794469, AUPR test all: 0.30938112907969106, AUROC test unknown: 0.0, AUPR test unknown: 0.0
pseudo_counter: Counter({0: 43519, -1: 2435})
max_probs: 0.12440371513366699， num of >0.5: 0
/nas/home/jahin/.local/lib/python3.10/site-packages/sklearn/metrics/_ranking.py:424: UndefinedMetricWarning: Only one class is present in y_true. ROC AUC score is not defined in that case.
  warnings.warn(
/nas/home/jahin/.local/lib/python3.10/site-packages/sklearn/metrics/_ranking.py:1046: UserWarning: No positive class found in y_true, recall is set to one for all thresholds.
  warnings.warn(
AUROC test all: 0.7084350137502526, AUPR test all: 0.30955540902275736, AUROC test unknown: nan, AUPR test unknown: 0.0
Epoch: 269, Best AUROC test all: 0.7084350137502526, AUPR test all: 0.30955540902275736, AUROC test unknown: 0.0, AUPR test unknown: 0.0
pseudo_counter: Counter({0: 43519, -1: 2435})
max_probs: 0.11464638262987137， num of >0.5: 0
/nas/home/jahin/.local/lib/python3.10/site-packages/sklearn/metrics/_ranking.py:424: UndefinedMetricWarning: Only one class is present in y_true. ROC AUC score is not defined in that case.
  warnings.warn(
/nas/home/jahin/.local/lib/python3.10/site-packages/sklearn/metrics/_ranking.py:1046: UserWarning: No positive class found in y_true, recall is set to one for all thresholds.
  warnings.warn(
AUROC test all: 0.7095701575149714, AUPR test all: 0.3110774384659371, AUROC test unknown: nan, AUPR test unknown: 0.0
Epoch: 270, Best AUROC test all: 0.7095701575149714, AUPR test all: 0.3110774384659371, AUROC test unknown: 0.0, AUPR test unknown: 0.0
pseudo_counter: Counter({0: 43519, -1: 2435})
max_probs: 0.11518532037734985， num of >0.5: 0
/nas/home/jahin/.local/lib/python3.10/site-packages/sklearn/metrics/_ranking.py:424: UndefinedMetricWarning: Only one class is present in y_true. ROC AUC score is not defined in that case.
  warnings.warn(
/nas/home/jahin/.local/lib/python3.10/site-packages/sklearn/metrics/_ranking.py:1046: UserWarning: No positive class found in y_true, recall is set to one for all thresholds.
  warnings.warn(
AUROC test all: 0.7111465278002043, AUPR test all: 0.31309444746260184, AUROC test unknown: nan, AUPR test unknown: 0.0
Epoch: 271, Best AUROC test all: 0.7111465278002043, AUPR test all: 0.31309444746260184, AUROC test unknown: 0.0, AUPR test unknown: 0.0
pseudo_counter: Counter({0: 43519, -1: 2435})
max_probs: 0.12535321712493896， num of >0.5: 0
/nas/home/jahin/.local/lib/python3.10/site-packages/sklearn/metrics/_ranking.py:424: UndefinedMetricWarning: Only one class is present in y_true. ROC AUC score is not defined in that case.
  warnings.warn(
/nas/home/jahin/.local/lib/python3.10/site-packages/sklearn/metrics/_ranking.py:1046: UserWarning: No positive class found in y_true, recall is set to one for all thresholds.
  warnings.warn(
AUROC test all: 0.711666504375414, AUPR test all: 0.3134726380678694, AUROC test unknown: nan, AUPR test unknown: 0.0
Epoch: 272, Best AUROC test all: 0.711666504375414, AUPR test all: 0.3134726380678694, AUROC test unknown: 0.0, AUPR test unknown: 0.0
pseudo_counter: Counter({0: 43519, -1: 2435})
max_probs: 0.12566877901554108， num of >0.5: 0
/nas/home/jahin/.local/lib/python3.10/site-packages/sklearn/metrics/_ranking.py:424: UndefinedMetricWarning: Only one class is present in y_true. ROC AUC score is not defined in that case.
  warnings.warn(
/nas/home/jahin/.local/lib/python3.10/site-packages/sklearn/metrics/_ranking.py:1046: UserWarning: No positive class found in y_true, recall is set to one for all thresholds.
  warnings.warn(
AUROC test all: 0.7128670470399205, AUPR test all: 0.31444612434990193, AUROC test unknown: nan, AUPR test unknown: 0.0
Epoch: 273, Best AUROC test all: 0.7128670470399205, AUPR test all: 0.31444612434990193, AUROC test unknown: 0.0, AUPR test unknown: 0.0
pseudo_counter: Counter({0: 43519, -1: 2435})
max_probs: 0.11947457492351532， num of >0.5: 0
/nas/home/jahin/.local/lib/python3.10/site-packages/sklearn/metrics/_ranking.py:424: UndefinedMetricWarning: Only one class is present in y_true. ROC AUC score is not defined in that case.
  warnings.warn(
/nas/home/jahin/.local/lib/python3.10/site-packages/sklearn/metrics/_ranking.py:1046: UserWarning: No positive class found in y_true, recall is set to one for all thresholds.
  warnings.warn(
AUROC test all: 0.7140541235949254, AUPR test all: 0.31584787743059717, AUROC test unknown: nan, AUPR test unknown: 0.0
Epoch: 274, Best AUROC test all: 0.7140541235949254, AUPR test all: 0.31584787743059717, AUROC test unknown: 0.0, AUPR test unknown: 0.0
pseudo_counter: Counter({0: 43519, -1: 2435})
max_probs: 0.13618475198745728， num of >0.5: 0
/nas/home/jahin/.local/lib/python3.10/site-packages/sklearn/metrics/_ranking.py:424: UndefinedMetricWarning: Only one class is present in y_true. ROC AUC score is not defined in that case.
  warnings.warn(
/nas/home/jahin/.local/lib/python3.10/site-packages/sklearn/metrics/_ranking.py:1046: UserWarning: No positive class found in y_true, recall is set to one for all thresholds.
  warnings.warn(
AUROC test all: 0.7143514269646214, AUPR test all: 0.31637943488620607, AUROC test unknown: nan, AUPR test unknown: 0.0
Epoch: 275, Best AUROC test all: 0.7143514269646214, AUPR test all: 0.31637943488620607, AUROC test unknown: 0.0, AUPR test unknown: 0.0
pseudo_counter: Counter({0: 43519, -1: 2435})
max_probs: 0.14082376658916473， num of >0.5: 0
/nas/home/jahin/.local/lib/python3.10/site-packages/sklearn/metrics/_ranking.py:424: UndefinedMetricWarning: Only one class is present in y_true. ROC AUC score is not defined in that case.
  warnings.warn(
/nas/home/jahin/.local/lib/python3.10/site-packages/sklearn/metrics/_ranking.py:1046: UserWarning: No positive class found in y_true, recall is set to one for all thresholds.
  warnings.warn(
AUROC test all: 0.7147867086904531, AUPR test all: 0.31762186969898093, AUROC test unknown: nan, AUPR test unknown: 0.0
Epoch: 276, Best AUROC test all: 0.7147867086904531, AUPR test all: 0.31762186969898093, AUROC test unknown: 0.0, AUPR test unknown: 0.0
pseudo_counter: Counter({0: 43519, -1: 2435})
max_probs: 0.17524947226047516， num of >0.5: 0
/nas/home/jahin/.local/lib/python3.10/site-packages/sklearn/metrics/_ranking.py:424: UndefinedMetricWarning: Only one class is present in y_true. ROC AUC score is not defined in that case.
  warnings.warn(
/nas/home/jahin/.local/lib/python3.10/site-packages/sklearn/metrics/_ranking.py:1046: UserWarning: No positive class found in y_true, recall is set to one for all thresholds.
  warnings.warn(
AUROC test all: 0.7156474291550647, AUPR test all: 0.3188237063816315, AUROC test unknown: nan, AUPR test unknown: 0.0
Epoch: 277, Best AUROC test all: 0.7156474291550647, AUPR test all: 0.3188237063816315, AUROC test unknown: 0.0, AUPR test unknown: 0.0
pseudo_counter: Counter({0: 43519, -1: 2435})
max_probs: 0.16333307325839996， num of >0.5: 0
/nas/home/jahin/.local/lib/python3.10/site-packages/sklearn/metrics/_ranking.py:424: UndefinedMetricWarning: Only one class is present in y_true. ROC AUC score is not defined in that case.
  warnings.warn(
/nas/home/jahin/.local/lib/python3.10/site-packages/sklearn/metrics/_ranking.py:1046: UserWarning: No positive class found in y_true, recall is set to one for all thresholds.
  warnings.warn(
AUROC test all: 0.7165808789275478, AUPR test all: 0.31871590916536674, AUROC test unknown: nan, AUPR test unknown: 0.0
Epoch: 278, Best AUROC test all: 0.7165808789275478, AUPR test all: 0.3188237063816315, AUROC test unknown: 0.0, AUPR test unknown: 0.0
pseudo_counter: Counter({0: 43519, -1: 2435})
max_probs: 0.16456589102745056， num of >0.5: 0
/nas/home/jahin/.local/lib/python3.10/site-packages/sklearn/metrics/_ranking.py:424: UndefinedMetricWarning: Only one class is present in y_true. ROC AUC score is not defined in that case.
  warnings.warn(
/nas/home/jahin/.local/lib/python3.10/site-packages/sklearn/metrics/_ranking.py:1046: UserWarning: No positive class found in y_true, recall is set to one for all thresholds.
  warnings.warn(
AUROC test all: 0.716781608122304, AUPR test all: 0.3199781397751661, AUROC test unknown: nan, AUPR test unknown: 0.0
Epoch: 279, Best AUROC test all: 0.716781608122304, AUPR test all: 0.3199781397751661, AUROC test unknown: 0.0, AUPR test unknown: 0.0
pseudo_counter: Counter({0: 43519, -1: 2435})
max_probs: 0.1859656572341919， num of >0.5: 0
/nas/home/jahin/.local/lib/python3.10/site-packages/sklearn/metrics/_ranking.py:424: UndefinedMetricWarning: Only one class is present in y_true. ROC AUC score is not defined in that case.
  warnings.warn(
/nas/home/jahin/.local/lib/python3.10/site-packages/sklearn/metrics/_ranking.py:1046: UserWarning: No positive class found in y_true, recall is set to one for all thresholds.
  warnings.warn(
AUROC test all: 0.7182487366469668, AUPR test all: 0.32105769668999506, AUROC test unknown: nan, AUPR test unknown: 0.0
Epoch: 280, Best AUROC test all: 0.7182487366469668, AUPR test all: 0.32105769668999506, AUROC test unknown: 0.0, AUPR test unknown: 0.0
pseudo_counter: Counter({0: 43519, -1: 2435})
max_probs: 0.18408507108688354， num of >0.5: 0
/nas/home/jahin/.local/lib/python3.10/site-packages/sklearn/metrics/_ranking.py:424: UndefinedMetricWarning: Only one class is present in y_true. ROC AUC score is not defined in that case.
  warnings.warn(
/nas/home/jahin/.local/lib/python3.10/site-packages/sklearn/metrics/_ranking.py:1046: UserWarning: No positive class found in y_true, recall is set to one for all thresholds.
  warnings.warn(
AUROC test all: 0.7191546753219593, AUPR test all: 0.32343932598557384, AUROC test unknown: nan, AUPR test unknown: 0.0
Epoch: 281, Best AUROC test all: 0.7191546753219593, AUPR test all: 0.32343932598557384, AUROC test unknown: 0.0, AUPR test unknown: 0.0
pseudo_counter: Counter({0: 43519, -1: 2435})
max_probs: 0.2098572701215744， num of >0.5: 0
/nas/home/jahin/.local/lib/python3.10/site-packages/sklearn/metrics/_ranking.py:424: UndefinedMetricWarning: Only one class is present in y_true. ROC AUC score is not defined in that case.
  warnings.warn(
/nas/home/jahin/.local/lib/python3.10/site-packages/sklearn/metrics/_ranking.py:1046: UserWarning: No positive class found in y_true, recall is set to one for all thresholds.
  warnings.warn(
AUROC test all: 0.719801409863894, AUPR test all: 0.3235662645745445, AUROC test unknown: nan, AUPR test unknown: 0.0
Epoch: 282, Best AUROC test all: 0.719801409863894, AUPR test all: 0.3235662645745445, AUROC test unknown: 0.0, AUPR test unknown: 0.0
pseudo_counter: Counter({0: 43519, -1: 2435})
max_probs: 0.2179945856332779， num of >0.5: 0
/nas/home/jahin/.local/lib/python3.10/site-packages/sklearn/metrics/_ranking.py:424: UndefinedMetricWarning: Only one class is present in y_true. ROC AUC score is not defined in that case.
  warnings.warn(
/nas/home/jahin/.local/lib/python3.10/site-packages/sklearn/metrics/_ranking.py:1046: UserWarning: No positive class found in y_true, recall is set to one for all thresholds.
  warnings.warn(
AUROC test all: 0.7208453002091344, AUPR test all: 0.32402582189895374, AUROC test unknown: nan, AUPR test unknown: 0.0
Epoch: 283, Best AUROC test all: 0.7208453002091344, AUPR test all: 0.32402582189895374, AUROC test unknown: 0.0, AUPR test unknown: 0.0
pseudo_counter: Counter({0: 43519, -1: 2435})
max_probs: 0.21992383897304535， num of >0.5: 0
/nas/home/jahin/.local/lib/python3.10/site-packages/sklearn/metrics/_ranking.py:424: UndefinedMetricWarning: Only one class is present in y_true. ROC AUC score is not defined in that case.
  warnings.warn(
/nas/home/jahin/.local/lib/python3.10/site-packages/sklearn/metrics/_ranking.py:1046: UserWarning: No positive class found in y_true, recall is set to one for all thresholds.
  warnings.warn(
AUROC test all: 0.7221740377727821, AUPR test all: 0.32250684809104524, AUROC test unknown: nan, AUPR test unknown: 0.0
Epoch: 284, Best AUROC test all: 0.7221740377727821, AUPR test all: 0.32402582189895374, AUROC test unknown: 0.0, AUPR test unknown: 0.0
pseudo_counter: Counter({0: 43519, -1: 2435})
max_probs: 0.22493743896484375， num of >0.5: 0
/nas/home/jahin/.local/lib/python3.10/site-packages/sklearn/metrics/_ranking.py:424: UndefinedMetricWarning: Only one class is present in y_true. ROC AUC score is not defined in that case.
  warnings.warn(
/nas/home/jahin/.local/lib/python3.10/site-packages/sklearn/metrics/_ranking.py:1046: UserWarning: No positive class found in y_true, recall is set to one for all thresholds.
  warnings.warn(
AUROC test all: 0.7227190169720357, AUPR test all: 0.3249799740353, AUROC test unknown: nan, AUPR test unknown: 0.0
Epoch: 285, Best AUROC test all: 0.7227190169720357, AUPR test all: 0.3249799740353, AUROC test unknown: 0.0, AUPR test unknown: 0.0
pseudo_counter: Counter({0: 43519, -1: 2435})
max_probs: 0.2280651181936264， num of >0.5: 0
/nas/home/jahin/.local/lib/python3.10/site-packages/sklearn/metrics/_ranking.py:424: UndefinedMetricWarning: Only one class is present in y_true. ROC AUC score is not defined in that case.
  warnings.warn(
/nas/home/jahin/.local/lib/python3.10/site-packages/sklearn/metrics/_ranking.py:1046: UserWarning: No positive class found in y_true, recall is set to one for all thresholds.
  warnings.warn(
AUROC test all: 0.722881665404999, AUPR test all: 0.32515925074799645, AUROC test unknown: nan, AUPR test unknown: 0.0
Epoch: 286, Best AUROC test all: 0.722881665404999, AUPR test all: 0.32515925074799645, AUROC test unknown: 0.0, AUPR test unknown: 0.0
pseudo_counter: Counter({0: 43519, -1: 2435})
max_probs: 0.2695978283882141， num of >0.5: 0
/nas/home/jahin/.local/lib/python3.10/site-packages/sklearn/metrics/_ranking.py:424: UndefinedMetricWarning: Only one class is present in y_true. ROC AUC score is not defined in that case.
  warnings.warn(
/nas/home/jahin/.local/lib/python3.10/site-packages/sklearn/metrics/_ranking.py:1046: UserWarning: No positive class found in y_true, recall is set to one for all thresholds.
  warnings.warn(
AUROC test all: 0.7238259619644646, AUPR test all: 0.3274214081619854, AUROC test unknown: nan, AUPR test unknown: 0.0
Epoch: 287, Best AUROC test all: 0.7238259619644646, AUPR test all: 0.3274214081619854, AUROC test unknown: 0.0, AUPR test unknown: 0.0
pseudo_counter: Counter({0: 43519, -1: 2435})
max_probs: 0.23451250791549683， num of >0.5: 0
/nas/home/jahin/.local/lib/python3.10/site-packages/sklearn/metrics/_ranking.py:424: UndefinedMetricWarning: Only one class is present in y_true. ROC AUC score is not defined in that case.
  warnings.warn(
/nas/home/jahin/.local/lib/python3.10/site-packages/sklearn/metrics/_ranking.py:1046: UserWarning: No positive class found in y_true, recall is set to one for all thresholds.
  warnings.warn(
AUROC test all: 0.7255275136962855, AUPR test all: 0.3290803580681903, AUROC test unknown: nan, AUPR test unknown: 0.0
Epoch: 288, Best AUROC test all: 0.7255275136962855, AUPR test all: 0.3290803580681903, AUROC test unknown: 0.0, AUPR test unknown: 0.0
pseudo_counter: Counter({0: 43519, -1: 2435})
max_probs: 0.28576546907424927， num of >0.5: 0
/nas/home/jahin/.local/lib/python3.10/site-packages/sklearn/metrics/_ranking.py:424: UndefinedMetricWarning: Only one class is present in y_true. ROC AUC score is not defined in that case.
  warnings.warn(
/nas/home/jahin/.local/lib/python3.10/site-packages/sklearn/metrics/_ranking.py:1046: UserWarning: No positive class found in y_true, recall is set to one for all thresholds.
  warnings.warn(
AUROC test all: 0.7253703194482225, AUPR test all: 0.3292643636929537, AUROC test unknown: nan, AUPR test unknown: 0.0
Epoch: 289, Best AUROC test all: 0.7255275136962855, AUPR test all: 0.3292643636929537, AUROC test unknown: 0.0, AUPR test unknown: 0.0
pseudo_counter: Counter({0: 43519, -1: 2435})
max_probs: 0.26674962043762207， num of >0.5: 0
/nas/home/jahin/.local/lib/python3.10/site-packages/sklearn/metrics/_ranking.py:424: UndefinedMetricWarning: Only one class is present in y_true. ROC AUC score is not defined in that case.
  warnings.warn(
/nas/home/jahin/.local/lib/python3.10/site-packages/sklearn/metrics/_ranking.py:1046: UserWarning: No positive class found in y_true, recall is set to one for all thresholds.
  warnings.warn(
AUROC test all: 0.7260989858237749, AUPR test all: 0.3303355343832227, AUROC test unknown: nan, AUPR test unknown: 0.0
Epoch: 290, Best AUROC test all: 0.7260989858237749, AUPR test all: 0.3303355343832227, AUROC test unknown: 0.0, AUPR test unknown: 0.0
pseudo_counter: Counter({0: 43519, -1: 2435})
max_probs: 0.2610105276107788， num of >0.5: 0
/nas/home/jahin/.local/lib/python3.10/site-packages/sklearn/metrics/_ranking.py:424: UndefinedMetricWarning: Only one class is present in y_true. ROC AUC score is not defined in that case.
  warnings.warn(
/nas/home/jahin/.local/lib/python3.10/site-packages/sklearn/metrics/_ranking.py:1046: UserWarning: No positive class found in y_true, recall is set to one for all thresholds.
  warnings.warn(
AUROC test all: 0.7260667369548317, AUPR test all: 0.3283324211791471, AUROC test unknown: nan, AUPR test unknown: 0.0
Epoch: 291, Best AUROC test all: 0.7260989858237749, AUPR test all: 0.3303355343832227, AUROC test unknown: 0.0, AUPR test unknown: 0.0
pseudo_counter: Counter({0: 43519, -1: 2435})
max_probs: 0.27028512954711914， num of >0.5: 0
/nas/home/jahin/.local/lib/python3.10/site-packages/sklearn/metrics/_ranking.py:424: UndefinedMetricWarning: Only one class is present in y_true. ROC AUC score is not defined in that case.
  warnings.warn(
/nas/home/jahin/.local/lib/python3.10/site-packages/sklearn/metrics/_ranking.py:1046: UserWarning: No positive class found in y_true, recall is set to one for all thresholds.
  warnings.warn(
AUROC test all: 0.7262684350525885, AUPR test all: 0.33201714018493905, AUROC test unknown: nan, AUPR test unknown: 0.0
Epoch: 292, Best AUROC test all: 0.7262684350525885, AUPR test all: 0.33201714018493905, AUROC test unknown: 0.0, AUPR test unknown: 0.0
pseudo_counter: Counter({0: 43519, -1: 2435})
max_probs: 0.3304807245731354， num of >0.5: 0
/nas/home/jahin/.local/lib/python3.10/site-packages/sklearn/metrics/_ranking.py:424: UndefinedMetricWarning: Only one class is present in y_true. ROC AUC score is not defined in that case.
  warnings.warn(
/nas/home/jahin/.local/lib/python3.10/site-packages/sklearn/metrics/_ranking.py:1046: UserWarning: No positive class found in y_true, recall is set to one for all thresholds.
  warnings.warn(
AUROC test all: 0.7275399437036154, AUPR test all: 0.3333363513395742, AUROC test unknown: nan, AUPR test unknown: 0.0
Epoch: 293, Best AUROC test all: 0.7275399437036154, AUPR test all: 0.3333363513395742, AUROC test unknown: 0.0, AUPR test unknown: 0.0
pseudo_counter: Counter({0: 43519, -1: 2435})
max_probs: 0.30523771047592163， num of >0.5: 0
/nas/home/jahin/.local/lib/python3.10/site-packages/sklearn/metrics/_ranking.py:424: UndefinedMetricWarning: Only one class is present in y_true. ROC AUC score is not defined in that case.
  warnings.warn(
/nas/home/jahin/.local/lib/python3.10/site-packages/sklearn/metrics/_ranking.py:1046: UserWarning: No positive class found in y_true, recall is set to one for all thresholds.
  warnings.warn(
AUROC test all: 0.7288568101527437, AUPR test all: 0.33449361052565063, AUROC test unknown: nan, AUPR test unknown: 0.0
Epoch: 294, Best AUROC test all: 0.7288568101527437, AUPR test all: 0.33449361052565063, AUROC test unknown: 0.0, AUPR test unknown: 0.0
pseudo_counter: Counter({0: 43519, -1: 2435})
max_probs: 0.24781794846057892， num of >0.5: 0
/nas/home/jahin/.local/lib/python3.10/site-packages/sklearn/metrics/_ranking.py:424: UndefinedMetricWarning: Only one class is present in y_true. ROC AUC score is not defined in that case.
  warnings.warn(
/nas/home/jahin/.local/lib/python3.10/site-packages/sklearn/metrics/_ranking.py:1046: UserWarning: No positive class found in y_true, recall is set to one for all thresholds.
  warnings.warn(
AUROC test all: 0.7297547882221498, AUPR test all: 0.3373015498998017, AUROC test unknown: nan, AUPR test unknown: 0.0
Epoch: 295, Best AUROC test all: 0.7297547882221498, AUPR test all: 0.3373015498998017, AUROC test unknown: 0.0, AUPR test unknown: 0.0
pseudo_counter: Counter({0: 43519, -1: 2435})
max_probs: 0.2896735370159149， num of >0.5: 0
/nas/home/jahin/.local/lib/python3.10/site-packages/sklearn/metrics/_ranking.py:424: UndefinedMetricWarning: Only one class is present in y_true. ROC AUC score is not defined in that case.
  warnings.warn(
/nas/home/jahin/.local/lib/python3.10/site-packages/sklearn/metrics/_ranking.py:1046: UserWarning: No positive class found in y_true, recall is set to one for all thresholds.
  warnings.warn(
AUROC test all: 0.7302252296314482, AUPR test all: 0.3378460368264208, AUROC test unknown: nan, AUPR test unknown: 0.0
Epoch: 296, Best AUROC test all: 0.7302252296314482, AUPR test all: 0.3378460368264208, AUROC test unknown: 0.0, AUPR test unknown: 0.0
pseudo_counter: Counter({0: 43519, -1: 2435})
max_probs: 0.37604185938835144， num of >0.5: 0
/nas/home/jahin/.local/lib/python3.10/site-packages/sklearn/metrics/_ranking.py:424: UndefinedMetricWarning: Only one class is present in y_true. ROC AUC score is not defined in that case.
  warnings.warn(
/nas/home/jahin/.local/lib/python3.10/site-packages/sklearn/metrics/_ranking.py:1046: UserWarning: No positive class found in y_true, recall is set to one for all thresholds.
  warnings.warn(
AUROC test all: 0.7303183325882223, AUPR test all: 0.3384315996396276, AUROC test unknown: nan, AUPR test unknown: 0.0
Epoch: 297, Best AUROC test all: 0.7303183325882223, AUPR test all: 0.3384315996396276, AUROC test unknown: 0.0, AUPR test unknown: 0.0
pseudo_counter: Counter({0: 43519, -1: 2435})
max_probs: 0.3107154667377472， num of >0.5: 0
/nas/home/jahin/.local/lib/python3.10/site-packages/sklearn/metrics/_ranking.py:424: UndefinedMetricWarning: Only one class is present in y_true. ROC AUC score is not defined in that case.
  warnings.warn(
/nas/home/jahin/.local/lib/python3.10/site-packages/sklearn/metrics/_ranking.py:1046: UserWarning: No positive class found in y_true, recall is set to one for all thresholds.
  warnings.warn(
AUROC test all: 0.7311528064558697, AUPR test all: 0.34005344365460655, AUROC test unknown: nan, AUPR test unknown: 0.0
Epoch: 298, Best AUROC test all: 0.7311528064558697, AUPR test all: 0.34005344365460655, AUROC test unknown: 0.0, AUPR test unknown: 0.0
pseudo_counter: Counter({0: 43519, -1: 2435})
max_probs: 0.3144247233867645， num of >0.5: 0
/nas/home/jahin/.local/lib/python3.10/site-packages/sklearn/metrics/_ranking.py:424: UndefinedMetricWarning: Only one class is present in y_true. ROC AUC score is not defined in that case.
  warnings.warn(
/nas/home/jahin/.local/lib/python3.10/site-packages/sklearn/metrics/_ranking.py:1046: UserWarning: No positive class found in y_true, recall is set to one for all thresholds.
  warnings.warn(
AUROC test all: 0.7325357225298941, AUPR test all: 0.3428461510986677, AUROC test unknown: nan, AUPR test unknown: 0.0
Epoch: 299, Best AUROC test all: 0.7325357225298941, AUPR test all: 0.3428461510986677, AUROC test unknown: 0.0, AUPR test unknown: 0.0
pseudo_counter: Counter({0: 43519, -1: 2435})
max_probs: 0.33005189895629883， num of >0.5: 0
/nas/home/jahin/.local/lib/python3.10/site-packages/sklearn/metrics/_ranking.py:424: UndefinedMetricWarning: Only one class is present in y_true. ROC AUC score is not defined in that case.
  warnings.warn(
/nas/home/jahin/.local/lib/python3.10/site-packages/sklearn/metrics/_ranking.py:1046: UserWarning: No positive class found in y_true, recall is set to one for all thresholds.
  warnings.warn(
AUROC test all: 0.7323191213902194, AUPR test all: 0.34234053012619947, AUROC test unknown: nan, AUPR test unknown: 0.0
Epoch: 300, Best AUROC test all: 0.7325357225298941, AUPR test all: 0.3428461510986677, AUROC test unknown: 0.0, AUPR test unknown: 0.0
pseudo_counter: Counter({0: 43519, -1: 2435})
max_probs: 0.3454952836036682， num of >0.5: 0
/nas/home/jahin/.local/lib/python3.10/site-packages/sklearn/metrics/_ranking.py:424: UndefinedMetricWarning: Only one class is present in y_true. ROC AUC score is not defined in that case.
  warnings.warn(
/nas/home/jahin/.local/lib/python3.10/site-packages/sklearn/metrics/_ranking.py:1046: UserWarning: No positive class found in y_true, recall is set to one for all thresholds.
  warnings.warn(
AUROC test all: 0.7337719278042127, AUPR test all: 0.34480446375258494, AUROC test unknown: nan, AUPR test unknown: 0.0
Epoch: 301, Best AUROC test all: 0.7337719278042127, AUPR test all: 0.34480446375258494, AUROC test unknown: 0.0, AUPR test unknown: 0.0
pseudo_counter: Counter({0: 43519, -1: 2435})
max_probs: 0.33071190118789673， num of >0.5: 0
/nas/home/jahin/.local/lib/python3.10/site-packages/sklearn/metrics/_ranking.py:424: UndefinedMetricWarning: Only one class is present in y_true. ROC AUC score is not defined in that case.
  warnings.warn(
/nas/home/jahin/.local/lib/python3.10/site-packages/sklearn/metrics/_ranking.py:1046: UserWarning: No positive class found in y_true, recall is set to one for all thresholds.
  warnings.warn(
AUROC test all: 0.7342326083368831, AUPR test all: 0.346935104441208, AUROC test unknown: nan, AUPR test unknown: 0.0
Epoch: 302, Best AUROC test all: 0.7342326083368831, AUPR test all: 0.346935104441208, AUROC test unknown: 0.0, AUPR test unknown: 0.0
pseudo_counter: Counter({0: 43519, -1: 2435})
max_probs: 0.351119726896286， num of >0.5: 0
/nas/home/jahin/.local/lib/python3.10/site-packages/sklearn/metrics/_ranking.py:424: UndefinedMetricWarning: Only one class is present in y_true. ROC AUC score is not defined in that case.
  warnings.warn(
/nas/home/jahin/.local/lib/python3.10/site-packages/sklearn/metrics/_ranking.py:1046: UserWarning: No positive class found in y_true, recall is set to one for all thresholds.
  warnings.warn(
AUROC test all: 0.7345678651972152, AUPR test all: 0.3461742408939549, AUROC test unknown: nan, AUPR test unknown: 0.0
Epoch: 303, Best AUROC test all: 0.7345678651972152, AUPR test all: 0.346935104441208, AUROC test unknown: 0.0, AUPR test unknown: 0.0
pseudo_counter: Counter({0: 43519, -1: 2435})
max_probs: 0.3649477958679199， num of >0.5: 0
/nas/home/jahin/.local/lib/python3.10/site-packages/sklearn/metrics/_ranking.py:424: UndefinedMetricWarning: Only one class is present in y_true. ROC AUC score is not defined in that case.
  warnings.warn(
/nas/home/jahin/.local/lib/python3.10/site-packages/sklearn/metrics/_ranking.py:1046: UserWarning: No positive class found in y_true, recall is set to one for all thresholds.
  warnings.warn(
AUROC test all: 0.7360036193289481, AUPR test all: 0.35018879150246995, AUROC test unknown: nan, AUPR test unknown: 0.0
Epoch: 304, Best AUROC test all: 0.7360036193289481, AUPR test all: 0.35018879150246995, AUROC test unknown: 0.0, AUPR test unknown: 0.0
pseudo_counter: Counter({0: 43519, -1: 2435})
max_probs: 0.3244665563106537， num of >0.5: 0
/nas/home/jahin/.local/lib/python3.10/site-packages/sklearn/metrics/_ranking.py:424: UndefinedMetricWarning: Only one class is present in y_true. ROC AUC score is not defined in that case.
  warnings.warn(
/nas/home/jahin/.local/lib/python3.10/site-packages/sklearn/metrics/_ranking.py:1046: UserWarning: No positive class found in y_true, recall is set to one for all thresholds.
  warnings.warn(
AUROC test all: 0.7357808393798834, AUPR test all: 0.3505690055339854, AUROC test unknown: nan, AUPR test unknown: 0.0
Epoch: 305, Best AUROC test all: 0.7360036193289481, AUPR test all: 0.3505690055339854, AUROC test unknown: 0.0, AUPR test unknown: 0.0
pseudo_counter: Counter({0: 43519, -1: 2435})
max_probs: 0.35795125365257263， num of >0.5: 0
/nas/home/jahin/.local/lib/python3.10/site-packages/sklearn/metrics/_ranking.py:424: UndefinedMetricWarning: Only one class is present in y_true. ROC AUC score is not defined in that case.
  warnings.warn(
/nas/home/jahin/.local/lib/python3.10/site-packages/sklearn/metrics/_ranking.py:1046: UserWarning: No positive class found in y_true, recall is set to one for all thresholds.
  warnings.warn(
AUROC test all: 0.7366325153813145, AUPR test all: 0.3510140061474677, AUROC test unknown: nan, AUPR test unknown: 0.0
Epoch: 306, Best AUROC test all: 0.7366325153813145, AUPR test all: 0.3510140061474677, AUROC test unknown: 0.0, AUPR test unknown: 0.0
pseudo_counter: Counter({0: 43519, -1: 2435})
max_probs: 0.43976789712905884， num of >0.5: 0
/nas/home/jahin/.local/lib/python3.10/site-packages/sklearn/metrics/_ranking.py:424: UndefinedMetricWarning: Only one class is present in y_true. ROC AUC score is not defined in that case.
  warnings.warn(
/nas/home/jahin/.local/lib/python3.10/site-packages/sklearn/metrics/_ranking.py:1046: UserWarning: No positive class found in y_true, recall is set to one for all thresholds.
  warnings.warn(
AUROC test all: 0.7359856227768141, AUPR test all: 0.35232323610157307, AUROC test unknown: nan, AUPR test unknown: 0.0
Epoch: 307, Best AUROC test all: 0.7366325153813145, AUPR test all: 0.35232323610157307, AUROC test unknown: 0.0, AUPR test unknown: 0.0
pseudo_counter: Counter({0: 43519, -1: 2435})
max_probs: 0.4242393970489502， num of >0.5: 0
/nas/home/jahin/.local/lib/python3.10/site-packages/sklearn/metrics/_ranking.py:424: UndefinedMetricWarning: Only one class is present in y_true. ROC AUC score is not defined in that case.
  warnings.warn(
/nas/home/jahin/.local/lib/python3.10/site-packages/sklearn/metrics/_ranking.py:1046: UserWarning: No positive class found in y_true, recall is set to one for all thresholds.
  warnings.warn(
AUROC test all: 0.7376934190063642, AUPR test all: 0.3548446396794477, AUROC test unknown: nan, AUPR test unknown: 0.0
Epoch: 308, Best AUROC test all: 0.7376934190063642, AUPR test all: 0.3548446396794477, AUROC test unknown: 0.0, AUPR test unknown: 0.0
pseudo_counter: Counter({0: 43519, -1: 2435})
max_probs: 0.3784353733062744， num of >0.5: 0
/nas/home/jahin/.local/lib/python3.10/site-packages/sklearn/metrics/_ranking.py:424: UndefinedMetricWarning: Only one class is present in y_true. ROC AUC score is not defined in that case.
  warnings.warn(
/nas/home/jahin/.local/lib/python3.10/site-packages/sklearn/metrics/_ranking.py:1046: UserWarning: No positive class found in y_true, recall is set to one for all thresholds.
  warnings.warn(
AUROC test all: 0.7373917247817561, AUPR test all: 0.3537083792556675, AUROC test unknown: nan, AUPR test unknown: 0.0
Epoch: 309, Best AUROC test all: 0.7376934190063642, AUPR test all: 0.3548446396794477, AUROC test unknown: 0.0, AUPR test unknown: 0.0
pseudo_counter: Counter({0: 43519, -1: 2435})
max_probs: 0.39289599657058716， num of >0.5: 0
/nas/home/jahin/.local/lib/python3.10/site-packages/sklearn/metrics/_ranking.py:424: UndefinedMetricWarning: Only one class is present in y_true. ROC AUC score is not defined in that case.
  warnings.warn(
/nas/home/jahin/.local/lib/python3.10/site-packages/sklearn/metrics/_ranking.py:1046: UserWarning: No positive class found in y_true, recall is set to one for all thresholds.
  warnings.warn(
AUROC test all: 0.7372588721688254, AUPR test all: 0.3525333625547324, AUROC test unknown: nan, AUPR test unknown: 0.0
Epoch: 310, Best AUROC test all: 0.7376934190063642, AUPR test all: 0.3548446396794477, AUROC test unknown: 0.0, AUPR test unknown: 0.0
pseudo_counter: Counter({0: 43519, -1: 2435})
max_probs: 0.4686238169670105， num of >0.5: 0
/nas/home/jahin/.local/lib/python3.10/site-packages/sklearn/metrics/_ranking.py:424: UndefinedMetricWarning: Only one class is present in y_true. ROC AUC score is not defined in that case.
  warnings.warn(
/nas/home/jahin/.local/lib/python3.10/site-packages/sklearn/metrics/_ranking.py:1046: UserWarning: No positive class found in y_true, recall is set to one for all thresholds.
  warnings.warn(
AUROC test all: 0.7372182500894162, AUPR test all: 0.35458156642563865, AUROC test unknown: nan, AUPR test unknown: 0.0
Epoch: 311, Best AUROC test all: 0.7376934190063642, AUPR test all: 0.3548446396794477, AUROC test unknown: 0.0, AUPR test unknown: 0.0
pseudo_counter: Counter({0: 43519, -1: 2435})
max_probs: 0.47938409447669983， num of >0.5: 0
/nas/home/jahin/.local/lib/python3.10/site-packages/sklearn/metrics/_ranking.py:424: UndefinedMetricWarning: Only one class is present in y_true. ROC AUC score is not defined in that case.
  warnings.warn(
/nas/home/jahin/.local/lib/python3.10/site-packages/sklearn/metrics/_ranking.py:1046: UserWarning: No positive class found in y_true, recall is set to one for all thresholds.
  warnings.warn(
AUROC test all: 0.7353641536122795, AUPR test all: 0.3499678618345158, AUROC test unknown: nan, AUPR test unknown: 0.0
Epoch: 312, Best AUROC test all: 0.7376934190063642, AUPR test all: 0.3548446396794477, AUROC test unknown: 0.0, AUPR test unknown: 0.0
pseudo_counter: Counter({0: 43519, -1: 2435})
max_probs: 0.4317265748977661， num of >0.5: 0
/nas/home/jahin/.local/lib/python3.10/site-packages/sklearn/metrics/_ranking.py:424: UndefinedMetricWarning: Only one class is present in y_true. ROC AUC score is not defined in that case.
  warnings.warn(
/nas/home/jahin/.local/lib/python3.10/site-packages/sklearn/metrics/_ranking.py:1046: UserWarning: No positive class found in y_true, recall is set to one for all thresholds.
  warnings.warn(
AUROC test all: 0.7367505963290055, AUPR test all: 0.3501662039762226, AUROC test unknown: nan, AUPR test unknown: 0.0
Epoch: 313, Best AUROC test all: 0.7376934190063642, AUPR test all: 0.3548446396794477, AUROC test unknown: 0.0, AUPR test unknown: 0.0
pseudo_counter: Counter({0: 43519, -1: 2435})
max_probs: 0.426282674074173， num of >0.5: 0
/nas/home/jahin/.local/lib/python3.10/site-packages/sklearn/metrics/_ranking.py:424: UndefinedMetricWarning: Only one class is present in y_true. ROC AUC score is not defined in that case.
  warnings.warn(
/nas/home/jahin/.local/lib/python3.10/site-packages/sklearn/metrics/_ranking.py:1046: UserWarning: No positive class found in y_true, recall is set to one for all thresholds.
  warnings.warn(
AUROC test all: 0.7374726774485699, AUPR test all: 0.35331006606610416, AUROC test unknown: nan, AUPR test unknown: 0.0
Epoch: 314, Best AUROC test all: 0.7376934190063642, AUPR test all: 0.3548446396794477, AUROC test unknown: 0.0, AUPR test unknown: 0.0
pseudo_counter: Counter({0: 43519, -1: 2435})
max_probs: 0.4710324704647064， num of >0.5: 0
/nas/home/jahin/.local/lib/python3.10/site-packages/sklearn/metrics/_ranking.py:424: UndefinedMetricWarning: Only one class is present in y_true. ROC AUC score is not defined in that case.
  warnings.warn(
/nas/home/jahin/.local/lib/python3.10/site-packages/sklearn/metrics/_ranking.py:1046: UserWarning: No positive class found in y_true, recall is set to one for all thresholds.
  warnings.warn(
AUROC test all: 0.7370142734273992, AUPR test all: 0.3503289297715255, AUROC test unknown: nan, AUPR test unknown: 0.0
Epoch: 315, Best AUROC test all: 0.7376934190063642, AUPR test all: 0.3548446396794477, AUROC test unknown: 0.0, AUPR test unknown: 0.0
pseudo_counter: Counter({0: 43519, -1: 2435})
max_probs: 0.5298073887825012， num of >0.5: 2
/nas/home/jahin/.local/lib/python3.10/site-packages/sklearn/metrics/_ranking.py:424: UndefinedMetricWarning: Only one class is present in y_true. ROC AUC score is not defined in that case.
  warnings.warn(
/nas/home/jahin/.local/lib/python3.10/site-packages/sklearn/metrics/_ranking.py:1046: UserWarning: No positive class found in y_true, recall is set to one for all thresholds.
  warnings.warn(
AUROC test all: 0.738278626154993, AUPR test all: 0.35311636968546706, AUROC test unknown: nan, AUPR test unknown: 0.0
Epoch: 316, Best AUROC test all: 0.738278626154993, AUPR test all: 0.3548446396794477, AUROC test unknown: 0.0, AUPR test unknown: 0.0
pseudo_counter: Counter({0: 43518, -1: 2435, 1: 1})
max_probs: 0.5251635909080505， num of >0.5: 2
/nas/home/jahin/.local/lib/python3.10/site-packages/sklearn/metrics/_ranking.py:424: UndefinedMetricWarning: Only one class is present in y_true. ROC AUC score is not defined in that case.
  warnings.warn(
/nas/home/jahin/.local/lib/python3.10/site-packages/sklearn/metrics/_ranking.py:1046: UserWarning: No positive class found in y_true, recall is set to one for all thresholds.
  warnings.warn(
AUROC test all: 0.7391540156468146, AUPR test all: 0.3538411162681516, AUROC test unknown: nan, AUPR test unknown: 0.0
Epoch: 317, Best AUROC test all: 0.7391540156468146, AUPR test all: 0.3548446396794477, AUROC test unknown: 0.0, AUPR test unknown: 0.0
pseudo_counter: Counter({0: 43517, -1: 2435, 1: 2})
max_probs: 0.4863208830356598， num of >0.5: 0
/nas/home/jahin/.local/lib/python3.10/site-packages/sklearn/metrics/_ranking.py:424: UndefinedMetricWarning: Only one class is present in y_true. ROC AUC score is not defined in that case.
  warnings.warn(
/nas/home/jahin/.local/lib/python3.10/site-packages/sklearn/metrics/_ranking.py:1046: UserWarning: No positive class found in y_true, recall is set to one for all thresholds.
  warnings.warn(
AUROC test all: 0.7387083531106553, AUPR test all: 0.35470421802294355, AUROC test unknown: nan, AUPR test unknown: 0.0
Epoch: 318, Best AUROC test all: 0.7391540156468146, AUPR test all: 0.3548446396794477, AUROC test unknown: 0.0, AUPR test unknown: 0.0
pseudo_counter: Counter({0: 43519, -1: 2435})
max_probs: 0.4810137152671814， num of >0.5: 0
/nas/home/jahin/.local/lib/python3.10/site-packages/sklearn/metrics/_ranking.py:424: UndefinedMetricWarning: Only one class is present in y_true. ROC AUC score is not defined in that case.
  warnings.warn(
/nas/home/jahin/.local/lib/python3.10/site-packages/sklearn/metrics/_ranking.py:1046: UserWarning: No positive class found in y_true, recall is set to one for all thresholds.
  warnings.warn(
AUROC test all: 0.7393533859140571, AUPR test all: 0.3565170587015736, AUROC test unknown: nan, AUPR test unknown: 0.0
Epoch: 319, Best AUROC test all: 0.7393533859140571, AUPR test all: 0.3565170587015736, AUROC test unknown: 0.0, AUPR test unknown: 0.0
pseudo_counter: Counter({0: 43519, -1: 2435})
max_probs: 0.5660418272018433， num of >0.5: 3
/nas/home/jahin/.local/lib/python3.10/site-packages/sklearn/metrics/_ranking.py:424: UndefinedMetricWarning: Only one class is present in y_true. ROC AUC score is not defined in that case.
  warnings.warn(
/nas/home/jahin/.local/lib/python3.10/site-packages/sklearn/metrics/_ranking.py:1046: UserWarning: No positive class found in y_true, recall is set to one for all thresholds.
  warnings.warn(
AUROC test all: 0.7414535652785301, AUPR test all: 0.35720129705064707, AUROC test unknown: nan, AUPR test unknown: 0.0
Epoch: 320, Best AUROC test all: 0.7414535652785301, AUPR test all: 0.35720129705064707, AUROC test unknown: 0.0, AUPR test unknown: 0.0
pseudo_counter: Counter({0: 43518, -1: 2435, 1: 1})
max_probs: 0.5843320488929749， num of >0.5: 4
/nas/home/jahin/.local/lib/python3.10/site-packages/sklearn/metrics/_ranking.py:424: UndefinedMetricWarning: Only one class is present in y_true. ROC AUC score is not defined in that case.
  warnings.warn(
/nas/home/jahin/.local/lib/python3.10/site-packages/sklearn/metrics/_ranking.py:1046: UserWarning: No positive class found in y_true, recall is set to one for all thresholds.
  warnings.warn(
AUROC test all: 0.7399799028168941, AUPR test all: 0.35877185477157186, AUROC test unknown: nan, AUPR test unknown: 0.0
Epoch: 321, Best AUROC test all: 0.7414535652785301, AUPR test all: 0.35877185477157186, AUROC test unknown: 0.0, AUPR test unknown: 0.0
pseudo_counter: Counter({0: 43517, -1: 2435, 1: 2})
max_probs: 0.546952486038208， num of >0.5: 1
/nas/home/jahin/.local/lib/python3.10/site-packages/sklearn/metrics/_ranking.py:424: UndefinedMetricWarning: Only one class is present in y_true. ROC AUC score is not defined in that case.
  warnings.warn(
/nas/home/jahin/.local/lib/python3.10/site-packages/sklearn/metrics/_ranking.py:1046: UserWarning: No positive class found in y_true, recall is set to one for all thresholds.
  warnings.warn(
AUROC test all: 0.7404610760585817, AUPR test all: 0.358491260840233, AUROC test unknown: nan, AUPR test unknown: 0.0
Epoch: 322, Best AUROC test all: 0.7414535652785301, AUPR test all: 0.35877185477157186, AUROC test unknown: 0.0, AUPR test unknown: 0.0
pseudo_counter: Counter({0: 43516, -1: 2435, 1: 3})
max_probs: 0.5330899357795715， num of >0.5: 5
/nas/home/jahin/.local/lib/python3.10/site-packages/sklearn/metrics/_ranking.py:424: UndefinedMetricWarning: Only one class is present in y_true. ROC AUC score is not defined in that case.
  warnings.warn(
/nas/home/jahin/.local/lib/python3.10/site-packages/sklearn/metrics/_ranking.py:1046: UserWarning: No positive class found in y_true, recall is set to one for all thresholds.
  warnings.warn(
AUROC test all: 0.7425735555645384, AUPR test all: 0.36281674783209206, AUROC test unknown: nan, AUPR test unknown: 0.0
Epoch: 323, Best AUROC test all: 0.7425735555645384, AUPR test all: 0.36281674783209206, AUROC test unknown: 0.0, AUPR test unknown: 0.0
pseudo_counter: Counter({0: 43515, -1: 2435, 1: 4})
max_probs: 0.6339707970619202， num of >0.5: 10
/nas/home/jahin/.local/lib/python3.10/site-packages/sklearn/metrics/_ranking.py:424: UndefinedMetricWarning: Only one class is present in y_true. ROC AUC score is not defined in that case.
  warnings.warn(
/nas/home/jahin/.local/lib/python3.10/site-packages/sklearn/metrics/_ranking.py:1046: UserWarning: No positive class found in y_true, recall is set to one for all thresholds.
  warnings.warn(
AUROC test all: 0.7412339999525566, AUPR test all: 0.3619638437152054, AUROC test unknown: nan, AUPR test unknown: 0.0
Epoch: 324, Best AUROC test all: 0.7425735555645384, AUPR test all: 0.36281674783209206, AUROC test unknown: 0.0, AUPR test unknown: 0.0
pseudo_counter: Counter({0: 43514, -1: 2435, 1: 5})
max_probs: 0.6048983335494995， num of >0.5: 7
/nas/home/jahin/.local/lib/python3.10/site-packages/sklearn/metrics/_ranking.py:424: UndefinedMetricWarning: Only one class is present in y_true. ROC AUC score is not defined in that case.
  warnings.warn(
/nas/home/jahin/.local/lib/python3.10/site-packages/sklearn/metrics/_ranking.py:1046: UserWarning: No positive class found in y_true, recall is set to one for all thresholds.
  warnings.warn(
AUROC test all: 0.7427096515392088, AUPR test all: 0.36472613270429705, AUROC test unknown: nan, AUPR test unknown: 0.0
Epoch: 325, Best AUROC test all: 0.7427096515392088, AUPR test all: 0.36472613270429705, AUROC test unknown: 0.0, AUPR test unknown: 0.0
pseudo_counter: Counter({0: 43513, -1: 2435, 1: 6})
max_probs: 0.6369600892066956， num of >0.5: 15
/nas/home/jahin/.local/lib/python3.10/site-packages/sklearn/metrics/_ranking.py:424: UndefinedMetricWarning: Only one class is present in y_true. ROC AUC score is not defined in that case.
  warnings.warn(
/nas/home/jahin/.local/lib/python3.10/site-packages/sklearn/metrics/_ranking.py:1046: UserWarning: No positive class found in y_true, recall is set to one for all thresholds.
  warnings.warn(
AUROC test all: 0.7432752856155667, AUPR test all: 0.3655792118943516, AUROC test unknown: nan, AUPR test unknown: 0.0
Epoch: 326, Best AUROC test all: 0.7432752856155667, AUPR test all: 0.3655792118943516, AUROC test unknown: 0.0, AUPR test unknown: 0.0
pseudo_counter: Counter({0: 43513, -1: 2435, 1: 6})
max_probs: 0.6172548532485962， num of >0.5: 8
/nas/home/jahin/.local/lib/python3.10/site-packages/sklearn/metrics/_ranking.py:424: UndefinedMetricWarning: Only one class is present in y_true. ROC AUC score is not defined in that case.
  warnings.warn(
/nas/home/jahin/.local/lib/python3.10/site-packages/sklearn/metrics/_ranking.py:1046: UserWarning: No positive class found in y_true, recall is set to one for all thresholds.
  warnings.warn(
AUROC test all: 0.7437182118218533, AUPR test all: 0.3692411436069521, AUROC test unknown: nan, AUPR test unknown: 0.0
Epoch: 327, Best AUROC test all: 0.7437182118218533, AUPR test all: 0.3692411436069521, AUROC test unknown: 0.0, AUPR test unknown: 0.0
pseudo_counter: Counter({0: 43512, -1: 2435, 1: 7})
max_probs: 0.6067368388175964， num of >0.5: 8
/nas/home/jahin/.local/lib/python3.10/site-packages/sklearn/metrics/_ranking.py:424: UndefinedMetricWarning: Only one class is present in y_true. ROC AUC score is not defined in that case.
  warnings.warn(
/nas/home/jahin/.local/lib/python3.10/site-packages/sklearn/metrics/_ranking.py:1046: UserWarning: No positive class found in y_true, recall is set to one for all thresholds.
  warnings.warn(
AUROC test all: 0.7418565078139523, AUPR test all: 0.3644330458980721, AUROC test unknown: nan, AUPR test unknown: 0.0
Epoch: 328, Best AUROC test all: 0.7437182118218533, AUPR test all: 0.3692411436069521, AUROC test unknown: 0.0, AUPR test unknown: 0.0
pseudo_counter: Counter({0: 43511, -1: 2435, 1: 8})
max_probs: 0.560610830783844， num of >0.5: 7
/nas/home/jahin/.local/lib/python3.10/site-packages/sklearn/metrics/_ranking.py:424: UndefinedMetricWarning: Only one class is present in y_true. ROC AUC score is not defined in that case.
  warnings.warn(
/nas/home/jahin/.local/lib/python3.10/site-packages/sklearn/metrics/_ranking.py:1046: UserWarning: No positive class found in y_true, recall is set to one for all thresholds.
  warnings.warn(
AUROC test all: 0.7432655432137841, AUPR test all: 0.3687227234753104, AUROC test unknown: nan, AUPR test unknown: 0.0
Epoch: 329, Best AUROC test all: 0.7437182118218533, AUPR test all: 0.3692411436069521, AUROC test unknown: 0.0, AUPR test unknown: 0.0
pseudo_counter: Counter({0: 43510, -1: 2435, 1: 9})
max_probs: 0.6062867641448975， num of >0.5: 6
/nas/home/jahin/.local/lib/python3.10/site-packages/sklearn/metrics/_ranking.py:424: UndefinedMetricWarning: Only one class is present in y_true. ROC AUC score is not defined in that case.
  warnings.warn(
/nas/home/jahin/.local/lib/python3.10/site-packages/sklearn/metrics/_ranking.py:1046: UserWarning: No positive class found in y_true, recall is set to one for all thresholds.
  warnings.warn(
AUROC test all: 0.7437968448691952, AUPR test all: 0.37188614095347305, AUROC test unknown: nan, AUPR test unknown: 0.0
Epoch: 330, Best AUROC test all: 0.7437968448691952, AUPR test all: 0.37188614095347305, AUROC test unknown: 0.0, AUPR test unknown: 0.0
pseudo_counter: Counter({0: 43509, -1: 2435, 1: 10})
max_probs: 0.6140091419219971， num of >0.5: 5
/nas/home/jahin/.local/lib/python3.10/site-packages/sklearn/metrics/_ranking.py:424: UndefinedMetricWarning: Only one class is present in y_true. ROC AUC score is not defined in that case.
  warnings.warn(
/nas/home/jahin/.local/lib/python3.10/site-packages/sklearn/metrics/_ranking.py:1046: UserWarning: No positive class found in y_true, recall is set to one for all thresholds.
  warnings.warn(
AUROC test all: 0.743588608728944, AUPR test all: 0.37118032927230576, AUROC test unknown: nan, AUPR test unknown: 0.0
Epoch: 331, Best AUROC test all: 0.7437968448691952, AUPR test all: 0.37188614095347305, AUROC test unknown: 0.0, AUPR test unknown: 0.0
pseudo_counter: Counter({0: 43508, -1: 2435, 1: 11})
max_probs: 0.6680887341499329， num of >0.5: 11
/nas/home/jahin/.local/lib/python3.10/site-packages/sklearn/metrics/_ranking.py:424: UndefinedMetricWarning: Only one class is present in y_true. ROC AUC score is not defined in that case.
  warnings.warn(
/nas/home/jahin/.local/lib/python3.10/site-packages/sklearn/metrics/_ranking.py:1046: UserWarning: No positive class found in y_true, recall is set to one for all thresholds.
  warnings.warn(
AUROC test all: 0.7443948160832019, AUPR test all: 0.37052097684830937, AUROC test unknown: nan, AUPR test unknown: 0.0
Epoch: 332, Best AUROC test all: 0.7443948160832019, AUPR test all: 0.37188614095347305, AUROC test unknown: 0.0, AUPR test unknown: 0.0
pseudo_counter: Counter({0: 43507, -1: 2435, 1: 12})
max_probs: 0.6407720446586609， num of >0.5: 5
/nas/home/jahin/.local/lib/python3.10/site-packages/sklearn/metrics/_ranking.py:424: UndefinedMetricWarning: Only one class is present in y_true. ROC AUC score is not defined in that case.
  warnings.warn(
/nas/home/jahin/.local/lib/python3.10/site-packages/sklearn/metrics/_ranking.py:1046: UserWarning: No positive class found in y_true, recall is set to one for all thresholds.
  warnings.warn(
AUROC test all: 0.7435353970688072, AUPR test all: 0.3687596826647717, AUROC test unknown: nan, AUPR test unknown: 0.0
Epoch: 333, Best AUROC test all: 0.7443948160832019, AUPR test all: 0.37188614095347305, AUROC test unknown: 0.0, AUPR test unknown: 0.0
pseudo_counter: Counter({0: 43507, -1: 2435, 1: 12})
max_probs: 0.6198379993438721， num of >0.5: 13
/nas/home/jahin/.local/lib/python3.10/site-packages/sklearn/metrics/_ranking.py:424: UndefinedMetricWarning: Only one class is present in y_true. ROC AUC score is not defined in that case.
  warnings.warn(
/nas/home/jahin/.local/lib/python3.10/site-packages/sklearn/metrics/_ranking.py:1046: UserWarning: No positive class found in y_true, recall is set to one for all thresholds.
  warnings.warn(
AUROC test all: 0.7445541452022835, AUPR test all: 0.3708834134534943, AUROC test unknown: nan, AUPR test unknown: 0.0
Epoch: 334, Best AUROC test all: 0.7445541452022835, AUPR test all: 0.37188614095347305, AUROC test unknown: 0.0, AUPR test unknown: 0.0
pseudo_counter: Counter({0: 43506, -1: 2435, 1: 13})
max_probs: 0.6708400249481201， num of >0.5: 15
/nas/home/jahin/.local/lib/python3.10/site-packages/sklearn/metrics/_ranking.py:424: UndefinedMetricWarning: Only one class is present in y_true. ROC AUC score is not defined in that case.
  warnings.warn(
/nas/home/jahin/.local/lib/python3.10/site-packages/sklearn/metrics/_ranking.py:1046: UserWarning: No positive class found in y_true, recall is set to one for all thresholds.
  warnings.warn(
AUROC test all: 0.7442143004220222, AUPR test all: 0.36789902894243576, AUROC test unknown: nan, AUPR test unknown: 0.0
Epoch: 335, Best AUROC test all: 0.7445541452022835, AUPR test all: 0.37188614095347305, AUROC test unknown: 0.0, AUPR test unknown: 0.0
pseudo_counter: Counter({0: 43506, -1: 2435, 1: 13})
max_probs: 0.6464689373970032， num of >0.5: 9
/nas/home/jahin/.local/lib/python3.10/site-packages/sklearn/metrics/_ranking.py:424: UndefinedMetricWarning: Only one class is present in y_true. ROC AUC score is not defined in that case.
  warnings.warn(
/nas/home/jahin/.local/lib/python3.10/site-packages/sklearn/metrics/_ranking.py:1046: UserWarning: No positive class found in y_true, recall is set to one for all thresholds.
  warnings.warn(
AUROC test all: 0.7449603598380937, AUPR test all: 0.3682529201586985, AUROC test unknown: nan, AUPR test unknown: 0.0
Epoch: 336, Best AUROC test all: 0.7449603598380937, AUPR test all: 0.37188614095347305, AUROC test unknown: 0.0, AUPR test unknown: 0.0
pseudo_counter: Counter({0: 43505, -1: 2435, 1: 14})
max_probs: 0.6231998801231384， num of >0.5: 5
/nas/home/jahin/.local/lib/python3.10/site-packages/sklearn/metrics/_ranking.py:424: UndefinedMetricWarning: Only one class is present in y_true. ROC AUC score is not defined in that case.
  warnings.warn(
/nas/home/jahin/.local/lib/python3.10/site-packages/sklearn/metrics/_ranking.py:1046: UserWarning: No positive class found in y_true, recall is set to one for all thresholds.
  warnings.warn(
AUROC test all: 0.7460590568384529, AUPR test all: 0.374124819691781, AUROC test unknown: nan, AUPR test unknown: 0.0
Epoch: 337, Best AUROC test all: 0.7460590568384529, AUPR test all: 0.374124819691781, AUROC test unknown: 0.0, AUPR test unknown: 0.0
pseudo_counter: Counter({0: 43505, -1: 2435, 1: 14})
max_probs: 0.646514892578125， num of >0.5: 26
/nas/home/jahin/.local/lib/python3.10/site-packages/sklearn/metrics/_ranking.py:424: UndefinedMetricWarning: Only one class is present in y_true. ROC AUC score is not defined in that case.
  warnings.warn(
/nas/home/jahin/.local/lib/python3.10/site-packages/sklearn/metrics/_ranking.py:1046: UserWarning: No positive class found in y_true, recall is set to one for all thresholds.
  warnings.warn(
AUROC test all: 0.7457488580267007, AUPR test all: 0.3732750635428972, AUROC test unknown: nan, AUPR test unknown: 0.0
Epoch: 338, Best AUROC test all: 0.7460590568384529, AUPR test all: 0.374124819691781, AUROC test unknown: 0.0, AUPR test unknown: 0.0
pseudo_counter: Counter({0: 43504, -1: 2435, 1: 15})
max_probs: 0.6440771818161011， num of >0.5: 18
/nas/home/jahin/.local/lib/python3.10/site-packages/sklearn/metrics/_ranking.py:424: UndefinedMetricWarning: Only one class is present in y_true. ROC AUC score is not defined in that case.
  warnings.warn(
/nas/home/jahin/.local/lib/python3.10/site-packages/sklearn/metrics/_ranking.py:1046: UserWarning: No positive class found in y_true, recall is set to one for all thresholds.
  warnings.warn(
AUROC test all: 0.7466490325499433, AUPR test all: 0.3756162576630351, AUROC test unknown: nan, AUPR test unknown: 0.0
Epoch: 339, Best AUROC test all: 0.7466490325499433, AUPR test all: 0.3756162576630351, AUROC test unknown: 0.0, AUPR test unknown: 0.0
pseudo_counter: Counter({0: 43503, -1: 2435, 1: 16})
max_probs: 0.6581956148147583， num of >0.5: 9
/nas/home/jahin/.local/lib/python3.10/site-packages/sklearn/metrics/_ranking.py:424: UndefinedMetricWarning: Only one class is present in y_true. ROC AUC score is not defined in that case.
  warnings.warn(
/nas/home/jahin/.local/lib/python3.10/site-packages/sklearn/metrics/_ranking.py:1046: UserWarning: No positive class found in y_true, recall is set to one for all thresholds.
  warnings.warn(
AUROC test all: 0.7480509038152995, AUPR test all: 0.37727608103200866, AUROC test unknown: nan, AUPR test unknown: 0.0
Epoch: 340, Best AUROC test all: 0.7480509038152995, AUPR test all: 0.37727608103200866, AUROC test unknown: 0.0, AUPR test unknown: 0.0
pseudo_counter: Counter({0: 43503, -1: 2435, 1: 16})
max_probs: 0.6883840560913086， num of >0.5: 22
/nas/home/jahin/.local/lib/python3.10/site-packages/sklearn/metrics/_ranking.py:424: UndefinedMetricWarning: Only one class is present in y_true. ROC AUC score is not defined in that case.
  warnings.warn(
/nas/home/jahin/.local/lib/python3.10/site-packages/sklearn/metrics/_ranking.py:1046: UserWarning: No positive class found in y_true, recall is set to one for all thresholds.
  warnings.warn(
AUROC test all: 0.7472243104955753, AUPR test all: 0.37869547717912355, AUROC test unknown: nan, AUPR test unknown: 0.0
Epoch: 341, Best AUROC test all: 0.7480509038152995, AUPR test all: 0.37869547717912355, AUROC test unknown: 0.0, AUPR test unknown: 0.0
pseudo_counter: Counter({0: 43502, -1: 2435, 1: 17})
max_probs: 0.7299437522888184， num of >0.5: 38
/nas/home/jahin/.local/lib/python3.10/site-packages/sklearn/metrics/_ranking.py:424: UndefinedMetricWarning: Only one class is present in y_true. ROC AUC score is not defined in that case.
  warnings.warn(
/nas/home/jahin/.local/lib/python3.10/site-packages/sklearn/metrics/_ranking.py:1046: UserWarning: No positive class found in y_true, recall is set to one for all thresholds.
  warnings.warn(
AUROC test all: 0.7465726924361857, AUPR test all: 0.37629170933409334, AUROC test unknown: nan, AUPR test unknown: 0.0
Epoch: 342, Best AUROC test all: 0.7480509038152995, AUPR test all: 0.37869547717912355, AUROC test unknown: 0.0, AUPR test unknown: 0.0
pseudo_counter: Counter({0: 43501, -1: 2435, 1: 18})
max_probs: 0.6785773634910583， num of >0.5: 17
/nas/home/jahin/.local/lib/python3.10/site-packages/sklearn/metrics/_ranking.py:424: UndefinedMetricWarning: Only one class is present in y_true. ROC AUC score is not defined in that case.
  warnings.warn(
/nas/home/jahin/.local/lib/python3.10/site-packages/sklearn/metrics/_ranking.py:1046: UserWarning: No positive class found in y_true, recall is set to one for all thresholds.
  warnings.warn(
AUROC test all: 0.7466571512180954, AUPR test all: 0.3778542488948113, AUROC test unknown: nan, AUPR test unknown: 0.0
Epoch: 343, Best AUROC test all: 0.7480509038152995, AUPR test all: 0.37869547717912355, AUROC test unknown: 0.0, AUPR test unknown: 0.0
pseudo_counter: Counter({0: 43500, -1: 2435, 1: 19})
max_probs: 0.7398630976676941， num of >0.5: 40
/nas/home/jahin/.local/lib/python3.10/site-packages/sklearn/metrics/_ranking.py:424: UndefinedMetricWarning: Only one class is present in y_true. ROC AUC score is not defined in that case.
  warnings.warn(
/nas/home/jahin/.local/lib/python3.10/site-packages/sklearn/metrics/_ranking.py:1046: UserWarning: No positive class found in y_true, recall is set to one for all thresholds.
  warnings.warn(
AUROC test all: 0.7453068535099212, AUPR test all: 0.3766532900431386, AUROC test unknown: nan, AUPR test unknown: 0.0
Epoch: 344, Best AUROC test all: 0.7480509038152995, AUPR test all: 0.37869547717912355, AUROC test unknown: 0.0, AUPR test unknown: 0.0
pseudo_counter: Counter({0: 43498, -1: 2435, 1: 21})
max_probs: 0.7536834478378296， num of >0.5: 76
/nas/home/jahin/.local/lib/python3.10/site-packages/sklearn/metrics/_ranking.py:424: UndefinedMetricWarning: Only one class is present in y_true. ROC AUC score is not defined in that case.
  warnings.warn(
/nas/home/jahin/.local/lib/python3.10/site-packages/sklearn/metrics/_ranking.py:1046: UserWarning: No positive class found in y_true, recall is set to one for all thresholds.
  warnings.warn(
AUROC test all: 0.7451828482951539, AUPR test all: 0.37525726589708364, AUROC test unknown: nan, AUPR test unknown: 0.0
Epoch: 345, Best AUROC test all: 0.7480509038152995, AUPR test all: 0.37869547717912355, AUROC test unknown: 0.0, AUPR test unknown: 0.0
pseudo_counter: Counter({0: 43496, -1: 2435, 1: 23})
max_probs: 0.7480194568634033， num of >0.5: 28
/nas/home/jahin/.local/lib/python3.10/site-packages/sklearn/metrics/_ranking.py:424: UndefinedMetricWarning: Only one class is present in y_true. ROC AUC score is not defined in that case.
  warnings.warn(
/nas/home/jahin/.local/lib/python3.10/site-packages/sklearn/metrics/_ranking.py:1046: UserWarning: No positive class found in y_true, recall is set to one for all thresholds.
  warnings.warn(
AUROC test all: 0.7461534201902323, AUPR test all: 0.37619165749607386, AUROC test unknown: nan, AUPR test unknown: 0.0
Epoch: 346, Best AUROC test all: 0.7480509038152995, AUPR test all: 0.37869547717912355, AUROC test unknown: 0.0, AUPR test unknown: 0.0
pseudo_counter: Counter({0: 43494, -1: 2435, 1: 25})
max_probs: 0.7696349024772644， num of >0.5: 29
/nas/home/jahin/.local/lib/python3.10/site-packages/sklearn/metrics/_ranking.py:424: UndefinedMetricWarning: Only one class is present in y_true. ROC AUC score is not defined in that case.
  warnings.warn(
/nas/home/jahin/.local/lib/python3.10/site-packages/sklearn/metrics/_ranking.py:1046: UserWarning: No positive class found in y_true, recall is set to one for all thresholds.
  warnings.warn(
AUROC test all: 0.7445470036481743, AUPR test all: 0.37498466180935575, AUROC test unknown: nan, AUPR test unknown: 0.0
Epoch: 347, Best AUROC test all: 0.7480509038152995, AUPR test all: 0.37869547717912355, AUROC test unknown: 0.0, AUPR test unknown: 0.0
pseudo_counter: Counter({0: 43494, -1: 2435, 1: 25})
max_probs: 0.7603700160980225， num of >0.5: 97
/nas/home/jahin/.local/lib/python3.10/site-packages/sklearn/metrics/_ranking.py:424: UndefinedMetricWarning: Only one class is present in y_true. ROC AUC score is not defined in that case.
  warnings.warn(
/nas/home/jahin/.local/lib/python3.10/site-packages/sklearn/metrics/_ranking.py:1046: UserWarning: No positive class found in y_true, recall is set to one for all thresholds.
  warnings.warn(
AUROC test all: 0.7455968634212242, AUPR test all: 0.3762861140622221, AUROC test unknown: nan, AUPR test unknown: 0.0
Epoch: 348, Best AUROC test all: 0.7480509038152995, AUPR test all: 0.37869547717912355, AUROC test unknown: 0.0, AUPR test unknown: 0.0
pseudo_counter: Counter({0: 43489, -1: 2435, 1: 30})
max_probs: 0.7465202808380127， num of >0.5: 32
/nas/home/jahin/.local/lib/python3.10/site-packages/sklearn/metrics/_ranking.py:424: UndefinedMetricWarning: Only one class is present in y_true. ROC AUC score is not defined in that case.
  warnings.warn(
/nas/home/jahin/.local/lib/python3.10/site-packages/sklearn/metrics/_ranking.py:1046: UserWarning: No positive class found in y_true, recall is set to one for all thresholds.
  warnings.warn(
AUROC test all: 0.745727141872369, AUPR test all: 0.37626027157357445, AUROC test unknown: nan, AUPR test unknown: 0.0
Epoch: 349, Best AUROC test all: 0.7480509038152995, AUPR test all: 0.37869547717912355, AUROC test unknown: 0.0, AUPR test unknown: 0.0
pseudo_counter: Counter({0: 43488, -1: 2435, 1: 31})
max_probs: 0.7599540948867798， num of >0.5: 28
/nas/home/jahin/.local/lib/python3.10/site-packages/sklearn/metrics/_ranking.py:424: UndefinedMetricWarning: Only one class is present in y_true. ROC AUC score is not defined in that case.
  warnings.warn(
/nas/home/jahin/.local/lib/python3.10/site-packages/sklearn/metrics/_ranking.py:1046: UserWarning: No positive class found in y_true, recall is set to one for all thresholds.
  warnings.warn(
AUROC test all: 0.7461175913068117, AUPR test all: 0.37695418921009505, AUROC test unknown: nan, AUPR test unknown: 0.0
Epoch: 350, Best AUROC test all: 0.7480509038152995, AUPR test all: 0.37869547717912355, AUROC test unknown: 0.0, AUPR test unknown: 0.0
pseudo_counter: Counter({0: 43487, -1: 2435, 1: 32})
max_probs: 0.7816224098205566， num of >0.5: 65
/nas/home/jahin/.local/lib/python3.10/site-packages/sklearn/metrics/_ranking.py:424: UndefinedMetricWarning: Only one class is present in y_true. ROC AUC score is not defined in that case.
  warnings.warn(
/nas/home/jahin/.local/lib/python3.10/site-packages/sklearn/metrics/_ranking.py:1046: UserWarning: No positive class found in y_true, recall is set to one for all thresholds.
  warnings.warn(
AUROC test all: 0.7472627504904723, AUPR test all: 0.3783310695357548, AUROC test unknown: nan, AUPR test unknown: 0.0
Epoch: 351, Best AUROC test all: 0.7480509038152995, AUPR test all: 0.37869547717912355, AUROC test unknown: 0.0, AUPR test unknown: 0.0
pseudo_counter: Counter({0: 43484, -1: 2435, 1: 35})
max_probs: 0.7354077100753784， num of >0.5: 27
/nas/home/jahin/.local/lib/python3.10/site-packages/sklearn/metrics/_ranking.py:424: UndefinedMetricWarning: Only one class is present in y_true. ROC AUC score is not defined in that case.
  warnings.warn(
/nas/home/jahin/.local/lib/python3.10/site-packages/sklearn/metrics/_ranking.py:1046: UserWarning: No positive class found in y_true, recall is set to one for all thresholds.
  warnings.warn(
AUROC test all: 0.7471375485162782, AUPR test all: 0.37666936268308693, AUROC test unknown: nan, AUPR test unknown: 0.0
Epoch: 352, Best AUROC test all: 0.7480509038152995, AUPR test all: 0.37869547717912355, AUROC test unknown: 0.0, AUPR test unknown: 0.0
pseudo_counter: Counter({0: 43483, -1: 2435, 1: 36})
max_probs: 0.7704261541366577， num of >0.5: 20
/nas/home/jahin/.local/lib/python3.10/site-packages/sklearn/metrics/_ranking.py:424: UndefinedMetricWarning: Only one class is present in y_true. ROC AUC score is not defined in that case.
  warnings.warn(
/nas/home/jahin/.local/lib/python3.10/site-packages/sklearn/metrics/_ranking.py:1046: UserWarning: No positive class found in y_true, recall is set to one for all thresholds.
  warnings.warn(
AUROC test all: 0.748292259194986, AUPR test all: 0.3806230888175929, AUROC test unknown: nan, AUPR test unknown: 0.0
Epoch: 353, Best AUROC test all: 0.748292259194986, AUPR test all: 0.3806230888175929, AUROC test unknown: 0.0, AUPR test unknown: 0.0
pseudo_counter: Counter({0: 43483, -1: 2435, 1: 36})
max_probs: 0.7624910473823547， num of >0.5: 42
/nas/home/jahin/.local/lib/python3.10/site-packages/sklearn/metrics/_ranking.py:424: UndefinedMetricWarning: Only one class is present in y_true. ROC AUC score is not defined in that case.
  warnings.warn(
/nas/home/jahin/.local/lib/python3.10/site-packages/sklearn/metrics/_ranking.py:1046: UserWarning: No positive class found in y_true, recall is set to one for all thresholds.
  warnings.warn(
AUROC test all: 0.7490093274731782, AUPR test all: 0.3838846675822054, AUROC test unknown: nan, AUPR test unknown: 0.0
Epoch: 354, Best AUROC test all: 0.7490093274731782, AUPR test all: 0.3838846675822054, AUROC test unknown: 0.0, AUPR test unknown: 0.0
pseudo_counter: Counter({0: 43483, -1: 2435, 1: 36})
max_probs: 0.7569531202316284， num of >0.5: 46
/nas/home/jahin/.local/lib/python3.10/site-packages/sklearn/metrics/_ranking.py:424: UndefinedMetricWarning: Only one class is present in y_true. ROC AUC score is not defined in that case.
  warnings.warn(
/nas/home/jahin/.local/lib/python3.10/site-packages/sklearn/metrics/_ranking.py:1046: UserWarning: No positive class found in y_true, recall is set to one for all thresholds.
  warnings.warn(
AUROC test all: 0.7498885884714814, AUPR test all: 0.38041838942457096, AUROC test unknown: nan, AUPR test unknown: 0.0
Epoch: 355, Best AUROC test all: 0.7498885884714814, AUPR test all: 0.3838846675822054, AUROC test unknown: 0.0, AUPR test unknown: 0.0
pseudo_counter: Counter({0: 43480, -1: 2435, 1: 39})
max_probs: 0.7527288794517517， num of >0.5: 31
/nas/home/jahin/.local/lib/python3.10/site-packages/sklearn/metrics/_ranking.py:424: UndefinedMetricWarning: Only one class is present in y_true. ROC AUC score is not defined in that case.
  warnings.warn(
/nas/home/jahin/.local/lib/python3.10/site-packages/sklearn/metrics/_ranking.py:1046: UserWarning: No positive class found in y_true, recall is set to one for all thresholds.
  warnings.warn(
AUROC test all: 0.7507503743188416, AUPR test all: 0.38566338068903183, AUROC test unknown: nan, AUPR test unknown: 0.0
Epoch: 356, Best AUROC test all: 0.7507503743188416, AUPR test all: 0.38566338068903183, AUROC test unknown: 0.0, AUPR test unknown: 0.0
pseudo_counter: Counter({0: 43478, -1: 2435, 1: 41})
max_probs: 0.7758722901344299， num of >0.5: 56
/nas/home/jahin/.local/lib/python3.10/site-packages/sklearn/metrics/_ranking.py:424: UndefinedMetricWarning: Only one class is present in y_true. ROC AUC score is not defined in that case.
  warnings.warn(
/nas/home/jahin/.local/lib/python3.10/site-packages/sklearn/metrics/_ranking.py:1046: UserWarning: No positive class found in y_true, recall is set to one for all thresholds.
  warnings.warn(
AUROC test all: 0.751256439335501, AUPR test all: 0.38480892269772055, AUROC test unknown: nan, AUPR test unknown: 0.0
Epoch: 357, Best AUROC test all: 0.751256439335501, AUPR test all: 0.38566338068903183, AUROC test unknown: 0.0, AUPR test unknown: 0.0
pseudo_counter: Counter({0: 43476, -1: 2435, 1: 43})
max_probs: 0.7948854565620422， num of >0.5: 83
/nas/home/jahin/.local/lib/python3.10/site-packages/sklearn/metrics/_ranking.py:424: UndefinedMetricWarning: Only one class is present in y_true. ROC AUC score is not defined in that case.
  warnings.warn(
/nas/home/jahin/.local/lib/python3.10/site-packages/sklearn/metrics/_ranking.py:1046: UserWarning: No positive class found in y_true, recall is set to one for all thresholds.
  warnings.warn(
AUROC test all: 0.751273569622664, AUPR test all: 0.38579181693646186, AUROC test unknown: nan, AUPR test unknown: 0.0
Epoch: 358, Best AUROC test all: 0.751273569622664, AUPR test all: 0.38579181693646186, AUROC test unknown: 0.0, AUPR test unknown: 0.0
pseudo_counter: Counter({0: 43474, -1: 2435, 1: 45})
max_probs: 0.7764601707458496， num of >0.5: 36
/nas/home/jahin/.local/lib/python3.10/site-packages/sklearn/metrics/_ranking.py:424: UndefinedMetricWarning: Only one class is present in y_true. ROC AUC score is not defined in that case.
  warnings.warn(
/nas/home/jahin/.local/lib/python3.10/site-packages/sklearn/metrics/_ranking.py:1046: UserWarning: No positive class found in y_true, recall is set to one for all thresholds.
  warnings.warn(
AUROC test all: 0.7504841866942407, AUPR test all: 0.38713551629362514, AUROC test unknown: nan, AUPR test unknown: 0.0
Epoch: 359, Best AUROC test all: 0.751273569622664, AUPR test all: 0.38713551629362514, AUROC test unknown: 0.0, AUPR test unknown: 0.0
pseudo_counter: Counter({0: 43473, -1: 2435, 1: 46})
max_probs: 0.7767143845558167， num of >0.5: 48
/nas/home/jahin/.local/lib/python3.10/site-packages/sklearn/metrics/_ranking.py:424: UndefinedMetricWarning: Only one class is present in y_true. ROC AUC score is not defined in that case.
  warnings.warn(
/nas/home/jahin/.local/lib/python3.10/site-packages/sklearn/metrics/_ranking.py:1046: UserWarning: No positive class found in y_true, recall is set to one for all thresholds.
  warnings.warn(
AUROC test all: 0.7502541522892341, AUPR test all: 0.38723479225912605, AUROC test unknown: nan, AUPR test unknown: 0.0
Epoch: 360, Best AUROC test all: 0.751273569622664, AUPR test all: 0.38723479225912605, AUROC test unknown: 0.0, AUPR test unknown: 0.0
pseudo_counter: Counter({0: 43471, -1: 2435, 1: 48})
max_probs: 0.7786305546760559， num of >0.5: 63
/nas/home/jahin/.local/lib/python3.10/site-packages/sklearn/metrics/_ranking.py:424: UndefinedMetricWarning: Only one class is present in y_true. ROC AUC score is not defined in that case.
  warnings.warn(
/nas/home/jahin/.local/lib/python3.10/site-packages/sklearn/metrics/_ranking.py:1046: UserWarning: No positive class found in y_true, recall is set to one for all thresholds.
  warnings.warn(
AUROC test all: 0.7512026097944253, AUPR test all: 0.3860981046866165, AUROC test unknown: nan, AUPR test unknown: 0.0
Epoch: 361, Best AUROC test all: 0.751273569622664, AUPR test all: 0.38723479225912605, AUROC test unknown: 0.0, AUPR test unknown: 0.0
pseudo_counter: Counter({0: 43467, -1: 2435, 1: 52})
max_probs: 0.8458977341651917， num of >0.5: 65
/nas/home/jahin/.local/lib/python3.10/site-packages/sklearn/metrics/_ranking.py:424: UndefinedMetricWarning: Only one class is present in y_true. ROC AUC score is not defined in that case.
  warnings.warn(
/nas/home/jahin/.local/lib/python3.10/site-packages/sklearn/metrics/_ranking.py:1046: UserWarning: No positive class found in y_true, recall is set to one for all thresholds.
  warnings.warn(
AUROC test all: 0.7513553557102794, AUPR test all: 0.3873874215405454, AUROC test unknown: nan, AUPR test unknown: 0.0
Epoch: 362, Best AUROC test all: 0.7513553557102794, AUPR test all: 0.3873874215405454, AUROC test unknown: 0.0, AUPR test unknown: 0.0
pseudo_counter: Counter({0: 43467, -1: 2435, 1: 52})
max_probs: 0.8020675778388977， num of >0.5: 42
/nas/home/jahin/.local/lib/python3.10/site-packages/sklearn/metrics/_ranking.py:424: UndefinedMetricWarning: Only one class is present in y_true. ROC AUC score is not defined in that case.
  warnings.warn(
/nas/home/jahin/.local/lib/python3.10/site-packages/sklearn/metrics/_ranking.py:1046: UserWarning: No positive class found in y_true, recall is set to one for all thresholds.
  warnings.warn(
AUROC test all: 0.7503035766060735, AUPR test all: 0.38509201120158815, AUROC test unknown: nan, AUPR test unknown: 0.0
Epoch: 363, Best AUROC test all: 0.7513553557102794, AUPR test all: 0.3873874215405454, AUROC test unknown: 0.0, AUPR test unknown: 0.0
pseudo_counter: Counter({0: 43466, -1: 2435, 1: 53})
max_probs: 0.8060235381126404， num of >0.5: 65
/nas/home/jahin/.local/lib/python3.10/site-packages/sklearn/metrics/_ranking.py:424: UndefinedMetricWarning: Only one class is present in y_true. ROC AUC score is not defined in that case.
  warnings.warn(
/nas/home/jahin/.local/lib/python3.10/site-packages/sklearn/metrics/_ranking.py:1046: UserWarning: No positive class found in y_true, recall is set to one for all thresholds.
  warnings.warn(
AUROC test all: 0.7505668513633906, AUPR test all: 0.3866964905260211, AUROC test unknown: nan, AUPR test unknown: 0.0
Epoch: 364, Best AUROC test all: 0.7513553557102794, AUPR test all: 0.3873874215405454, AUROC test unknown: 0.0, AUPR test unknown: 0.0
pseudo_counter: Counter({0: 43465, -1: 2435, 1: 54})
max_probs: 0.8248496651649475， num of >0.5: 56
/nas/home/jahin/.local/lib/python3.10/site-packages/sklearn/metrics/_ranking.py:424: UndefinedMetricWarning: Only one class is present in y_true. ROC AUC score is not defined in that case.
  warnings.warn(
/nas/home/jahin/.local/lib/python3.10/site-packages/sklearn/metrics/_ranking.py:1046: UserWarning: No positive class found in y_true, recall is set to one for all thresholds.
  warnings.warn(
AUROC test all: 0.750114225863294, AUPR test all: 0.38502971926659885, AUROC test unknown: nan, AUPR test unknown: 0.0
Epoch: 365, Best AUROC test all: 0.7513553557102794, AUPR test all: 0.3873874215405454, AUROC test unknown: 0.0, AUPR test unknown: 0.0
pseudo_counter: Counter({0: 43464, -1: 2435, 1: 55})
max_probs: 0.7821019887924194， num of >0.5: 51
/nas/home/jahin/.local/lib/python3.10/site-packages/sklearn/metrics/_ranking.py:424: UndefinedMetricWarning: Only one class is present in y_true. ROC AUC score is not defined in that case.
  warnings.warn(
/nas/home/jahin/.local/lib/python3.10/site-packages/sklearn/metrics/_ranking.py:1046: UserWarning: No positive class found in y_true, recall is set to one for all thresholds.
  warnings.warn(
AUROC test all: 0.7498271411358386, AUPR test all: 0.38408391442463785, AUROC test unknown: nan, AUPR test unknown: 0.0
Epoch: 366, Best AUROC test all: 0.7513553557102794, AUPR test all: 0.3873874215405454, AUROC test unknown: 0.0, AUPR test unknown: 0.0
pseudo_counter: Counter({0: 43462, -1: 2435, 1: 57})
max_probs: 0.8090472221374512， num of >0.5: 44
/nas/home/jahin/.local/lib/python3.10/site-packages/sklearn/metrics/_ranking.py:424: UndefinedMetricWarning: Only one class is present in y_true. ROC AUC score is not defined in that case.
  warnings.warn(
/nas/home/jahin/.local/lib/python3.10/site-packages/sklearn/metrics/_ranking.py:1046: UserWarning: No positive class found in y_true, recall is set to one for all thresholds.
  warnings.warn(
AUROC test all: 0.7487179709509251, AUPR test all: 0.3829725782987587, AUROC test unknown: nan, AUPR test unknown: 0.0
Epoch: 367, Best AUROC test all: 0.7513553557102794, AUPR test all: 0.3873874215405454, AUROC test unknown: 0.0, AUPR test unknown: 0.0
pseudo_counter: Counter({0: 43461, -1: 2435, 1: 58})
max_probs: 0.819535493850708， num of >0.5: 84
/nas/home/jahin/.local/lib/python3.10/site-packages/sklearn/metrics/_ranking.py:424: UndefinedMetricWarning: Only one class is present in y_true. ROC AUC score is not defined in that case.
  warnings.warn(
/nas/home/jahin/.local/lib/python3.10/site-packages/sklearn/metrics/_ranking.py:1046: UserWarning: No positive class found in y_true, recall is set to one for all thresholds.
  warnings.warn(
AUROC test all: 0.749519816188919, AUPR test all: 0.38539926307156025, AUROC test unknown: nan, AUPR test unknown: 0.0
Epoch: 368, Best AUROC test all: 0.7513553557102794, AUPR test all: 0.3873874215405454, AUROC test unknown: 0.0, AUPR test unknown: 0.0
pseudo_counter: Counter({0: 43459, -1: 2435, 1: 60})
max_probs: 0.8122909069061279， num of >0.5: 29
/nas/home/jahin/.local/lib/python3.10/site-packages/sklearn/metrics/_ranking.py:424: UndefinedMetricWarning: Only one class is present in y_true. ROC AUC score is not defined in that case.
  warnings.warn(
/nas/home/jahin/.local/lib/python3.10/site-packages/sklearn/metrics/_ranking.py:1046: UserWarning: No positive class found in y_true, recall is set to one for all thresholds.
  warnings.warn(
AUROC test all: 0.7479751590021144, AUPR test all: 0.3808465171214058, AUROC test unknown: nan, AUPR test unknown: 0.0
Epoch: 369, Best AUROC test all: 0.7513553557102794, AUPR test all: 0.3873874215405454, AUROC test unknown: 0.0, AUPR test unknown: 0.0
pseudo_counter: Counter({0: 43458, -1: 2435, 1: 61})
max_probs: 0.8532175421714783， num of >0.5: 67
/nas/home/jahin/.local/lib/python3.10/site-packages/sklearn/metrics/_ranking.py:424: UndefinedMetricWarning: Only one class is present in y_true. ROC AUC score is not defined in that case.
  warnings.warn(
/nas/home/jahin/.local/lib/python3.10/site-packages/sklearn/metrics/_ranking.py:1046: UserWarning: No positive class found in y_true, recall is set to one for all thresholds.
  warnings.warn(
AUROC test all: 0.7480490070645098, AUPR test all: 0.3831353246587217, AUROC test unknown: nan, AUPR test unknown: 0.0
Epoch: 370, Best AUROC test all: 0.7513553557102794, AUPR test all: 0.3873874215405454, AUROC test unknown: 0.0, AUPR test unknown: 0.0
pseudo_counter: Counter({0: 43457, -1: 2435, 1: 62})
max_probs: 0.8808872103691101， num of >0.5: 146
/nas/home/jahin/.local/lib/python3.10/site-packages/sklearn/metrics/_ranking.py:424: UndefinedMetricWarning: Only one class is present in y_true. ROC AUC score is not defined in that case.
  warnings.warn(
/nas/home/jahin/.local/lib/python3.10/site-packages/sklearn/metrics/_ranking.py:1046: UserWarning: No positive class found in y_true, recall is set to one for all thresholds.
  warnings.warn(
AUROC test all: 0.7478724162815873, AUPR test all: 0.38058081659035004, AUROC test unknown: nan, AUPR test unknown: 0.0
Epoch: 371, Best AUROC test all: 0.7513553557102794, AUPR test all: 0.3873874215405454, AUROC test unknown: 0.0, AUPR test unknown: 0.0
pseudo_counter: Counter({0: 43455, -1: 2435, 1: 64})
max_probs: 0.8427204489707947， num of >0.5: 59
/nas/home/jahin/.local/lib/python3.10/site-packages/sklearn/metrics/_ranking.py:424: UndefinedMetricWarning: Only one class is present in y_true. ROC AUC score is not defined in that case.
  warnings.warn(
/nas/home/jahin/.local/lib/python3.10/site-packages/sklearn/metrics/_ranking.py:1046: UserWarning: No positive class found in y_true, recall is set to one for all thresholds.
  warnings.warn(
AUROC test all: 0.7490391930870708, AUPR test all: 0.3851503589538895, AUROC test unknown: nan, AUPR test unknown: 0.0
Epoch: 372, Best AUROC test all: 0.7513553557102794, AUPR test all: 0.3873874215405454, AUROC test unknown: 0.0, AUPR test unknown: 0.0
pseudo_counter: Counter({0: 43455, -1: 2435, 1: 64})
max_probs: 0.8279961943626404， num of >0.5: 55
/nas/home/jahin/.local/lib/python3.10/site-packages/sklearn/metrics/_ranking.py:424: UndefinedMetricWarning: Only one class is present in y_true. ROC AUC score is not defined in that case.
  warnings.warn(
/nas/home/jahin/.local/lib/python3.10/site-packages/sklearn/metrics/_ranking.py:1046: UserWarning: No positive class found in y_true, recall is set to one for all thresholds.
  warnings.warn(
AUROC test all: 0.7502904840990003, AUPR test all: 0.3869561734094269, AUROC test unknown: nan, AUPR test unknown: 0.0
Epoch: 373, Best AUROC test all: 0.7513553557102794, AUPR test all: 0.3873874215405454, AUROC test unknown: 0.0, AUPR test unknown: 0.0
pseudo_counter: Counter({0: 43455, -1: 2435, 1: 64})
max_probs: 0.8291043043136597， num of >0.5: 120
/nas/home/jahin/.local/lib/python3.10/site-packages/sklearn/metrics/_ranking.py:424: UndefinedMetricWarning: Only one class is present in y_true. ROC AUC score is not defined in that case.
  warnings.warn(
/nas/home/jahin/.local/lib/python3.10/site-packages/sklearn/metrics/_ranking.py:1046: UserWarning: No positive class found in y_true, recall is set to one for all thresholds.
  warnings.warn(
AUROC test all: 0.7508633562092153, AUPR test all: 0.3893896141249593, AUROC test unknown: nan, AUPR test unknown: 0.0
Epoch: 374, Best AUROC test all: 0.7513553557102794, AUPR test all: 0.3893896141249593, AUROC test unknown: 0.0, AUPR test unknown: 0.0
pseudo_counter: Counter({0: 43453, -1: 2435, 1: 66})
max_probs: 0.8086504340171814， num of >0.5: 83
/nas/home/jahin/.local/lib/python3.10/site-packages/sklearn/metrics/_ranking.py:424: UndefinedMetricWarning: Only one class is present in y_true. ROC AUC score is not defined in that case.
  warnings.warn(
/nas/home/jahin/.local/lib/python3.10/site-packages/sklearn/metrics/_ranking.py:1046: UserWarning: No positive class found in y_true, recall is set to one for all thresholds.
  warnings.warn(
AUROC test all: 0.7524374212443001, AUPR test all: 0.39205222203182577, AUROC test unknown: nan, AUPR test unknown: 0.0
Epoch: 375, Best AUROC test all: 0.7524374212443001, AUPR test all: 0.39205222203182577, AUROC test unknown: 0.0, AUPR test unknown: 0.0
pseudo_counter: Counter({0: 43450, -1: 2435, 1: 69})
max_probs: 0.8558966517448425， num of >0.5: 70
/nas/home/jahin/.local/lib/python3.10/site-packages/sklearn/metrics/_ranking.py:424: UndefinedMetricWarning: Only one class is present in y_true. ROC AUC score is not defined in that case.
  warnings.warn(
/nas/home/jahin/.local/lib/python3.10/site-packages/sklearn/metrics/_ranking.py:1046: UserWarning: No positive class found in y_true, recall is set to one for all thresholds.
  warnings.warn(
AUROC test all: 0.7517136938107388, AUPR test all: 0.39031282153281804, AUROC test unknown: nan, AUPR test unknown: 0.0
Epoch: 376, Best AUROC test all: 0.7524374212443001, AUPR test all: 0.39205222203182577, AUROC test unknown: 0.0, AUPR test unknown: 0.0
pseudo_counter: Counter({0: 43449, -1: 2435, 1: 70})
max_probs: 0.8855645656585693， num of >0.5: 107
/nas/home/jahin/.local/lib/python3.10/site-packages/sklearn/metrics/_ranking.py:424: UndefinedMetricWarning: Only one class is present in y_true. ROC AUC score is not defined in that case.
  warnings.warn(
/nas/home/jahin/.local/lib/python3.10/site-packages/sklearn/metrics/_ranking.py:1046: UserWarning: No positive class found in y_true, recall is set to one for all thresholds.
  warnings.warn(
AUROC test all: 0.752049324273499, AUPR test all: 0.3919915480633954, AUROC test unknown: nan, AUPR test unknown: 0.0
Epoch: 377, Best AUROC test all: 0.7524374212443001, AUPR test all: 0.39205222203182577, AUROC test unknown: 0.0, AUPR test unknown: 0.0
pseudo_counter: Counter({0: 43445, -1: 2435, 1: 74})
max_probs: 0.8858264088630676， num of >0.5: 129
/nas/home/jahin/.local/lib/python3.10/site-packages/sklearn/metrics/_ranking.py:424: UndefinedMetricWarning: Only one class is present in y_true. ROC AUC score is not defined in that case.
  warnings.warn(
/nas/home/jahin/.local/lib/python3.10/site-packages/sklearn/metrics/_ranking.py:1046: UserWarning: No positive class found in y_true, recall is set to one for all thresholds.
  warnings.warn(
AUROC test all: 0.7520968805781973, AUPR test all: 0.39370812138278444, AUROC test unknown: nan, AUPR test unknown: 0.0
Epoch: 378, Best AUROC test all: 0.7524374212443001, AUPR test all: 0.39370812138278444, AUROC test unknown: 0.0, AUPR test unknown: 0.0
pseudo_counter: Counter({0: 43442, -1: 2435, 1: 77})
max_probs: 0.8317735195159912， num of >0.5: 70
/nas/home/jahin/.local/lib/python3.10/site-packages/sklearn/metrics/_ranking.py:424: UndefinedMetricWarning: Only one class is present in y_true. ROC AUC score is not defined in that case.
  warnings.warn(
/nas/home/jahin/.local/lib/python3.10/site-packages/sklearn/metrics/_ranking.py:1046: UserWarning: No positive class found in y_true, recall is set to one for all thresholds.
  warnings.warn(
AUROC test all: 0.7520154721985313, AUPR test all: 0.39555587236973344, AUROC test unknown: nan, AUPR test unknown: 0.0
Epoch: 379, Best AUROC test all: 0.7524374212443001, AUPR test all: 0.39555587236973344, AUROC test unknown: 0.0, AUPR test unknown: 0.0
pseudo_counter: Counter({0: 43439, -1: 2435, 1: 80})
max_probs: 0.8557341694831848， num of >0.5: 91
/nas/home/jahin/.local/lib/python3.10/site-packages/sklearn/metrics/_ranking.py:424: UndefinedMetricWarning: Only one class is present in y_true. ROC AUC score is not defined in that case.
  warnings.warn(
/nas/home/jahin/.local/lib/python3.10/site-packages/sklearn/metrics/_ranking.py:1046: UserWarning: No positive class found in y_true, recall is set to one for all thresholds.
  warnings.warn(
AUROC test all: 0.7524505835452336, AUPR test all: 0.39331723356206516, AUROC test unknown: nan, AUPR test unknown: 0.0
Epoch: 380, Best AUROC test all: 0.7524505835452336, AUPR test all: 0.39555587236973344, AUROC test unknown: 0.0, AUPR test unknown: 0.0
pseudo_counter: Counter({0: 43438, -1: 2435, 1: 81})
max_probs: 0.8519103527069092， num of >0.5: 101
/nas/home/jahin/.local/lib/python3.10/site-packages/sklearn/metrics/_ranking.py:424: UndefinedMetricWarning: Only one class is present in y_true. ROC AUC score is not defined in that case.
  warnings.warn(
/nas/home/jahin/.local/lib/python3.10/site-packages/sklearn/metrics/_ranking.py:1046: UserWarning: No positive class found in y_true, recall is set to one for all thresholds.
  warnings.warn(
AUROC test all: 0.7524105157111851, AUPR test all: 0.3937234584538418, AUROC test unknown: nan, AUPR test unknown: 0.0
Epoch: 381, Best AUROC test all: 0.7524505835452336, AUPR test all: 0.39555587236973344, AUROC test unknown: 0.0, AUPR test unknown: 0.0
pseudo_counter: Counter({0: 43437, -1: 2435, 1: 82})
max_probs: 0.8637847304344177， num of >0.5: 90
/nas/home/jahin/.local/lib/python3.10/site-packages/sklearn/metrics/_ranking.py:424: UndefinedMetricWarning: Only one class is present in y_true. ROC AUC score is not defined in that case.
  warnings.warn(
/nas/home/jahin/.local/lib/python3.10/site-packages/sklearn/metrics/_ranking.py:1046: UserWarning: No positive class found in y_true, recall is set to one for all thresholds.
  warnings.warn(
AUROC test all: 0.7519538503782379, AUPR test all: 0.39263777925545407, AUROC test unknown: nan, AUPR test unknown: 0.0
Epoch: 382, Best AUROC test all: 0.7524505835452336, AUPR test all: 0.39555587236973344, AUROC test unknown: 0.0, AUPR test unknown: 0.0
pseudo_counter: Counter({0: 43436, -1: 2435, 1: 83})
max_probs: 0.8545649647712708， num of >0.5: 70
/nas/home/jahin/.local/lib/python3.10/site-packages/sklearn/metrics/_ranking.py:424: UndefinedMetricWarning: Only one class is present in y_true. ROC AUC score is not defined in that case.
  warnings.warn(
/nas/home/jahin/.local/lib/python3.10/site-packages/sklearn/metrics/_ranking.py:1046: UserWarning: No positive class found in y_true, recall is set to one for all thresholds.
  warnings.warn(
AUROC test all: 0.7499915220987436, AUPR test all: 0.3853345795519439, AUROC test unknown: nan, AUPR test unknown: 0.0
Epoch: 383, Best AUROC test all: 0.7524505835452336, AUPR test all: 0.39555587236973344, AUROC test unknown: 0.0, AUPR test unknown: 0.0
pseudo_counter: Counter({0: 43435, -1: 2435, 1: 84})
max_probs: 0.8580256700515747， num of >0.5: 75
/nas/home/jahin/.local/lib/python3.10/site-packages/sklearn/metrics/_ranking.py:424: UndefinedMetricWarning: Only one class is present in y_true. ROC AUC score is not defined in that case.
  warnings.warn(
/nas/home/jahin/.local/lib/python3.10/site-packages/sklearn/metrics/_ranking.py:1046: UserWarning: No positive class found in y_true, recall is set to one for all thresholds.
  warnings.warn(
AUROC test all: 0.7498951860440328, AUPR test all: 0.3857987476949457, AUROC test unknown: nan, AUPR test unknown: 0.0
Epoch: 384, Best AUROC test all: 0.7524505835452336, AUPR test all: 0.39555587236973344, AUROC test unknown: 0.0, AUPR test unknown: 0.0
pseudo_counter: Counter({0: 43435, -1: 2435, 1: 84})
max_probs: 0.8704599738121033， num of >0.5: 87
/nas/home/jahin/.local/lib/python3.10/site-packages/sklearn/metrics/_ranking.py:424: UndefinedMetricWarning: Only one class is present in y_true. ROC AUC score is not defined in that case.
  warnings.warn(
/nas/home/jahin/.local/lib/python3.10/site-packages/sklearn/metrics/_ranking.py:1046: UserWarning: No positive class found in y_true, recall is set to one for all thresholds.
  warnings.warn(
AUROC test all: 0.7506677568631854, AUPR test all: 0.38684050979033197, AUROC test unknown: nan, AUPR test unknown: 0.0
Epoch: 385, Best AUROC test all: 0.7524505835452336, AUPR test all: 0.39555587236973344, AUROC test unknown: 0.0, AUPR test unknown: 0.0
pseudo_counter: Counter({0: 43435, -1: 2435, 1: 84})
max_probs: 0.8816248178482056， num of >0.5: 70
/nas/home/jahin/.local/lib/python3.10/site-packages/sklearn/metrics/_ranking.py:424: UndefinedMetricWarning: Only one class is present in y_true. ROC AUC score is not defined in that case.
  warnings.warn(
/nas/home/jahin/.local/lib/python3.10/site-packages/sklearn/metrics/_ranking.py:1046: UserWarning: No positive class found in y_true, recall is set to one for all thresholds.
  warnings.warn(
AUROC test all: 0.7496060896111946, AUPR test all: 0.3875523420193848, AUROC test unknown: nan, AUPR test unknown: 0.0
Epoch: 386, Best AUROC test all: 0.7524505835452336, AUPR test all: 0.39555587236973344, AUROC test unknown: 0.0, AUPR test unknown: 0.0
pseudo_counter: Counter({0: 43434, -1: 2435, 1: 85})
max_probs: 0.8222726583480835， num of >0.5: 59
/nas/home/jahin/.local/lib/python3.10/site-packages/sklearn/metrics/_ranking.py:424: UndefinedMetricWarning: Only one class is present in y_true. ROC AUC score is not defined in that case.
  warnings.warn(
/nas/home/jahin/.local/lib/python3.10/site-packages/sklearn/metrics/_ranking.py:1046: UserWarning: No positive class found in y_true, recall is set to one for all thresholds.
  warnings.warn(
AUROC test all: 0.7499824632662391, AUPR test all: 0.3862961965541352, AUROC test unknown: nan, AUPR test unknown: 0.0
Epoch: 387, Best AUROC test all: 0.7524505835452336, AUPR test all: 0.39555587236973344, AUROC test unknown: 0.0, AUPR test unknown: 0.0
pseudo_counter: Counter({0: 43434, -1: 2435, 1: 85})
max_probs: 0.8739743828773499， num of >0.5: 115
/nas/home/jahin/.local/lib/python3.10/site-packages/sklearn/metrics/_ranking.py:424: UndefinedMetricWarning: Only one class is present in y_true. ROC AUC score is not defined in that case.
  warnings.warn(
/nas/home/jahin/.local/lib/python3.10/site-packages/sklearn/metrics/_ranking.py:1046: UserWarning: No positive class found in y_true, recall is set to one for all thresholds.
  warnings.warn(
AUROC test all: 0.7499004739553249, AUPR test all: 0.3830554220696302, AUROC test unknown: nan, AUPR test unknown: 0.0
Epoch: 388, Best AUROC test all: 0.7524505835452336, AUPR test all: 0.39555587236973344, AUROC test unknown: 0.0, AUPR test unknown: 0.0
pseudo_counter: Counter({0: 43433, -1: 2435, 1: 86})
max_probs: 0.8401414155960083， num of >0.5: 93
/nas/home/jahin/.local/lib/python3.10/site-packages/sklearn/metrics/_ranking.py:424: UndefinedMetricWarning: Only one class is present in y_true. ROC AUC score is not defined in that case.
  warnings.warn(
/nas/home/jahin/.local/lib/python3.10/site-packages/sklearn/metrics/_ranking.py:1046: UserWarning: No positive class found in y_true, recall is set to one for all thresholds.
  warnings.warn(
AUROC test all: 0.7473353935823986, AUPR test all: 0.3801752502906453, AUROC test unknown: nan, AUPR test unknown: 0.0
Epoch: 389, Best AUROC test all: 0.7524505835452336, AUPR test all: 0.39555587236973344, AUROC test unknown: 0.0, AUPR test unknown: 0.0
pseudo_counter: Counter({0: 43431, -1: 2435, 1: 88})
max_probs: 0.8639075756072998， num of >0.5: 59
/nas/home/jahin/.local/lib/python3.10/site-packages/sklearn/metrics/_ranking.py:424: UndefinedMetricWarning: Only one class is present in y_true. ROC AUC score is not defined in that case.
  warnings.warn(
/nas/home/jahin/.local/lib/python3.10/site-packages/sklearn/metrics/_ranking.py:1046: UserWarning: No positive class found in y_true, recall is set to one for all thresholds.
  warnings.warn(
AUROC test all: 0.7496895918066672, AUPR test all: 0.3868517870565319, AUROC test unknown: nan, AUPR test unknown: 0.0
Epoch: 390, Best AUROC test all: 0.7524505835452336, AUPR test all: 0.39555587236973344, AUROC test unknown: 0.0, AUPR test unknown: 0.0
pseudo_counter: Counter({0: 43430, -1: 2435, 1: 89})
max_probs: 0.8933248519897461， num of >0.5: 131
/nas/home/jahin/.local/lib/python3.10/site-packages/sklearn/metrics/_ranking.py:424: UndefinedMetricWarning: Only one class is present in y_true. ROC AUC score is not defined in that case.
  warnings.warn(
/nas/home/jahin/.local/lib/python3.10/site-packages/sklearn/metrics/_ranking.py:1046: UserWarning: No positive class found in y_true, recall is set to one for all thresholds.
  warnings.warn(
AUROC test all: 0.7509972865214581, AUPR test all: 0.38739653457149553, AUROC test unknown: nan, AUPR test unknown: 0.0
Epoch: 391, Best AUROC test all: 0.7524505835452336, AUPR test all: 0.39555587236973344, AUROC test unknown: 0.0, AUPR test unknown: 0.0
pseudo_counter: Counter({0: 43426, -1: 2435, 1: 93})
max_probs: 0.8605204224586487， num of >0.5: 77
/nas/home/jahin/.local/lib/python3.10/site-packages/sklearn/metrics/_ranking.py:424: UndefinedMetricWarning: Only one class is present in y_true. ROC AUC score is not defined in that case.
  warnings.warn(
/nas/home/jahin/.local/lib/python3.10/site-packages/sklearn/metrics/_ranking.py:1046: UserWarning: No positive class found in y_true, recall is set to one for all thresholds.
  warnings.warn(
AUROC test all: 0.7508077551357464, AUPR test all: 0.3882360298326054, AUROC test unknown: nan, AUPR test unknown: 0.0
Epoch: 392, Best AUROC test all: 0.7524505835452336, AUPR test all: 0.39555587236973344, AUROC test unknown: 0.0, AUPR test unknown: 0.0
pseudo_counter: Counter({0: 43426, -1: 2435, 1: 93})
max_probs: 0.8611721992492676， num of >0.5: 96
/nas/home/jahin/.local/lib/python3.10/site-packages/sklearn/metrics/_ranking.py:424: UndefinedMetricWarning: Only one class is present in y_true. ROC AUC score is not defined in that case.
  warnings.warn(
/nas/home/jahin/.local/lib/python3.10/site-packages/sklearn/metrics/_ranking.py:1046: UserWarning: No positive class found in y_true, recall is set to one for all thresholds.
  warnings.warn(
AUROC test all: 0.7509220877425913, AUPR test all: 0.3891390931776768, AUROC test unknown: nan, AUPR test unknown: 0.0
Epoch: 393, Best AUROC test all: 0.7524505835452336, AUPR test all: 0.39555587236973344, AUROC test unknown: 0.0, AUPR test unknown: 0.0
pseudo_counter: Counter({0: 43426, -1: 2435, 1: 93})
max_probs: 0.8711184859275818， num of >0.5: 115
/nas/home/jahin/.local/lib/python3.10/site-packages/sklearn/metrics/_ranking.py:424: UndefinedMetricWarning: Only one class is present in y_true. ROC AUC score is not defined in that case.
  warnings.warn(
/nas/home/jahin/.local/lib/python3.10/site-packages/sklearn/metrics/_ranking.py:1046: UserWarning: No positive class found in y_true, recall is set to one for all thresholds.
  warnings.warn(
AUROC test all: 0.7507582794998922, AUPR test all: 0.38917426723648874, AUROC test unknown: nan, AUPR test unknown: 0.0
Epoch: 394, Best AUROC test all: 0.7524505835452336, AUPR test all: 0.39555587236973344, AUROC test unknown: 0.0, AUPR test unknown: 0.0
pseudo_counter: Counter({0: 43423, -1: 2435, 1: 96})
max_probs: 0.8085704445838928， num of >0.5: 98
/nas/home/jahin/.local/lib/python3.10/site-packages/sklearn/metrics/_ranking.py:424: UndefinedMetricWarning: Only one class is present in y_true. ROC AUC score is not defined in that case.
  warnings.warn(
/nas/home/jahin/.local/lib/python3.10/site-packages/sklearn/metrics/_ranking.py:1046: UserWarning: No positive class found in y_true, recall is set to one for all thresholds.
  warnings.warn(
AUROC test all: 0.7513344196049738, AUPR test all: 0.38893560786016756, AUROC test unknown: nan, AUPR test unknown: 0.0
Epoch: 395, Best AUROC test all: 0.7524505835452336, AUPR test all: 0.39555587236973344, AUROC test unknown: 0.0, AUPR test unknown: 0.0
pseudo_counter: Counter({0: 43420, -1: 2435, 1: 99})
max_probs: 0.8666185140609741， num of >0.5: 67
/nas/home/jahin/.local/lib/python3.10/site-packages/sklearn/metrics/_ranking.py:424: UndefinedMetricWarning: Only one class is present in y_true. ROC AUC score is not defined in that case.
  warnings.warn(
/nas/home/jahin/.local/lib/python3.10/site-packages/sklearn/metrics/_ranking.py:1046: UserWarning: No positive class found in y_true, recall is set to one for all thresholds.
  warnings.warn(
AUROC test all: 0.7515404962410792, AUPR test all: 0.3883613785034341, AUROC test unknown: nan, AUPR test unknown: 0.0
Epoch: 396, Best AUROC test all: 0.7524505835452336, AUPR test all: 0.39555587236973344, AUROC test unknown: 0.0, AUPR test unknown: 0.0
pseudo_counter: Counter({0: 43420, -1: 2435, 1: 99})
max_probs: 0.9026600122451782， num of >0.5: 119
/nas/home/jahin/.local/lib/python3.10/site-packages/sklearn/metrics/_ranking.py:424: UndefinedMetricWarning: Only one class is present in y_true. ROC AUC score is not defined in that case.
  warnings.warn(
/nas/home/jahin/.local/lib/python3.10/site-packages/sklearn/metrics/_ranking.py:1046: UserWarning: No positive class found in y_true, recall is set to one for all thresholds.
  warnings.warn(
AUROC test all: 0.7516572244195383, AUPR test all: 0.39076501546986975, AUROC test unknown: nan, AUPR test unknown: 0.0
Epoch: 397, Best AUROC test all: 0.7524505835452336, AUPR test all: 0.39555587236973344, AUROC test unknown: 0.0, AUPR test unknown: 0.0
pseudo_counter: Counter({0: 43418, -1: 2435, 1: 101})
max_probs: 0.891063392162323， num of >0.5: 159
/nas/home/jahin/.local/lib/python3.10/site-packages/sklearn/metrics/_ranking.py:424: UndefinedMetricWarning: Only one class is present in y_true. ROC AUC score is not defined in that case.
  warnings.warn(
/nas/home/jahin/.local/lib/python3.10/site-packages/sklearn/metrics/_ranking.py:1046: UserWarning: No positive class found in y_true, recall is set to one for all thresholds.
  warnings.warn(
AUROC test all: 0.7474082522141876, AUPR test all: 0.38370026202124685, AUROC test unknown: nan, AUPR test unknown: 0.0
Epoch: 398, Best AUROC test all: 0.7524505835452336, AUPR test all: 0.39555587236973344, AUROC test unknown: 0.0, AUPR test unknown: 0.0
pseudo_counter: Counter({0: 43416, -1: 2435, 1: 103})
max_probs: 0.8681922554969788， num of >0.5: 78
/nas/home/jahin/.local/lib/python3.10/site-packages/sklearn/metrics/_ranking.py:424: UndefinedMetricWarning: Only one class is present in y_true. ROC AUC score is not defined in that case.
  warnings.warn(
/nas/home/jahin/.local/lib/python3.10/site-packages/sklearn/metrics/_ranking.py:1046: UserWarning: No positive class found in y_true, recall is set to one for all thresholds.
  warnings.warn(
AUROC test all: 0.7495331016554883, AUPR test all: 0.387893243431942, AUROC test unknown: nan, AUPR test unknown: 0.0
Epoch: 399, Best AUROC test all: 0.7524505835452336, AUPR test all: 0.39555587236973344, AUROC test unknown: 0.0, AUPR test unknown: 0.0
  rotation 1: ROC 0.7525 PR 0.3956
[yelp] params 34209, peak GPU 2.50 GB, 28.2 min total

[yelp] AGGREGATE  best-over-epochs: ROC 0.7525 PR 0.3956
[yelp] AGGREGATE  val-selected:     ROC 0.7450 PR 0.3683
row appended to results/results.csv
