# gpu=6 cmd=/usr/bin/python3 -u main.py --dataset cs --seed 7 --method demo --tag E400_demo --rotations 0 --set num_epochs=400 mixup=true energy_loss=false
/nas/home/jahin/.local/lib/python3.10/site-packages/requests/__init__.py:113: RequestsDependencyWarning: urllib3 (1.26.5) or chardet (7.2.0)/charset_normalizer (3.4.4) doesn't match a supported version!
  warnings.warn(
[0.03861888 0.02520046 0.11182021 0.02340043 0.07603775 0.11962036
 0.02023673 0.05040092 0.0422735  0.00643648 0.07876507 0.11089293
 0.02290951 0.2256041  0.04778269]
[cs] anomaly classes (rotations): [np.int64(0), np.int64(1), np.int64(3), np.int64(6), np.int64(8), np.int64(9), np.int64(12), np.int64(14)]
[cs] running subset: [np.int64(0)]
==================================================================
DEMO variant: FULL published method (mixup ON)
==================================================================
[cs] DEMO mixup ON, PPR (18333, 18333) from data/cs/ppr_matrix.npy
Normal classes: [np.int64(2), np.int64(4), np.int64(5), np.int64(7), np.int64(10), np.int64(11), np.int64(13)] in cs
using binary cross entropy loss...
Building multi-layer GraphSage
building the dataloader ...
pseudo_counter: Counter({-1: 18333})
AUROC test all: 0.7556853457534519, AUPR test all: 0.5427646060794732, AUROC test unknown: 0.7237588039032654, AUPR test unknown: 0.4258014875333996
Epoch: 0, Best AUROC test all: 0.7556853457534519, AUPR test all: 0.5427646060794732, AUROC test unknown: 0.7237588039032654, AUPR test unknown: 0.4258014875333996
pseudo_counter: Counter({-1: 18333})
AUROC test all: 0.7560818763749898, AUPR test all: 0.5442423053438374, AUROC test unknown: 0.7242242752053271, AUPR test unknown: 0.43026312947292145
Epoch: 1, Best AUROC test all: 0.7560818763749898, AUPR test all: 0.5442423053438374, AUROC test unknown: 0.7242242752053271, AUPR test unknown: 0.43026312947292145
pseudo_counter: Counter({-1: 18333})
AUROC test all: 0.7527119410406203, AUPR test all: 0.5438920331105237, AUROC test unknown: 0.7210843309957742, AUPR test unknown: 0.43034332861566765
Epoch: 2, Best AUROC test all: 0.7560818763749898, AUPR test all: 0.5442423053438374, AUROC test unknown: 0.7242242752053271, AUPR test unknown: 0.43034332861566765
pseudo_counter: Counter({-1: 18333})
AUROC test all: 0.7489067741376113, AUPR test all: 0.5340367343807149, AUROC test unknown: 0.7176824076334294, AUPR test unknown: 0.42350817704288246
Epoch: 3, Best AUROC test all: 0.7560818763749898, AUPR test all: 0.5442423053438374, AUROC test unknown: 0.7242242752053271, AUPR test unknown: 0.43034332861566765
pseudo_counter: Counter({-1: 18333})
AUROC test all: 0.7461038302162682, AUPR test all: 0.5123805217741493, AUROC test unknown: 0.7167741465480544, AUPR test unknown: 0.4100425394213839
Epoch: 4, Best AUROC test all: 0.7560818763749898, AUPR test all: 0.5442423053438374, AUROC test unknown: 0.7242242752053271, AUPR test unknown: 0.43034332861566765
pseudo_counter: Counter({-1: 18333})
AUROC test all: 0.7529573659438105, AUPR test all: 0.5123016757840058, AUROC test unknown: 0.7238733205645589, AUPR test unknown: 0.41848914875012405
Epoch: 5, Best AUROC test all: 0.7560818763749898, AUPR test all: 0.5442423053438374, AUROC test unknown: 0.7242242752053271, AUPR test unknown: 0.43034332861566765
pseudo_counter: Counter({-1: 18333})
max_probs: 0.295998752117157， num of >0.5: 0
AUROC test all: 0.7549697140021167, AUPR test all: 0.5303963755223979, AUROC test unknown: 0.7247352182769984, AUPR test unknown: 0.42778794632643413
Epoch: 6, Best AUROC test all: 0.7560818763749898, AUPR test all: 0.5442423053438374, AUROC test unknown: 0.7247352182769984, AUPR test unknown: 0.43034332861566765
pseudo_counter: Counter({0: 17404, -1: 929})
max_probs: 0.26120802760124207， num of >0.5: 0
AUROC test all: 0.7585180122229495, AUPR test all: 0.5397821242351108, AUROC test unknown: 0.7279813937608426, AUPR test unknown: 0.4345193458127079
Epoch: 7, Best AUROC test all: 0.7585180122229495, AUPR test all: 0.5442423053438374, AUROC test unknown: 0.7279813937608426, AUPR test unknown: 0.4345193458127079
pseudo_counter: Counter({0: 17404, -1: 929})
max_probs: 0.22751185297966003， num of >0.5: 0
AUROC test all: 0.7610267663919026, AUPR test all: 0.5527351674149418, AUROC test unknown: 0.7297699826517914, AUPR test unknown: 0.44526733956619724
Epoch: 8, Best AUROC test all: 0.7610267663919026, AUPR test all: 0.5527351674149418, AUROC test unknown: 0.7297699826517914, AUPR test unknown: 0.44526733956619724
pseudo_counter: Counter({0: 17404, -1: 929})
max_probs: 0.1952149122953415， num of >0.5: 0
AUROC test all: 0.7612714737591112, AUPR test all: 0.5594315597617694, AUROC test unknown: 0.7295144948061387, AUPR test unknown: 0.4454364880464689
Epoch: 9, Best AUROC test all: 0.7612714737591112, AUPR test all: 0.5594315597617694, AUROC test unknown: 0.7297699826517914, AUPR test unknown: 0.4454364880464689
pseudo_counter: Counter({0: 17404, -1: 929})
max_probs: 0.16822969913482666， num of >0.5: 0
AUROC test all: 0.7653870853642439, AUPR test all: 0.5712087970148024, AUROC test unknown: 0.733772476966461, AUPR test unknown: 0.4570295299793393
Epoch: 10, Best AUROC test all: 0.7653870853642439, AUPR test all: 0.5712087970148024, AUROC test unknown: 0.733772476966461, AUPR test unknown: 0.4570295299793393
pseudo_counter: Counter({0: 17404, -1: 929})
max_probs: 0.143357053399086， num of >0.5: 0
AUROC test all: 0.7689891527877882, AUPR test all: 0.5807210979776174, AUROC test unknown: 0.7366086671454504, AUPR test unknown: 0.4650883534539941
Epoch: 11, Best AUROC test all: 0.7689891527877882, AUPR test all: 0.5807210979776174, AUROC test unknown: 0.7366086671454504, AUPR test unknown: 0.4650883534539941
pseudo_counter: Counter({0: 17404, -1: 929})
max_probs: 0.12269346415996552， num of >0.5: 0
AUROC test all: 0.7708523085570307, AUPR test all: 0.5866832105558788, AUROC test unknown: 0.7394146624166908, AUPR test unknown: 0.4702724251850018
Epoch: 12, Best AUROC test all: 0.7708523085570307, AUPR test all: 0.5866832105558788, AUROC test unknown: 0.7394146624166908, AUPR test unknown: 0.4702724251850018
pseudo_counter: Counter({0: 17404, -1: 929})
max_probs: 0.1062113344669342， num of >0.5: 0
AUROC test all: 0.7716949073803635, AUPR test all: 0.5897588321699347, AUROC test unknown: 0.7395261998180913, AUPR test unknown: 0.47443790868842606
Epoch: 13, Best AUROC test all: 0.7716949073803635, AUPR test all: 0.5897588321699347, AUROC test unknown: 0.7395261998180913, AUPR test unknown: 0.47443790868842606
pseudo_counter: Counter({0: 17404, -1: 929})
max_probs: 0.09609407931566238， num of >0.5: 0
AUROC test all: 0.7796507991556992, AUPR test all: 0.6024424764083931, AUROC test unknown: 0.7477730195397044, AUPR test unknown: 0.4876629835115954
Epoch: 14, Best AUROC test all: 0.7796507991556992, AUPR test all: 0.6024424764083931, AUROC test unknown: 0.7477730195397044, AUPR test unknown: 0.4876629835115954
pseudo_counter: Counter({0: 17404, -1: 929})
max_probs: 0.0899776816368103， num of >0.5: 0
AUROC test all: 0.7816364511958243, AUPR test all: 0.6086607104070612, AUROC test unknown: 0.7497074943065147, AUPR test unknown: 0.49590059653513624
Epoch: 15, Best AUROC test all: 0.7816364511958243, AUPR test all: 0.6086607104070612, AUROC test unknown: 0.7497074943065147, AUPR test unknown: 0.49590059653513624
pseudo_counter: Counter({0: 17404, -1: 929})
max_probs: 0.08832889050245285， num of >0.5: 0
AUROC test all: 0.7859813799412816, AUPR test all: 0.6163723686967153, AUROC test unknown: 0.7542931841818696, AUPR test unknown: 0.5053481619356495
Epoch: 16, Best AUROC test all: 0.7859813799412816, AUPR test all: 0.6163723686967153, AUROC test unknown: 0.7542931841818696, AUPR test unknown: 0.5053481619356495
pseudo_counter: Counter({0: 17404, -1: 929})
max_probs: 0.08883839100599289， num of >0.5: 0
AUROC test all: 0.7916587178091973, AUPR test all: 0.6247536108356484, AUROC test unknown: 0.7606988647823754, AUPR test unknown: 0.5150158990326654
Epoch: 17, Best AUROC test all: 0.7916587178091973, AUPR test all: 0.6247536108356484, AUROC test unknown: 0.7606988647823754, AUPR test unknown: 0.5150158990326654
pseudo_counter: Counter({0: 17404, -1: 929})
max_probs: 0.09306162595748901， num of >0.5: 0
AUROC test all: 0.7955284169546393, AUPR test all: 0.6321066854077757, AUROC test unknown: 0.7645408596252113, AUPR test unknown: 0.5239725889720239
Epoch: 18, Best AUROC test all: 0.7955284169546393, AUPR test all: 0.6321066854077757, AUROC test unknown: 0.7645408596252113, AUPR test unknown: 0.5239725889720239
pseudo_counter: Counter({0: 17404, -1: 929})
max_probs: 0.0978241115808487， num of >0.5: 0
AUROC test all: 0.7989153615714406, AUPR test all: 0.6377622568818933, AUROC test unknown: 0.7682909975790795, AUPR test unknown: 0.5313034360627531
Epoch: 19, Best AUROC test all: 0.7989153615714406, AUPR test all: 0.6377622568818933, AUROC test unknown: 0.7682909975790795, AUPR test unknown: 0.5313034360627531
pseudo_counter: Counter({0: 17404, -1: 929})
max_probs: 0.10715968161821365， num of >0.5: 0
AUROC test all: 0.8023627171983715, AUPR test all: 0.6463815468811267, AUROC test unknown: 0.7722767036555193, AUPR test unknown: 0.5419110810073569
Epoch: 20, Best AUROC test all: 0.8023627171983715, AUPR test all: 0.6463815468811267, AUROC test unknown: 0.7722767036555193, AUPR test unknown: 0.5419110810073569
pseudo_counter: Counter({0: 17404, -1: 929})
max_probs: 0.11822433769702911， num of >0.5: 0
AUROC test all: 0.8094340894905356, AUPR test all: 0.6553159901176209, AUROC test unknown: 0.7802012522677441, AUPR test unknown: 0.5515769278841063
Epoch: 21, Best AUROC test all: 0.8094340894905356, AUPR test all: 0.6553159901176209, AUROC test unknown: 0.7802012522677441, AUPR test unknown: 0.5515769278841063
pseudo_counter: Counter({0: 17404, -1: 929})
max_probs: 0.13059906661510468， num of >0.5: 0
AUROC test all: 0.8139502425593588, AUPR test all: 0.6645503407591383, AUROC test unknown: 0.7849146588828971, AUPR test unknown: 0.5633541533464907
Epoch: 22, Best AUROC test all: 0.8139502425593588, AUPR test all: 0.6645503407591383, AUROC test unknown: 0.7849146588828971, AUPR test unknown: 0.5633541533464907
pseudo_counter: Counter({0: 17404, -1: 929})
max_probs: 0.14379671216011047， num of >0.5: 0
AUROC test all: 0.8185472472146036, AUPR test all: 0.6713192549704515, AUROC test unknown: 0.7894431230472392, AUPR test unknown: 0.5690492727519174
Epoch: 23, Best AUROC test all: 0.8185472472146036, AUPR test all: 0.6713192549704515, AUROC test unknown: 0.7894431230472392, AUPR test unknown: 0.5690492727519174
pseudo_counter: Counter({0: 17404, -1: 929})
max_probs: 0.1570761501789093， num of >0.5: 0
AUROC test all: 0.8225531494080098, AUPR test all: 0.6788544293767254, AUROC test unknown: 0.7938783820444137, AUPR test unknown: 0.5796757389808787
Epoch: 24, Best AUROC test all: 0.8225531494080098, AUPR test all: 0.6788544293767254, AUROC test unknown: 0.7938783820444137, AUPR test unknown: 0.5796757389808787
pseudo_counter: Counter({0: 17404, -1: 929})
max_probs: 0.17650344967842102， num of >0.5: 0
AUROC test all: 0.8254901805660899, AUPR test all: 0.6870863834682523, AUROC test unknown: 0.7975136771406498, AUPR test unknown: 0.590488783936802
Epoch: 25, Best AUROC test all: 0.8254901805660899, AUPR test all: 0.6870863834682523, AUROC test unknown: 0.7975136771406498, AUPR test unknown: 0.590488783936802
pseudo_counter: Counter({0: 17404, -1: 929})
max_probs: 0.1918555647134781， num of >0.5: 0
AUROC test all: 0.8295632551663741, AUPR test all: 0.6937349702790319, AUROC test unknown: 0.8019829257963133, AUPR test unknown: 0.5986375196546929
Epoch: 26, Best AUROC test all: 0.8295632551663741, AUPR test all: 0.6937349702790319, AUROC test unknown: 0.8019829257963133, AUPR test unknown: 0.5986375196546929
pseudo_counter: Counter({0: 17404, -1: 929})
max_probs: 0.2095649391412735， num of >0.5: 0
AUROC test all: 0.8342336140769521, AUPR test all: 0.7008973549756286, AUROC test unknown: 0.8071900958093011, AUPR test unknown: 0.6069292139800221
Epoch: 27, Best AUROC test all: 0.8342336140769521, AUPR test all: 0.7008973549756286, AUROC test unknown: 0.8071900958093011, AUPR test unknown: 0.6069292139800221
pseudo_counter: Counter({0: 17404, -1: 929})
max_probs: 0.23383937776088715， num of >0.5: 0
AUROC test all: 0.8368425933038255, AUPR test all: 0.7070563879104093, AUROC test unknown: 0.8099691146433342, AUPR test unknown: 0.6151727433208422
Epoch: 28, Best AUROC test all: 0.8368425933038255, AUPR test all: 0.7070563879104093, AUROC test unknown: 0.8099691146433342, AUPR test unknown: 0.6151727433208422
pseudo_counter: Counter({0: 17404, -1: 929})
max_probs: 0.25809499621391296， num of >0.5: 0
AUROC test all: 0.8396132573051833, AUPR test all: 0.7118444245859961, AUROC test unknown: 0.8131252381912848, AUPR test unknown: 0.6210297581933106
Epoch: 29, Best AUROC test all: 0.8396132573051833, AUPR test all: 0.7118444245859961, AUROC test unknown: 0.8131252381912848, AUPR test unknown: 0.6210297581933106
pseudo_counter: Counter({0: 17404, -1: 929})
max_probs: 0.27268847823143005， num of >0.5: 0
AUROC test all: 0.8438210814831101, AUPR test all: 0.7198704169006475, AUROC test unknown: 0.8177711547839684, AUPR test unknown: 0.6306312108481529
Epoch: 30, Best AUROC test all: 0.8438210814831101, AUPR test all: 0.7198704169006475, AUROC test unknown: 0.8177711547839684, AUPR test unknown: 0.6306312108481529
pseudo_counter: Counter({0: 17404, -1: 929})
max_probs: 0.3011651039123535， num of >0.5: 0
AUROC test all: 0.8424626478825559, AUPR test all: 0.7194989435930423, AUROC test unknown: 0.8166056226462894, AUPR test unknown: 0.6312253852522922
Epoch: 31, Best AUROC test all: 0.8438210814831101, AUPR test all: 0.7198704169006475, AUROC test unknown: 0.8177711547839684, AUPR test unknown: 0.6312253852522922
pseudo_counter: Counter({0: 17404, -1: 929})
max_probs: 0.3245318830013275， num of >0.5: 0
AUROC test all: 0.8447191329589574, AUPR test all: 0.7220222349798304, AUROC test unknown: 0.8187433829713551, AUPR test unknown: 0.6330100850177838
Epoch: 32, Best AUROC test all: 0.8447191329589574, AUPR test all: 0.7220222349798304, AUROC test unknown: 0.8187433829713551, AUPR test unknown: 0.6330100850177838
pseudo_counter: Counter({0: 17404, -1: 929})
max_probs: 0.3532155752182007， num of >0.5: 0
AUROC test all: 0.8469505870686216, AUPR test all: 0.7274685722830052, AUROC test unknown: 0.8211859520284792, AUPR test unknown: 0.639786024462508
Epoch: 33, Best AUROC test all: 0.8469505870686216, AUPR test all: 0.7274685722830052, AUROC test unknown: 0.8211859520284792, AUPR test unknown: 0.639786024462508
pseudo_counter: Counter({0: 17404, -1: 929})
max_probs: 0.38266900181770325， num of >0.5: 0
AUROC test all: 0.8468237303867748, AUPR test all: 0.7297443135055035, AUROC test unknown: 0.820999606933412, AUPR test unknown: 0.6430599521567402
Epoch: 34, Best AUROC test all: 0.8469505870686216, AUPR test all: 0.7297443135055035, AUROC test unknown: 0.8211859520284792, AUPR test unknown: 0.6430599521567402
pseudo_counter: Counter({0: 17404, -1: 929})
max_probs: 0.3871217668056488， num of >0.5: 0
AUROC test all: 0.8471072674895945, AUPR test all: 0.7301542024909884, AUROC test unknown: 0.8214052212073288, AUPR test unknown: 0.6437841740945739
Epoch: 35, Best AUROC test all: 0.8471072674895945, AUPR test all: 0.7301542024909884, AUROC test unknown: 0.8214052212073288, AUPR test unknown: 0.6437841740945739
pseudo_counter: Counter({0: 17404, -1: 929})
max_probs: 0.4347183108329773， num of >0.5: 0
AUROC test all: 0.8492033648757858, AUPR test all: 0.7324626552750158, AUROC test unknown: 0.8237258145802151, AUPR test unknown: 0.6458651742589689
Epoch: 36, Best AUROC test all: 0.8492033648757858, AUPR test all: 0.7324626552750158, AUROC test unknown: 0.8237258145802151, AUPR test unknown: 0.6458651742589689
pseudo_counter: Counter({0: 17404, -1: 929})
max_probs: 0.4610673785209656， num of >0.5: 0
AUROC test all: 0.8477933606763604, AUPR test all: 0.7323286691930533, AUROC test unknown: 0.8225100916992273, AUPR test unknown: 0.6462216236898405
Epoch: 37, Best AUROC test all: 0.8492033648757858, AUPR test all: 0.7324626552750158, AUROC test unknown: 0.8237258145802151, AUPR test unknown: 0.6462216236898405
pseudo_counter: Counter({0: 17404, -1: 929})
max_probs: 0.4798969328403473， num of >0.5: 0
AUROC test all: 0.8457805802566295, AUPR test all: 0.7297289343222795, AUROC test unknown: 0.8197554071120589, AUPR test unknown: 0.6422280695373693
Epoch: 38, Best AUROC test all: 0.8492033648757858, AUPR test all: 0.7324626552750158, AUROC test unknown: 0.8237258145802151, AUPR test unknown: 0.6462216236898405
pseudo_counter: Counter({0: 17404, -1: 929})
max_probs: 0.5288267135620117， num of >0.5: 5
AUROC test all: 0.846930624849651, AUPR test all: 0.7329292391334262, AUROC test unknown: 0.8210308565426558, AUPR test unknown: 0.6470842775444129
Epoch: 39, Best AUROC test all: 0.8492033648757858, AUPR test all: 0.7329292391334262, AUROC test unknown: 0.8237258145802151, AUPR test unknown: 0.6470842775444129
pseudo_counter: Counter({0: 17403, -1: 929, 1: 1})
max_probs: 0.5599016547203064， num of >0.5: 19
AUROC test all: 0.8491782051205391, AUPR test all: 0.7357412741855368, AUROC test unknown: 0.8236108956101041, AUPR test unknown: 0.6505654964797342
Epoch: 40, Best AUROC test all: 0.8492033648757858, AUPR test all: 0.7357412741855368, AUROC test unknown: 0.8237258145802151, AUPR test unknown: 0.6505654964797342
pseudo_counter: Counter({0: 17402, -1: 929, 1: 2})
max_probs: 0.586476743221283， num of >0.5: 70
AUROC test all: 0.8464195920439979, AUPR test all: 0.7348278543816571, AUROC test unknown: 0.8206789994253508, AUPR test unknown: 0.6501555019040769
Epoch: 41, Best AUROC test all: 0.8492033648757858, AUPR test all: 0.7357412741855368, AUROC test unknown: 0.8237258145802151, AUPR test unknown: 0.6505654964797342
pseudo_counter: Counter({0: 17398, -1: 929, 1: 6})
max_probs: 0.6558190584182739， num of >0.5: 138
AUROC test all: 0.8489981955809903, AUPR test all: 0.7373682666916096, AUROC test unknown: 0.823424898457798, AUPR test unknown: 0.6529282229686615
Epoch: 42, Best AUROC test all: 0.8492033648757858, AUPR test all: 0.7373682666916096, AUROC test unknown: 0.8237258145802151, AUPR test unknown: 0.6529282229686615
pseudo_counter: Counter({0: 17392, -1: 929, 1: 12})
max_probs: 0.6743086576461792， num of >0.5: 270
AUROC test all: 0.849657004002103, AUPR test all: 0.7389479924981384, AUROC test unknown: 0.8242283200399265, AUPR test unknown: 0.6539697552311643
Epoch: 43, Best AUROC test all: 0.849657004002103, AUPR test all: 0.7389479924981384, AUROC test unknown: 0.8242283200399265, AUPR test unknown: 0.6539697552311643
pseudo_counter: Counter({0: 17384, -1: 929, 1: 20})
max_probs: 0.7226871848106384， num of >0.5: 371
AUROC test all: 0.84990589699587, AUPR test all: 0.7414115264975657, AUROC test unknown: 0.8239923713549598, AUPR test unknown: 0.6565055235169968
Epoch: 44, Best AUROC test all: 0.84990589699587, AUPR test all: 0.7414115264975657, AUROC test unknown: 0.8242283200399265, AUPR test unknown: 0.6565055235169968
pseudo_counter: Counter({0: 17377, -1: 929, 1: 27})
max_probs: 0.7376474738121033， num of >0.5: 472
AUROC test all: 0.8539642437101762, AUPR test all: 0.7483932947533243, AUROC test unknown: 0.8287003631108909, AUPR test unknown: 0.6651941541089298
Epoch: 45, Best AUROC test all: 0.8539642437101762, AUPR test all: 0.7483932947533243, AUROC test unknown: 0.8287003631108909, AUPR test unknown: 0.6651941541089298
pseudo_counter: Counter({0: 17368, -1: 929, 1: 36})
max_probs: 0.8105435967445374， num of >0.5: 512
AUROC test all: 0.854921813875766, AUPR test all: 0.7492988415994789, AUROC test unknown: 0.8301648650661663, AUPR test unknown: 0.6671918806855697
Epoch: 46, Best AUROC test all: 0.854921813875766, AUPR test all: 0.7492988415994789, AUROC test unknown: 0.8301648650661663, AUPR test unknown: 0.6671918806855697
pseudo_counter: Counter({0: 17359, -1: 929, 1: 45})
max_probs: 0.8234401345252991， num of >0.5: 567
AUROC test all: 0.8543506368361815, AUPR test all: 0.7496569252972383, AUROC test unknown: 0.8293271493756331, AUPR test unknown: 0.6661295092330026
Epoch: 47, Best AUROC test all: 0.854921813875766, AUPR test all: 0.7496569252972383, AUROC test unknown: 0.8301648650661663, AUPR test unknown: 0.6671918806855697
pseudo_counter: Counter({0: 17350, -1: 929, 1: 54})
max_probs: 0.916558563709259， num of >0.5: 606
AUROC test all: 0.8565500870012377, AUPR test all: 0.7531726196697492, AUROC test unknown: 0.8318592810741428, AUPR test unknown: 0.6715468473791087
Epoch: 48, Best AUROC test all: 0.8565500870012377, AUPR test all: 0.7531726196697492, AUROC test unknown: 0.8318592810741428, AUPR test unknown: 0.6715468473791087
pseudo_counter: Counter({0: 17341, -1: 929, 1: 63})
max_probs: 0.9344320893287659， num of >0.5: 608
AUROC test all: 0.8570723612039335, AUPR test all: 0.7547121683260434, AUROC test unknown: 0.832260959245573, AUPR test unknown: 0.6734652609353078
Epoch: 49, Best AUROC test all: 0.8570723612039335, AUPR test all: 0.7547121683260434, AUROC test unknown: 0.832260959245573, AUPR test unknown: 0.6734652609353078
pseudo_counter: Counter({0: 17333, -1: 929, 1: 71})
max_probs: 0.9490994811058044， num of >0.5: 651
AUROC test all: 0.8579804121876247, AUPR test all: 0.7581621768249911, AUROC test unknown: 0.833389707309462, AUPR test unknown: 0.6781612266082793
Epoch: 50, Best AUROC test all: 0.8579804121876247, AUPR test all: 0.7581621768249911, AUROC test unknown: 0.833389707309462, AUPR test unknown: 0.6781612266082793
pseudo_counter: Counter({0: 17323, -1: 929, 1: 81})
max_probs: 0.962600588798523， num of >0.5: 683
AUROC test all: 0.8568916433275823, AUPR test all: 0.7570049431153113, AUROC test unknown: 0.8320763429911007, AUPR test unknown: 0.6764106685384008
Epoch: 51, Best AUROC test all: 0.8579804121876247, AUPR test all: 0.7581621768249911, AUROC test unknown: 0.833389707309462, AUPR test unknown: 0.6781612266082793
pseudo_counter: Counter({0: 17314, -1: 929, 1: 90})
max_probs: 0.988393247127533， num of >0.5: 705
AUROC test all: 0.8577437725006174, AUPR test all: 0.7590200334486394, AUROC test unknown: 0.8329275958296886, AUPR test unknown: 0.6795802173859237
Epoch: 52, Best AUROC test all: 0.8579804121876247, AUPR test all: 0.7590200334486394, AUROC test unknown: 0.833389707309462, AUPR test unknown: 0.6795802173859237
pseudo_counter: Counter({0: 17308, -1: 929, 1: 96})
max_probs: 0.9905457496643066， num of >0.5: 734
AUROC test all: 0.8602405953340841, AUPR test all: 0.7621321209114976, AUROC test unknown: 0.8359746610684126, AUPR test unknown: 0.6812786172450352
Epoch: 53, Best AUROC test all: 0.8602405953340841, AUPR test all: 0.7621321209114976, AUROC test unknown: 0.8359746610684126, AUPR test unknown: 0.6812786172450352
pseudo_counter: Counter({0: 17300, -1: 929, 1: 104})
max_probs: 0.9961481094360352， num of >0.5: 758
AUROC test all: 0.8590760344362076, AUPR test all: 0.7612461209248382, AUROC test unknown: 0.8343925000937815, AUPR test unknown: 0.6815047178503308
Epoch: 54, Best AUROC test all: 0.8602405953340841, AUPR test all: 0.7621321209114976, AUROC test unknown: 0.8359746610684126, AUPR test unknown: 0.6815047178503308
pseudo_counter: Counter({0: 17295, -1: 929, 1: 109})
max_probs: 0.9992386102676392， num of >0.5: 758
AUROC test all: 0.858590934116858, AUPR test all: 0.7605861671692681, AUROC test unknown: 0.8336936679310399, AUPR test unknown: 0.6796448777769051
Epoch: 55, Best AUROC test all: 0.8602405953340841, AUPR test all: 0.7621321209114976, AUROC test unknown: 0.8359746610684126, AUPR test unknown: 0.6815047178503308
pseudo_counter: Counter({0: 17291, -1: 929, 1: 113})
max_probs: 0.9999196529388428， num of >0.5: 792
AUROC test all: 0.8594435232488558, AUPR test all: 0.7627993937068878, AUROC test unknown: 0.834941292813949, AUPR test unknown: 0.6822742537731907
Epoch: 56, Best AUROC test all: 0.8602405953340841, AUPR test all: 0.7627993937068878, AUROC test unknown: 0.8359746610684126, AUPR test unknown: 0.6822742537731907
pseudo_counter: Counter({0: 17288, -1: 929, 1: 116})
max_probs: 0.9998792409896851， num of >0.5: 799
AUROC test all: 0.8612815560595682, AUPR test all: 0.7640579217142967, AUROC test unknown: 0.836987087517934, AUPR test unknown: 0.6841588974908991
Epoch: 57, Best AUROC test all: 0.8612815560595682, AUPR test all: 0.7640579217142967, AUROC test unknown: 0.836987087517934, AUPR test unknown: 0.6841588974908991
pseudo_counter: Counter({0: 17285, -1: 929, 1: 119})
max_probs: 0.9999308586120605， num of >0.5: 830
AUROC test all: 0.8644037666959354, AUPR test all: 0.7696625128109145, AUROC test unknown: 0.8402803331334475, AUPR test unknown: 0.6902433257697634
Epoch: 58, Best AUROC test all: 0.8644037666959354, AUPR test all: 0.7696625128109145, AUROC test unknown: 0.8402803331334475, AUPR test unknown: 0.6902433257697634
pseudo_counter: Counter({0: 17280, -1: 929, 1: 124})
max_probs: 0.9999877214431763， num of >0.5: 916
AUROC test all: 0.8638873431712424, AUPR test all: 0.7696069590984302, AUROC test unknown: 0.8397569837276957, AUPR test unknown: 0.6888474096373293
Epoch: 59, Best AUROC test all: 0.8644037666959354, AUPR test all: 0.7696625128109145, AUROC test unknown: 0.8402803331334475, AUPR test unknown: 0.6902433257697634
pseudo_counter: Counter({0: 17273, -1: 929, 1: 131})
max_probs: 0.9999953508377075， num of >0.5: 983
AUROC test all: 0.8642963938757383, AUPR test all: 0.7698147676356848, AUROC test unknown: 0.8401987188095139, AUPR test unknown: 0.6898179633605073
Epoch: 60, Best AUROC test all: 0.8644037666959354, AUPR test all: 0.7698147676356848, AUROC test unknown: 0.8402803331334475, AUPR test unknown: 0.6902433257697634
pseudo_counter: Counter({0: 17264, -1: 929, 1: 140})
max_probs: 0.9999997615814209， num of >0.5: 1029
AUROC test all: 0.86595909952914, AUPR test all: 0.772442998859584, AUROC test unknown: 0.8421976608460555, AUPR test unknown: 0.6924727883129829
Epoch: 61, Best AUROC test all: 0.86595909952914, AUPR test all: 0.772442998859584, AUROC test unknown: 0.8421976608460555, AUPR test unknown: 0.6924727883129829
pseudo_counter: Counter({0: 17258, -1: 929, 1: 146})
max_probs: 1.0， num of >0.5: 1136
AUROC test all: 0.8695018506448855, AUPR test all: 0.7759711702358988, AUROC test unknown: 0.8462989274120725, AUPR test unknown: 0.6957678454333773
Epoch: 62, Best AUROC test all: 0.8695018506448855, AUPR test all: 0.7759711702358988, AUROC test unknown: 0.8462989274120725, AUPR test unknown: 0.6957678454333773
pseudo_counter: Counter({0: 17251, -1: 929, 1: 153})
max_probs: 1.0， num of >0.5: 1314
AUROC test all: 0.8733068059667715, AUPR test all: 0.7821198203852462, AUROC test unknown: 0.8507077862522378, AUPR test unknown: 0.7039438885347935
Epoch: 63, Best AUROC test all: 0.8733068059667715, AUPR test all: 0.7821198203852462, AUROC test unknown: 0.8507077862522378, AUPR test unknown: 0.7039438885347935
pseudo_counter: Counter({0: 17239, -1: 929, 1: 165})
max_probs: 1.0， num of >0.5: 1456
AUROC test all: 0.8726887775072707, AUPR test all: 0.7819236096080453, AUROC test unknown: 0.8498220653338647, AUPR test unknown: 0.7044469663349514
Epoch: 64, Best AUROC test all: 0.8733068059667715, AUPR test all: 0.7821198203852462, AUROC test unknown: 0.8507077862522378, AUPR test unknown: 0.7044469663349514
pseudo_counter: Counter({0: 17218, -1: 929, 1: 186})
max_probs: 1.0， num of >0.5: 1346
AUROC test all: 0.8739390103614957, AUPR test all: 0.7831053386757254, AUROC test unknown: 0.851249598370758, AUPR test unknown: 0.7051568187500614
Epoch: 65, Best AUROC test all: 0.8739390103614957, AUPR test all: 0.7831053386757254, AUROC test unknown: 0.851249598370758, AUPR test unknown: 0.7051568187500614
pseudo_counter: Counter({0: 17212, -1: 929, 1: 192})
max_probs: 1.0， num of >0.5: 1274
AUROC test all: 0.8742853778585875, AUPR test all: 0.7832715392489538, AUROC test unknown: 0.8519163871798315, AUPR test unknown: 0.7071368495066073
Epoch: 66, Best AUROC test all: 0.8742853778585875, AUPR test all: 0.7832715392489538, AUROC test unknown: 0.8519163871798315, AUPR test unknown: 0.7071368495066073
pseudo_counter: Counter({0: 17205, -1: 929, 1: 199})
max_probs: 1.0， num of >0.5: 1126
AUROC test all: 0.875166015288116, AUPR test all: 0.7827662445067146, AUROC test unknown: 0.8532959149888848, AUPR test unknown: 0.706425883587488
Epoch: 67, Best AUROC test all: 0.875166015288116, AUPR test all: 0.7832715392489538, AUROC test unknown: 0.8532959149888848, AUPR test unknown: 0.7071368495066073
pseudo_counter: Counter({0: 17203, -1: 929, 1: 201})
max_probs: 1.0， num of >0.5: 1121
AUROC test all: 0.8762175642689158, AUPR test all: 0.7831554712017941, AUROC test unknown: 0.8543791804099528, AUPR test unknown: 0.7057214757489957
Epoch: 68, Best AUROC test all: 0.8762175642689158, AUPR test all: 0.7832715392489538, AUROC test unknown: 0.8543791804099528, AUPR test unknown: 0.7071368495066073
pseudo_counter: Counter({0: 17201, -1: 929, 1: 203})
max_probs: 1.0， num of >0.5: 1080
AUROC test all: 0.8797779226137443, AUPR test all: 0.7872960523373962, AUROC test unknown: 0.8583769340045004, AUPR test unknown: 0.7117646646626857
Epoch: 69, Best AUROC test all: 0.8797779226137443, AUPR test all: 0.7872960523373962, AUROC test unknown: 0.8583769340045004, AUPR test unknown: 0.7117646646626857
pseudo_counter: Counter({0: 17197, -1: 929, 1: 207})
max_probs: 1.0， num of >0.5: 1139
AUROC test all: 0.8838186988956844, AUPR test all: 0.7938684278011567, AUROC test unknown: 0.863142923469446, AUPR test unknown: 0.7195793710677263
Epoch: 70, Best AUROC test all: 0.8838186988956844, AUPR test all: 0.7938684278011567, AUROC test unknown: 0.863142923469446, AUPR test unknown: 0.7195793710677263
pseudo_counter: Counter({0: 17196, -1: 929, 1: 208})
max_probs: 1.0， num of >0.5: 1144
AUROC test all: 0.8856891956099677, AUPR test all: 0.793767403701626, AUROC test unknown: 0.865601867582771, AUPR test unknown: 0.7193660209388201
Epoch: 71, Best AUROC test all: 0.8856891956099677, AUPR test all: 0.7938684278011567, AUROC test unknown: 0.865601867582771, AUPR test unknown: 0.7195793710677263
pseudo_counter: Counter({0: 17193, -1: 929, 1: 211})
max_probs: 1.0， num of >0.5: 1236
AUROC test all: 0.8871374683950698, AUPR test all: 0.797094923810913, AUROC test unknown: 0.8671466790766251, AUPR test unknown: 0.7237288257006862
Epoch: 72, Best AUROC test all: 0.8871374683950698, AUPR test all: 0.797094923810913, AUROC test unknown: 0.8671466790766251, AUPR test unknown: 0.7237288257006862
pseudo_counter: Counter({0: 17189, -1: 929, 1: 215})
max_probs: 1.0， num of >0.5: 1305
AUROC test all: 0.8906569639856732, AUPR test all: 0.8006339633003012, AUROC test unknown: 0.8713188172338224, AUPR test unknown: 0.7269561896540448
Epoch: 73, Best AUROC test all: 0.8906569639856732, AUPR test all: 0.8006339633003012, AUROC test unknown: 0.8713188172338224, AUPR test unknown: 0.7269561896540448
pseudo_counter: Counter({0: 17181, -1: 929, 1: 223})
max_probs: 1.0， num of >0.5: 1380
AUROC test all: 0.8951848184105015, AUPR test all: 0.8072890442248858, AUROC test unknown: 0.8766207255367697, AUPR test unknown: 0.736218386378836
Epoch: 74, Best AUROC test all: 0.8951848184105015, AUPR test all: 0.8072890442248858, AUROC test unknown: 0.8766207255367697, AUPR test unknown: 0.736218386378836
pseudo_counter: Counter({0: 17178, -1: 929, 1: 226})
max_probs: 1.0， num of >0.5: 1375
AUROC test all: 0.894299425005301, AUPR test all: 0.804569719825759, AUROC test unknown: 0.8758144443000724, AUPR test unknown: 0.7318966758474944
Epoch: 75, Best AUROC test all: 0.8951848184105015, AUPR test all: 0.8072890442248858, AUROC test unknown: 0.8766207255367697, AUPR test unknown: 0.736218386378836
pseudo_counter: Counter({0: 17174, -1: 929, 1: 230})
max_probs: 1.0， num of >0.5: 1326
AUROC test all: 0.8953703290592414, AUPR test all: 0.805599360583915, AUROC test unknown: 0.8769659717416111, AUPR test unknown: 0.734455048235309
Epoch: 76, Best AUROC test all: 0.8953703290592414, AUPR test all: 0.8072890442248858, AUROC test unknown: 0.8769659717416111, AUPR test unknown: 0.736218386378836
pseudo_counter: Counter({0: 17171, -1: 929, 1: 233})
max_probs: 1.0， num of >0.5: 1303
AUROC test all: 0.893716969771957, AUPR test all: 0.8025289880209915, AUROC test unknown: 0.8751515915934854, AUPR test unknown: 0.731398556033731
Epoch: 77, Best AUROC test all: 0.8953703290592414, AUPR test all: 0.8072890442248858, AUROC test unknown: 0.8769659717416111, AUPR test unknown: 0.736218386378836
pseudo_counter: Counter({0: 17169, -1: 929, 1: 235})
max_probs: 1.0， num of >0.5: 1222
AUROC test all: 0.8930239588023956, AUPR test all: 0.8017210686969521, AUROC test unknown: 0.874274253921016, AUPR test unknown: 0.7293175288127408
Epoch: 78, Best AUROC test all: 0.8953703290592414, AUPR test all: 0.8072890442248858, AUROC test unknown: 0.8769659717416111, AUPR test unknown: 0.736218386378836
pseudo_counter: Counter({0: 17166, -1: 929, 1: 238})
max_probs: 1.0， num of >0.5: 1180
AUROC test all: 0.8945525404223434, AUPR test all: 0.804522919514616, AUROC test unknown: 0.8759386707390466, AUPR test unknown: 0.7338446318470608
Epoch: 79, Best AUROC test all: 0.8953703290592414, AUPR test all: 0.8072890442248858, AUROC test unknown: 0.8769659717416111, AUPR test unknown: 0.736218386378836
pseudo_counter: Counter({0: 17165, -1: 929, 1: 239})
max_probs: 1.0， num of >0.5: 1150
AUROC test all: 0.9004722490659384, AUPR test all: 0.8099422456456941, AUROC test unknown: 0.8830851975907137, AUPR test unknown: 0.738968934398672
Epoch: 80, Best AUROC test all: 0.9004722490659384, AUPR test all: 0.8099422456456941, AUROC test unknown: 0.8830851975907137, AUPR test unknown: 0.738968934398672
pseudo_counter: Counter({0: 17163, -1: 929, 1: 241})
max_probs: 1.0， num of >0.5: 1206
AUROC test all: 0.9011437063585187, AUPR test all: 0.8132509144685733, AUROC test unknown: 0.8837787888656143, AUPR test unknown: 0.7445323647700589
Epoch: 81, Best AUROC test all: 0.9011437063585187, AUPR test all: 0.8132509144685733, AUROC test unknown: 0.8837787888656143, AUPR test unknown: 0.7445323647700589
pseudo_counter: Counter({0: 17161, -1: 929, 1: 243})
max_probs: 1.0， num of >0.5: 1256
AUROC test all: 0.9065889949298722, AUPR test all: 0.8219110226003757, AUROC test unknown: 0.8901638429843052, AUPR test unknown: 0.7565726313022443
Epoch: 82, Best AUROC test all: 0.9065889949298722, AUPR test all: 0.8219110226003757, AUROC test unknown: 0.8901638429843052, AUPR test unknown: 0.7565726313022443
pseudo_counter: Counter({0: 17156, -1: 929, 1: 248})
max_probs: 1.0， num of >0.5: 1326
AUROC test all: 0.9110551688578347, AUPR test all: 0.8272114823477524, AUROC test unknown: 0.8954859645870381, AUPR test unknown: 0.7621763638957981
Epoch: 83, Best AUROC test all: 0.9110551688578347, AUPR test all: 0.8272114823477524, AUROC test unknown: 0.8954859645870381, AUPR test unknown: 0.7621763638957981
pseudo_counter: Counter({0: 17155, -1: 929, 1: 249})
max_probs: 1.0， num of >0.5: 1436
AUROC test all: 0.9184666808027387, AUPR test all: 0.8367668470114908, AUROC test unknown: 0.9040791613274667, AUPR test unknown: 0.7737050560747203
Epoch: 84, Best AUROC test all: 0.9184666808027387, AUPR test all: 0.8367668470114908, AUROC test unknown: 0.9040791613274667, AUPR test unknown: 0.7737050560747203
pseudo_counter: Counter({0: 17152, -1: 929, 1: 252})
max_probs: 1.0， num of >0.5: 1593
AUROC test all: 0.9247863329633729, AUPR test all: 0.8469470235052327, AUROC test unknown: 0.911647503537871, AUPR test unknown: 0.7874252372270074
Epoch: 85, Best AUROC test all: 0.9247863329633729, AUPR test all: 0.8469470235052327, AUROC test unknown: 0.911647503537871, AUPR test unknown: 0.7874252372270074
pseudo_counter: Counter({0: 17148, -1: 929, 1: 256})
max_probs: 1.0， num of >0.5: 1661
AUROC test all: 0.9253492031440955, AUPR test all: 0.8469618973883439, AUROC test unknown: 0.9120530743189428, AUPR test unknown: 0.7865656770874997
Epoch: 86, Best AUROC test all: 0.9253492031440955, AUPR test all: 0.8469618973883439, AUROC test unknown: 0.9120530743189428, AUPR test unknown: 0.7874252372270074
pseudo_counter: Counter({0: 17144, -1: 929, 1: 260})
max_probs: 1.0， num of >0.5: 1684
AUROC test all: 0.9250998961872622, AUPR test all: 0.8470194134418176, AUROC test unknown: 0.912179214443104, AUPR test unknown: 0.7870303313040583
Epoch: 87, Best AUROC test all: 0.9253492031440955, AUPR test all: 0.8470194134418176, AUROC test unknown: 0.912179214443104, AUPR test unknown: 0.7874252372270074
pseudo_counter: Counter({0: 17140, -1: 929, 1: 264})
max_probs: 1.0， num of >0.5: 1646
AUROC test all: 0.9243802075978782, AUPR test all: 0.846741451748855, AUROC test unknown: 0.9112378009365096, AUPR test unknown: 0.7877531783769992
Epoch: 88, Best AUROC test all: 0.9253492031440955, AUPR test all: 0.8470194134418176, AUROC test unknown: 0.912179214443104, AUPR test unknown: 0.7877531783769992
pseudo_counter: Counter({0: 17136, -1: 929, 1: 268})
max_probs: 1.0， num of >0.5: 1569
AUROC test all: 0.9237896386884362, AUPR test all: 0.8464438954512932, AUROC test unknown: 0.9104850920118323, AUPR test unknown: 0.7875428060989549
Epoch: 89, Best AUROC test all: 0.9253492031440955, AUPR test all: 0.8470194134418176, AUROC test unknown: 0.912179214443104, AUPR test unknown: 0.7877531783769992
pseudo_counter: Counter({0: 17133, -1: 929, 1: 271})
max_probs: 1.0， num of >0.5: 1518
AUROC test all: 0.9247618907441076, AUPR test all: 0.846917941932173, AUROC test unknown: 0.9116031517090242, AUPR test unknown: 0.7879692039714952
Epoch: 90, Best AUROC test all: 0.9253492031440955, AUPR test all: 0.8470194134418176, AUROC test unknown: 0.912179214443104, AUPR test unknown: 0.7879692039714952
pseudo_counter: Counter({0: 17132, -1: 929, 1: 272})
max_probs: 1.0， num of >0.5: 1541
AUROC test all: 0.9240596070018634, AUPR test all: 0.8454937267038264, AUROC test unknown: 0.910792205864684, AUPR test unknown: 0.7851397384813689
Epoch: 91, Best AUROC test all: 0.9253492031440955, AUPR test all: 0.8470194134418176, AUROC test unknown: 0.912179214443104, AUPR test unknown: 0.7879692039714952
pseudo_counter: Counter({0: 17130, -1: 929, 1: 274})
max_probs: 1.0， num of >0.5: 1481
AUROC test all: 0.9257509956961641, AUPR test all: 0.8472976427621495, AUROC test unknown: 0.91272613697093, AUPR test unknown: 0.7880952835873855
Epoch: 92, Best AUROC test all: 0.9257509956961641, AUPR test all: 0.8472976427621495, AUROC test unknown: 0.91272613697093, AUPR test unknown: 0.7880952835873855
pseudo_counter: Counter({0: 17127, -1: 929, 1: 277})
max_probs: 1.0， num of >0.5: 1449
AUROC test all: 0.9255755673478814, AUPR test all: 0.8489154610450711, AUROC test unknown: 0.9124562095006858, AUPR test unknown: 0.791539161090939
Epoch: 93, Best AUROC test all: 0.9257509956961641, AUPR test all: 0.8489154610450711, AUROC test unknown: 0.91272613697093, AUPR test unknown: 0.791539161090939
pseudo_counter: Counter({0: 17123, -1: 929, 1: 281})
max_probs: 1.0， num of >0.5: 1463
AUROC test all: 0.9251659278959132, AUPR test all: 0.8478748503073639, AUROC test unknown: 0.9120543356114523, AUPR test unknown: 0.790198804778008
Epoch: 94, Best AUROC test all: 0.9257509956961641, AUPR test all: 0.8489154610450711, AUROC test unknown: 0.91272613697093, AUPR test unknown: 0.791539161090939
pseudo_counter: Counter({0: 17122, -1: 929, 1: 282})
max_probs: 1.0， num of >0.5: 1488
AUROC test all: 0.9280206447980712, AUPR test all: 0.8520897273160115, AUROC test unknown: 0.9155024701217745, AUPR test unknown: 0.795319470631671
Epoch: 95, Best AUROC test all: 0.9280206447980712, AUPR test all: 0.8520897273160115, AUROC test unknown: 0.9155024701217745, AUPR test unknown: 0.795319470631671
pseudo_counter: Counter({0: 17118, -1: 929, 1: 286})
max_probs: 1.0， num of >0.5: 1529
AUROC test all: 0.9314488569329844, AUPR test all: 0.8555426973062414, AUROC test unknown: 0.91922060821482, AUPR test unknown: 0.7989448568176907
Epoch: 96, Best AUROC test all: 0.9314488569329844, AUPR test all: 0.8555426973062414, AUROC test unknown: 0.91922060821482, AUPR test unknown: 0.7989448568176907
pseudo_counter: Counter({0: 17117, -1: 929, 1: 287})
max_probs: 1.0， num of >0.5: 1701
AUROC test all: 0.9330772036518902, AUPR test all: 0.8605284089007095, AUROC test unknown: 0.9211907036218123, AUPR test unknown: 0.805732194625313
Epoch: 97, Best AUROC test all: 0.9330772036518902, AUPR test all: 0.8605284089007095, AUROC test unknown: 0.9211907036218123, AUPR test unknown: 0.805732194625313
pseudo_counter: Counter({0: 17113, -1: 929, 1: 291})
max_probs: 1.0， num of >0.5: 1831
AUROC test all: 0.9353385642932937, AUPR test all: 0.8628403812791736, AUROC test unknown: 0.9240813468429361, AUPR test unknown: 0.8084340957929227
Epoch: 98, Best AUROC test all: 0.9353385642932937, AUPR test all: 0.8628403812791736, AUROC test unknown: 0.9240813468429361, AUPR test unknown: 0.8084340957929227
pseudo_counter: Counter({0: 17108, -1: 929, 1: 296})
max_probs: 1.0， num of >0.5: 1935
AUROC test all: 0.9345887483918686, AUPR test all: 0.8615909545766394, AUROC test unknown: 0.9231066178169528, AUPR test unknown: 0.8051746730136214
Epoch: 99, Best AUROC test all: 0.9353385642932937, AUPR test all: 0.8628403812791736, AUROC test unknown: 0.9240813468429361, AUPR test unknown: 0.8084340957929227
pseudo_counter: Counter({0: 17106, -1: 929, 1: 298})
max_probs: 1.0， num of >0.5: 1953
AUROC test all: 0.9324640967532877, AUPR test all: 0.8596872977064068, AUROC test unknown: 0.9205581436818759, AUPR test unknown: 0.8047602034217681
Epoch: 100, Best AUROC test all: 0.9353385642932937, AUPR test all: 0.8628403812791736, AUROC test unknown: 0.9240813468429361, AUPR test unknown: 0.8084340957929227
pseudo_counter: Counter({0: 17098, -1: 929, 1: 306})
max_probs: 1.0， num of >0.5: 1896
AUROC test all: 0.930236653485776, AUPR test all: 0.8547737993820417, AUROC test unknown: 0.9180848686760724, AUPR test unknown: 0.7983884177269766
Epoch: 101, Best AUROC test all: 0.9353385642932937, AUPR test all: 0.8628403812791736, AUROC test unknown: 0.9240813468429361, AUPR test unknown: 0.8084340957929227
pseudo_counter: Counter({0: 17095, -1: 929, 1: 309})
max_probs: 1.0， num of >0.5: 1821
AUROC test all: 0.9265568621967548, AUPR test all: 0.8510233728358659, AUROC test unknown: 0.9139121542386768, AUPR test unknown: 0.7944778694872554
Epoch: 102, Best AUROC test all: 0.9353385642932937, AUPR test all: 0.8628403812791736, AUROC test unknown: 0.9240813468429361, AUPR test unknown: 0.8084340957929227
pseudo_counter: Counter({0: 17094, -1: 929, 1: 310})
max_probs: 1.0， num of >0.5: 1740
AUROC test all: 0.9252748461782239, AUPR test all: 0.8467246507182897, AUROC test unknown: 0.9123025057859075, AUPR test unknown: 0.7884161304917356
Epoch: 103, Best AUROC test all: 0.9353385642932937, AUPR test all: 0.8628403812791736, AUROC test unknown: 0.9240813468429361, AUPR test unknown: 0.8084340957929227
pseudo_counter: Counter({0: 17094, -1: 929, 1: 310})
max_probs: 1.0， num of >0.5: 1658
AUROC test all: 0.9254653243837586, AUPR test all: 0.848563302928201, AUROC test unknown: 0.9123795751075225, AUPR test unknown: 0.7920673036275564
Epoch: 104, Best AUROC test all: 0.9353385642932937, AUPR test all: 0.8628403812791736, AUROC test unknown: 0.9240813468429361, AUPR test unknown: 0.8084340957929227
pseudo_counter: Counter({0: 17093, -1: 929, 1: 311})
max_probs: 1.0， num of >0.5: 1620
AUROC test all: 0.9240037219879242, AUPR test all: 0.84706942186091, AUROC test unknown: 0.9106300754111569, AUPR test unknown: 0.7909233066316659
Epoch: 105, Best AUROC test all: 0.9353385642932937, AUPR test all: 0.8628403812791736, AUROC test unknown: 0.9240813468429361, AUPR test unknown: 0.8084340957929227
pseudo_counter: Counter({0: 17090, -1: 929, 1: 314})
max_probs: 1.0， num of >0.5: 1604
AUROC test all: 0.9242149995377413, AUPR test all: 0.8473951381154189, AUROC test unknown: 0.9108746248062529, AUPR test unknown: 0.7904108132047243
Epoch: 106, Best AUROC test all: 0.9353385642932937, AUPR test all: 0.8628403812791736, AUROC test unknown: 0.9240813468429361, AUPR test unknown: 0.8084340957929227
pseudo_counter: Counter({0: 17090, -1: 929, 1: 314})
max_probs: 1.0， num of >0.5: 1605
AUROC test all: 0.923090096301608, AUPR test all: 0.846280714315141, AUROC test unknown: 0.9099538486546846, AUPR test unknown: 0.7905952728880337
Epoch: 107, Best AUROC test all: 0.9353385642932937, AUPR test all: 0.8628403812791736, AUROC test unknown: 0.9240813468429361, AUPR test unknown: 0.8084340957929227
pseudo_counter: Counter({0: 17088, -1: 929, 1: 316})
max_probs: 1.0， num of >0.5: 1582
AUROC test all: 0.92506733109272, AUPR test all: 0.8467805824821923, AUROC test unknown: 0.9122827165413622, AUPR test unknown: 0.7897933571193348
Epoch: 108, Best AUROC test all: 0.9353385642932937, AUPR test all: 0.8628403812791736, AUROC test unknown: 0.9240813468429361, AUPR test unknown: 0.8084340957929227
pseudo_counter: Counter({0: 17083, -1: 929, 1: 321})
max_probs: 1.0， num of >0.5: 1628
AUROC test all: 0.9267633009782867, AUPR test all: 0.8479434351295452, AUROC test unknown: 0.9140133729625639, AUPR test unknown: 0.7901094543049494
Epoch: 109, Best AUROC test all: 0.9353385642932937, AUPR test all: 0.8628403812791736, AUROC test unknown: 0.9240813468429361, AUPR test unknown: 0.8084340957929227
pseudo_counter: Counter({0: 17081, -1: 929, 1: 323})
max_probs: 1.0， num of >0.5: 1694
AUROC test all: 0.9309145870005479, AUPR test all: 0.8570142665921843, AUROC test unknown: 0.9191955563360106, AUPR test unknown: 0.8035348484190723
Epoch: 110, Best AUROC test all: 0.9353385642932937, AUPR test all: 0.8628403812791736, AUROC test unknown: 0.9240813468429361, AUPR test unknown: 0.8084340957929227
pseudo_counter: Counter({0: 17077, -1: 929, 1: 327})
max_probs: 1.0， num of >0.5: 1806
AUROC test all: 0.9338607529436225, AUPR test all: 0.8597680936470693, AUROC test unknown: 0.9223515494054257, AUPR test unknown: 0.8061172672590052
Epoch: 111, Best AUROC test all: 0.9353385642932937, AUPR test all: 0.8628403812791736, AUROC test unknown: 0.9240813468429361, AUPR test unknown: 0.8084340957929227
pseudo_counter: Counter({0: 17072, -1: 929, 1: 332})
max_probs: 1.0， num of >0.5: 1926
AUROC test all: 0.9373786938729327, AUPR test all: 0.8664862284322011, AUROC test unknown: 0.9264699630256451, AUPR test unknown: 0.8153357129105063
Epoch: 112, Best AUROC test all: 0.9373786938729327, AUPR test all: 0.8664862284322011, AUROC test unknown: 0.9264699630256451, AUPR test unknown: 0.8153357129105063
pseudo_counter: Counter({0: 17069, -1: 929, 1: 335})
max_probs: 1.0， num of >0.5: 2058
AUROC test all: 0.9375728517501667, AUPR test all: 0.8679994400638624, AUROC test unknown: 0.9266314954525512, AUPR test unknown: 0.8172432116784212
Epoch: 113, Best AUROC test all: 0.9375728517501667, AUPR test all: 0.8679994400638624, AUROC test unknown: 0.9266314954525512, AUPR test unknown: 0.8172432116784212
pseudo_counter: Counter({0: 17066, -1: 929, 1: 338})
max_probs: 1.0， num of >0.5: 2115
AUROC test all: 0.9400166229169034, AUPR test all: 0.8706848748668966, AUROC test unknown: 0.9296764186686515, AUPR test unknown: 0.8209088761800938
Epoch: 114, Best AUROC test all: 0.9400166229169034, AUPR test all: 0.8706848748668966, AUROC test unknown: 0.9296764186686515, AUPR test unknown: 0.8209088761800938
pseudo_counter: Counter({0: 17060, -1: 929, 1: 344})
max_probs: 1.0， num of >0.5: 2131
AUROC test all: 0.9407579847725984, AUPR test all: 0.8712311273834576, AUROC test unknown: 0.9302928427630351, AUPR test unknown: 0.8207756240586003
Epoch: 115, Best AUROC test all: 0.9407579847725984, AUPR test all: 0.8712311273834576, AUROC test unknown: 0.9302928427630351, AUPR test unknown: 0.8209088761800938
pseudo_counter: Counter({0: 17060, -1: 929, 1: 344})
max_probs: 0.9999998807907104， num of >0.5: 2079
AUROC test all: 0.9407908442408768, AUPR test all: 0.8702433296887535, AUROC test unknown: 0.930501499687667, AUPR test unknown: 0.8195122095260488
Epoch: 116, Best AUROC test all: 0.9407908442408768, AUPR test all: 0.8712311273834576, AUROC test unknown: 0.930501499687667, AUPR test unknown: 0.8209088761800938
pseudo_counter: Counter({0: 17059, -1: 929, 1: 345})
max_probs: 1.0， num of >0.5: 2014
AUROC test all: 0.9361865354373083, AUPR test all: 0.8645987679446875, AUROC test unknown: 0.9250796489909933, AUPR test unknown: 0.8137443682180859
Epoch: 117, Best AUROC test all: 0.9407908442408768, AUPR test all: 0.8712311273834576, AUROC test unknown: 0.930501499687667, AUPR test unknown: 0.8209088761800938
pseudo_counter: Counter({0: 17057, -1: 929, 1: 347})
max_probs: 1.0， num of >0.5: 1924
AUROC test all: 0.9356390462842905, AUPR test all: 0.8633869910336159, AUROC test unknown: 0.9243143162680094, AUPR test unknown: 0.8121230888963494
Epoch: 118, Best AUROC test all: 0.9407908442408768, AUPR test all: 0.8712311273834576, AUROC test unknown: 0.930501499687667, AUPR test unknown: 0.8209088761800938
pseudo_counter: Counter({0: 17056, -1: 929, 1: 348})
max_probs: 1.0， num of >0.5: 1824
AUROC test all: 0.9347422550960005, AUPR test all: 0.8613893871478213, AUROC test unknown: 0.9233927898648623, AUPR test unknown: 0.8100432823165393
Epoch: 119, Best AUROC test all: 0.9407908442408768, AUPR test all: 0.8712311273834576, AUROC test unknown: 0.930501499687667, AUPR test unknown: 0.8209088761800938
pseudo_counter: Counter({0: 17056, -1: 929, 1: 348})
max_probs: 1.0， num of >0.5: 1729
AUROC test all: 0.9336916076347669, AUPR test all: 0.8585603907862298, AUROC test unknown: 0.9222754695460379, AUPR test unknown: 0.8053063113535788
Epoch: 120, Best AUROC test all: 0.9407908442408768, AUPR test all: 0.8712311273834576, AUROC test unknown: 0.930501499687667, AUPR test unknown: 0.8209088761800938
pseudo_counter: Counter({0: 17053, -1: 929, 1: 351})
max_probs: 1.0， num of >0.5: 1725
AUROC test all: 0.933817857170783, AUPR test all: 0.8593197206536716, AUROC test unknown: 0.9222693805477163, AUPR test unknown: 0.8063130645456172
Epoch: 121, Best AUROC test all: 0.9407908442408768, AUPR test all: 0.8712311273834576, AUROC test unknown: 0.930501499687667, AUPR test unknown: 0.8209088761800938
pseudo_counter: Counter({0: 17051, -1: 929, 1: 353})
max_probs: 1.0， num of >0.5: 1738
AUROC test all: 0.9341209885254037, AUPR test all: 0.8606412938120405, AUROC test unknown: 0.9226859767650347, AUPR test unknown: 0.8094281065925923
Epoch: 122, Best AUROC test all: 0.9407908442408768, AUPR test all: 0.8712311273834576, AUROC test unknown: 0.930501499687667, AUPR test unknown: 0.8209088761800938
pseudo_counter: Counter({0: 17050, -1: 929, 1: 354})
max_probs: 1.0， num of >0.5: 1755
AUROC test all: 0.9372629773971566, AUPR test all: 0.8648219051434679, AUROC test unknown: 0.9263475415397446, AUPR test unknown: 0.8145404032866589
Epoch: 123, Best AUROC test all: 0.9407908442408768, AUPR test all: 0.8712311273834576, AUROC test unknown: 0.930501499687667, AUPR test unknown: 0.8209088761800938
pseudo_counter: Counter({0: 17046, -1: 929, 1: 358})
max_probs: 1.0， num of >0.5: 1776
AUROC test all: 0.9366129817897649, AUPR test all: 0.8640644598568783, AUROC test unknown: 0.9258295635003694, AUPR test unknown: 0.8129672723002994
Epoch: 124, Best AUROC test all: 0.9407908442408768, AUPR test all: 0.8712311273834576, AUROC test unknown: 0.930501499687667, AUPR test unknown: 0.8209088761800938
pseudo_counter: Counter({0: 17046, -1: 929, 1: 358})
max_probs: 0.9999998807907104， num of >0.5: 1830
AUROC test all: 0.937014985922956, AUPR test all: 0.8654708855661214, AUROC test unknown: 0.9260865627223912, AUPR test unknown: 0.8147461730630046
Epoch: 125, Best AUROC test all: 0.9407908442408768, AUPR test all: 0.8712311273834576, AUROC test unknown: 0.930501499687667, AUPR test unknown: 0.8209088761800938
pseudo_counter: Counter({0: 17045, -1: 929, 1: 359})
max_probs: 0.9999997615814209， num of >0.5: 1844
AUROC test all: 0.9392830343676737, AUPR test all: 0.8674817274288842, AUROC test unknown: 0.9289635600633472, AUPR test unknown: 0.8175362661362643
Epoch: 126, Best AUROC test all: 0.9407908442408768, AUPR test all: 0.8712311273834576, AUROC test unknown: 0.930501499687667, AUPR test unknown: 0.8209088761800938
pseudo_counter: Counter({0: 17044, -1: 929, 1: 360})
max_probs: 0.9999998807907104， num of >0.5: 1842
AUROC test all: 0.9381090167135289, AUPR test all: 0.8674281899006462, AUROC test unknown: 0.9272777338922888, AUPR test unknown: 0.8176626367947786
Epoch: 127, Best AUROC test all: 0.9407908442408768, AUPR test all: 0.8712311273834576, AUROC test unknown: 0.930501499687667, AUPR test unknown: 0.8209088761800938
pseudo_counter: Counter({0: 17043, -1: 929, 1: 361})
max_probs: 1.0， num of >0.5: 1843
AUROC test all: 0.9371209328703692, AUPR test all: 0.8647137402434804, AUROC test unknown: 0.9262361237436684, AUPR test unknown: 0.8141537443373661
Epoch: 128, Best AUROC test all: 0.9407908442408768, AUPR test all: 0.8712311273834576, AUROC test unknown: 0.930501499687667, AUPR test unknown: 0.8209088761800938
pseudo_counter: Counter({0: 17041, -1: 929, 1: 363})
max_probs: 1.0， num of >0.5: 1847
AUROC test all: 0.9361218008129314, AUPR test all: 0.863169947629015, AUROC test unknown: 0.9252070721540864, AUPR test unknown: 0.8128381388576162
Epoch: 129, Best AUROC test all: 0.9407908442408768, AUPR test all: 0.8712311273834576, AUROC test unknown: 0.930501499687667, AUPR test unknown: 0.8209088761800938
pseudo_counter: Counter({0: 17037, -1: 929, 1: 367})
max_probs: 1.0， num of >0.5: 1819
AUROC test all: 0.937668311633236, AUPR test all: 0.8652307563006865, AUROC test unknown: 0.9268753489621248, AUPR test unknown: 0.8148371786846695
Epoch: 130, Best AUROC test all: 0.9407908442408768, AUPR test all: 0.8712311273834576, AUROC test unknown: 0.930501499687667, AUPR test unknown: 0.8209088761800938
pseudo_counter: Counter({0: 17037, -1: 929, 1: 367})
max_probs: 1.0， num of >0.5: 1917
AUROC test all: 0.9415721949287684, AUPR test all: 0.8706961601373558, AUROC test unknown: 0.9312364635315212, AUPR test unknown: 0.8210499409921093
Epoch: 131, Best AUROC test all: 0.9415721949287684, AUPR test all: 0.8712311273834576, AUROC test unknown: 0.9312364635315212, AUPR test unknown: 0.8210499409921093
pseudo_counter: Counter({0: 17035, -1: 929, 1: 369})
max_probs: 1.0， num of >0.5: 2081
AUROC test all: 0.9447131626916248, AUPR test all: 0.8749802027033311, AUROC test unknown: 0.9350864828042881, AUPR test unknown: 0.8271038682526407
Epoch: 132, Best AUROC test all: 0.9447131626916248, AUPR test all: 0.8749802027033311, AUROC test unknown: 0.9350864828042881, AUPR test unknown: 0.8271038682526407
pseudo_counter: Counter({0: 17034, -1: 929, 1: 370})
max_probs: 1.0， num of >0.5: 2293
AUROC test all: 0.9467700807733934, AUPR test all: 0.8750554977265379, AUROC test unknown: 0.9373565266178931, AUPR test unknown: 0.8254345153845961
Epoch: 133, Best AUROC test all: 0.9467700807733934, AUPR test all: 0.8750554977265379, AUROC test unknown: 0.9373565266178931, AUPR test unknown: 0.8271038682526407
pseudo_counter: Counter({0: 17028, -1: 929, 1: 376})
max_probs: 1.0， num of >0.5: 2499
AUROC test all: 0.947257287704791, AUPR test all: 0.8778346877184917, AUROC test unknown: 0.9379860094390347, AUPR test unknown: 0.8295231206786492
Epoch: 134, Best AUROC test all: 0.947257287704791, AUPR test all: 0.8778346877184917, AUROC test unknown: 0.9379860094390347, AUPR test unknown: 0.8295231206786492
pseudo_counter: Counter({0: 17025, -1: 929, 1: 379})
max_probs: 1.0， num of >0.5: 2384
AUROC test all: 0.9460118660213136, AUPR test all: 0.877879099467167, AUROC test unknown: 0.9365953365884103, AUPR test unknown: 0.8312549378055192
Epoch: 135, Best AUROC test all: 0.947257287704791, AUPR test all: 0.877879099467167, AUROC test unknown: 0.9379860094390347, AUPR test unknown: 0.8312549378055192
pseudo_counter: Counter({0: 17023, -1: 929, 1: 381})
max_probs: 1.0， num of >0.5: 2164
AUROC test all: 0.9439213617361059, AUPR test all: 0.8750030783155103, AUROC test unknown: 0.9340157215762024, AUPR test unknown: 0.8270844531519707
Epoch: 136, Best AUROC test all: 0.947257287704791, AUPR test all: 0.877879099467167, AUROC test unknown: 0.9379860094390347, AUPR test unknown: 0.8312549378055192
pseudo_counter: Counter({0: 17017, -1: 929, 1: 387})
max_probs: 0.9999998807907104， num of >0.5: 1948
AUROC test all: 0.9402825251931023, AUPR test all: 0.8696494078032319, AUROC test unknown: 0.9299822059897258, AUPR test unknown: 0.8219128827834394
Epoch: 137, Best AUROC test all: 0.947257287704791, AUPR test all: 0.877879099467167, AUROC test unknown: 0.9379860094390347, AUPR test unknown: 0.8312549378055192
pseudo_counter: Counter({0: 17013, -1: 929, 1: 391})
max_probs: 0.9999998807907104， num of >0.5: 1846
AUROC test all: 0.9384394236346233, AUPR test all: 0.8662644608476062, AUROC test unknown: 0.9278747927973674, AUPR test unknown: 0.8169140784340612
Epoch: 138, Best AUROC test all: 0.947257287704791, AUPR test all: 0.877879099467167, AUROC test unknown: 0.9379860094390347, AUPR test unknown: 0.8312549378055192
pseudo_counter: Counter({0: 17012, -1: 929, 1: 392})
max_probs: 0.9999996423721313， num of >0.5: 1762
AUROC test all: 0.9362853254232656, AUPR test all: 0.8632697586838366, AUROC test unknown: 0.9254063563705874, AUPR test unknown: 0.812799036533164
Epoch: 139, Best AUROC test all: 0.947257287704791, AUPR test all: 0.877879099467167, AUROC test unknown: 0.9379860094390347, AUPR test unknown: 0.8312549378055192
pseudo_counter: Counter({0: 17008, -1: 929, 1: 396})
max_probs: 0.9999998807907104， num of >0.5: 1754
AUROC test all: 0.9359763157931049, AUPR test all: 0.8646881376461457, AUROC test unknown: 0.9249846171243291, AUPR test unknown: 0.81546650904107
Epoch: 140, Best AUROC test all: 0.947257287704791, AUPR test all: 0.877879099467167, AUROC test unknown: 0.9379860094390347, AUPR test unknown: 0.8312549378055192
pseudo_counter: Counter({0: 17005, -1: 929, 1: 399})
max_probs: 1.0， num of >0.5: 1781
AUROC test all: 0.9365710335323882, AUPR test all: 0.8640979597096536, AUROC test unknown: 0.9256343458648905, AUPR test unknown: 0.8136879436042128
Epoch: 141, Best AUROC test all: 0.947257287704791, AUPR test all: 0.877879099467167, AUROC test unknown: 0.9379860094390347, AUPR test unknown: 0.8312549378055192
pseudo_counter: Counter({0: 17003, -1: 929, 1: 401})
max_probs: 0.9999998807907104， num of >0.5: 1776
AUROC test all: 0.937803189999388, AUPR test all: 0.8649667633595887, AUROC test unknown: 0.9271942167563798, AUPR test unknown: 0.8156367495315368
Epoch: 142, Best AUROC test all: 0.947257287704791, AUPR test all: 0.877879099467167, AUROC test unknown: 0.9379860094390347, AUPR test unknown: 0.8312549378055192
pseudo_counter: Counter({0: 17002, -1: 929, 1: 402})
max_probs: 1.0， num of >0.5: 1847
AUROC test all: 0.9414760819039726, AUPR test all: 0.8712834241838988, AUROC test unknown: 0.9312034633352596, AUPR test unknown: 0.8229694284926385
Epoch: 143, Best AUROC test all: 0.947257287704791, AUPR test all: 0.877879099467167, AUROC test unknown: 0.9379860094390347, AUPR test unknown: 0.8312549378055192
pseudo_counter: Counter({0: 16999, -1: 929, 1: 405})
max_probs: 1.0， num of >0.5: 1931
AUROC test all: 0.9425193240259104, AUPR test all: 0.8720782210313287, AUROC test unknown: 0.9324228069956065, AUPR test unknown: 0.823705469500919
Epoch: 144, Best AUROC test all: 0.947257287704791, AUPR test all: 0.877879099467167, AUROC test unknown: 0.9379860094390347, AUPR test unknown: 0.8312549378055192
pseudo_counter: Counter({0: 16995, -1: 929, 1: 409})
max_probs: 1.0， num of >0.5: 1983
AUROC test all: 0.9453278978449543, AUPR test all: 0.8772222057843395, AUROC test unknown: 0.9356570110738222, AUPR test unknown: 0.830571098508362
Epoch: 145, Best AUROC test all: 0.947257287704791, AUPR test all: 0.877879099467167, AUROC test unknown: 0.9379860094390347, AUPR test unknown: 0.8312549378055192
pseudo_counter: Counter({0: 16992, -1: 929, 1: 412})
max_probs: 1.0， num of >0.5: 2116
AUROC test all: 0.9473907309989802, AUPR test all: 0.8813849060966406, AUROC test unknown: 0.9382640048320551, AUPR test unknown: 0.8362044301538321
Epoch: 146, Best AUROC test all: 0.9473907309989802, AUPR test all: 0.8813849060966406, AUROC test unknown: 0.9382640048320551, AUPR test unknown: 0.8362044301538321
pseudo_counter: Counter({0: 16988, -1: 929, 1: 416})
max_probs: 1.0， num of >0.5: 2242
AUROC test all: 0.9473562616743335, AUPR test all: 0.8815801840987684, AUROC test unknown: 0.9381545659604335, AUPR test unknown: 0.8369657498349271
Epoch: 147, Best AUROC test all: 0.9473907309989802, AUPR test all: 0.8815801840987684, AUROC test unknown: 0.9382640048320551, AUPR test unknown: 0.8369657498349271
pseudo_counter: Counter({0: 16986, -1: 929, 1: 418})
max_probs: 1.0， num of >0.5: 2241
AUROC test all: 0.9460865173609211, AUPR test all: 0.8776372212967828, AUROC test unknown: 0.9367195195345396, AUPR test unknown: 0.8305464585228947
Epoch: 148, Best AUROC test all: 0.9473907309989802, AUPR test all: 0.8815801840987684, AUROC test unknown: 0.9382640048320551, AUPR test unknown: 0.8369657498349271
pseudo_counter: Counter({0: 16983, -1: 929, 1: 421})
max_probs: 1.0， num of >0.5: 2214
AUROC test all: 0.9445052888381299, AUPR test all: 0.8776549725935244, AUROC test unknown: 0.9349487953297383, AUPR test unknown: 0.8319190708541568
Epoch: 149, Best AUROC test all: 0.9473907309989802, AUPR test all: 0.8815801840987684, AUROC test unknown: 0.9382640048320551, AUPR test unknown: 0.8369657498349271
pseudo_counter: Counter({0: 16980, -1: 929, 1: 424})
max_probs: 0.9999998807907104， num of >0.5: 2136
AUROC test all: 0.9450417021793316, AUPR test all: 0.8782194157355954, AUROC test unknown: 0.935416115077719, AUPR test unknown: 0.8321586133211584
Epoch: 150, Best AUROC test all: 0.9473907309989802, AUPR test all: 0.8815801840987684, AUROC test unknown: 0.9382640048320551, AUPR test unknown: 0.8369657498349271
pseudo_counter: Counter({0: 16978, -1: 929, 1: 426})
max_probs: 1.0， num of >0.5: 2068
AUROC test all: 0.9430777602022347, AUPR test all: 0.8757776821162175, AUROC test unknown: 0.9330168431479468, AUPR test unknown: 0.8293174667374797
Epoch: 151, Best AUROC test all: 0.9473907309989802, AUPR test all: 0.8815801840987684, AUROC test unknown: 0.9382640048320551, AUPR test unknown: 0.8369657498349271
pseudo_counter: Counter({0: 16977, -1: 929, 1: 427})
max_probs: 1.0， num of >0.5: 1997
AUROC test all: 0.9434090778420748, AUPR test all: 0.8757152400782982, AUROC test unknown: 0.9335433892778177, AUPR test unknown: 0.8295224025561754
Epoch: 152, Best AUROC test all: 0.9473907309989802, AUPR test all: 0.8815801840987684, AUROC test unknown: 0.9382640048320551, AUPR test unknown: 0.8369657498349271
pseudo_counter: Counter({0: 16976, -1: 929, 1: 428})
max_probs: 0.9999998807907104， num of >0.5: 2026
AUROC test all: 0.9456655353209387, AUPR test all: 0.8766316463691435, AUROC test unknown: 0.9363169823794174, AUPR test unknown: 0.8292112638647922
Epoch: 153, Best AUROC test all: 0.9473907309989802, AUPR test all: 0.8815801840987684, AUROC test unknown: 0.9382640048320551, AUPR test unknown: 0.8369657498349271
pseudo_counter: Counter({0: 16975, -1: 929, 1: 429})
max_probs: 1.0， num of >0.5: 2048
AUROC test all: 0.9437168639813955, AUPR test all: 0.8759406322644587, AUROC test unknown: 0.9338261362641712, AUPR test unknown: 0.829773800186814
Epoch: 154, Best AUROC test all: 0.9473907309989802, AUPR test all: 0.8815801840987684, AUROC test unknown: 0.9382640048320551, AUPR test unknown: 0.8369657498349271
pseudo_counter: Counter({0: 16973, -1: 929, 1: 431})
max_probs: 1.0， num of >0.5: 2042
AUROC test all: 0.939669905851, AUPR test all: 0.8701380415562173, AUROC test unknown: 0.92932560537963, AUPR test unknown: 0.8225780573853275
Epoch: 155, Best AUROC test all: 0.9473907309989802, AUPR test all: 0.8815801840987684, AUROC test unknown: 0.9382640048320551, AUPR test unknown: 0.8369657498349271
pseudo_counter: Counter({0: 16973, -1: 929, 1: 431})
max_probs: 1.0， num of >0.5: 2024
AUROC test all: 0.9410055898812708, AUPR test all: 0.8726939903266768, AUROC test unknown: 0.9305477760749122, AUPR test unknown: 0.8250789360183024
Epoch: 156, Best AUROC test all: 0.9473907309989802, AUPR test all: 0.8815801840987684, AUROC test unknown: 0.9382640048320551, AUPR test unknown: 0.8369657498349271
pseudo_counter: Counter({0: 16971, -1: 929, 1: 433})
max_probs: 0.9999998807907104， num of >0.5: 2007
AUROC test all: 0.9395198488390866, AUPR test all: 0.8686539232131447, AUROC test unknown: 0.9289485876514026, AUPR test unknown: 0.8192587048398886
Epoch: 157, Best AUROC test all: 0.9473907309989802, AUPR test all: 0.8815801840987684, AUROC test unknown: 0.9382640048320551, AUPR test unknown: 0.8369657498349271
pseudo_counter: Counter({0: 16970, -1: 929, 1: 434})
max_probs: 1.0， num of >0.5: 1981
AUROC test all: 0.9391311099223727, AUPR test all: 0.8701666303684668, AUROC test unknown: 0.9284019695734929, AUPR test unknown: 0.8224486311458897
Epoch: 158, Best AUROC test all: 0.9473907309989802, AUPR test all: 0.8815801840987684, AUROC test unknown: 0.9382640048320551, AUPR test unknown: 0.8369657498349271
pseudo_counter: Counter({0: 16969, -1: 929, 1: 435})
max_probs: 1.0， num of >0.5: 1998
AUROC test all: 0.9386280988010249, AUPR test all: 0.8646051370775061, AUROC test unknown: 0.9281263119208996, AUPR test unknown: 0.8139987698776265
Epoch: 159, Best AUROC test all: 0.9473907309989802, AUPR test all: 0.8815801840987684, AUROC test unknown: 0.9382640048320551, AUPR test unknown: 0.8369657498349271
pseudo_counter: Counter({0: 16967, -1: 929, 1: 437})
max_probs: 0.9999997615814209， num of >0.5: 1977
AUROC test all: 0.9370519114284622, AUPR test all: 0.865692622140397, AUROC test unknown: 0.9261743530303368, AUPR test unknown: 0.8163452883457629
Epoch: 160, Best AUROC test all: 0.9473907309989802, AUPR test all: 0.8815801840987684, AUROC test unknown: 0.9382640048320551, AUPR test unknown: 0.8369657498349271
pseudo_counter: Counter({0: 16966, -1: 929, 1: 438})
max_probs: 1.0， num of >0.5: 1959
AUROC test all: 0.9359643476609018, AUPR test all: 0.8621621306204492, AUROC test unknown: 0.9248829199791452, AUPR test unknown: 0.8110855069248145
Epoch: 161, Best AUROC test all: 0.9473907309989802, AUPR test all: 0.8815801840987684, AUROC test unknown: 0.9382640048320551, AUPR test unknown: 0.8369657498349271
pseudo_counter: Counter({0: 16962, -1: 929, 1: 442})
max_probs: 0.9999998807907104， num of >0.5: 1988
AUROC test all: 0.9382750343014397, AUPR test all: 0.8657402326849188, AUROC test unknown: 0.9272841164673155, AUPR test unknown: 0.8156420088577381
Epoch: 162, Best AUROC test all: 0.9473907309989802, AUPR test all: 0.8815801840987684, AUROC test unknown: 0.9382640048320551, AUPR test unknown: 0.8369657498349271
pseudo_counter: Counter({0: 16961, -1: 929, 1: 443})
max_probs: 1.0， num of >0.5: 2046
AUROC test all: 0.9359160335714847, AUPR test all: 0.8633911332645154, AUROC test unknown: 0.9247748185125121, AUPR test unknown: 0.8130001471539765
Epoch: 163, Best AUROC test all: 0.9473907309989802, AUPR test all: 0.8815801840987684, AUROC test unknown: 0.9382640048320551, AUPR test unknown: 0.8369657498349271
pseudo_counter: Counter({0: 16959, -1: 929, 1: 445})
max_probs: 1.0， num of >0.5: 2091
AUROC test all: 0.9360883893938983, AUPR test all: 0.8611396591269767, AUROC test unknown: 0.9247895408405971, AUPR test unknown: 0.8098576828245083
Epoch: 164, Best AUROC test all: 0.9473907309989802, AUPR test all: 0.8815801840987684, AUROC test unknown: 0.9382640048320551, AUPR test unknown: 0.8369657498349271
pseudo_counter: Counter({0: 16959, -1: 929, 1: 445})
max_probs: 0.9999998807907104， num of >0.5: 2148
AUROC test all: 0.9365401794851862, AUPR test all: 0.8609798998490258, AUROC test unknown: 0.9255571895575854, AUPR test unknown: 0.8095368790762473
Epoch: 165, Best AUROC test all: 0.9473907309989802, AUPR test all: 0.8815801840987684, AUROC test unknown: 0.9382640048320551, AUPR test unknown: 0.8369657498349271
pseudo_counter: Counter({0: 16957, -1: 929, 1: 447})
max_probs: 1.0， num of >0.5: 2183
AUROC test all: 0.9350541624676245, AUPR test all: 0.8583208071497209, AUROC test unknown: 0.923967939249194, AUPR test unknown: 0.8053728824321553
Epoch: 166, Best AUROC test all: 0.9473907309989802, AUPR test all: 0.8815801840987684, AUROC test unknown: 0.9382640048320551, AUPR test unknown: 0.8369657498349271
pseudo_counter: Counter({0: 16956, -1: 929, 1: 448})
max_probs: 1.0， num of >0.5: 2191
AUROC test all: 0.9358487691728143, AUPR test all: 0.8617637949827007, AUROC test unknown: 0.9244935502828937, AUPR test unknown: 0.8100011003836106
Epoch: 167, Best AUROC test all: 0.9473907309989802, AUPR test all: 0.8815801840987684, AUROC test unknown: 0.9382640048320551, AUPR test unknown: 0.8369657498349271
pseudo_counter: Counter({0: 16955, -1: 929, 1: 449})
max_probs: 1.0， num of >0.5: 2050
AUROC test all: 0.9372385903729669, AUPR test all: 0.8640270961552778, AUROC test unknown: 0.9262155733743327, AUPR test unknown: 0.8131181669320635
Epoch: 168, Best AUROC test all: 0.9473907309989802, AUPR test all: 0.8815801840987684, AUROC test unknown: 0.9382640048320551, AUPR test unknown: 0.8369657498349271
pseudo_counter: Counter({0: 16952, -1: 929, 1: 452})
max_probs: 1.0， num of >0.5: 2003
AUROC test all: 0.9349762546185629, AUPR test all: 0.8630785022906824, AUROC test unknown: 0.9234269317483089, AUPR test unknown: 0.8123866671125118
Epoch: 169, Best AUROC test all: 0.9473907309989802, AUPR test all: 0.8815801840987684, AUROC test unknown: 0.9382640048320551, AUPR test unknown: 0.8369657498349271
pseudo_counter: Counter({0: 16949, -1: 929, 1: 455})
max_probs: 1.0， num of >0.5: 1993
AUROC test all: 0.9336393286990935, AUPR test all: 0.8577509294778618, AUROC test unknown: 0.9220375963026732, AUPR test unknown: 0.8052095002131245
Epoch: 170, Best AUROC test all: 0.9473907309989802, AUPR test all: 0.8815801840987684, AUROC test unknown: 0.9382640048320551, AUPR test unknown: 0.8369657498349271
pseudo_counter: Counter({0: 16949, -1: 929, 1: 455})
max_probs: 0.9999996423721313， num of >0.5: 1912
AUROC test all: 0.9357157858375876, AUPR test all: 0.8603030024966043, AUROC test unknown: 0.9243990403303717, AUPR test unknown: 0.8083030369805666
Epoch: 171, Best AUROC test all: 0.9473907309989802, AUPR test all: 0.8815801840987684, AUROC test unknown: 0.9382640048320551, AUPR test unknown: 0.8369657498349271
pseudo_counter: Counter({0: 16949, -1: 929, 1: 455})
max_probs: 1.0， num of >0.5: 1976
AUROC test all: 0.9376138064961844, AUPR test all: 0.8646219465909207, AUROC test unknown: 0.9267003446264317, AUPR test unknown: 0.8141000066072369
Epoch: 172, Best AUROC test all: 0.9473907309989802, AUPR test all: 0.8815801840987684, AUROC test unknown: 0.9382640048320551, AUPR test unknown: 0.8369657498349271
pseudo_counter: Counter({0: 16949, -1: 929, 1: 455})
max_probs: 1.0， num of >0.5: 1993
AUROC test all: 0.9380872974513215, AUPR test all: 0.8646627231371379, AUROC test unknown: 0.9270693705443619, AUPR test unknown: 0.8136457194936512
Epoch: 173, Best AUROC test all: 0.9473907309989802, AUPR test all: 0.8815801840987684, AUROC test unknown: 0.9382640048320551, AUPR test unknown: 0.8369657498349271
pseudo_counter: Counter({0: 16945, -1: 929, 1: 459})
max_probs: 0.9999998807907104， num of >0.5: 2037
AUROC test all: 0.9397292129596199, AUPR test all: 0.8658838315526531, AUROC test unknown: 0.9289298531083521, AUPR test unknown: 0.8147888951934861
Epoch: 174, Best AUROC test all: 0.9473907309989802, AUPR test all: 0.8815801840987684, AUROC test unknown: 0.9382640048320551, AUPR test unknown: 0.8369657498349271
pseudo_counter: Counter({0: 16941, -1: 929, 1: 463})
max_probs: 1.0， num of >0.5: 2131
AUROC test all: 0.9392605055776923, AUPR test all: 0.8664401928303251, AUROC test unknown: 0.9287411702728579, AUPR test unknown: 0.8164076498182393
Epoch: 175, Best AUROC test all: 0.9473907309989802, AUPR test all: 0.8815801840987684, AUROC test unknown: 0.9382640048320551, AUPR test unknown: 0.8369657498349271
pseudo_counter: Counter({0: 16939, -1: 929, 1: 465})
max_probs: 0.9999997615814209， num of >0.5: 2095
AUROC test all: 0.9388655388166268, AUPR test all: 0.8663105764991255, AUROC test unknown: 0.9282494836583789, AUPR test unknown: 0.8165445987668698
Epoch: 176, Best AUROC test all: 0.9473907309989802, AUPR test all: 0.8815801840987684, AUROC test unknown: 0.9382640048320551, AUPR test unknown: 0.8369657498349271
pseudo_counter: Counter({0: 16936, -1: 929, 1: 468})
max_probs: 1.0， num of >0.5: 2062
AUROC test all: 0.9389078642403523, AUPR test all: 0.8659826566881283, AUROC test unknown: 0.9283661532155075, AUPR test unknown: 0.8156656681639171
Epoch: 177, Best AUROC test all: 0.9473907309989802, AUPR test all: 0.8815801840987684, AUROC test unknown: 0.9382640048320551, AUPR test unknown: 0.8369657498349271
pseudo_counter: Counter({0: 16936, -1: 929, 1: 468})
max_probs: 1.0， num of >0.5: 2048
AUROC test all: 0.9404180015059057, AUPR test all: 0.8668507414880774, AUROC test unknown: 0.9299814992309922, AUPR test unknown: 0.8168857877410813
Epoch: 178, Best AUROC test all: 0.9473907309989802, AUPR test all: 0.8815801840987684, AUROC test unknown: 0.9382640048320551, AUPR test unknown: 0.8369657498349271
pseudo_counter: Counter({0: 16935, -1: 929, 1: 469})
max_probs: 1.0， num of >0.5: 2005
AUROC test all: 0.9382112471925254, AUPR test all: 0.8654527731911332, AUROC test unknown: 0.9275055167955777, AUPR test unknown: 0.8153121858640084
Epoch: 179, Best AUROC test all: 0.9473907309989802, AUPR test all: 0.8815801840987684, AUROC test unknown: 0.9382640048320551, AUPR test unknown: 0.8369657498349271
pseudo_counter: Counter({0: 16934, -1: 929, 1: 470})
max_probs: 1.0， num of >0.5: 1958
AUROC test all: 0.940733128590267, AUPR test all: 0.8704113076106934, AUROC test unknown: 0.9304303453929932, AUPR test unknown: 0.8225431308006537
Epoch: 180, Best AUROC test all: 0.9473907309989802, AUPR test all: 0.8815801840987684, AUROC test unknown: 0.9382640048320551, AUPR test unknown: 0.8369657498349271
pseudo_counter: Counter({0: 16932, -1: 929, 1: 472})
max_probs: 0.9999997615814209， num of >0.5: 1914
AUROC test all: 0.9406320112119597, AUPR test all: 0.8692678673594718, AUROC test unknown: 0.9305223545069188, AUPR test unknown: 0.8207112368539551
Epoch: 181, Best AUROC test all: 0.9473907309989802, AUPR test all: 0.8815801840987684, AUROC test unknown: 0.9382640048320551, AUPR test unknown: 0.8369657498349271
pseudo_counter: Counter({0: 16931, -1: 929, 1: 473})
max_probs: 0.9999998807907104， num of >0.5: 1958
AUROC test all: 0.9415275237143342, AUPR test all: 0.8701981372187393, AUROC test unknown: 0.9313402265868501, AUPR test unknown: 0.8217450094810684
Epoch: 182, Best AUROC test all: 0.9473907309989802, AUPR test all: 0.8815801840987684, AUROC test unknown: 0.9382640048320551, AUPR test unknown: 0.8369657498349271
pseudo_counter: Counter({0: 16931, -1: 929, 1: 473})
max_probs: 1.0， num of >0.5: 2019
AUROC test all: 0.9430061905876758, AUPR test all: 0.8713407556941767, AUROC test unknown: 0.9329571927108166, AUPR test unknown: 0.8225709714691907
Epoch: 183, Best AUROC test all: 0.9473907309989802, AUPR test all: 0.8815801840987684, AUROC test unknown: 0.9382640048320551, AUPR test unknown: 0.8369657498349271
pseudo_counter: Counter({0: 16928, -1: 929, 1: 476})
max_probs: 1.0， num of >0.5: 2039
AUROC test all: 0.9427535995238505, AUPR test all: 0.871718402217152, AUROC test unknown: 0.932847949556998, AUPR test unknown: 0.8232819441830952
Epoch: 184, Best AUROC test all: 0.9473907309989802, AUPR test all: 0.8815801840987684, AUROC test unknown: 0.9382640048320551, AUPR test unknown: 0.8369657498349271
pseudo_counter: Counter({0: 16925, -1: 929, 1: 479})
max_probs: 1.0， num of >0.5: 2104
AUROC test all: 0.944293348947407, AUPR test all: 0.8725344907844876, AUROC test unknown: 0.9347902639091478, AUPR test unknown: 0.824446595385861
Epoch: 185, Best AUROC test all: 0.9473907309989802, AUPR test all: 0.8815801840987684, AUROC test unknown: 0.9382640048320551, AUPR test unknown: 0.8369657498349271
pseudo_counter: Counter({0: 16925, -1: 929, 1: 479})
max_probs: 1.0， num of >0.5: 2126
AUROC test all: 0.9454904565414674, AUPR test all: 0.8742223959410065, AUROC test unknown: 0.9361135011033591, AUPR test unknown: 0.8262730834680749
Epoch: 186, Best AUROC test all: 0.9473907309989802, AUPR test all: 0.8815801840987684, AUROC test unknown: 0.9382640048320551, AUPR test unknown: 0.8369657498349271
pseudo_counter: Counter({0: 16922, -1: 929, 1: 482})
max_probs: 1.0， num of >0.5: 2127
AUROC test all: 0.9453447691396974, AUPR test all: 0.875307855590366, AUROC test unknown: 0.9358604053641901, AUPR test unknown: 0.8280684561615654
Epoch: 187, Best AUROC test all: 0.9473907309989802, AUPR test all: 0.8815801840987684, AUROC test unknown: 0.9382640048320551, AUPR test unknown: 0.8369657498349271
pseudo_counter: Counter({0: 16921, -1: 929, 1: 483})
max_probs: 0.9999997615814209， num of >0.5: 2080
AUROC test all: 0.9465593459751521, AUPR test all: 0.8798101076630472, AUROC test unknown: 0.937109791707328, AUPR test unknown: 0.8346574879012145
Epoch: 188, Best AUROC test all: 0.9473907309989802, AUPR test all: 0.8815801840987684, AUROC test unknown: 0.9382640048320551, AUPR test unknown: 0.8369657498349271
pseudo_counter: Counter({0: 16920, -1: 929, 1: 484})
max_probs: 1.0， num of >0.5: 2073
AUROC test all: 0.9461796498516403, AUPR test all: 0.8784112951615566, AUROC test unknown: 0.9369997656822967, AUPR test unknown: 0.832642855570261
Epoch: 189, Best AUROC test all: 0.9473907309989802, AUPR test all: 0.8815801840987684, AUROC test unknown: 0.9382640048320551, AUPR test unknown: 0.8369657498349271
pseudo_counter: Counter({0: 16916, -1: 929, 1: 488})
max_probs: 1.0， num of >0.5: 2068
AUROC test all: 0.9461555112052902, AUPR test all: 0.877967456952469, AUROC test unknown: 0.9369604046574311, AUPR test unknown: 0.8326976459138193
Epoch: 190, Best AUROC test all: 0.9473907309989802, AUPR test all: 0.8815801840987684, AUROC test unknown: 0.9382640048320551, AUPR test unknown: 0.8369657498349271
pseudo_counter: Counter({0: 16914, -1: 929, 1: 490})
max_probs: 1.0， num of >0.5: 2019
AUROC test all: 0.9476596598051523, AUPR test all: 0.8803692374904942, AUROC test unknown: 0.9386693146560559, AUPR test unknown: 0.8353548820371235
Epoch: 191, Best AUROC test all: 0.9476596598051523, AUPR test all: 0.8815801840987684, AUROC test unknown: 0.9386693146560559, AUPR test unknown: 0.8369657498349271
pseudo_counter: Counter({0: 16912, -1: 929, 1: 492})
max_probs: 0.9999998807907104， num of >0.5: 2049
AUROC test all: 0.9486396943664686, AUPR test all: 0.8809618659744942, AUROC test unknown: 0.9398712937979747, AUPR test unknown: 0.835650472787769
Epoch: 192, Best AUROC test all: 0.9486396943664686, AUPR test all: 0.8815801840987684, AUROC test unknown: 0.9398712937979747, AUPR test unknown: 0.8369657498349271
pseudo_counter: Counter({0: 16912, -1: 929, 1: 492})
max_probs: 0.9999990463256836， num of >0.5: 2070
AUROC test all: 0.9489110149592453, AUPR test all: 0.8805196202100473, AUROC test unknown: 0.9401043502087384, AUPR test unknown: 0.834701626612508
Epoch: 193, Best AUROC test all: 0.9489110149592453, AUPR test all: 0.8815801840987684, AUROC test unknown: 0.9401043502087384, AUPR test unknown: 0.8369657498349271
pseudo_counter: Counter({0: 16908, -1: 929, 1: 496})
max_probs: 0.9999996423721313， num of >0.5: 2065
AUROC test all: 0.9492792949013089, AUPR test all: 0.8808055519407127, AUROC test unknown: 0.9404813026976979, AUPR test unknown: 0.8350379360630242
Epoch: 194, Best AUROC test all: 0.9492792949013089, AUPR test all: 0.8815801840987684, AUROC test unknown: 0.9404813026976979, AUPR test unknown: 0.8369657498349271
pseudo_counter: Counter({0: 16905, -1: 929, 1: 499})
max_probs: 1.0， num of >0.5: 2016
AUROC test all: 0.9492461042625777, AUPR test all: 0.8818982698763403, AUROC test unknown: 0.9403388418833923, AUPR test unknown: 0.8367198767781735
Epoch: 195, Best AUROC test all: 0.9492792949013089, AUPR test all: 0.8818982698763403, AUROC test unknown: 0.9404813026976979, AUPR test unknown: 0.8369657498349271
pseudo_counter: Counter({0: 16905, -1: 929, 1: 499})
max_probs: 1.0， num of >0.5: 2029
AUROC test all: 0.950184346952565, AUPR test all: 0.8809886472209032, AUROC test unknown: 0.9414242167074502, AUPR test unknown: 0.8344001108495424
Epoch: 196, Best AUROC test all: 0.950184346952565, AUPR test all: 0.8818982698763403, AUROC test unknown: 0.9414242167074502, AUPR test unknown: 0.8369657498349271
pseudo_counter: Counter({0: 16905, -1: 929, 1: 499})
max_probs: 1.0， num of >0.5: 1999
AUROC test all: 0.9482892608321485, AUPR test all: 0.8792742108284527, AUROC test unknown: 0.939412748731504, AUPR test unknown: 0.8329093837416026
Epoch: 197, Best AUROC test all: 0.950184346952565, AUPR test all: 0.8818982698763403, AUROC test unknown: 0.9414242167074502, AUPR test unknown: 0.8369657498349271
pseudo_counter: Counter({0: 16904, -1: 929, 1: 500})
max_probs: 0.9999997615814209， num of >0.5: 2005
AUROC test all: 0.9489429913063155, AUPR test all: 0.8814357484710686, AUROC test unknown: 0.9401136576776017, AUPR test unknown: 0.8358985270085857
Epoch: 198, Best AUROC test all: 0.950184346952565, AUPR test all: 0.8818982698763403, AUROC test unknown: 0.9414242167074502, AUPR test unknown: 0.8369657498349271
pseudo_counter: Counter({0: 16904, -1: 929, 1: 500})
max_probs: 1.0， num of >0.5: 2018
AUROC test all: 0.9508054295395764, AUPR test all: 0.8835902696998208, AUROC test unknown: 0.9421256040748448, AUPR test unknown: 0.8381407564107146
Epoch: 199, Best AUROC test all: 0.9508054295395764, AUPR test all: 0.8835902696998208, AUROC test unknown: 0.9421256040748448, AUPR test unknown: 0.8381407564107146
pseudo_counter: Counter({0: 16904, -1: 929, 1: 500})
max_probs: 1.0， num of >0.5: 2063
AUROC test all: 0.9498299117752713, AUPR test all: 0.8811876430911358, AUROC test unknown: 0.9413310115402826, AUPR test unknown: 0.8353243906837567
Epoch: 200, Best AUROC test all: 0.9508054295395764, AUPR test all: 0.8835902696998208, AUROC test unknown: 0.9421256040748448, AUPR test unknown: 0.8381407564107146
pseudo_counter: Counter({0: 16902, -1: 929, 1: 502})
max_probs: 1.0， num of >0.5: 2105
AUROC test all: 0.9507622577913599, AUPR test all: 0.8817142324684015, AUROC test unknown: 0.942037324472391, AUPR test unknown: 0.8351288909884447
Epoch: 201, Best AUROC test all: 0.9508054295395764, AUPR test all: 0.8835902696998208, AUROC test unknown: 0.9421256040748448, AUPR test unknown: 0.8381407564107146
pseudo_counter: Counter({0: 16901, -1: 929, 1: 503})
max_probs: 1.0， num of >0.5: 2108
AUROC test all: 0.9511504907532151, AUPR test all: 0.8839944253417795, AUROC test unknown: 0.9424682624553995, AUPR test unknown: 0.838660232216857
Epoch: 202, Best AUROC test all: 0.9511504907532151, AUPR test all: 0.8839944253417795, AUROC test unknown: 0.9424682624553995, AUPR test unknown: 0.838660232216857
pseudo_counter: Counter({0: 16901, -1: 929, 1: 503})
max_probs: 1.0， num of >0.5: 2021
AUROC test all: 0.9478760612978109, AUPR test all: 0.8793353899432002, AUROC test unknown: 0.9388091006603846, AUPR test unknown: 0.8330850094881939
Epoch: 203, Best AUROC test all: 0.9511504907532151, AUPR test all: 0.8839944253417795, AUROC test unknown: 0.9424682624553995, AUPR test unknown: 0.838660232216857
pseudo_counter: Counter({0: 16899, -1: 929, 1: 505})
max_probs: 0.9999998807907104， num of >0.5: 1915
AUROC test all: 0.9474353378191598, AUPR test all: 0.8786781877190686, AUROC test unknown: 0.9381897190525301, AUPR test unknown: 0.8322273783335615
Epoch: 204, Best AUROC test all: 0.9511504907532151, AUPR test all: 0.8839944253417795, AUROC test unknown: 0.9424682624553995, AUPR test unknown: 0.838660232216857
pseudo_counter: Counter({0: 16897, -1: 929, 1: 507})
max_probs: 1.0， num of >0.5: 1814
AUROC test all: 0.9442135736649576, AUPR test all: 0.8757676744117917, AUROC test unknown: 0.9345661561512746, AUPR test unknown: 0.8295299313273089
Epoch: 205, Best AUROC test all: 0.9511504907532151, AUPR test all: 0.8839944253417795, AUROC test unknown: 0.9424682624553995, AUPR test unknown: 0.838660232216857
pseudo_counter: Counter({0: 16897, -1: 929, 1: 507})
max_probs: 1.0， num of >0.5: 1694
AUROC test all: 0.9431985454257772, AUPR test all: 0.8735132556931161, AUROC test unknown: 0.9335505873436907, AUPR test unknown: 0.8265826662123399
Epoch: 206, Best AUROC test all: 0.9511504907532151, AUPR test all: 0.8839944253417795, AUROC test unknown: 0.9424682624553995, AUPR test unknown: 0.838660232216857
pseudo_counter: Counter({0: 16897, -1: 929, 1: 507})
max_probs: 1.0， num of >0.5: 1658
AUROC test all: 0.9416447856522242, AUPR test all: 0.87168003265727, AUROC test unknown: 0.9314673235536046, AUPR test unknown: 0.8243479083263783
Epoch: 207, Best AUROC test all: 0.9511504907532151, AUPR test all: 0.8839944253417795, AUROC test unknown: 0.9424682624553995, AUPR test unknown: 0.838660232216857
pseudo_counter: Counter({0: 16897, -1: 929, 1: 507})
max_probs: 1.0， num of >0.5: 1586
AUROC test all: 0.941730154035657, AUPR test all: 0.8701150498504763, AUROC test unknown: 0.9315016611548546, AUPR test unknown: 0.8215791477601636
Epoch: 208, Best AUROC test all: 0.9511504907532151, AUPR test all: 0.8839944253417795, AUROC test unknown: 0.9424682624553995, AUPR test unknown: 0.838660232216857
pseudo_counter: Counter({0: 16897, -1: 929, 1: 507})
max_probs: 1.0， num of >0.5: 1554
AUROC test all: 0.9385371189182501, AUPR test all: 0.8660954755345739, AUROC test unknown: 0.9278478489797938, AUPR test unknown: 0.8166971716805019
Epoch: 209, Best AUROC test all: 0.9511504907532151, AUPR test all: 0.8839944253417795, AUROC test unknown: 0.9424682624553995, AUPR test unknown: 0.838660232216857
pseudo_counter: Counter({0: 16896, -1: 929, 1: 508})
max_probs: 0.9999994039535522， num of >0.5: 1575
AUROC test all: 0.9397216328359183, AUPR test all: 0.8686736362199992, AUROC test unknown: 0.9291160024856162, AUPR test unknown: 0.8199892700407769
Epoch: 210, Best AUROC test all: 0.9511504907532151, AUPR test all: 0.8839944253417795, AUROC test unknown: 0.9424682624553995, AUPR test unknown: 0.838660232216857
pseudo_counter: Counter({0: 16896, -1: 929, 1: 508})
max_probs: 0.9999997615814209， num of >0.5: 1612
AUROC test all: 0.9394702284662163, AUPR test all: 0.8680277332157609, AUROC test unknown: 0.9289216655802517, AUPR test unknown: 0.8185167792049446
Epoch: 211, Best AUROC test all: 0.9511504907532151, AUPR test all: 0.8839944253417795, AUROC test unknown: 0.9424682624553995, AUPR test unknown: 0.838660232216857
pseudo_counter: Counter({0: 16896, -1: 929, 1: 508})
max_probs: 1.0， num of >0.5: 1681
AUROC test all: 0.9408309802599413, AUPR test all: 0.8684045031717673, AUROC test unknown: 0.9305281499285359, AUPR test unknown: 0.8191934810713708
Epoch: 212, Best AUROC test all: 0.9511504907532151, AUPR test all: 0.8839944253417795, AUROC test unknown: 0.9424682624553995, AUPR test unknown: 0.838660232216857
pseudo_counter: Counter({0: 16896, -1: 929, 1: 508})
max_probs: 1.0， num of >0.5: 1792
AUROC test all: 0.9376587628851754, AUPR test all: 0.8631778514431824, AUROC test unknown: 0.926721514768811, AUPR test unknown: 0.8114128582343099
Epoch: 213, Best AUROC test all: 0.9511504907532151, AUPR test all: 0.8839944253417795, AUROC test unknown: 0.9424682624553995, AUPR test unknown: 0.838660232216857
pseudo_counter: Counter({0: 16896, -1: 929, 1: 508})
max_probs: 1.0， num of >0.5: 1922
AUROC test all: 0.9378705463898511, AUPR test all: 0.8627233315158396, AUROC test unknown: 0.9267526991387874, AUPR test unknown: 0.810530843342835
Epoch: 214, Best AUROC test all: 0.9511504907532151, AUPR test all: 0.8839944253417795, AUROC test unknown: 0.9424682624553995, AUPR test unknown: 0.838660232216857
pseudo_counter: Counter({0: 16893, -1: 929, 1: 511})
max_probs: 0.9999998807907104， num of >0.5: 2016
AUROC test all: 0.937711198206896, AUPR test all: 0.862540703123017, AUROC test unknown: 0.9268065867739346, AUPR test unknown: 0.810347684300795
Epoch: 215, Best AUROC test all: 0.9511504907532151, AUPR test all: 0.8839944253417795, AUROC test unknown: 0.9424682624553995, AUPR test unknown: 0.838660232216857
pseudo_counter: Counter({0: 16891, -1: 929, 1: 513})
max_probs: 1.0， num of >0.5: 2007
AUROC test all: 0.9386671585161172, AUPR test all: 0.8651203756211112, AUROC test unknown: 0.9277263734632754, AUPR test unknown: 0.8137867326071513
Epoch: 216, Best AUROC test all: 0.9511504907532151, AUPR test all: 0.8839944253417795, AUROC test unknown: 0.9424682624553995, AUPR test unknown: 0.838660232216857
pseudo_counter: Counter({0: 16891, -1: 929, 1: 513})
max_probs: 1.0， num of >0.5: 1930
AUROC test all: 0.9392895381874029, AUPR test all: 0.8665205101395905, AUROC test unknown: 0.928449942181699, AUPR test unknown: 0.8162439039695102
Epoch: 217, Best AUROC test all: 0.9511504907532151, AUPR test all: 0.8839944253417795, AUROC test unknown: 0.9424682624553995, AUPR test unknown: 0.838660232216857
pseudo_counter: Counter({0: 16891, -1: 929, 1: 513})
max_probs: 1.0， num of >0.5: 1910
AUROC test all: 0.9409601459357796, AUPR test all: 0.8668527981513093, AUROC test unknown: 0.9305602802678942, AUPR test unknown: 0.8162833624189508
Epoch: 218, Best AUROC test all: 0.9511504907532151, AUPR test all: 0.8839944253417795, AUROC test unknown: 0.9424682624553995, AUPR test unknown: 0.838660232216857
pseudo_counter: Counter({0: 16891, -1: 929, 1: 513})
max_probs: 1.0， num of >0.5: 1840
AUROC test all: 0.9412823471889837, AUPR test all: 0.868200348176283, AUROC test unknown: 0.9309717117098505, AUPR test unknown: 0.8183279339400215
Epoch: 219, Best AUROC test all: 0.9511504907532151, AUPR test all: 0.8839944253417795, AUROC test unknown: 0.9424682624553995, AUPR test unknown: 0.838660232216857
pseudo_counter: Counter({0: 16891, -1: 929, 1: 513})
max_probs: 1.0， num of >0.5: 1816
AUROC test all: 0.9415998108648747, AUPR test all: 0.8695380014778522, AUROC test unknown: 0.931470204954596, AUPR test unknown: 0.8205889276745166
Epoch: 220, Best AUROC test all: 0.9511504907532151, AUPR test all: 0.8839944253417795, AUROC test unknown: 0.9424682624553995, AUPR test unknown: 0.838660232216857
pseudo_counter: Counter({0: 16889, -1: 929, 1: 515})
max_probs: 1.0， num of >0.5: 1809
AUROC test all: 0.9439373775071788, AUPR test all: 0.8723624426074361, AUROC test unknown: 0.9341612377628803, AUPR test unknown: 0.8235823284477484
Epoch: 221, Best AUROC test all: 0.9511504907532151, AUPR test all: 0.8839944253417795, AUROC test unknown: 0.9424682624553995, AUPR test unknown: 0.838660232216857
pseudo_counter: Counter({0: 16887, -1: 929, 1: 517})
max_probs: 1.0， num of >0.5: 1816
AUROC test all: 0.9437075636111746, AUPR test all: 0.8689711274632038, AUROC test unknown: 0.9339860485825955, AUPR test unknown: 0.8188773251308549
Epoch: 222, Best AUROC test all: 0.9511504907532151, AUPR test all: 0.8839944253417795, AUROC test unknown: 0.9424682624553995, AUPR test unknown: 0.838660232216857
pseudo_counter: Counter({0: 16886, -1: 929, 1: 518})
max_probs: 1.0， num of >0.5: 1884
AUROC test all: 0.9421648060560036, AUPR test all: 0.8697228151933318, AUROC test unknown: 0.9321343189536927, AUPR test unknown: 0.8204919956293042
Epoch: 223, Best AUROC test all: 0.9511504907532151, AUPR test all: 0.8839944253417795, AUROC test unknown: 0.9424682624553995, AUPR test unknown: 0.838660232216857
pseudo_counter: Counter({0: 16885, -1: 929, 1: 519})
max_probs: 1.0， num of >0.5: 1969
AUROC test all: 0.940991791112397, AUPR test all: 0.8652530141021706, AUROC test unknown: 0.9307062857490802, AUPR test unknown: 0.813816525937136
Epoch: 224, Best AUROC test all: 0.9511504907532151, AUPR test all: 0.8839944253417795, AUROC test unknown: 0.9424682624553995, AUPR test unknown: 0.838660232216857
pseudo_counter: Counter({0: 16884, -1: 929, 1: 520})
max_probs: 1.0， num of >0.5: 2075
AUROC test all: 0.9416929617539523, AUPR test all: 0.8651981881933478, AUROC test unknown: 0.9315051079628333, AUPR test unknown: 0.8135704017075274
Epoch: 225, Best AUROC test all: 0.9511504907532151, AUPR test all: 0.8839944253417795, AUROC test unknown: 0.9424682624553995, AUPR test unknown: 0.838660232216857
pseudo_counter: Counter({0: 16883, -1: 929, 1: 521})
max_probs: 1.0， num of >0.5: 2239
AUROC test all: 0.9423051947305262, AUPR test all: 0.8650873627077083, AUROC test unknown: 0.9321098651015043, AUPR test unknown: 0.8129700223368646
Epoch: 226, Best AUROC test all: 0.9511504907532151, AUPR test all: 0.8839944253417795, AUROC test unknown: 0.9424682624553995, AUPR test unknown: 0.838660232216857
pseudo_counter: Counter({0: 16881, -1: 929, 1: 523})
max_probs: 1.0， num of >0.5: 2341
AUROC test all: 0.9410580987964254, AUPR test all: 0.86583578753101, AUROC test unknown: 0.9309203140400883, AUPR test unknown: 0.8148086567420664
Epoch: 227, Best AUROC test all: 0.9511504907532151, AUPR test all: 0.8839944253417795, AUROC test unknown: 0.9424682624553995, AUPR test unknown: 0.838660232216857
pseudo_counter: Counter({0: 16877, -1: 929, 1: 527})
max_probs: 1.0， num of >0.5: 2271
AUROC test all: 0.9434711079077523, AUPR test all: 0.869975712238628, AUROC test unknown: 0.9336544591311327, AUPR test unknown: 0.8206460166393192
Epoch: 228, Best AUROC test all: 0.9511504907532151, AUPR test all: 0.8839944253417795, AUROC test unknown: 0.9424682624553995, AUPR test unknown: 0.838660232216857
pseudo_counter: Counter({0: 16874, -1: 929, 1: 530})
max_probs: 1.0， num of >0.5: 2138
AUROC test all: 0.9442420359255548, AUPR test all: 0.8721309465211111, AUROC test unknown: 0.9346332656113491, AUPR test unknown: 0.8240573316536882
Epoch: 229, Best AUROC test all: 0.9511504907532151, AUPR test all: 0.8839944253417795, AUROC test unknown: 0.9424682624553995, AUPR test unknown: 0.838660232216857
pseudo_counter: Counter({0: 16874, -1: 929, 1: 530})
max_probs: 1.0， num of >0.5: 1989
AUROC test all: 0.9459258628945126, AUPR test all: 0.8746022276342811, AUROC test unknown: 0.9365501583955056, AUPR test unknown: 0.8274574103027553
Epoch: 230, Best AUROC test all: 0.9511504907532151, AUPR test all: 0.8839944253417795, AUROC test unknown: 0.9424682624553995, AUPR test unknown: 0.838660232216857
pseudo_counter: Counter({0: 16873, -1: 929, 1: 531})
max_probs: 1.0， num of >0.5: 1965
AUROC test all: 0.9453498010907467, AUPR test all: 0.8737959587148609, AUROC test unknown: 0.936031484470608, AUPR test unknown: 0.8255178665915637
Epoch: 231, Best AUROC test all: 0.9511504907532151, AUPR test all: 0.8839944253417795, AUROC test unknown: 0.9424682624553995, AUPR test unknown: 0.838660232216857
pseudo_counter: Counter({0: 16873, -1: 929, 1: 531})
max_probs: 1.0， num of >0.5: 1956
AUROC test all: 0.9478715261024411, AUPR test all: 0.8766202825017189, AUROC test unknown: 0.9385929738395972, AUPR test unknown: 0.8287912388326221
Epoch: 232, Best AUROC test all: 0.9511504907532151, AUPR test all: 0.8839944253417795, AUROC test unknown: 0.9424682624553995, AUPR test unknown: 0.838660232216857
pseudo_counter: Counter({0: 16871, -1: 929, 1: 533})
max_probs: 1.0， num of >0.5: 2036
AUROC test all: 0.9487510780288183, AUPR test all: 0.8803242957888198, AUROC test unknown: 0.9398725550904841, AUPR test unknown: 0.8350114856451214
Epoch: 233, Best AUROC test all: 0.9511504907532151, AUPR test all: 0.8839944253417795, AUROC test unknown: 0.9424682624553995, AUPR test unknown: 0.838660232216857
pseudo_counter: Counter({0: 16870, -1: 929, 1: 534})
max_probs: 1.0， num of >0.5: 2146
AUROC test all: 0.9472830914025852, AUPR test all: 0.8776063506339584, AUROC test unknown: 0.9381196629521966, AUPR test unknown: 0.8307291424634394
Epoch: 234, Best AUROC test all: 0.9511504907532151, AUPR test all: 0.8839944253417795, AUROC test unknown: 0.9424682624553995, AUPR test unknown: 0.838660232216857
pseudo_counter: Counter({0: 16870, -1: 929, 1: 534})
max_probs: 1.0， num of >0.5: 2180
AUROC test all: 0.9473512113249256, AUPR test all: 0.8781473328893273, AUROC test unknown: 0.9380723753563015, AUPR test unknown: 0.8317733609758416
Epoch: 235, Best AUROC test all: 0.9511504907532151, AUPR test all: 0.8839944253417795, AUROC test unknown: 0.9424682624553995, AUPR test unknown: 0.838660232216857
pseudo_counter: Counter({0: 16867, -1: 929, 1: 537})
max_probs: 1.0， num of >0.5: 2237
AUROC test all: 0.9488566846065993, AUPR test all: 0.8798294059390925, AUROC test unknown: 0.9401154626306756, AUPR test unknown: 0.8336829332609828
Epoch: 236, Best AUROC test all: 0.9511504907532151, AUPR test all: 0.8839944253417795, AUROC test unknown: 0.9424682624553995, AUPR test unknown: 0.838660232216857
pseudo_counter: Counter({0: 16866, -1: 929, 1: 538})
max_probs: 1.0， num of >0.5: 2261
AUROC test all: 0.9475891296978484, AUPR test all: 0.8781621267584989, AUROC test unknown: 0.9385653776293464, AUPR test unknown: 0.8316407961240164
Epoch: 237, Best AUROC test all: 0.9511504907532151, AUPR test all: 0.8839944253417795, AUROC test unknown: 0.9424682624553995, AUPR test unknown: 0.838660232216857
pseudo_counter: Counter({0: 16866, -1: 929, 1: 538})
max_probs: 0.9999998807907104， num of >0.5: 2233
AUROC test all: 0.9486329329697205, AUPR test all: 0.8804582015504328, AUROC test unknown: 0.9396447721871954, AUPR test unknown: 0.8348906184716398
Epoch: 238, Best AUROC test all: 0.9511504907532151, AUPR test all: 0.8839944253417795, AUROC test unknown: 0.9424682624553995, AUPR test unknown: 0.838660232216857
pseudo_counter: Counter({0: 16864, -1: 929, 1: 540})
max_probs: 1.0， num of >0.5: 2136
AUROC test all: 0.9481285787682022, AUPR test all: 0.8802018709125254, AUROC test unknown: 0.9390505946831084, AUPR test unknown: 0.8346293282034443
Epoch: 239, Best AUROC test all: 0.9511504907532151, AUPR test all: 0.8839944253417795, AUROC test unknown: 0.9424682624553995, AUPR test unknown: 0.838660232216857
pseudo_counter: Counter({0: 16864, -1: 929, 1: 540})
max_probs: 1.0， num of >0.5: 2045
AUROC test all: 0.9491757305413211, AUPR test all: 0.8819364935186406, AUROC test unknown: 0.9403850530313698, AUPR test unknown: 0.8368129699236851
Epoch: 240, Best AUROC test all: 0.9511504907532151, AUPR test all: 0.8839944253417795, AUROC test unknown: 0.9424682624553995, AUPR test unknown: 0.838660232216857
pseudo_counter: Counter({0: 16864, -1: 929, 1: 540})
max_probs: 1.0， num of >0.5: 1915
AUROC test all: 0.9478002600607974, AUPR test all: 0.8805937809776028, AUROC test unknown: 0.9389584333442247, AUPR test unknown: 0.8358254775523064
Epoch: 241, Best AUROC test all: 0.9511504907532151, AUPR test all: 0.8839944253417795, AUROC test unknown: 0.9424682624553995, AUPR test unknown: 0.838660232216857
pseudo_counter: Counter({0: 16864, -1: 929, 1: 540})
max_probs: 0.9999998807907104， num of >0.5: 1816
AUROC test all: 0.9477891934481607, AUPR test all: 0.8817250992168997, AUROC test unknown: 0.9387881044893859, AUPR test unknown: 0.8372237926011358
Epoch: 242, Best AUROC test all: 0.9511504907532151, AUPR test all: 0.8839944253417795, AUROC test unknown: 0.9424682624553995, AUPR test unknown: 0.838660232216857
pseudo_counter: Counter({0: 16863, -1: 929, 1: 541})
max_probs: 1.0， num of >0.5: 1740
AUROC test all: 0.9495527681020299, AUPR test all: 0.8837259068501524, AUROC test unknown: 0.9407410637153872, AUPR test unknown: 0.8397360926151178
Epoch: 243, Best AUROC test all: 0.9511504907532151, AUPR test all: 0.8839944253417795, AUROC test unknown: 0.9424682624553995, AUPR test unknown: 0.8397360926151178
pseudo_counter: Counter({0: 16863, -1: 929, 1: 541})
max_probs: 0.9999996423721313， num of >0.5: 1644
AUROC test all: 0.9484195028119592, AUPR test all: 0.884125380256884, AUROC test unknown: 0.9395073456697165, AUPR test unknown: 0.8409597417260007
Epoch: 244, Best AUROC test all: 0.9511504907532151, AUPR test all: 0.884125380256884, AUROC test unknown: 0.9424682624553995, AUPR test unknown: 0.8409597417260007
pseudo_counter: Counter({0: 16863, -1: 929, 1: 541})
max_probs: 0.9999995231628418， num of >0.5: 1582
AUROC test all: 0.9517687583913762, AUPR test all: 0.8886832130120624, AUROC test unknown: 0.9434305307812457, AUPR test unknown: 0.8464517238715933
Epoch: 245, Best AUROC test all: 0.9517687583913762, AUPR test all: 0.8886832130120624, AUROC test unknown: 0.9434305307812457, AUPR test unknown: 0.8464517238715933
pseudo_counter: Counter({0: 16862, -1: 929, 1: 542})
max_probs: 1.0， num of >0.5: 1623
AUROC test all: 0.9544982468664146, AUPR test all: 0.8935854978397878, AUROC test unknown: 0.9469507111895675, AUPR test unknown: 0.853595473825778
Epoch: 246, Best AUROC test all: 0.9544982468664146, AUPR test all: 0.8935854978397878, AUROC test unknown: 0.9469507111895675, AUPR test unknown: 0.853595473825778
pseudo_counter: Counter({0: 16861, -1: 929, 1: 543})
max_probs: 1.0， num of >0.5: 1692
AUROC test all: 0.9553012248247212, AUPR test all: 0.8919662639655579, AUROC test unknown: 0.9476734317975105, AUPR test unknown: 0.8502721534119315
Epoch: 247, Best AUROC test all: 0.9553012248247212, AUPR test all: 0.8935854978397878, AUROC test unknown: 0.9476734317975105, AUPR test unknown: 0.853595473825778
pseudo_counter: Counter({0: 16861, -1: 929, 1: 543})
max_probs: 1.0， num of >0.5: 1781
AUROC test all: 0.9565567656053725, AUPR test all: 0.8940575870903523, AUROC test unknown: 0.9488754870519083, AUPR test unknown: 0.8524905257343174
Epoch: 248, Best AUROC test all: 0.9565567656053725, AUPR test all: 0.8940575870903523, AUROC test unknown: 0.9488754870519083, AUPR test unknown: 0.853595473825778
pseudo_counter: Counter({0: 16860, -1: 929, 1: 544})
max_probs: 0.9999995231628418， num of >0.5: 2034
AUROC test all: 0.9531134024222359, AUPR test all: 0.8858885626988657, AUROC test unknown: 0.9450496171814137, AUPR test unknown: 0.8412944082621744
Epoch: 249, Best AUROC test all: 0.9565567656053725, AUPR test all: 0.8940575870903523, AUROC test unknown: 0.9488754870519083, AUPR test unknown: 0.853595473825778
pseudo_counter: Counter({0: 16860, -1: 929, 1: 544})
max_probs: 1.0， num of >0.5: 2319
AUROC test all: 0.9494643363919072, AUPR test all: 0.8768925933542351, AUROC test unknown: 0.9408620716838201, AUPR test unknown: 0.829285991093528
Epoch: 250, Best AUROC test all: 0.9565567656053725, AUPR test all: 0.8940575870903523, AUROC test unknown: 0.9488754870519083, AUPR test unknown: 0.853595473825778
pseudo_counter: Counter({0: 16859, -1: 929, 1: 545})
max_probs: 1.0， num of >0.5: 2573
AUROC test all: 0.9526804246525125, AUPR test all: 0.8808871069533599, AUROC test unknown: 0.944451655799798, AUPR test unknown: 0.8340396722669234
Epoch: 251, Best AUROC test all: 0.9565567656053725, AUPR test all: 0.8940575870903523, AUROC test unknown: 0.9488754870519083, AUPR test unknown: 0.853595473825778
pseudo_counter: Counter({0: 16857, -1: 929, 1: 547})
max_probs: 1.0， num of >0.5: 2624
AUROC test all: 0.9579009404780905, AUPR test all: 0.893134201089092, AUROC test unknown: 0.9504636174195371, AUPR test unknown: 0.8503855952198693
Epoch: 252, Best AUROC test all: 0.9579009404780905, AUPR test all: 0.8940575870903523, AUROC test unknown: 0.9504636174195371, AUPR test unknown: 0.853595473825778
pseudo_counter: Counter({0: 16855, -1: 929, 1: 549})
max_probs: 1.0， num of >0.5: 2415
AUROC test all: 0.9600354904335435, AUPR test all: 0.8978513184124776, AUROC test unknown: 0.9533031456743919, AUPR test unknown: 0.8570609100442343
Epoch: 253, Best AUROC test all: 0.9600354904335435, AUPR test all: 0.8978513184124776, AUROC test unknown: 0.9533031456743919, AUPR test unknown: 0.8570609100442343
pseudo_counter: Counter({0: 16851, -1: 929, 1: 553})
max_probs: 0.9999998807907104， num of >0.5: 2149
AUROC test all: 0.9597382465536425, AUPR test all: 0.8964149647675578, AUROC test unknown: 0.952682546266873, AUPR test unknown: 0.8549739928721488
Epoch: 254, Best AUROC test all: 0.9600354904335435, AUPR test all: 0.8978513184124776, AUROC test unknown: 0.9533031456743919, AUPR test unknown: 0.8570609100442343
pseudo_counter: Counter({0: 16850, -1: 929, 1: 554})
max_probs: 1.0， num of >0.5: 2025
AUROC test all: 0.9569422112159153, AUPR test all: 0.8949585085281392, AUROC test unknown: 0.9496963927577889, AUPR test unknown: 0.8542381945680106
Epoch: 255, Best AUROC test all: 0.9600354904335435, AUPR test all: 0.8978513184124776, AUROC test unknown: 0.9533031456743919, AUPR test unknown: 0.8570609100442343
pseudo_counter: Counter({0: 16849, -1: 929, 1: 555})
max_probs: 1.0， num of >0.5: 1859
AUROC test all: 0.9565330685196267, AUPR test all: 0.8943895993994426, AUROC test unknown: 0.9492503736307227, AUPR test unknown: 0.854087754396143
Epoch: 256, Best AUROC test all: 0.9600354904335435, AUPR test all: 0.8978513184124776, AUROC test unknown: 0.9533031456743919, AUPR test unknown: 0.8570609100442343
pseudo_counter: Counter({0: 16848, -1: 929, 1: 556})
max_probs: 0.9999998807907104， num of >0.5: 1796
AUROC test all: 0.9552347331571078, AUPR test all: 0.8916743544605754, AUROC test unknown: 0.9474614911630693, AUPR test unknown: 0.8503504464626043
Epoch: 257, Best AUROC test all: 0.9600354904335435, AUPR test all: 0.8978513184124776, AUROC test unknown: 0.9533031456743919, AUPR test unknown: 0.8570609100442343
pseudo_counter: Counter({0: 16848, -1: 929, 1: 556})
max_probs: 1.0， num of >0.5: 1753
AUROC test all: 0.9520388370949544, AUPR test all: 0.8848836186876194, AUROC test unknown: 0.9438531181379843, AUPR test unknown: 0.8406972192581873
Epoch: 258, Best AUROC test all: 0.9600354904335435, AUPR test all: 0.8978513184124776, AUROC test unknown: 0.9533031456743919, AUPR test unknown: 0.8570609100442343
pseudo_counter: Counter({0: 16847, -1: 929, 1: 557})
max_probs: 1.0， num of >0.5: 1721
AUROC test all: 0.9512691233688131, AUPR test all: 0.8839005859868773, AUROC test unknown: 0.9429298955138763, AUPR test unknown: 0.8398329661588668
Epoch: 259, Best AUROC test all: 0.9600354904335435, AUPR test all: 0.8978513184124776, AUROC test unknown: 0.9533031456743919, AUPR test unknown: 0.8570609100442343
pseudo_counter: Counter({0: 16847, -1: 929, 1: 557})
max_probs: 1.0， num of >0.5: 1706
AUROC test all: 0.9510145084855529, AUPR test all: 0.8836919894366508, AUROC test unknown: 0.942644908645997, AUPR test unknown: 0.8399513808919452
Epoch: 260, Best AUROC test all: 0.9600354904335435, AUPR test all: 0.8978513184124776, AUROC test unknown: 0.9533031456743919, AUPR test unknown: 0.8570609100442343
pseudo_counter: Counter({0: 16846, -1: 929, 1: 558})
max_probs: 1.0， num of >0.5: 1723
AUROC test all: 0.952287196536325, AUPR test all: 0.883365813719031, AUROC test unknown: 0.9440779109081687, AUPR test unknown: 0.8384981419904415
Epoch: 261, Best AUROC test all: 0.9600354904335435, AUPR test all: 0.8978513184124776, AUROC test unknown: 0.9533031456743919, AUPR test unknown: 0.8570609100442343
pseudo_counter: Counter({0: 16846, -1: 929, 1: 558})
max_probs: 1.0， num of >0.5: 1809
AUROC test all: 0.951975224770446, AUPR test all: 0.8815964552191563, AUROC test unknown: 0.9437538348457065, AUPR test unknown: 0.8359917525194994
Epoch: 262, Best AUROC test all: 0.9600354904335435, AUPR test all: 0.8978513184124776, AUROC test unknown: 0.9533031456743919, AUPR test unknown: 0.8570609100442343
pseudo_counter: Counter({0: 16846, -1: 929, 1: 558})
max_probs: 1.0， num of >0.5: 1898
AUROC test all: 0.9507742351227424, AUPR test all: 0.8831938098178294, AUROC test unknown: 0.9424337617559799, AUPR test unknown: 0.8394976399770304
Epoch: 263, Best AUROC test all: 0.9600354904335435, AUPR test all: 0.8978513184124776, AUROC test unknown: 0.9533031456743919, AUPR test unknown: 0.8570609100442343
pseudo_counter: Counter({0: 16845, -1: 929, 1: 559})
max_probs: 1.0， num of >0.5: 2052
AUROC test all: 0.9488286179107099, AUPR test all: 0.8759768990165921, AUROC test unknown: 0.9398034340863214, AUPR test unknown: 0.8279384776459621
Epoch: 264, Best AUROC test all: 0.9600354904335435, AUPR test all: 0.8978513184124776, AUROC test unknown: 0.9533031456743919, AUPR test unknown: 0.8570609100442343
pseudo_counter: Counter({0: 16845, -1: 929, 1: 559})
max_probs: 1.0， num of >0.5: 2217
AUROC test all: 0.9460590854083999, AUPR test all: 0.8718735350340647, AUROC test unknown: 0.9368244460234764, AUPR test unknown: 0.8236783708894982
Epoch: 265, Best AUROC test all: 0.9600354904335435, AUPR test all: 0.8978513184124776, AUROC test unknown: 0.9533031456743919, AUPR test unknown: 0.8570609100442343
pseudo_counter: Counter({0: 16843, -1: 929, 1: 561})
max_probs: 1.0， num of >0.5: 2354
AUROC test all: 0.9417761867286201, AUPR test all: 0.8662799517895678, AUROC test unknown: 0.9315651607087811, AUPR test unknown: 0.8163896860489419
Epoch: 266, Best AUROC test all: 0.9600354904335435, AUPR test all: 0.8978513184124776, AUROC test unknown: 0.9533031456743919, AUPR test unknown: 0.8570609100442343
pseudo_counter: Counter({0: 16839, -1: 929, 1: 565})
max_probs: 1.0， num of >0.5: 2415
AUROC test all: 0.942172312586271, AUPR test all: 0.8673965711453582, AUROC test unknown: 0.9320772780872715, AUPR test unknown: 0.8179475115791582
Epoch: 267, Best AUROC test all: 0.9600354904335435, AUPR test all: 0.8978513184124776, AUROC test unknown: 0.9533031456743919, AUPR test unknown: 0.8570609100442343
pseudo_counter: Counter({0: 16839, -1: 929, 1: 565})
max_probs: 1.0， num of >0.5: 2326
AUROC test all: 0.9417349652064043, AUPR test all: 0.8673209392651381, AUROC test unknown: 0.9317217132049173, AUPR test unknown: 0.8183239355714818
Epoch: 268, Best AUROC test all: 0.9600354904335435, AUPR test all: 0.8978513184124776, AUROC test unknown: 0.9533031456743919, AUPR test unknown: 0.8570609100442343
pseudo_counter: Counter({0: 16838, -1: 929, 1: 566})
max_probs: 1.0， num of >0.5: 2206
AUROC test all: 0.9396996835942298, AUPR test all: 0.8656793397535877, AUROC test unknown: 0.9291756094299013, AUPR test unknown: 0.8165122666389426
Epoch: 269, Best AUROC test all: 0.9600354904335435, AUPR test all: 0.8978513184124776, AUROC test unknown: 0.9533031456743919, AUPR test unknown: 0.8570609100442343
pseudo_counter: Counter({0: 16837, -1: 929, 1: 567})
max_probs: 1.0， num of >0.5: 2049
AUROC test all: 0.9382792383263566, AUPR test all: 0.8633388823190362, AUROC test unknown: 0.9273165077637445, AUPR test unknown: 0.8130594436247018
Epoch: 270, Best AUROC test all: 0.9600354904335435, AUPR test all: 0.8978513184124776, AUROC test unknown: 0.9533031456743919, AUPR test unknown: 0.8570609100442343
pseudo_counter: Counter({0: 16835, -1: 929, 1: 569})
max_probs: 1.0， num of >0.5: 1960
AUROC test all: 0.9374874925659133, AUPR test all: 0.8619264340754935, AUROC test unknown: 0.9265124446621503, AUPR test unknown: 0.8113769539280222
Epoch: 271, Best AUROC test all: 0.9600354904335435, AUPR test all: 0.8978513184124776, AUROC test unknown: 0.9533031456743919, AUPR test unknown: 0.8570609100442343
pseudo_counter: Counter({0: 16834, -1: 929, 1: 570})
max_probs: 1.0， num of >0.5: 1923
AUROC test all: 0.93472142815418, AUPR test all: 0.8609650279974888, AUROC test unknown: 0.9232432614632189, AUPR test unknown: 0.8111831747401193
Epoch: 272, Best AUROC test all: 0.9600354904335435, AUPR test all: 0.8978513184124776, AUROC test unknown: 0.9533031456743919, AUPR test unknown: 0.8570609100442343
pseudo_counter: Counter({0: 16834, -1: 929, 1: 570})
max_probs: 1.0， num of >0.5: 1853
AUROC test all: 0.9338377365971409, AUPR test all: 0.8589738569340009, AUROC test unknown: 0.9223705992716035, AUPR test unknown: 0.8087856883947739
Epoch: 273, Best AUROC test all: 0.9600354904335435, AUPR test all: 0.8978513184124776, AUROC test unknown: 0.9533031456743919, AUPR test unknown: 0.8570609100442343
pseudo_counter: Counter({0: 16833, -1: 929, 1: 571})
max_probs: 1.0， num of >0.5: 1825
AUROC test all: 0.9315722271258959, AUPR test all: 0.8563225388726101, AUROC test unknown: 0.9194717902688021, AUPR test unknown: 0.8053302813686071
Epoch: 274, Best AUROC test all: 0.9600354904335435, AUPR test all: 0.8978513184124776, AUROC test unknown: 0.9533031456743919, AUPR test unknown: 0.8570609100442343
pseudo_counter: Counter({0: 16831, -1: 929, 1: 573})
max_probs: 1.0， num of >0.5: 1888
AUROC test all: 0.9315373162406451, AUPR test all: 0.8538899364535001, AUROC test unknown: 0.9193998204832816, AUPR test unknown: 0.8014568561384485
Epoch: 275, Best AUROC test all: 0.9600354904335435, AUPR test all: 0.8978513184124776, AUROC test unknown: 0.9533031456743919, AUPR test unknown: 0.8570609100442343
pseudo_counter: Counter({0: 16830, -1: 929, 1: 574})
max_probs: 1.0， num of >0.5: 1950
AUROC test all: 0.9261710946149385, AUPR test all: 0.8454650603175773, AUROC test unknown: 0.9130730685235211, AUPR test unknown: 0.7903653675418663
Epoch: 276, Best AUROC test all: 0.9600354904335435, AUPR test all: 0.8978513184124776, AUROC test unknown: 0.9533031456743919, AUPR test unknown: 0.8570609100442343
pseudo_counter: Counter({0: 16830, -1: 929, 1: 574})
max_probs: 1.0， num of >0.5: 2029
AUROC test all: 0.9249474289903856, AUPR test all: 0.8425824612945457, AUROC test unknown: 0.9117598020640617, AUPR test unknown: 0.7868461216216983
Epoch: 277, Best AUROC test all: 0.9600354904335435, AUPR test all: 0.8978513184124776, AUROC test unknown: 0.9533031456743919, AUPR test unknown: 0.8570609100442343
pseudo_counter: Counter({0: 16827, -1: 929, 1: 577})
max_probs: 1.0， num of >0.5: 2175
AUROC test all: 0.9210703613023646, AUPR test all: 0.8372852316971173, AUROC test unknown: 0.9074529448189964, AUPR test unknown: 0.780389916642755
Epoch: 278, Best AUROC test all: 0.9600354904335435, AUPR test all: 0.8978513184124776, AUROC test unknown: 0.9533031456743919, AUPR test unknown: 0.8570609100442343
pseudo_counter: Counter({0: 16826, -1: 929, 1: 578})
max_probs: 1.0， num of >0.5: 2293
AUROC test all: 0.9231109048450697, AUPR test all: 0.8377687079339042, AUROC test unknown: 0.9095181482051319, AUPR test unknown: 0.7801133340398692
Epoch: 279, Best AUROC test all: 0.9600354904335435, AUPR test all: 0.8978513184124776, AUROC test unknown: 0.9533031456743919, AUPR test unknown: 0.8570609100442343
pseudo_counter: Counter({0: 16824, -1: 929, 1: 580})
max_probs: 1.0， num of >0.5: 2376
AUROC test all: 0.9268277136313898, AUPR test all: 0.8465631442069497, AUROC test unknown: 0.9138847863658628, AUPR test unknown: 0.7924898901136651
Epoch: 280, Best AUROC test all: 0.9600354904335435, AUPR test all: 0.8978513184124776, AUROC test unknown: 0.9533031456743919, AUPR test unknown: 0.8570609100442343
pseudo_counter: Counter({0: 16822, -1: 929, 1: 582})
max_probs: 1.0， num of >0.5: 2312
AUROC test all: 0.9318945111717133, AUPR test all: 0.8546750394694276, AUROC test unknown: 0.9198223426007525, AUPR test unknown: 0.8029760247824892
Epoch: 281, Best AUROC test all: 0.9600354904335435, AUPR test all: 0.8978513184124776, AUROC test unknown: 0.9533031456743919, AUPR test unknown: 0.8570609100442343
pseudo_counter: Counter({0: 16818, -1: 929, 1: 586})
max_probs: 1.0， num of >0.5: 2238
AUROC test all: 0.9372221238421109, AUPR test all: 0.8614747073457862, AUROC test unknown: 0.9263697120175624, AUPR test unknown: 0.8118250477279478
Epoch: 282, Best AUROC test all: 0.9600354904335435, AUPR test all: 0.8978513184124776, AUROC test unknown: 0.9533031456743919, AUPR test unknown: 0.8570609100442343
pseudo_counter: Counter({0: 16817, -1: 929, 1: 587})
max_probs: 1.0， num of >0.5: 2179
AUROC test all: 0.9386255782259108, AUPR test all: 0.8631073686207771, AUROC test unknown: 0.9279730213881502, AUPR test unknown: 0.8128818903467647
Epoch: 283, Best AUROC test all: 0.9600354904335435, AUPR test all: 0.8978513184124776, AUROC test unknown: 0.9533031456743919, AUPR test unknown: 0.8570609100442343
pseudo_counter: Counter({0: 16817, -1: 929, 1: 587})
max_probs: 1.0， num of >0.5: 2220
AUROC test all: 0.9424916252971911, AUPR test all: 0.8692969123405292, AUROC test unknown: 0.9325623864089208, AUPR test unknown: 0.8214565863900214
Epoch: 284, Best AUROC test all: 0.9600354904335435, AUPR test all: 0.8978513184124776, AUROC test unknown: 0.9533031456743919, AUPR test unknown: 0.8570609100442343
pseudo_counter: Counter({0: 16816, -1: 929, 1: 588})
max_probs: 1.0， num of >0.5: 2269
AUROC test all: 0.9438509788156699, AUPR test all: 0.8691405932407188, AUROC test unknown: 0.9342964352720449, AUPR test unknown: 0.8204379126385255
Epoch: 285, Best AUROC test all: 0.9600354904335435, AUPR test all: 0.8978513184124776, AUROC test unknown: 0.9533031456743919, AUPR test unknown: 0.8570609100442343
pseudo_counter: Counter({0: 16816, -1: 929, 1: 588})
max_probs: 1.0， num of >0.5: 2319
AUROC test all: 0.9434168143518236, AUPR test all: 0.8697424528615332, AUROC test unknown: 0.9335912857735447, AUPR test unknown: 0.8219062094966666
Epoch: 286, Best AUROC test all: 0.9600354904335435, AUPR test all: 0.8978513184124776, AUROC test unknown: 0.9533031456743919, AUPR test unknown: 0.8570609100442343
pseudo_counter: Counter({0: 16816, -1: 929, 1: 588})
max_probs: 1.0， num of >0.5: 2374
AUROC test all: 0.9437740460796088, AUPR test all: 0.8691105273255577, AUROC test unknown: 0.93390011759378, AUPR test unknown: 0.8205925570018404
Epoch: 287, Best AUROC test all: 0.9600354904335435, AUPR test all: 0.8978513184124776, AUROC test unknown: 0.9533031456743919, AUPR test unknown: 0.8570609100442343
pseudo_counter: Counter({0: 16810, -1: 929, 1: 594})
max_probs: 1.0， num of >0.5: 2332
AUROC test all: 0.9417400063566328, AUPR test all: 0.8667803423959684, AUROC test unknown: 0.9315075000693166, AUPR test unknown: 0.8176349024648998
Epoch: 288, Best AUROC test all: 0.9600354904335435, AUPR test all: 0.8978513184124776, AUROC test unknown: 0.9533031456743919, AUPR test unknown: 0.8570609100442343
pseudo_counter: Counter({0: 16810, -1: 929, 1: 594})
max_probs: 1.0， num of >0.5: 2313
AUROC test all: 0.939451728916746, AUPR test all: 0.8641842562137856, AUROC test unknown: 0.92888233717502, AUPR test unknown: 0.8145477140953696
Epoch: 289, Best AUROC test all: 0.9600354904335435, AUPR test all: 0.8978513184124776, AUROC test unknown: 0.9533031456743919, AUPR test unknown: 0.8570609100442343
pseudo_counter: Counter({0: 16808, -1: 929, 1: 596})
max_probs: 1.0， num of >0.5: 2262
AUROC test all: 0.9388933847322143, AUPR test all: 0.8639272825177644, AUROC test unknown: 0.9284891292351838, AUPR test unknown: 0.8150444615889292
Epoch: 290, Best AUROC test all: 0.9600354904335435, AUPR test all: 0.8978513184124776, AUROC test unknown: 0.9533031456743919, AUPR test unknown: 0.8570609100442343
pseudo_counter: Counter({0: 16807, -1: 929, 1: 597})
max_probs: 1.0， num of >0.5: 2206
AUROC test all: 0.9349354654577717, AUPR test all: 0.8596940129362136, AUROC test unknown: 0.9237332409835255, AUPR test unknown: 0.8098824128664249
Epoch: 291, Best AUROC test all: 0.9600354904335435, AUPR test all: 0.8978513184124776, AUROC test unknown: 0.9533031456743919, AUPR test unknown: 0.8570609100442343
pseudo_counter: Counter({0: 16807, -1: 929, 1: 597})
max_probs: 1.0， num of >0.5: 2193
AUROC test all: 0.9311615481666726, AUPR test all: 0.8547903374292563, AUROC test unknown: 0.919201406123684, AUPR test unknown: 0.8038370444318662
Epoch: 292, Best AUROC test all: 0.9600354904335435, AUPR test all: 0.8978513184124776, AUROC test unknown: 0.9533031456743919, AUPR test unknown: 0.8570609100442343
pseudo_counter: Counter({0: 16804, -1: 929, 1: 600})
max_probs: 1.0， num of >0.5: 2276
AUROC test all: 0.9275412479698562, AUPR test all: 0.8494234195303296, AUROC test unknown: 0.9149479145996239, AUPR test unknown: 0.7970686682969073
Epoch: 293, Best AUROC test all: 0.9600354904335435, AUPR test all: 0.8978513184124776, AUROC test unknown: 0.9533031456743919, AUPR test unknown: 0.8570609100442343
pseudo_counter: Counter({0: 16803, -1: 929, 1: 601})
max_probs: 1.0， num of >0.5: 2341
AUROC test all: 0.9242245390866226, AUPR test all: 0.8436384213259734, AUROC test unknown: 0.910859674140731, AUPR test unknown: 0.789298029589941
Epoch: 294, Best AUROC test all: 0.9600354904335435, AUPR test all: 0.8978513184124776, AUROC test unknown: 0.9533031456743919, AUPR test unknown: 0.8570609100442343
pseudo_counter: Counter({0: 16798, -1: 929, 1: 606})
max_probs: 1.0， num of >0.5: 2323
AUROC test all: 0.9236221860285625, AUPR test all: 0.843995465091429, AUROC test unknown: 0.9101847086767683, AUPR test unknown: 0.7899325088636624
Epoch: 295, Best AUROC test all: 0.9600354904335435, AUPR test all: 0.8978513184124776, AUROC test unknown: 0.9533031456743919, AUPR test unknown: 0.8570609100442343
pseudo_counter: Counter({0: 16796, -1: 929, 1: 608})
max_probs: 1.0， num of >0.5: 2338
AUROC test all: 0.9236527916979247, AUPR test all: 0.8447730712351755, AUROC test unknown: 0.9102628653195122, AUPR test unknown: 0.7912642281978979
Epoch: 296, Best AUROC test all: 0.9600354904335435, AUPR test all: 0.8978513184124776, AUROC test unknown: 0.9533031456743919, AUPR test unknown: 0.8570609100442343
pseudo_counter: Counter({0: 16795, -1: 929, 1: 609})
max_probs: 1.0， num of >0.5: 2170
AUROC test all: 0.9265189891757858, AUPR test all: 0.8485934980823766, AUROC test unknown: 0.9138221131759945, AUPR test unknown: 0.7959489051801085
Epoch: 297, Best AUROC test all: 0.9600354904335435, AUPR test all: 0.8978513184124776, AUROC test unknown: 0.9533031456743919, AUPR test unknown: 0.8570609100442343
pseudo_counter: Counter({0: 16794, -1: 929, 1: 610})
max_probs: 0.9999996423721313， num of >0.5: 2098
AUROC test all: 0.9288225372532263, AUPR test all: 0.8519787973263019, AUROC test unknown: 0.9163861033835802, AUPR test unknown: 0.8006400612327377
Epoch: 298, Best AUROC test all: 0.9600354904335435, AUPR test all: 0.8978513184124776, AUROC test unknown: 0.9533031456743919, AUPR test unknown: 0.8570609100442343
pseudo_counter: Counter({0: 16792, -1: 929, 1: 612})
max_probs: 0.9999996423721313， num of >0.5: 2016
AUROC test all: 0.9320521759048658, AUPR test all: 0.8550386635179021, AUROC test unknown: 0.9204431920921309, AUPR test unknown: 0.8040629319062313
Epoch: 299, Best AUROC test all: 0.9600354904335435, AUPR test all: 0.8978513184124776, AUROC test unknown: 0.9533031456743919, AUPR test unknown: 0.8570609100442343
pseudo_counter: Counter({0: 16790, -1: 929, 1: 614})
max_probs: 1.0， num of >0.5: 1997
AUROC test all: 0.9353619486069453, AUPR test all: 0.8572081020746016, AUROC test unknown: 0.9241217299496625, AUPR test unknown: 0.8066561703937081
Epoch: 300, Best AUROC test all: 0.9600354904335435, AUPR test all: 0.8978513184124776, AUROC test unknown: 0.9533031456743919, AUPR test unknown: 0.8570609100442343
pseudo_counter: Counter({0: 16790, -1: 929, 1: 614})
max_probs: 1.0， num of >0.5: 1970
AUROC test all: 0.9358360007120167, AUPR test all: 0.860924921949976, AUROC test unknown: 0.9248513441735626, AUPR test unknown: 0.8122074570520816
Epoch: 301, Best AUROC test all: 0.9600354904335435, AUPR test all: 0.8978513184124776, AUROC test unknown: 0.9533031456743919, AUPR test unknown: 0.8570609100442343
pseudo_counter: Counter({0: 16790, -1: 929, 1: 614})
max_probs: 1.0， num of >0.5: 1941
AUROC test all: 0.934984929444595, AUPR test all: 0.8576506053748777, AUROC test unknown: 0.9238491602890752, AUPR test unknown: 0.8071595581232474
Epoch: 302, Best AUROC test all: 0.9600354904335435, AUPR test all: 0.8978513184124776, AUROC test unknown: 0.9533031456743919, AUPR test unknown: 0.8570609100442343
pseudo_counter: Counter({0: 16786, -1: 929, 1: 618})
max_probs: 1.0， num of >0.5: 2066
AUROC test all: 0.9349805874319892, AUPR test all: 0.8546671833332479, AUROC test unknown: 0.9235271392635465, AUPR test unknown: 0.8021939082443403
Epoch: 303, Best AUROC test all: 0.9600354904335435, AUPR test all: 0.8978513184124776, AUROC test unknown: 0.9533031456743919, AUPR test unknown: 0.8570609100442343
pseudo_counter: Counter({0: 16784, -1: 929, 1: 620})
max_probs: 1.0， num of >0.5: 2162
AUROC test all: 0.9341280442958879, AUPR test all: 0.8562291141964282, AUROC test unknown: 0.9224822236586944, AUPR test unknown: 0.8047650307294008
Epoch: 304, Best AUROC test all: 0.9600354904335435, AUPR test all: 0.8978513184124776, AUROC test unknown: 0.9533031456743919, AUPR test unknown: 0.8570609100442343
pseudo_counter: Counter({0: 16782, -1: 929, 1: 622})
max_probs: 1.0， num of >0.5: 2209
AUROC test all: 0.933990185395659, AUPR test all: 0.8550959810950123, AUROC test unknown: 0.9222644332365798, AUPR test unknown: 0.8026480286998384
Epoch: 305, Best AUROC test all: 0.9600354904335435, AUPR test all: 0.8978513184124776, AUROC test unknown: 0.9533031456743919, AUPR test unknown: 0.8570609100442343
pseudo_counter: Counter({0: 16777, -1: 929, 1: 627})
max_probs: 1.0， num of >0.5: 2226
AUROC test all: 0.9385735660664356, AUPR test all: 0.8627251094766016, AUROC test unknown: 0.9277284393734203, AUPR test unknown: 0.8124030207174721
Epoch: 306, Best AUROC test all: 0.9600354904335435, AUPR test all: 0.8978513184124776, AUROC test unknown: 0.9533031456743919, AUPR test unknown: 0.8570609100442343
pseudo_counter: Counter({0: 16777, -1: 929, 1: 627})
max_probs: 1.0， num of >0.5: 2125
AUROC test all: 0.9441471279932405, AUPR test all: 0.8717849941808845, AUROC test unknown: 0.9345159980275993, AUPR test unknown: 0.8249951397345373
Epoch: 307, Best AUROC test all: 0.9600354904335435, AUPR test all: 0.8978513184124776, AUROC test unknown: 0.9533031456743919, AUPR test unknown: 0.8570609100442343
pseudo_counter: Counter({0: 16776, -1: 929, 1: 628})
max_probs: 0.9999998807907104， num of >0.5: 2006
AUROC test all: 0.9483992554184317, AUPR test all: 0.8793897475654644, AUROC test unknown: 0.9395108577169626, AUPR test unknown: 0.8353062505304435
Epoch: 308, Best AUROC test all: 0.9600354904335435, AUPR test all: 0.8978513184124776, AUROC test unknown: 0.9533031456743919, AUPR test unknown: 0.8570609100442343
pseudo_counter: Counter({0: 16776, -1: 929, 1: 628})
max_probs: 1.0， num of >0.5: 1865
AUROC test all: 0.9467374880813133, AUPR test all: 0.8770897167887622, AUROC test unknown: 0.9376783627988299, AUPR test unknown: 0.832128840276382
Epoch: 309, Best AUROC test all: 0.9600354904335435, AUPR test all: 0.8978513184124776, AUROC test unknown: 0.9533031456743919, AUPR test unknown: 0.8570609100442343
pseudo_counter: Counter({0: 16776, -1: 929, 1: 628})
max_probs: 0.9999997615814209， num of >0.5: 1816
AUROC test all: 0.9473363914471552, AUPR test all: 0.8773891573744279, AUROC test unknown: 0.9383908190953162, AUPR test unknown: 0.8325278248625442
Epoch: 310, Best AUROC test all: 0.9600354904335435, AUPR test all: 0.8978513184124776, AUROC test unknown: 0.9533031456743919, AUPR test unknown: 0.8570609100442343
pseudo_counter: Counter({0: 16776, -1: 929, 1: 628})
max_probs: 1.0， num of >0.5: 1709
AUROC test all: 0.9485106574791397, AUPR test all: 0.880195880103971, AUROC test unknown: 0.9397110117903666, AUPR test unknown: 0.8364429634012904
Epoch: 311, Best AUROC test all: 0.9600354904335435, AUPR test all: 0.8978513184124776, AUROC test unknown: 0.9533031456743919, AUPR test unknown: 0.8570609100442343
pseudo_counter: Counter({0: 16776, -1: 929, 1: 628})
max_probs: 1.0， num of >0.5: 1700
AUROC test all: 0.9502621904073719, AUPR test all: 0.8821736086156962, AUROC test unknown: 0.9415690152621832, AUPR test unknown: 0.8381782015957384
Epoch: 312, Best AUROC test all: 0.9600354904335435, AUPR test all: 0.8978513184124776, AUROC test unknown: 0.9533031456743919, AUPR test unknown: 0.8570609100442343
pseudo_counter: Counter({0: 16776, -1: 929, 1: 628})
max_probs: 1.0， num of >0.5: 1774
AUROC test all: 0.9509713827332326, AUPR test all: 0.8835056505687487, AUROC test unknown: 0.9426106689036486, AUPR test unknown: 0.8404677843670794
Epoch: 313, Best AUROC test all: 0.9600354904335435, AUPR test all: 0.8978513184124776, AUROC test unknown: 0.9533031456743919, AUPR test unknown: 0.8570609100442343
pseudo_counter: Counter({0: 16774, -1: 929, 1: 630})
max_probs: 1.0， num of >0.5: 1811
AUROC test all: 0.9506345179883051, AUPR test all: 0.8824112832963846, AUROC test unknown: 0.9421183081500699, AUPR test unknown: 0.8386860810017284
Epoch: 314, Best AUROC test all: 0.9600354904335435, AUPR test all: 0.8978513184124776, AUROC test unknown: 0.9533031456743919, AUPR test unknown: 0.8570609100442343
pseudo_counter: Counter({0: 16773, -1: 929, 1: 631})
max_probs: 0.9999998807907104， num of >0.5: 1868
AUROC test all: 0.9512453434904539, AUPR test all: 0.882754861811996, AUROC test unknown: 0.9429328639005581, AUPR test unknown: 0.8390489167143781
Epoch: 315, Best AUROC test all: 0.9600354904335435, AUPR test all: 0.8978513184124776, AUROC test unknown: 0.9533031456743919, AUPR test unknown: 0.8570609100442343
pseudo_counter: Counter({0: 16773, -1: 929, 1: 631})
max_probs: 1.0， num of >0.5: 1941
AUROC test all: 0.9515773142720206, AUPR test all: 0.8829680735762022, AUROC test unknown: 0.943293039024499, AUPR test unknown: 0.8396180190956292
Epoch: 316, Best AUROC test all: 0.9600354904335435, AUPR test all: 0.8978513184124776, AUROC test unknown: 0.9533031456743919, AUPR test unknown: 0.8570609100442343
pseudo_counter: Counter({0: 16773, -1: 929, 1: 631})
max_probs: 1.0， num of >0.5: 1927
AUROC test all: 0.9522331513582358, AUPR test all: 0.8838611601194803, AUROC test unknown: 0.9441043871776569, AUPR test unknown: 0.84023461683056
Epoch: 317, Best AUROC test all: 0.9600354904335435, AUPR test all: 0.8978513184124776, AUROC test unknown: 0.9533031456743919, AUPR test unknown: 0.8570609100442343
pseudo_counter: Counter({0: 16772, -1: 929, 1: 632})
max_probs: 1.0， num of >0.5: 1961
AUROC test all: 0.9514413963986134, AUPR test all: 0.881525310114424, AUROC test unknown: 0.9430659737531554, AUPR test unknown: 0.8375201251280069
Epoch: 318, Best AUROC test all: 0.9600354904335435, AUPR test all: 0.8978513184124776, AUROC test unknown: 0.9533031456743919, AUPR test unknown: 0.8570609100442343
pseudo_counter: Counter({0: 16771, -1: 929, 1: 633})
max_probs: 1.0， num of >0.5: 2114
AUROC test all: 0.9500392666966252, AUPR test all: 0.8795114179708743, AUROC test unknown: 0.9415234456336719, AUPR test unknown: 0.8344859326276984
Epoch: 319, Best AUROC test all: 0.9600354904335435, AUPR test all: 0.8978513184124776, AUROC test unknown: 0.9533031456743919, AUPR test unknown: 0.8570609100442343
pseudo_counter: Counter({0: 16770, -1: 929, 1: 634})
max_probs: 1.0， num of >0.5: 2217
AUROC test all: 0.9472511150555147, AUPR test all: 0.8739672987007052, AUROC test unknown: 0.9381487379191827, AUPR test unknown: 0.8272844398337953
Epoch: 320, Best AUROC test all: 0.9600354904335435, AUPR test all: 0.8978513184124776, AUROC test unknown: 0.9533031456743919, AUPR test unknown: 0.8570609100442343
pseudo_counter: Counter({0: 16770, -1: 929, 1: 634})
max_probs: 1.0， num of >0.5: 2340
AUROC test all: 0.9437426216832934, AUPR test all: 0.869653554369438, AUROC test unknown: 0.9340297697651877, AUPR test unknown: 0.8222560797178742
Epoch: 321, Best AUROC test all: 0.9600354904335435, AUPR test all: 0.8978513184124776, AUROC test unknown: 0.9533031456743919, AUPR test unknown: 0.8570609100442343
pseudo_counter: Counter({0: 16769, -1: 929, 1: 635})
max_probs: 1.0， num of >0.5: 2414
AUROC test all: 0.941931248094045, AUPR test all: 0.8677460403012147, AUROC test unknown: 0.9316014989809083, AUPR test unknown: 0.8195565682102749
Epoch: 322, Best AUROC test all: 0.9600354904335435, AUPR test all: 0.8978513184124776, AUROC test unknown: 0.9533031456743919, AUPR test unknown: 0.8570609100442343
pseudo_counter: Counter({0: 16769, -1: 929, 1: 635})
max_probs: 1.0， num of >0.5: 2457
AUROC test all: 0.9402073219027399, AUPR test all: 0.8631468483649264, AUROC test unknown: 0.9299403115066301, AUPR test unknown: 0.8131467472669234
Epoch: 323, Best AUROC test all: 0.9600354904335435, AUPR test all: 0.8978513184124776, AUROC test unknown: 0.9533031456743919, AUPR test unknown: 0.8570609100442343
pseudo_counter: Counter({0: 16769, -1: 929, 1: 635})
max_probs: 1.0， num of >0.5: 2439
AUROC test all: 0.9411184362131212, AUPR test all: 0.8669930999209843, AUROC test unknown: 0.9307326532864553, AUPR test unknown: 0.8187280874655034
Epoch: 324, Best AUROC test all: 0.9600354904335435, AUPR test all: 0.8978513184124776, AUROC test unknown: 0.9533031456743919, AUPR test unknown: 0.8570609100442343
pseudo_counter: Counter({0: 16769, -1: 929, 1: 635})
max_probs: 1.0， num of >0.5: 2306
AUROC test all: 0.941253047803075, AUPR test all: 0.8683092012390463, AUROC test unknown: 0.9310379839326557, AUPR test unknown: 0.8205609588511799
Epoch: 325, Best AUROC test all: 0.9600354904335435, AUPR test all: 0.8978513184124776, AUROC test unknown: 0.9533031456743919, AUPR test unknown: 0.8570609100442343
pseudo_counter: Counter({0: 16767, -1: 929, 1: 637})
max_probs: 1.0， num of >0.5: 2245
AUROC test all: 0.9428369348886693, AUPR test all: 0.8697797547434465, AUROC test unknown: 0.9330434825156044, AUPR test unknown: 0.8225559079884954
Epoch: 326, Best AUROC test all: 0.9600354904335435, AUPR test all: 0.8978513184124776, AUROC test unknown: 0.9533031456743919, AUPR test unknown: 0.8570609100442343
pseudo_counter: Counter({0: 16767, -1: 929, 1: 637})
max_probs: 1.0， num of >0.5: 2175
AUROC test all: 0.9396993616229561, AUPR test all: 0.8683013078206223, AUROC test unknown: 0.9293442855566243, AUPR test unknown: 0.8215271121707404
Epoch: 327, Best AUROC test all: 0.9600354904335435, AUPR test all: 0.8978513184124776, AUROC test unknown: 0.9533031456743919, AUPR test unknown: 0.8570609100442343
pseudo_counter: Counter({0: 16765, -1: 929, 1: 639})
max_probs: 1.0， num of >0.5: 2184
AUROC test all: 0.9380899284165867, AUPR test all: 0.8658676968997983, AUROC test unknown: 0.927427925559821, AUPR test unknown: 0.8187275191832368
Epoch: 328, Best AUROC test all: 0.9600354904335435, AUPR test all: 0.8978513184124776, AUROC test unknown: 0.9533031456743919, AUPR test unknown: 0.8570609100442343
pseudo_counter: Counter({0: 16765, -1: 929, 1: 639})
max_probs: 1.0， num of >0.5: 2101
AUROC test all: 0.9375478023850712, AUPR test all: 0.8639450821332362, AUROC test unknown: 0.9267153822776442, AUPR test unknown: 0.8156799122070938
Epoch: 329, Best AUROC test all: 0.9600354904335435, AUPR test all: 0.8978513184124776, AUROC test unknown: 0.9533031456743919, AUPR test unknown: 0.8570609100442343
pseudo_counter: Counter({0: 16764, -1: 929, 1: 640})
max_probs: 1.0， num of >0.5: 2102
AUROC test all: 0.9364827582083126, AUPR test all: 0.8634569799930781, AUROC test unknown: 0.9252581110078759, AUPR test unknown: 0.8150266291007554
Epoch: 330, Best AUROC test all: 0.9600354904335435, AUPR test all: 0.8978513184124776, AUROC test unknown: 0.9533031456743919, AUPR test unknown: 0.8570609100442343
pseudo_counter: Counter({0: 16764, -1: 929, 1: 640})
max_probs: 1.0， num of >0.5: 2074
AUROC test all: 0.9337871595096283, AUPR test all: 0.8596048422887494, AUROC test unknown: 0.9224599553219747, AUPR test unknown: 0.810553626414744
Epoch: 331, Best AUROC test all: 0.9600354904335435, AUPR test all: 0.8978513184124776, AUROC test unknown: 0.9533031456743919, AUPR test unknown: 0.8570609100442343
pseudo_counter: Counter({0: 16764, -1: 929, 1: 640})
max_probs: 1.0， num of >0.5: 2076
AUROC test all: 0.9324334818847463, AUPR test all: 0.8573026807987076, AUROC test unknown: 0.9207396393247084, AUPR test unknown: 0.8071946869804049
Epoch: 332, Best AUROC test all: 0.9600354904335435, AUPR test all: 0.8978513184124776, AUROC test unknown: 0.9533031456743919, AUPR test unknown: 0.8570609100442343
pseudo_counter: Counter({0: 16763, -1: 929, 1: 641})
max_probs: 1.0， num of >0.5: 2138
AUROC test all: 0.9305930940841458, AUPR test all: 0.8535987283601982, AUROC test unknown: 0.918405073875316, AUPR test unknown: 0.8027397592530292
Epoch: 333, Best AUROC test all: 0.9600354904335435, AUPR test all: 0.8978513184124776, AUROC test unknown: 0.9533031456743919, AUPR test unknown: 0.8570609100442343
pseudo_counter: Counter({0: 16763, -1: 929, 1: 641})
max_probs: 1.0， num of >0.5: 2229
AUROC test all: 0.9206137508411498, AUPR test all: 0.8398064739425264, AUROC test unknown: 0.9067341820599626, AUPR test unknown: 0.7853038589426737
Epoch: 334, Best AUROC test all: 0.9600354904335435, AUPR test all: 0.8978513184124776, AUROC test unknown: 0.9533031456743919, AUPR test unknown: 0.8570609100442343
pseudo_counter: Counter({0: 16763, -1: 929, 1: 641})
max_probs: 1.0， num of >0.5: 2497
AUROC test all: 0.9228063016217692, AUPR test all: 0.8409281276104785, AUROC test unknown: 0.9092822756326443, AUPR test unknown: 0.7867011127068435
Epoch: 335, Best AUROC test all: 0.9600354904335435, AUPR test all: 0.8978513184124776, AUROC test unknown: 0.9533031456743919, AUPR test unknown: 0.8570609100442343
pseudo_counter: Counter({0: 16762, -1: 929, 1: 642})
max_probs: 1.0， num of >0.5: 2583
AUROC test all: 0.934290676585835, AUPR test all: 0.8565891029555012, AUROC test unknown: 0.922836809952033, AUPR test unknown: 0.8064294868056081
Epoch: 336, Best AUROC test all: 0.9600354904335435, AUPR test all: 0.8978513184124776, AUROC test unknown: 0.9533031456743919, AUPR test unknown: 0.8570609100442343
pseudo_counter: Counter({0: 16760, -1: 929, 1: 644})
max_probs: 1.0， num of >0.5: 2386
AUROC test all: 0.9413601906437908, AUPR test all: 0.8677748278338928, AUROC test unknown: 0.9311045171125318, AUPR test unknown: 0.820587665470754
Epoch: 337, Best AUROC test all: 0.9600354904335435, AUPR test all: 0.8978513184124776, AUROC test unknown: 0.9533031456743919, AUPR test unknown: 0.8570609100442343
pseudo_counter: Counter({0: 16754, -1: 929, 1: 650})
max_probs: 1.0， num of >0.5: 2161
AUROC test all: 0.9448546368692986, AUPR test all: 0.8726550882657356, AUROC test unknown: 0.935358845873861, AUPR test unknown: 0.8266979512125767
Epoch: 338, Best AUROC test all: 0.9600354904335435, AUPR test all: 0.8978513184124776, AUROC test unknown: 0.9533031456743919, AUPR test unknown: 0.8570609100442343
pseudo_counter: Counter({0: 16754, -1: 929, 1: 650})
max_probs: 1.0， num of >0.5: 2050
AUROC test all: 0.9454158327993977, AUPR test all: 0.8741681112315031, AUROC test unknown: 0.935954078079443, AUPR test unknown: 0.8289194654963554
Epoch: 339, Best AUROC test all: 0.9600354904335435, AUPR test all: 0.8978513184124776, AUROC test unknown: 0.9533031456743919, AUPR test unknown: 0.8570609100442343
pseudo_counter: Counter({0: 16753, -1: 929, 1: 651})
max_probs: 1.0， num of >0.5: 2009
AUROC test all: 0.9461672677563708, AUPR test all: 0.876088890437801, AUROC test unknown: 0.9368170739862226, AUPR test unknown: 0.8317687053043323
Epoch: 340, Best AUROC test all: 0.9600354904335435, AUPR test all: 0.8978513184124776, AUROC test unknown: 0.9533031456743919, AUPR test unknown: 0.8570609100442343
pseudo_counter: Counter({0: 16752, -1: 929, 1: 652})
max_probs: 0.9999998807907104， num of >0.5: 2015
AUROC test all: 0.9446478209214174, AUPR test all: 0.8732207113608685, AUROC test unknown: 0.9353300318639457, AUPR test unknown: 0.8278308022344721
Epoch: 341, Best AUROC test all: 0.9600354904335435, AUPR test all: 0.8978513184124776, AUROC test unknown: 0.9533031456743919, AUPR test unknown: 0.8570609100442343
pseudo_counter: Counter({0: 16752, -1: 929, 1: 652})
max_probs: 1.0， num of >0.5: 2092
AUROC test all: 0.9439007463754084, AUPR test all: 0.8720630827245603, AUROC test unknown: 0.9342504198418708, AUPR test unknown: 0.8263027683421694
Epoch: 342, Best AUROC test all: 0.9600354904335435, AUPR test all: 0.8978513184124776, AUROC test unknown: 0.9533031456743919, AUPR test unknown: 0.8570609100442343
pseudo_counter: Counter({0: 16752, -1: 929, 1: 652})
max_probs: 1.0， num of >0.5: 2169
AUROC test all: 0.9442046136643688, AUPR test all: 0.8713432287626346, AUROC test unknown: 0.9343872265863064, AUPR test unknown: 0.8249603774782643
Epoch: 343, Best AUROC test all: 0.9600354904335435, AUPR test all: 0.8978513184124776, AUROC test unknown: 0.9533031456743919, AUPR test unknown: 0.8570609100442343
pseudo_counter: Counter({0: 16752, -1: 929, 1: 652})
max_probs: 1.0， num of >0.5: 2267
AUROC test all: 0.9425465995923844, AUPR test all: 0.8695816514827794, AUROC test unknown: 0.9325337463703861, AUPR test unknown: 0.8230512433283235
Epoch: 344, Best AUROC test all: 0.9600354904335435, AUPR test all: 0.8978513184124776, AUROC test unknown: 0.9533031456743919, AUPR test unknown: 0.8570609100442343
pseudo_counter: Counter({0: 16750, -1: 929, 1: 654})
max_probs: 1.0， num of >0.5: 2377
AUROC test all: 0.9380192327240564, AUPR test all: 0.8615370443941857, AUROC test unknown: 0.9270757748658109, AUPR test unknown: 0.8123893195206517
Epoch: 345, Best AUROC test all: 0.9600354904335435, AUPR test all: 0.8978513184124776, AUROC test unknown: 0.9533031456743919, AUPR test unknown: 0.8570609100442343
pseudo_counter: Counter({0: 16750, -1: 929, 1: 654})
max_probs: 1.0， num of >0.5: 2538
AUROC test all: 0.9363448809097252, AUPR test all: 0.8594088888663847, AUROC test unknown: 0.9253501418682244, AUPR test unknown: 0.8101214659868989
Epoch: 346, Best AUROC test all: 0.9600354904335435, AUPR test all: 0.8978513184124776, AUROC test unknown: 0.9533031456743919, AUPR test unknown: 0.8570609100442343
pseudo_counter: Counter({0: 16747, -1: 929, 1: 657})
max_probs: 1.0， num of >0.5: 2684
AUROC test all: 0.9383500536082171, AUPR test all: 0.863669669981921, AUROC test unknown: 0.9275938398908764, AUPR test unknown: 0.8149877411593115
Epoch: 347, Best AUROC test all: 0.9600354904335435, AUPR test all: 0.8978513184124776, AUROC test unknown: 0.9533031456743919, AUPR test unknown: 0.8570609100442343
pseudo_counter: Counter({0: 16744, -1: 929, 1: 660})
max_probs: 1.0， num of >0.5: 2675
AUROC test all: 0.9473289033152461, AUPR test all: 0.8801586682342089, AUROC test unknown: 0.9381169011565291, AUPR test unknown: 0.837149328027577
Epoch: 348, Best AUROC test all: 0.9600354904335435, AUPR test all: 0.8978513184124776, AUROC test unknown: 0.9533031456743919, AUPR test unknown: 0.8570609100442343
pseudo_counter: Counter({0: 16742, -1: 929, 1: 662})
max_probs: 1.0， num of >0.5: 2430
AUROC test all: 0.9522200885237019, AUPR test all: 0.8879739783244882, AUROC test unknown: 0.9440544791378414, AUPR test unknown: 0.8472866773335717
Epoch: 349, Best AUROC test all: 0.9600354904335435, AUPR test all: 0.8978513184124776, AUROC test unknown: 0.9533031456743919, AUPR test unknown: 0.8570609100442343
pseudo_counter: Counter({0: 16740, -1: 929, 1: 664})
max_probs: 1.0， num of >0.5: 2206
AUROC test all: 0.95245978233822, AUPR test all: 0.8915857644524192, AUROC test unknown: 0.944176193865008, AUPR test unknown: 0.8519934927659574
Epoch: 350, Best AUROC test all: 0.9600354904335435, AUPR test all: 0.8978513184124776, AUROC test unknown: 0.9533031456743919, AUPR test unknown: 0.8570609100442343
pseudo_counter: Counter({0: 16738, -1: 929, 1: 666})
max_probs: 1.0， num of >0.5: 2005
AUROC test all: 0.9526457713442806, AUPR test all: 0.8905122409600157, AUROC test unknown: 0.9444859716546256, AUPR test unknown: 0.8507087335419627
Epoch: 351, Best AUROC test all: 0.9600354904335435, AUPR test all: 0.8978513184124776, AUROC test unknown: 0.9533031456743919, AUPR test unknown: 0.8570609100442343
pseudo_counter: Counter({0: 16738, -1: 929, 1: 666})
max_probs: 1.0， num of >0.5: 1928
AUROC test all: 0.9502982787875666, AUPR test all: 0.889803248346273, AUROC test unknown: 0.9418890247436231, AUPR test unknown: 0.8499104089465165
Epoch: 352, Best AUROC test all: 0.9600354904335435, AUPR test all: 0.8978513184124776, AUROC test unknown: 0.9533031456743919, AUPR test unknown: 0.8570609100442343
pseudo_counter: Counter({0: 16738, -1: 929, 1: 666})
max_probs: 1.0， num of >0.5: 1900
AUROC test all: 0.950685223864327, AUPR test all: 0.8892378873529556, AUROC test unknown: 0.9420217975266705, AUPR test unknown: 0.8487851964238388
Epoch: 353, Best AUROC test all: 0.9600354904335435, AUPR test all: 0.8978513184124776, AUROC test unknown: 0.9533031456743919, AUPR test unknown: 0.8570609100442343
pseudo_counter: Counter({0: 16738, -1: 929, 1: 666})
max_probs: 1.0， num of >0.5: 1960
AUROC test all: 0.9493511864871416, AUPR test all: 0.887873021723668, AUROC test unknown: 0.9405353534310146, AUPR test unknown: 0.8473050788702681
Epoch: 354, Best AUROC test all: 0.9600354904335435, AUPR test all: 0.8978513184124776, AUROC test unknown: 0.9533031456743919, AUPR test unknown: 0.8570609100442343
pseudo_counter: Counter({0: 16737, -1: 929, 1: 667})
max_probs: 0.9999998807907104， num of >0.5: 2011
AUROC test all: 0.9509683929999765, AUPR test all: 0.8890680226399013, AUROC test unknown: 0.9424274987862776, AUPR test unknown: 0.8485961396919235
Epoch: 355, Best AUROC test all: 0.9600354904335435, AUPR test all: 0.8978513184124776, AUROC test unknown: 0.9533031456743919, AUPR test unknown: 0.8570609100442343
pseudo_counter: Counter({0: 16737, -1: 929, 1: 667})
max_probs: 1.0， num of >0.5: 2014
AUROC test all: 0.9469248385659031, AUPR test all: 0.8838810926888956, AUROC test unknown: 0.9376369358638197, AUPR test unknown: 0.8421007394560747
Epoch: 356, Best AUROC test all: 0.9600354904335435, AUPR test all: 0.8978513184124776, AUROC test unknown: 0.9533031456743919, AUPR test unknown: 0.8570609100442343
pseudo_counter: Counter({0: 16737, -1: 929, 1: 667})
max_probs: 1.0， num of >0.5: 2034
AUROC test all: 0.9453454682773204, AUPR test all: 0.8800916559557609, AUROC test unknown: 0.9358812819298645, AUPR test unknown: 0.8371392458186129
Epoch: 357, Best AUROC test all: 0.9600354904335435, AUPR test all: 0.8978513184124776, AUROC test unknown: 0.9533031456743919, AUPR test unknown: 0.8570609100442343
pseudo_counter: Counter({0: 16735, -1: 929, 1: 669})
max_probs: 1.0， num of >0.5: 2049
AUROC test all: 0.9447556445013976, AUPR test all: 0.8799076169964806, AUROC test unknown: 0.9351205377020445, AUPR test unknown: 0.8371317789757108
Epoch: 358, Best AUROC test all: 0.9600354904335435, AUPR test all: 0.8978513184124776, AUROC test unknown: 0.9533031456743919, AUPR test unknown: 0.8570609100442343
pseudo_counter: Counter({0: 16735, -1: 929, 1: 669})
max_probs: 1.0， num of >0.5: 2099
AUROC test all: 0.9436013958834594, AUPR test all: 0.8753247792139965, AUROC test unknown: 0.9337172084334802, AUPR test unknown: 0.8303216112722674
Epoch: 359, Best AUROC test all: 0.9600354904335435, AUPR test all: 0.8978513184124776, AUROC test unknown: 0.9533031456743919, AUPR test unknown: 0.8570609100442343
pseudo_counter: Counter({0: 16735, -1: 929, 1: 669})
max_probs: 1.0， num of >0.5: 2117
AUROC test all: 0.9402791122976009, AUPR test all: 0.8703285059209945, AUROC test unknown: 0.9298200320433535, AUPR test unknown: 0.8241794726480826
Epoch: 360, Best AUROC test all: 0.9600354904335435, AUPR test all: 0.8978513184124776, AUROC test unknown: 0.9533031456743919, AUPR test unknown: 0.8570609100442343
pseudo_counter: Counter({0: 16732, -1: 929, 1: 672})
max_probs: 1.0， num of >0.5: 2122
AUROC test all: 0.939734465690971, AUPR test all: 0.8691713558390552, AUROC test unknown: 0.9291925607663004, AUPR test unknown: 0.8228117183950394
Epoch: 361, Best AUROC test all: 0.9600354904335435, AUPR test all: 0.8978513184124776, AUROC test unknown: 0.9533031456743919, AUPR test unknown: 0.8570609100442343
pseudo_counter: Counter({0: 16731, -1: 929, 1: 673})
max_probs: 1.0， num of >0.5: 2163
AUROC test all: 0.9398369629461659, AUPR test all: 0.868323157005296, AUROC test unknown: 0.9294533656122732, AUPR test unknown: 0.8216514199525652
Epoch: 362, Best AUROC test all: 0.9600354904335435, AUPR test all: 0.8978513184124776, AUROC test unknown: 0.9533031456743919, AUPR test unknown: 0.8570609100442343
pseudo_counter: Counter({0: 16730, -1: 929, 1: 674})
max_probs: 1.0， num of >0.5: 2195
AUROC test all: 0.9386343634420936, AUPR test all: 0.8653977021066019, AUROC test unknown: 0.9280131326645946, AUPR test unknown: 0.8179559287327026
Epoch: 363, Best AUROC test all: 0.9600354904335435, AUPR test all: 0.8978513184124776, AUROC test unknown: 0.9533031456743919, AUPR test unknown: 0.8570609100442343
pseudo_counter: Counter({0: 16730, -1: 929, 1: 674})
max_probs: 1.0， num of >0.5: 2268
AUROC test all: 0.9379839354732771, AUPR test all: 0.8645619558170894, AUROC test unknown: 0.9272975122636232, AUPR test unknown: 0.8174598429097945
Epoch: 364, Best AUROC test all: 0.9600354904335435, AUPR test all: 0.8978513184124776, AUROC test unknown: 0.9533031456743919, AUPR test unknown: 0.8570609100442343
pseudo_counter: Counter({0: 16728, -1: 929, 1: 676})
max_probs: 1.0， num of >0.5: 2221
AUROC test all: 0.9360669553062476, AUPR test all: 0.8607424918915734, AUROC test unknown: 0.9251638837588474, AUPR test unknown: 0.8127440218459994
Epoch: 365, Best AUROC test all: 0.9600354904335435, AUPR test all: 0.8978513184124776, AUROC test unknown: 0.9533031456743919, AUPR test unknown: 0.8570609100442343
pseudo_counter: Counter({0: 16727, -1: 929, 1: 677})
max_probs: 1.0， num of >0.5: 2238
AUROC test all: 0.9315393952551554, AUPR test all: 0.8529944789089765, AUROC test unknown: 0.9198084140170915, AUPR test unknown: 0.802411073275994
Epoch: 366, Best AUROC test all: 0.9600354904335435, AUPR test all: 0.8978513184124776, AUROC test unknown: 0.9533031456743919, AUPR test unknown: 0.8570609100442343
pseudo_counter: Counter({0: 16726, -1: 929, 1: 678})
max_probs: 1.0， num of >0.5: 2262
AUROC test all: 0.9336422080421987, AUPR test all: 0.8567918268504772, AUROC test unknown: 0.9224710133778554, AUPR test unknown: 0.8080368686832213
Epoch: 367, Best AUROC test all: 0.9600354904335435, AUPR test all: 0.8978513184124776, AUROC test unknown: 0.9533031456743919, AUPR test unknown: 0.8570609100442343
pseudo_counter: Counter({0: 16725, -1: 929, 1: 679})
max_probs: 1.0， num of >0.5: 2269
AUROC test all: 0.9360459075841255, AUPR test all: 0.8596426424012231, AUROC test unknown: 0.9251580774640191, AUPR test unknown: 0.8105438391871764
Epoch: 368, Best AUROC test all: 0.9600354904335435, AUPR test all: 0.8978513184124776, AUROC test unknown: 0.9533031456743919, AUPR test unknown: 0.8570609100442343
pseudo_counter: Counter({0: 16724, -1: 929, 1: 680})
max_probs: 1.0， num of >0.5: 2235
AUROC test all: 0.9392451153508082, AUPR test all: 0.8654993089330861, AUROC test unknown: 0.9289300270797328, AUPR test unknown: 0.8186276368380153
Epoch: 369, Best AUROC test all: 0.9600354904335435, AUPR test all: 0.8978513184124776, AUROC test unknown: 0.9533031456743919, AUPR test unknown: 0.8570609100442343
pseudo_counter: Counter({0: 16723, -1: 929, 1: 681})
max_probs: 1.0， num of >0.5: 2270
AUROC test all: 0.9428009844961633, AUPR test all: 0.8713730333886299, AUROC test unknown: 0.9331259993160751, AUPR test unknown: 0.8265136250579165
Epoch: 370, Best AUROC test all: 0.9600354904335435, AUPR test all: 0.8978513184124776, AUROC test unknown: 0.9533031456743919, AUPR test unknown: 0.8570609100442343
pseudo_counter: Counter({0: 16723, -1: 929, 1: 681})
max_probs: 1.0， num of >0.5: 2252
AUROC test all: 0.9463939263338924, AUPR test all: 0.8773773425057152, AUROC test unknown: 0.9373241679410975, AUPR test unknown: 0.8335075552314715
Epoch: 371, Best AUROC test all: 0.9600354904335435, AUPR test all: 0.8978513184124776, AUROC test unknown: 0.9533031456743919, AUPR test unknown: 0.8570609100442343
pseudo_counter: Counter({0: 16721, -1: 929, 1: 683})
max_probs: 1.0， num of >0.5: 2249
AUROC test all: 0.949967871866472, AUPR test all: 0.8815081854419495, AUROC test unknown: 0.9415549888196206, AUPR test unknown: 0.8392818704928287
Epoch: 372, Best AUROC test all: 0.9600354904335435, AUPR test all: 0.8978513184124776, AUROC test unknown: 0.9533031456743919, AUPR test unknown: 0.8570609100442343
pseudo_counter: Counter({0: 16720, -1: 929, 1: 684})
max_probs: 1.0， num of >0.5: 2214
AUROC test all: 0.9506667703107528, AUPR test all: 0.8844901956203517, AUROC test unknown: 0.9425306638149856, AUPR test unknown: 0.8438007616773046
Epoch: 373, Best AUROC test all: 0.9600354904335435, AUPR test all: 0.8978513184124776, AUROC test unknown: 0.9533031456743919, AUPR test unknown: 0.8570609100442343
pseudo_counter: Counter({0: 16720, -1: 929, 1: 684})
max_probs: 1.0， num of >0.5: 2254
AUROC test all: 0.9505067045918162, AUPR test all: 0.8832188018988025, AUROC test unknown: 0.9424929555182363, AUPR test unknown: 0.8416345276739727
Epoch: 374, Best AUROC test all: 0.9600354904335435, AUPR test all: 0.8978513184124776, AUROC test unknown: 0.9533031456743919, AUPR test unknown: 0.8570609100442343
pseudo_counter: Counter({0: 16714, -1: 929, 1: 690})
max_probs: 0.9999998807907104， num of >0.5: 2157
AUROC test all: 0.9526769657611147, AUPR test all: 0.886707114639713, AUROC test unknown: 0.9446811131776252, AUPR test unknown: 0.8456364000429379
Epoch: 375, Best AUROC test all: 0.9600354904335435, AUPR test all: 0.8978513184124776, AUROC test unknown: 0.9533031456743919, AUPR test unknown: 0.8570609100442343
pseudo_counter: Counter({0: 16711, -1: 929, 1: 693})
max_probs: 1.0， num of >0.5: 2152
AUROC test all: 0.9524814004094555, AUPR test all: 0.8842687776404712, AUROC test unknown: 0.9445483403945781, AUPR test unknown: 0.8424431274868299
Epoch: 376, Best AUROC test all: 0.9600354904335435, AUPR test all: 0.8978513184124776, AUROC test unknown: 0.9533031456743919, AUPR test unknown: 0.8570609100442343
pseudo_counter: Counter({0: 16709, -1: 929, 1: 695})
max_probs: 1.0， num of >0.5: 2178
AUROC test all: 0.952888427294517, AUPR test all: 0.8857730481334052, AUROC test unknown: 0.9451310575339666, AUPR test unknown: 0.8446617792227219
Epoch: 377, Best AUROC test all: 0.9600354904335435, AUPR test all: 0.8978513184124776, AUROC test unknown: 0.9533031456743919, AUPR test unknown: 0.8570609100442343
pseudo_counter: Counter({0: 16708, -1: 929, 1: 696})
max_probs: 1.0， num of >0.5: 2294
AUROC test all: 0.9509041643304583, AUPR test all: 0.8806072715220516, AUROC test unknown: 0.9427246201579552, AUPR test unknown: 0.8377848258887121
Epoch: 378, Best AUROC test all: 0.9600354904335435, AUPR test all: 0.8978513184124776, AUROC test unknown: 0.9533031456743919, AUPR test unknown: 0.8570609100442343
pseudo_counter: Counter({0: 16708, -1: 929, 1: 696})
max_probs: 1.0， num of >0.5: 2369
AUROC test all: 0.9513202064111841, AUPR test all: 0.8805899648809126, AUROC test unknown: 0.9429704852116172, AUPR test unknown: 0.8372941502486982
Epoch: 379, Best AUROC test all: 0.9600354904335435, AUPR test all: 0.8978513184124776, AUROC test unknown: 0.9533031456743919, AUPR test unknown: 0.8570609100442343
pseudo_counter: Counter({0: 16704, -1: 929, 1: 700})
max_probs: 1.0， num of >0.5: 2394
AUROC test all: 0.9514039833366066, AUPR test all: 0.8816869355892083, AUROC test unknown: 0.9434199728930842, AUPR test unknown: 0.8395045821009803
Epoch: 380, Best AUROC test all: 0.9600354904335435, AUPR test all: 0.8978513184124776, AUROC test unknown: 0.9533031456743919, AUPR test unknown: 0.8570609100442343
pseudo_counter: Counter({0: 16702, -1: 929, 1: 702})
max_probs: 1.0， num of >0.5: 2371
AUROC test all: 0.9545635058440086, AUPR test all: 0.8867297586301058, AUROC test unknown: 0.9467501439341345, AUPR test unknown: 0.8453918819010777
Epoch: 381, Best AUROC test all: 0.9600354904335435, AUPR test all: 0.8978513184124776, AUROC test unknown: 0.9533031456743919, AUPR test unknown: 0.8570609100442343
pseudo_counter: Counter({0: 16701, -1: 929, 1: 703})
max_probs: 1.0， num of >0.5: 2295
AUROC test all: 0.9548098322667651, AUPR test all: 0.8877321714732905, AUROC test unknown: 0.9472049377427104, AUPR test unknown: 0.8468993692511229
Epoch: 382, Best AUROC test all: 0.9600354904335435, AUPR test all: 0.8978513184124776, AUROC test unknown: 0.9533031456743919, AUPR test unknown: 0.8570609100442343
pseudo_counter: Counter({0: 16701, -1: 929, 1: 703})
max_probs: 1.0， num of >0.5: 2195
AUROC test all: 0.954843602453789, AUPR test all: 0.8887800354790518, AUROC test unknown: 0.9473459741663373, AUPR test unknown: 0.848941839256926
Epoch: 383, Best AUROC test all: 0.9600354904335435, AUPR test all: 0.8978513184124776, AUROC test unknown: 0.9533031456743919, AUPR test unknown: 0.8570609100442343
pseudo_counter: Counter({0: 16700, -1: 929, 1: 704})
max_probs: 1.0， num of >0.5: 2126
AUROC test all: 0.9531878789774375, AUPR test all: 0.8856741335293435, AUROC test unknown: 0.9453486522382777, AUPR test unknown: 0.8443573471362901
Epoch: 384, Best AUROC test all: 0.9600354904335435, AUPR test all: 0.8978513184124776, AUROC test unknown: 0.9533031456743919, AUPR test unknown: 0.8570609100442343
pseudo_counter: Counter({0: 16700, -1: 929, 1: 704})
max_probs: 1.0， num of >0.5: 2150
AUROC test all: 0.9521675152142925, AUPR test all: 0.8839930111072729, AUROC test unknown: 0.9441797711515221, AUPR test unknown: 0.8427261464047973
Epoch: 385, Best AUROC test all: 0.9600354904335435, AUPR test all: 0.8978513184124776, AUROC test unknown: 0.9533031456743919, AUPR test unknown: 0.8570609100442343
pseudo_counter: Counter({0: 16697, -1: 929, 1: 707})
max_probs: 1.0， num of >0.5: 2311
AUROC test all: 0.9498685115314013, AUPR test all: 0.8787227711210699, AUROC test unknown: 0.9412581610246479, AUPR test unknown: 0.8347995367048505
Epoch: 386, Best AUROC test all: 0.9600354904335435, AUPR test all: 0.8978513184124776, AUROC test unknown: 0.9533031456743919, AUPR test unknown: 0.8570609100442343
pseudo_counter: Counter({0: 16696, -1: 929, 1: 708})
max_probs: 0.9999997615814209， num of >0.5: 2422
AUROC test all: 0.9461163135025095, AUPR test all: 0.8727453999135263, AUROC test unknown: 0.9371055294085028, AUPR test unknown: 0.8283746380230567
Epoch: 387, Best AUROC test all: 0.9600354904335435, AUPR test all: 0.8978513184124776, AUROC test unknown: 0.9533031456743919, AUPR test unknown: 0.8570609100442343
pseudo_counter: Counter({0: 16696, -1: 929, 1: 708})
max_probs: 1.0， num of >0.5: 2509
AUROC test all: 0.9430482584343824, AUPR test all: 0.8671986692004714, AUROC test unknown: 0.9331390906624666, AUPR test unknown: 0.8205456149023598
Epoch: 388, Best AUROC test all: 0.9600354904335435, AUPR test all: 0.8978513184124776, AUROC test unknown: 0.9533031456743919, AUPR test unknown: 0.8570609100442343
pseudo_counter: Counter({0: 16695, -1: 929, 1: 709})
max_probs: 1.0， num of >0.5: 2601
AUROC test all: 0.9412464243940156, AUPR test all: 0.8649667490644515, AUROC test unknown: 0.9311000264762695, AUPR test unknown: 0.8176111489657608
Epoch: 389, Best AUROC test all: 0.9600354904335435, AUPR test all: 0.8978513184124776, AUROC test unknown: 0.9533031456743919, AUPR test unknown: 0.8570609100442343
pseudo_counter: Counter({0: 16694, -1: 929, 1: 710})
max_probs: 1.0， num of >0.5: 2542
AUROC test all: 0.9433761355811834, AUPR test all: 0.8702538699869908, AUROC test unknown: 0.9336633316715441, AUPR test unknown: 0.8249216963104945
Epoch: 390, Best AUROC test all: 0.9600354904335435, AUPR test all: 0.8978513184124776, AUROC test unknown: 0.9533031456743919, AUPR test unknown: 0.8570609100442343
pseudo_counter: Counter({0: 16693, -1: 929, 1: 711})
max_probs: 1.0， num of >0.5: 2335
AUROC test all: 0.9432282495755729, AUPR test all: 0.870004989173203, AUROC test unknown: 0.9333004491179923, AUPR test unknown: 0.8241838538846429
Epoch: 391, Best AUROC test all: 0.9600354904335435, AUPR test all: 0.8978513184124776, AUROC test unknown: 0.9533031456743919, AUPR test unknown: 0.8570609100442343
pseudo_counter: Counter({0: 16691, -1: 929, 1: 713})
max_probs: 1.0， num of >0.5: 2204
AUROC test all: 0.9392406629480519, AUPR test all: 0.8643180807387136, AUROC test unknown: 0.9290900372570585, AUPR test unknown: 0.8178865464790748
Epoch: 392, Best AUROC test all: 0.9600354904335435, AUPR test all: 0.8978513184124776, AUROC test unknown: 0.9533031456743919, AUPR test unknown: 0.8570609100442343
pseudo_counter: Counter({0: 16691, -1: 929, 1: 713})
max_probs: 1.0， num of >0.5: 2077
AUROC test all: 0.9369836627176122, AUPR test all: 0.8618877982172859, AUROC test unknown: 0.926051583601675, AUPR test unknown: 0.8142746416655189
Epoch: 393, Best AUROC test all: 0.9600354904335435, AUPR test all: 0.8978513184124776, AUROC test unknown: 0.9533031456743919, AUPR test unknown: 0.8570609100442343
pseudo_counter: Counter({0: 16689, -1: 929, 1: 715})
max_probs: 0.9999998807907104， num of >0.5: 2089
AUROC test all: 0.9327203306920957, AUPR test all: 0.8566122198064473, AUROC test unknown: 0.9209405762693251, AUPR test unknown: 0.8075186478482774
Epoch: 394, Best AUROC test all: 0.9600354904335435, AUPR test all: 0.8978513184124776, AUROC test unknown: 0.9533031456743919, AUPR test unknown: 0.8570609100442343
pseudo_counter: Counter({0: 16689, -1: 929, 1: 715})
max_probs: 1.0， num of >0.5: 2118
AUROC test all: 0.9272741865970718, AUPR test all: 0.8487169017451363, AUROC test unknown: 0.914734962756533, AUPR test unknown: 0.7981013598725046
Epoch: 395, Best AUROC test all: 0.9600354904335435, AUPR test all: 0.8978513184124776, AUROC test unknown: 0.9533031456743919, AUPR test unknown: 0.8570609100442343
pseudo_counter: Counter({0: 16688, -1: 929, 1: 716})
max_probs: 1.0， num of >0.5: 2164
AUROC test all: 0.9230617444311618, AUPR test all: 0.8421067891161865, AUROC test unknown: 0.9098163025318817, AUPR test unknown: 0.7896345289816898
Epoch: 396, Best AUROC test all: 0.9600354904335435, AUPR test all: 0.8978513184124776, AUROC test unknown: 0.9533031456743919, AUPR test unknown: 0.8570609100442343
pseudo_counter: Counter({0: 16688, -1: 929, 1: 716})
max_probs: 1.0， num of >0.5: 2204
AUROC test all: 0.9131949255487425, AUPR test all: 0.830273166205819, AUROC test unknown: 0.8983692031512742, AUPR test unknown: 0.7755155085740024
Epoch: 397, Best AUROC test all: 0.9600354904335435, AUPR test all: 0.8978513184124776, AUROC test unknown: 0.9533031456743919, AUPR test unknown: 0.8570609100442343
pseudo_counter: Counter({0: 16686, -1: 929, 1: 718})
max_probs: 1.0， num of >0.5: 2373
AUROC test all: 0.9099677154804249, AUPR test all: 0.8255232169518913, AUROC test unknown: 0.8944202811486245, AUPR test unknown: 0.7690166100525133
Epoch: 398, Best AUROC test all: 0.9600354904335435, AUPR test all: 0.8978513184124776, AUROC test unknown: 0.9533031456743919, AUPR test unknown: 0.8570609100442343
pseudo_counter: Counter({0: 16686, -1: 929, 1: 718})
max_probs: 1.0， num of >0.5: 2557
AUROC test all: 0.9179121726759538, AUPR test all: 0.8349638255011227, AUROC test unknown: 0.9035642712800978, AUPR test unknown: 0.7806783630045891
Epoch: 399, Best AUROC test all: 0.9600354904335435, AUPR test all: 0.8978513184124776, AUROC test unknown: 0.9533031456743919, AUPR test unknown: 0.8570609100442343
  rotation 0: ROC 0.9600 PR 0.8979
[cs] params 47648399, peak GPU 28.41 GB, 88.2 min total
[cs] ran 1/8 rotations; no results.csv row written. Merge the shards with:
    python analysis/scripts/merge_rotations.py
