timestamp,dataset,method,seed,train_seed,tag,best_auroc,best_aupr,best_auroc_unseen,best_aupr_unseen,valsel_auroc,valsel_aupr,sim_topk_frac,use_mixup,use_halo,use_fview_gate,use_hybrid,hidden_dim,num_epochs,config_sha8
2026-08-08 02:09:10,yelp,outpost,0,,A_main,0.7701,0.4358,0.5000,0.0000,0.7666,0.4072,1.0,False,False,False,False,32,400,bb3beb04
2026-08-08 02:10:33,yelp,outpost,42,,A_main,0.7513,0.3977,0.5000,0.0000,0.7500,0.3740,1.0,False,False,False,False,32,400,bb3beb04
2026-08-08 02:10:51,yelp,outpost,1,,A_main,0.7526,0.3751,0.5000,0.0000,0.7508,0.3730,1.0,False,False,False,False,32,400,bb3beb04
2026-08-08 03:03:51,yelp,outpost,2,,A_main,0.7286,0.3829,0.5000,0.0000,0.7224,0.3504,1.0,False,False,False,False,32,400,bb3beb04
2026-08-08 03:07:43,yelp,outpost,3,,A_main,0.7163,0.3438,0.5000,0.0000,0.7106,0.3182,1.0,False,False,False,False,32,400,bb3beb04
2026-08-08 03:09:59,yelp,demo,42,,B_demo,0.7309,0.3535,0.0000,0.0000,0.7294,0.3408,0.0,,,False,False,64,400,86172e68
2026-08-08 03:55:04,yelp,demo,0,,B_demo,0.7562,0.3988,0.0000,0.0000,0.7542,0.3925,0.0,,,False,False,64,400,86172e68
2026-08-08 03:58:44,yelp,demo,1,,B_demo,0.7367,0.3427,0.0000,0.0000,0.7364,0.3389,0.0,,,False,False,64,400,86172e68
2026-08-08 04:00:17,yelp,demo,2,,B_demo,0.7176,0.3569,0.0000,0.0000,0.7174,0.3550,0.0,,,False,False,64,400,86172e68
2026-08-08 04:20:04,photo,outpost,0,,A_main,0.8153,0.5126,0.7742,0.1242,0.7030,0.4394,0.0,True,True,False,False,64,200,067c5ecd
2026-08-08 04:32:50,photo,outpost,1,,A_main,0.8221,0.5215,0.7991,0.1357,0.7889,0.5044,0.0,True,True,False,False,64,200,067c5ecd
2026-08-08 04:46:22,photo,outpost,2,,A_main,0.8432,0.5242,0.7699,0.1181,0.7769,0.4881,0.0,True,True,False,False,64,200,067c5ecd
2026-08-08 04:59:22,photo,outpost,3,,A_main,0.8191,0.5084,0.7579,0.1184,0.7391,0.4732,0.0,True,True,False,False,64,200,067c5ecd
2026-08-08 05:08:54,yelp,demo,3,,B_demo,0.7231,0.3231,0.0000,0.0000,0.7142,0.3065,0.0,,,False,False,64,400,86172e68
2026-08-08 05:11:51,photo,outpost,42,,A_main,0.8555,0.5360,0.7958,0.1280,0.8049,0.5017,0.0,True,True,False,False,64,200,067c5ecd
2026-08-08 06:49:28,yelp,outpost,5,,A_main,0.7376,0.3635,0.5000,0.0000,0.7369,0.3615,1.0,False,False,False,False,32,400,bb3beb04
2026-08-08 06:50:27,yelp,outpost,6,,A_main,0.7374,0.3277,0.5000,0.0000,0.7374,0.3277,1.0,False,False,False,False,32,400,bb3beb04
2026-08-08 06:50:37,yelp,outpost,4,,A_main,0.7458,0.3929,0.5000,0.0000,0.7423,0.3897,1.0,False,False,False,False,32,400,bb3beb04
2026-08-08 07:39:17,yelp,outpost,7,,A_main,0.7613,0.4300,0.5000,0.0000,0.7608,0.4296,1.0,False,False,False,False,32,400,bb3beb04
2026-08-08 07:40:35,yelp,outpost,8,,A_main,0.7473,0.3750,0.5000,0.0000,0.7471,0.3744,1.0,False,False,False,False,32,400,bb3beb04
2026-08-08 07:41:11,yelp,demo,4,,B_demo,0.7240,0.3349,0.0000,0.0000,0.7211,0.3309,0.0,,,False,False,64,400,86172e68
2026-08-08 08:26:09,yelp,demo,6,,B_demo,0.7351,0.3394,0.0000,0.0000,0.7256,0.3311,0.0,,,False,False,64,400,86172e68
2026-08-08 08:26:44,yelp,demo,7,,B_demo,0.7331,0.3760,0.0000,0.0000,0.7308,0.3672,0.0,,,False,False,64,400,86172e68
2026-08-08 09:11:31,yelp,demo,8,,B_demo,0.7359,0.3493,0.0000,0.0000,0.7287,0.3368,0.0,,,False,False,64,400,86172e68
2026-08-08 09:12:04,yelp,demo,5,,B_demo,0.7215,0.3412,0.0000,0.0000,0.7128,0.3339,0.0,,,False,False,64,400,86172e68
2026-08-08 22:54:52,cs,outpost,42,,A_main,0.9842,0.9589,0.9839,0.9528,0.8957,0.7873,0.0,True,True,False,False,64,200,5999b680
2026-08-08 23:07:04,photo,demo,1,,B_demo,0.8313,0.5279,0.8008,0.1357,0.7493,0.4704,0.0,,,False,False,64,200,ab9d62d1
2026-08-08 23:18:49,photo,demo,2,,B_demo,0.8275,0.5192,0.7728,0.1216,0.7641,0.4746,0.0,,,False,False,64,200,ab9d62d1
2026-08-08 23:30:41,photo,demo,3,,B_demo,0.8038,0.4923,0.7425,0.1159,0.7197,0.4480,0.0,,,False,False,64,200,ab9d62d1
2026-08-09 00:12:35,yelp,outpost,42,,C_nosim,0.7310,0.3525,0.5000,0.0000,0.7232,0.3458,0.0,False,False,False,False,32,400,7e0074c6
2026-08-09 00:54:53,yelp,outpost,0,,C_nosim,0.7484,0.3826,0.5000,0.0000,0.7478,0.3733,0.0,False,False,False,False,32,400,7e0074c6
2026-08-09 01:37:30,yelp,outpost,1,,C_nosim,0.7278,0.3406,0.5000,0.0000,0.7261,0.3379,0.0,False,False,False,False,32,400,7e0074c6
2026-08-09 02:18:45,yelp,outpost,2,,C_nosim,0.7016,0.3149,0.5000,0.0000,0.7002,0.3127,0.0,False,False,False,False,32,400,7e0074c6
2026-08-09 03:00:12,yelp,outpost,3,,C_nosim,0.7027,0.2963,0.5000,0.0000,0.7017,0.2933,0.0,False,False,False,False,32,400,7e0074c6
2026-08-09 03:45:32,yelp,outpost,42,,C_simplacebo,0.7302,0.3477,0.5000,0.0000,0.7247,0.3468,1.0,False,False,False,False,32,400,35ce802f
2026-08-09 04:31:24,yelp,outpost,0,,C_simplacebo,0.7489,0.3721,0.5000,0.0000,0.7452,0.3549,1.0,False,False,False,False,32,400,35ce802f
2026-08-09 05:17:26,yelp,outpost,1,,C_simplacebo,0.7246,0.3305,0.5000,0.0000,0.7229,0.3294,1.0,False,False,False,False,32,400,35ce802f
2026-08-09 06:02:46,yelp,outpost,2,,C_simplacebo,0.6990,0.3176,0.5000,0.0000,0.6975,0.3128,1.0,False,False,False,False,32,400,35ce802f
2026-08-09 06:48:37,yelp,outpost,3,,C_simplacebo,0.7028,0.3002,0.5000,0.0000,0.7002,0.2955,1.0,False,False,False,False,32,400,35ce802f
2026-08-09 07:30:41,yelp,outpost,42,,C_nogate,0.7510,0.3968,0.5000,0.0000,0.7492,0.3688,1.0,False,False,False,False,32,400,ad6dea6e
2026-08-09 08:12:40,yelp,outpost,0,,C_nogate,0.7701,0.4363,0.5000,0.0000,0.7661,0.4075,1.0,False,False,False,False,32,400,ad6dea6e
2026-08-09 08:54:14,yelp,outpost,1,,C_nogate,0.7536,0.3780,0.5000,0.0000,0.7522,0.3758,1.0,False,False,False,False,32,400,ad6dea6e
2026-08-09 09:36:19,yelp,outpost,2,,C_nogate,0.7287,0.3832,0.5000,0.0000,0.7218,0.3502,1.0,False,False,False,False,32,400,ad6dea6e
2026-08-09 10:17:57,yelp,outpost,3,,C_nogate,0.7163,0.3423,0.5000,0.0000,0.7094,0.3147,1.0,False,False,False,False,32,400,ad6dea6e
2026-08-09 10:28:42,yelp,outpost,42,,C_nopl,0.7590,0.3966,0.5000,0.0000,0.7587,0.3887,1.0,False,False,False,False,32,400,5c6e662e
2026-08-09 10:39:12,yelp,outpost,0,,C_nopl,0.7725,0.4302,0.5000,0.0000,0.7699,0.4298,1.0,False,False,False,False,32,400,5c6e662e
2026-08-09 10:49:46,yelp,outpost,1,,C_nopl,0.7561,0.3833,0.5000,0.0000,0.7535,0.3717,1.0,False,False,False,False,32,400,5c6e662e
2026-08-09 11:00:34,yelp,outpost,2,,C_nopl,0.7381,0.3903,0.5000,0.0000,0.7355,0.3760,1.0,False,False,False,False,32,400,5c6e662e
2026-08-09 11:11:23,yelp,outpost,3,,C_nopl,0.7384,0.3647,0.5000,0.0000,0.7352,0.3582,1.0,False,False,False,False,32,400,5c6e662e
2026-08-09 11:54:19,yelp,outpost,42,,C_noconformal,0.7513,0.3937,0.5000,0.0000,0.7500,0.3740,1.0,False,False,False,False,32,400,8293bb2f
2026-08-09 12:36:51,yelp,outpost,0,,C_noconformal,0.7693,0.4324,0.5000,0.0000,0.7666,0.4072,1.0,False,False,False,False,32,400,8293bb2f
2026-08-09 13:19:12,yelp,outpost,1,,C_noconformal,0.7526,0.3742,0.5000,0.0000,0.7505,0.3720,1.0,False,False,False,False,32,400,8293bb2f
2026-08-09 14:01:02,yelp,outpost,2,,C_noconformal,0.7286,0.3829,0.5000,0.0000,0.7224,0.3504,1.0,False,False,False,False,32,400,8293bb2f
2026-08-09 14:42:56,yelp,outpost,3,,C_noconformal,0.7163,0.3382,0.5000,0.0000,0.7066,0.3173,1.0,False,False,False,False,32,400,8293bb2f
2026-08-09 15:25:04,yelp,outpost,42,,C_synth,0.7341,0.2954,0.5000,0.0000,0.7190,0.2865,1.0,True,True,False,False,32,400,7dfb0234
2026-08-09 16:08:18,yelp,outpost,0,,C_synth,0.7679,0.4139,0.5000,0.0000,0.7649,0.3982,1.0,True,True,False,False,32,400,7dfb0234
2026-08-09 16:50:13,yelp,outpost,1,,C_synth,0.7552,0.3938,0.5000,0.0000,0.7508,0.3661,1.0,True,True,False,False,32,400,7dfb0234
2026-08-09 17:32:19,yelp,outpost,2,,C_synth,0.7233,0.3385,0.5000,0.0000,0.7130,0.2840,1.0,True,True,False,False,32,400,7dfb0234
2026-08-09 18:14:42,yelp,outpost,3,,C_synth,0.7302,0.3347,0.5000,0.0000,0.7275,0.3207,1.0,True,True,False,False,32,400,7dfb0234
2026-08-09 18:38:15,cs,outpost,0,,A_main,0.9860,0.9618,0.9856,0.9561,0.9242,0.8419,0.0,True,True,False,False,64,200,5999b680
2026-08-09 18:38:15,cs,outpost,1,,A_main,0.9812,0.9513,0.9806,0.9440,0.9327,0.8533,0.0,True,True,False,False,64,200,5999b680
2026-08-09 18:58:00,yelp,outpost,42,,C_hopmix,0.7600,0.3816,0.5000,0.0000,0.7590,0.3810,1.0,False,False,False,True,32,400,ae0df167
2026-08-09 19:41:22,yelp,outpost,0,,C_hopmix,0.7762,0.4340,0.5000,0.0000,0.7664,0.3810,1.0,False,False,False,True,32,400,ae0df167
2026-08-09 20:25:02,yelp,outpost,1,,C_hopmix,0.7518,0.3707,0.5000,0.0000,0.7513,0.3646,1.0,False,False,False,True,32,400,ae0df167
2026-08-09 21:08:45,yelp,outpost,2,,C_hopmix,0.7054,0.3450,0.5000,0.0000,0.7047,0.3420,1.0,False,False,False,True,32,400,ae0df167
2026-08-09 21:52:31,yelp,outpost,3,,C_hopmix,0.7194,0.3460,0.5000,0.0000,0.7118,0.3143,1.0,False,False,False,True,32,400,ae0df167
2026-08-09 22:35:26,yelp,outpost,42,,C_fview,0.7515,0.3947,0.5000,0.0000,0.7505,0.3847,1.0,False,False,True,False,32,400,68b4690e
2026-08-09 23:18:12,yelp,outpost,0,,C_fview,0.7723,0.4370,0.5000,0.0000,0.7656,0.4032,1.0,False,False,True,False,32,400,68b4690e
2026-08-10 00:06:56,yelp,outpost,1,,C_fview,0.7554,0.3821,0.5000,0.0000,0.7532,0.3683,1.0,False,False,True,False,32,400,68b4690e
2026-08-10 00:48:08,yelp,outpost,2,,C_fview,0.7330,0.3826,0.5000,0.0000,0.7294,0.3645,1.0,False,False,True,False,32,400,68b4690e
2026-08-10 01:28:20,yelp,outpost,3,,C_fview,0.7239,0.3565,0.5000,0.0000,0.7119,0.3266,1.0,False,False,True,False,32,400,68b4690e
2026-08-10 02:08:57,yelp,outpost,42,,D_sim0.25,0.7376,0.3700,0.5000,0.0000,0.7355,0.3486,0.25,False,False,False,False,32,400,4073c523
2026-08-10 02:49:37,yelp,outpost,0,,D_sim0.25,0.7546,0.4113,0.5000,0.0000,0.7504,0.3818,0.25,False,False,False,False,32,400,4073c523
2026-08-10 03:37:29,photo,demo,42,,B_demo,0.8656,0.5424,0.8126,0.1423,0.8435,0.5184,0.0,,,False,False,64,200,ab9d62d1
2026-08-10 03:53:52,photo,demo,0,,B_demo,0.8217,0.5002,0.7625,0.1241,0.7191,0.4550,0.0,,,False,False,64,200,ab9d62d1
2026-08-10 04:32:38,yelp,outpost,4,,C_nosim,0.7132,0.3291,0.5000,0.0000,0.7108,0.3270,0.0,False,False,False,False,32,400,7e0074c6
2026-08-10 04:33:16,yelp,outpost,5,,C_nosim,0.7114,0.3205,0.5000,0.0000,0.7091,0.3164,0.0,False,False,False,False,32,400,7e0074c6
2026-08-10 04:43:12,yelp,outpost,6,,C_nosim,0.7092,0.2917,0.5000,0.0000,0.7057,0.2873,0.0,False,False,False,False,32,400,7e0074c6
2026-08-10 05:22:10,yelp,outpost,8,,C_nosim,0.7118,0.3205,0.5000,0.0000,0.7105,0.3195,0.0,False,False,False,False,32,400,7e0074c6
2026-08-10 05:22:36,yelp,outpost,7,,C_nosim,0.7278,0.3717,0.5000,0.0000,0.7245,0.3681,0.0,False,False,False,False,32,400,7e0074c6
2026-08-10 05:36:41,yelp,outpost,4,,C_simplacebo,0.7086,0.3236,0.5000,0.0000,0.7077,0.3210,1.0,False,False,False,False,32,400,35ce802f
2026-08-10 06:15:50,yelp,outpost,6,,C_simplacebo,0.7006,0.2835,0.5000,0.0000,0.7006,0.2835,1.0,False,False,False,False,32,400,35ce802f
2026-08-10 06:16:14,yelp,outpost,5,,C_simplacebo,0.7081,0.3133,0.5000,0.0000,0.7079,0.3132,1.0,False,False,False,False,32,400,35ce802f
2026-08-10 06:30:47,yelp,outpost,7,,C_simplacebo,0.7241,0.3620,0.5000,0.0000,0.7219,0.3602,1.0,False,False,False,False,32,400,35ce802f
2026-08-10 07:04:50,yelp,outpost,4,,C_nogate,0.7462,0.3932,0.5000,0.0000,0.7426,0.3835,1.0,False,False,False,False,32,400,ad6dea6e
2026-08-10 07:09:05,yelp,outpost,8,,C_simplacebo,0.7100,0.3183,0.5000,0.0000,0.7084,0.3176,1.0,False,False,False,False,32,400,35ce802f
2026-08-10 07:20:29,yelp,outpost,5,,C_nogate,0.7370,0.3628,0.5000,0.0000,0.7365,0.3611,1.0,False,False,False,False,32,400,ad6dea6e
2026-08-10 07:55:35,yelp,outpost,6,,C_nogate,0.7374,0.3354,0.5000,0.0000,0.7343,0.3354,1.0,False,False,False,False,32,400,ad6dea6e
2026-08-10 07:58:26,yelp,outpost,7,,C_nogate,0.7663,0.4333,0.5000,0.0000,0.7658,0.4311,1.0,False,False,False,False,32,400,ad6dea6e
2026-08-10 08:06:58,yelp,outpost,4,,C_nopl,0.7473,0.3936,0.5000,0.0000,0.7465,0.3874,1.0,False,False,False,False,32,400,5c6e662e
2026-08-10 08:09:38,yelp,outpost,8,,C_nogate,0.7469,0.3741,0.5000,0.0000,0.7402,0.3655,1.0,False,False,False,False,32,400,ad6dea6e
2026-08-10 08:09:47,yelp,outpost,5,,C_nopl,0.7393,0.3676,0.5000,0.0000,0.7393,0.3676,1.0,False,False,False,False,32,400,5c6e662e
2026-08-10 08:18:19,yelp,outpost,6,,C_nopl,0.7499,0.3377,0.5000,0.0000,0.7498,0.3375,1.0,False,False,False,False,32,400,5c6e662e
2026-08-10 08:20:51,yelp,outpost,7,,C_nopl,0.7571,0.4214,0.5000,0.0000,0.7557,0.4214,1.0,False,False,False,False,32,400,5c6e662e
2026-08-10 08:21:05,yelp,outpost,8,,C_nopl,0.7491,0.3772,0.5000,0.0000,0.7474,0.3749,1.0,False,False,False,False,32,400,5c6e662e
2026-08-10 09:08:42,yelp,outpost,1,,D_sim0.25,0.7345,0.3498,0.5000,0.0000,0.7306,0.3429,0.25,False,False,False,False,32,400,4073c523
2026-08-10 09:10:27,yelp,outpost,2,,D_sim0.25,0.7064,0.3238,0.5000,0.0000,0.7052,0.3199,0.25,False,False,False,False,32,400,4073c523
2026-08-10 09:12:54,yelp,outpost,3,,D_sim0.25,0.7075,0.3077,0.5000,0.0000,0.6985,0.2960,0.25,False,False,False,False,32,400,4073c523
2026-08-10 09:59:10,yelp,outpost,42,,D_sim0.5,0.7484,0.3941,0.5000,0.0000,0.7479,0.3683,0.5,False,False,False,False,32,400,265c258f
2026-08-10 10:02:26,yelp,outpost,0,,D_sim0.5,0.7626,0.4107,0.5000,0.0000,0.7576,0.3879,0.5,False,False,False,False,32,400,265c258f
2026-08-10 10:02:57,yelp,outpost,1,,D_sim0.5,0.7413,0.3580,0.5000,0.0000,0.7391,0.3495,0.5,False,False,False,False,32,400,265c258f
2026-08-10 10:50:37,yelp,outpost,2,,D_sim0.5,0.7157,0.3427,0.5000,0.0000,0.7141,0.3359,0.5,False,False,False,False,32,400,265c258f
2026-08-10 10:53:00,yelp,outpost,42,,D_sim0.75,0.7478,0.3786,0.5000,0.0000,0.7456,0.3606,0.75,False,False,False,False,32,400,739bbbae
2026-08-10 10:53:19,yelp,outpost,3,,D_sim0.5,0.7049,0.3105,0.5000,0.0000,0.6931,0.3071,0.5,False,False,False,False,32,400,265c258f
2026-08-10 11:42:21,yelp,outpost,0,,D_sim0.75,0.7633,0.4294,0.5000,0.0000,0.7601,0.3968,0.75,False,False,False,False,32,400,739bbbae
2026-08-10 11:43:11,yelp,outpost,2,,D_sim0.75,0.7241,0.3573,0.5000,0.0000,0.7241,0.3569,0.75,False,False,False,False,32,400,739bbbae
2026-08-10 11:43:53,yelp,outpost,1,,D_sim0.75,0.7446,0.3607,0.5000,0.0000,0.7445,0.3591,0.75,False,False,False,False,32,400,739bbbae
2026-08-10 12:16:11,cs,outpost,2,,A_main,0.9821,0.9522,0.9815,0.9445,0.9077,0.7925,0.0,True,True,False,False,64,200,5999b680
2026-08-10 12:41:13,computers,outpost,42,,A_main,0.8357,0.6300,0.8029,0.5325,0.7624,0.5193,0.0,True,True,False,False,64,200,44de9a97
2026-08-10 12:49:31,yelp,outpost,3,,D_sim0.75,0.7124,0.3222,0.5000,0.0000,0.6976,0.3109,0.75,False,False,False,False,32,400,739bbbae
2026-08-10 13:38:29,computers,outpost,1,,A_main,0.8198,0.6022,0.7863,0.4962,0.7437,0.5008,0.0,True,True,False,False,64,200,44de9a97
2026-08-10 14:56:33,photo,demo,0,,E_demo_energy,0.8180,0.4985,0.7587,0.1252,0.7454,0.4734,0.0,,,False,False,64,200,63aea19c
2026-08-10 15:42:23,photo,outpost,42,,C_nosynth,0.8635,0.5374,0.8013,0.1333,0.8176,0.5040,0.0,False,False,False,False,64,200,3b5412fb
2026-08-10 15:53:26,photo,outpost,0,,C_nosynth,0.8453,0.5233,0.7821,0.1287,0.7444,0.4770,0.0,False,False,False,False,64,200,3b5412fb
2026-08-10 16:04:34,photo,outpost,1,,C_nosynth,0.8505,0.5412,0.7910,0.1349,0.7963,0.5037,0.0,False,False,False,False,64,200,3b5412fb
2026-08-10 16:15:39,photo,outpost,2,,C_nosynth,0.8406,0.5159,0.7672,0.1237,0.7839,0.4895,0.0,False,False,False,False,64,200,3b5412fb
2026-08-10 16:26:49,photo,outpost,3,,C_nosynth,0.8448,0.5234,0.7607,0.1228,0.7663,0.4867,0.0,False,False,False,False,64,200,3b5412fb
2026-08-10 16:37:37,photo,outpost,42,,C_nogate,0.8517,0.5337,0.7915,0.1260,0.8034,0.5023,0.0,True,True,False,False,64,200,837bf524
2026-08-10 16:48:35,photo,outpost,0,,C_nogate,0.8189,0.5141,0.7719,0.1230,0.6999,0.4376,0.0,True,True,False,False,64,200,837bf524
2026-08-10 16:59:35,photo,outpost,1,,C_nogate,0.8258,0.5241,0.8045,0.1391,0.8070,0.5154,0.0,True,True,False,False,64,200,837bf524
2026-08-10 17:51:17,computers,demo,3,,B_demo,0.7836,0.5232,0.7424,0.3830,0.7349,0.4369,0.0,,,False,False,64,200,79660d7a
2026-08-10 18:07:48,photo,outpost,2,,C_nogate,0.8390,0.5235,0.7683,0.1184,0.7818,0.4911,0.0,True,True,False,False,64,200,837bf524
2026-08-10 18:07:58,photo,outpost,3,,C_nogate,0.8195,0.5079,0.7569,0.1183,0.7400,0.4739,0.0,True,True,False,False,64,200,837bf524
2026-08-10 19:09:04,computers,demo,2,,B_demo,0.7595,0.4927,0.7151,0.3500,0.7057,0.4293,0.0,,,False,False,64,200,79660d7a
2026-08-10 20:38:40,photo,outpost,42,,simfix_probe,0.6116,0.1187,0.5905,0.0825,0.6116,0.1187,1.0,True,True,False,False,64,6,387c43e6
2026-08-10 20:39:14,photo,outpost,42,,_inv_hostfeat,0.6386,0.1351,0.6221,0.0998,0.6292,0.1307,0.0,True,True,False,False,64,5,f603ef9f
2026-08-10 20:39:41,photo,outpost,42,,_inv_devfeat,0.6386,0.1351,0.6221,0.0998,0.6292,0.1307,0.0,True,True,False,False,64,5,64b54425
2026-08-10 20:40:02,photo,outpost,42,,_inv_full,0.6386,0.1351,0.6221,0.0998,0.6292,0.1307,0.0,True,True,False,False,64,5,a18104ed
2026-08-10 20:41:31,photo,outpost,42,,_inv_hostfeat,0.6386,0.1351,0.6221,0.0998,0.6292,0.1307,0.0,True,True,False,False,64,5,f603ef9f
2026-08-10 20:41:58,photo,outpost,42,,_inv_devfeat,0.6386,0.1351,0.6221,0.0998,0.6292,0.1307,0.0,True,True,False,False,64,5,64b54425
2026-08-10 20:42:21,photo,outpost,42,,_inv_simhost,0.6103,0.1179,0.5905,0.0825,0.6103,0.1179,1.0,True,True,False,False,64,5,bb396edb
2026-08-10 20:42:46,photo,outpost,42,,_inv_simdev,0.6103,0.1179,0.5905,0.0825,0.6103,0.1179,1.0,True,True,False,False,64,5,056a0426
2026-08-10 20:43:13,photo,outpost,42,,_inv_full,0.6386,0.1351,0.6221,0.0998,0.6292,0.1307,0.0,True,True,False,False,64,5,a18104ed
2026-08-10 20:55:28,photo,demo,0,,E_demo_noenergy,0.8217,0.5002,0.7625,0.1241,0.7191,0.4550,0.0,,,False,False,64,200,ab9d62d1
2026-08-10 21:45:14,photo,demo,1,,E_demo_energy,0.8270,0.5177,0.7860,0.1290,0.8069,0.5095,0.0,,,False,False,64,200,63aea19c
2026-08-10 21:56:48,photo,demo,1,,E_demo_noenergy,0.8313,0.5279,0.8008,0.1357,0.7493,0.4704,0.0,,,False,False,64,200,ab9d62d1
2026-08-10 22:12:55,photo,demo,42,,E_demo_noenergy,0.8656,0.5424,0.8126,0.1423,0.8435,0.5184,0.0,,,False,False,64,200,ab9d62d1
2026-08-10 22:13:05,photo,outpost,42,,T_lambda_un0.5,0.8580,0.5437,0.8029,0.1323,0.8290,0.5205,0.0,True,True,False,False,64,200,5ee50755
2026-08-10 22:29:24,photo,outpost,1,,T_lambda_un0.5,0.8249,0.5279,0.7969,0.1383,0.8069,0.5200,0.0,True,True,False,False,64,200,5ee50755
2026-08-10 22:29:25,photo,outpost,0,,T_lambda_un0.5,0.8113,0.5097,0.7618,0.1203,0.7131,0.4456,0.0,True,True,False,False,64,200,5ee50755
2026-08-10 22:45:31,photo,outpost,42,,T_lambda_un1.5,0.8480,0.5290,0.7905,0.1256,0.8190,0.5082,0.0,True,True,False,False,64,200,103f590c
2026-08-10 22:45:46,photo,outpost,0,,T_lambda_un1.5,0.8243,0.5124,0.7778,0.1241,0.7063,0.4513,0.0,True,True,False,False,64,200,103f590c
2026-08-10 23:01:48,photo,outpost,42,,T_Kp4,0.8608,0.5441,0.7960,0.1297,0.8216,0.5144,0.0,True,True,False,False,64,200,8a42c252
2026-08-10 23:02:03,photo,outpost,1,,T_lambda_un1.5,0.8273,0.5251,0.8047,0.1383,0.7956,0.5049,0.0,True,True,False,False,64,200,103f590c
2026-08-10 23:18:20,photo,outpost,0,,T_Kp4,0.8194,0.5110,0.7773,0.1236,0.7260,0.4621,0.0,True,True,False,False,64,200,8a42c252
2026-08-10 23:18:27,photo,outpost,1,,T_Kp4,0.8314,0.5281,0.8052,0.1372,0.8161,0.5214,0.0,True,True,False,False,64,200,8a42c252
2026-08-10 23:34:50,photo,outpost,42,,T_Kp12,0.8581,0.5441,0.8072,0.1361,0.7910,0.4927,0.0,True,True,False,False,64,200,6c6c85e4
2026-08-10 23:35:06,photo,outpost,0,,T_Kp12,0.8291,0.5177,0.7706,0.1230,0.6927,0.4444,0.0,True,True,False,False,64,200,6c6c85e4
2026-08-10 23:51:17,photo,outpost,42,,T_hidden32,0.8327,0.5202,0.8285,0.1942,0.8005,0.5008,0.0,True,True,False,False,32,200,c5d4a467
2026-08-10 23:51:39,photo,outpost,1,,T_Kp12,0.8366,0.5330,0.8062,0.1380,0.7704,0.4924,0.0,True,True,False,False,64,200,6c6c85e4
2026-08-11 00:07:42,photo,outpost,1,,T_hidden32,0.8543,0.5433,0.8098,0.1430,0.8090,0.5122,0.0,True,True,False,False,32,200,c5d4a467
2026-08-11 00:07:52,photo,outpost,0,,T_hidden32,0.8064,0.5039,0.7620,0.1197,0.7173,0.4602,0.0,True,True,False,False,32,200,c5d4a467
2026-08-11 00:24:01,photo,outpost,42,,T_hidden128,0.8490,0.5365,0.7956,0.1299,0.7892,0.4970,0.0,True,True,False,False,128,200,546656d9
2026-08-11 00:24:30,photo,outpost,0,,T_hidden128,0.8385,0.5274,0.7732,0.1261,0.7614,0.4851,0.0,True,True,False,False,128,200,546656d9
2026-08-11 00:39:49,photo,outpost,42,,T_warmup15,0.8518,0.5296,0.7898,0.1299,0.8202,0.5145,0.0,True,True,False,False,64,200,ceebf5f0
2026-08-11 00:40:07,photo,outpost,1,,T_hidden128,0.8494,0.5415,0.8107,0.1482,0.7923,0.5082,0.0,True,True,False,False,128,200,546656d9
2026-08-11 00:55:29,photo,outpost,0,,T_warmup15,0.8157,0.5121,0.7750,0.1580,0.6857,0.4173,0.0,True,True,False,False,64,200,ceebf5f0
2026-08-11 00:55:42,photo,outpost,1,,T_warmup15,0.8390,0.5348,0.7972,0.1375,0.7851,0.4964,0.0,True,True,False,False,64,200,ceebf5f0
2026-08-11 01:11:33,photo,outpost,42,,T_drop0.3,0.8523,0.5239,0.7881,0.1253,0.7915,0.4880,0.0,True,True,False,False,64,200,c07a114e
2026-08-11 01:11:53,photo,outpost,0,,T_drop0.3,0.8138,0.5118,0.7585,0.1197,0.7187,0.4661,0.0,True,True,False,False,64,200,c07a114e
2026-08-11 01:27:41,photo,outpost,1,,T_drop0.3,0.8399,0.5360,0.7990,0.1371,0.7978,0.5109,0.0,True,True,False,False,64,200,c07a114e
2026-08-11 01:27:52,photo,outpost,42,,T_lean,0.8635,0.5374,0.8013,0.1333,0.8176,0.5040,0.0,False,False,False,False,64,200,3b5412fb
2026-08-11 01:39:22,cs,outpost,3,,A_main,0.9823,0.9526,0.9817,0.9452,0.9386,0.8715,0.0,True,True,False,False,64,200,5999b680
2026-08-11 01:43:53,photo,outpost,0,,T_lean,0.8453,0.5233,0.7821,0.1287,0.7444,0.4770,0.0,False,False,False,False,64,200,3b5412fb
2026-08-11 01:43:59,photo,outpost,1,,T_lean,0.8505,0.5412,0.7910,0.1349,0.7963,0.5037,0.0,False,False,False,False,64,200,3b5412fb
2026-08-11 01:59:36,photo,outpost,0,,T_alpha0.01,0.8152,0.5137,0.7803,0.1252,0.7051,0.4405,0.0,True,True,False,False,64,200,bb427675
2026-08-11 01:59:37,photo,outpost,42,,T_alpha0.01,0.8563,0.5354,0.7997,0.1293,0.8313,0.5215,0.0,True,True,False,False,64,200,bb427675
2026-08-11 02:15:15,photo,outpost,1,,T_alpha0.01,0.8127,0.5225,0.7954,0.1354,0.7956,0.5105,0.0,True,True,False,False,64,200,bb427675
2026-08-11 02:15:16,photo,outpost,42,,T_gateq0.8,0.8547,0.5355,0.7930,0.1269,0.8055,0.5008,0.0,True,True,False,False,64,200,a982316e
2026-08-11 02:31:02,photo,outpost,0,,T_gateq0.8,0.8197,0.5115,0.7738,0.1232,0.7131,0.4530,0.0,True,True,False,False,64,200,a982316e
2026-08-11 02:31:02,photo,outpost,1,,T_gateq0.8,0.8309,0.5281,0.8099,0.1409,0.8010,0.5145,0.0,True,True,False,False,64,200,a982316e
2026-08-11 02:46:52,photo,outpost,0,,T_lr0.003,0.8146,0.5110,0.7783,0.1431,0.7765,0.4896,0.0,True,True,False,False,64,200,82d9ffb8
2026-08-11 02:46:53,photo,outpost,42,,T_lr0.003,0.8892,0.5684,0.8181,0.1406,0.7881,0.4608,0.0,True,True,False,False,64,200,82d9ffb8
2026-08-11 03:02:34,photo,outpost,1,,T_lr0.003,0.8559,0.5503,0.8276,0.1518,0.8087,0.5213,0.0,True,True,False,False,64,200,82d9ffb8
2026-08-11 03:41:42,computers,outpost,0,,A_main,0.7957,0.5688,0.7554,0.4360,0.7567,0.5028,0.0,True,True,False,False,64,200,44de9a97
2026-08-11 04:30:53,computers,outpost,3,,A_main,0.8399,0.6158,0.8087,0.5114,0.7615,0.4766,0.0,True,True,False,False,64,200,44de9a97
2026-08-11 05:20:57,computers,demo,42,,B_demo,0.7722,0.5337,0.7294,0.3996,0.7429,0.4837,0.0,,,False,False,64,200,79660d7a
2026-08-11 06:10:59,computers,demo,0,,B_demo,0.7605,0.4852,0.7130,0.3305,0.7438,0.4597,0.0,,,False,False,64,200,79660d7a
2026-08-11 07:01:08,computers,demo,1,,B_demo,0.7624,0.5090,0.7174,0.3664,0.7424,0.4691,0.0,,,False,False,64,200,79660d7a
2026-08-11 07:54:43,computers,outpost,42,,C_sim,0.8389,0.6064,0.8146,0.5122,0.7863,0.5186,1.0,True,True,False,False,64,200,c05f091c
2026-08-11 08:48:51,computers,outpost,0,,C_sim,0.8117,0.5628,0.7757,0.4323,0.7619,0.4914,1.0,True,True,False,False,64,200,c05f091c
2026-08-11 09:42:49,computers,outpost,1,,C_sim,0.8271,0.5814,0.7968,0.4707,0.7662,0.4984,1.0,True,True,False,False,64,200,c05f091c
2026-08-11 10:36:05,computers,outpost,2,,C_sim,0.8186,0.5636,0.7887,0.4563,0.7498,0.4804,1.0,True,True,False,False,64,200,c05f091c
2026-08-11 11:29:39,computers,outpost,3,,C_sim,0.8373,0.5945,0.8187,0.4905,0.7544,0.4742,1.0,True,True,False,False,64,200,c05f091c
2026-08-11 11:41:50,photo,outpost,42,,C_sim,0.8057,0.4981,0.7033,0.0930,0.7814,0.4838,1.0,True,True,False,False,64,200,ad27cfe9
2026-08-11 11:52:22,ogbn-arxiv,outpost,0,,A_main,0.6329,0.3103,0.5655,0.1783,0.6109,0.2956,0.0,True,True,False,False,64,400,ab8f62fc
2026-08-11 11:52:22,ogbn-arxiv,outpost,1,,A_main,0.6295,0.3057,0.5537,0.1665,0.5950,0.2966,0.0,True,True,False,False,64,400,ab8f62fc
2026-08-11 11:52:22,ogbn-arxiv,outpost,2,,A_main,0.6237,0.3128,0.5569,0.1702,0.6161,0.3085,0.0,True,True,False,False,64,400,ab8f62fc
2026-08-11 11:52:22,ogbn-arxiv,outpost,3,,A_main,0.6116,0.2964,0.5436,0.1573,0.6028,0.2913,0.0,True,True,False,False,64,400,ab8f62fc
2026-08-11 11:52:22,ogbn-arxiv,outpost,42,,A_main,0.6206,0.3012,0.5612,0.1733,0.5993,0.2905,0.0,True,True,False,False,64,400,ab8f62fc
2026-08-11 11:54:14,photo,outpost,0,,C_sim,0.7874,0.4963,0.7242,0.0981,0.6686,0.4495,1.0,True,True,False,False,64,200,ad27cfe9
2026-08-11 12:06:22,photo,outpost,1,,C_sim,0.7784,0.5000,0.7471,0.1031,0.7379,0.4857,1.0,True,True,False,False,64,200,ad27cfe9
2026-08-11 12:18:34,photo,outpost,2,,C_sim,0.7654,0.4795,0.6992,0.0918,0.6933,0.4562,1.0,True,True,False,False,64,200,ad27cfe9
2026-08-11 12:30:50,photo,outpost,3,,C_sim,0.7235,0.4697,0.6914,0.0934,0.6588,0.4462,1.0,True,True,False,False,64,200,ad27cfe9
2026-08-11 12:43:10,photo,demo,42,,E_demo_energy,0.8775,0.5547,0.8203,0.1460,0.8268,0.5168,0.0,,,False,False,64,200,63aea19c
2026-08-11 19:24:40,computers,outpost,2,,A_main,0.8092,0.5706,0.7767,0.4545,0.7598,0.4928,0.0,True,True,False,False,64,200,44de9a97
2026-08-13 07:47:54,yelp,outpost,42,,L_lean,0.7589,0.3948,0.5000,0.0000,0.7586,0.3889,1.0,False,False,False,False,32,400,760245d4
2026-08-13 07:48:00,yelp,outpost,0,,L_lean,0.7726,0.4311,0.5000,0.0000,0.7700,0.4297,1.0,False,False,False,False,32,400,760245d4
2026-08-13 07:48:55,yelp,outpost,1,,L_lean,0.7561,0.3829,0.5000,0.0000,0.7536,0.3718,1.0,False,False,False,False,32,400,760245d4
2026-08-13 07:53:43,yelp,outpost,2,,L_lean,0.7381,0.3923,0.5000,0.0000,0.7356,0.3790,1.0,False,False,False,False,32,400,760245d4
2026-08-13 07:53:47,yelp,outpost,3,,L_lean,0.7384,0.3640,0.5000,0.0000,0.7350,0.3576,1.0,False,False,False,False,32,400,760245d4
2026-08-13 07:58:18,yelp,outpost,4,,L_lean,0.7457,0.3935,0.5000,0.0000,0.7456,0.3877,1.0,False,False,False,False,32,400,760245d4
2026-08-13 08:00:01,yelp,outpost,5,,L_lean,0.7392,0.3676,0.5000,0.0000,0.7392,0.3676,1.0,False,False,False,False,32,400,760245d4
2026-08-13 08:00:37,yelp,outpost,6,,L_lean,0.7499,0.3377,0.5000,0.0000,0.7498,0.3375,1.0,False,False,False,False,32,400,760245d4
2026-08-13 08:04:37,yelp,outpost,7,,L_lean,0.7586,0.4235,0.5000,0.0000,0.7568,0.4228,1.0,False,False,False,False,32,400,760245d4
2026-08-13 08:06:09,yelp,outpost,8,,L_lean,0.7493,0.3775,0.5000,0.0000,0.7476,0.3754,1.0,False,False,False,False,32,400,760245d4
2026-08-13 08:15:45,yelp,outpost,42,,budgetprobe,0.5130,0.1593,0.5000,0.0000,0.5041,0.1593,1.0,False,False,False,False,32,12,604cc0b2
2026-08-13 08:16:38,yelp,outpost,42,,budgetprobe,0.5294,0.1660,0.5000,0.0000,0.5236,0.1651,1.0,False,False,False,False,32,12,62328705
2026-08-13 10:30:37,yelp,outpost,42,,F_b200_sim0.0,0.7334,0.3597,0.5000,0.0000,0.7307,0.3530,0.0,False,False,False,False,32,400,793086b5
2026-08-13 11:14:47,yelp,outpost,1,,F_b200_sim0.0,0.7286,0.3418,0.5000,0.0000,0.7273,0.3390,0.0,False,False,False,False,32,400,793086b5
2026-08-13 11:14:55,yelp,outpost,2,,F_b200_sim0.0,0.7030,0.3178,0.5000,0.0000,0.7025,0.3161,0.0,False,False,False,False,32,400,793086b5
2026-08-13 11:58:37,yelp,outpost,1,,F_b100_sim1.0,0.7330,0.3519,0.5000,0.0000,0.7275,0.3459,1.0,False,False,False,False,32,400,19f7b2df
2026-08-13 11:58:50,yelp,outpost,3,,F_b200_sim0.0,0.7039,0.3032,0.5000,0.0000,0.6977,0.2923,0.0,False,False,False,False,32,400,793086b5
2026-08-13 12:37:57,yelp,outpost,1,,F_b100_sim0.0,0.7277,0.3392,0.5000,0.0000,0.7261,0.3371,0.0,False,False,False,False,32,400,07f5a08b
2026-08-13 12:38:08,yelp,outpost,42,,F_b100_sim0.0,0.7324,0.3615,0.5000,0.0000,0.7292,0.3516,0.0,False,False,False,False,32,400,07f5a08b
2026-08-13 13:24:46,yelp,outpost,42,,F_b50_sim0.0,0.7343,0.3632,0.5000,0.0000,0.7298,0.3582,0.0,False,False,False,False,32,400,f1e9f69a
2026-08-13 13:24:46,yelp,outpost,1,,F_b50_sim1.0,0.7437,0.3645,0.5000,0.0000,0.7384,0.3597,1.0,False,False,False,False,32,400,d3e23b36
2026-08-13 14:01:47,yelp,outpost,1,,F_b50_sim0.0,0.7279,0.3419,0.5000,0.0000,0.7263,0.3401,0.0,False,False,False,False,32,400,f1e9f69a
2026-08-13 14:02:10,yelp,outpost,0,,F_b50_sim0.0,0.7476,0.3884,0.5000,0.0000,0.7459,0.3732,0.0,False,False,False,False,32,400,f1e9f69a
2026-08-13 14:02:49,yelp,outpost,2,,F_b50_sim0.0,0.7019,0.3159,0.5000,0.0000,0.6983,0.3092,0.0,False,False,False,False,32,400,f1e9f69a
2026-08-13 14:31:03,yelp,outpost,3,,F_b50_sim0.0,0.7012,0.3017,0.5000,0.0000,0.6951,0.2934,0.0,False,False,False,False,32,400,f1e9f69a
2026-08-15 23:01:20,photo,outpost,1,,L_lean,0.7759,0.4978,0.7246,0.1156,0.7308,0.4724,0.0,True,True,False,False,64,200,23a39b01
2026-08-15 23:01:20,photo,outpost,42,,L_lean,0.8267,0.5179,0.7584,0.1183,0.7922,0.4880,0.0,True,True,False,False,64,200,23a39b01
2026-08-15 23:05:25,photo,outpost,3,,L_lean,0.7829,0.4970,0.6959,0.1091,0.7269,0.4588,0.0,True,True,False,False,64,200,23a39b01
2026-08-15 23:05:26,photo,outpost,2,,L_lean,0.8077,0.5106,0.7020,0.1069,0.7665,0.4888,0.0,True,True,False,False,64,200,23a39b01
2026-08-15 23:08:19,photo,outpost,0,,L_lean,0.7767,0.4930,0.6930,0.1078,0.7058,0.4584,0.0,True,True,False,False,64,200,23a39b01
2026-08-17 02:35:17,photo,outpost,42,,fitprobe,0.6528,0.1498,0.6244,0.1003,0.6528,0.1497,0.0,True,True,False,False,64,12,37ac650f
2026-08-17 02:39:10,photo,outpost,4,,L_lean,0.8027,0.5134,0.7137,0.1765,0.7342,0.4508,0.0,True,True,False,False,64,200,23a39b01
2026-08-17 02:42:36,photo,outpost,5,,L_lean,0.8373,0.5135,0.7585,0.1212,0.8236,0.5024,0.0,True,True,False,False,64,200,23a39b01
2026-08-17 02:44:50,photo,outpost,5,,A_main,0.8827,0.5648,0.8012,0.1394,0.8661,0.5529,0.0,True,True,False,False,64,200,067c5ecd
2026-08-17 02:51:49,photo,outpost,6,,A_main,0.8085,0.5176,0.8121,0.1472,0.7299,0.4602,0.0,True,True,False,False,64,200,067c5ecd
2026-08-17 02:53:56,photo,outpost,4,,A_main,0.8708,0.5535,0.7960,0.2010,0.7418,0.4529,0.0,True,True,False,False,64,200,067c5ecd
2026-08-17 02:57:22,photo,outpost,7,,L_lean,0.7802,0.4968,0.6966,0.1035,0.7681,0.4879,0.0,True,True,False,False,64,200,23a39b01
2026-08-17 03:01:06,photo,outpost,7,,A_main,0.7953,0.4932,0.7461,0.1125,0.7439,0.4719,0.0,True,True,False,False,64,200,067c5ecd
2026-08-17 03:02:48,photo,outpost,8,,L_lean,0.8293,0.5298,0.7489,0.1261,0.7973,0.5099,0.0,True,True,False,False,64,200,23a39b01
2026-08-17 03:49:40,yelp,outpost,42,,F_b200_sim1.0,0.7446,0.3687,0.5000,0.0000,0.7432,0.3495,1.0,False,False,False,False,32,400,e88020c5
2026-08-17 03:51:26,yelp,outpost,0,,F_b200_sim1.0,0.7614,0.4171,0.5000,0.0000,0.7558,0.3793,1.0,False,False,False,False,32,400,e88020c5
2026-08-17 04:38:07,yelp,outpost,1,,F_b200_sim1.0,0.7372,0.3474,0.5000,0.0000,0.7346,0.3461,1.0,False,False,False,False,32,400,e88020c5
2026-08-17 04:40:00,yelp,outpost,2,,F_b200_sim1.0,0.7162,0.3576,0.5000,0.0000,0.7142,0.3413,1.0,False,False,False,False,32,400,e88020c5
2026-08-17 05:20:34,yelp,outpost,0,,F_b200_sim0.0,0.7470,0.3811,0.5000,0.0000,0.7441,0.3638,0.0,False,False,False,False,32,400,793086b5
2026-08-17 05:27:04,yelp,outpost,3,,F_b200_sim1.0,0.7084,0.3214,0.5000,0.0000,0.6974,0.2975,1.0,False,False,False,False,32,400,e88020c5
2026-08-17 06:01:30,yelp,outpost,42,,F_b100_sim1.0,0.7457,0.3786,0.5000,0.0000,0.7446,0.3567,1.0,False,False,False,False,32,400,19f7b2df
2026-08-17 06:07:28,yelp,outpost,0,,F_b100_sim1.0,0.7643,0.4220,0.5000,0.0000,0.7640,0.4148,1.0,False,False,False,False,32,400,19f7b2df
2026-08-17 06:41:35,yelp,outpost,2,,F_b100_sim1.0,0.7199,0.3530,0.5000,0.0000,0.7199,0.3524,1.0,False,False,False,False,32,400,19f7b2df
2026-08-17 06:47:53,yelp,outpost,3,,F_b100_sim1.0,0.7099,0.3325,0.5000,0.0000,0.7019,0.3038,1.0,False,False,False,False,32,400,19f7b2df
2026-08-17 07:16:14,yelp,outpost,0,,F_b100_sim0.0,0.7481,0.3853,0.5000,0.0000,0.7444,0.3674,0.0,False,False,False,False,32,400,07f5a08b
2026-08-17 07:22:43,yelp,outpost,2,,F_b100_sim0.0,0.7033,0.3181,0.5000,0.0000,0.7010,0.3143,0.0,False,False,False,False,32,400,07f5a08b
2026-08-17 07:51:26,yelp,outpost,3,,F_b100_sim0.0,0.7017,0.2996,0.5000,0.0000,0.6949,0.2895,0.0,False,False,False,False,32,400,07f5a08b
2026-08-17 07:54:10,yelp,outpost,42,,F_b50_sim1.0,0.7480,0.3968,0.5000,0.0000,0.7438,0.3658,1.0,False,False,False,False,32,400,d3e23b36
2026-08-17 08:23:07,yelp,outpost,0,,F_b50_sim1.0,0.7667,0.4324,0.5000,0.0000,0.7654,0.4048,1.0,False,False,False,False,32,400,d3e23b36
2026-08-17 08:25:31,yelp,outpost,2,,F_b50_sim1.0,0.7240,0.3673,0.5000,0.0000,0.7200,0.3472,1.0,False,False,False,False,32,400,d3e23b36
2026-08-17 08:28:53,photo,outpost,6,,L_lean,0.7735,0.4861,0.7495,0.1218,0.7297,0.4670,0.0,True,True,False,False,64,200,23a39b01
2026-08-17 08:55:09,yelp,outpost,3,,F_b50_sim1.0,0.7144,0.3470,0.5000,0.0000,0.7048,0.3402,1.0,False,False,False,False,32,400,d3e23b36
2026-08-17 15:42:25,photo,outpost,8,,A_main,0.8637,0.5452,0.8074,0.1704,0.7942,0.5011,0.0,True,True,False,False,64,200,067c5ecd
2026-08-17 21:09:01,ogbn-arxiv,outpost,0,,C_sim,0.6328,0.3117,0.5688,0.1782,0.6048,0.2836,1.0,True,True,False,False,64,400,98a6927f
2026-08-17 21:09:01,ogbn-arxiv,outpost,1,,C_sim,0.6277,0.3057,0.5540,0.1673,0.5959,0.2991,1.0,True,True,False,False,64,400,98a6927f
2026-08-17 21:09:01,ogbn-arxiv,outpost,2,,C_sim,0.6247,0.3147,0.5573,0.1719,0.6130,0.3078,1.0,True,True,False,False,64,400,98a6927f
2026-08-17 21:09:01,ogbn-arxiv,outpost,3,,C_sim,0.6099,0.2953,0.5431,0.1567,0.5989,0.2880,1.0,True,True,False,False,64,400,98a6927f
2026-08-17 21:09:01,ogbn-arxiv,outpost,42,,C_sim,0.6212,0.3028,0.5617,0.1739,0.6006,0.2925,1.0,True,True,False,False,64,400,98a6927f
2026-08-18 07:18:10,photo,outpost,42,,_inv_hostfeat,0.6365,0.1340,0.6213,0.1001,0.6337,0.1327,0.0,True,True,False,False,64,5,f603ef9f
2026-08-18 07:18:31,photo,outpost,42,,_inv_devfeat,0.6365,0.1340,0.6213,0.1001,0.6337,0.1327,0.0,True,True,False,False,64,5,64b54425
2026-08-18 07:18:54,photo,outpost,42,,_inv_simhost,0.6103,0.1179,0.5905,0.0825,0.6103,0.1179,1.0,True,True,False,False,64,5,bb396edb
2026-08-18 07:19:23,photo,outpost,42,,_inv_simdev,0.6103,0.1179,0.5905,0.0825,0.6103,0.1179,1.0,True,True,False,False,64,5,056a0426
2026-08-18 07:19:43,photo,outpost,42,,_inv_full,0.6365,0.1340,0.6213,0.1001,0.6337,0.1327,0.0,True,True,False,False,64,5,a18104ed
2026-08-18 09:28:25,photo,outpost,42,,_inv_hostfeat,0.6365,0.1340,0.6213,0.1001,0.6337,0.1327,0.0,True,True,False,False,64,5,f603ef9f
2026-08-18 09:28:54,photo,outpost,42,,_inv_devfeat,0.6365,0.1340,0.6213,0.1001,0.6337,0.1327,0.0,True,True,False,False,64,5,64b54425
2026-08-18 09:29:27,photo,outpost,42,,_inv_simhost,0.6103,0.1179,0.5905,0.0825,0.6103,0.1179,1.0,True,True,False,False,64,5,bb396edb
2026-08-18 09:29:57,photo,outpost,42,,_inv_simdev,0.6103,0.1179,0.5905,0.0825,0.6103,0.1179,1.0,True,True,False,False,64,5,056a0426
2026-08-18 09:30:28,photo,outpost,42,,_inv_full,0.6365,0.1340,0.6213,0.1001,0.6337,0.1327,0.0,True,True,False,False,64,5,a18104ed
2026-08-18 22:06:21,cs,outpost,0,,C_sim,0.9861,0.9636,0.9856,0.9580,0.9186,0.8348,1.0,True,True,False,False,64,200,88b66959
2026-08-18 22:06:21,cs,outpost,0,,L_lean,0.9222,0.8398,0.9138,0.8009,0.8992,0.7957,0.0,True,True,False,False,64,200,b51924ed
2026-08-18 22:06:21,cs,outpost,1,,C_sim,0.9813,0.9526,0.9806,0.9454,0.9287,0.8448,1.0,True,True,False,False,64,200,88b66959
2026-08-18 22:06:21,cs,outpost,1,,L_lean,0.9143,0.8228,0.9060,0.7858,0.8927,0.7809,0.0,True,True,False,False,64,200,b51924ed
2026-08-18 22:06:21,cs,outpost,2,,L_lean,0.9203,0.8332,0.9124,0.7948,0.8945,0.7785,0.0,True,True,False,False,64,200,b51924ed
2026-08-18 22:06:21,cs,outpost,3,,L_lean,0.9130,0.8202,0.9036,0.7782,0.8930,0.7853,0.0,True,True,False,False,64,200,b51924ed
2026-08-18 22:06:21,cs,outpost,42,,C_sim,0.9848,0.9615,0.9844,0.9557,0.9178,0.8304,1.0,True,True,False,False,64,200,88b66959
2026-08-18 22:06:21,cs,outpost,42,,L_lean,0.9222,0.8377,0.9148,0.8015,0.8763,0.7441,0.0,True,True,False,False,64,200,b51924ed
2026-08-19 22:09:52,photo,demo,42,,mixsmoke,0.6431,0.1380,0.6330,0.1026,0.6403,0.1367,0.0,,,False,False,64,3,a52cbeb7
2026-08-19 22:13:50,yelp,demo,42,,mixsmoke,0.5116,0.1620,0.0000,0.0000,0.5116,0.1620,0.0,,,False,False,64,3,1580d9b1
2026-08-19 22:43:18,yelp,demo,42,,B_demo_mix,0.7335,0.3564,0.0000,0.0000,0.7321,0.3522,0.0,,,False,False,64,400,b3e19142
2026-08-19 22:43:23,yelp,demo,3,,B_demo_mix,0.7331,0.3426,0.0000,0.0000,0.7291,0.3383,0.0,,,False,False,64,400,b3e19142
2026-08-19 22:43:35,yelp,demo,5,,B_demo_mix,0.7199,0.3350,0.0000,0.0000,0.7056,0.3090,0.0,,,False,False,64,400,b3e19142
2026-08-19 22:43:36,yelp,demo,0,,B_demo_mix,0.7538,0.3970,0.0000,0.0000,0.7490,0.3780,0.0,,,False,False,64,400,b3e19142
2026-08-19 22:43:36,yelp,demo,4,,B_demo_mix,0.7206,0.3328,0.0000,0.0000,0.7149,0.3292,0.0,,,False,False,64,400,b3e19142
2026-08-19 22:43:38,yelp,demo,2,,B_demo_mix,0.7181,0.3520,0.0000,0.0000,0.7095,0.3284,0.0,,,False,False,64,400,b3e19142
2026-08-19 22:44:12,yelp,demo,6,,B_demo_mix,0.7233,0.3176,0.0000,0.0000,0.7210,0.3032,0.0,,,False,False,64,400,b3e19142
2026-08-19 22:44:27,yelp,demo,1,,B_demo_mix,0.7342,0.3423,0.0000,0.0000,0.7329,0.3377,0.0,,,False,False,64,400,b3e19142
2026-08-19 23:06:14,yelp,demo,7,,B_demo_mix,0.7327,0.3714,0.0000,0.0000,0.7277,0.3646,0.0,,,False,False,64,400,b3e19142
2026-08-19 23:06:18,yelp,demo,8,,B_demo_mix,0.7412,0.3569,0.0000,0.0000,0.7238,0.3309,0.0,,,False,False,64,400,b3e19142
2026-08-20 10:52:51,photo,demo,42,,mixsmoke,0.6464,0.1400,0.6360,0.1040,0.6464,0.1400,0.0,,,False,False,64,3,d117e0b3
2026-08-20 18:03:57,photo,demo,1,,B_demo_mix,0.8307,0.5371,0.8072,0.1399,0.8079,0.5166,0.0,,,False,False,64,200,258a5c86
2026-08-20 18:03:57,photo,demo,0,,B_demo_mix,0.8113,0.5084,0.7448,0.1191,0.7539,0.4777,0.0,,,False,False,64,200,258a5c86
2026-08-20 18:10:31,photo,demo,2,,B_demo_mix,0.8388,0.5282,0.7811,0.1257,0.7663,0.4825,0.0,,,False,False,64,200,258a5c86
2026-08-20 18:11:37,photo,demo,3,,B_demo_mix,0.8238,0.5106,0.7384,0.1158,0.7176,0.4509,0.0,,,False,False,64,200,258a5c86
2026-08-20 18:15:07,photo,demo,4,,B_demo_mix,0.8347,0.5300,0.7811,0.1254,0.7086,0.4325,0.0,,,False,False,64,200,258a5c86
2026-08-20 18:15:10,photo,demo,5,,B_demo_mix,0.8581,0.5443,0.7906,0.1316,0.8349,0.5165,0.0,,,False,False,64,200,258a5c86
2026-08-20 18:21:24,photo,demo,6,,B_demo_mix,0.8364,0.5211,0.8200,0.1455,0.7092,0.4509,0.0,,,False,False,64,200,258a5c86
2026-08-20 18:22:20,photo,demo,7,,B_demo_mix,0.8223,0.5098,0.7745,0.1288,0.7470,0.4534,0.0,,,False,False,64,200,258a5c86
2026-08-20 18:26:21,photo,demo,8,,B_demo_mix,0.8651,0.5492,0.7974,0.1379,0.7890,0.4969,0.0,,,False,False,64,200,258a5c86
2026-08-20 18:26:22,photo,demo,42,,B_demo_mix,0.8820,0.5617,0.8352,0.1562,0.8357,0.5156,0.0,,,False,False,64,200,258a5c86
2026-08-21 20:04:42,yelp,outpost,42,,T_hidden16,0.7413,0.3377,0.5000,0.0000,0.7413,0.3377,1.0,False,False,False,False,16,400,6bd4234a
2026-08-21 20:09:08,yelp,outpost,1,,T_hidden16,0.7437,0.3490,0.5000,0.0000,0.7437,0.3490,1.0,False,False,False,False,16,400,6bd4234a
2026-08-21 20:09:34,yelp,outpost,0,,T_hidden16,0.7563,0.4034,0.5000,0.0000,0.5987,0.1849,1.0,False,False,False,False,16,400,6bd4234a
2026-08-21 20:12:28,yelp,outpost,42,,T_hidden64,0.7389,0.3751,0.5000,0.0000,0.7322,0.3719,1.0,False,False,False,False,64,400,b02f36ee
2026-08-21 20:18:48,yelp,outpost,0,,T_hidden64,0.7701,0.4330,0.5000,0.0000,0.7652,0.3951,1.0,False,False,False,False,64,400,b02f36ee
2026-08-21 20:20:06,yelp,outpost,1,,T_hidden64,0.7470,0.3741,0.5000,0.0000,0.7470,0.3637,1.0,False,False,False,False,64,400,b02f36ee
2026-08-21 20:20:49,yelp,outpost,0,,T_Kp2,0.7690,0.4381,0.5000,0.0000,0.7669,0.4104,1.0,False,False,False,False,32,400,cc1a9bcd
2026-08-21 20:20:50,yelp,outpost,42,,T_Kp2,0.7512,0.3967,0.5000,0.0000,0.7489,0.3967,1.0,False,False,False,False,32,400,cc1a9bcd
2026-08-21 20:34:18,yelp,outpost,1,,T_Kp2,0.7504,0.3759,0.5000,0.0000,0.7504,0.3664,1.0,False,False,False,False,32,400,cc1a9bcd
2026-08-21 20:40:47,yelp,outpost,42,,T_Kp6,0.7494,0.3802,0.5000,0.0000,0.7443,0.3802,1.0,False,False,False,False,32,400,7b664e90
2026-08-21 20:41:05,yelp,outpost,0,,T_Kp6,0.7691,0.4367,0.5000,0.0000,0.7659,0.4056,1.0,False,False,False,False,32,400,7b664e90
2026-08-21 20:44:54,yelp,outpost,1,,T_Kp6,0.7505,0.3751,0.5000,0.0000,0.7501,0.3627,1.0,False,False,False,False,32,400,7b664e90
2026-08-21 20:51:03,yelp,outpost,42,,T_drop0.1,0.7505,0.3951,0.5000,0.0000,0.7430,0.3949,1.0,False,False,False,False,32,400,c36cfd1e
2026-08-21 20:52:08,yelp,outpost,0,,T_drop0.1,0.7682,0.4338,0.5000,0.0000,0.7673,0.4090,1.0,False,False,False,False,32,400,c36cfd1e
2026-08-21 20:52:15,yelp,outpost,1,,T_drop0.1,0.7520,0.3758,0.5000,0.0000,0.7513,0.3719,1.0,False,False,False,False,32,400,c36cfd1e
2026-08-21 20:52:21,yelp,outpost,42,,T_drop0.4,0.7553,0.3807,0.5000,0.0000,0.7552,0.3785,1.0,False,False,False,False,32,400,0e8e973e
2026-08-21 21:06:39,yelp,outpost,0,,T_drop0.4,0.7699,0.4298,0.5000,0.0000,0.7677,0.4130,1.0,False,False,False,False,32,400,0e8e973e
2026-08-21 21:12:33,yelp,outpost,1,,T_drop0.4,0.7602,0.3928,0.5000,0.0000,0.7589,0.3895,1.0,False,False,False,False,32,400,0e8e973e
2026-08-21 21:13:14,yelp,outpost,42,,T_warmup5,0.7490,0.3772,0.5000,0.0000,0.7429,0.3772,1.0,False,False,False,False,32,400,99e62eff
2026-08-21 21:17:13,yelp,outpost,0,,T_warmup5,0.7687,0.4383,0.5000,0.0000,0.7673,0.4373,1.0,False,False,False,False,32,400,99e62eff
2026-08-21 21:23:09,yelp,outpost,1,,T_warmup5,0.7530,0.3790,0.5000,0.0000,0.7526,0.3702,1.0,False,False,False,False,32,400,99e62eff
2026-08-21 21:23:27,yelp,outpost,0,,T_warmup20,0.7708,0.4353,0.5000,0.0000,0.7692,0.4169,1.0,False,False,False,False,32,400,1b56cb48
2026-08-21 21:23:33,yelp,outpost,42,,T_warmup20,0.7488,0.3849,0.5000,0.0000,0.7475,0.3776,1.0,False,False,False,False,32,400,1b56cb48
2026-08-21 21:23:38,yelp,outpost,1,,T_warmup20,0.7512,0.3738,0.5000,0.0000,0.7495,0.3705,1.0,False,False,False,False,32,400,1b56cb48
2026-08-21 21:39:22,yelp,outpost,42,,T_alpha0.01,0.7509,0.3934,0.5000,0.0000,0.7488,0.3916,1.0,False,False,False,False,32,400,04f3215d
2026-08-21 21:44:27,yelp,outpost,0,,T_alpha0.01,0.7686,0.4363,0.5000,0.0000,0.7661,0.4063,1.0,False,False,False,False,32,400,04f3215d
2026-08-21 21:45:26,yelp,outpost,1,,T_alpha0.01,0.7506,0.3752,0.5000,0.0000,0.7501,0.3646,1.0,False,False,False,False,32,400,04f3215d
2026-08-21 21:49:23,yelp,outpost,42,,T_alpha0.10,0.7509,0.3934,0.5000,0.0000,0.7488,0.3916,1.0,False,False,False,False,32,400,ea5fc137
2026-08-21 21:55:08,yelp,outpost,42,,T_lr0.003,0.7527,0.4069,0.5000,0.0000,0.7520,0.4063,1.0,False,False,False,False,32,400,08c4cc52
2026-08-21 21:55:18,yelp,outpost,1,,T_alpha0.10,0.7506,0.3752,0.5000,0.0000,0.7501,0.3646,1.0,False,False,False,False,32,400,ea5fc137
2026-08-21 21:55:24,yelp,outpost,0,,T_alpha0.10,0.7688,0.4369,0.5000,0.0000,0.7661,0.4063,1.0,False,False,False,False,32,400,ea5fc137
2026-08-21 21:55:29,yelp,outpost,0,,T_lr0.003,0.7680,0.4366,0.5000,0.0000,0.7666,0.4121,1.0,False,False,False,False,32,400,08c4cc52
2026-08-21 22:10:24,yelp,outpost,1,,T_lr0.003,0.7566,0.3824,0.5000,0.0000,0.7553,0.3701,1.0,False,False,False,False,32,400,08c4cc52
2026-08-21 22:14:16,yelp,outpost,42,,T_synth,0.7287,0.2926,0.5000,0.0000,0.7140,0.2894,1.0,True,True,False,False,32,400,7dfb0234
2026-08-21 22:14:56,yelp,outpost,0,,T_synth,0.7662,0.4107,0.5000,0.0000,0.7647,0.3990,1.0,True,True,False,False,32,400,7dfb0234
2026-08-21 22:17:21,yelp,outpost,1,,T_synth,0.7479,0.3724,0.5000,0.0000,0.7433,0.3493,1.0,True,True,False,False,32,400,7dfb0234
2026-08-21 22:18:30,computers,demo,0,,B_demo_mix,0.7598,0.4903,0.7126,0.3367,0.7425,0.4587,0.0,,,False,False,64,200,6c4dc96c
2026-08-21 22:18:30,computers,demo,1,,B_demo_mix,0.7612,0.5035,0.7163,0.3602,0.7258,0.4375,0.0,,,False,False,64,200,6c4dc96c
2026-08-21 22:18:30,computers,demo,2,,B_demo_mix,0.7600,0.4778,0.7139,0.3327,0.7194,0.4393,0.0,,,False,False,64,200,6c4dc96c
2026-08-21 22:18:30,computers,demo,3,,B_demo_mix,0.7847,0.5217,0.7451,0.3831,0.7314,0.4390,0.0,,,False,False,64,200,6c4dc96c
2026-08-21 22:18:30,computers,demo,42,,B_demo_mix,0.7769,0.5411,0.7351,0.4078,0.7496,0.4828,0.0,,,False,False,64,200,6c4dc96c
2026-08-21 22:18:30,computers,outpost,0,,T_Kp12,0.8028,0.5658,0.7640,0.4359,0.7595,0.4968,0.0,True,True,False,False,64,200,ac1d6856
2026-08-21 22:18:30,computers,outpost,0,,T_Kp4,0.8030,0.5726,0.7646,0.4436,0.7473,0.4887,0.0,True,True,False,False,64,200,e369a655
2026-08-21 22:18:30,computers,outpost,0,,T_drop0.3,0.7955,0.5665,0.7556,0.4341,0.7610,0.5134,0.0,True,True,False,False,64,200,dfebf151
2026-08-21 22:18:30,computers,outpost,0,,T_hidden128,0.8004,0.5723,0.7618,0.4435,0.7543,0.4964,0.0,True,True,False,False,128,200,5f70938a
2026-08-21 22:18:30,computers,outpost,0,,T_hidden32,0.8046,0.5749,0.7662,0.4449,0.7625,0.4928,0.0,True,True,False,False,32,200,d65000f5
2026-08-21 22:18:30,computers,outpost,0,,T_lambda_un0.5,0.7898,0.5469,0.7485,0.4060,0.7381,0.4697,0.0,True,True,False,False,64,200,4a3f5b52
2026-08-21 22:18:30,computers,outpost,0,,T_lambda_un1.5,0.8089,0.5782,0.7713,0.4472,0.7486,0.4933,0.0,True,True,False,False,64,200,ec9a5f95
2026-08-21 22:18:30,computers,outpost,0,,T_nosynth,0.8146,0.5918,0.7781,0.4690,0.7507,0.4975,0.0,False,False,False,False,64,200,b38ad9e2
2026-08-21 22:18:30,computers,outpost,0,,T_warmup15,0.8123,0.5814,0.7753,0.4549,0.7664,0.4982,0.0,True,True,False,False,64,200,7ceccd44
2026-08-21 22:18:30,computers,outpost,1,,T_Kp12,0.8331,0.6103,0.8001,0.5019,0.7722,0.5069,0.0,True,True,False,False,64,200,ac1d6856
2026-08-21 22:18:30,computers,outpost,1,,T_Kp4,0.8234,0.5975,0.7913,0.4953,0.7571,0.4920,0.0,True,True,False,False,64,200,e369a655
2026-08-21 22:18:30,computers,outpost,1,,T_drop0.3,0.8184,0.5932,0.7898,0.4937,0.7485,0.5145,0.0,True,True,False,False,64,200,dfebf151
2026-08-21 22:18:30,computers,outpost,1,,T_hidden128,0.8256,0.6045,0.7908,0.4939,0.7611,0.5020,0.0,True,True,False,False,128,200,5f70938a
2026-08-21 22:18:30,computers,outpost,1,,T_hidden32,0.8208,0.5886,0.7855,0.4702,0.7675,0.4902,0.0,True,True,False,False,32,200,d65000f5
2026-08-21 22:18:30,computers,outpost,1,,T_lambda_un0.5,0.8188,0.5901,0.7948,0.4826,0.7522,0.4807,0.0,True,True,False,False,64,200,4a3f5b52
2026-08-21 22:18:30,computers,outpost,1,,T_lambda_un1.5,0.8271,0.6000,0.8018,0.4974,0.7422,0.4784,0.0,True,True,False,False,64,200,ec9a5f95
2026-08-21 22:18:30,computers,outpost,1,,T_nosynth,0.8188,0.5957,0.7834,0.4896,0.7437,0.4755,0.0,False,False,False,False,64,200,b38ad9e2
2026-08-21 22:18:30,computers,outpost,1,,T_warmup15,0.8135,0.5786,0.7766,0.4578,0.7601,0.4808,0.0,True,True,False,False,64,200,7ceccd44
2026-08-21 22:18:30,computers,outpost,42,,T_Kp12,0.8350,0.6182,0.8023,0.5218,0.7833,0.5383,0.0,True,True,False,False,64,200,ac1d6856
2026-08-21 22:18:30,computers,outpost,42,,T_Kp4,0.8344,0.6200,0.8019,0.5263,0.7461,0.4824,0.0,True,True,False,False,64,200,e369a655
2026-08-21 22:18:30,computers,outpost,42,,T_drop0.3,0.8337,0.6243,0.8008,0.5206,0.7683,0.5431,0.0,True,True,False,False,64,200,dfebf151
2026-08-21 22:18:30,computers,outpost,42,,T_hidden128,0.8459,0.6371,0.8158,0.5344,0.7788,0.5447,0.0,True,True,False,False,128,200,5f70938a
2026-08-21 22:18:30,computers,outpost,42,,T_hidden32,0.8325,0.6167,0.8051,0.5191,0.7807,0.5375,0.0,True,True,False,False,32,200,d65000f5
2026-08-21 22:18:30,computers,outpost,42,,T_lambda_un0.5,0.8199,0.6109,0.7847,0.5066,0.7760,0.5491,0.0,True,True,False,False,64,200,4a3f5b52
2026-08-21 22:18:30,computers,outpost,42,,T_lambda_un1.5,0.8422,0.6183,0.8112,0.5165,0.7828,0.5394,0.0,True,True,False,False,64,200,ec9a5f95
2026-08-21 22:18:30,computers,outpost,42,,T_nosynth,0.8281,0.6198,0.7964,0.5168,0.7612,0.5233,0.0,False,False,False,False,64,200,b38ad9e2
2026-08-21 22:18:30,computers,outpost,42,,T_warmup15,0.8419,0.6329,0.8128,0.5337,0.7933,0.5629,0.0,True,True,False,False,64,200,7ceccd44
2026-08-21 22:18:30,cs,demo,0,,B_demo,0.9613,0.9093,0.9584,0.8933,0.9056,0.8134,0.0,,,False,False,64,200,04c3b5e3
2026-08-21 22:18:30,cs,demo,0,,B_demo_mix,0.9607,0.9092,0.9579,0.8937,0.9077,0.8045,0.0,,,False,False,64,200,317733b0
2026-08-21 22:18:30,cs,demo,1,,B_demo,0.9532,0.8972,0.9490,0.8760,0.8910,0.7785,0.0,,,False,False,64,200,04c3b5e3
2026-08-21 22:18:30,cs,demo,1,,B_demo_mix,0.9611,0.9115,0.9566,0.8885,0.8874,0.7613,0.0,,,False,False,64,200,317733b0
2026-08-21 22:18:30,cs,demo,2,,B_demo,0.9683,0.9244,0.9653,0.9073,0.8760,0.7442,0.0,,,False,False,64,200,04c3b5e3
2026-08-21 22:18:30,cs,demo,2,,B_demo_mix,0.9637,0.9145,0.9600,0.8940,0.8727,0.7330,0.0,,,False,False,64,200,317733b0
2026-08-21 22:18:30,cs,demo,3,,B_demo,0.9509,0.8836,0.9469,0.8617,0.8915,0.7845,0.0,,,False,False,64,200,04c3b5e3
2026-08-21 22:18:30,cs,demo,3,,B_demo_mix,0.9532,0.8948,0.9494,0.8754,0.8920,0.7853,0.0,,,False,False,64,200,317733b0
2026-08-21 22:18:30,cs,demo,42,,B_demo,0.9645,0.9150,0.9623,0.9010,0.8830,0.7695,0.0,,,False,False,64,200,04c3b5e3
2026-08-21 22:18:30,cs,demo,42,,B_demo_mix,0.9629,0.9115,0.9607,0.8971,0.8815,0.7667,0.0,,,False,False,64,200,317733b0
2026-08-21 22:18:30,cs,outpost,0,,T_Kp12,0.9863,0.9625,0.9860,0.9572,0.9213,0.8364,0.0,True,True,False,False,64,200,ada15d0e
2026-08-21 22:18:30,cs,outpost,0,,T_Kp4,0.9860,0.9622,0.9856,0.9565,0.9241,0.8380,0.0,True,True,False,False,64,200,80e91111
2026-08-21 22:18:30,cs,outpost,0,,T_drop0.3,0.9855,0.9604,0.9850,0.9547,0.9227,0.8384,0.0,True,True,False,False,64,200,5da0ed21
2026-08-21 22:18:30,cs,outpost,0,,T_hidden128,0.9860,0.9621,0.9857,0.9567,0.9446,0.8793,0.0,True,True,False,False,128,200,64ef4be8
2026-08-21 22:18:30,cs,outpost,0,,T_hidden32,0.9859,0.9620,0.9855,0.9560,0.9166,0.8279,0.0,True,True,False,False,32,200,1b90baa2
2026-08-21 22:18:30,cs,outpost,0,,T_lambda_un0.5,0.9858,0.9611,0.9852,0.9546,0.9223,0.8403,0.0,True,True,False,False,64,200,cdbd889f
2026-08-21 22:18:30,cs,outpost,0,,T_lambda_un1.5,0.9863,0.9629,0.9859,0.9577,0.9189,0.8286,0.0,True,True,False,False,64,200,f0733f4f
2026-08-21 22:18:30,cs,outpost,0,,T_nosynth,0.9865,0.9630,0.9861,0.9581,0.9051,0.7998,0.0,False,False,False,False,64,200,c879591e
2026-08-21 22:18:30,cs,outpost,0,,T_warmup15,0.9860,0.9618,0.9856,0.9562,0.9194,0.8365,0.0,True,True,False,False,64,200,9db4016e
2026-08-21 22:18:30,cs,outpost,1,,T_Kp12,0.9810,0.9510,0.9804,0.9439,0.9302,0.8506,0.0,True,True,False,False,64,200,ada15d0e
2026-08-21 22:18:30,cs,outpost,1,,T_Kp4,0.9811,0.9511,0.9806,0.9438,0.9256,0.8414,0.0,True,True,False,False,64,200,80e91111
2026-08-21 22:18:30,cs,outpost,1,,T_drop0.3,0.9811,0.9500,0.9805,0.9426,0.9352,0.8561,0.0,True,True,False,False,64,200,5da0ed21
2026-08-21 22:18:30,cs,outpost,1,,T_hidden128,0.9810,0.9514,0.9803,0.9440,0.9335,0.8558,0.0,True,True,False,False,128,200,64ef4be8
2026-08-21 22:18:30,cs,outpost,1,,T_hidden32,0.9811,0.9500,0.9804,0.9421,0.9276,0.8442,0.0,True,True,False,False,32,200,1b90baa2
2026-08-21 22:18:30,cs,outpost,1,,T_lambda_un0.5,0.9810,0.9502,0.9803,0.9422,0.9256,0.8368,0.0,True,True,False,False,64,200,cdbd889f
2026-08-21 22:18:30,cs,outpost,1,,T_lambda_un1.5,0.9813,0.9512,0.9808,0.9441,0.9325,0.8493,0.0,True,True,False,False,64,200,f0733f4f
2026-08-21 22:18:30,cs,outpost,1,,T_nosynth,0.9816,0.9502,0.9809,0.9427,0.9033,0.7941,0.0,False,False,False,False,64,200,c879591e
2026-08-21 22:18:30,cs,outpost,1,,T_warmup15,0.9811,0.9510,0.9806,0.9436,0.9237,0.8382,0.0,True,True,False,False,64,200,9db4016e
2026-08-21 22:18:30,cs,outpost,2,,C_sim,0.9832,0.9552,0.9826,0.9478,0.9426,0.8677,1.0,True,True,False,False,64,200,88b66959
2026-08-21 22:18:30,cs,outpost,3,,C_sim,0.9828,0.9557,0.9821,0.9486,0.9330,0.8495,1.0,True,True,False,False,64,200,88b66959
2026-08-21 22:18:30,cs,outpost,42,,T_Kp12,0.9842,0.9583,0.9839,0.9522,0.9104,0.8206,0.0,True,True,False,False,64,200,ada15d0e
2026-08-21 22:18:30,cs,outpost,42,,T_Kp4,0.9843,0.9586,0.9839,0.9526,0.8987,0.7934,0.0,True,True,False,False,64,200,80e91111
2026-08-21 22:18:30,cs,outpost,42,,T_drop0.3,0.9841,0.9583,0.9836,0.9526,0.9179,0.8372,0.0,True,True,False,False,64,200,5da0ed21
2026-08-21 22:18:30,cs,outpost,42,,T_hidden128,0.9844,0.9590,0.9840,0.9530,0.8943,0.7809,0.0,True,True,False,False,128,200,64ef4be8
2026-08-21 22:18:30,cs,outpost,42,,T_hidden32,0.9843,0.9582,0.9839,0.9519,0.8920,0.7820,0.0,True,True,False,False,32,200,1b90baa2
2026-08-21 22:18:30,cs,outpost,42,,T_lambda_un0.5,0.9844,0.9584,0.9839,0.9520,0.9192,0.8397,0.0,True,True,False,False,64,200,cdbd889f
2026-08-21 22:18:30,cs,outpost,42,,T_lambda_un1.5,0.9841,0.9584,0.9838,0.9527,0.9112,0.8224,0.0,True,True,False,False,64,200,f0733f4f
2026-08-21 22:18:30,cs,outpost,42,,T_nosynth,0.9843,0.9581,0.9839,0.9520,0.8872,0.7754,0.0,False,False,False,False,64,200,c879591e
2026-08-21 22:18:30,cs,outpost,42,,T_warmup15,0.9843,0.9586,0.9839,0.9524,0.8928,0.7843,0.0,True,True,False,False,64,200,9db4016e
2026-08-21 22:20:53,computers,demo,0,,B_demo,0.7605,0.4852,0.7130,0.3305,0.7438,0.4597,0.0,,,False,False,64,200,79660d7a
2026-08-21 22:20:53,computers,demo,0,,B_demo_mix,0.7598,0.4903,0.7126,0.3367,0.7425,0.4587,0.0,,,False,False,64,200,6c4dc96c
2026-08-21 22:20:53,computers,demo,1,,B_demo,0.7624,0.5090,0.7174,0.3664,0.7424,0.4691,0.0,,,False,False,64,200,79660d7a
2026-08-21 22:20:53,computers,demo,1,,B_demo_mix,0.7612,0.5035,0.7163,0.3602,0.7258,0.4375,0.0,,,False,False,64,200,6c4dc96c
2026-08-21 22:20:53,computers,demo,2,,B_demo,0.7543,0.4793,0.7086,0.3340,0.7121,0.4389,0.0,,,False,False,64,200,79660d7a
2026-08-21 22:20:53,computers,demo,2,,B_demo_mix,0.7600,0.4778,0.7139,0.3327,0.7194,0.4393,0.0,,,False,False,64,200,6c4dc96c
2026-08-21 22:20:53,computers,demo,3,,B_demo,0.7961,0.5322,0.7593,0.3957,0.7339,0.4404,0.0,,,False,False,64,200,79660d7a
2026-08-21 22:20:53,computers,demo,3,,B_demo_mix,0.7847,0.5217,0.7451,0.3831,0.7314,0.4390,0.0,,,False,False,64,200,6c4dc96c
2026-08-21 22:20:53,computers,demo,42,,B_demo,0.7722,0.5337,0.7294,0.3996,0.7429,0.4837,0.0,,,False,False,64,200,79660d7a
2026-08-21 22:20:53,computers,demo,42,,B_demo_mix,0.7769,0.5411,0.7351,0.4078,0.7496,0.4828,0.0,,,False,False,64,200,6c4dc96c
2026-08-21 22:20:53,computers,outpost,0,,A_main,0.7957,0.5688,0.7554,0.4360,0.7567,0.5028,0.0,True,True,False,False,64,200,44de9a97
2026-08-21 22:20:53,computers,outpost,0,,C_sim,0.8117,0.5628,0.7757,0.4323,0.7619,0.4914,1.0,True,True,False,False,64,200,c05f091c
2026-08-21 22:20:53,computers,outpost,0,,T_Kp12,0.8028,0.5658,0.7640,0.4359,0.7595,0.4968,0.0,True,True,False,False,64,200,ac1d6856
2026-08-21 22:20:53,computers,outpost,0,,T_Kp4,0.8030,0.5726,0.7646,0.4436,0.7473,0.4887,0.0,True,True,False,False,64,200,e369a655
2026-08-21 22:20:53,computers,outpost,0,,T_drop0.3,0.7955,0.5665,0.7556,0.4341,0.7610,0.5134,0.0,True,True,False,False,64,200,dfebf151
2026-08-21 22:20:53,computers,outpost,0,,T_hidden128,0.8004,0.5723,0.7618,0.4435,0.7543,0.4964,0.0,True,True,False,False,128,200,5f70938a
2026-08-21 22:20:53,computers,outpost,0,,T_hidden32,0.8046,0.5749,0.7662,0.4449,0.7625,0.4928,0.0,True,True,False,False,32,200,d65000f5
2026-08-21 22:20:53,computers,outpost,0,,T_lambda_un0.5,0.7898,0.5469,0.7485,0.4060,0.7381,0.4697,0.0,True,True,False,False,64,200,4a3f5b52
2026-08-21 22:20:53,computers,outpost,0,,T_lambda_un1.5,0.8089,0.5782,0.7713,0.4472,0.7486,0.4933,0.0,True,True,False,False,64,200,ec9a5f95
2026-08-21 22:20:53,computers,outpost,0,,T_nosynth,0.8146,0.5918,0.7781,0.4690,0.7507,0.4975,0.0,False,False,False,False,64,200,b38ad9e2
2026-08-21 22:20:53,computers,outpost,0,,T_warmup15,0.8123,0.5814,0.7753,0.4549,0.7664,0.4982,0.0,True,True,False,False,64,200,7ceccd44
2026-08-21 22:20:53,computers,outpost,1,,A_main,0.8273,0.5956,0.8005,0.4904,0.7631,0.5026,0.0,True,True,False,False,64,200,44de9a97
2026-08-21 22:20:53,computers,outpost,1,,C_sim,0.8271,0.5814,0.7968,0.4707,0.7662,0.4984,1.0,True,True,False,False,64,200,c05f091c
2026-08-21 22:20:53,computers,outpost,1,,T_Kp12,0.8331,0.6103,0.8001,0.5019,0.7722,0.5069,0.0,True,True,False,False,64,200,ac1d6856
2026-08-21 22:20:53,computers,outpost,1,,T_Kp4,0.8234,0.5975,0.7913,0.4953,0.7571,0.4920,0.0,True,True,False,False,64,200,e369a655
2026-08-21 22:20:53,computers,outpost,1,,T_drop0.3,0.8184,0.5932,0.7898,0.4937,0.7485,0.5145,0.0,True,True,False,False,64,200,dfebf151
2026-08-21 22:20:53,computers,outpost,1,,T_hidden128,0.8256,0.6045,0.7908,0.4939,0.7611,0.5020,0.0,True,True,False,False,128,200,5f70938a
2026-08-21 22:20:53,computers,outpost,1,,T_hidden32,0.8208,0.5886,0.7855,0.4702,0.7675,0.4902,0.0,True,True,False,False,32,200,d65000f5
2026-08-21 22:20:53,computers,outpost,1,,T_lambda_un0.5,0.8188,0.5901,0.7948,0.4826,0.7522,0.4807,0.0,True,True,False,False,64,200,4a3f5b52
2026-08-21 22:20:53,computers,outpost,1,,T_lambda_un1.5,0.8271,0.6000,0.8018,0.4974,0.7422,0.4784,0.0,True,True,False,False,64,200,ec9a5f95
2026-08-21 22:20:53,computers,outpost,1,,T_nosynth,0.8188,0.5957,0.7834,0.4896,0.7437,0.4755,0.0,False,False,False,False,64,200,b38ad9e2
2026-08-21 22:20:53,computers,outpost,1,,T_warmup15,0.8135,0.5786,0.7766,0.4578,0.7601,0.4808,0.0,True,True,False,False,64,200,7ceccd44
2026-08-21 22:20:53,computers,outpost,2,,A_main,0.8092,0.5706,0.7767,0.4545,0.7598,0.4928,0.0,True,True,False,False,64,200,44de9a97
2026-08-21 22:20:53,computers,outpost,2,,C_sim,0.8186,0.5636,0.7887,0.4563,0.7498,0.4804,1.0,True,True,False,False,64,200,c05f091c
2026-08-21 22:20:53,computers,outpost,3,,A_main,0.8399,0.6158,0.8087,0.5114,0.7615,0.4766,0.0,True,True,False,False,64,200,44de9a97
2026-08-21 22:20:53,computers,outpost,3,,C_sim,0.8373,0.5945,0.8187,0.4905,0.7544,0.4742,1.0,True,True,False,False,64,200,c05f091c
2026-08-21 22:20:53,computers,outpost,42,,A_main,0.8349,0.6236,0.8021,0.5229,0.7839,0.5543,0.0,True,True,False,False,64,200,44de9a97
2026-08-21 22:20:53,computers,outpost,42,,C_sim,0.8389,0.6064,0.8146,0.5122,0.7863,0.5186,1.0,True,True,False,False,64,200,c05f091c
2026-08-21 22:20:53,computers,outpost,42,,T_Kp12,0.8350,0.6182,0.8023,0.5218,0.7833,0.5383,0.0,True,True,False,False,64,200,ac1d6856
2026-08-21 22:20:53,computers,outpost,42,,T_Kp4,0.8344,0.6200,0.8019,0.5263,0.7461,0.4824,0.0,True,True,False,False,64,200,e369a655
2026-08-21 22:20:53,computers,outpost,42,,T_drop0.3,0.8337,0.6243,0.8008,0.5206,0.7683,0.5431,0.0,True,True,False,False,64,200,dfebf151
2026-08-21 22:20:53,computers,outpost,42,,T_hidden128,0.8459,0.6371,0.8158,0.5344,0.7788,0.5447,0.0,True,True,False,False,128,200,5f70938a
2026-08-21 22:20:53,computers,outpost,42,,T_hidden32,0.8325,0.6167,0.8051,0.5191,0.7807,0.5375,0.0,True,True,False,False,32,200,d65000f5
2026-08-21 22:20:53,computers,outpost,42,,T_lambda_un0.5,0.8199,0.6109,0.7847,0.5066,0.7760,0.5491,0.0,True,True,False,False,64,200,4a3f5b52
2026-08-21 22:20:53,computers,outpost,42,,T_lambda_un1.5,0.8422,0.6183,0.8112,0.5165,0.7828,0.5394,0.0,True,True,False,False,64,200,ec9a5f95
2026-08-21 22:20:53,computers,outpost,42,,T_nosynth,0.8281,0.6198,0.7964,0.5168,0.7612,0.5233,0.0,False,False,False,False,64,200,b38ad9e2
2026-08-21 22:20:53,computers,outpost,42,,T_warmup15,0.8419,0.6329,0.8128,0.5337,0.7933,0.5629,0.0,True,True,False,False,64,200,7ceccd44
2026-08-21 22:20:53,cs,demo,0,,B_demo,0.9613,0.9093,0.9584,0.8933,0.9056,0.8134,0.0,,,False,False,64,200,04c3b5e3
2026-08-21 22:20:53,cs,demo,0,,B_demo_mix,0.9607,0.9092,0.9579,0.8937,0.9077,0.8045,0.0,,,False,False,64,200,317733b0
2026-08-21 22:20:53,cs,demo,1,,B_demo,0.9532,0.8972,0.9490,0.8760,0.8910,0.7785,0.0,,,False,False,64,200,04c3b5e3
2026-08-21 22:20:53,cs,demo,1,,B_demo_mix,0.9611,0.9115,0.9566,0.8885,0.8874,0.7613,0.0,,,False,False,64,200,317733b0
2026-08-21 22:20:53,cs,demo,2,,B_demo,0.9683,0.9244,0.9653,0.9073,0.8760,0.7442,0.0,,,False,False,64,200,04c3b5e3
2026-08-21 22:20:53,cs,demo,2,,B_demo_mix,0.9637,0.9145,0.9600,0.8940,0.8727,0.7330,0.0,,,False,False,64,200,317733b0
2026-08-21 22:20:53,cs,demo,3,,B_demo,0.9509,0.8836,0.9469,0.8617,0.8915,0.7845,0.0,,,False,False,64,200,04c3b5e3
2026-08-21 22:20:53,cs,demo,3,,B_demo_mix,0.9532,0.8948,0.9494,0.8754,0.8920,0.7853,0.0,,,False,False,64,200,317733b0
2026-08-21 22:20:53,cs,demo,42,,B_demo,0.9645,0.9150,0.9623,0.9010,0.8830,0.7695,0.0,,,False,False,64,200,04c3b5e3
2026-08-21 22:20:53,cs,demo,42,,B_demo_mix,0.9629,0.9115,0.9607,0.8971,0.8815,0.7667,0.0,,,False,False,64,200,317733b0
2026-08-21 22:20:53,cs,outpost,0,,A_main,0.9863,0.9626,0.9859,0.9570,0.9218,0.8369,0.0,True,True,False,False,64,200,5999b680
2026-08-21 22:20:53,cs,outpost,0,,C_sim,0.9861,0.9636,0.9856,0.9580,0.9186,0.8348,1.0,True,True,False,False,64,200,88b66959
2026-08-21 22:20:53,cs,outpost,0,,L_lean,0.9222,0.8398,0.9138,0.8009,0.8992,0.7957,0.0,True,True,False,False,64,200,b51924ed
2026-08-21 22:20:53,cs,outpost,0,,T_Kp12,0.9863,0.9625,0.9860,0.9572,0.9213,0.8364,0.0,True,True,False,False,64,200,ada15d0e
2026-08-21 22:20:53,cs,outpost,0,,T_Kp4,0.9860,0.9622,0.9856,0.9565,0.9241,0.8380,0.0,True,True,False,False,64,200,80e91111
2026-08-21 22:20:53,cs,outpost,0,,T_drop0.3,0.9855,0.9604,0.9850,0.9547,0.9227,0.8384,0.0,True,True,False,False,64,200,5da0ed21
2026-08-21 22:20:53,cs,outpost,0,,T_hidden128,0.9860,0.9621,0.9857,0.9567,0.9446,0.8793,0.0,True,True,False,False,128,200,64ef4be8
2026-08-21 22:20:53,cs,outpost,0,,T_hidden32,0.9859,0.9620,0.9855,0.9560,0.9166,0.8279,0.0,True,True,False,False,32,200,1b90baa2
2026-08-21 22:20:53,cs,outpost,0,,T_lambda_un0.5,0.9858,0.9611,0.9852,0.9546,0.9223,0.8403,0.0,True,True,False,False,64,200,cdbd889f
2026-08-21 22:20:53,cs,outpost,0,,T_lambda_un1.5,0.9863,0.9629,0.9859,0.9577,0.9189,0.8286,0.0,True,True,False,False,64,200,f0733f4f
2026-08-21 22:20:53,cs,outpost,0,,T_nosynth,0.9865,0.9630,0.9861,0.9581,0.9051,0.7998,0.0,False,False,False,False,64,200,c879591e
2026-08-21 22:20:53,cs,outpost,0,,T_warmup15,0.9860,0.9618,0.9856,0.9562,0.9194,0.8365,0.0,True,True,False,False,64,200,9db4016e
2026-08-21 22:20:53,cs,outpost,1,,A_main,0.9810,0.9506,0.9805,0.9435,0.9323,0.8511,0.0,True,True,False,False,64,200,5999b680
2026-08-21 22:20:53,cs,outpost,1,,C_sim,0.9813,0.9526,0.9806,0.9454,0.9287,0.8448,1.0,True,True,False,False,64,200,88b66959
2026-08-21 22:20:53,cs,outpost,1,,L_lean,0.9143,0.8228,0.9060,0.7858,0.8927,0.7809,0.0,True,True,False,False,64,200,b51924ed
2026-08-21 22:20:53,cs,outpost,1,,T_Kp12,0.9810,0.9510,0.9804,0.9439,0.9302,0.8506,0.0,True,True,False,False,64,200,ada15d0e
2026-08-21 22:20:53,cs,outpost,1,,T_Kp4,0.9811,0.9511,0.9806,0.9438,0.9256,0.8414,0.0,True,True,False,False,64,200,80e91111
2026-08-21 22:20:53,cs,outpost,1,,T_drop0.3,0.9811,0.9500,0.9805,0.9426,0.9352,0.8561,0.0,True,True,False,False,64,200,5da0ed21
2026-08-21 22:20:53,cs,outpost,1,,T_hidden128,0.9810,0.9514,0.9803,0.9440,0.9335,0.8558,0.0,True,True,False,False,128,200,64ef4be8
2026-08-21 22:20:53,cs,outpost,1,,T_hidden32,0.9811,0.9500,0.9804,0.9421,0.9276,0.8442,0.0,True,True,False,False,32,200,1b90baa2
2026-08-21 22:20:53,cs,outpost,1,,T_lambda_un0.5,0.9810,0.9502,0.9803,0.9422,0.9256,0.8368,0.0,True,True,False,False,64,200,cdbd889f
2026-08-21 22:20:53,cs,outpost,1,,T_lambda_un1.5,0.9813,0.9512,0.9808,0.9441,0.9325,0.8493,0.0,True,True,False,False,64,200,f0733f4f
2026-08-21 22:20:53,cs,outpost,1,,T_nosynth,0.9816,0.9502,0.9809,0.9427,0.9033,0.7941,0.0,False,False,False,False,64,200,c879591e
2026-08-21 22:20:53,cs,outpost,1,,T_warmup15,0.9811,0.9510,0.9806,0.9436,0.9237,0.8382,0.0,True,True,False,False,64,200,9db4016e
2026-08-21 22:20:53,cs,outpost,2,,A_main,0.9821,0.9517,0.9815,0.9441,0.9261,0.8408,0.0,True,True,False,False,64,200,5999b680
2026-08-21 22:20:53,cs,outpost,2,,C_sim,0.9832,0.9552,0.9826,0.9478,0.9426,0.8677,1.0,True,True,False,False,64,200,88b66959
2026-08-21 22:20:53,cs,outpost,2,,L_lean,0.9203,0.8332,0.9124,0.7948,0.8945,0.7785,0.0,True,True,False,False,64,200,b51924ed
2026-08-21 22:20:53,cs,outpost,3,,A_main,0.9823,0.9526,0.9817,0.9452,0.9386,0.8715,0.0,True,True,False,False,64,200,5999b680
2026-08-21 22:20:53,cs,outpost,3,,C_sim,0.9828,0.9557,0.9821,0.9486,0.9330,0.8495,1.0,True,True,False,False,64,200,88b66959
2026-08-21 22:20:53,cs,outpost,3,,L_lean,0.9130,0.8202,0.9036,0.7782,0.8930,0.7853,0.0,True,True,False,False,64,200,b51924ed
2026-08-21 22:20:53,cs,outpost,42,,A_main,0.9841,0.9585,0.9838,0.9525,0.9180,0.8370,0.0,True,True,False,False,64,200,5999b680
2026-08-21 22:20:53,cs,outpost,42,,C_sim,0.9848,0.9615,0.9844,0.9557,0.9178,0.8304,1.0,True,True,False,False,64,200,88b66959
2026-08-21 22:20:53,cs,outpost,42,,L_lean,0.9222,0.8377,0.9148,0.8015,0.8763,0.7441,0.0,True,True,False,False,64,200,b51924ed
2026-08-21 22:20:53,cs,outpost,42,,T_Kp12,0.9842,0.9583,0.9839,0.9522,0.9104,0.8206,0.0,True,True,False,False,64,200,ada15d0e
2026-08-21 22:20:53,cs,outpost,42,,T_Kp4,0.9843,0.9586,0.9839,0.9526,0.8987,0.7934,0.0,True,True,False,False,64,200,80e91111
2026-08-21 22:20:53,cs,outpost,42,,T_drop0.3,0.9841,0.9583,0.9836,0.9526,0.9179,0.8372,0.0,True,True,False,False,64,200,5da0ed21
2026-08-21 22:20:53,cs,outpost,42,,T_hidden128,0.9844,0.9590,0.9840,0.9530,0.8943,0.7809,0.0,True,True,False,False,128,200,64ef4be8
2026-08-21 22:20:53,cs,outpost,42,,T_hidden32,0.9843,0.9582,0.9839,0.9519,0.8920,0.7820,0.0,True,True,False,False,32,200,1b90baa2
2026-08-21 22:20:53,cs,outpost,42,,T_lambda_un0.5,0.9844,0.9584,0.9839,0.9520,0.9192,0.8397,0.0,True,True,False,False,64,200,cdbd889f
2026-08-21 22:20:53,cs,outpost,42,,T_lambda_un1.5,0.9841,0.9584,0.9838,0.9527,0.9112,0.8224,0.0,True,True,False,False,64,200,f0733f4f
2026-08-21 22:20:53,cs,outpost,42,,T_nosynth,0.9843,0.9581,0.9839,0.9520,0.8872,0.7754,0.0,False,False,False,False,64,200,c879591e
2026-08-21 22:20:53,cs,outpost,42,,T_warmup15,0.9843,0.9586,0.9839,0.9524,0.8928,0.7843,0.0,True,True,False,False,64,200,9db4016e
2026-08-21 22:20:53,ogbn-arxiv,outpost,0,,A_main,0.6329,0.3103,0.5655,0.1783,0.6109,0.2956,0.0,True,True,False,False,64,400,ab8f62fc
2026-08-21 22:20:53,ogbn-arxiv,outpost,0,,C_sim,0.6328,0.3117,0.5688,0.1782,0.6048,0.2836,1.0,True,True,False,False,64,400,98a6927f
2026-08-21 22:20:53,ogbn-arxiv,outpost,1,,A_main,0.6295,0.3057,0.5537,0.1665,0.5950,0.2966,0.0,True,True,False,False,64,400,ab8f62fc
2026-08-21 22:20:53,ogbn-arxiv,outpost,1,,C_sim,0.6277,0.3057,0.5540,0.1673,0.5959,0.2991,1.0,True,True,False,False,64,400,98a6927f
2026-08-21 22:20:53,ogbn-arxiv,outpost,2,,A_main,0.6237,0.3128,0.5569,0.1702,0.6161,0.3085,0.0,True,True,False,False,64,400,ab8f62fc
2026-08-21 22:20:53,ogbn-arxiv,outpost,2,,C_sim,0.6247,0.3147,0.5573,0.1719,0.6130,0.3078,1.0,True,True,False,False,64,400,98a6927f
2026-08-21 22:20:53,ogbn-arxiv,outpost,3,,A_main,0.6116,0.2964,0.5436,0.1573,0.6028,0.2913,0.0,True,True,False,False,64,400,ab8f62fc
2026-08-21 22:20:53,ogbn-arxiv,outpost,3,,C_sim,0.6099,0.2953,0.5431,0.1567,0.5989,0.2880,1.0,True,True,False,False,64,400,98a6927f
2026-08-21 22:20:53,ogbn-arxiv,outpost,42,,A_main,0.6206,0.3012,0.5612,0.1733,0.5993,0.2905,0.0,True,True,False,False,64,400,ab8f62fc
2026-08-21 22:20:53,ogbn-arxiv,outpost,42,,C_sim,0.6212,0.3028,0.5617,0.1739,0.6006,0.2925,1.0,True,True,False,False,64,400,98a6927f
2026-08-21 22:20:53,photo,demo,0,,B_demo,0.8217,0.5002,0.7625,0.1241,0.7191,0.4550,0.0,,,False,False,64,200,ab9d62d1
2026-08-21 22:20:53,photo,demo,0,,B_demo_mix,0.8113,0.5084,0.7448,0.1191,0.7539,0.4777,0.0,,,False,False,64,200,258a5c86
2026-08-21 22:20:53,photo,demo,0,,E_demo_energy,0.8054,0.4958,0.7415,0.1190,0.7409,0.4619,0.0,,,False,False,64,200,63aea19c
2026-08-21 22:20:53,photo,demo,0,,E_demo_noenergy,0.8217,0.5002,0.7625,0.1241,0.7191,0.4550,0.0,,,False,False,64,200,ab9d62d1
2026-08-21 22:20:53,photo,demo,1,,B_demo,0.8313,0.5279,0.8008,0.1357,0.7493,0.4704,0.0,,,False,False,64,200,ab9d62d1
2026-08-21 22:20:53,photo,demo,1,,B_demo_mix,0.8307,0.5371,0.8072,0.1399,0.8079,0.5166,0.0,,,False,False,64,200,258a5c86
2026-08-21 22:20:53,photo,demo,1,,E_demo_energy,0.8262,0.5227,0.7978,0.1360,0.7914,0.4995,0.0,,,False,False,64,200,63aea19c
2026-08-21 22:20:53,photo,demo,1,,E_demo_noenergy,0.8313,0.5279,0.8008,0.1357,0.7493,0.4704,0.0,,,False,False,64,200,ab9d62d1
2026-08-21 22:20:53,photo,demo,2,,B_demo,0.8275,0.5192,0.7728,0.1216,0.7641,0.4746,0.0,,,False,False,64,200,ab9d62d1
2026-08-21 22:20:53,photo,demo,2,,B_demo_mix,0.8388,0.5282,0.7811,0.1257,0.7663,0.4825,0.0,,,False,False,64,200,258a5c86
2026-08-21 22:20:53,photo,demo,3,,B_demo,0.8038,0.4923,0.7425,0.1159,0.7197,0.4480,0.0,,,False,False,64,200,ab9d62d1
2026-08-21 22:20:53,photo,demo,3,,B_demo_mix,0.8238,0.5106,0.7384,0.1158,0.7176,0.4509,0.0,,,False,False,64,200,258a5c86
2026-08-21 22:20:53,photo,demo,4,,B_demo_mix,0.8347,0.5300,0.7811,0.1254,0.7086,0.4325,0.0,,,False,False,64,200,258a5c86
2026-08-21 22:20:53,photo,demo,42,,B_demo,0.8656,0.5424,0.8126,0.1423,0.8435,0.5184,0.0,,,False,False,64,200,ab9d62d1
2026-08-21 22:20:53,photo,demo,42,,B_demo_mix,0.8820,0.5617,0.8352,0.1562,0.8357,0.5156,0.0,,,False,False,64,200,258a5c86
2026-08-21 22:20:53,photo,demo,42,,E_demo_energy,0.8775,0.5547,0.8203,0.1460,0.8268,0.5168,0.0,,,False,False,64,200,63aea19c
2026-08-21 22:20:53,photo,demo,42,,E_demo_noenergy,0.8656,0.5424,0.8126,0.1423,0.8435,0.5184,0.0,,,False,False,64,200,ab9d62d1
2026-08-21 22:20:53,photo,demo,5,,B_demo_mix,0.8581,0.5443,0.7906,0.1316,0.8349,0.5165,0.0,,,False,False,64,200,258a5c86
2026-08-21 22:20:53,photo,demo,6,,B_demo_mix,0.8364,0.5211,0.8200,0.1455,0.7092,0.4509,0.0,,,False,False,64,200,258a5c86
2026-08-21 22:20:53,photo,demo,7,,B_demo_mix,0.8223,0.5098,0.7745,0.1288,0.7470,0.4534,0.0,,,False,False,64,200,258a5c86
2026-08-21 22:20:53,photo,demo,8,,B_demo_mix,0.8651,0.5492,0.7974,0.1379,0.7890,0.4969,0.0,,,False,False,64,200,258a5c86
2026-08-21 22:20:53,photo,outpost,0,,A_main,0.8272,0.5156,0.7757,0.1246,0.7395,0.4742,0.0,True,True,False,False,64,200,067c5ecd
2026-08-21 22:20:53,photo,outpost,0,,C_nogate,0.8189,0.5141,0.7719,0.1230,0.6999,0.4376,0.0,True,True,False,False,64,200,837bf524
2026-08-21 22:20:53,photo,outpost,0,,C_nosynth,0.8453,0.5233,0.7821,0.1287,0.7444,0.4770,0.0,False,False,False,False,64,200,3b5412fb
2026-08-21 22:20:53,photo,outpost,0,,C_sim,0.7874,0.4963,0.7242,0.0981,0.6686,0.4495,1.0,True,True,False,False,64,200,ad27cfe9
2026-08-21 22:20:53,photo,outpost,0,,L_lean,0.7767,0.4930,0.6930,0.1078,0.7058,0.4584,0.0,True,True,False,False,64,200,23a39b01
2026-08-21 22:20:53,photo,outpost,0,,T_Kp12,0.8291,0.5177,0.7706,0.1230,0.6927,0.4444,0.0,True,True,False,False,64,200,6c6c85e4
2026-08-21 22:20:53,photo,outpost,0,,T_Kp4,0.8194,0.5110,0.7773,0.1236,0.7260,0.4621,0.0,True,True,False,False,64,200,8a42c252
2026-08-21 22:20:53,photo,outpost,0,,T_alpha0.01,0.8152,0.5137,0.7803,0.1252,0.7051,0.4405,0.0,True,True,False,False,64,200,bb427675
2026-08-21 22:20:53,photo,outpost,0,,T_drop0.3,0.8138,0.5118,0.7585,0.1197,0.7187,0.4661,0.0,True,True,False,False,64,200,c07a114e
2026-08-21 22:20:53,photo,outpost,0,,T_gateq0.8,0.8197,0.5115,0.7738,0.1232,0.7131,0.4530,0.0,True,True,False,False,64,200,a982316e
2026-08-21 22:20:53,photo,outpost,0,,T_hidden128,0.8385,0.5274,0.7732,0.1261,0.7614,0.4851,0.0,True,True,False,False,128,200,546656d9
2026-08-21 22:20:53,photo,outpost,0,,T_hidden32,0.8064,0.5039,0.7620,0.1197,0.7173,0.4602,0.0,True,True,False,False,32,200,c5d4a467
2026-08-21 22:20:53,photo,outpost,0,,T_lambda_un0.5,0.8113,0.5097,0.7618,0.1203,0.7131,0.4456,0.0,True,True,False,False,64,200,5ee50755
2026-08-21 22:20:53,photo,outpost,0,,T_lambda_un1.5,0.8243,0.5124,0.7778,0.1241,0.7063,0.4513,0.0,True,True,False,False,64,200,103f590c
2026-08-21 22:20:53,photo,outpost,0,,T_lean,0.8453,0.5233,0.7821,0.1287,0.7444,0.4770,0.0,False,False,False,False,64,200,3b5412fb
2026-08-21 22:20:53,photo,outpost,0,,T_lr0.003,0.8146,0.5110,0.7783,0.1431,0.7765,0.4896,0.0,True,True,False,False,64,200,82d9ffb8
2026-08-21 22:20:53,photo,outpost,0,,T_warmup15,0.8157,0.5121,0.7750,0.1580,0.6857,0.4173,0.0,True,True,False,False,64,200,ceebf5f0
2026-08-21 22:20:53,photo,outpost,1,,A_main,0.8270,0.5269,0.8030,0.1365,0.8046,0.5120,0.0,True,True,False,False,64,200,067c5ecd
2026-08-21 22:20:53,photo,outpost,1,,C_nogate,0.8258,0.5241,0.8045,0.1391,0.8070,0.5154,0.0,True,True,False,False,64,200,837bf524
2026-08-21 22:20:53,photo,outpost,1,,C_nosynth,0.8505,0.5412,0.7910,0.1349,0.7963,0.5037,0.0,False,False,False,False,64,200,3b5412fb
2026-08-21 22:20:53,photo,outpost,1,,C_sim,0.7784,0.5000,0.7471,0.1031,0.7379,0.4857,1.0,True,True,False,False,64,200,ad27cfe9
2026-08-21 22:20:53,photo,outpost,1,,L_lean,0.7759,0.4978,0.7246,0.1156,0.7308,0.4724,0.0,True,True,False,False,64,200,23a39b01
2026-08-21 22:20:53,photo,outpost,1,,T_Kp12,0.8366,0.5330,0.8062,0.1380,0.7704,0.4924,0.0,True,True,False,False,64,200,6c6c85e4
2026-08-21 22:20:53,photo,outpost,1,,T_Kp4,0.8314,0.5281,0.8052,0.1372,0.8161,0.5214,0.0,True,True,False,False,64,200,8a42c252
2026-08-21 22:20:53,photo,outpost,1,,T_alpha0.01,0.8127,0.5225,0.7954,0.1354,0.7956,0.5105,0.0,True,True,False,False,64,200,bb427675
2026-08-21 22:20:53,photo,outpost,1,,T_drop0.3,0.8399,0.5360,0.7990,0.1371,0.7978,0.5109,0.0,True,True,False,False,64,200,c07a114e
2026-08-21 22:20:53,photo,outpost,1,,T_gateq0.8,0.8309,0.5281,0.8099,0.1409,0.8010,0.5145,0.0,True,True,False,False,64,200,a982316e
2026-08-21 22:20:53,photo,outpost,1,,T_hidden128,0.8494,0.5415,0.8107,0.1482,0.7923,0.5082,0.0,True,True,False,False,128,200,546656d9
2026-08-21 22:20:53,photo,outpost,1,,T_hidden32,0.8543,0.5433,0.8098,0.1430,0.8090,0.5122,0.0,True,True,False,False,32,200,c5d4a467
2026-08-21 22:20:53,photo,outpost,1,,T_lambda_un0.5,0.8249,0.5279,0.7969,0.1383,0.8069,0.5200,0.0,True,True,False,False,64,200,5ee50755
2026-08-21 22:20:53,photo,outpost,1,,T_lambda_un1.5,0.8273,0.5251,0.8047,0.1383,0.7956,0.5049,0.0,True,True,False,False,64,200,103f590c
2026-08-21 22:20:53,photo,outpost,1,,T_lean,0.8505,0.5412,0.7910,0.1349,0.7963,0.5037,0.0,False,False,False,False,64,200,3b5412fb
2026-08-21 22:20:53,photo,outpost,1,,T_lr0.003,0.8559,0.5503,0.8276,0.1518,0.8087,0.5213,0.0,True,True,False,False,64,200,82d9ffb8
2026-08-21 22:20:53,photo,outpost,1,,T_warmup15,0.8390,0.5348,0.7972,0.1375,0.7851,0.4964,0.0,True,True,False,False,64,200,ceebf5f0
2026-08-21 22:20:53,photo,outpost,2,,A_main,0.8323,0.5209,0.7534,0.1166,0.7583,0.4804,0.0,True,True,False,False,64,200,067c5ecd
2026-08-21 22:20:53,photo,outpost,2,,C_nogate,0.8390,0.5235,0.7683,0.1184,0.7818,0.4911,0.0,True,True,False,False,64,200,837bf524
2026-08-21 22:20:53,photo,outpost,2,,C_nosynth,0.8406,0.5159,0.7672,0.1237,0.7839,0.4895,0.0,False,False,False,False,64,200,3b5412fb
2026-08-21 22:20:53,photo,outpost,2,,C_sim,0.7654,0.4795,0.6992,0.0918,0.6933,0.4562,1.0,True,True,False,False,64,200,ad27cfe9
2026-08-21 22:20:53,photo,outpost,2,,L_lean,0.8077,0.5106,0.7020,0.1069,0.7665,0.4888,0.0,True,True,False,False,64,200,23a39b01
2026-08-21 22:20:53,photo,outpost,3,,A_main,0.8111,0.5038,0.7499,0.1168,0.7323,0.4675,0.0,True,True,False,False,64,200,067c5ecd
2026-08-21 22:20:53,photo,outpost,3,,C_nogate,0.8195,0.5079,0.7569,0.1183,0.7400,0.4739,0.0,True,True,False,False,64,200,837bf524
2026-08-21 22:20:53,photo,outpost,3,,C_nosynth,0.8448,0.5234,0.7607,0.1228,0.7663,0.4867,0.0,False,False,False,False,64,200,3b5412fb
2026-08-21 22:20:53,photo,outpost,3,,C_sim,0.7235,0.4697,0.6914,0.0934,0.6588,0.4462,1.0,True,True,False,False,64,200,ad27cfe9
2026-08-21 22:20:53,photo,outpost,3,,L_lean,0.7829,0.4970,0.6959,0.1091,0.7269,0.4588,0.0,True,True,False,False,64,200,23a39b01
2026-08-21 22:20:53,photo,outpost,4,,A_main,0.8708,0.5535,0.7960,0.2010,0.7418,0.4529,0.0,True,True,False,False,64,200,067c5ecd
2026-08-21 22:20:53,photo,outpost,4,,L_lean,0.8027,0.5134,0.7137,0.1765,0.7342,0.4508,0.0,True,True,False,False,64,200,23a39b01
2026-08-21 22:20:53,photo,outpost,42,,A_main,0.8558,0.5368,0.8008,0.1331,0.8113,0.5018,0.0,True,True,False,False,64,200,067c5ecd
2026-08-21 22:20:53,photo,outpost,42,,C_nogate,0.8517,0.5337,0.7915,0.1260,0.8034,0.5023,0.0,True,True,False,False,64,200,837bf524
2026-08-21 22:20:53,photo,outpost,42,,C_nosynth,0.8635,0.5374,0.8013,0.1333,0.8176,0.5040,0.0,False,False,False,False,64,200,3b5412fb
2026-08-21 22:20:53,photo,outpost,42,,C_sim,0.8057,0.4981,0.7033,0.0930,0.7814,0.4838,1.0,True,True,False,False,64,200,ad27cfe9
2026-08-21 22:20:53,photo,outpost,42,,L_lean,0.8267,0.5179,0.7584,0.1183,0.7922,0.4880,0.0,True,True,False,False,64,200,23a39b01
2026-08-21 22:20:53,photo,outpost,42,,T_Kp12,0.8581,0.5441,0.8072,0.1361,0.7910,0.4927,0.0,True,True,False,False,64,200,6c6c85e4
2026-08-21 22:20:53,photo,outpost,42,,T_Kp4,0.8608,0.5441,0.7960,0.1297,0.8216,0.5144,0.0,True,True,False,False,64,200,8a42c252
2026-08-21 22:20:53,photo,outpost,42,,T_alpha0.01,0.8563,0.5354,0.7997,0.1293,0.8313,0.5215,0.0,True,True,False,False,64,200,bb427675
2026-08-21 22:20:53,photo,outpost,42,,T_drop0.3,0.8523,0.5239,0.7881,0.1253,0.7915,0.4880,0.0,True,True,False,False,64,200,c07a114e
2026-08-21 22:20:53,photo,outpost,42,,T_gateq0.8,0.8547,0.5355,0.7930,0.1269,0.8055,0.5008,0.0,True,True,False,False,64,200,a982316e
2026-08-21 22:20:53,photo,outpost,42,,T_hidden128,0.8490,0.5365,0.7956,0.1299,0.7892,0.4970,0.0,True,True,False,False,128,200,546656d9
2026-08-21 22:20:53,photo,outpost,42,,T_hidden32,0.8582,0.5355,0.8083,0.1523,0.8192,0.5088,0.0,True,True,False,False,32,200,c5d4a467
2026-08-21 22:20:53,photo,outpost,42,,T_lambda_un0.5,0.8580,0.5437,0.8029,0.1323,0.8290,0.5205,0.0,True,True,False,False,64,200,5ee50755
2026-08-21 22:20:53,photo,outpost,42,,T_lambda_un1.5,0.8480,0.5290,0.7905,0.1256,0.8190,0.5082,0.0,True,True,False,False,64,200,103f590c
2026-08-21 22:20:53,photo,outpost,42,,T_lean,0.8635,0.5374,0.8013,0.1333,0.8176,0.5040,0.0,False,False,False,False,64,200,3b5412fb
2026-08-21 22:20:53,photo,outpost,42,,T_lr0.003,0.8892,0.5684,0.8181,0.1406,0.7881,0.4608,0.0,True,True,False,False,64,200,82d9ffb8
2026-08-21 22:20:53,photo,outpost,42,,T_warmup15,0.8518,0.5296,0.7898,0.1299,0.8202,0.5145,0.0,True,True,False,False,64,200,ceebf5f0
2026-08-21 22:20:53,photo,outpost,5,,A_main,0.8827,0.5648,0.8012,0.1394,0.8661,0.5529,0.0,True,True,False,False,64,200,067c5ecd
2026-08-21 22:20:53,photo,outpost,5,,L_lean,0.8373,0.5135,0.7585,0.1212,0.8236,0.5024,0.0,True,True,False,False,64,200,23a39b01
2026-08-21 22:20:53,photo,outpost,6,,A_main,0.8085,0.5176,0.8121,0.1472,0.7299,0.4602,0.0,True,True,False,False,64,200,067c5ecd
2026-08-21 22:20:53,photo,outpost,6,,L_lean,0.7735,0.4861,0.7495,0.1218,0.7297,0.4670,0.0,True,True,False,False,64,200,23a39b01
2026-08-21 22:20:53,photo,outpost,7,,A_main,0.7953,0.4932,0.7461,0.1125,0.7439,0.4719,0.0,True,True,False,False,64,200,067c5ecd
2026-08-21 22:20:53,photo,outpost,7,,L_lean,0.7802,0.4968,0.6966,0.1035,0.7681,0.4879,0.0,True,True,False,False,64,200,23a39b01
2026-08-21 22:20:53,photo,outpost,8,,A_main,0.8637,0.5452,0.8074,0.1704,0.7942,0.5011,0.0,True,True,False,False,64,200,067c5ecd
2026-08-21 22:20:53,photo,outpost,8,,L_lean,0.8293,0.5298,0.7489,0.1261,0.7973,0.5099,0.0,True,True,False,False,64,200,23a39b01
2026-08-21 22:20:53,yelp,demo,0,,B_demo,0.7562,0.3988,0.0000,0.0000,0.7542,0.3925,0.0,,,False,False,64,400,86172e68
2026-08-21 22:20:53,yelp,demo,0,,B_demo_mix,0.7538,0.3970,0.0000,0.0000,0.7490,0.3780,0.0,,,False,False,64,400,b3e19142
2026-08-21 22:20:53,yelp,demo,1,,B_demo,0.7367,0.3427,0.0000,0.0000,0.7364,0.3389,0.0,,,False,False,64,400,86172e68
2026-08-21 22:20:53,yelp,demo,1,,B_demo_mix,0.7342,0.3423,0.0000,0.0000,0.7329,0.3377,0.0,,,False,False,64,400,b3e19142
2026-08-21 22:20:53,yelp,demo,2,,B_demo,0.7176,0.3569,0.0000,0.0000,0.7174,0.3550,0.0,,,False,False,64,400,86172e68
2026-08-21 22:20:53,yelp,demo,2,,B_demo_mix,0.7181,0.3520,0.0000,0.0000,0.7095,0.3284,0.0,,,False,False,64,400,b3e19142
2026-08-21 22:20:53,yelp,demo,3,,B_demo,0.7231,0.3231,0.0000,0.0000,0.7142,0.3065,0.0,,,False,False,64,400,86172e68
2026-08-21 22:20:53,yelp,demo,3,,B_demo_mix,0.7331,0.3426,0.0000,0.0000,0.7291,0.3383,0.0,,,False,False,64,400,b3e19142
2026-08-21 22:20:53,yelp,demo,4,,B_demo,0.7240,0.3349,0.0000,0.0000,0.7211,0.3309,0.0,,,False,False,64,400,86172e68
2026-08-21 22:20:53,yelp,demo,4,,B_demo_mix,0.7206,0.3328,0.0000,0.0000,0.7149,0.3292,0.0,,,False,False,64,400,b3e19142
2026-08-21 22:20:53,yelp,demo,42,,B_demo,0.7309,0.3535,0.0000,0.0000,0.7294,0.3408,0.0,,,False,False,64,400,86172e68
2026-08-21 22:20:53,yelp,demo,42,,B_demo_mix,0.7335,0.3564,0.0000,0.0000,0.7321,0.3522,0.0,,,False,False,64,400,b3e19142
2026-08-21 22:20:53,yelp,demo,5,,B_demo,0.7215,0.3412,0.0000,0.0000,0.7128,0.3339,0.0,,,False,False,64,400,86172e68
2026-08-21 22:20:53,yelp,demo,5,,B_demo_mix,0.7199,0.3350,0.0000,0.0000,0.7056,0.3090,0.0,,,False,False,64,400,b3e19142
2026-08-21 22:20:53,yelp,demo,6,,B_demo,0.7351,0.3394,0.0000,0.0000,0.7256,0.3311,0.0,,,False,False,64,400,86172e68
2026-08-21 22:20:53,yelp,demo,6,,B_demo_mix,0.7233,0.3176,0.0000,0.0000,0.7210,0.3032,0.0,,,False,False,64,400,b3e19142
2026-08-21 22:20:53,yelp,demo,7,,B_demo,0.7331,0.3760,0.0000,0.0000,0.7308,0.3672,0.0,,,False,False,64,400,86172e68
2026-08-21 22:20:53,yelp,demo,7,,B_demo_mix,0.7327,0.3714,0.0000,0.0000,0.7277,0.3646,0.0,,,False,False,64,400,b3e19142
2026-08-21 22:20:53,yelp,demo,8,,B_demo,0.7359,0.3493,0.0000,0.0000,0.7287,0.3368,0.0,,,False,False,64,400,86172e68
2026-08-21 22:20:53,yelp,demo,8,,B_demo_mix,0.7412,0.3569,0.0000,0.0000,0.7238,0.3309,0.0,,,False,False,64,400,b3e19142
2026-08-21 22:20:53,yelp,outpost,0,,A_main,0.7701,0.4358,0.5000,0.0000,0.7666,0.4072,1.0,False,False,False,False,32,400,bb3beb04
2026-08-21 22:20:53,yelp,outpost,0,,C_fview,0.7723,0.4370,0.5000,0.0000,0.7656,0.4032,1.0,False,False,True,False,32,400,68b4690e
2026-08-21 22:20:53,yelp,outpost,0,,C_hopmix,0.7762,0.4340,0.5000,0.0000,0.7664,0.3810,1.0,False,False,False,True,32,400,ae0df167
2026-08-21 22:20:53,yelp,outpost,0,,C_noconformal,0.7693,0.4324,0.5000,0.0000,0.7666,0.4072,1.0,False,False,False,False,32,400,8293bb2f
2026-08-21 22:20:53,yelp,outpost,0,,C_nogate,0.7701,0.4363,0.5000,0.0000,0.7661,0.4075,1.0,False,False,False,False,32,400,ad6dea6e
2026-08-21 22:20:53,yelp,outpost,0,,C_nopl,0.7725,0.4302,0.5000,0.0000,0.7699,0.4298,1.0,False,False,False,False,32,400,5c6e662e
2026-08-21 22:20:53,yelp,outpost,0,,C_nosim,0.7484,0.3826,0.5000,0.0000,0.7478,0.3733,0.0,False,False,False,False,32,400,7e0074c6
2026-08-21 22:20:53,yelp,outpost,0,,C_simplacebo,0.7489,0.3721,0.5000,0.0000,0.7452,0.3549,1.0,False,False,False,False,32,400,35ce802f
2026-08-21 22:20:53,yelp,outpost,0,,C_synth,0.7679,0.4139,0.5000,0.0000,0.7649,0.3982,1.0,True,True,False,False,32,400,7dfb0234
2026-08-21 22:20:53,yelp,outpost,0,,D_sim0.25,0.7546,0.4113,0.5000,0.0000,0.7504,0.3818,0.25,False,False,False,False,32,400,4073c523
2026-08-21 22:20:53,yelp,outpost,0,,D_sim0.5,0.7626,0.4107,0.5000,0.0000,0.7576,0.3879,0.5,False,False,False,False,32,400,265c258f
2026-08-21 22:20:53,yelp,outpost,0,,D_sim0.75,0.7633,0.4294,0.5000,0.0000,0.7601,0.3968,0.75,False,False,False,False,32,400,739bbbae
2026-08-21 22:20:53,yelp,outpost,0,,F_b100_sim0.0,0.7481,0.3853,0.5000,0.0000,0.7444,0.3674,0.0,False,False,False,False,32,400,07f5a08b
2026-08-21 22:20:53,yelp,outpost,0,,F_b100_sim1.0,0.7643,0.4220,0.5000,0.0000,0.7640,0.4148,1.0,False,False,False,False,32,400,19f7b2df
2026-08-21 22:20:53,yelp,outpost,0,,F_b200_sim0.0,0.7470,0.3811,0.5000,0.0000,0.7441,0.3638,0.0,False,False,False,False,32,400,793086b5
2026-08-21 22:20:53,yelp,outpost,0,,F_b200_sim1.0,0.7614,0.4171,0.5000,0.0000,0.7558,0.3793,1.0,False,False,False,False,32,400,e88020c5
2026-08-21 22:20:53,yelp,outpost,0,,F_b50_sim0.0,0.7476,0.3884,0.5000,0.0000,0.7459,0.3732,0.0,False,False,False,False,32,400,f1e9f69a
2026-08-21 22:20:53,yelp,outpost,0,,F_b50_sim1.0,0.7667,0.4324,0.5000,0.0000,0.7654,0.4048,1.0,False,False,False,False,32,400,d3e23b36
2026-08-21 22:20:53,yelp,outpost,0,,L_lean,0.7726,0.4311,0.5000,0.0000,0.7700,0.4297,1.0,False,False,False,False,32,400,760245d4
2026-08-21 22:20:53,yelp,outpost,0,,T_Kp2,0.7690,0.4381,0.5000,0.0000,0.7669,0.4104,1.0,False,False,False,False,32,400,cc1a9bcd
2026-08-21 22:20:53,yelp,outpost,0,,T_Kp6,0.7691,0.4367,0.5000,0.0000,0.7659,0.4056,1.0,False,False,False,False,32,400,7b664e90
2026-08-21 22:20:53,yelp,outpost,0,,T_alpha0.01,0.7686,0.4363,0.5000,0.0000,0.7661,0.4063,1.0,False,False,False,False,32,400,04f3215d
2026-08-21 22:20:53,yelp,outpost,0,,T_alpha0.10,0.7688,0.4369,0.5000,0.0000,0.7661,0.4063,1.0,False,False,False,False,32,400,ea5fc137
2026-08-21 22:20:53,yelp,outpost,0,,T_drop0.1,0.7682,0.4338,0.5000,0.0000,0.7673,0.4090,1.0,False,False,False,False,32,400,c36cfd1e
2026-08-21 22:20:53,yelp,outpost,0,,T_drop0.4,0.7699,0.4298,0.5000,0.0000,0.7677,0.4130,1.0,False,False,False,False,32,400,0e8e973e
2026-08-21 22:20:53,yelp,outpost,0,,T_hidden16,0.7563,0.4034,0.5000,0.0000,0.5987,0.1849,1.0,False,False,False,False,16,400,6bd4234a
2026-08-21 22:20:53,yelp,outpost,0,,T_hidden64,0.7701,0.4330,0.5000,0.0000,0.7652,0.3951,1.0,False,False,False,False,64,400,b02f36ee
2026-08-21 22:20:53,yelp,outpost,0,,T_lr0.003,0.7680,0.4366,0.5000,0.0000,0.7666,0.4121,1.0,False,False,False,False,32,400,08c4cc52
2026-08-21 22:20:53,yelp,outpost,0,,T_synth,0.7662,0.4107,0.5000,0.0000,0.7647,0.3990,1.0,True,True,False,False,32,400,7dfb0234
2026-08-21 22:20:53,yelp,outpost,0,,T_warmup20,0.7708,0.4353,0.5000,0.0000,0.7692,0.4169,1.0,False,False,False,False,32,400,1b56cb48
2026-08-21 22:20:53,yelp,outpost,0,,T_warmup5,0.7687,0.4383,0.5000,0.0000,0.7673,0.4373,1.0,False,False,False,False,32,400,99e62eff
2026-08-21 22:20:53,yelp,outpost,1,,A_main,0.7526,0.3751,0.5000,0.0000,0.7508,0.3730,1.0,False,False,False,False,32,400,bb3beb04
2026-08-21 22:20:53,yelp,outpost,1,,C_fview,0.7554,0.3821,0.5000,0.0000,0.7532,0.3683,1.0,False,False,True,False,32,400,68b4690e
2026-08-21 22:20:53,yelp,outpost,1,,C_hopmix,0.7518,0.3707,0.5000,0.0000,0.7513,0.3646,1.0,False,False,False,True,32,400,ae0df167
2026-08-21 22:20:53,yelp,outpost,1,,C_noconformal,0.7526,0.3742,0.5000,0.0000,0.7505,0.3720,1.0,False,False,False,False,32,400,8293bb2f
2026-08-21 22:20:53,yelp,outpost,1,,C_nogate,0.7536,0.3780,0.5000,0.0000,0.7522,0.3758,1.0,False,False,False,False,32,400,ad6dea6e
2026-08-21 22:20:53,yelp,outpost,1,,C_nopl,0.7561,0.3833,0.5000,0.0000,0.7535,0.3717,1.0,False,False,False,False,32,400,5c6e662e
2026-08-21 22:20:53,yelp,outpost,1,,C_nosim,0.7278,0.3406,0.5000,0.0000,0.7261,0.3379,0.0,False,False,False,False,32,400,7e0074c6
2026-08-21 22:20:53,yelp,outpost,1,,C_simplacebo,0.7246,0.3305,0.5000,0.0000,0.7229,0.3294,1.0,False,False,False,False,32,400,35ce802f
2026-08-21 22:20:53,yelp,outpost,1,,C_synth,0.7552,0.3938,0.5000,0.0000,0.7508,0.3661,1.0,True,True,False,False,32,400,7dfb0234
2026-08-21 22:20:53,yelp,outpost,1,,D_sim0.25,0.7345,0.3498,0.5000,0.0000,0.7306,0.3429,0.25,False,False,False,False,32,400,4073c523
2026-08-21 22:20:53,yelp,outpost,1,,D_sim0.5,0.7413,0.3580,0.5000,0.0000,0.7391,0.3495,0.5,False,False,False,False,32,400,265c258f
2026-08-21 22:20:53,yelp,outpost,1,,D_sim0.75,0.7446,0.3607,0.5000,0.0000,0.7445,0.3591,0.75,False,False,False,False,32,400,739bbbae
2026-08-21 22:20:54,yelp,outpost,1,,F_b100_sim0.0,0.7277,0.3392,0.5000,0.0000,0.7261,0.3371,0.0,False,False,False,False,32,400,07f5a08b
2026-08-21 22:20:54,yelp,outpost,1,,F_b100_sim1.0,0.7330,0.3519,0.5000,0.0000,0.7275,0.3459,1.0,False,False,False,False,32,400,19f7b2df
2026-08-21 22:20:54,yelp,outpost,1,,F_b200_sim0.0,0.7286,0.3418,0.5000,0.0000,0.7273,0.3390,0.0,False,False,False,False,32,400,793086b5
2026-08-21 22:20:54,yelp,outpost,1,,F_b200_sim1.0,0.7372,0.3474,0.5000,0.0000,0.7346,0.3461,1.0,False,False,False,False,32,400,e88020c5
2026-08-21 22:20:54,yelp,outpost,1,,F_b50_sim0.0,0.7279,0.3419,0.5000,0.0000,0.7263,0.3401,0.0,False,False,False,False,32,400,f1e9f69a
2026-08-21 22:20:54,yelp,outpost,1,,F_b50_sim1.0,0.7437,0.3645,0.5000,0.0000,0.7384,0.3597,1.0,False,False,False,False,32,400,d3e23b36
2026-08-21 22:20:54,yelp,outpost,1,,L_lean,0.7561,0.3829,0.5000,0.0000,0.7536,0.3718,1.0,False,False,False,False,32,400,760245d4
2026-08-21 22:20:54,yelp,outpost,1,,T_Kp2,0.7504,0.3759,0.5000,0.0000,0.7504,0.3664,1.0,False,False,False,False,32,400,cc1a9bcd
2026-08-21 22:20:54,yelp,outpost,1,,T_Kp6,0.7505,0.3751,0.5000,0.0000,0.7501,0.3627,1.0,False,False,False,False,32,400,7b664e90
2026-08-21 22:20:54,yelp,outpost,1,,T_alpha0.01,0.7506,0.3752,0.5000,0.0000,0.7501,0.3646,1.0,False,False,False,False,32,400,04f3215d
2026-08-21 22:20:54,yelp,outpost,1,,T_alpha0.10,0.7506,0.3752,0.5000,0.0000,0.7501,0.3646,1.0,False,False,False,False,32,400,ea5fc137
2026-08-21 22:20:54,yelp,outpost,1,,T_drop0.1,0.7520,0.3758,0.5000,0.0000,0.7513,0.3719,1.0,False,False,False,False,32,400,c36cfd1e
2026-08-21 22:20:54,yelp,outpost,1,,T_drop0.4,0.7602,0.3928,0.5000,0.0000,0.7589,0.3895,1.0,False,False,False,False,32,400,0e8e973e
2026-08-21 22:20:54,yelp,outpost,1,,T_hidden16,0.7437,0.3490,0.5000,0.0000,0.7437,0.3490,1.0,False,False,False,False,16,400,6bd4234a
2026-08-21 22:20:54,yelp,outpost,1,,T_hidden64,0.7470,0.3741,0.5000,0.0000,0.7470,0.3637,1.0,False,False,False,False,64,400,b02f36ee
2026-08-21 22:20:54,yelp,outpost,1,,T_lr0.003,0.7566,0.3824,0.5000,0.0000,0.7553,0.3701,1.0,False,False,False,False,32,400,08c4cc52
2026-08-21 22:20:54,yelp,outpost,1,,T_synth,0.7479,0.3724,0.5000,0.0000,0.7433,0.3493,1.0,True,True,False,False,32,400,7dfb0234
2026-08-21 22:20:54,yelp,outpost,1,,T_warmup20,0.7512,0.3738,0.5000,0.0000,0.7495,0.3705,1.0,False,False,False,False,32,400,1b56cb48
2026-08-21 22:20:54,yelp,outpost,1,,T_warmup5,0.7530,0.3790,0.5000,0.0000,0.7526,0.3702,1.0,False,False,False,False,32,400,99e62eff
2026-08-21 22:20:54,yelp,outpost,2,,A_main,0.7286,0.3829,0.5000,0.0000,0.7224,0.3504,1.0,False,False,False,False,32,400,bb3beb04
2026-08-21 22:20:54,yelp,outpost,2,,C_fview,0.7330,0.3826,0.5000,0.0000,0.7294,0.3645,1.0,False,False,True,False,32,400,68b4690e
2026-08-21 22:20:54,yelp,outpost,2,,C_hopmix,0.7054,0.3450,0.5000,0.0000,0.7047,0.3420,1.0,False,False,False,True,32,400,ae0df167
2026-08-21 22:20:54,yelp,outpost,2,,C_noconformal,0.7286,0.3829,0.5000,0.0000,0.7224,0.3504,1.0,False,False,False,False,32,400,8293bb2f
2026-08-21 22:20:54,yelp,outpost,2,,C_nogate,0.7287,0.3832,0.5000,0.0000,0.7218,0.3502,1.0,False,False,False,False,32,400,ad6dea6e
2026-08-21 22:20:54,yelp,outpost,2,,C_nopl,0.7381,0.3903,0.5000,0.0000,0.7355,0.3760,1.0,False,False,False,False,32,400,5c6e662e
2026-08-21 22:20:54,yelp,outpost,2,,C_nosim,0.7016,0.3149,0.5000,0.0000,0.7002,0.3127,0.0,False,False,False,False,32,400,7e0074c6
2026-08-21 22:20:54,yelp,outpost,2,,C_simplacebo,0.6990,0.3176,0.5000,0.0000,0.6975,0.3128,1.0,False,False,False,False,32,400,35ce802f
2026-08-21 22:20:54,yelp,outpost,2,,C_synth,0.7233,0.3385,0.5000,0.0000,0.7130,0.2840,1.0,True,True,False,False,32,400,7dfb0234
2026-08-21 22:20:54,yelp,outpost,2,,D_sim0.25,0.7064,0.3238,0.5000,0.0000,0.7052,0.3199,0.25,False,False,False,False,32,400,4073c523
2026-08-21 22:20:54,yelp,outpost,2,,D_sim0.5,0.7157,0.3427,0.5000,0.0000,0.7141,0.3359,0.5,False,False,False,False,32,400,265c258f
2026-08-21 22:20:54,yelp,outpost,2,,D_sim0.75,0.7241,0.3573,0.5000,0.0000,0.7241,0.3569,0.75,False,False,False,False,32,400,739bbbae
2026-08-21 22:20:54,yelp,outpost,2,,F_b100_sim0.0,0.7033,0.3181,0.5000,0.0000,0.7010,0.3143,0.0,False,False,False,False,32,400,07f5a08b
2026-08-21 22:20:54,yelp,outpost,2,,F_b100_sim1.0,0.7199,0.3530,0.5000,0.0000,0.7199,0.3524,1.0,False,False,False,False,32,400,19f7b2df
2026-08-21 22:20:54,yelp,outpost,2,,F_b200_sim0.0,0.7030,0.3178,0.5000,0.0000,0.7025,0.3161,0.0,False,False,False,False,32,400,793086b5
2026-08-21 22:20:54,yelp,outpost,2,,F_b200_sim1.0,0.7162,0.3576,0.5000,0.0000,0.7142,0.3413,1.0,False,False,False,False,32,400,e88020c5
2026-08-21 22:20:54,yelp,outpost,2,,F_b50_sim0.0,0.7019,0.3159,0.5000,0.0000,0.6983,0.3092,0.0,False,False,False,False,32,400,f1e9f69a
2026-08-21 22:20:54,yelp,outpost,2,,F_b50_sim1.0,0.7240,0.3673,0.5000,0.0000,0.7200,0.3472,1.0,False,False,False,False,32,400,d3e23b36
2026-08-21 22:20:54,yelp,outpost,2,,L_lean,0.7381,0.3923,0.5000,0.0000,0.7356,0.3790,1.0,False,False,False,False,32,400,760245d4
2026-08-21 22:20:54,yelp,outpost,3,,A_main,0.7163,0.3438,0.5000,0.0000,0.7106,0.3182,1.0,False,False,False,False,32,400,bb3beb04
2026-08-21 22:20:54,yelp,outpost,3,,C_fview,0.7239,0.3565,0.5000,0.0000,0.7119,0.3266,1.0,False,False,True,False,32,400,68b4690e
2026-08-21 22:20:54,yelp,outpost,3,,C_hopmix,0.7194,0.3460,0.5000,0.0000,0.7118,0.3143,1.0,False,False,False,True,32,400,ae0df167
2026-08-21 22:20:54,yelp,outpost,3,,C_noconformal,0.7163,0.3382,0.5000,0.0000,0.7066,0.3173,1.0,False,False,False,False,32,400,8293bb2f
2026-08-21 22:20:54,yelp,outpost,3,,C_nogate,0.7163,0.3423,0.5000,0.0000,0.7094,0.3147,1.0,False,False,False,False,32,400,ad6dea6e
2026-08-21 22:20:54,yelp,outpost,3,,C_nopl,0.7384,0.3647,0.5000,0.0000,0.7352,0.3582,1.0,False,False,False,False,32,400,5c6e662e
2026-08-21 22:20:54,yelp,outpost,3,,C_nosim,0.7027,0.2963,0.5000,0.0000,0.7017,0.2933,0.0,False,False,False,False,32,400,7e0074c6
2026-08-21 22:20:54,yelp,outpost,3,,C_simplacebo,0.7028,0.3002,0.5000,0.0000,0.7002,0.2955,1.0,False,False,False,False,32,400,35ce802f
2026-08-21 22:20:54,yelp,outpost,3,,C_synth,0.7302,0.3347,0.5000,0.0000,0.7275,0.3207,1.0,True,True,False,False,32,400,7dfb0234
2026-08-21 22:20:54,yelp,outpost,3,,D_sim0.25,0.7075,0.3077,0.5000,0.0000,0.6985,0.2960,0.25,False,False,False,False,32,400,4073c523
2026-08-21 22:20:54,yelp,outpost,3,,D_sim0.5,0.7049,0.3105,0.5000,0.0000,0.6931,0.3071,0.5,False,False,False,False,32,400,265c258f
2026-08-21 22:20:54,yelp,outpost,3,,D_sim0.75,0.7124,0.3222,0.5000,0.0000,0.6976,0.3109,0.75,False,False,False,False,32,400,739bbbae
2026-08-21 22:20:54,yelp,outpost,3,,F_b100_sim0.0,0.7017,0.2996,0.5000,0.0000,0.6949,0.2895,0.0,False,False,False,False,32,400,07f5a08b
2026-08-21 22:20:54,yelp,outpost,3,,F_b100_sim1.0,0.7099,0.3325,0.5000,0.0000,0.7019,0.3038,1.0,False,False,False,False,32,400,19f7b2df
2026-08-21 22:20:54,yelp,outpost,3,,F_b200_sim0.0,0.7039,0.3032,0.5000,0.0000,0.6977,0.2923,0.0,False,False,False,False,32,400,793086b5
2026-08-21 22:20:54,yelp,outpost,3,,F_b200_sim1.0,0.7084,0.3214,0.5000,0.0000,0.6974,0.2975,1.0,False,False,False,False,32,400,e88020c5
2026-08-21 22:20:54,yelp,outpost,3,,F_b50_sim0.0,0.7012,0.3017,0.5000,0.0000,0.6951,0.2934,0.0,False,False,False,False,32,400,f1e9f69a
2026-08-21 22:20:54,yelp,outpost,3,,F_b50_sim1.0,0.7144,0.3470,0.5000,0.0000,0.7048,0.3402,1.0,False,False,False,False,32,400,d3e23b36
2026-08-21 22:20:54,yelp,outpost,3,,L_lean,0.7384,0.3640,0.5000,0.0000,0.7350,0.3576,1.0,False,False,False,False,32,400,760245d4
2026-08-21 22:20:54,yelp,outpost,4,,A_main,0.7458,0.3929,0.5000,0.0000,0.7423,0.3897,1.0,False,False,False,False,32,400,bb3beb04
2026-08-21 22:20:54,yelp,outpost,4,,C_nogate,0.7462,0.3932,0.5000,0.0000,0.7426,0.3835,1.0,False,False,False,False,32,400,ad6dea6e
2026-08-21 22:20:54,yelp,outpost,4,,C_nopl,0.7473,0.3936,0.5000,0.0000,0.7465,0.3874,1.0,False,False,False,False,32,400,5c6e662e
2026-08-21 22:20:54,yelp,outpost,4,,C_nosim,0.7132,0.3291,0.5000,0.0000,0.7108,0.3270,0.0,False,False,False,False,32,400,7e0074c6
2026-08-21 22:20:54,yelp,outpost,4,,C_simplacebo,0.7086,0.3236,0.5000,0.0000,0.7077,0.3210,1.0,False,False,False,False,32,400,35ce802f
2026-08-21 22:20:54,yelp,outpost,4,,L_lean,0.7457,0.3935,0.5000,0.0000,0.7456,0.3877,1.0,False,False,False,False,32,400,760245d4
2026-08-21 22:20:54,yelp,outpost,42,,A_main,0.7513,0.3977,0.5000,0.0000,0.7500,0.3740,1.0,False,False,False,False,32,400,bb3beb04
2026-08-21 22:20:54,yelp,outpost,42,,C_fview,0.7515,0.3947,0.5000,0.0000,0.7505,0.3847,1.0,False,False,True,False,32,400,68b4690e
2026-08-21 22:20:54,yelp,outpost,42,,C_hopmix,0.7600,0.3816,0.5000,0.0000,0.7590,0.3810,1.0,False,False,False,True,32,400,ae0df167
2026-08-21 22:20:54,yelp,outpost,42,,C_noconformal,0.7513,0.3937,0.5000,0.0000,0.7500,0.3740,1.0,False,False,False,False,32,400,8293bb2f
2026-08-21 22:20:54,yelp,outpost,42,,C_nogate,0.7510,0.3968,0.5000,0.0000,0.7492,0.3688,1.0,False,False,False,False,32,400,ad6dea6e
2026-08-21 22:20:54,yelp,outpost,42,,C_nopl,0.7590,0.3966,0.5000,0.0000,0.7587,0.3887,1.0,False,False,False,False,32,400,5c6e662e
2026-08-21 22:20:54,yelp,outpost,42,,C_nosim,0.7310,0.3525,0.5000,0.0000,0.7232,0.3458,0.0,False,False,False,False,32,400,7e0074c6
2026-08-21 22:20:54,yelp,outpost,42,,C_simplacebo,0.7302,0.3477,0.5000,0.0000,0.7247,0.3468,1.0,False,False,False,False,32,400,35ce802f
2026-08-21 22:20:54,yelp,outpost,42,,C_synth,0.7341,0.2954,0.5000,0.0000,0.7190,0.2865,1.0,True,True,False,False,32,400,7dfb0234
2026-08-21 22:20:54,yelp,outpost,42,,D_sim0.25,0.7376,0.3700,0.5000,0.0000,0.7355,0.3486,0.25,False,False,False,False,32,400,4073c523
2026-08-21 22:20:54,yelp,outpost,42,,D_sim0.5,0.7484,0.3941,0.5000,0.0000,0.7479,0.3683,0.5,False,False,False,False,32,400,265c258f
2026-08-21 22:20:54,yelp,outpost,42,,D_sim0.75,0.7478,0.3786,0.5000,0.0000,0.7456,0.3606,0.75,False,False,False,False,32,400,739bbbae
2026-08-21 22:20:54,yelp,outpost,42,,F_b100_sim0.0,0.7324,0.3615,0.5000,0.0000,0.7292,0.3516,0.0,False,False,False,False,32,400,07f5a08b
2026-08-21 22:20:54,yelp,outpost,42,,F_b100_sim1.0,0.7457,0.3786,0.5000,0.0000,0.7446,0.3567,1.0,False,False,False,False,32,400,19f7b2df
2026-08-21 22:20:54,yelp,outpost,42,,F_b200_sim0.0,0.7334,0.3597,0.5000,0.0000,0.7307,0.3530,0.0,False,False,False,False,32,400,793086b5
2026-08-21 22:20:54,yelp,outpost,42,,F_b200_sim1.0,0.7446,0.3687,0.5000,0.0000,0.7432,0.3495,1.0,False,False,False,False,32,400,e88020c5
2026-08-21 22:20:54,yelp,outpost,42,,F_b50_sim0.0,0.7343,0.3632,0.5000,0.0000,0.7298,0.3582,0.0,False,False,False,False,32,400,f1e9f69a
2026-08-21 22:20:54,yelp,outpost,42,,F_b50_sim1.0,0.7480,0.3968,0.5000,0.0000,0.7438,0.3658,1.0,False,False,False,False,32,400,d3e23b36
2026-08-21 22:20:54,yelp,outpost,42,,L_lean,0.7589,0.3948,0.5000,0.0000,0.7586,0.3889,1.0,False,False,False,False,32,400,760245d4
2026-08-21 22:20:54,yelp,outpost,42,,T_Kp2,0.7512,0.3967,0.5000,0.0000,0.7489,0.3967,1.0,False,False,False,False,32,400,cc1a9bcd
2026-08-21 22:20:54,yelp,outpost,42,,T_Kp6,0.7494,0.3802,0.5000,0.0000,0.7443,0.3802,1.0,False,False,False,False,32,400,7b664e90
2026-08-21 22:20:54,yelp,outpost,42,,T_alpha0.01,0.7509,0.3934,0.5000,0.0000,0.7488,0.3916,1.0,False,False,False,False,32,400,04f3215d
2026-08-21 22:20:54,yelp,outpost,42,,T_alpha0.10,0.7509,0.3934,0.5000,0.0000,0.7488,0.3916,1.0,False,False,False,False,32,400,ea5fc137
2026-08-21 22:20:54,yelp,outpost,42,,T_drop0.1,0.7505,0.3951,0.5000,0.0000,0.7430,0.3949,1.0,False,False,False,False,32,400,c36cfd1e
2026-08-21 22:20:54,yelp,outpost,42,,T_drop0.4,0.7553,0.3807,0.5000,0.0000,0.7552,0.3785,1.0,False,False,False,False,32,400,0e8e973e
2026-08-21 22:20:54,yelp,outpost,42,,T_hidden16,0.7413,0.3377,0.5000,0.0000,0.7413,0.3377,1.0,False,False,False,False,16,400,6bd4234a
2026-08-21 22:20:54,yelp,outpost,42,,T_hidden64,0.7389,0.3751,0.5000,0.0000,0.7322,0.3719,1.0,False,False,False,False,64,400,b02f36ee
2026-08-21 22:20:54,yelp,outpost,42,,T_lr0.003,0.7527,0.4069,0.5000,0.0000,0.7520,0.4063,1.0,False,False,False,False,32,400,08c4cc52
2026-08-21 22:20:54,yelp,outpost,42,,T_synth,0.7287,0.2926,0.5000,0.0000,0.7140,0.2894,1.0,True,True,False,False,32,400,7dfb0234
2026-08-21 22:20:54,yelp,outpost,42,,T_warmup20,0.7488,0.3849,0.5000,0.0000,0.7475,0.3776,1.0,False,False,False,False,32,400,1b56cb48
2026-08-21 22:20:54,yelp,outpost,42,,T_warmup5,0.7490,0.3772,0.5000,0.0000,0.7429,0.3772,1.0,False,False,False,False,32,400,99e62eff
2026-08-21 22:20:54,yelp,outpost,5,,A_main,0.7376,0.3635,0.5000,0.0000,0.7369,0.3615,1.0,False,False,False,False,32,400,bb3beb04
2026-08-21 22:20:54,yelp,outpost,5,,C_nogate,0.7370,0.3628,0.5000,0.0000,0.7365,0.3611,1.0,False,False,False,False,32,400,ad6dea6e
2026-08-21 22:20:54,yelp,outpost,5,,C_nopl,0.7393,0.3676,0.5000,0.0000,0.7393,0.3676,1.0,False,False,False,False,32,400,5c6e662e
2026-08-21 22:20:54,yelp,outpost,5,,C_nosim,0.7114,0.3205,0.5000,0.0000,0.7091,0.3164,0.0,False,False,False,False,32,400,7e0074c6
2026-08-21 22:20:54,yelp,outpost,5,,C_simplacebo,0.7081,0.3133,0.5000,0.0000,0.7079,0.3132,1.0,False,False,False,False,32,400,35ce802f
2026-08-21 22:20:54,yelp,outpost,5,,L_lean,0.7392,0.3676,0.5000,0.0000,0.7392,0.3676,1.0,False,False,False,False,32,400,760245d4
2026-08-21 22:20:54,yelp,outpost,6,,A_main,0.7374,0.3277,0.5000,0.0000,0.7374,0.3277,1.0,False,False,False,False,32,400,bb3beb04
2026-08-21 22:20:54,yelp,outpost,6,,C_nogate,0.7374,0.3354,0.5000,0.0000,0.7343,0.3354,1.0,False,False,False,False,32,400,ad6dea6e
2026-08-21 22:20:54,yelp,outpost,6,,C_nopl,0.7499,0.3377,0.5000,0.0000,0.7498,0.3375,1.0,False,False,False,False,32,400,5c6e662e
2026-08-21 22:20:54,yelp,outpost,6,,C_nosim,0.7092,0.2917,0.5000,0.0000,0.7057,0.2873,0.0,False,False,False,False,32,400,7e0074c6
2026-08-21 22:20:54,yelp,outpost,6,,C_simplacebo,0.7006,0.2835,0.5000,0.0000,0.7006,0.2835,1.0,False,False,False,False,32,400,35ce802f
2026-08-21 22:20:54,yelp,outpost,6,,L_lean,0.7499,0.3377,0.5000,0.0000,0.7498,0.3375,1.0,False,False,False,False,32,400,760245d4
2026-08-21 22:20:54,yelp,outpost,7,,A_main,0.7613,0.4300,0.5000,0.0000,0.7608,0.4296,1.0,False,False,False,False,32,400,bb3beb04
2026-08-21 22:20:54,yelp,outpost,7,,C_nogate,0.7663,0.4333,0.5000,0.0000,0.7658,0.4311,1.0,False,False,False,False,32,400,ad6dea6e
2026-08-21 22:20:54,yelp,outpost,7,,C_nopl,0.7571,0.4214,0.5000,0.0000,0.7557,0.4214,1.0,False,False,False,False,32,400,5c6e662e
2026-08-21 22:20:54,yelp,outpost,7,,C_nosim,0.7278,0.3717,0.5000,0.0000,0.7245,0.3681,0.0,False,False,False,False,32,400,7e0074c6
2026-08-21 22:20:54,yelp,outpost,7,,C_simplacebo,0.7241,0.3620,0.5000,0.0000,0.7219,0.3602,1.0,False,False,False,False,32,400,35ce802f
2026-08-21 22:20:54,yelp,outpost,7,,L_lean,0.7586,0.4235,0.5000,0.0000,0.7568,0.4228,1.0,False,False,False,False,32,400,760245d4
2026-08-21 22:20:54,yelp,outpost,8,,A_main,0.7473,0.3750,0.5000,0.0000,0.7471,0.3744,1.0,False,False,False,False,32,400,bb3beb04
2026-08-21 22:20:54,yelp,outpost,8,,C_nogate,0.7469,0.3741,0.5000,0.0000,0.7402,0.3655,1.0,False,False,False,False,32,400,ad6dea6e
2026-08-21 22:20:54,yelp,outpost,8,,C_nopl,0.7491,0.3772,0.5000,0.0000,0.7474,0.3749,1.0,False,False,False,False,32,400,5c6e662e
2026-08-21 22:20:54,yelp,outpost,8,,C_nosim,0.7118,0.3205,0.5000,0.0000,0.7105,0.3195,0.0,False,False,False,False,32,400,7e0074c6
2026-08-21 22:20:54,yelp,outpost,8,,C_simplacebo,0.7100,0.3183,0.5000,0.0000,0.7084,0.3176,1.0,False,False,False,False,32,400,35ce802f
2026-08-21 22:20:54,yelp,outpost,8,,L_lean,0.7493,0.3775,0.5000,0.0000,0.7476,0.3754,1.0,False,False,False,False,32,400,760245d4
2026-08-24 11:24:48,photo,demo,42,,budgetcheck,0.6496,0.1344,0.6361,0.1040,0.6496,0.1344,0.0,,,False,False,64,2,0bd5b39e
2026-08-24 11:34:49,photo,outpost,0,,G_b5_sim1.0,0.7649,0.4799,0.7086,0.0908,0.6333,0.4164,1.0,True,True,False,False,64,200,06a17e04
2026-08-24 11:34:50,photo,outpost,2,,G_b5_sim1.0,0.7812,0.4861,0.6749,0.0867,0.7400,0.4671,1.0,True,True,False,False,64,200,06a17e04
2026-08-24 11:34:52,photo,outpost,1,,G_b5_sim1.0,0.7556,0.4858,0.7426,0.0979,0.7203,0.4715,1.0,True,True,False,False,64,200,06a17e04
2026-08-24 11:34:58,photo,outpost,3,,G_b5_sim1.0,0.7635,0.4707,0.6899,0.0874,0.6849,0.4387,1.0,True,True,False,False,64,200,06a17e04
2026-08-24 11:35:00,photo,outpost,42,,G_b5_sim1.0,0.7879,0.4863,0.7104,0.0963,0.7721,0.4724,1.0,True,True,False,False,64,200,06a17e04
2026-08-24 11:35:02,photo,outpost,42,,G_b5_sim0.0,0.8577,0.5433,0.8049,0.1334,0.8023,0.4995,0.0,True,True,False,False,64,200,bc27011d
2026-08-24 11:44:56,photo,outpost,0,,G_b5_sim0.0,0.8191,0.5204,0.7787,0.1272,0.7130,0.4569,0.0,True,True,False,False,64,200,bc27011d
2026-08-24 11:44:58,photo,outpost,2,,G_b5_sim0.0,0.8395,0.5249,0.7638,0.1171,0.7785,0.4866,0.0,True,True,False,False,64,200,bc27011d
2026-08-24 11:44:59,photo,outpost,1,,G_b5_sim0.0,0.8193,0.5297,0.8041,0.1386,0.7965,0.5153,0.0,True,True,False,False,64,200,bc27011d
2026-08-24 11:45:37,photo,outpost,3,,G_b5_sim0.0,0.8174,0.5031,0.7518,0.1157,0.6925,0.4324,0.0,True,True,False,False,64,200,bc27011d
2026-08-24 11:46:54,photo,outpost,0,,G_b10_sim1.0,0.7846,0.4877,0.7398,0.1283,0.6548,0.4426,1.0,True,True,False,False,64,200,cc0419e6
2026-08-24 11:46:57,photo,outpost,42,,G_b10_sim1.0,0.7864,0.4800,0.7076,0.0906,0.7380,0.4554,1.0,True,True,False,False,64,200,cc0419e6
2026-08-24 11:57:19,photo,outpost,1,,G_b10_sim1.0,0.8016,0.5041,0.7543,0.1008,0.7443,0.4800,1.0,True,True,False,False,64,200,cc0419e6
2026-08-24 11:57:25,photo,outpost,3,,G_b10_sim1.0,0.7434,0.4688,0.7017,0.0936,0.6529,0.4438,1.0,True,True,False,False,64,200,cc0419e6
2026-08-24 11:57:26,photo,outpost,2,,G_b10_sim1.0,0.7571,0.4736,0.6742,0.0864,0.7192,0.4574,1.0,True,True,False,False,64,200,cc0419e6
2026-08-24 11:57:33,photo,outpost,42,,G_b10_sim0.0,0.8581,0.5378,0.8006,0.1329,0.7984,0.5022,0.0,True,True,False,False,64,200,ac16188b
2026-08-24 11:59:27,photo,outpost,0,,G_b10_sim0.0,0.8316,0.5230,0.7744,0.1233,0.7157,0.4577,0.0,True,True,False,False,64,200,ac16188b
2026-08-24 11:59:29,photo,outpost,1,,G_b10_sim0.0,0.8256,0.5327,0.8094,0.1438,0.7972,0.5157,0.0,True,True,False,False,64,200,ac16188b
2026-08-24 12:10:34,photo,outpost,2,,G_b10_sim0.0,0.8477,0.5278,0.7697,0.1193,0.7772,0.4874,0.0,True,True,False,False,64,200,ac16188b
2026-08-24 12:10:38,photo,outpost,3,,G_b10_sim0.0,0.8278,0.5142,0.7664,0.1210,0.7318,0.4659,0.0,True,True,False,False,64,200,ac16188b
2026-08-24 12:16:37,photo,outpost,42,,G_b50_sim1.0,0.7939,0.4915,0.7071,0.0962,0.7271,0.4578,1.0,True,True,False,False,64,200,a620969f
2026-08-24 12:18:09,photo,outpost,0,,G_b50_sim1.0,0.7876,0.4957,0.7108,0.0998,0.6477,0.4467,1.0,True,True,False,False,64,200,a620969f
2026-08-24 12:20:46,photo,outpost,1,,G_b50_sim1.0,0.8070,0.5197,0.7760,0.1137,0.7217,0.4851,1.0,True,True,False,False,64,200,a620969f
2026-08-24 12:20:50,photo,outpost,2,,G_b50_sim1.0,0.7799,0.4830,0.7039,0.0950,0.7180,0.4648,1.0,True,True,False,False,64,200,a620969f
2026-08-24 12:28:23,photo,outpost,42,,G_b50_sim0.0,0.8540,0.5345,0.8008,0.1321,0.8147,0.5112,0.0,True,True,False,False,64,200,0da91895
2026-08-24 12:31:00,photo,outpost,3,,G_b50_sim1.0,0.7632,0.4862,0.7263,0.1153,0.6707,0.4505,1.0,True,True,False,False,64,200,a620969f
2026-08-24 12:34:09,photo,outpost,0,,G_b50_sim0.0,0.8192,0.5140,0.7709,0.1240,0.6973,0.4526,0.0,True,True,False,False,64,200,0da91895
2026-08-24 12:34:56,photo,outpost,1,,G_b50_sim0.0,0.8253,0.5233,0.7975,0.1359,0.7988,0.5069,0.0,True,True,False,False,64,200,0da91895
2026-08-24 12:38:04,photo,outpost,3,,G_b50_sim0.0,0.8328,0.5202,0.7597,0.1193,0.7363,0.4686,0.0,True,True,False,False,64,200,0da91895
2026-08-24 12:38:09,photo,outpost,2,,G_b50_sim0.0,0.8262,0.5180,0.7631,0.1191,0.7568,0.4797,0.0,True,True,False,False,64,200,0da91895
2026-08-24 12:50:50,photo,outpost,42,,G_b100_sim1.0,0.7834,0.4877,0.7369,0.1030,0.7538,0.4815,1.0,True,True,False,False,64,200,9232970e
2026-08-24 12:53:37,photo,outpost,0,,G_b100_sim1.0,0.7794,0.4917,0.7299,0.1051,0.6610,0.4461,1.0,True,True,False,False,64,200,9232970e
2026-08-24 12:56:35,photo,outpost,2,,G_b100_sim1.0,0.7538,0.4772,0.7039,0.0965,0.6992,0.4608,1.0,True,True,False,False,64,200,9232970e
2026-08-24 12:56:41,photo,outpost,1,,G_b100_sim1.0,0.7997,0.5148,0.7673,0.1144,0.7487,0.4919,1.0,True,True,False,False,64,200,9232970e
2026-08-24 12:57:12,photo,outpost,42,,G_b100_sim0.0,0.8456,0.5282,0.7893,0.1284,0.8105,0.5049,0.0,True,True,False,False,64,200,655c4adc
2026-08-24 13:00:12,photo,outpost,3,,G_b100_sim1.0,0.7564,0.4847,0.6929,0.0997,0.6905,0.4591,1.0,True,True,False,False,64,200,9232970e
2026-08-24 13:07:27,photo,demo,0,,H_anom100,0.7918,0.4597,0.7206,0.1133,0.6951,0.4086,0.0,,,False,False,64,200,32ab8d01
2026-08-24 13:08:52,photo,outpost,0,,G_b100_sim0.0,0.8197,0.5168,0.7774,0.1246,0.7384,0.4756,0.0,True,True,False,False,64,200,655c4adc
2026-08-24 13:09:10,photo,demo,42,,H_anom100,0.8443,0.4888,0.8183,0.1477,0.7337,0.4167,0.0,,,False,False,64,200,32ab8d01
2026-08-24 13:10:08,photo,outpost,2,,G_b100_sim0.0,0.8304,0.5170,0.7613,0.1166,0.7546,0.4784,0.0,True,True,False,False,64,200,655c4adc
2026-08-24 13:11:26,photo,outpost,1,,G_b100_sim0.0,0.8389,0.5274,0.7963,0.1346,0.8125,0.5164,0.0,True,True,False,False,64,200,655c4adc
2026-08-24 13:13:36,photo,outpost,3,,G_b100_sim0.0,0.8121,0.5032,0.7529,0.1183,0.7128,0.4581,0.0,True,True,False,False,64,200,655c4adc
2026-08-24 13:16:20,photo,demo,1,,H_anom100,0.8631,0.5187,0.8189,0.1447,0.8107,0.4840,0.0,,,False,False,64,200,32ab8d01
2026-08-24 13:19:56,photo,demo,0,,H_anom200,0.7683,0.3362,0.7372,0.1178,0.6907,0.3024,0.0,,,False,False,64,200,1ed36585
2026-08-24 13:20:16,photo,demo,42,,H_anom200,0.8098,0.3521,0.7721,0.1319,0.7254,0.2985,0.0,,,False,False,64,200,1ed36585
2026-08-24 13:20:54,photo,demo,1,,H_anom200,0.7845,0.3509,0.7850,0.1274,0.7120,0.3223,0.0,,,False,False,64,200,1ed36585
2026-08-24 13:22:07,photo,demo,42,,H_norm0.10,0.8467,0.5342,0.7893,0.1374,0.8189,0.5073,0.0,,,False,False,64,200,1b29f20b
2026-08-24 13:24:25,photo,demo,0,,H_norm0.10,0.7861,0.5047,0.7051,0.1180,0.7500,0.4811,0.0,,,False,False,64,200,1b29f20b
2026-08-24 13:27:03,photo,demo,1,,H_norm0.10,0.8282,0.5238,0.7791,0.1328,0.7746,0.4939,0.0,,,False,False,64,200,1b29f20b
2026-08-24 13:30:12,photo,demo,42,,H_norm0.20,0.8410,0.5425,0.8005,0.1577,0.8381,0.5349,0.0,,,False,False,64,200,b79df96b
2026-08-24 13:30:23,photo,demo,0,,H_norm0.20,0.7874,0.5162,0.7142,0.1311,0.7389,0.4899,0.0,,,False,False,64,200,b79df96b
2026-08-24 13:30:57,photo,demo,1,,H_norm0.20,0.8200,0.5200,0.7678,0.1435,0.7471,0.4864,0.0,,,False,False,64,200,b79df96b
2026-08-24 13:40:21,photo,demo,0,,H_ep400,0.8787,0.5703,0.8112,0.1441,0.7539,0.4777,0.0,,,False,False,64,400,82e18004
2026-08-24 13:43:27,photo,demo,42,,H_ep400,0.9185,0.6294,0.8681,0.2018,0.8589,0.5347,0.0,,,False,False,64,400,82e18004
2026-08-24 13:46:48,photo,demo,1,,H_ep400,0.8784,0.5772,0.8294,0.1658,0.8209,0.5379,0.0,,,False,False,64,400,82e18004
2026-08-24 14:03:09,photo,outpost,0,,E400_outpost,0.8632,0.5360,0.8092,0.1371,0.7878,0.4975,0.0,True,True,False,False,64,400,260a1127
2026-08-24 14:11:05,photo,demo,0,,E400_demo,0.8787,0.5703,0.8112,0.1441,0.7539,0.4777,0.0,,,False,False,64,400,82e18004
2026-08-24 14:11:06,photo,demo,1,,E400_demo,0.8784,0.5772,0.8294,0.1658,0.8209,0.5379,0.0,,,False,False,64,400,82e18004
2026-08-24 14:16:54,photo,outpost,2,,E400_outpost,0.8554,0.5464,0.7850,0.1272,0.7583,0.4804,0.0,True,True,False,False,64,400,260a1127
2026-08-24 14:19:15,photo,demo,42,,E400_demo,0.9185,0.6294,0.8681,0.2018,0.8589,0.5347,0.0,,,False,False,64,400,82e18004
2026-08-24 14:21:08,photo,outpost,42,,E400_outpost,0.8661,0.5426,0.8104,0.1362,0.8113,0.5018,0.0,True,True,False,False,64,400,260a1127
2026-08-24 14:21:08,photo,outpost,1,,E400_outpost,0.8817,0.5701,0.8290,0.1511,0.8520,0.5397,0.0,True,True,False,False,64,400,260a1127
2026-08-24 14:30:57,photo,demo,3,,E400_demo,0.8864,0.5877,0.8061,0.1451,0.7176,0.4509,0.0,,,False,False,64,400,82e18004
2026-08-24 14:37:39,photo,demo,2,,E400_demo,0.8879,0.5809,0.8143,0.1432,0.7663,0.4825,0.0,,,False,False,64,400,82e18004
2026-08-24 14:39:33,photo,outpost,3,,E400_outpost,0.8442,0.5248,0.7622,0.1200,0.7799,0.4853,0.0,True,True,False,False,64,400,260a1127
2026-08-24 14:42:56,photo,demo,4,,E400_demo,0.8859,0.5846,0.8183,0.1506,0.7086,0.4325,0.0,,,False,False,64,400,82e18004
2026-08-24 14:43:21,photo,outpost,5,,E400_outpost,0.9194,0.6443,0.8685,0.2258,0.8776,0.5701,0.0,True,True,False,False,64,400,260a1127
2026-08-24 14:45:04,photo,demo,5,,E400_demo,0.9083,0.6062,0.8528,0.1741,0.8724,0.5517,0.0,,,False,False,64,400,82e18004
2026-08-24 14:51:12,photo,outpost,4,,E400_outpost,0.8903,0.5720,0.8367,0.2074,0.7391,0.4488,0.0,True,True,False,False,64,400,260a1127
2026-08-24 15:03:57,photo,outpost,6,,E400_outpost,0.8357,0.5279,0.8432,0.1666,0.7460,0.4657,0.0,True,True,False,False,64,400,260a1127
2026-08-24 15:04:09,photo,demo,6,,E400_demo,0.8627,0.5549,0.8308,0.1582,0.7092,0.4509,0.0,,,False,False,64,400,82e18004
2026-08-24 15:05:18,photo,demo,8,,E400_demo,0.8860,0.5763,0.8295,0.1609,0.7890,0.4969,0.0,,,False,False,64,400,82e18004
2026-08-24 15:12:19,photo,demo,7,,E400_demo,0.8865,0.5801,0.8393,0.1676,0.7470,0.4534,0.0,,,False,False,64,400,82e18004
2026-08-24 15:13:34,photo,outpost,7,,E400_outpost,0.8643,0.5296,0.8056,0.1326,0.7403,0.4688,0.0,True,True,False,False,64,400,260a1127
2026-08-24 15:15:40,photo,outpost,8,,E400_outpost,0.8827,0.5629,0.8244,0.1718,0.8213,0.5182,0.0,True,True,False,False,64,400,260a1127
2026-08-25 05:46:55,computers,demo,0,,E400_demo,0.7661,0.5095,0.7199,0.3647,0.7416,0.4612,0.0,,,False,False,64,400,7250bfec
2026-08-25 05:46:55,computers,demo,1,,E400_demo,0.7869,0.5395,0.7465,0.4032,0.7231,0.4391,0.0,,,False,False,64,400,7250bfec
2026-08-25 05:46:55,computers,demo,2,,E400_demo,0.7760,0.5044,0.7339,0.3617,0.7128,0.4364,0.0,,,False,False,64,400,7250bfec
2026-08-25 05:46:55,computers,demo,3,,E400_demo,0.8063,0.5612,0.7722,0.4351,0.7249,0.4359,0.0,,,False,False,64,400,7250bfec
2026-08-25 05:46:55,computers,demo,42,,E400_demo,0.7950,0.5705,0.7577,0.4469,0.7573,0.5090,0.0,,,False,False,64,400,7250bfec
2026-08-25 05:46:55,computers,outpost,0,,E400_outpost,0.8357,0.6452,0.8034,0.5377,0.7475,0.4878,0.0,True,True,False,False,64,400,a9f6c239
2026-08-25 05:46:55,computers,outpost,1,,E400_outpost,0.8486,0.6445,0.8225,0.5558,0.7936,0.5625,0.0,True,True,False,False,64,400,a9f6c239
2026-08-25 05:46:55,computers,outpost,2,,E400_outpost,0.8386,0.6327,0.8186,0.5534,0.7616,0.5377,0.0,True,True,False,False,64,400,a9f6c239
2026-08-25 05:46:55,computers,outpost,3,,E400_outpost,0.8631,0.6549,0.8358,0.5669,0.7703,0.4989,0.0,True,True,False,False,64,400,a9f6c239
2026-08-25 05:46:55,computers,outpost,42,,E400_outpost,0.8612,0.6614,0.8347,0.5643,0.7834,0.5564,0.0,True,True,False,False,64,400,a9f6c239
2026-08-30 11:21:14,cs,demo,0,,E400_demo,0.9687,0.9257,0.9665,0.9123,0.9074,0.8034,0.0,,,False,False,64,400,0f06da18
2026-08-30 11:21:15,cs,demo,1,,E400_demo,0.9662,0.9220,0.9625,0.9030,0.8963,0.7801,0.0,,,False,False,64,400,0f06da18
2026-08-30 11:21:15,cs,demo,2,,E400_demo,0.9681,0.9223,0.9649,0.9031,0.8734,0.7363,0.0,,,False,False,64,400,0f06da18
2026-08-30 11:21:15,cs,demo,3,,E400_demo,0.9607,0.9070,0.9573,0.8885,0.9129,0.8303,0.0,,,False,False,64,400,0f06da18
2026-08-30 11:21:15,cs,demo,42,,E400_demo,0.9714,0.9296,0.9696,0.9171,0.8815,0.7667,0.0,,,False,False,64,400,0f06da18
2026-08-30 11:21:15,cs,outpost,0,,E400_outpost,0.9878,0.9662,0.9876,0.9619,0.9228,0.8394,0.0,True,True,False,False,64,400,bcd08c81
2026-08-30 11:21:15,cs,outpost,1,,E400_outpost,0.9819,0.9511,0.9816,0.9447,0.9323,0.8511,0.0,True,True,False,False,64,400,bcd08c81
2026-08-30 11:21:15,cs,outpost,2,,E400_outpost,0.9821,0.9517,0.9815,0.9441,0.9264,0.8417,0.0,True,True,False,False,64,400,bcd08c81
2026-08-30 11:21:15,cs,outpost,3,,E400_outpost,0.9824,0.9534,0.9819,0.9466,0.9427,0.8788,0.0,True,True,False,False,64,400,bcd08c81
2026-08-30 11:21:15,cs,outpost,42,,E400_outpost,0.9843,0.9589,0.9842,0.9534,0.9180,0.8370,0.0,True,True,False,False,64,400,bcd08c81
2026-08-30 11:21:15,ogbn-mag,outpost,42,,A_main,0.5913,0.0102,0.5807,0.0057,0.5716,0.0093,0.0,True,True,False,False,64,400,d975d501
2026-08-31 03:33:09,ogbn-mag,outpost,0,,A_main,0.5941,0.0101,0.5852,0.0057,0.5747,0.0094,0.0,True,True,False,False,64,400,d975d501
2026-08-31 22:11:55,ogbn-mag,outpost,1,,A_main,0.5868,0.0102,0.5746,0.0057,0.5667,0.0084,0.0,True,True,False,False,64,400,d975d501
2026-08-31 22:11:55,ogbn-mag,outpost,2,,A_main,0.5945,0.0099,0.5829,0.0056,0.5699,0.0094,0.0,True,True,False,False,64,400,d975d501
2026-08-31 22:11:55,ogbn-mag,outpost,3,,A_main,0.5947,0.0102,0.5830,0.0058,0.5709,0.0095,0.0,True,True,False,False,64,400,d975d501
2026-09-01 21:27:30,cs,demo,5,,E400_demo,0.9668,0.9192,0.9646,0.9055,0.9147,0.8177,0.0,,,False,False,64,400,0f06da18
2026-09-01 21:27:30,cs,demo,6,,E400_demo,0.9621,0.9097,0.9574,0.8834,0.9062,0.7963,0.0,,,False,False,64,400,0f06da18
2026-09-01 21:27:30,cs,demo,7,,E400_demo,0.9574,0.8966,0.9535,0.8742,0.8824,0.7670,0.0,,,False,False,64,400,0f06da18
2026-09-01 21:27:30,cs,outpost,6,,E400_outpost,0.9842,0.9592,0.9839,0.9537,0.9478,0.8826,0.0,True,True,False,False,64,400,bcd08c81
2026-09-01 21:27:30,cs,outpost,7,,E400_outpost,0.9842,0.9576,0.9840,0.9519,0.9355,0.8666,0.0,True,True,False,False,64,400,bcd08c81
2026-09-02 09:20:25,computers,demo,4,,E400_demo,0.7698,0.5149,0.7269,0.3759,0.7331,0.4694,0.0,,,False,False,64,400,7250bfec
2026-09-02 09:20:25,computers,demo,5,,E400_demo,0.7570,0.5014,0.7092,0.3588,0.7225,0.4570,0.0,,,False,False,64,400,7250bfec
2026-09-02 09:20:25,computers,demo,6,,E400_demo,0.7652,0.5248,0.7204,0.3830,0.7150,0.4107,0.0,,,False,False,64,400,7250bfec
2026-09-02 09:20:25,computers,demo,7,,E400_demo,0.7834,0.5485,0.7420,0.4244,0.7230,0.4928,0.0,,,False,False,64,400,7250bfec
2026-09-02 09:20:25,computers,demo,8,,E400_demo,0.7767,0.5147,0.7351,0.3763,0.7207,0.4650,0.0,,,False,False,64,400,7250bfec
2026-09-02 09:20:25,computers,outpost,4,,E400_outpost,0.8550,0.6539,0.8265,0.5643,0.7902,0.5857,0.0,True,True,False,False,64,400,a9f6c239
2026-09-02 09:20:25,computers,outpost,5,,E400_outpost,0.8407,0.6515,0.8093,0.5598,0.7808,0.5418,0.0,True,True,False,False,64,400,a9f6c239
2026-09-02 09:20:25,computers,outpost,6,,E400_outpost,0.8605,0.6637,0.8328,0.5721,0.7513,0.4815,0.0,True,True,False,False,64,400,a9f6c239
2026-09-02 09:20:25,computers,outpost,7,,E400_outpost,0.8489,0.6553,0.8234,0.5706,0.7554,0.5330,0.0,True,True,False,False,64,400,a9f6c239
2026-09-02 09:20:25,computers,outpost,8,,E400_outpost,0.8581,0.6580,0.8302,0.5664,0.7809,0.5383,0.0,True,True,False,False,64,400,a9f6c239
2026-09-02 09:20:25,cs,demo,4,,E400_demo,0.9645,0.9185,0.9616,0.9033,0.8976,0.7893,0.0,,,False,False,64,400,0f06da18
2026-09-02 09:20:25,cs,demo,8,,E400_demo,0.9602,0.9049,0.9569,0.8870,0.9356,0.8609,0.0,,,False,False,64,400,0f06da18
2026-09-02 09:20:25,cs,outpost,4,,E400_outpost,0.9854,0.9583,0.9852,0.9527,0.9611,0.8997,0.0,True,True,False,False,64,400,bcd08c81
2026-09-02 09:20:25,cs,outpost,5,,E400_outpost,0.9856,0.9608,0.9854,0.9558,0.9462,0.8805,0.0,True,True,False,False,64,400,bcd08c81
2026-09-02 09:20:25,cs,outpost,8,,E400_outpost,0.9842,0.9577,0.9839,0.9522,0.9563,0.9029,0.0,True,True,False,False,64,400,bcd08c81
2026-09-03 03:53:59,computers,outpost,0,,C_noconformal,0.7723,0.5164,0.7265,0.3648,0.7355,0.4640,0.0,True,True,False,False,64,200,a668bb6d
2026-09-03 03:53:59,computers,outpost,0,,C_nogate,0.7973,0.5712,0.7575,0.4423,0.7482,0.4839,0.0,True,True,False,False,64,200,82237876
2026-09-03 03:53:59,computers,outpost,0,,C_nopl,0.7557,0.4895,0.7082,0.3339,0.7442,0.4658,0.0,True,True,False,False,64,200,24260721
2026-09-03 03:53:59,computers,outpost,0,,L_lean,0.7557,0.4895,0.7082,0.3339,0.7442,0.4658,0.0,True,True,False,False,64,200,aaa19861
2026-09-03 03:53:59,computers,outpost,1,,C_noconformal,0.7828,0.5320,0.7540,0.4045,0.7482,0.4769,0.0,True,True,False,False,64,200,a668bb6d
2026-09-03 03:53:59,computers,outpost,1,,C_nogate,0.8276,0.5966,0.8016,0.4910,0.7674,0.5085,0.0,True,True,False,False,64,200,82237876
2026-09-03 03:53:59,computers,outpost,1,,C_nopl,0.7457,0.4900,0.7051,0.3537,0.7121,0.4528,0.0,True,True,False,False,64,200,24260721
2026-09-03 03:53:59,computers,outpost,1,,L_lean,0.7457,0.4900,0.7051,0.3537,0.7121,0.4528,0.0,True,True,False,False,64,200,aaa19861
2026-09-03 03:53:59,computers,outpost,2,,C_noconformal,0.7785,0.5099,0.7473,0.3867,0.7240,0.4705,0.0,True,True,False,False,64,200,a668bb6d
2026-09-03 03:53:59,computers,outpost,2,,C_nogate,0.8070,0.5783,0.7807,0.4757,0.7402,0.4989,0.0,True,True,False,False,64,200,82237876
2026-09-03 03:53:59,computers,outpost,2,,C_nopl,0.7507,0.4789,0.7200,0.3539,0.7127,0.4456,0.0,True,True,False,False,64,200,24260721
2026-09-03 03:53:59,computers,outpost,2,,L_lean,0.7507,0.4789,0.7200,0.3539,0.7127,0.4456,0.0,True,True,False,False,64,200,aaa19861
2026-09-03 03:53:59,computers,outpost,3,,C_noconformal,0.8014,0.5408,0.7628,0.4128,0.7328,0.4337,0.0,True,True,False,False,64,200,a668bb6d
2026-09-03 03:53:59,computers,outpost,3,,C_nogate,0.8428,0.6163,0.8121,0.5166,0.7516,0.4554,0.0,True,True,False,False,64,200,82237876
2026-09-03 03:53:59,computers,outpost,3,,C_nopl,0.7643,0.4905,0.7184,0.3494,0.7300,0.4311,0.0,True,True,False,False,64,200,24260721
2026-09-03 03:53:59,computers,outpost,3,,L_lean,0.7643,0.4905,0.7184,0.3494,0.7300,0.4311,0.0,True,True,False,False,64,200,aaa19861
2026-09-03 03:53:59,computers,outpost,42,,C_noconformal,0.7889,0.5514,0.7482,0.4296,0.7502,0.5078,0.0,True,True,False,False,64,200,a668bb6d
2026-09-03 03:53:59,computers,outpost,42,,C_nogate,0.8263,0.6171,0.7934,0.5215,0.7695,0.5455,0.0,True,True,False,False,64,200,82237876
2026-09-03 03:53:59,computers,outpost,42,,C_nopl,0.7682,0.5241,0.7250,0.3966,0.7436,0.4881,0.0,True,True,False,False,64,200,24260721
2026-09-03 03:53:59,computers,outpost,42,,L_lean,0.7682,0.5241,0.7250,0.3966,0.7436,0.4881,0.0,True,True,False,False,64,200,aaa19861
2026-09-03 03:53:59,cs,outpost,0,,C_noconformal,0.9848,0.9611,0.9839,0.9540,0.9121,0.8225,0.0,True,True,False,False,64,200,e418b75f
2026-09-03 03:53:59,cs,outpost,0,,C_nopl,0.9222,0.8398,0.9138,0.8009,0.8992,0.7957,0.0,True,True,False,False,64,200,4aee22e6
2026-09-03 03:53:59,cs,outpost,1,,C_noconformal,0.9749,0.9408,0.9727,0.9286,0.9222,0.8389,0.0,True,True,False,False,64,200,e418b75f
2026-09-03 03:53:59,cs,outpost,2,,C_noconformal,0.9753,0.9397,0.9737,0.9286,0.8995,0.7954,0.0,True,True,False,False,64,200,e418b75f
2026-09-03 03:53:59,cs,outpost,2,,C_nogate,0.9821,0.9515,0.9815,0.9440,0.9256,0.8398,0.0,True,True,False,False,64,200,a5b6afa1
2026-09-03 03:53:59,cs,outpost,2,,C_nopl,0.9203,0.8332,0.9124,0.7948,0.8945,0.7785,0.0,True,True,False,False,64,200,4aee22e6
2026-09-03 03:53:59,cs,outpost,3,,C_noconformal,0.9786,0.9451,0.9772,0.9352,0.9285,0.8555,0.0,True,True,False,False,64,200,e418b75f
2026-09-03 03:53:59,cs,outpost,3,,C_nogate,0.9823,0.9525,0.9817,0.9453,0.9421,0.8768,0.0,True,True,False,False,64,200,a5b6afa1
2026-09-03 03:53:59,cs,outpost,3,,C_nopl,0.9130,0.8202,0.9036,0.7782,0.8930,0.7853,0.0,True,True,False,False,64,200,4aee22e6
2026-09-03 03:53:59,cs,outpost,42,,C_nogate,0.9842,0.9586,0.9839,0.9528,0.9177,0.8366,0.0,True,True,False,False,64,200,a5b6afa1
2026-09-03 03:53:59,cs,outpost,42,,C_nopl,0.9222,0.8377,0.9148,0.8015,0.8763,0.7441,0.0,True,True,False,False,64,200,4aee22e6
2026-09-03 05:39:36,cs,outpost,0,,C_nogate,0.9862,0.9623,0.9858,0.9567,0.9215,0.8361,0.0,True,True,False,False,64,200,a5b6afa1
2026-09-03 05:39:36,cs,outpost,1,,C_nogate,0.9810,0.9507,0.9805,0.9436,0.9336,0.8547,0.0,True,True,False,False,64,200,a5b6afa1
2026-09-03 05:39:36,cs,outpost,1,,C_nopl,0.9143,0.8228,0.9060,0.7858,0.8927,0.7809,0.0,True,True,False,False,64,200,4aee22e6
2026-09-03 05:39:36,cs,outpost,42,,C_noconformal,0.9791,0.9472,0.9775,0.9363,0.9000,0.8029,0.0,True,True,False,False,64,200,e418b75f
2026-09-03 08:43:47,amazon,outpost,5,,A_sim0.0,0.9521,0.8374,0.5000,0.0000,0.9459,0.8139,0.0,False,False,False,False,32,400,460508b4
2026-09-03 08:43:51,amazon,outpost,3,,A_sim0.0,0.9600,0.8483,0.5000,0.0000,0.9493,0.8374,0.0,False,False,False,False,32,400,460508b4
2026-09-03 08:43:53,amazon,outpost,2,,A_sim0.0,0.9597,0.8505,0.5000,0.0000,0.9225,0.7649,0.0,False,False,False,False,32,400,460508b4
2026-09-03 08:43:54,amazon,outpost,0,,A_sim0.0,0.9478,0.8258,0.5000,0.0000,0.9363,0.8128,0.0,False,False,False,False,32,400,460508b4
2026-09-03 08:43:57,amazon,outpost,4,,A_sim0.0,0.9534,0.8416,0.5000,0.0000,0.9470,0.8360,0.0,False,False,False,False,32,400,460508b4
2026-09-03 08:44:06,amazon,outpost,1,,A_sim0.0,0.9475,0.8292,0.5000,0.0000,0.9330,0.8201,0.0,False,False,False,False,32,400,460508b4
2026-09-03 08:44:12,amazon,outpost,5,,A_sim1.0,0.9435,0.7993,0.5000,0.0000,0.9384,0.7917,1.0,False,False,False,False,32,400,7b897f10
2026-09-03 08:44:13,amazon,outpost,2,,A_sim1.0,0.9546,0.8206,0.5000,0.0000,0.9473,0.7949,1.0,False,False,False,False,32,400,7b897f10
2026-09-03 08:44:14,amazon,outpost,4,,A_sim1.0,0.9365,0.8003,0.5000,0.0000,0.9311,0.7947,1.0,False,False,False,False,32,400,7b897f10
2026-09-03 08:44:16,amazon,outpost,3,,A_sim1.0,0.9470,0.8034,0.5000,0.0000,0.9352,0.7867,1.0,False,False,False,False,32,400,7b897f10
2026-09-03 08:44:16,amazon,outpost,0,,A_sim1.0,0.9401,0.8087,0.5000,0.0000,0.9391,0.7927,1.0,False,False,False,False,32,400,7b897f10
2026-09-03 08:44:23,amazon,outpost,1,,A_sim1.0,0.9510,0.8157,0.5000,0.0000,0.9413,0.8101,1.0,False,False,False,False,32,400,7b897f10
2026-09-03 08:50:37,amazon,outpost,8,,A_sim0.0,0.9572,0.8423,0.5000,0.0000,0.9519,0.8302,0.0,False,False,False,False,32,400,460508b4
2026-09-03 08:51:01,amazon,outpost,6,,A_sim0.0,0.9523,0.8457,0.5000,0.0000,0.9485,0.8347,0.0,False,False,False,False,32,400,460508b4
2026-09-03 08:51:02,amazon,outpost,7,,A_sim0.0,0.9560,0.8444,0.5000,0.0000,0.9490,0.8249,0.0,False,False,False,False,32,400,460508b4
2026-09-03 08:51:14,amazon,outpost,8,,A_sim1.0,0.9553,0.8088,0.5000,0.0000,0.9495,0.8014,1.0,False,False,False,False,32,400,7b897f10
2026-09-03 08:51:15,amazon,outpost,42,,A_sim0.0,0.9478,0.8254,0.5000,0.0000,0.9368,0.8053,0.0,False,False,False,False,32,400,460508b4
2026-09-03 08:51:19,amazon,outpost,6,,A_sim1.0,0.9507,0.8328,0.5000,0.0000,0.9476,0.8211,1.0,False,False,False,False,32,400,7b897f10
2026-09-03 08:51:20,amazon,outpost,7,,A_sim1.0,0.9497,0.8258,0.5000,0.0000,0.9469,0.8170,1.0,False,False,False,False,32,400,7b897f10
2026-09-03 08:51:27,amazon,outpost,42,,A_sim1.0,0.9468,0.7946,0.5000,0.0000,0.9444,0.7809,1.0,False,False,False,False,32,400,7b897f10
2026-09-03 08:55:39,amazon,demo,3,,B_demo_mix,0.9558,0.8464,0.0000,0.0000,0.9558,0.8430,0.0,,,False,False,64,400,043d7485
2026-09-03 08:55:52,amazon,demo,0,,B_demo_mix,0.9601,0.8323,0.0000,0.0000,0.9541,0.8156,0.0,,,False,False,64,400,043d7485
2026-09-03 08:55:53,amazon,demo,2,,B_demo_mix,0.9607,0.8464,0.0000,0.0000,0.9566,0.8361,0.0,,,False,False,64,400,043d7485
2026-09-03 08:55:54,amazon,demo,1,,B_demo_mix,0.9534,0.8241,0.0000,0.0000,0.9339,0.8093,0.0,,,False,False,64,400,043d7485
2026-09-03 09:01:06,amazon,demo,4,,B_demo_mix,0.9564,0.8436,0.0000,0.0000,0.9544,0.8379,0.0,,,False,False,64,400,043d7485
2026-09-03 09:01:08,amazon,demo,6,,B_demo_mix,0.9494,0.8298,0.0000,0.0000,0.9485,0.8294,0.0,,,False,False,64,400,043d7485
2026-09-03 09:01:15,amazon,demo,7,,B_demo_mix,0.9597,0.8561,0.0000,0.0000,0.9558,0.8446,0.0,,,False,False,64,400,043d7485
2026-09-03 09:01:21,amazon,demo,5,,B_demo_mix,0.9492,0.8281,0.0000,0.0000,0.9460,0.8156,0.0,,,False,False,64,400,043d7485
2026-09-03 09:01:26,amazon,demo,42,,B_demo_mix,0.9484,0.8311,0.0000,0.0000,0.9431,0.8261,0.0,,,False,False,64,400,043d7485
2026-09-03 09:01:28,amazon,demo,8,,B_demo_mix,0.9617,0.8511,0.0000,0.0000,0.9568,0.8387,0.0,,,False,False,64,400,043d7485
2026-09-04 10:52:49,amazon,outpost,7,,C_nopl,0.9548,0.8409,0.5000,0.0000,0.9455,0.8309,0.0,False,False,False,False,32,400,fb687f46
2026-09-04 10:52:49,amazon,outpost,1,,C_nopl,0.9629,0.8454,0.5000,0.0000,0.9452,0.8267,0.0,False,False,False,False,32,400,fb687f46
2026-09-04 10:52:55,amazon,outpost,3,,C_nopl,0.9500,0.8422,0.5000,0.0000,0.9399,0.8354,0.0,False,False,False,False,32,400,fb687f46
2026-09-04 10:52:55,amazon,outpost,2,,C_nopl,0.9577,0.8344,0.5000,0.0000,0.9510,0.8213,0.0,False,False,False,False,32,400,fb687f46
2026-09-04 10:52:55,amazon,outpost,4,,C_nopl,0.9498,0.8317,0.5000,0.0000,0.9495,0.8264,0.0,False,False,False,False,32,400,fb687f46
2026-09-04 10:52:55,amazon,outpost,8,,C_nopl,0.9603,0.8376,0.5000,0.0000,0.9506,0.8205,0.0,False,False,False,False,32,400,fb687f46
2026-09-04 10:52:55,amazon,outpost,5,,C_nopl,0.9437,0.8277,0.5000,0.0000,0.9307,0.8111,0.0,False,False,False,False,32,400,fb687f46
2026-09-04 10:52:55,amazon,outpost,42,,C_nopl,0.9554,0.8283,0.5000,0.0000,0.9376,0.8068,0.0,False,False,False,False,32,400,fb687f46
2026-09-04 10:52:57,amazon,outpost,6,,C_nopl,0.9466,0.8339,0.5000,0.0000,0.9443,0.8246,0.0,False,False,False,False,32,400,fb687f46
2026-09-04 10:53:00,amazon,outpost,0,,C_nopl,0.9349,0.8119,0.5000,0.0000,0.9293,0.8092,0.0,False,False,False,False,32,400,fb687f46
2026-09-04 11:49:41,amazon,nsreg,0,,E400_nsreg,0.9611,0.8318,0.5000,0.0000,0.9521,0.8224,0.0,,,False,False,64,,5e753ed1
2026-09-04 11:49:41,amazon,nsreg,1,,E400_nsreg,0.9573,0.8353,0.5000,0.0000,0.9420,0.8184,0.0,,,False,False,64,,5e753ed1
2026-09-04 11:49:41,amazon,nsreg,2,,E400_nsreg,0.9589,0.8397,0.5000,0.0000,0.9543,0.8327,0.0,,,False,False,64,,5e753ed1
2026-09-04 11:49:41,amazon,nsreg,3,,E400_nsreg,0.9538,0.8425,0.5000,0.0000,0.9530,0.8388,0.0,,,False,False,64,,5e753ed1
2026-09-04 11:49:41,amazon,nsreg,4,,E400_nsreg,0.9522,0.8283,0.5000,0.0000,0.9510,0.8255,0.0,,,False,False,64,,5e753ed1
2026-09-04 11:49:41,amazon,nsreg,42,,E400_nsreg,0.9474,0.8182,0.5000,0.0000,0.9035,0.7590,0.0,,,False,False,64,,5e753ed1
2026-09-04 11:49:41,amazon,nsreg,5,,E400_nsreg,0.9484,0.8312,0.5000,0.0000,0.9398,0.8225,0.0,,,False,False,64,,5e753ed1
2026-09-04 11:49:41,amazon,nsreg,6,,E400_nsreg,0.9436,0.8173,0.5000,0.0000,0.9431,0.8152,0.0,,,False,False,64,,5e753ed1
2026-09-04 11:49:41,amazon,nsreg,7,,E400_nsreg,0.9557,0.8464,0.5000,0.0000,0.9522,0.8390,0.0,,,False,False,64,,5e753ed1
2026-09-04 11:49:41,amazon,nsreg,8,,E400_nsreg,0.9529,0.8365,0.5000,0.0000,0.9509,0.8345,0.0,,,False,False,64,,5e753ed1
2026-09-04 11:49:41,computers,nsreg,0,,E400_nsreg,0.8151,0.5773,0.7779,0.4471,0.7705,0.5034,0.0,,,False,False,64,,14341520
2026-09-04 11:49:41,computers,nsreg,1,,E400_nsreg,0.8451,0.6191,0.8148,0.5067,0.8008,0.5423,0.0,,,False,False,64,,14341520
2026-09-04 11:49:41,computers,nsreg,2,,E400_nsreg,0.8146,0.5773,0.7787,0.4619,0.7815,0.5099,0.0,,,False,False,64,,14341520
2026-09-04 11:49:41,computers,nsreg,3,,E400_nsreg,0.8593,0.6264,0.8320,0.5205,0.7860,0.5203,0.0,,,False,False,64,,14341520
2026-09-04 11:49:41,computers,nsreg,4,,E400_nsreg,0.8525,0.6067,0.8247,0.4954,0.8043,0.5504,0.0,,,False,False,64,,14341520
2026-09-04 11:49:41,computers,nsreg,5,,E400_nsreg,0.7930,0.5797,0.7510,0.4559,0.7515,0.4987,0.0,,,False,False,64,,14341520
2026-09-04 11:49:41,computers,nsreg,6,,E400_nsreg,0.8497,0.6217,0.8208,0.5012,0.7576,0.4683,0.0,,,False,False,64,,14341520
2026-09-04 11:49:41,computers,nsreg,7,,E400_nsreg,0.8349,0.6086,0.8033,0.4908,0.8125,0.5799,0.0,,,False,False,64,,14341520
2026-09-04 11:49:41,computers,nsreg,8,,E400_nsreg,0.8649,0.6274,0.8406,0.5169,0.8121,0.5548,0.0,,,False,False,64,,14341520
2026-09-04 22:50:36,computers,nsreg,42,,E400_nsreg,0.8414,0.6109,0.8105,0.4985,0.7780,0.5312,0.0,,,False,False,64,,14341520
2026-09-04 22:50:36,cs,nsreg,2,,E400_nsreg,0.9700,0.9340,0.9675,0.9214,0.9216,0.8378,0.0,,,False,False,64,,e1e6eb52
2026-09-04 22:50:36,cs,nsreg,3,,E400_nsreg,0.9674,0.9247,0.9647,0.9099,0.9198,0.8379,0.0,,,False,False,64,,e1e6eb52
2026-09-04 22:50:36,cs,nsreg,4,,E400_nsreg,0.9672,0.9248,0.9645,0.9105,0.9540,0.9005,0.0,,,False,False,64,,e1e6eb52
2026-09-04 22:50:36,photo,nsreg,0,,E400_nsreg,0.8281,0.5150,0.7749,0.1283,0.7460,0.4778,0.0,,,False,False,64,,08bff483
2026-09-04 22:50:36,photo,nsreg,1,,E400_nsreg,0.8330,0.5443,0.8030,0.1638,0.7959,0.5109,0.0,,,False,False,64,,08bff483
2026-09-04 22:50:36,photo,nsreg,2,,E400_nsreg,0.8947,0.6370,0.8330,0.2962,0.7361,0.4581,0.0,,,False,False,64,,08bff483
2026-09-04 22:50:36,photo,nsreg,3,,E400_nsreg,0.8017,0.4962,0.7656,0.1247,0.7301,0.4524,0.0,,,False,False,64,,08bff483
2026-09-04 22:50:36,photo,nsreg,4,,E400_nsreg,0.8737,0.5689,0.8009,0.1581,0.7698,0.4613,0.0,,,False,False,64,,08bff483
2026-09-04 22:50:36,photo,nsreg,42,,E400_nsreg,0.9109,0.6449,0.8586,0.2399,0.8926,0.6077,0.0,,,False,False,64,,08bff483
2026-09-04 22:50:36,photo,nsreg,5,,E400_nsreg,0.9172,0.6304,0.8655,0.2191,0.8961,0.6006,0.0,,,False,False,64,,08bff483
2026-09-04 22:50:36,photo,nsreg,6,,E400_nsreg,0.8843,0.5730,0.8182,0.1890,0.7276,0.4540,0.0,,,False,False,64,,08bff483
2026-09-04 22:50:36,photo,nsreg,7,,E400_nsreg,0.8974,0.6334,0.8313,0.2339,0.8233,0.5159,0.0,,,False,False,64,,08bff483
2026-09-04 22:50:36,photo,nsreg,8,,E400_nsreg,0.9187,0.6593,0.8671,0.3190,0.8112,0.5185,0.0,,,False,False,64,,08bff483
2026-09-04 22:50:36,yelp,nsreg,0,,E400_nsreg,0.7600,0.4070,0.5000,0.0000,0.6955,0.2770,0.0,,,False,False,64,,bd8f5f94
2026-09-04 22:50:36,yelp,nsreg,1,,E400_nsreg,0.7403,0.3554,0.5000,0.0000,0.7369,0.3436,0.0,,,False,False,64,,bd8f5f94
2026-09-04 22:50:36,yelp,nsreg,2,,E400_nsreg,0.7219,0.3499,0.5000,0.0000,0.7204,0.3469,0.0,,,False,False,64,,bd8f5f94
2026-09-04 22:50:36,yelp,nsreg,3,,E400_nsreg,0.7493,0.3563,0.5000,0.0000,0.7299,0.3266,0.0,,,False,False,64,,bd8f5f94
2026-09-04 22:50:36,yelp,nsreg,4,,E400_nsreg,0.7182,0.3450,0.5000,0.0000,0.7104,0.3356,0.0,,,False,False,64,,bd8f5f94
2026-09-04 22:50:36,yelp,nsreg,42,,E400_nsreg,0.7459,0.3654,0.5000,0.0000,0.7409,0.3570,0.0,,,False,False,64,,bd8f5f94
2026-09-04 22:50:36,yelp,nsreg,5,,E400_nsreg,0.7237,0.3436,0.5000,0.0000,0.7125,0.3356,0.0,,,False,False,64,,bd8f5f94
2026-09-04 22:50:36,yelp,nsreg,6,,E400_nsreg,0.7353,0.3428,0.5000,0.0000,0.7236,0.3336,0.0,,,False,False,64,,bd8f5f94
2026-09-04 22:50:36,yelp,nsreg,7,,E400_nsreg,0.7454,0.3750,0.5000,0.0000,0.7362,0.3625,0.0,,,False,False,64,,bd8f5f94
2026-09-04 22:50:36,yelp,nsreg,8,,E400_nsreg,0.7483,0.3696,0.5000,0.0000,0.7402,0.3590,0.0,,,False,False,64,,bd8f5f94
2026-09-05 19:51:47,computers,nsreg,0,,N201_nsreg,0.8030,0.5526,0.7643,0.4143,0.7722,0.5011,0.0,,,False,False,64,,56c6cef9
2026-09-05 19:51:47,computers,nsreg,1,,N201_nsreg,0.8139,0.5752,0.7767,0.4536,0.7755,0.5081,0.0,,,False,False,64,,56c6cef9
2026-09-05 19:51:47,computers,nsreg,2,,N201_nsreg,0.8022,0.5456,0.7642,0.4187,0.7855,0.5103,0.0,,,False,False,64,,56c6cef9
2026-09-05 19:51:47,computers,nsreg,3,,N201_nsreg,0.8256,0.5760,0.7922,0.4579,0.7860,0.5203,0.0,,,False,False,64,,56c6cef9
2026-09-05 19:51:47,computers,nsreg,42,,N201_nsreg,0.7978,0.5752,0.7574,0.4607,0.7719,0.5221,0.0,,,False,False,64,,56c6cef9
2026-09-05 19:51:47,cs,nsreg,0,,E400_nsreg,0.9748,0.9416,0.9728,0.9297,0.9230,0.8421,0.0,,,False,False,64,,e1e6eb52
2026-09-05 19:51:47,cs,nsreg,0,,N201_nsreg,0.9748,0.9416,0.9728,0.9297,0.9258,0.8488,0.0,,,False,False,64,,f69e23de
2026-09-05 19:51:47,cs,nsreg,1,,E400_nsreg,0.9671,0.9327,0.9646,0.9208,0.9304,0.8627,0.0,,,False,False,64,,e1e6eb52
2026-09-05 19:51:47,cs,nsreg,1,,N201_nsreg,0.9671,0.9327,0.9646,0.9208,0.9304,0.8627,0.0,,,False,False,64,,f69e23de
2026-09-05 19:51:47,cs,nsreg,2,,N201_nsreg,0.9700,0.9340,0.9675,0.9214,0.9216,0.8378,0.0,,,False,False,64,,f69e23de
2026-09-05 19:51:47,cs,nsreg,3,,N201_nsreg,0.9674,0.9247,0.9647,0.9099,0.9198,0.8379,0.0,,,False,False,64,,f69e23de
2026-09-05 19:51:47,cs,nsreg,42,,E400_nsreg,0.9752,0.9439,0.9734,0.9335,0.9002,0.7984,0.0,,,False,False,64,,e1e6eb52
2026-09-05 19:51:47,cs,nsreg,42,,N201_nsreg,0.9752,0.9439,0.9734,0.9335,0.9002,0.7984,0.0,,,False,False,64,,f69e23de
2026-09-05 19:51:47,cs,nsreg,5,,E400_nsreg,0.9677,0.9260,0.9655,0.9128,0.9154,0.8207,0.0,,,False,False,64,,e1e6eb52
2026-09-05 19:51:47,cs,nsreg,6,,E400_nsreg,0.9704,0.9376,0.9681,0.9255,0.9539,0.8991,0.0,,,False,False,64,,e1e6eb52
2026-09-05 19:51:47,cs,nsreg,7,,E400_nsreg,0.9747,0.9409,0.9728,0.9298,0.9307,0.8627,0.0,,,False,False,64,,e1e6eb52
2026-09-05 19:51:47,cs,nsreg,8,,E400_nsreg,0.9665,0.9302,0.9639,0.9168,0.9453,0.8871,0.0,,,False,False,64,,e1e6eb52
2026-09-05 19:51:47,photo,nsreg,0,,N201_nsreg,0.7837,0.4875,0.6930,0.1099,0.7427,0.4743,0.0,,,False,False,64,,48f01da2
2026-09-05 19:51:47,photo,nsreg,1,,N201_nsreg,0.7858,0.4961,0.7164,0.1123,0.7636,0.4850,0.0,,,False,False,64,,48f01da2
2026-09-05 19:51:47,photo,nsreg,2,,N201_nsreg,0.8129,0.5127,0.7114,0.1161,0.7361,0.4581,0.0,,,False,False,64,,48f01da2
2026-09-05 19:51:47,photo,nsreg,3,,N201_nsreg,0.7689,0.4724,0.7047,0.1104,0.7301,0.4524,0.0,,,False,False,64,,48f01da2
2026-09-05 19:51:47,photo,nsreg,42,,N201_nsreg,0.9091,0.6395,0.8551,0.2288,0.8501,0.5603,0.0,,,False,False,64,,48f01da2
2026-09-05 19:51:47,yelp,nsreg,0,,N201_nsreg,0.7359,0.3410,0.5000,0.0000,0.6955,0.2770,0.0,,,False,False,64,,2bce922b
2026-09-05 19:51:47,yelp,nsreg,1,,N201_nsreg,0.7285,0.3282,0.5000,0.0000,0.7269,0.3251,0.0,,,False,False,64,,2bce922b
2026-09-05 19:51:47,yelp,nsreg,2,,N201_nsreg,0.6751,0.2743,0.5000,0.0000,0.6706,0.2723,0.0,,,False,False,64,,2bce922b
2026-09-05 19:51:47,yelp,nsreg,3,,N201_nsreg,0.7018,0.2741,0.5000,0.0000,0.6971,0.2725,0.0,,,False,False,64,,2bce922b
2026-09-05 19:51:47,yelp,nsreg,42,,N201_nsreg,0.7011,0.2823,0.5000,0.0000,0.7011,0.2823,0.0,,,False,False,64,,2bce922b
2026-09-05 22:59:40,computers,outpost,0,,E400_nogate,0.8271,0.6323,0.7931,0.5252,0.7467,0.4977,0.0,True,True,False,False,64,400,70c94d0f
2026-09-05 22:59:40,computers,outpost,1,,E400_nogate,0.8531,0.6491,0.8266,0.5612,0.7951,0.5582,0.0,True,True,False,False,64,400,70c94d0f
2026-09-05 22:59:40,computers,outpost,2,,E400_nogate,0.8421,0.6363,0.8226,0.5576,0.7549,0.5292,0.0,True,True,False,False,64,400,70c94d0f
2026-09-05 22:59:40,computers,outpost,3,,E400_nogate,0.8581,0.6493,0.8304,0.5599,0.7670,0.4965,0.0,True,True,False,False,64,400,70c94d0f
2026-09-05 22:59:40,computers,outpost,4,,E400_nogate,0.8717,0.6600,0.8471,0.5666,0.8133,0.5616,0.0,True,True,False,False,64,400,70c94d0f
2026-09-05 22:59:40,computers,outpost,42,,E400_nogate,0.8403,0.6503,0.8104,0.5642,0.7690,0.5574,0.0,True,True,False,False,64,400,70c94d0f
2026-09-05 22:59:40,computers,outpost,5,,E400_nogate,0.8432,0.6502,0.8127,0.5625,0.7758,0.5366,0.0,True,True,False,False,64,400,70c94d0f
2026-09-05 22:59:40,computers,outpost,6,,E400_nogate,0.8611,0.6631,0.8334,0.5694,0.7609,0.4922,0.0,True,True,False,False,64,400,70c94d0f
2026-09-05 22:59:40,computers,outpost,7,,E400_nogate,0.8466,0.6534,0.8213,0.5690,0.7519,0.5405,0.0,True,True,False,False,64,400,70c94d0f
2026-09-05 22:59:40,computers,outpost,8,,E400_nogate,0.8514,0.6590,0.8220,0.5703,0.7744,0.5387,0.0,True,True,False,False,64,400,70c94d0f
2026-09-05 22:59:40,photo,outpost,0,,C_nopl,0.7767,0.4930,0.6930,0.1078,0.7058,0.4584,0.0,True,True,False,False,64,200,680a26e2
2026-09-05 22:59:40,photo,outpost,0,,E400_nogate,0.8621,0.5361,0.8058,0.1356,0.7693,0.4791,0.0,True,True,False,False,64,400,0a93e3b3
2026-09-05 22:59:40,photo,outpost,1,,C_nopl,0.7742,0.4954,0.7246,0.1156,0.7348,0.4704,0.0,True,True,False,False,64,200,680a26e2
2026-09-05 22:59:40,photo,outpost,1,,E400_nogate,0.8836,0.5669,0.8272,0.1503,0.8051,0.5235,0.0,True,True,False,False,64,400,0a93e3b3
2026-09-05 22:59:40,photo,outpost,2,,C_nopl,0.8077,0.5106,0.7019,0.1069,0.7665,0.4888,0.0,True,True,False,False,64,200,680a26e2
2026-09-05 22:59:40,photo,outpost,2,,E400_nogate,0.8593,0.5465,0.7880,0.1274,0.7577,0.4806,0.0,True,True,False,False,64,400,0a93e3b3
2026-09-05 22:59:40,photo,outpost,3,,C_nopl,0.7773,0.4916,0.6959,0.1091,0.7248,0.4579,0.0,True,True,False,False,64,200,680a26e2
2026-09-05 22:59:40,photo,outpost,3,,E400_nogate,0.8512,0.5278,0.7684,0.1207,0.7662,0.4811,0.0,True,True,False,False,64,400,0a93e3b3
2026-09-05 22:59:40,photo,outpost,4,,E400_nogate,0.8921,0.5728,0.8314,0.2044,0.7514,0.4574,0.0,True,True,False,False,64,400,0a93e3b3
2026-09-05 22:59:40,photo,outpost,42,,C_nopl,0.8288,0.5173,0.7584,0.1183,0.8091,0.5076,0.0,True,True,False,False,64,200,680a26e2
2026-09-05 22:59:40,photo,outpost,42,,E400_nogate,0.8662,0.5439,0.8151,0.1390,0.8140,0.5029,0.0,True,True,False,False,64,400,0a93e3b3
2026-09-05 22:59:40,photo,outpost,5,,E400_nogate,0.8993,0.5880,0.8301,0.1506,0.8743,0.5577,0.0,True,True,False,False,64,400,0a93e3b3
2026-09-05 22:59:40,photo,outpost,6,,E400_nogate,0.8482,0.5305,0.8352,0.1605,0.7363,0.4648,0.0,True,True,False,False,64,400,0a93e3b3
2026-09-05 22:59:40,photo,outpost,7,,E400_nogate,0.8597,0.5283,0.7985,0.1292,0.7632,0.4703,0.0,True,True,False,False,64,400,0a93e3b3
2026-09-05 22:59:40,photo,outpost,8,,E400_nogate,0.8792,0.5635,0.8198,0.1705,0.8229,0.5220,0.0,True,True,False,False,64,400,0a93e3b3
2026-09-05 23:04:43,amazon,demo,0,,B_demo_mix,0.9601,0.8323,0.0000,0.0000,0.9541,0.8156,0.0,,,False,False,64,400,043d7485
2026-09-05 23:04:43,amazon,demo,1,,B_demo_mix,0.9534,0.8241,0.0000,0.0000,0.9339,0.8093,0.0,,,False,False,64,400,043d7485
2026-09-05 23:04:43,amazon,demo,2,,B_demo_mix,0.9607,0.8464,0.0000,0.0000,0.9566,0.8361,0.0,,,False,False,64,400,043d7485
2026-09-05 23:04:43,amazon,demo,3,,B_demo_mix,0.9558,0.8464,0.0000,0.0000,0.9558,0.8430,0.0,,,False,False,64,400,043d7485
2026-09-05 23:04:43,amazon,demo,4,,B_demo_mix,0.9564,0.8436,0.0000,0.0000,0.9544,0.8379,0.0,,,False,False,64,400,043d7485
2026-09-05 23:04:43,amazon,demo,42,,B_demo_mix,0.9484,0.8311,0.0000,0.0000,0.9431,0.8261,0.0,,,False,False,64,400,043d7485
2026-09-05 23:04:43,amazon,demo,5,,B_demo_mix,0.9492,0.8281,0.0000,0.0000,0.9460,0.8156,0.0,,,False,False,64,400,043d7485
2026-09-05 23:04:43,amazon,demo,6,,B_demo_mix,0.9494,0.8298,0.0000,0.0000,0.9485,0.8294,0.0,,,False,False,64,400,043d7485
2026-09-05 23:04:43,amazon,demo,7,,B_demo_mix,0.9597,0.8561,0.0000,0.0000,0.9558,0.8446,0.0,,,False,False,64,400,043d7485
2026-09-05 23:04:43,amazon,demo,8,,B_demo_mix,0.9617,0.8511,0.0000,0.0000,0.9568,0.8387,0.0,,,False,False,64,400,043d7485
2026-09-05 23:04:43,amazon,nsreg,0,,E400_nsreg,0.9611,0.8318,0.5000,0.0000,0.9521,0.8224,0.0,,,False,False,64,400,5e753ed1
2026-09-05 23:04:43,amazon,nsreg,1,,E400_nsreg,0.9573,0.8353,0.5000,0.0000,0.9420,0.8184,0.0,,,False,False,64,400,5e753ed1
2026-09-05 23:04:43,amazon,nsreg,2,,E400_nsreg,0.9589,0.8397,0.5000,0.0000,0.9543,0.8327,0.0,,,False,False,64,400,5e753ed1
2026-09-05 23:04:43,amazon,nsreg,3,,E400_nsreg,0.9538,0.8425,0.5000,0.0000,0.9530,0.8388,0.0,,,False,False,64,400,5e753ed1
2026-09-05 23:04:43,amazon,nsreg,4,,E400_nsreg,0.9522,0.8283,0.5000,0.0000,0.9510,0.8255,0.0,,,False,False,64,400,5e753ed1
2026-09-05 23:04:43,amazon,nsreg,42,,E400_nsreg,0.9474,0.8182,0.5000,0.0000,0.9035,0.7590,0.0,,,False,False,64,400,5e753ed1
2026-09-05 23:04:43,amazon,nsreg,5,,E400_nsreg,0.9484,0.8312,0.5000,0.0000,0.9398,0.8225,0.0,,,False,False,64,400,5e753ed1
2026-09-05 23:04:43,amazon,nsreg,6,,E400_nsreg,0.9436,0.8173,0.5000,0.0000,0.9431,0.8152,0.0,,,False,False,64,400,5e753ed1
2026-09-05 23:04:43,amazon,nsreg,7,,E400_nsreg,0.9557,0.8464,0.5000,0.0000,0.9522,0.8390,0.0,,,False,False,64,400,5e753ed1
2026-09-05 23:04:43,amazon,nsreg,8,,E400_nsreg,0.9529,0.8365,0.5000,0.0000,0.9509,0.8345,0.0,,,False,False,64,400,5e753ed1
2026-09-05 23:04:43,amazon,outpost,0,,A_sim0.0,0.9478,0.8258,0.5000,0.0000,0.9363,0.8128,0.0,False,False,False,False,32,400,460508b4
2026-09-05 23:04:43,amazon,outpost,0,,A_sim1.0,0.9401,0.8087,0.5000,0.0000,0.9391,0.7927,1.0,False,False,False,False,32,400,7b897f10
2026-09-05 23:04:43,amazon,outpost,0,,C_nopl,0.9349,0.8119,0.5000,0.0000,0.9293,0.8092,0.0,False,False,False,False,32,400,fb687f46
2026-09-05 23:04:43,amazon,outpost,1,,A_sim0.0,0.9475,0.8292,0.5000,0.0000,0.9330,0.8201,0.0,False,False,False,False,32,400,460508b4
2026-09-05 23:04:43,amazon,outpost,1,,A_sim1.0,0.9510,0.8157,0.5000,0.0000,0.9413,0.8101,1.0,False,False,False,False,32,400,7b897f10
2026-09-05 23:04:43,amazon,outpost,1,,C_nopl,0.9629,0.8454,0.5000,0.0000,0.9452,0.8267,0.0,False,False,False,False,32,400,fb687f46
2026-09-05 23:04:43,amazon,outpost,2,,A_sim0.0,0.9597,0.8505,0.5000,0.0000,0.9225,0.7649,0.0,False,False,False,False,32,400,460508b4
2026-09-05 23:04:43,amazon,outpost,2,,A_sim1.0,0.9546,0.8206,0.5000,0.0000,0.9473,0.7949,1.0,False,False,False,False,32,400,7b897f10
2026-09-05 23:04:43,amazon,outpost,2,,C_nopl,0.9577,0.8344,0.5000,0.0000,0.9510,0.8213,0.0,False,False,False,False,32,400,fb687f46
2026-09-05 23:04:43,amazon,outpost,3,,A_sim0.0,0.9600,0.8483,0.5000,0.0000,0.9493,0.8374,0.0,False,False,False,False,32,400,460508b4
2026-09-05 23:04:43,amazon,outpost,3,,A_sim1.0,0.9470,0.8034,0.5000,0.0000,0.9352,0.7867,1.0,False,False,False,False,32,400,7b897f10
2026-09-05 23:04:43,amazon,outpost,3,,C_nopl,0.9500,0.8422,0.5000,0.0000,0.9399,0.8354,0.0,False,False,False,False,32,400,fb687f46
2026-09-05 23:04:43,amazon,outpost,4,,A_sim0.0,0.9534,0.8416,0.5000,0.0000,0.9470,0.8360,0.0,False,False,False,False,32,400,460508b4
2026-09-05 23:04:43,amazon,outpost,4,,A_sim1.0,0.9365,0.8003,0.5000,0.0000,0.9311,0.7947,1.0,False,False,False,False,32,400,7b897f10
2026-09-05 23:04:43,amazon,outpost,4,,C_nopl,0.9498,0.8317,0.5000,0.0000,0.9495,0.8264,0.0,False,False,False,False,32,400,fb687f46
2026-09-05 23:04:43,amazon,outpost,42,,A_sim0.0,0.9478,0.8254,0.5000,0.0000,0.9368,0.8053,0.0,False,False,False,False,32,400,460508b4
2026-09-05 23:04:43,amazon,outpost,42,,A_sim1.0,0.9468,0.7946,0.5000,0.0000,0.9444,0.7809,1.0,False,False,False,False,32,400,7b897f10
2026-09-05 23:04:43,amazon,outpost,42,,C_nopl,0.9554,0.8283,0.5000,0.0000,0.9376,0.8068,0.0,False,False,False,False,32,400,fb687f46
2026-09-05 23:04:43,amazon,outpost,5,,A_sim0.0,0.9521,0.8374,0.5000,0.0000,0.9459,0.8139,0.0,False,False,False,False,32,400,460508b4
2026-09-05 23:04:43,amazon,outpost,5,,A_sim1.0,0.9435,0.7993,0.5000,0.0000,0.9384,0.7917,1.0,False,False,False,False,32,400,7b897f10
2026-09-05 23:04:43,amazon,outpost,5,,C_nopl,0.9437,0.8277,0.5000,0.0000,0.9307,0.8111,0.0,False,False,False,False,32,400,fb687f46
2026-09-05 23:04:43,amazon,outpost,6,,A_sim0.0,0.9523,0.8457,0.5000,0.0000,0.9485,0.8347,0.0,False,False,False,False,32,400,460508b4
2026-09-05 23:04:43,amazon,outpost,6,,A_sim1.0,0.9507,0.8328,0.5000,0.0000,0.9476,0.8211,1.0,False,False,False,False,32,400,7b897f10
2026-09-05 23:04:43,amazon,outpost,6,,C_nopl,0.9466,0.8339,0.5000,0.0000,0.9443,0.8246,0.0,False,False,False,False,32,400,fb687f46
2026-09-05 23:04:43,amazon,outpost,7,,A_sim0.0,0.9560,0.8444,0.5000,0.0000,0.9490,0.8249,0.0,False,False,False,False,32,400,460508b4
2026-09-05 23:04:43,amazon,outpost,7,,A_sim1.0,0.9497,0.8258,0.5000,0.0000,0.9469,0.8170,1.0,False,False,False,False,32,400,7b897f10
2026-09-05 23:04:43,amazon,outpost,7,,C_nopl,0.9548,0.8409,0.5000,0.0000,0.9455,0.8309,0.0,False,False,False,False,32,400,fb687f46
2026-09-05 23:04:43,amazon,outpost,8,,A_sim0.0,0.9572,0.8423,0.5000,0.0000,0.9519,0.8302,0.0,False,False,False,False,32,400,460508b4
2026-09-05 23:04:43,amazon,outpost,8,,A_sim1.0,0.9553,0.8088,0.5000,0.0000,0.9495,0.8014,1.0,False,False,False,False,32,400,7b897f10
2026-09-05 23:04:43,amazon,outpost,8,,C_nopl,0.9603,0.8376,0.5000,0.0000,0.9506,0.8205,0.0,False,False,False,False,32,400,fb687f46
2026-09-05 23:04:43,computers,demo,0,,B_demo,0.7605,0.4852,0.7130,0.3305,0.7438,0.4597,0.0,,,False,False,64,200,79660d7a
2026-09-05 23:04:43,computers,demo,0,,B_demo_mix,0.7598,0.4903,0.7126,0.3367,0.7425,0.4587,0.0,,,False,False,64,200,6c4dc96c
2026-09-05 23:04:43,computers,demo,0,,E400_demo,0.7661,0.5095,0.7199,0.3647,0.7416,0.4612,0.0,,,False,False,64,400,7250bfec
2026-09-05 23:04:43,computers,demo,1,,B_demo,0.7624,0.5090,0.7174,0.3664,0.7424,0.4691,0.0,,,False,False,64,200,79660d7a
2026-09-05 23:04:43,computers,demo,1,,B_demo_mix,0.7612,0.5035,0.7163,0.3602,0.7258,0.4375,0.0,,,False,False,64,200,6c4dc96c
2026-09-05 23:04:43,computers,demo,1,,E400_demo,0.7869,0.5395,0.7465,0.4032,0.7231,0.4391,0.0,,,False,False,64,400,7250bfec
2026-09-05 23:04:43,computers,demo,2,,B_demo,0.7543,0.4793,0.7086,0.3340,0.7121,0.4389,0.0,,,False,False,64,200,79660d7a
2026-09-05 23:04:43,computers,demo,2,,B_demo_mix,0.7600,0.4778,0.7139,0.3327,0.7194,0.4393,0.0,,,False,False,64,200,6c4dc96c
2026-09-05 23:04:43,computers,demo,2,,E400_demo,0.7760,0.5044,0.7339,0.3617,0.7128,0.4364,0.0,,,False,False,64,400,7250bfec
2026-09-05 23:04:43,computers,demo,3,,B_demo,0.7961,0.5322,0.7593,0.3957,0.7339,0.4404,0.0,,,False,False,64,200,79660d7a
2026-09-05 23:04:43,computers,demo,3,,B_demo_mix,0.7847,0.5217,0.7451,0.3831,0.7314,0.4390,0.0,,,False,False,64,200,6c4dc96c
2026-09-05 23:04:43,computers,demo,3,,E400_demo,0.8063,0.5612,0.7722,0.4351,0.7249,0.4359,0.0,,,False,False,64,400,7250bfec
2026-09-05 23:04:43,computers,demo,4,,E400_demo,0.7698,0.5149,0.7269,0.3759,0.7331,0.4694,0.0,,,False,False,64,400,7250bfec
2026-09-05 23:04:43,computers,demo,42,,B_demo,0.7722,0.5337,0.7294,0.3996,0.7429,0.4837,0.0,,,False,False,64,200,79660d7a
2026-09-05 23:04:43,computers,demo,42,,B_demo_mix,0.7769,0.5411,0.7351,0.4078,0.7496,0.4828,0.0,,,False,False,64,200,6c4dc96c
2026-09-05 23:04:43,computers,demo,42,,E400_demo,0.7950,0.5705,0.7577,0.4469,0.7573,0.5090,0.0,,,False,False,64,400,7250bfec
2026-09-05 23:04:43,computers,demo,5,,E400_demo,0.7570,0.5014,0.7092,0.3588,0.7225,0.4570,0.0,,,False,False,64,400,7250bfec
2026-09-05 23:04:43,computers,demo,6,,E400_demo,0.7652,0.5248,0.7204,0.3830,0.7150,0.4107,0.0,,,False,False,64,400,7250bfec
2026-09-05 23:04:43,computers,demo,7,,E400_demo,0.7834,0.5485,0.7420,0.4244,0.7230,0.4928,0.0,,,False,False,64,400,7250bfec
2026-09-05 23:04:43,computers,demo,8,,E400_demo,0.7767,0.5147,0.7351,0.3763,0.7207,0.4650,0.0,,,False,False,64,400,7250bfec
2026-09-05 23:04:43,computers,nsreg,0,,E400_nsreg,0.8151,0.5773,0.7779,0.4471,0.7705,0.5034,0.0,,,False,False,64,400,14341520
2026-09-05 23:04:43,computers,nsreg,0,,N201_nsreg,0.8030,0.5526,0.7643,0.4143,0.7722,0.5011,0.0,,,False,False,64,201,56c6cef9
2026-09-05 23:04:43,computers,nsreg,1,,E400_nsreg,0.8451,0.6191,0.8148,0.5067,0.8008,0.5423,0.0,,,False,False,64,400,14341520
2026-09-05 23:04:43,computers,nsreg,1,,N201_nsreg,0.8139,0.5752,0.7767,0.4536,0.7755,0.5081,0.0,,,False,False,64,201,56c6cef9
2026-09-05 23:04:43,computers,nsreg,2,,E400_nsreg,0.8146,0.5773,0.7787,0.4619,0.7815,0.5099,0.0,,,False,False,64,400,14341520
2026-09-05 23:04:43,computers,nsreg,2,,N201_nsreg,0.8022,0.5456,0.7642,0.4187,0.7855,0.5103,0.0,,,False,False,64,201,56c6cef9
2026-09-05 23:04:43,computers,nsreg,3,,E400_nsreg,0.8593,0.6264,0.8320,0.5205,0.7860,0.5203,0.0,,,False,False,64,400,14341520
2026-09-05 23:04:43,computers,nsreg,3,,N201_nsreg,0.8256,0.5760,0.7922,0.4579,0.7860,0.5203,0.0,,,False,False,64,201,56c6cef9
2026-09-05 23:04:43,computers,nsreg,4,,E400_nsreg,0.8525,0.6067,0.8247,0.4954,0.8043,0.5504,0.0,,,False,False,64,400,14341520
2026-09-05 23:04:43,computers,nsreg,42,,E400_nsreg,0.8414,0.6109,0.8105,0.4985,0.7780,0.5312,0.0,,,False,False,64,400,14341520
2026-09-05 23:04:43,computers,nsreg,42,,N201_nsreg,0.7978,0.5752,0.7574,0.4607,0.7719,0.5221,0.0,,,False,False,64,201,56c6cef9
2026-09-05 23:04:43,computers,nsreg,5,,E400_nsreg,0.7930,0.5797,0.7510,0.4559,0.7515,0.4987,0.0,,,False,False,64,400,14341520
2026-09-05 23:04:43,computers,nsreg,6,,E400_nsreg,0.8497,0.6217,0.8208,0.5012,0.7576,0.4683,0.0,,,False,False,64,400,14341520
2026-09-05 23:04:43,computers,nsreg,7,,E400_nsreg,0.8349,0.6086,0.8033,0.4908,0.8125,0.5799,0.0,,,False,False,64,400,14341520
2026-09-05 23:04:43,computers,nsreg,8,,E400_nsreg,0.8649,0.6274,0.8406,0.5169,0.8121,0.5548,0.0,,,False,False,64,400,14341520
2026-09-05 23:04:43,computers,outpost,0,,A_main,0.7957,0.5688,0.7554,0.4360,0.7567,0.5028,0.0,True,True,False,False,64,200,44de9a97
2026-09-05 23:04:43,computers,outpost,0,,C_noconformal,0.7723,0.5164,0.7265,0.3648,0.7355,0.4640,0.0,True,True,False,False,64,200,a668bb6d
2026-09-05 23:04:43,computers,outpost,0,,C_nogate,0.7973,0.5712,0.7575,0.4423,0.7482,0.4839,0.0,True,True,False,False,64,200,82237876
2026-09-05 23:04:43,computers,outpost,0,,C_nopl,0.7557,0.4895,0.7082,0.3339,0.7442,0.4658,0.0,True,True,False,False,64,200,24260721
2026-09-05 23:04:43,computers,outpost,0,,C_sim,0.8117,0.5628,0.7757,0.4323,0.7619,0.4914,1.0,True,True,False,False,64,200,c05f091c
2026-09-05 23:04:43,computers,outpost,0,,E400_nogate,0.8271,0.6323,0.7931,0.5252,0.7467,0.4977,0.0,True,True,False,False,64,400,70c94d0f
2026-09-05 23:04:43,computers,outpost,0,,E400_outpost,0.8357,0.6452,0.8034,0.5377,0.7475,0.4878,0.0,True,True,False,False,64,400,a9f6c239
2026-09-05 23:04:43,computers,outpost,0,,L_lean,0.7557,0.4895,0.7082,0.3339,0.7442,0.4658,0.0,True,True,False,False,64,200,aaa19861
2026-09-05 23:04:43,computers,outpost,0,,T_Kp12,0.8028,0.5658,0.7640,0.4359,0.7595,0.4968,0.0,True,True,False,False,64,200,ac1d6856
2026-09-05 23:04:43,computers,outpost,0,,T_Kp4,0.8030,0.5726,0.7646,0.4436,0.7473,0.4887,0.0,True,True,False,False,64,200,e369a655
2026-09-05 23:04:43,computers,outpost,0,,T_drop0.3,0.7955,0.5665,0.7556,0.4341,0.7610,0.5134,0.0,True,True,False,False,64,200,dfebf151
2026-09-05 23:04:43,computers,outpost,0,,T_hidden128,0.8004,0.5723,0.7618,0.4435,0.7543,0.4964,0.0,True,True,False,False,128,200,5f70938a
2026-09-05 23:04:43,computers,outpost,0,,T_hidden32,0.8046,0.5749,0.7662,0.4449,0.7625,0.4928,0.0,True,True,False,False,32,200,d65000f5
2026-09-05 23:04:43,computers,outpost,0,,T_lambda_un0.5,0.7898,0.5469,0.7485,0.4060,0.7381,0.4697,0.0,True,True,False,False,64,200,4a3f5b52
2026-09-05 23:04:43,computers,outpost,0,,T_lambda_un1.5,0.8089,0.5782,0.7713,0.4472,0.7486,0.4933,0.0,True,True,False,False,64,200,ec9a5f95
2026-09-05 23:04:43,computers,outpost,0,,T_nosynth,0.8146,0.5918,0.7781,0.4690,0.7507,0.4975,0.0,False,False,False,False,64,200,b38ad9e2
2026-09-05 23:04:43,computers,outpost,0,,T_warmup15,0.8123,0.5814,0.7753,0.4549,0.7664,0.4982,0.0,True,True,False,False,64,200,7ceccd44
2026-09-05 23:04:43,computers,outpost,1,,A_main,0.8273,0.5956,0.8005,0.4904,0.7631,0.5026,0.0,True,True,False,False,64,200,44de9a97
2026-09-05 23:04:43,computers,outpost,1,,C_noconformal,0.7828,0.5320,0.7540,0.4045,0.7482,0.4769,0.0,True,True,False,False,64,200,a668bb6d
2026-09-05 23:04:43,computers,outpost,1,,C_nogate,0.8276,0.5966,0.8016,0.4910,0.7674,0.5085,0.0,True,True,False,False,64,200,82237876
2026-09-05 23:04:43,computers,outpost,1,,C_nopl,0.7457,0.4900,0.7051,0.3537,0.7121,0.4528,0.0,True,True,False,False,64,200,24260721
2026-09-05 23:04:43,computers,outpost,1,,C_sim,0.8271,0.5814,0.7968,0.4707,0.7662,0.4984,1.0,True,True,False,False,64,200,c05f091c
2026-09-05 23:04:43,computers,outpost,1,,E400_nogate,0.8531,0.6491,0.8266,0.5612,0.7951,0.5582,0.0,True,True,False,False,64,400,70c94d0f
2026-09-05 23:04:43,computers,outpost,1,,E400_outpost,0.8486,0.6445,0.8225,0.5558,0.7936,0.5625,0.0,True,True,False,False,64,400,a9f6c239
2026-09-05 23:04:43,computers,outpost,1,,L_lean,0.7457,0.4900,0.7051,0.3537,0.7121,0.4528,0.0,True,True,False,False,64,200,aaa19861
2026-09-05 23:04:43,computers,outpost,1,,T_Kp12,0.8331,0.6103,0.8001,0.5019,0.7722,0.5069,0.0,True,True,False,False,64,200,ac1d6856
2026-09-05 23:04:43,computers,outpost,1,,T_Kp4,0.8234,0.5975,0.7913,0.4953,0.7571,0.4920,0.0,True,True,False,False,64,200,e369a655
2026-09-05 23:04:43,computers,outpost,1,,T_drop0.3,0.8184,0.5932,0.7898,0.4937,0.7485,0.5145,0.0,True,True,False,False,64,200,dfebf151
2026-09-05 23:04:43,computers,outpost,1,,T_hidden128,0.8256,0.6045,0.7908,0.4939,0.7611,0.5020,0.0,True,True,False,False,128,200,5f70938a
2026-09-05 23:04:43,computers,outpost,1,,T_hidden32,0.8208,0.5886,0.7855,0.4702,0.7675,0.4902,0.0,True,True,False,False,32,200,d65000f5
2026-09-05 23:04:43,computers,outpost,1,,T_lambda_un0.5,0.8188,0.5901,0.7948,0.4826,0.7522,0.4807,0.0,True,True,False,False,64,200,4a3f5b52
2026-09-05 23:04:43,computers,outpost,1,,T_lambda_un1.5,0.8271,0.6000,0.8018,0.4974,0.7422,0.4784,0.0,True,True,False,False,64,200,ec9a5f95
2026-09-05 23:04:43,computers,outpost,1,,T_nosynth,0.8188,0.5957,0.7834,0.4896,0.7437,0.4755,0.0,False,False,False,False,64,200,b38ad9e2
2026-09-05 23:04:43,computers,outpost,1,,T_warmup15,0.8135,0.5786,0.7766,0.4578,0.7601,0.4808,0.0,True,True,False,False,64,200,7ceccd44
2026-09-05 23:04:43,computers,outpost,2,,A_main,0.8092,0.5706,0.7767,0.4545,0.7598,0.4928,0.0,True,True,False,False,64,200,44de9a97
2026-09-05 23:04:43,computers,outpost,2,,C_noconformal,0.7785,0.5099,0.7473,0.3867,0.7240,0.4705,0.0,True,True,False,False,64,200,a668bb6d
2026-09-05 23:04:43,computers,outpost,2,,C_nogate,0.8070,0.5783,0.7807,0.4757,0.7402,0.4989,0.0,True,True,False,False,64,200,82237876
2026-09-05 23:04:43,computers,outpost,2,,C_nopl,0.7507,0.4789,0.7200,0.3539,0.7127,0.4456,0.0,True,True,False,False,64,200,24260721
2026-09-05 23:04:43,computers,outpost,2,,C_sim,0.8186,0.5636,0.7887,0.4563,0.7498,0.4804,1.0,True,True,False,False,64,200,c05f091c
2026-09-05 23:04:43,computers,outpost,2,,E400_nogate,0.8421,0.6363,0.8226,0.5576,0.7549,0.5292,0.0,True,True,False,False,64,400,70c94d0f
2026-09-05 23:04:43,computers,outpost,2,,E400_outpost,0.8386,0.6327,0.8186,0.5534,0.7616,0.5377,0.0,True,True,False,False,64,400,a9f6c239
2026-09-05 23:04:43,computers,outpost,2,,L_lean,0.7507,0.4789,0.7200,0.3539,0.7127,0.4456,0.0,True,True,False,False,64,200,aaa19861
2026-09-05 23:04:43,computers,outpost,3,,A_main,0.8399,0.6158,0.8087,0.5114,0.7615,0.4766,0.0,True,True,False,False,64,200,44de9a97
2026-09-05 23:04:43,computers,outpost,3,,C_noconformal,0.8014,0.5408,0.7628,0.4128,0.7328,0.4337,0.0,True,True,False,False,64,200,a668bb6d
2026-09-05 23:04:43,computers,outpost,3,,C_nogate,0.8428,0.6163,0.8121,0.5166,0.7516,0.4554,0.0,True,True,False,False,64,200,82237876
2026-09-05 23:04:43,computers,outpost,3,,C_nopl,0.7643,0.4905,0.7184,0.3494,0.7300,0.4311,0.0,True,True,False,False,64,200,24260721
2026-09-05 23:04:43,computers,outpost,3,,C_sim,0.8373,0.5945,0.8187,0.4905,0.7544,0.4742,1.0,True,True,False,False,64,200,c05f091c
2026-09-05 23:04:43,computers,outpost,3,,E400_nogate,0.8581,0.6493,0.8304,0.5599,0.7670,0.4965,0.0,True,True,False,False,64,400,70c94d0f
2026-09-05 23:04:43,computers,outpost,3,,E400_outpost,0.8631,0.6549,0.8358,0.5669,0.7703,0.4989,0.0,True,True,False,False,64,400,a9f6c239
2026-09-05 23:04:43,computers,outpost,3,,L_lean,0.7643,0.4905,0.7184,0.3494,0.7300,0.4311,0.0,True,True,False,False,64,200,aaa19861
2026-09-05 23:04:43,computers,outpost,4,,E400_nogate,0.8717,0.6600,0.8471,0.5666,0.8133,0.5616,0.0,True,True,False,False,64,400,70c94d0f
2026-09-05 23:04:43,computers,outpost,4,,E400_outpost,0.8550,0.6539,0.8265,0.5643,0.7902,0.5857,0.0,True,True,False,False,64,400,a9f6c239
2026-09-05 23:04:43,computers,outpost,42,,A_main,0.8349,0.6236,0.8021,0.5229,0.7839,0.5543,0.0,True,True,False,False,64,200,44de9a97
2026-09-05 23:04:43,computers,outpost,42,,C_noconformal,0.7889,0.5514,0.7482,0.4296,0.7502,0.5078,0.0,True,True,False,False,64,200,a668bb6d
2026-09-05 23:04:43,computers,outpost,42,,C_nogate,0.8263,0.6171,0.7934,0.5215,0.7695,0.5455,0.0,True,True,False,False,64,200,82237876
2026-09-05 23:04:43,computers,outpost,42,,C_nopl,0.7682,0.5241,0.7250,0.3966,0.7436,0.4881,0.0,True,True,False,False,64,200,24260721
2026-09-05 23:04:43,computers,outpost,42,,C_sim,0.8389,0.6064,0.8146,0.5122,0.7863,0.5186,1.0,True,True,False,False,64,200,c05f091c
2026-09-05 23:04:43,computers,outpost,42,,E400_nogate,0.8403,0.6503,0.8104,0.5642,0.7690,0.5574,0.0,True,True,False,False,64,400,70c94d0f
2026-09-05 23:04:43,computers,outpost,42,,E400_outpost,0.8612,0.6614,0.8347,0.5643,0.7834,0.5564,0.0,True,True,False,False,64,400,a9f6c239
2026-09-05 23:04:43,computers,outpost,42,,L_lean,0.7682,0.5241,0.7250,0.3966,0.7436,0.4881,0.0,True,True,False,False,64,200,aaa19861
2026-09-05 23:04:43,computers,outpost,42,,T_Kp12,0.8350,0.6182,0.8023,0.5218,0.7833,0.5383,0.0,True,True,False,False,64,200,ac1d6856
2026-09-05 23:04:43,computers,outpost,42,,T_Kp4,0.8344,0.6200,0.8019,0.5263,0.7461,0.4824,0.0,True,True,False,False,64,200,e369a655
2026-09-05 23:04:43,computers,outpost,42,,T_drop0.3,0.8337,0.6243,0.8008,0.5206,0.7683,0.5431,0.0,True,True,False,False,64,200,dfebf151
2026-09-05 23:04:43,computers,outpost,42,,T_hidden128,0.8459,0.6371,0.8158,0.5344,0.7788,0.5447,0.0,True,True,False,False,128,200,5f70938a
2026-09-05 23:04:43,computers,outpost,42,,T_hidden32,0.8325,0.6167,0.8051,0.5191,0.7807,0.5375,0.0,True,True,False,False,32,200,d65000f5
2026-09-05 23:04:43,computers,outpost,42,,T_lambda_un0.5,0.8199,0.6109,0.7847,0.5066,0.7760,0.5491,0.0,True,True,False,False,64,200,4a3f5b52
2026-09-05 23:04:43,computers,outpost,42,,T_lambda_un1.5,0.8422,0.6183,0.8112,0.5165,0.7828,0.5394,0.0,True,True,False,False,64,200,ec9a5f95
2026-09-05 23:04:43,computers,outpost,42,,T_nosynth,0.8281,0.6198,0.7964,0.5168,0.7612,0.5233,0.0,False,False,False,False,64,200,b38ad9e2
2026-09-05 23:04:43,computers,outpost,42,,T_warmup15,0.8419,0.6329,0.8128,0.5337,0.7933,0.5629,0.0,True,True,False,False,64,200,7ceccd44
2026-09-05 23:04:43,computers,outpost,5,,E400_nogate,0.8432,0.6502,0.8127,0.5625,0.7758,0.5366,0.0,True,True,False,False,64,400,70c94d0f
2026-09-05 23:04:43,computers,outpost,5,,E400_outpost,0.8407,0.6515,0.8093,0.5598,0.7808,0.5418,0.0,True,True,False,False,64,400,a9f6c239
2026-09-05 23:04:43,computers,outpost,6,,E400_nogate,0.8611,0.6631,0.8334,0.5694,0.7609,0.4922,0.0,True,True,False,False,64,400,70c94d0f
2026-09-05 23:04:43,computers,outpost,6,,E400_outpost,0.8605,0.6637,0.8328,0.5721,0.7513,0.4815,0.0,True,True,False,False,64,400,a9f6c239
2026-09-05 23:04:43,computers,outpost,7,,E400_nogate,0.8466,0.6534,0.8213,0.5690,0.7519,0.5405,0.0,True,True,False,False,64,400,70c94d0f
2026-09-05 23:04:43,computers,outpost,7,,E400_outpost,0.8489,0.6553,0.8234,0.5706,0.7554,0.5330,0.0,True,True,False,False,64,400,a9f6c239
2026-09-05 23:04:43,computers,outpost,8,,E400_nogate,0.8514,0.6590,0.8220,0.5703,0.7744,0.5387,0.0,True,True,False,False,64,400,70c94d0f
2026-09-05 23:04:43,computers,outpost,8,,E400_outpost,0.8581,0.6580,0.8302,0.5664,0.7809,0.5383,0.0,True,True,False,False,64,400,a9f6c239
2026-09-05 23:04:43,cs,demo,0,,B_demo,0.9613,0.9093,0.9584,0.8933,0.9056,0.8134,0.0,,,False,False,64,200,04c3b5e3
2026-09-05 23:04:43,cs,demo,0,,B_demo_mix,0.9607,0.9092,0.9579,0.8937,0.9077,0.8045,0.0,,,False,False,64,200,317733b0
2026-09-05 23:04:43,cs,demo,0,,E400_demo,0.9687,0.9257,0.9665,0.9123,0.9074,0.8034,0.0,,,False,False,64,400,0f06da18
2026-09-05 23:04:43,cs,demo,1,,B_demo,0.9532,0.8972,0.9490,0.8760,0.8910,0.7785,0.0,,,False,False,64,200,04c3b5e3
2026-09-05 23:04:43,cs,demo,1,,B_demo_mix,0.9611,0.9115,0.9566,0.8885,0.8874,0.7613,0.0,,,False,False,64,200,317733b0
2026-09-05 23:04:43,cs,demo,1,,E400_demo,0.9662,0.9220,0.9625,0.9030,0.8963,0.7801,0.0,,,False,False,64,400,0f06da18
2026-09-05 23:04:43,cs,demo,2,,B_demo,0.9683,0.9244,0.9653,0.9073,0.8760,0.7442,0.0,,,False,False,64,200,04c3b5e3
2026-09-05 23:04:43,cs,demo,2,,B_demo_mix,0.9637,0.9145,0.9600,0.8940,0.8727,0.7330,0.0,,,False,False,64,200,317733b0
2026-09-05 23:04:43,cs,demo,2,,E400_demo,0.9681,0.9223,0.9649,0.9031,0.8734,0.7363,0.0,,,False,False,64,400,0f06da18
2026-09-05 23:04:43,cs,demo,3,,B_demo,0.9509,0.8836,0.9469,0.8617,0.8915,0.7845,0.0,,,False,False,64,200,04c3b5e3
2026-09-05 23:04:43,cs,demo,3,,B_demo_mix,0.9532,0.8948,0.9494,0.8754,0.8920,0.7853,0.0,,,False,False,64,200,317733b0
2026-09-05 23:04:43,cs,demo,3,,E400_demo,0.9607,0.9070,0.9573,0.8885,0.9129,0.8303,0.0,,,False,False,64,400,0f06da18
2026-09-05 23:04:43,cs,demo,4,,E400_demo,0.9645,0.9185,0.9616,0.9033,0.8976,0.7893,0.0,,,False,False,64,400,0f06da18
2026-09-05 23:04:43,cs,demo,42,,B_demo,0.9645,0.9150,0.9623,0.9010,0.8830,0.7695,0.0,,,False,False,64,200,04c3b5e3
2026-09-05 23:04:43,cs,demo,42,,B_demo_mix,0.9629,0.9115,0.9607,0.8971,0.8815,0.7667,0.0,,,False,False,64,200,317733b0
2026-09-05 23:04:43,cs,demo,42,,E400_demo,0.9714,0.9296,0.9696,0.9171,0.8815,0.7667,0.0,,,False,False,64,400,0f06da18
2026-09-05 23:04:43,cs,demo,5,,E400_demo,0.9668,0.9192,0.9646,0.9055,0.9147,0.8177,0.0,,,False,False,64,400,0f06da18
2026-09-05 23:04:43,cs,demo,6,,E400_demo,0.9621,0.9097,0.9574,0.8834,0.9062,0.7963,0.0,,,False,False,64,400,0f06da18
2026-09-05 23:04:43,cs,demo,7,,E400_demo,0.9574,0.8966,0.9535,0.8742,0.8824,0.7670,0.0,,,False,False,64,400,0f06da18
2026-09-05 23:04:43,cs,demo,8,,E400_demo,0.9602,0.9049,0.9569,0.8870,0.9356,0.8609,0.0,,,False,False,64,400,0f06da18
2026-09-05 23:04:43,cs,nsreg,0,,E400_nsreg,0.9748,0.9416,0.9728,0.9297,0.9230,0.8421,0.0,,,False,False,64,400,e1e6eb52
2026-09-05 23:04:43,cs,nsreg,0,,N201_nsreg,0.9748,0.9416,0.9728,0.9297,0.9258,0.8488,0.0,,,False,False,64,201,f69e23de
2026-09-05 23:04:43,cs,nsreg,1,,E400_nsreg,0.9671,0.9327,0.9646,0.9208,0.9304,0.8627,0.0,,,False,False,64,400,e1e6eb52
2026-09-05 23:04:43,cs,nsreg,1,,N201_nsreg,0.9671,0.9327,0.9646,0.9208,0.9304,0.8627,0.0,,,False,False,64,201,f69e23de
2026-09-05 23:04:43,cs,nsreg,2,,E400_nsreg,0.9700,0.9340,0.9675,0.9214,0.9216,0.8378,0.0,,,False,False,64,400,e1e6eb52
2026-09-05 23:04:43,cs,nsreg,2,,N201_nsreg,0.9700,0.9340,0.9675,0.9214,0.9216,0.8378,0.0,,,False,False,64,201,f69e23de
2026-09-05 23:04:43,cs,nsreg,3,,E400_nsreg,0.9674,0.9247,0.9647,0.9099,0.9198,0.8379,0.0,,,False,False,64,400,e1e6eb52
2026-09-05 23:04:43,cs,nsreg,3,,N201_nsreg,0.9674,0.9247,0.9647,0.9099,0.9198,0.8379,0.0,,,False,False,64,201,f69e23de
2026-09-05 23:04:43,cs,nsreg,4,,E400_nsreg,0.9672,0.9248,0.9645,0.9105,0.9540,0.9005,0.0,,,False,False,64,400,e1e6eb52
2026-09-05 23:04:43,cs,nsreg,42,,E400_nsreg,0.9752,0.9439,0.9734,0.9335,0.9002,0.7984,0.0,,,False,False,64,400,e1e6eb52
2026-09-05 23:04:43,cs,nsreg,42,,N201_nsreg,0.9752,0.9439,0.9734,0.9335,0.9002,0.7984,0.0,,,False,False,64,201,f69e23de
2026-09-05 23:04:43,cs,nsreg,5,,E400_nsreg,0.9677,0.9260,0.9655,0.9128,0.9154,0.8207,0.0,,,False,False,64,400,e1e6eb52
2026-09-05 23:04:43,cs,nsreg,6,,E400_nsreg,0.9704,0.9376,0.9681,0.9255,0.9539,0.8991,0.0,,,False,False,64,400,e1e6eb52
2026-09-05 23:04:43,cs,nsreg,7,,E400_nsreg,0.9747,0.9409,0.9728,0.9298,0.9307,0.8627,0.0,,,False,False,64,400,e1e6eb52
2026-09-05 23:04:43,cs,nsreg,8,,E400_nsreg,0.9665,0.9302,0.9639,0.9168,0.9453,0.8871,0.0,,,False,False,64,400,e1e6eb52
2026-09-05 23:04:43,cs,outpost,0,,A_main,0.9863,0.9626,0.9859,0.9570,0.9218,0.8369,0.0,True,True,False,False,64,200,5999b680
2026-09-05 23:04:43,cs,outpost,0,,C_noconformal,0.9848,0.9611,0.9839,0.9540,0.9121,0.8225,0.0,True,True,False,False,64,200,e418b75f
2026-09-05 23:04:43,cs,outpost,0,,C_nogate,0.9862,0.9623,0.9858,0.9567,0.9215,0.8361,0.0,True,True,False,False,64,200,a5b6afa1
2026-09-05 23:04:43,cs,outpost,0,,C_nopl,0.9222,0.8398,0.9138,0.8009,0.8992,0.7957,0.0,True,True,False,False,64,200,4aee22e6
2026-09-05 23:04:43,cs,outpost,0,,C_sim,0.9861,0.9636,0.9856,0.9580,0.9186,0.8348,1.0,True,True,False,False,64,200,88b66959
2026-09-05 23:04:43,cs,outpost,0,,E400_outpost,0.9878,0.9662,0.9876,0.9619,0.9228,0.8394,0.0,True,True,False,False,64,400,bcd08c81
2026-09-05 23:04:43,cs,outpost,0,,L_lean,0.9222,0.8398,0.9138,0.8009,0.8992,0.7957,0.0,True,True,False,False,64,200,b51924ed
2026-09-05 23:04:43,cs,outpost,0,,T_Kp12,0.9863,0.9625,0.9860,0.9572,0.9213,0.8364,0.0,True,True,False,False,64,200,ada15d0e
2026-09-05 23:04:43,cs,outpost,0,,T_Kp4,0.9860,0.9622,0.9856,0.9565,0.9241,0.8380,0.0,True,True,False,False,64,200,80e91111
2026-09-05 23:04:43,cs,outpost,0,,T_drop0.3,0.9855,0.9604,0.9850,0.9547,0.9227,0.8384,0.0,True,True,False,False,64,200,5da0ed21
2026-09-05 23:04:43,cs,outpost,0,,T_hidden128,0.9860,0.9621,0.9857,0.9567,0.9446,0.8793,0.0,True,True,False,False,128,200,64ef4be8
2026-09-05 23:04:43,cs,outpost,0,,T_hidden32,0.9859,0.9620,0.9855,0.9560,0.9166,0.8279,0.0,True,True,False,False,32,200,1b90baa2
2026-09-05 23:04:43,cs,outpost,0,,T_lambda_un0.5,0.9858,0.9611,0.9852,0.9546,0.9223,0.8403,0.0,True,True,False,False,64,200,cdbd889f
2026-09-05 23:04:43,cs,outpost,0,,T_lambda_un1.5,0.9863,0.9629,0.9859,0.9577,0.9189,0.8286,0.0,True,True,False,False,64,200,f0733f4f
2026-09-05 23:04:43,cs,outpost,0,,T_nosynth,0.9865,0.9630,0.9861,0.9581,0.9051,0.7998,0.0,False,False,False,False,64,200,c879591e
2026-09-05 23:04:43,cs,outpost,0,,T_warmup15,0.9860,0.9618,0.9856,0.9562,0.9194,0.8365,0.0,True,True,False,False,64,200,9db4016e
2026-09-05 23:04:43,cs,outpost,1,,A_main,0.9810,0.9506,0.9805,0.9435,0.9323,0.8511,0.0,True,True,False,False,64,200,5999b680
2026-09-05 23:04:43,cs,outpost,1,,C_noconformal,0.9749,0.9408,0.9727,0.9286,0.9222,0.8389,0.0,True,True,False,False,64,200,e418b75f
2026-09-05 23:04:43,cs,outpost,1,,C_nogate,0.9810,0.9507,0.9805,0.9436,0.9336,0.8547,0.0,True,True,False,False,64,200,a5b6afa1
2026-09-05 23:04:43,cs,outpost,1,,C_nopl,0.9143,0.8228,0.9060,0.7858,0.8927,0.7809,0.0,True,True,False,False,64,200,4aee22e6
2026-09-05 23:04:43,cs,outpost,1,,C_sim,0.9813,0.9526,0.9806,0.9454,0.9287,0.8448,1.0,True,True,False,False,64,200,88b66959
2026-09-05 23:04:43,cs,outpost,1,,E400_outpost,0.9819,0.9511,0.9816,0.9447,0.9323,0.8511,0.0,True,True,False,False,64,400,bcd08c81
2026-09-05 23:04:43,cs,outpost,1,,L_lean,0.9143,0.8228,0.9060,0.7858,0.8927,0.7809,0.0,True,True,False,False,64,200,b51924ed
2026-09-05 23:04:43,cs,outpost,1,,T_Kp12,0.9810,0.9510,0.9804,0.9439,0.9302,0.8506,0.0,True,True,False,False,64,200,ada15d0e
2026-09-05 23:04:43,cs,outpost,1,,T_Kp4,0.9811,0.9511,0.9806,0.9438,0.9256,0.8414,0.0,True,True,False,False,64,200,80e91111
2026-09-05 23:04:43,cs,outpost,1,,T_drop0.3,0.9811,0.9500,0.9805,0.9426,0.9352,0.8561,0.0,True,True,False,False,64,200,5da0ed21
2026-09-05 23:04:43,cs,outpost,1,,T_hidden128,0.9810,0.9514,0.9803,0.9440,0.9335,0.8558,0.0,True,True,False,False,128,200,64ef4be8
2026-09-05 23:04:43,cs,outpost,1,,T_hidden32,0.9811,0.9500,0.9804,0.9421,0.9276,0.8442,0.0,True,True,False,False,32,200,1b90baa2
2026-09-05 23:04:43,cs,outpost,1,,T_lambda_un0.5,0.9810,0.9502,0.9803,0.9422,0.9256,0.8368,0.0,True,True,False,False,64,200,cdbd889f
2026-09-05 23:04:43,cs,outpost,1,,T_lambda_un1.5,0.9813,0.9512,0.9808,0.9441,0.9325,0.8493,0.0,True,True,False,False,64,200,f0733f4f
2026-09-05 23:04:43,cs,outpost,1,,T_nosynth,0.9816,0.9502,0.9809,0.9427,0.9033,0.7941,0.0,False,False,False,False,64,200,c879591e
2026-09-05 23:04:43,cs,outpost,1,,T_warmup15,0.9811,0.9510,0.9806,0.9436,0.9237,0.8382,0.0,True,True,False,False,64,200,9db4016e
2026-09-05 23:04:43,cs,outpost,2,,A_main,0.9821,0.9517,0.9815,0.9441,0.9261,0.8408,0.0,True,True,False,False,64,200,5999b680
2026-09-05 23:04:43,cs,outpost,2,,C_noconformal,0.9753,0.9397,0.9737,0.9286,0.8995,0.7954,0.0,True,True,False,False,64,200,e418b75f
2026-09-05 23:04:43,cs,outpost,2,,C_nogate,0.9821,0.9515,0.9815,0.9440,0.9256,0.8398,0.0,True,True,False,False,64,200,a5b6afa1
2026-09-05 23:04:43,cs,outpost,2,,C_nopl,0.9203,0.8332,0.9124,0.7948,0.8945,0.7785,0.0,True,True,False,False,64,200,4aee22e6
2026-09-05 23:04:43,cs,outpost,2,,C_sim,0.9832,0.9552,0.9826,0.9478,0.9426,0.8677,1.0,True,True,False,False,64,200,88b66959
2026-09-05 23:04:43,cs,outpost,2,,E400_outpost,0.9821,0.9517,0.9815,0.9441,0.9264,0.8417,0.0,True,True,False,False,64,400,bcd08c81
2026-09-05 23:04:43,cs,outpost,2,,L_lean,0.9203,0.8332,0.9124,0.7948,0.8945,0.7785,0.0,True,True,False,False,64,200,b51924ed
2026-09-05 23:04:43,cs,outpost,3,,A_main,0.9823,0.9526,0.9817,0.9452,0.9386,0.8715,0.0,True,True,False,False,64,200,5999b680
2026-09-05 23:04:43,cs,outpost,3,,C_noconformal,0.9786,0.9451,0.9772,0.9352,0.9285,0.8555,0.0,True,True,False,False,64,200,e418b75f
2026-09-05 23:04:43,cs,outpost,3,,C_nogate,0.9823,0.9525,0.9817,0.9453,0.9421,0.8768,0.0,True,True,False,False,64,200,a5b6afa1
2026-09-05 23:04:43,cs,outpost,3,,C_nopl,0.9130,0.8202,0.9036,0.7782,0.8930,0.7853,0.0,True,True,False,False,64,200,4aee22e6
2026-09-05 23:04:43,cs,outpost,3,,C_sim,0.9828,0.9557,0.9821,0.9486,0.9330,0.8495,1.0,True,True,False,False,64,200,88b66959
2026-09-05 23:04:43,cs,outpost,3,,E400_outpost,0.9824,0.9534,0.9819,0.9466,0.9427,0.8788,0.0,True,True,False,False,64,400,bcd08c81
2026-09-05 23:04:43,cs,outpost,3,,L_lean,0.9130,0.8202,0.9036,0.7782,0.8930,0.7853,0.0,True,True,False,False,64,200,b51924ed
2026-09-05 23:04:43,cs,outpost,4,,E400_outpost,0.9854,0.9583,0.9852,0.9527,0.9611,0.8997,0.0,True,True,False,False,64,400,bcd08c81
2026-09-05 23:04:43,cs,outpost,42,,A_main,0.9841,0.9585,0.9838,0.9525,0.9180,0.8370,0.0,True,True,False,False,64,200,5999b680
2026-09-05 23:04:43,cs,outpost,42,,C_noconformal,0.9791,0.9472,0.9775,0.9363,0.9000,0.8029,0.0,True,True,False,False,64,200,e418b75f
2026-09-05 23:04:43,cs,outpost,42,,C_nogate,0.9842,0.9586,0.9839,0.9528,0.9177,0.8366,0.0,True,True,False,False,64,200,a5b6afa1
2026-09-05 23:04:43,cs,outpost,42,,C_nopl,0.9222,0.8377,0.9148,0.8015,0.8763,0.7441,0.0,True,True,False,False,64,200,4aee22e6
2026-09-05 23:04:43,cs,outpost,42,,C_sim,0.9848,0.9615,0.9844,0.9557,0.9178,0.8304,1.0,True,True,False,False,64,200,88b66959
2026-09-05 23:04:43,cs,outpost,42,,E400_outpost,0.9843,0.9589,0.9842,0.9534,0.9180,0.8370,0.0,True,True,False,False,64,400,bcd08c81
2026-09-05 23:04:43,cs,outpost,42,,L_lean,0.9222,0.8377,0.9148,0.8015,0.8763,0.7441,0.0,True,True,False,False,64,200,b51924ed
2026-09-05 23:04:43,cs,outpost,42,,T_Kp12,0.9842,0.9583,0.9839,0.9522,0.9104,0.8206,0.0,True,True,False,False,64,200,ada15d0e
2026-09-05 23:04:43,cs,outpost,42,,T_Kp4,0.9843,0.9586,0.9839,0.9526,0.8987,0.7934,0.0,True,True,False,False,64,200,80e91111
2026-09-05 23:04:43,cs,outpost,42,,T_drop0.3,0.9841,0.9583,0.9836,0.9526,0.9179,0.8372,0.0,True,True,False,False,64,200,5da0ed21
2026-09-05 23:04:43,cs,outpost,42,,T_hidden128,0.9844,0.9590,0.9840,0.9530,0.8943,0.7809,0.0,True,True,False,False,128,200,64ef4be8
2026-09-05 23:04:43,cs,outpost,42,,T_hidden32,0.9843,0.9582,0.9839,0.9519,0.8920,0.7820,0.0,True,True,False,False,32,200,1b90baa2
2026-09-05 23:04:43,cs,outpost,42,,T_lambda_un0.5,0.9844,0.9584,0.9839,0.9520,0.9192,0.8397,0.0,True,True,False,False,64,200,cdbd889f
2026-09-05 23:04:43,cs,outpost,42,,T_lambda_un1.5,0.9841,0.9584,0.9838,0.9527,0.9112,0.8224,0.0,True,True,False,False,64,200,f0733f4f
2026-09-05 23:04:43,cs,outpost,42,,T_nosynth,0.9843,0.9581,0.9839,0.9520,0.8872,0.7754,0.0,False,False,False,False,64,200,c879591e
2026-09-05 23:04:43,cs,outpost,42,,T_warmup15,0.9843,0.9586,0.9839,0.9524,0.8928,0.7843,0.0,True,True,False,False,64,200,9db4016e
2026-09-05 23:04:43,cs,outpost,5,,E400_outpost,0.9856,0.9608,0.9854,0.9558,0.9462,0.8805,0.0,True,True,False,False,64,400,bcd08c81
2026-09-05 23:04:43,cs,outpost,6,,E400_outpost,0.9842,0.9592,0.9839,0.9537,0.9478,0.8826,0.0,True,True,False,False,64,400,bcd08c81
2026-09-05 23:04:43,cs,outpost,7,,E400_outpost,0.9842,0.9576,0.9840,0.9519,0.9355,0.8666,0.0,True,True,False,False,64,400,bcd08c81
2026-09-05 23:04:43,cs,outpost,8,,E400_outpost,0.9842,0.9577,0.9839,0.9522,0.9563,0.9029,0.0,True,True,False,False,64,400,bcd08c81
2026-09-05 23:04:43,ogbn-arxiv,outpost,0,,A_main,0.6329,0.3103,0.5655,0.1783,0.6109,0.2956,0.0,True,True,False,False,64,400,ab8f62fc
2026-09-05 23:04:43,ogbn-arxiv,outpost,0,,C_sim,0.6328,0.3117,0.5688,0.1782,0.6048,0.2836,1.0,True,True,False,False,64,400,98a6927f
2026-09-05 23:04:43,ogbn-arxiv,outpost,1,,A_main,0.6295,0.3057,0.5537,0.1665,0.5950,0.2966,0.0,True,True,False,False,64,400,ab8f62fc
2026-09-05 23:04:43,ogbn-arxiv,outpost,1,,C_sim,0.6277,0.3057,0.5540,0.1673,0.5959,0.2991,1.0,True,True,False,False,64,400,98a6927f
2026-09-05 23:04:43,ogbn-arxiv,outpost,2,,A_main,0.6237,0.3128,0.5569,0.1702,0.6161,0.3085,0.0,True,True,False,False,64,400,ab8f62fc
2026-09-05 23:04:43,ogbn-arxiv,outpost,2,,C_sim,0.6247,0.3147,0.5573,0.1719,0.6130,0.3078,1.0,True,True,False,False,64,400,98a6927f
2026-09-05 23:04:43,ogbn-arxiv,outpost,3,,A_main,0.6116,0.2964,0.5436,0.1573,0.6028,0.2913,0.0,True,True,False,False,64,400,ab8f62fc
2026-09-05 23:04:43,ogbn-arxiv,outpost,3,,C_sim,0.6099,0.2953,0.5431,0.1567,0.5989,0.2880,1.0,True,True,False,False,64,400,98a6927f
2026-09-05 23:04:43,ogbn-arxiv,outpost,42,,A_main,0.6206,0.3012,0.5612,0.1733,0.5993,0.2905,0.0,True,True,False,False,64,400,ab8f62fc
2026-09-05 23:04:43,ogbn-arxiv,outpost,42,,C_sim,0.6212,0.3028,0.5617,0.1739,0.6006,0.2925,1.0,True,True,False,False,64,400,98a6927f
2026-09-05 23:04:43,ogbn-mag,outpost,0,,A_main,0.5941,0.0101,0.5852,0.0057,0.5747,0.0094,0.0,True,True,False,False,64,400,d975d501
2026-09-05 23:04:43,ogbn-mag,outpost,1,,A_main,0.5868,0.0102,0.5746,0.0057,0.5667,0.0084,0.0,True,True,False,False,64,400,d975d501
2026-09-05 23:04:43,ogbn-mag,outpost,2,,A_main,0.5945,0.0099,0.5829,0.0056,0.5699,0.0094,0.0,True,True,False,False,64,400,d975d501
2026-09-05 23:04:43,ogbn-mag,outpost,3,,A_main,0.5947,0.0102,0.5830,0.0058,0.5709,0.0095,0.0,True,True,False,False,64,400,d975d501
2026-09-05 23:04:43,ogbn-mag,outpost,42,,A_main,0.5913,0.0102,0.5807,0.0057,0.5716,0.0093,0.0,True,True,False,False,64,400,d975d501
2026-09-05 23:04:43,photo,demo,0,,B_demo,0.8217,0.5002,0.7625,0.1241,0.7191,0.4550,0.0,,,False,False,64,200,ab9d62d1
2026-09-05 23:04:43,photo,demo,0,,B_demo_mix,0.8113,0.5084,0.7448,0.1191,0.7539,0.4777,0.0,,,False,False,64,200,258a5c86
2026-09-05 23:04:43,photo,demo,0,,E400_demo,0.8787,0.5703,0.8112,0.1441,0.7539,0.4777,0.0,,,False,False,64,400,82e18004
2026-09-05 23:04:43,photo,demo,0,,E_demo_energy,0.8054,0.4958,0.7415,0.1190,0.7409,0.4619,0.0,,,False,False,64,200,63aea19c
2026-09-05 23:04:43,photo,demo,0,,E_demo_noenergy,0.8217,0.5002,0.7625,0.1241,0.7191,0.4550,0.0,,,False,False,64,200,ab9d62d1
2026-09-05 23:04:43,photo,demo,0,,H_anom100,0.7918,0.4597,0.7206,0.1133,0.6951,0.4086,0.0,,,False,False,64,200,32ab8d01
2026-09-05 23:04:43,photo,demo,0,,H_anom200,0.7683,0.3362,0.7372,0.1178,0.6907,0.3024,0.0,,,False,False,64,200,1ed36585
2026-09-05 23:04:43,photo,demo,0,,H_ep400,0.8787,0.5703,0.8112,0.1441,0.7539,0.4777,0.0,,,False,False,64,400,82e18004
2026-09-05 23:04:43,photo,demo,0,,H_norm0.10,0.7861,0.5047,0.7051,0.1180,0.7500,0.4811,0.0,,,False,False,64,200,1b29f20b
2026-09-05 23:04:43,photo,demo,0,,H_norm0.20,0.7874,0.5162,0.7142,0.1311,0.7389,0.4899,0.0,,,False,False,64,200,b79df96b
2026-09-05 23:04:43,photo,demo,1,,B_demo,0.8313,0.5279,0.8008,0.1357,0.7493,0.4704,0.0,,,False,False,64,200,ab9d62d1
2026-09-05 23:04:43,photo,demo,1,,B_demo_mix,0.8307,0.5371,0.8072,0.1399,0.8079,0.5166,0.0,,,False,False,64,200,258a5c86
2026-09-05 23:04:43,photo,demo,1,,E400_demo,0.8784,0.5772,0.8294,0.1658,0.8209,0.5379,0.0,,,False,False,64,400,82e18004
2026-09-05 23:04:43,photo,demo,1,,E_demo_energy,0.8262,0.5227,0.7978,0.1360,0.7914,0.4995,0.0,,,False,False,64,200,63aea19c
2026-09-05 23:04:43,photo,demo,1,,E_demo_noenergy,0.8313,0.5279,0.8008,0.1357,0.7493,0.4704,0.0,,,False,False,64,200,ab9d62d1
2026-09-05 23:04:43,photo,demo,1,,H_anom100,0.8631,0.5187,0.8189,0.1447,0.8107,0.4840,0.0,,,False,False,64,200,32ab8d01
2026-09-05 23:04:43,photo,demo,1,,H_anom200,0.7845,0.3509,0.7850,0.1274,0.7120,0.3223,0.0,,,False,False,64,200,1ed36585
2026-09-05 23:04:43,photo,demo,1,,H_ep400,0.8784,0.5772,0.8294,0.1658,0.8209,0.5379,0.0,,,False,False,64,400,82e18004
2026-09-05 23:04:43,photo,demo,1,,H_norm0.10,0.8282,0.5238,0.7791,0.1328,0.7746,0.4939,0.0,,,False,False,64,200,1b29f20b
2026-09-05 23:04:43,photo,demo,1,,H_norm0.20,0.8200,0.5200,0.7678,0.1435,0.7471,0.4864,0.0,,,False,False,64,200,b79df96b
2026-09-05 23:04:43,photo,demo,2,,B_demo,0.8275,0.5192,0.7728,0.1216,0.7641,0.4746,0.0,,,False,False,64,200,ab9d62d1
2026-09-05 23:04:43,photo,demo,2,,B_demo_mix,0.8388,0.5282,0.7811,0.1257,0.7663,0.4825,0.0,,,False,False,64,200,258a5c86
2026-09-05 23:04:43,photo,demo,2,,E400_demo,0.8879,0.5809,0.8143,0.1432,0.7663,0.4825,0.0,,,False,False,64,400,82e18004
2026-09-05 23:04:43,photo,demo,3,,B_demo,0.8038,0.4923,0.7425,0.1159,0.7197,0.4480,0.0,,,False,False,64,200,ab9d62d1
2026-09-05 23:04:43,photo,demo,3,,B_demo_mix,0.8238,0.5106,0.7384,0.1158,0.7176,0.4509,0.0,,,False,False,64,200,258a5c86
2026-09-05 23:04:43,photo,demo,3,,E400_demo,0.8864,0.5877,0.8061,0.1451,0.7176,0.4509,0.0,,,False,False,64,400,82e18004
2026-09-05 23:04:43,photo,demo,4,,B_demo_mix,0.8347,0.5300,0.7811,0.1254,0.7086,0.4325,0.0,,,False,False,64,200,258a5c86
2026-09-05 23:04:43,photo,demo,4,,E400_demo,0.8859,0.5846,0.8183,0.1506,0.7086,0.4325,0.0,,,False,False,64,400,82e18004
2026-09-05 23:04:43,photo,demo,42,,B_demo,0.8656,0.5424,0.8126,0.1423,0.8435,0.5184,0.0,,,False,False,64,200,ab9d62d1
2026-09-05 23:04:43,photo,demo,42,,B_demo_mix,0.8820,0.5617,0.8352,0.1562,0.8357,0.5156,0.0,,,False,False,64,200,258a5c86
2026-09-05 23:04:43,photo,demo,42,,E400_demo,0.9185,0.6294,0.8681,0.2018,0.8589,0.5347,0.0,,,False,False,64,400,82e18004
2026-09-05 23:04:43,photo,demo,42,,E_demo_energy,0.8775,0.5547,0.8203,0.1460,0.8268,0.5168,0.0,,,False,False,64,200,63aea19c
2026-09-05 23:04:43,photo,demo,42,,E_demo_noenergy,0.8656,0.5424,0.8126,0.1423,0.8435,0.5184,0.0,,,False,False,64,200,ab9d62d1
2026-09-05 23:04:43,photo,demo,42,,H_anom100,0.8443,0.4888,0.8183,0.1477,0.7337,0.4167,0.0,,,False,False,64,200,32ab8d01
2026-09-05 23:04:43,photo,demo,42,,H_anom200,0.8098,0.3521,0.7721,0.1319,0.7254,0.2985,0.0,,,False,False,64,200,1ed36585
2026-09-05 23:04:43,photo,demo,42,,H_ep400,0.9185,0.6294,0.8681,0.2018,0.8589,0.5347,0.0,,,False,False,64,400,82e18004
2026-09-05 23:04:43,photo,demo,42,,H_norm0.10,0.8467,0.5342,0.7893,0.1374,0.8189,0.5073,0.0,,,False,False,64,200,1b29f20b
2026-09-05 23:04:43,photo,demo,42,,H_norm0.20,0.8410,0.5425,0.8005,0.1577,0.8381,0.5349,0.0,,,False,False,64,200,b79df96b
2026-09-05 23:04:43,photo,demo,5,,B_demo_mix,0.8581,0.5443,0.7906,0.1316,0.8349,0.5165,0.0,,,False,False,64,200,258a5c86
2026-09-05 23:04:43,photo,demo,5,,E400_demo,0.9083,0.6062,0.8528,0.1741,0.8724,0.5517,0.0,,,False,False,64,400,82e18004
2026-09-05 23:04:43,photo,demo,6,,B_demo_mix,0.8364,0.5211,0.8200,0.1455,0.7092,0.4509,0.0,,,False,False,64,200,258a5c86
2026-09-05 23:04:43,photo,demo,6,,E400_demo,0.8627,0.5549,0.8308,0.1582,0.7092,0.4509,0.0,,,False,False,64,400,82e18004
2026-09-05 23:04:43,photo,demo,7,,B_demo_mix,0.8223,0.5098,0.7745,0.1288,0.7470,0.4534,0.0,,,False,False,64,200,258a5c86
2026-09-05 23:04:43,photo,demo,7,,E400_demo,0.8865,0.5801,0.8393,0.1676,0.7470,0.4534,0.0,,,False,False,64,400,82e18004
2026-09-05 23:04:43,photo,demo,8,,B_demo_mix,0.8651,0.5492,0.7974,0.1379,0.7890,0.4969,0.0,,,False,False,64,200,258a5c86
2026-09-05 23:04:43,photo,demo,8,,E400_demo,0.8860,0.5763,0.8295,0.1609,0.7890,0.4969,0.0,,,False,False,64,400,82e18004
2026-09-05 23:04:43,photo,nsreg,0,,E400_nsreg,0.8281,0.5150,0.7749,0.1283,0.7460,0.4778,0.0,,,False,False,64,400,08bff483
2026-09-05 23:04:43,photo,nsreg,0,,N201_nsreg,0.7837,0.4875,0.6930,0.1099,0.7427,0.4743,0.0,,,False,False,64,201,48f01da2
2026-09-05 23:04:43,photo,nsreg,1,,E400_nsreg,0.8330,0.5443,0.8030,0.1638,0.7959,0.5109,0.0,,,False,False,64,400,08bff483
2026-09-05 23:04:43,photo,nsreg,1,,N201_nsreg,0.7858,0.4961,0.7164,0.1123,0.7636,0.4850,0.0,,,False,False,64,201,48f01da2
2026-09-05 23:04:43,photo,nsreg,2,,E400_nsreg,0.8947,0.6370,0.8330,0.2962,0.7361,0.4581,0.0,,,False,False,64,400,08bff483
2026-09-05 23:04:43,photo,nsreg,2,,N201_nsreg,0.8129,0.5127,0.7114,0.1161,0.7361,0.4581,0.0,,,False,False,64,201,48f01da2
2026-09-05 23:04:43,photo,nsreg,3,,E400_nsreg,0.8017,0.4962,0.7656,0.1247,0.7301,0.4524,0.0,,,False,False,64,400,08bff483
2026-09-05 23:04:43,photo,nsreg,3,,N201_nsreg,0.7689,0.4724,0.7047,0.1104,0.7301,0.4524,0.0,,,False,False,64,201,48f01da2
2026-09-05 23:04:43,photo,nsreg,4,,E400_nsreg,0.8737,0.5689,0.8009,0.1581,0.7698,0.4613,0.0,,,False,False,64,400,08bff483
2026-09-05 23:04:43,photo,nsreg,42,,E400_nsreg,0.9109,0.6449,0.8586,0.2399,0.8926,0.6077,0.0,,,False,False,64,400,08bff483
2026-09-05 23:04:43,photo,nsreg,42,,N201_nsreg,0.9091,0.6395,0.8551,0.2288,0.8501,0.5603,0.0,,,False,False,64,201,48f01da2
2026-09-05 23:04:43,photo,nsreg,5,,E400_nsreg,0.9172,0.6304,0.8655,0.2191,0.8961,0.6006,0.0,,,False,False,64,400,08bff483
2026-09-05 23:04:43,photo,nsreg,6,,E400_nsreg,0.8843,0.5730,0.8182,0.1890,0.7276,0.4540,0.0,,,False,False,64,400,08bff483
2026-09-05 23:04:43,photo,nsreg,7,,E400_nsreg,0.8974,0.6334,0.8313,0.2339,0.8233,0.5159,0.0,,,False,False,64,400,08bff483
2026-09-05 23:04:43,photo,nsreg,8,,E400_nsreg,0.9187,0.6593,0.8671,0.3190,0.8112,0.5185,0.0,,,False,False,64,400,08bff483
2026-09-05 23:04:43,photo,outpost,0,,A_main,0.8272,0.5156,0.7757,0.1246,0.7395,0.4742,0.0,True,True,False,False,64,200,067c5ecd
2026-09-05 23:04:43,photo,outpost,0,,C_nogate,0.8189,0.5141,0.7719,0.1230,0.6999,0.4376,0.0,True,True,False,False,64,200,837bf524
2026-09-05 23:04:43,photo,outpost,0,,C_nopl,0.7767,0.4930,0.6930,0.1078,0.7058,0.4584,0.0,True,True,False,False,64,200,680a26e2
2026-09-05 23:04:43,photo,outpost,0,,C_nosynth,0.8453,0.5233,0.7821,0.1287,0.7444,0.4770,0.0,False,False,False,False,64,200,3b5412fb
2026-09-05 23:04:43,photo,outpost,0,,C_sim,0.7874,0.4963,0.7242,0.0981,0.6686,0.4495,1.0,True,True,False,False,64,200,ad27cfe9
2026-09-05 23:04:43,photo,outpost,0,,E400_nogate,0.8621,0.5361,0.8058,0.1356,0.7693,0.4791,0.0,True,True,False,False,64,400,0a93e3b3
2026-09-05 23:04:43,photo,outpost,0,,E400_outpost,0.8632,0.5360,0.8092,0.1371,0.7878,0.4975,0.0,True,True,False,False,64,400,260a1127
2026-09-05 23:04:43,photo,outpost,0,,G_b100_sim0.0,0.8197,0.5168,0.7774,0.1246,0.7384,0.4756,0.0,True,True,False,False,64,200,655c4adc
2026-09-05 23:04:43,photo,outpost,0,,G_b100_sim1.0,0.7794,0.4917,0.7299,0.1051,0.6610,0.4461,1.0,True,True,False,False,64,200,9232970e
2026-09-05 23:04:43,photo,outpost,0,,G_b10_sim0.0,0.8316,0.5230,0.7744,0.1233,0.7157,0.4577,0.0,True,True,False,False,64,200,ac16188b
2026-09-05 23:04:43,photo,outpost,0,,G_b10_sim1.0,0.7846,0.4877,0.7398,0.1283,0.6548,0.4426,1.0,True,True,False,False,64,200,cc0419e6
2026-09-05 23:04:43,photo,outpost,0,,G_b50_sim0.0,0.8192,0.5140,0.7709,0.1240,0.6973,0.4526,0.0,True,True,False,False,64,200,0da91895
2026-09-05 23:04:43,photo,outpost,0,,G_b50_sim1.0,0.7876,0.4957,0.7108,0.0998,0.6477,0.4467,1.0,True,True,False,False,64,200,a620969f
2026-09-05 23:04:43,photo,outpost,0,,G_b5_sim0.0,0.8191,0.5204,0.7787,0.1272,0.7130,0.4569,0.0,True,True,False,False,64,200,bc27011d
2026-09-05 23:04:43,photo,outpost,0,,G_b5_sim1.0,0.7649,0.4799,0.7086,0.0908,0.6333,0.4164,1.0,True,True,False,False,64,200,06a17e04
2026-09-05 23:04:43,photo,outpost,0,,L_lean,0.7767,0.4930,0.6930,0.1078,0.7058,0.4584,0.0,True,True,False,False,64,200,23a39b01
2026-09-05 23:04:43,photo,outpost,0,,T_Kp12,0.8291,0.5177,0.7706,0.1230,0.6927,0.4444,0.0,True,True,False,False,64,200,6c6c85e4
2026-09-05 23:04:43,photo,outpost,0,,T_Kp4,0.8194,0.5110,0.7773,0.1236,0.7260,0.4621,0.0,True,True,False,False,64,200,8a42c252
2026-09-05 23:04:43,photo,outpost,0,,T_alpha0.01,0.8152,0.5137,0.7803,0.1252,0.7051,0.4405,0.0,True,True,False,False,64,200,bb427675
2026-09-05 23:04:43,photo,outpost,0,,T_drop0.3,0.8138,0.5118,0.7585,0.1197,0.7187,0.4661,0.0,True,True,False,False,64,200,c07a114e
2026-09-05 23:04:43,photo,outpost,0,,T_gateq0.8,0.8197,0.5115,0.7738,0.1232,0.7131,0.4530,0.0,True,True,False,False,64,200,a982316e
2026-09-05 23:04:43,photo,outpost,0,,T_hidden128,0.8385,0.5274,0.7732,0.1261,0.7614,0.4851,0.0,True,True,False,False,128,200,546656d9
2026-09-05 23:04:43,photo,outpost,0,,T_hidden32,0.8064,0.5039,0.7620,0.1197,0.7173,0.4602,0.0,True,True,False,False,32,200,c5d4a467
2026-09-05 23:04:43,photo,outpost,0,,T_lambda_un0.5,0.8113,0.5097,0.7618,0.1203,0.7131,0.4456,0.0,True,True,False,False,64,200,5ee50755
2026-09-05 23:04:43,photo,outpost,0,,T_lambda_un1.5,0.8243,0.5124,0.7778,0.1241,0.7063,0.4513,0.0,True,True,False,False,64,200,103f590c
2026-09-05 23:04:43,photo,outpost,0,,T_lean,0.8453,0.5233,0.7821,0.1287,0.7444,0.4770,0.0,False,False,False,False,64,200,3b5412fb
2026-09-05 23:04:43,photo,outpost,0,,T_lr0.003,0.8146,0.5110,0.7783,0.1431,0.7765,0.4896,0.0,True,True,False,False,64,200,82d9ffb8
2026-09-05 23:04:43,photo,outpost,0,,T_warmup15,0.8157,0.5121,0.7750,0.1580,0.6857,0.4173,0.0,True,True,False,False,64,200,ceebf5f0
2026-09-05 23:04:43,photo,outpost,1,,A_main,0.8270,0.5269,0.8030,0.1365,0.8046,0.5120,0.0,True,True,False,False,64,200,067c5ecd
2026-09-05 23:04:43,photo,outpost,1,,C_nogate,0.8258,0.5241,0.8045,0.1391,0.8070,0.5154,0.0,True,True,False,False,64,200,837bf524
2026-09-05 23:04:43,photo,outpost,1,,C_nopl,0.7742,0.4954,0.7246,0.1156,0.7348,0.4704,0.0,True,True,False,False,64,200,680a26e2
2026-09-05 23:04:43,photo,outpost,1,,C_nosynth,0.8505,0.5412,0.7910,0.1349,0.7963,0.5037,0.0,False,False,False,False,64,200,3b5412fb
2026-09-05 23:04:43,photo,outpost,1,,C_sim,0.7784,0.5000,0.7471,0.1031,0.7379,0.4857,1.0,True,True,False,False,64,200,ad27cfe9
2026-09-05 23:04:43,photo,outpost,1,,E400_nogate,0.8836,0.5669,0.8272,0.1503,0.8051,0.5235,0.0,True,True,False,False,64,400,0a93e3b3
2026-09-05 23:04:43,photo,outpost,1,,E400_outpost,0.8817,0.5701,0.8290,0.1511,0.8520,0.5397,0.0,True,True,False,False,64,400,260a1127
2026-09-05 23:04:43,photo,outpost,1,,G_b100_sim0.0,0.8389,0.5274,0.7963,0.1346,0.8125,0.5164,0.0,True,True,False,False,64,200,655c4adc
2026-09-05 23:04:43,photo,outpost,1,,G_b100_sim1.0,0.7997,0.5148,0.7673,0.1144,0.7487,0.4919,1.0,True,True,False,False,64,200,9232970e
2026-09-05 23:04:43,photo,outpost,1,,G_b10_sim0.0,0.8256,0.5327,0.8094,0.1438,0.7972,0.5157,0.0,True,True,False,False,64,200,ac16188b
2026-09-05 23:04:43,photo,outpost,1,,G_b10_sim1.0,0.8016,0.5041,0.7543,0.1008,0.7443,0.4800,1.0,True,True,False,False,64,200,cc0419e6
2026-09-05 23:04:43,photo,outpost,1,,G_b50_sim0.0,0.8253,0.5233,0.7975,0.1359,0.7988,0.5069,0.0,True,True,False,False,64,200,0da91895
2026-09-05 23:04:43,photo,outpost,1,,G_b50_sim1.0,0.8070,0.5197,0.7760,0.1137,0.7217,0.4851,1.0,True,True,False,False,64,200,a620969f
2026-09-05 23:04:43,photo,outpost,1,,G_b5_sim0.0,0.8193,0.5297,0.8041,0.1386,0.7965,0.5153,0.0,True,True,False,False,64,200,bc27011d
2026-09-05 23:04:43,photo,outpost,1,,G_b5_sim1.0,0.7556,0.4858,0.7426,0.0979,0.7203,0.4715,1.0,True,True,False,False,64,200,06a17e04
2026-09-05 23:04:43,photo,outpost,1,,L_lean,0.7759,0.4978,0.7246,0.1156,0.7308,0.4724,0.0,True,True,False,False,64,200,23a39b01
2026-09-05 23:04:43,photo,outpost,1,,T_Kp12,0.8366,0.5330,0.8062,0.1380,0.7704,0.4924,0.0,True,True,False,False,64,200,6c6c85e4
2026-09-05 23:04:43,photo,outpost,1,,T_Kp4,0.8314,0.5281,0.8052,0.1372,0.8161,0.5214,0.0,True,True,False,False,64,200,8a42c252
2026-09-05 23:04:43,photo,outpost,1,,T_alpha0.01,0.8127,0.5225,0.7954,0.1354,0.7956,0.5105,0.0,True,True,False,False,64,200,bb427675
2026-09-05 23:04:43,photo,outpost,1,,T_drop0.3,0.8399,0.5360,0.7990,0.1371,0.7978,0.5109,0.0,True,True,False,False,64,200,c07a114e
2026-09-05 23:04:43,photo,outpost,1,,T_gateq0.8,0.8309,0.5281,0.8099,0.1409,0.8010,0.5145,0.0,True,True,False,False,64,200,a982316e
2026-09-05 23:04:43,photo,outpost,1,,T_hidden128,0.8494,0.5415,0.8107,0.1482,0.7923,0.5082,0.0,True,True,False,False,128,200,546656d9
2026-09-05 23:04:43,photo,outpost,1,,T_hidden32,0.8543,0.5433,0.8098,0.1430,0.8090,0.5122,0.0,True,True,False,False,32,200,c5d4a467
2026-09-05 23:04:43,photo,outpost,1,,T_lambda_un0.5,0.8249,0.5279,0.7969,0.1383,0.8069,0.5200,0.0,True,True,False,False,64,200,5ee50755
2026-09-05 23:04:43,photo,outpost,1,,T_lambda_un1.5,0.8273,0.5251,0.8047,0.1383,0.7956,0.5049,0.0,True,True,False,False,64,200,103f590c
2026-09-05 23:04:43,photo,outpost,1,,T_lean,0.8505,0.5412,0.7910,0.1349,0.7963,0.5037,0.0,False,False,False,False,64,200,3b5412fb
2026-09-05 23:04:43,photo,outpost,1,,T_lr0.003,0.8559,0.5503,0.8276,0.1518,0.8087,0.5213,0.0,True,True,False,False,64,200,82d9ffb8
2026-09-05 23:04:43,photo,outpost,1,,T_warmup15,0.8390,0.5348,0.7972,0.1375,0.7851,0.4964,0.0,True,True,False,False,64,200,ceebf5f0
2026-09-05 23:04:43,photo,outpost,2,,A_main,0.8323,0.5209,0.7534,0.1166,0.7583,0.4804,0.0,True,True,False,False,64,200,067c5ecd
2026-09-05 23:04:43,photo,outpost,2,,C_nogate,0.8390,0.5235,0.7683,0.1184,0.7818,0.4911,0.0,True,True,False,False,64,200,837bf524
2026-09-05 23:04:43,photo,outpost,2,,C_nopl,0.8077,0.5106,0.7019,0.1069,0.7665,0.4888,0.0,True,True,False,False,64,200,680a26e2
2026-09-05 23:04:43,photo,outpost,2,,C_nosynth,0.8406,0.5159,0.7672,0.1237,0.7839,0.4895,0.0,False,False,False,False,64,200,3b5412fb
2026-09-05 23:04:43,photo,outpost,2,,C_sim,0.7654,0.4795,0.6992,0.0918,0.6933,0.4562,1.0,True,True,False,False,64,200,ad27cfe9
2026-09-05 23:04:43,photo,outpost,2,,E400_nogate,0.8593,0.5465,0.7880,0.1274,0.7577,0.4806,0.0,True,True,False,False,64,400,0a93e3b3
2026-09-05 23:04:43,photo,outpost,2,,E400_outpost,0.8554,0.5464,0.7850,0.1272,0.7583,0.4804,0.0,True,True,False,False,64,400,260a1127
2026-09-05 23:04:43,photo,outpost,2,,G_b100_sim0.0,0.8304,0.5170,0.7613,0.1166,0.7546,0.4784,0.0,True,True,False,False,64,200,655c4adc
2026-09-05 23:04:43,photo,outpost,2,,G_b100_sim1.0,0.7538,0.4772,0.7039,0.0965,0.6992,0.4608,1.0,True,True,False,False,64,200,9232970e
2026-09-05 23:04:43,photo,outpost,2,,G_b10_sim0.0,0.8477,0.5278,0.7697,0.1193,0.7772,0.4874,0.0,True,True,False,False,64,200,ac16188b
2026-09-05 23:04:43,photo,outpost,2,,G_b10_sim1.0,0.7571,0.4736,0.6742,0.0864,0.7192,0.4574,1.0,True,True,False,False,64,200,cc0419e6
2026-09-05 23:04:43,photo,outpost,2,,G_b50_sim0.0,0.8262,0.5180,0.7631,0.1191,0.7568,0.4797,0.0,True,True,False,False,64,200,0da91895
2026-09-05 23:04:43,photo,outpost,2,,G_b50_sim1.0,0.7799,0.4830,0.7039,0.0950,0.7180,0.4648,1.0,True,True,False,False,64,200,a620969f
2026-09-05 23:04:43,photo,outpost,2,,G_b5_sim0.0,0.8395,0.5249,0.7638,0.1171,0.7785,0.4866,0.0,True,True,False,False,64,200,bc27011d
2026-09-05 23:04:43,photo,outpost,2,,G_b5_sim1.0,0.7812,0.4861,0.6749,0.0867,0.7400,0.4671,1.0,True,True,False,False,64,200,06a17e04
2026-09-05 23:04:43,photo,outpost,2,,L_lean,0.8077,0.5106,0.7020,0.1069,0.7665,0.4888,0.0,True,True,False,False,64,200,23a39b01
2026-09-05 23:04:43,photo,outpost,3,,A_main,0.8111,0.5038,0.7499,0.1168,0.7323,0.4675,0.0,True,True,False,False,64,200,067c5ecd
2026-09-05 23:04:43,photo,outpost,3,,C_nogate,0.8195,0.5079,0.7569,0.1183,0.7400,0.4739,0.0,True,True,False,False,64,200,837bf524
2026-09-05 23:04:43,photo,outpost,3,,C_nopl,0.7773,0.4916,0.6959,0.1091,0.7248,0.4579,0.0,True,True,False,False,64,200,680a26e2
2026-09-05 23:04:43,photo,outpost,3,,C_nosynth,0.8448,0.5234,0.7607,0.1228,0.7663,0.4867,0.0,False,False,False,False,64,200,3b5412fb
2026-09-05 23:04:43,photo,outpost,3,,C_sim,0.7235,0.4697,0.6914,0.0934,0.6588,0.4462,1.0,True,True,False,False,64,200,ad27cfe9
2026-09-05 23:04:43,photo,outpost,3,,E400_nogate,0.8512,0.5278,0.7684,0.1207,0.7662,0.4811,0.0,True,True,False,False,64,400,0a93e3b3
2026-09-05 23:04:43,photo,outpost,3,,E400_outpost,0.8442,0.5248,0.7622,0.1200,0.7799,0.4853,0.0,True,True,False,False,64,400,260a1127
2026-09-05 23:04:43,photo,outpost,3,,G_b100_sim0.0,0.8121,0.5032,0.7529,0.1183,0.7128,0.4581,0.0,True,True,False,False,64,200,655c4adc
2026-09-05 23:04:43,photo,outpost,3,,G_b100_sim1.0,0.7564,0.4847,0.6929,0.0997,0.6905,0.4591,1.0,True,True,False,False,64,200,9232970e
2026-09-05 23:04:43,photo,outpost,3,,G_b10_sim0.0,0.8278,0.5142,0.7664,0.1210,0.7318,0.4659,0.0,True,True,False,False,64,200,ac16188b
2026-09-05 23:04:43,photo,outpost,3,,G_b10_sim1.0,0.7434,0.4688,0.7017,0.0936,0.6529,0.4438,1.0,True,True,False,False,64,200,cc0419e6
2026-09-05 23:04:43,photo,outpost,3,,G_b50_sim0.0,0.8328,0.5202,0.7597,0.1193,0.7363,0.4686,0.0,True,True,False,False,64,200,0da91895
2026-09-05 23:04:43,photo,outpost,3,,G_b50_sim1.0,0.7632,0.4862,0.7263,0.1153,0.6707,0.4505,1.0,True,True,False,False,64,200,a620969f
2026-09-05 23:04:43,photo,outpost,3,,G_b5_sim0.0,0.8174,0.5031,0.7518,0.1157,0.6925,0.4324,0.0,True,True,False,False,64,200,bc27011d
2026-09-05 23:04:43,photo,outpost,3,,G_b5_sim1.0,0.7635,0.4707,0.6899,0.0874,0.6849,0.4387,1.0,True,True,False,False,64,200,06a17e04
2026-09-05 23:04:43,photo,outpost,3,,L_lean,0.7829,0.4970,0.6959,0.1091,0.7269,0.4588,0.0,True,True,False,False,64,200,23a39b01
2026-09-05 23:04:43,photo,outpost,4,,A_main,0.8708,0.5535,0.7960,0.2010,0.7418,0.4529,0.0,True,True,False,False,64,200,067c5ecd
2026-09-05 23:04:43,photo,outpost,4,,E400_nogate,0.8921,0.5728,0.8314,0.2044,0.7514,0.4574,0.0,True,True,False,False,64,400,0a93e3b3
2026-09-05 23:04:43,photo,outpost,4,,E400_outpost,0.8903,0.5720,0.8367,0.2074,0.7391,0.4488,0.0,True,True,False,False,64,400,260a1127
2026-09-05 23:04:43,photo,outpost,4,,L_lean,0.8027,0.5134,0.7137,0.1765,0.7342,0.4508,0.0,True,True,False,False,64,200,23a39b01
2026-09-05 23:04:43,photo,outpost,42,,A_main,0.8558,0.5368,0.8008,0.1331,0.8113,0.5018,0.0,True,True,False,False,64,200,067c5ecd
2026-09-05 23:04:43,photo,outpost,42,,C_nogate,0.8517,0.5337,0.7915,0.1260,0.8034,0.5023,0.0,True,True,False,False,64,200,837bf524
2026-09-05 23:04:43,photo,outpost,42,,C_nopl,0.8288,0.5173,0.7584,0.1183,0.8091,0.5076,0.0,True,True,False,False,64,200,680a26e2
2026-09-05 23:04:43,photo,outpost,42,,C_nosynth,0.8635,0.5374,0.8013,0.1333,0.8176,0.5040,0.0,False,False,False,False,64,200,3b5412fb
2026-09-05 23:04:43,photo,outpost,42,,C_sim,0.8057,0.4981,0.7033,0.0930,0.7814,0.4838,1.0,True,True,False,False,64,200,ad27cfe9
2026-09-05 23:04:43,photo,outpost,42,,E400_nogate,0.8662,0.5439,0.8151,0.1390,0.8140,0.5029,0.0,True,True,False,False,64,400,0a93e3b3
2026-09-05 23:04:43,photo,outpost,42,,E400_outpost,0.8661,0.5426,0.8104,0.1362,0.8113,0.5018,0.0,True,True,False,False,64,400,260a1127
2026-09-05 23:04:43,photo,outpost,42,,G_b100_sim0.0,0.8456,0.5282,0.7893,0.1284,0.8105,0.5049,0.0,True,True,False,False,64,200,655c4adc
2026-09-05 23:04:43,photo,outpost,42,,G_b100_sim1.0,0.7834,0.4877,0.7369,0.1030,0.7538,0.4815,1.0,True,True,False,False,64,200,9232970e
2026-09-05 23:04:43,photo,outpost,42,,G_b10_sim0.0,0.8581,0.5378,0.8006,0.1329,0.7984,0.5022,0.0,True,True,False,False,64,200,ac16188b
2026-09-05 23:04:43,photo,outpost,42,,G_b10_sim1.0,0.7864,0.4800,0.7076,0.0906,0.7380,0.4554,1.0,True,True,False,False,64,200,cc0419e6
2026-09-05 23:04:43,photo,outpost,42,,G_b50_sim0.0,0.8540,0.5345,0.8008,0.1321,0.8147,0.5112,0.0,True,True,False,False,64,200,0da91895
2026-09-05 23:04:43,photo,outpost,42,,G_b50_sim1.0,0.7939,0.4915,0.7071,0.0962,0.7271,0.4578,1.0,True,True,False,False,64,200,a620969f
2026-09-05 23:04:43,photo,outpost,42,,G_b5_sim0.0,0.8577,0.5433,0.8049,0.1334,0.8023,0.4995,0.0,True,True,False,False,64,200,bc27011d
2026-09-05 23:04:43,photo,outpost,42,,G_b5_sim1.0,0.7879,0.4863,0.7104,0.0963,0.7721,0.4724,1.0,True,True,False,False,64,200,06a17e04
2026-09-05 23:04:43,photo,outpost,42,,L_lean,0.8267,0.5179,0.7584,0.1183,0.7922,0.4880,0.0,True,True,False,False,64,200,23a39b01
2026-09-05 23:04:43,photo,outpost,42,,T_Kp12,0.8581,0.5441,0.8072,0.1361,0.7910,0.4927,0.0,True,True,False,False,64,200,6c6c85e4
2026-09-05 23:04:43,photo,outpost,42,,T_Kp4,0.8608,0.5441,0.7960,0.1297,0.8216,0.5144,0.0,True,True,False,False,64,200,8a42c252
2026-09-05 23:04:43,photo,outpost,42,,T_alpha0.01,0.8563,0.5354,0.7997,0.1293,0.8313,0.5215,0.0,True,True,False,False,64,200,bb427675
2026-09-05 23:04:43,photo,outpost,42,,T_drop0.3,0.8523,0.5239,0.7881,0.1253,0.7915,0.4880,0.0,True,True,False,False,64,200,c07a114e
2026-09-05 23:04:43,photo,outpost,42,,T_gateq0.8,0.8547,0.5355,0.7930,0.1269,0.8055,0.5008,0.0,True,True,False,False,64,200,a982316e
2026-09-05 23:04:43,photo,outpost,42,,T_hidden128,0.8490,0.5365,0.7956,0.1299,0.7892,0.4970,0.0,True,True,False,False,128,200,546656d9
2026-09-05 23:04:43,photo,outpost,42,,T_hidden32,0.8582,0.5355,0.8083,0.1523,0.8192,0.5088,0.0,True,True,False,False,32,200,c5d4a467
2026-09-05 23:04:43,photo,outpost,42,,T_lambda_un0.5,0.8580,0.5437,0.8029,0.1323,0.8290,0.5205,0.0,True,True,False,False,64,200,5ee50755
2026-09-05 23:04:43,photo,outpost,42,,T_lambda_un1.5,0.8480,0.5290,0.7905,0.1256,0.8190,0.5082,0.0,True,True,False,False,64,200,103f590c
2026-09-05 23:04:43,photo,outpost,42,,T_lean,0.8635,0.5374,0.8013,0.1333,0.8176,0.5040,0.0,False,False,False,False,64,200,3b5412fb
2026-09-05 23:04:43,photo,outpost,42,,T_lr0.003,0.8892,0.5684,0.8181,0.1406,0.7881,0.4608,0.0,True,True,False,False,64,200,82d9ffb8
2026-09-05 23:04:43,photo,outpost,42,,T_warmup15,0.8518,0.5296,0.7898,0.1299,0.8202,0.5145,0.0,True,True,False,False,64,200,ceebf5f0
2026-09-05 23:04:43,photo,outpost,5,,A_main,0.8827,0.5648,0.8012,0.1394,0.8661,0.5529,0.0,True,True,False,False,64,200,067c5ecd
2026-09-05 23:04:43,photo,outpost,5,,E400_nogate,0.8993,0.5880,0.8301,0.1506,0.8743,0.5577,0.0,True,True,False,False,64,400,0a93e3b3
2026-09-05 23:04:43,photo,outpost,5,,E400_outpost,0.9194,0.6443,0.8685,0.2258,0.8776,0.5701,0.0,True,True,False,False,64,400,260a1127
2026-09-05 23:04:43,photo,outpost,5,,L_lean,0.8373,0.5135,0.7585,0.1212,0.8236,0.5024,0.0,True,True,False,False,64,200,23a39b01
2026-09-05 23:04:43,photo,outpost,6,,A_main,0.8085,0.5176,0.8121,0.1472,0.7299,0.4602,0.0,True,True,False,False,64,200,067c5ecd
2026-09-05 23:04:43,photo,outpost,6,,E400_nogate,0.8482,0.5305,0.8352,0.1605,0.7363,0.4648,0.0,True,True,False,False,64,400,0a93e3b3
2026-09-05 23:04:43,photo,outpost,6,,E400_outpost,0.8357,0.5279,0.8432,0.1666,0.7460,0.4657,0.0,True,True,False,False,64,400,260a1127
2026-09-05 23:04:43,photo,outpost,6,,L_lean,0.7735,0.4861,0.7495,0.1218,0.7297,0.4670,0.0,True,True,False,False,64,200,23a39b01
2026-09-05 23:04:43,photo,outpost,7,,A_main,0.7953,0.4932,0.7461,0.1125,0.7439,0.4719,0.0,True,True,False,False,64,200,067c5ecd
2026-09-05 23:04:43,photo,outpost,7,,E400_nogate,0.8597,0.5283,0.7985,0.1292,0.7632,0.4703,0.0,True,True,False,False,64,400,0a93e3b3
2026-09-05 23:04:43,photo,outpost,7,,E400_outpost,0.8643,0.5296,0.8056,0.1326,0.7403,0.4688,0.0,True,True,False,False,64,400,260a1127
2026-09-05 23:04:43,photo,outpost,7,,L_lean,0.7802,0.4968,0.6966,0.1035,0.7681,0.4879,0.0,True,True,False,False,64,200,23a39b01
2026-09-05 23:04:43,photo,outpost,8,,A_main,0.8637,0.5452,0.8074,0.1704,0.7942,0.5011,0.0,True,True,False,False,64,200,067c5ecd
2026-09-05 23:04:43,photo,outpost,8,,E400_nogate,0.8792,0.5635,0.8198,0.1705,0.8229,0.5220,0.0,True,True,False,False,64,400,0a93e3b3
2026-09-05 23:04:43,photo,outpost,8,,E400_outpost,0.8827,0.5629,0.8244,0.1718,0.8213,0.5182,0.0,True,True,False,False,64,400,260a1127
2026-09-05 23:04:43,photo,outpost,8,,L_lean,0.8293,0.5298,0.7489,0.1261,0.7973,0.5099,0.0,True,True,False,False,64,200,23a39b01
2026-09-05 23:04:43,yelp,demo,0,,B_demo,0.7562,0.3988,0.0000,0.0000,0.7542,0.3925,0.0,,,False,False,64,400,86172e68
2026-09-05 23:04:43,yelp,demo,0,,B_demo_mix,0.7538,0.3970,0.0000,0.0000,0.7490,0.3780,0.0,,,False,False,64,400,b3e19142
2026-09-05 23:04:43,yelp,demo,1,,B_demo,0.7367,0.3427,0.0000,0.0000,0.7364,0.3389,0.0,,,False,False,64,400,86172e68
2026-09-05 23:04:43,yelp,demo,1,,B_demo_mix,0.7342,0.3423,0.0000,0.0000,0.7329,0.3377,0.0,,,False,False,64,400,b3e19142
2026-09-05 23:04:43,yelp,demo,2,,B_demo,0.7176,0.3569,0.0000,0.0000,0.7174,0.3550,0.0,,,False,False,64,400,86172e68
2026-09-05 23:04:43,yelp,demo,2,,B_demo_mix,0.7181,0.3520,0.0000,0.0000,0.7095,0.3284,0.0,,,False,False,64,400,b3e19142
2026-09-05 23:04:43,yelp,demo,3,,B_demo,0.7231,0.3231,0.0000,0.0000,0.7142,0.3065,0.0,,,False,False,64,400,86172e68
2026-09-05 23:04:43,yelp,demo,3,,B_demo_mix,0.7331,0.3426,0.0000,0.0000,0.7291,0.3383,0.0,,,False,False,64,400,b3e19142
2026-09-05 23:04:43,yelp,demo,4,,B_demo,0.7240,0.3349,0.0000,0.0000,0.7211,0.3309,0.0,,,False,False,64,400,86172e68
2026-09-05 23:04:43,yelp,demo,4,,B_demo_mix,0.7206,0.3328,0.0000,0.0000,0.7149,0.3292,0.0,,,False,False,64,400,b3e19142
2026-09-05 23:04:43,yelp,demo,42,,B_demo,0.7309,0.3535,0.0000,0.0000,0.7294,0.3408,0.0,,,False,False,64,400,86172e68
2026-09-05 23:04:43,yelp,demo,42,,B_demo_mix,0.7335,0.3564,0.0000,0.0000,0.7321,0.3522,0.0,,,False,False,64,400,b3e19142
2026-09-05 23:04:43,yelp,demo,5,,B_demo,0.7215,0.3412,0.0000,0.0000,0.7128,0.3339,0.0,,,False,False,64,400,86172e68
2026-09-05 23:04:43,yelp,demo,5,,B_demo_mix,0.7199,0.3350,0.0000,0.0000,0.7056,0.3090,0.0,,,False,False,64,400,b3e19142
2026-09-05 23:04:43,yelp,demo,6,,B_demo,0.7351,0.3394,0.0000,0.0000,0.7256,0.3311,0.0,,,False,False,64,400,86172e68
2026-09-05 23:04:43,yelp,demo,6,,B_demo_mix,0.7233,0.3176,0.0000,0.0000,0.7210,0.3032,0.0,,,False,False,64,400,b3e19142
2026-09-05 23:04:43,yelp,demo,7,,B_demo,0.7331,0.3760,0.0000,0.0000,0.7308,0.3672,0.0,,,False,False,64,400,86172e68
2026-09-05 23:04:43,yelp,demo,7,,B_demo_mix,0.7327,0.3714,0.0000,0.0000,0.7277,0.3646,0.0,,,False,False,64,400,b3e19142
2026-09-05 23:04:43,yelp,demo,8,,B_demo,0.7359,0.3493,0.0000,0.0000,0.7287,0.3368,0.0,,,False,False,64,400,86172e68
2026-09-05 23:04:43,yelp,demo,8,,B_demo_mix,0.7412,0.3569,0.0000,0.0000,0.7238,0.3309,0.0,,,False,False,64,400,b3e19142
2026-09-05 23:04:43,yelp,nsreg,0,,E400_nsreg,0.7600,0.4070,0.5000,0.0000,0.6955,0.2770,0.0,,,False,False,64,400,bd8f5f94
2026-09-05 23:04:43,yelp,nsreg,0,,N201_nsreg,0.7359,0.3410,0.5000,0.0000,0.6955,0.2770,0.0,,,False,False,64,201,2bce922b
2026-09-05 23:04:43,yelp,nsreg,1,,E400_nsreg,0.7403,0.3554,0.5000,0.0000,0.7369,0.3436,0.0,,,False,False,64,400,bd8f5f94
2026-09-05 23:04:43,yelp,nsreg,1,,N201_nsreg,0.7285,0.3282,0.5000,0.0000,0.7269,0.3251,0.0,,,False,False,64,201,2bce922b
2026-09-05 23:04:43,yelp,nsreg,2,,E400_nsreg,0.7219,0.3499,0.5000,0.0000,0.7204,0.3469,0.0,,,False,False,64,400,bd8f5f94
2026-09-05 23:04:43,yelp,nsreg,2,,N201_nsreg,0.6751,0.2743,0.5000,0.0000,0.6706,0.2723,0.0,,,False,False,64,201,2bce922b
2026-09-05 23:04:43,yelp,nsreg,3,,E400_nsreg,0.7493,0.3563,0.5000,0.0000,0.7299,0.3266,0.0,,,False,False,64,400,bd8f5f94
2026-09-05 23:04:43,yelp,nsreg,3,,N201_nsreg,0.7018,0.2741,0.5000,0.0000,0.6971,0.2725,0.0,,,False,False,64,201,2bce922b
2026-09-05 23:04:43,yelp,nsreg,4,,E400_nsreg,0.7182,0.3450,0.5000,0.0000,0.7104,0.3356,0.0,,,False,False,64,400,bd8f5f94
2026-09-05 23:04:43,yelp,nsreg,42,,E400_nsreg,0.7459,0.3654,0.5000,0.0000,0.7409,0.3570,0.0,,,False,False,64,400,bd8f5f94
2026-09-05 23:04:43,yelp,nsreg,42,,N201_nsreg,0.7011,0.2823,0.5000,0.0000,0.7011,0.2823,0.0,,,False,False,64,201,2bce922b
2026-09-05 23:04:43,yelp,nsreg,5,,E400_nsreg,0.7237,0.3436,0.5000,0.0000,0.7125,0.3356,0.0,,,False,False,64,400,bd8f5f94
2026-09-05 23:04:43,yelp,nsreg,6,,E400_nsreg,0.7353,0.3428,0.5000,0.0000,0.7236,0.3336,0.0,,,False,False,64,400,bd8f5f94
2026-09-05 23:04:43,yelp,nsreg,7,,E400_nsreg,0.7454,0.3750,0.5000,0.0000,0.7362,0.3625,0.0,,,False,False,64,400,bd8f5f94
2026-09-05 23:04:43,yelp,nsreg,8,,E400_nsreg,0.7483,0.3696,0.5000,0.0000,0.7402,0.3590,0.0,,,False,False,64,400,bd8f5f94
2026-09-05 23:04:43,yelp,outpost,0,,A_main,0.7701,0.4358,0.5000,0.0000,0.7666,0.4072,1.0,False,False,False,False,32,400,bb3beb04
2026-09-05 23:04:43,yelp,outpost,0,,C_fview,0.7723,0.4370,0.5000,0.0000,0.7656,0.4032,1.0,False,False,True,False,32,400,68b4690e
2026-09-05 23:04:43,yelp,outpost,0,,C_hopmix,0.7762,0.4340,0.5000,0.0000,0.7664,0.3810,1.0,False,False,False,True,32,400,ae0df167
2026-09-05 23:04:43,yelp,outpost,0,,C_noconformal,0.7693,0.4324,0.5000,0.0000,0.7666,0.4072,1.0,False,False,False,False,32,400,8293bb2f
2026-09-05 23:04:43,yelp,outpost,0,,C_nogate,0.7701,0.4363,0.5000,0.0000,0.7661,0.4075,1.0,False,False,False,False,32,400,ad6dea6e
2026-09-05 23:04:43,yelp,outpost,0,,C_nopl,0.7725,0.4302,0.5000,0.0000,0.7699,0.4298,1.0,False,False,False,False,32,400,5c6e662e
2026-09-05 23:04:43,yelp,outpost,0,,C_nosim,0.7484,0.3826,0.5000,0.0000,0.7478,0.3733,0.0,False,False,False,False,32,400,7e0074c6
2026-09-05 23:04:43,yelp,outpost,0,,C_simplacebo,0.7489,0.3721,0.5000,0.0000,0.7452,0.3549,1.0,False,False,False,False,32,400,35ce802f
2026-09-05 23:04:43,yelp,outpost,0,,C_synth,0.7679,0.4139,0.5000,0.0000,0.7649,0.3982,1.0,True,True,False,False,32,400,7dfb0234
2026-09-05 23:04:43,yelp,outpost,0,,D_sim0.25,0.7546,0.4113,0.5000,0.0000,0.7504,0.3818,0.25,False,False,False,False,32,400,4073c523
2026-09-05 23:04:43,yelp,outpost,0,,D_sim0.5,0.7626,0.4107,0.5000,0.0000,0.7576,0.3879,0.5,False,False,False,False,32,400,265c258f
2026-09-05 23:04:43,yelp,outpost,0,,D_sim0.75,0.7633,0.4294,0.5000,0.0000,0.7601,0.3968,0.75,False,False,False,False,32,400,739bbbae
2026-09-05 23:04:43,yelp,outpost,0,,F_b100_sim0.0,0.7481,0.3853,0.5000,0.0000,0.7444,0.3674,0.0,False,False,False,False,32,400,07f5a08b
2026-09-05 23:04:43,yelp,outpost,0,,F_b100_sim1.0,0.7643,0.4220,0.5000,0.0000,0.7640,0.4148,1.0,False,False,False,False,32,400,19f7b2df
2026-09-05 23:04:43,yelp,outpost,0,,F_b200_sim0.0,0.7470,0.3811,0.5000,0.0000,0.7441,0.3638,0.0,False,False,False,False,32,400,793086b5
2026-09-05 23:04:43,yelp,outpost,0,,F_b200_sim1.0,0.7614,0.4171,0.5000,0.0000,0.7558,0.3793,1.0,False,False,False,False,32,400,e88020c5
2026-09-05 23:04:43,yelp,outpost,0,,F_b50_sim0.0,0.7476,0.3884,0.5000,0.0000,0.7459,0.3732,0.0,False,False,False,False,32,400,f1e9f69a
2026-09-05 23:04:43,yelp,outpost,0,,F_b50_sim1.0,0.7667,0.4324,0.5000,0.0000,0.7654,0.4048,1.0,False,False,False,False,32,400,d3e23b36
2026-09-05 23:04:43,yelp,outpost,0,,L_lean,0.7726,0.4311,0.5000,0.0000,0.7700,0.4297,1.0,False,False,False,False,32,400,760245d4
2026-09-05 23:04:43,yelp,outpost,0,,T_Kp2,0.7690,0.4381,0.5000,0.0000,0.7669,0.4104,1.0,False,False,False,False,32,400,cc1a9bcd
2026-09-05 23:04:43,yelp,outpost,0,,T_Kp6,0.7691,0.4367,0.5000,0.0000,0.7659,0.4056,1.0,False,False,False,False,32,400,7b664e90
2026-09-05 23:04:43,yelp,outpost,0,,T_alpha0.01,0.7686,0.4363,0.5000,0.0000,0.7661,0.4063,1.0,False,False,False,False,32,400,04f3215d
2026-09-05 23:04:43,yelp,outpost,0,,T_alpha0.10,0.7688,0.4369,0.5000,0.0000,0.7661,0.4063,1.0,False,False,False,False,32,400,ea5fc137
2026-09-05 23:04:43,yelp,outpost,0,,T_drop0.1,0.7682,0.4338,0.5000,0.0000,0.7673,0.4090,1.0,False,False,False,False,32,400,c36cfd1e
2026-09-05 23:04:43,yelp,outpost,0,,T_drop0.4,0.7699,0.4298,0.5000,0.0000,0.7677,0.4130,1.0,False,False,False,False,32,400,0e8e973e
2026-09-05 23:04:43,yelp,outpost,0,,T_hidden16,0.7563,0.4034,0.5000,0.0000,0.5987,0.1849,1.0,False,False,False,False,16,400,6bd4234a
2026-09-05 23:04:43,yelp,outpost,0,,T_hidden64,0.7701,0.4330,0.5000,0.0000,0.7652,0.3951,1.0,False,False,False,False,64,400,b02f36ee
2026-09-05 23:04:43,yelp,outpost,0,,T_lr0.003,0.7680,0.4366,0.5000,0.0000,0.7666,0.4121,1.0,False,False,False,False,32,400,08c4cc52
2026-09-05 23:04:43,yelp,outpost,0,,T_synth,0.7662,0.4107,0.5000,0.0000,0.7647,0.3990,1.0,True,True,False,False,32,400,7dfb0234
2026-09-05 23:04:43,yelp,outpost,0,,T_warmup20,0.7708,0.4353,0.5000,0.0000,0.7692,0.4169,1.0,False,False,False,False,32,400,1b56cb48
2026-09-05 23:04:43,yelp,outpost,0,,T_warmup5,0.7687,0.4383,0.5000,0.0000,0.7673,0.4373,1.0,False,False,False,False,32,400,99e62eff
2026-09-05 23:04:43,yelp,outpost,1,,A_main,0.7526,0.3751,0.5000,0.0000,0.7508,0.3730,1.0,False,False,False,False,32,400,bb3beb04
2026-09-05 23:04:43,yelp,outpost,1,,C_fview,0.7554,0.3821,0.5000,0.0000,0.7532,0.3683,1.0,False,False,True,False,32,400,68b4690e
2026-09-05 23:04:43,yelp,outpost,1,,C_hopmix,0.7518,0.3707,0.5000,0.0000,0.7513,0.3646,1.0,False,False,False,True,32,400,ae0df167
2026-09-05 23:04:43,yelp,outpost,1,,C_noconformal,0.7526,0.3742,0.5000,0.0000,0.7505,0.3720,1.0,False,False,False,False,32,400,8293bb2f
2026-09-05 23:04:43,yelp,outpost,1,,C_nogate,0.7536,0.3780,0.5000,0.0000,0.7522,0.3758,1.0,False,False,False,False,32,400,ad6dea6e
2026-09-05 23:04:43,yelp,outpost,1,,C_nopl,0.7561,0.3833,0.5000,0.0000,0.7535,0.3717,1.0,False,False,False,False,32,400,5c6e662e
2026-09-05 23:04:43,yelp,outpost,1,,C_nosim,0.7278,0.3406,0.5000,0.0000,0.7261,0.3379,0.0,False,False,False,False,32,400,7e0074c6
2026-09-05 23:04:43,yelp,outpost,1,,C_simplacebo,0.7246,0.3305,0.5000,0.0000,0.7229,0.3294,1.0,False,False,False,False,32,400,35ce802f
2026-09-05 23:04:43,yelp,outpost,1,,C_synth,0.7552,0.3938,0.5000,0.0000,0.7508,0.3661,1.0,True,True,False,False,32,400,7dfb0234
2026-09-05 23:04:43,yelp,outpost,1,,D_sim0.25,0.7345,0.3498,0.5000,0.0000,0.7306,0.3429,0.25,False,False,False,False,32,400,4073c523
2026-09-05 23:04:43,yelp,outpost,1,,D_sim0.5,0.7413,0.3580,0.5000,0.0000,0.7391,0.3495,0.5,False,False,False,False,32,400,265c258f
2026-09-05 23:04:43,yelp,outpost,1,,D_sim0.75,0.7446,0.3607,0.5000,0.0000,0.7445,0.3591,0.75,False,False,False,False,32,400,739bbbae
2026-09-05 23:04:43,yelp,outpost,1,,F_b100_sim0.0,0.7277,0.3392,0.5000,0.0000,0.7261,0.3371,0.0,False,False,False,False,32,400,07f5a08b
2026-09-05 23:04:43,yelp,outpost,1,,F_b100_sim1.0,0.7330,0.3519,0.5000,0.0000,0.7275,0.3459,1.0,False,False,False,False,32,400,19f7b2df
2026-09-05 23:04:43,yelp,outpost,1,,F_b200_sim0.0,0.7286,0.3418,0.5000,0.0000,0.7273,0.3390,0.0,False,False,False,False,32,400,793086b5
2026-09-05 23:04:43,yelp,outpost,1,,F_b200_sim1.0,0.7372,0.3474,0.5000,0.0000,0.7346,0.3461,1.0,False,False,False,False,32,400,e88020c5
2026-09-05 23:04:43,yelp,outpost,1,,F_b50_sim0.0,0.7279,0.3419,0.5000,0.0000,0.7263,0.3401,0.0,False,False,False,False,32,400,f1e9f69a
2026-09-05 23:04:43,yelp,outpost,1,,F_b50_sim1.0,0.7437,0.3645,0.5000,0.0000,0.7384,0.3597,1.0,False,False,False,False,32,400,d3e23b36
2026-09-05 23:04:43,yelp,outpost,1,,L_lean,0.7561,0.3829,0.5000,0.0000,0.7536,0.3718,1.0,False,False,False,False,32,400,760245d4
2026-09-05 23:04:43,yelp,outpost,1,,T_Kp2,0.7504,0.3759,0.5000,0.0000,0.7504,0.3664,1.0,False,False,False,False,32,400,cc1a9bcd
2026-09-05 23:04:43,yelp,outpost,1,,T_Kp6,0.7505,0.3751,0.5000,0.0000,0.7501,0.3627,1.0,False,False,False,False,32,400,7b664e90
2026-09-05 23:04:43,yelp,outpost,1,,T_alpha0.01,0.7506,0.3752,0.5000,0.0000,0.7501,0.3646,1.0,False,False,False,False,32,400,04f3215d
2026-09-05 23:04:43,yelp,outpost,1,,T_alpha0.10,0.7506,0.3752,0.5000,0.0000,0.7501,0.3646,1.0,False,False,False,False,32,400,ea5fc137
2026-09-05 23:04:43,yelp,outpost,1,,T_drop0.1,0.7520,0.3758,0.5000,0.0000,0.7513,0.3719,1.0,False,False,False,False,32,400,c36cfd1e
2026-09-05 23:04:43,yelp,outpost,1,,T_drop0.4,0.7602,0.3928,0.5000,0.0000,0.7589,0.3895,1.0,False,False,False,False,32,400,0e8e973e
2026-09-05 23:04:43,yelp,outpost,1,,T_hidden16,0.7437,0.3490,0.5000,0.0000,0.7437,0.3490,1.0,False,False,False,False,16,400,6bd4234a
2026-09-05 23:04:43,yelp,outpost,1,,T_hidden64,0.7470,0.3741,0.5000,0.0000,0.7470,0.3637,1.0,False,False,False,False,64,400,b02f36ee
2026-09-05 23:04:43,yelp,outpost,1,,T_lr0.003,0.7566,0.3824,0.5000,0.0000,0.7553,0.3701,1.0,False,False,False,False,32,400,08c4cc52
2026-09-05 23:04:43,yelp,outpost,1,,T_synth,0.7479,0.3724,0.5000,0.0000,0.7433,0.3493,1.0,True,True,False,False,32,400,7dfb0234
2026-09-05 23:04:43,yelp,outpost,1,,T_warmup20,0.7512,0.3738,0.5000,0.0000,0.7495,0.3705,1.0,False,False,False,False,32,400,1b56cb48
2026-09-05 23:04:43,yelp,outpost,1,,T_warmup5,0.7530,0.3790,0.5000,0.0000,0.7526,0.3702,1.0,False,False,False,False,32,400,99e62eff
2026-09-05 23:04:43,yelp,outpost,2,,A_main,0.7286,0.3829,0.5000,0.0000,0.7224,0.3504,1.0,False,False,False,False,32,400,bb3beb04
2026-09-05 23:04:43,yelp,outpost,2,,C_fview,0.7330,0.3826,0.5000,0.0000,0.7294,0.3645,1.0,False,False,True,False,32,400,68b4690e
2026-09-05 23:04:43,yelp,outpost,2,,C_hopmix,0.7054,0.3450,0.5000,0.0000,0.7047,0.3420,1.0,False,False,False,True,32,400,ae0df167
2026-09-05 23:04:43,yelp,outpost,2,,C_noconformal,0.7286,0.3829,0.5000,0.0000,0.7224,0.3504,1.0,False,False,False,False,32,400,8293bb2f
2026-09-05 23:04:43,yelp,outpost,2,,C_nogate,0.7287,0.3832,0.5000,0.0000,0.7218,0.3502,1.0,False,False,False,False,32,400,ad6dea6e
2026-09-05 23:04:43,yelp,outpost,2,,C_nopl,0.7381,0.3903,0.5000,0.0000,0.7355,0.3760,1.0,False,False,False,False,32,400,5c6e662e
2026-09-05 23:04:43,yelp,outpost,2,,C_nosim,0.7016,0.3149,0.5000,0.0000,0.7002,0.3127,0.0,False,False,False,False,32,400,7e0074c6
2026-09-05 23:04:43,yelp,outpost,2,,C_simplacebo,0.6990,0.3176,0.5000,0.0000,0.6975,0.3128,1.0,False,False,False,False,32,400,35ce802f
2026-09-05 23:04:43,yelp,outpost,2,,C_synth,0.7233,0.3385,0.5000,0.0000,0.7130,0.2840,1.0,True,True,False,False,32,400,7dfb0234
2026-09-05 23:04:43,yelp,outpost,2,,D_sim0.25,0.7064,0.3238,0.5000,0.0000,0.7052,0.3199,0.25,False,False,False,False,32,400,4073c523
2026-09-05 23:04:43,yelp,outpost,2,,D_sim0.5,0.7157,0.3427,0.5000,0.0000,0.7141,0.3359,0.5,False,False,False,False,32,400,265c258f
2026-09-05 23:04:43,yelp,outpost,2,,D_sim0.75,0.7241,0.3573,0.5000,0.0000,0.7241,0.3569,0.75,False,False,False,False,32,400,739bbbae
2026-09-05 23:04:43,yelp,outpost,2,,F_b100_sim0.0,0.7033,0.3181,0.5000,0.0000,0.7010,0.3143,0.0,False,False,False,False,32,400,07f5a08b
2026-09-05 23:04:43,yelp,outpost,2,,F_b100_sim1.0,0.7199,0.3530,0.5000,0.0000,0.7199,0.3524,1.0,False,False,False,False,32,400,19f7b2df
2026-09-05 23:04:43,yelp,outpost,2,,F_b200_sim0.0,0.7030,0.3178,0.5000,0.0000,0.7025,0.3161,0.0,False,False,False,False,32,400,793086b5
2026-09-05 23:04:43,yelp,outpost,2,,F_b200_sim1.0,0.7162,0.3576,0.5000,0.0000,0.7142,0.3413,1.0,False,False,False,False,32,400,e88020c5
2026-09-05 23:04:43,yelp,outpost,2,,F_b50_sim0.0,0.7019,0.3159,0.5000,0.0000,0.6983,0.3092,0.0,False,False,False,False,32,400,f1e9f69a
2026-09-05 23:04:43,yelp,outpost,2,,F_b50_sim1.0,0.7240,0.3673,0.5000,0.0000,0.7200,0.3472,1.0,False,False,False,False,32,400,d3e23b36
2026-09-05 23:04:43,yelp,outpost,2,,L_lean,0.7381,0.3923,0.5000,0.0000,0.7356,0.3790,1.0,False,False,False,False,32,400,760245d4
2026-09-05 23:04:43,yelp,outpost,3,,A_main,0.7163,0.3438,0.5000,0.0000,0.7106,0.3182,1.0,False,False,False,False,32,400,bb3beb04
2026-09-05 23:04:43,yelp,outpost,3,,C_fview,0.7239,0.3565,0.5000,0.0000,0.7119,0.3266,1.0,False,False,True,False,32,400,68b4690e
2026-09-05 23:04:43,yelp,outpost,3,,C_hopmix,0.7194,0.3460,0.5000,0.0000,0.7118,0.3143,1.0,False,False,False,True,32,400,ae0df167
2026-09-05 23:04:43,yelp,outpost,3,,C_noconformal,0.7163,0.3382,0.5000,0.0000,0.7066,0.3173,1.0,False,False,False,False,32,400,8293bb2f
2026-09-05 23:04:43,yelp,outpost,3,,C_nogate,0.7163,0.3423,0.5000,0.0000,0.7094,0.3147,1.0,False,False,False,False,32,400,ad6dea6e
2026-09-05 23:04:43,yelp,outpost,3,,C_nopl,0.7384,0.3647,0.5000,0.0000,0.7352,0.3582,1.0,False,False,False,False,32,400,5c6e662e
2026-09-05 23:04:43,yelp,outpost,3,,C_nosim,0.7027,0.2963,0.5000,0.0000,0.7017,0.2933,0.0,False,False,False,False,32,400,7e0074c6
2026-09-05 23:04:43,yelp,outpost,3,,C_simplacebo,0.7028,0.3002,0.5000,0.0000,0.7002,0.2955,1.0,False,False,False,False,32,400,35ce802f
2026-09-05 23:04:43,yelp,outpost,3,,C_synth,0.7302,0.3347,0.5000,0.0000,0.7275,0.3207,1.0,True,True,False,False,32,400,7dfb0234
2026-09-05 23:04:43,yelp,outpost,3,,D_sim0.25,0.7075,0.3077,0.5000,0.0000,0.6985,0.2960,0.25,False,False,False,False,32,400,4073c523
2026-09-05 23:04:43,yelp,outpost,3,,D_sim0.5,0.7049,0.3105,0.5000,0.0000,0.6931,0.3071,0.5,False,False,False,False,32,400,265c258f
2026-09-05 23:04:43,yelp,outpost,3,,D_sim0.75,0.7124,0.3222,0.5000,0.0000,0.6976,0.3109,0.75,False,False,False,False,32,400,739bbbae
2026-09-05 23:04:43,yelp,outpost,3,,F_b100_sim0.0,0.7017,0.2996,0.5000,0.0000,0.6949,0.2895,0.0,False,False,False,False,32,400,07f5a08b
2026-09-05 23:04:43,yelp,outpost,3,,F_b100_sim1.0,0.7099,0.3325,0.5000,0.0000,0.7019,0.3038,1.0,False,False,False,False,32,400,19f7b2df
2026-09-05 23:04:43,yelp,outpost,3,,F_b200_sim0.0,0.7039,0.3032,0.5000,0.0000,0.6977,0.2923,0.0,False,False,False,False,32,400,793086b5
2026-09-05 23:04:43,yelp,outpost,3,,F_b200_sim1.0,0.7084,0.3214,0.5000,0.0000,0.6974,0.2975,1.0,False,False,False,False,32,400,e88020c5
2026-09-05 23:04:43,yelp,outpost,3,,F_b50_sim0.0,0.7012,0.3017,0.5000,0.0000,0.6951,0.2934,0.0,False,False,False,False,32,400,f1e9f69a
2026-09-05 23:04:43,yelp,outpost,3,,F_b50_sim1.0,0.7144,0.3470,0.5000,0.0000,0.7048,0.3402,1.0,False,False,False,False,32,400,d3e23b36
2026-09-05 23:04:43,yelp,outpost,3,,L_lean,0.7384,0.3640,0.5000,0.0000,0.7350,0.3576,1.0,False,False,False,False,32,400,760245d4
2026-09-05 23:04:43,yelp,outpost,4,,A_main,0.7458,0.3929,0.5000,0.0000,0.7423,0.3897,1.0,False,False,False,False,32,400,bb3beb04
2026-09-05 23:04:43,yelp,outpost,4,,C_nogate,0.7462,0.3932,0.5000,0.0000,0.7426,0.3835,1.0,False,False,False,False,32,400,ad6dea6e
2026-09-05 23:04:43,yelp,outpost,4,,C_nopl,0.7473,0.3936,0.5000,0.0000,0.7465,0.3874,1.0,False,False,False,False,32,400,5c6e662e
2026-09-05 23:04:43,yelp,outpost,4,,C_nosim,0.7132,0.3291,0.5000,0.0000,0.7108,0.3270,0.0,False,False,False,False,32,400,7e0074c6
2026-09-05 23:04:43,yelp,outpost,4,,C_simplacebo,0.7086,0.3236,0.5000,0.0000,0.7077,0.3210,1.0,False,False,False,False,32,400,35ce802f
2026-09-05 23:04:43,yelp,outpost,4,,L_lean,0.7457,0.3935,0.5000,0.0000,0.7456,0.3877,1.0,False,False,False,False,32,400,760245d4
2026-09-05 23:04:43,yelp,outpost,42,,A_main,0.7513,0.3977,0.5000,0.0000,0.7500,0.3740,1.0,False,False,False,False,32,400,bb3beb04
2026-09-05 23:04:43,yelp,outpost,42,,C_fview,0.7515,0.3947,0.5000,0.0000,0.7505,0.3847,1.0,False,False,True,False,32,400,68b4690e
2026-09-05 23:04:43,yelp,outpost,42,,C_hopmix,0.7600,0.3816,0.5000,0.0000,0.7590,0.3810,1.0,False,False,False,True,32,400,ae0df167
2026-09-05 23:04:43,yelp,outpost,42,,C_noconformal,0.7513,0.3937,0.5000,0.0000,0.7500,0.3740,1.0,False,False,False,False,32,400,8293bb2f
2026-09-05 23:04:43,yelp,outpost,42,,C_nogate,0.7510,0.3968,0.5000,0.0000,0.7492,0.3688,1.0,False,False,False,False,32,400,ad6dea6e
2026-09-05 23:04:43,yelp,outpost,42,,C_nopl,0.7590,0.3966,0.5000,0.0000,0.7587,0.3887,1.0,False,False,False,False,32,400,5c6e662e
2026-09-05 23:04:43,yelp,outpost,42,,C_nosim,0.7310,0.3525,0.5000,0.0000,0.7232,0.3458,0.0,False,False,False,False,32,400,7e0074c6
2026-09-05 23:04:43,yelp,outpost,42,,C_simplacebo,0.7302,0.3477,0.5000,0.0000,0.7247,0.3468,1.0,False,False,False,False,32,400,35ce802f
2026-09-05 23:04:43,yelp,outpost,42,,C_synth,0.7341,0.2954,0.5000,0.0000,0.7190,0.2865,1.0,True,True,False,False,32,400,7dfb0234
2026-09-05 23:04:43,yelp,outpost,42,,D_sim0.25,0.7376,0.3700,0.5000,0.0000,0.7355,0.3486,0.25,False,False,False,False,32,400,4073c523
2026-09-05 23:04:43,yelp,outpost,42,,D_sim0.5,0.7484,0.3941,0.5000,0.0000,0.7479,0.3683,0.5,False,False,False,False,32,400,265c258f
2026-09-05 23:04:43,yelp,outpost,42,,D_sim0.75,0.7478,0.3786,0.5000,0.0000,0.7456,0.3606,0.75,False,False,False,False,32,400,739bbbae
2026-09-05 23:04:43,yelp,outpost,42,,F_b100_sim0.0,0.7324,0.3615,0.5000,0.0000,0.7292,0.3516,0.0,False,False,False,False,32,400,07f5a08b
2026-09-05 23:04:43,yelp,outpost,42,,F_b100_sim1.0,0.7457,0.3786,0.5000,0.0000,0.7446,0.3567,1.0,False,False,False,False,32,400,19f7b2df
2026-09-05 23:04:43,yelp,outpost,42,,F_b200_sim0.0,0.7334,0.3597,0.5000,0.0000,0.7307,0.3530,0.0,False,False,False,False,32,400,793086b5
2026-09-05 23:04:43,yelp,outpost,42,,F_b200_sim1.0,0.7446,0.3687,0.5000,0.0000,0.7432,0.3495,1.0,False,False,False,False,32,400,e88020c5
2026-09-05 23:04:43,yelp,outpost,42,,F_b50_sim0.0,0.7343,0.3632,0.5000,0.0000,0.7298,0.3582,0.0,False,False,False,False,32,400,f1e9f69a
2026-09-05 23:04:43,yelp,outpost,42,,F_b50_sim1.0,0.7480,0.3968,0.5000,0.0000,0.7438,0.3658,1.0,False,False,False,False,32,400,d3e23b36
2026-09-05 23:04:43,yelp,outpost,42,,L_lean,0.7589,0.3948,0.5000,0.0000,0.7586,0.3889,1.0,False,False,False,False,32,400,760245d4
2026-09-05 23:04:43,yelp,outpost,42,,T_Kp2,0.7512,0.3967,0.5000,0.0000,0.7489,0.3967,1.0,False,False,False,False,32,400,cc1a9bcd
2026-09-05 23:04:43,yelp,outpost,42,,T_Kp6,0.7494,0.3802,0.5000,0.0000,0.7443,0.3802,1.0,False,False,False,False,32,400,7b664e90
2026-09-05 23:04:43,yelp,outpost,42,,T_alpha0.01,0.7509,0.3934,0.5000,0.0000,0.7488,0.3916,1.0,False,False,False,False,32,400,04f3215d
2026-09-05 23:04:43,yelp,outpost,42,,T_alpha0.10,0.7509,0.3934,0.5000,0.0000,0.7488,0.3916,1.0,False,False,False,False,32,400,ea5fc137
2026-09-05 23:04:43,yelp,outpost,42,,T_drop0.1,0.7505,0.3951,0.5000,0.0000,0.7430,0.3949,1.0,False,False,False,False,32,400,c36cfd1e
2026-09-05 23:04:43,yelp,outpost,42,,T_drop0.4,0.7553,0.3807,0.5000,0.0000,0.7552,0.3785,1.0,False,False,False,False,32,400,0e8e973e
2026-09-05 23:04:43,yelp,outpost,42,,T_hidden16,0.7413,0.3377,0.5000,0.0000,0.7413,0.3377,1.0,False,False,False,False,16,400,6bd4234a
2026-09-05 23:04:43,yelp,outpost,42,,T_hidden64,0.7389,0.3751,0.5000,0.0000,0.7322,0.3719,1.0,False,False,False,False,64,400,b02f36ee
2026-09-05 23:04:43,yelp,outpost,42,,T_lr0.003,0.7527,0.4069,0.5000,0.0000,0.7520,0.4063,1.0,False,False,False,False,32,400,08c4cc52
2026-09-05 23:04:43,yelp,outpost,42,,T_synth,0.7287,0.2926,0.5000,0.0000,0.7140,0.2894,1.0,True,True,False,False,32,400,7dfb0234
2026-09-05 23:04:43,yelp,outpost,42,,T_warmup20,0.7488,0.3849,0.5000,0.0000,0.7475,0.3776,1.0,False,False,False,False,32,400,1b56cb48
2026-09-05 23:04:43,yelp,outpost,42,,T_warmup5,0.7490,0.3772,0.5000,0.0000,0.7429,0.3772,1.0,False,False,False,False,32,400,99e62eff
2026-09-05 23:04:43,yelp,outpost,5,,A_main,0.7376,0.3635,0.5000,0.0000,0.7369,0.3615,1.0,False,False,False,False,32,400,bb3beb04
2026-09-05 23:04:43,yelp,outpost,5,,C_nogate,0.7370,0.3628,0.5000,0.0000,0.7365,0.3611,1.0,False,False,False,False,32,400,ad6dea6e
2026-09-05 23:04:43,yelp,outpost,5,,C_nopl,0.7393,0.3676,0.5000,0.0000,0.7393,0.3676,1.0,False,False,False,False,32,400,5c6e662e
2026-09-05 23:04:43,yelp,outpost,5,,C_nosim,0.7114,0.3205,0.5000,0.0000,0.7091,0.3164,0.0,False,False,False,False,32,400,7e0074c6
2026-09-05 23:04:43,yelp,outpost,5,,C_simplacebo,0.7081,0.3133,0.5000,0.0000,0.7079,0.3132,1.0,False,False,False,False,32,400,35ce802f
2026-09-05 23:04:43,yelp,outpost,5,,L_lean,0.7392,0.3676,0.5000,0.0000,0.7392,0.3676,1.0,False,False,False,False,32,400,760245d4
2026-09-05 23:04:43,yelp,outpost,6,,A_main,0.7374,0.3277,0.5000,0.0000,0.7374,0.3277,1.0,False,False,False,False,32,400,bb3beb04
2026-09-05 23:04:43,yelp,outpost,6,,C_nogate,0.7374,0.3354,0.5000,0.0000,0.7343,0.3354,1.0,False,False,False,False,32,400,ad6dea6e
2026-09-05 23:04:43,yelp,outpost,6,,C_nopl,0.7499,0.3377,0.5000,0.0000,0.7498,0.3375,1.0,False,False,False,False,32,400,5c6e662e
2026-09-05 23:04:43,yelp,outpost,6,,C_nosim,0.7092,0.2917,0.5000,0.0000,0.7057,0.2873,0.0,False,False,False,False,32,400,7e0074c6
2026-09-05 23:04:43,yelp,outpost,6,,C_simplacebo,0.7006,0.2835,0.5000,0.0000,0.7006,0.2835,1.0,False,False,False,False,32,400,35ce802f
2026-09-05 23:04:43,yelp,outpost,6,,L_lean,0.7499,0.3377,0.5000,0.0000,0.7498,0.3375,1.0,False,False,False,False,32,400,760245d4
2026-09-05 23:04:43,yelp,outpost,7,,A_main,0.7613,0.4300,0.5000,0.0000,0.7608,0.4296,1.0,False,False,False,False,32,400,bb3beb04
2026-09-05 23:04:43,yelp,outpost,7,,C_nogate,0.7663,0.4333,0.5000,0.0000,0.7658,0.4311,1.0,False,False,False,False,32,400,ad6dea6e
2026-09-05 23:04:43,yelp,outpost,7,,C_nopl,0.7571,0.4214,0.5000,0.0000,0.7557,0.4214,1.0,False,False,False,False,32,400,5c6e662e
2026-09-05 23:04:43,yelp,outpost,7,,C_nosim,0.7278,0.3717,0.5000,0.0000,0.7245,0.3681,0.0,False,False,False,False,32,400,7e0074c6
2026-09-05 23:04:43,yelp,outpost,7,,C_simplacebo,0.7241,0.3620,0.5000,0.0000,0.7219,0.3602,1.0,False,False,False,False,32,400,35ce802f
2026-09-05 23:04:43,yelp,outpost,7,,L_lean,0.7586,0.4235,0.5000,0.0000,0.7568,0.4228,1.0,False,False,False,False,32,400,760245d4
2026-09-05 23:04:43,yelp,outpost,8,,A_main,0.7473,0.3750,0.5000,0.0000,0.7471,0.3744,1.0,False,False,False,False,32,400,bb3beb04
2026-09-05 23:04:43,yelp,outpost,8,,C_nogate,0.7469,0.3741,0.5000,0.0000,0.7402,0.3655,1.0,False,False,False,False,32,400,ad6dea6e
2026-09-05 23:04:43,yelp,outpost,8,,C_nopl,0.7491,0.3772,0.5000,0.0000,0.7474,0.3749,1.0,False,False,False,False,32,400,5c6e662e
2026-09-05 23:04:43,yelp,outpost,8,,C_nosim,0.7118,0.3205,0.5000,0.0000,0.7105,0.3195,0.0,False,False,False,False,32,400,7e0074c6
2026-09-05 23:04:43,yelp,outpost,8,,C_simplacebo,0.7100,0.3183,0.5000,0.0000,0.7084,0.3176,1.0,False,False,False,False,32,400,35ce802f
2026-09-05 23:04:43,yelp,outpost,8,,L_lean,0.7493,0.3775,0.5000,0.0000,0.7476,0.3754,1.0,False,False,False,False,32,400,760245d4
2026-09-06 07:54:49,tfinance,outpost,42,,_smoke,0.8679,0.6090,0.5000,0.0000,0.8679,0.6090,1.0,False,False,False,False,32,2,6f5eca7c
2026-09-07 02:01:48,cs,outpost,0,,E400_nogate,0.9879,0.9665,0.9877,0.9622,0.9224,0.8388,0.0,True,True,False,False,64,400,a5b4704c
2026-09-07 02:01:48,cs,outpost,1,,E400_nogate,0.9820,0.9515,0.9817,0.9450,0.9337,0.8551,0.0,True,True,False,False,64,400,a5b4704c
2026-09-07 02:01:48,cs,outpost,2,,E400_nogate,0.9821,0.9515,0.9815,0.9440,0.9258,0.8404,0.0,True,True,False,False,64,400,a5b4704c
2026-09-07 02:01:48,cs,outpost,3,,E400_nogate,0.9825,0.9535,0.9819,0.9466,0.9424,0.8785,0.0,True,True,False,False,64,400,a5b4704c
2026-09-07 02:01:48,cs,outpost,4,,E400_nogate,0.9858,0.9592,0.9855,0.9536,0.9601,0.8986,0.0,True,True,False,False,64,400,a5b4704c
2026-09-07 02:01:48,cs,outpost,42,,E400_nogate,0.9843,0.9588,0.9842,0.9533,0.9177,0.8366,0.0,True,True,False,False,64,400,a5b4704c
2026-09-07 02:01:48,cs,outpost,5,,E400_nogate,0.9854,0.9607,0.9852,0.9557,0.9382,0.8534,0.0,True,True,False,False,64,400,a5b4704c
2026-09-07 02:01:48,cs,outpost,6,,E400_nogate,0.9843,0.9589,0.9840,0.9530,0.9456,0.8787,0.0,True,True,False,False,64,400,a5b4704c
2026-09-07 02:01:48,cs,outpost,7,,E400_nogate,0.9843,0.9575,0.9841,0.9518,0.9342,0.8641,0.0,True,True,False,False,64,400,a5b4704c
2026-09-07 02:01:48,cs,outpost,8,,E400_nogate,0.9839,0.9575,0.9837,0.9520,0.9544,0.9000,0.0,True,True,False,False,64,400,a5b4704c
2026-09-07 02:01:48,ogbn-arxiv,outpost,0,,A_nogate400,0.6327,0.3105,0.5658,0.1758,0.6123,0.2971,0.0,True,True,False,False,64,400,99197a6f
2026-09-07 02:01:48,ogbn-arxiv,outpost,1,,A_nogate400,0.6279,0.3063,0.5547,0.1667,0.5981,0.2982,0.0,True,True,False,False,64,400,99197a6f
2026-09-07 02:01:48,ogbn-arxiv,outpost,2,,A_nogate400,0.6202,0.3118,0.5556,0.1701,0.6168,0.3086,0.0,True,True,False,False,64,400,99197a6f
2026-09-07 02:01:48,ogbn-arxiv,outpost,3,,A_nogate400,0.6107,0.2960,0.5426,0.1567,0.5983,0.2875,0.0,True,True,False,False,64,400,99197a6f
2026-09-07 02:01:48,ogbn-arxiv,outpost,42,,A_nogate400,0.6208,0.3008,0.5620,0.1735,0.5984,0.2897,0.0,True,True,False,False,64,400,99197a6f
2026-09-07 02:08:40,amazon,outpost,1,,L_lean,0.9620,0.8471,0.5000,0.0000,0.9488,0.8300,0.0,False,False,False,False,32,400,784a54e5
2026-09-07 02:08:41,amazon,outpost,3,,L_lean,0.9501,0.8426,0.5000,0.0000,0.9370,0.8235,0.0,False,False,False,False,32,400,784a54e5
2026-09-07 02:08:41,amazon,outpost,0,,L_lean,0.9361,0.8110,0.5000,0.0000,0.9318,0.8090,0.0,False,False,False,False,32,400,784a54e5
2026-09-07 02:08:48,amazon,outpost,2,,L_lean,0.9584,0.8345,0.5000,0.0000,0.9524,0.8283,0.0,False,False,False,False,32,400,784a54e5
2026-09-07 02:10:47,amazon,outpost,4,,L_lean,0.9471,0.8273,0.5000,0.0000,0.9466,0.8258,0.0,False,False,False,False,32,400,784a54e5
2026-09-07 02:13:40,amazon,outpost,3,,C_noconformal,0.9619,0.8552,0.5000,0.0000,0.9601,0.8471,0.0,False,False,False,False,32,400,272793ea
2026-09-07 02:13:44,amazon,outpost,1,,C_nogate,0.9438,0.8322,0.5000,0.0000,0.9348,0.8180,0.0,False,False,False,False,32,400,8fe87da8
2026-09-07 02:13:47,amazon,outpost,2,,C_nogate,0.9588,0.8456,0.5000,0.0000,0.9373,0.7978,0.0,False,False,False,False,32,400,8fe87da8
2026-09-07 02:13:55,amazon,outpost,2,,C_simplacebo,0.9587,0.8480,0.5000,0.0000,0.9506,0.8204,1.0,False,False,False,False,32,400,64eda4bf
2026-09-07 02:14:03,amazon,outpost,3,,C_nogate,0.9586,0.8483,0.5000,0.0000,0.9563,0.8442,0.0,False,False,False,False,32,400,8fe87da8
2026-09-07 02:14:07,amazon,outpost,1,,C_noconformal,0.9585,0.8351,0.5000,0.0000,0.9499,0.8176,0.0,False,False,False,False,32,400,272793ea
2026-09-07 02:14:08,amazon,outpost,0,,C_noconformal,0.9490,0.8251,0.5000,0.0000,0.9469,0.8119,0.0,False,False,False,False,32,400,272793ea
2026-09-07 02:14:10,amazon,outpost,0,,C_nogate,0.9455,0.8277,0.5000,0.0000,0.9455,0.8128,0.0,False,False,False,False,32,400,8fe87da8
2026-09-07 02:14:10,amazon,outpost,2,,C_noconformal,0.9583,0.8384,0.5000,0.0000,0.9410,0.7969,0.0,False,False,False,False,32,400,272793ea
2026-09-07 02:14:18,amazon,outpost,0,,C_simplacebo,0.9148,0.7913,0.5000,0.0000,0.9112,0.7913,1.0,False,False,False,False,32,400,64eda4bf
2026-09-07 02:14:36,amazon,outpost,1,,C_simplacebo,0.9406,0.8147,0.5000,0.0000,0.9325,0.8087,1.0,False,False,False,False,32,400,64eda4bf
2026-09-07 02:16:02,amazon,outpost,5,,L_lean,0.9458,0.8329,0.5000,0.0000,0.9446,0.8300,0.0,False,False,False,False,32,400,784a54e5
2026-09-07 02:16:04,amazon,outpost,4,,C_nogate,0.9542,0.8407,0.5000,0.0000,0.9503,0.8292,0.0,False,False,False,False,32,400,8fe87da8
2026-09-07 02:16:16,amazon,outpost,4,,C_noconformal,0.9512,0.8422,0.5000,0.0000,0.9455,0.8313,0.0,False,False,False,False,32,400,272793ea
2026-09-07 02:16:17,amazon,outpost,6,,L_lean,0.9430,0.8275,0.5000,0.0000,0.9391,0.8232,0.0,False,False,False,False,32,400,784a54e5
2026-09-07 02:16:47,amazon,outpost,3,,C_simplacebo,0.9526,0.8353,0.5000,0.0000,0.9502,0.8321,1.0,False,False,False,False,32,400,64eda4bf
2026-09-07 02:16:49,amazon,outpost,7,,L_lean,0.9561,0.8429,0.5000,0.0000,0.9004,0.7743,0.0,False,False,False,False,32,400,784a54e5
2026-09-07 02:18:30,amazon,outpost,8,,L_lean,0.9610,0.8423,0.5000,0.0000,0.9585,0.8346,0.0,False,False,False,False,32,400,784a54e5
2026-09-07 02:18:53,amazon,outpost,4,,C_simplacebo,0.9428,0.8260,0.5000,0.0000,0.9367,0.8234,1.0,False,False,False,False,32,400,64eda4bf
2026-09-07 02:21:25,amazon,outpost,5,,C_nogate,0.9519,0.8436,0.5000,0.0000,0.9433,0.8155,0.0,False,False,False,False,32,400,8fe87da8
2026-09-07 02:21:26,amazon,outpost,42,,L_lean,0.9511,0.8217,0.5000,0.0000,0.9373,0.8016,0.0,False,False,False,False,32,400,784a54e5
2026-09-07 02:22:00,amazon,outpost,6,,C_nogate,0.9530,0.8427,0.5000,0.0000,0.9475,0.8305,0.0,False,False,False,False,32,400,8fe87da8
2026-09-07 02:22:02,amazon,outpost,7,,C_nogate,0.9559,0.8429,0.5000,0.0000,0.9491,0.8252,0.0,False,False,False,False,32,400,8fe87da8
2026-09-07 02:22:09,amazon,outpost,5,,C_noconformal,0.9516,0.8388,0.5000,0.0000,0.9454,0.8178,0.0,False,False,False,False,32,400,272793ea
2026-09-07 02:22:33,amazon,outpost,7,,C_noconformal,0.9559,0.8467,0.5000,0.0000,0.9496,0.8255,0.0,False,False,False,False,32,400,272793ea
2026-09-07 02:22:45,amazon,outpost,5,,C_simplacebo,0.9468,0.8171,0.5000,0.0000,0.9461,0.8139,1.0,False,False,False,False,32,400,64eda4bf
2026-09-07 02:22:53,amazon,outpost,6,,C_noconformal,0.9493,0.8379,0.5000,0.0000,0.9388,0.8167,0.0,False,False,False,False,32,400,272793ea
2026-09-07 02:22:55,amazon,outpost,6,,C_simplacebo,0.9441,0.8306,0.5000,0.0000,0.9377,0.8293,1.0,False,False,False,False,32,400,64eda4bf
2026-09-07 02:24:43,amazon,outpost,8,,C_noconformal,0.9542,0.8342,0.5000,0.0000,0.9440,0.8131,0.0,False,False,False,False,32,400,272793ea
2026-09-07 02:25:03,amazon,outpost,8,,C_nogate,0.9561,0.8352,0.5000,0.0000,0.9491,0.8155,0.0,False,False,False,False,32,400,8fe87da8
2026-09-07 02:25:51,amazon,outpost,7,,C_simplacebo,0.9478,0.8270,0.5000,0.0000,0.9345,0.8140,1.0,False,False,False,False,32,400,64eda4bf
2026-09-07 02:25:57,amazon,outpost,42,,C_nogate,0.9544,0.8307,0.5000,0.0000,0.9505,0.8235,0.0,False,False,False,False,32,400,8fe87da8
2026-09-07 02:26:12,amazon,outpost,8,,C_simplacebo,0.9448,0.8187,0.5000,0.0000,0.9424,0.8138,1.0,False,False,False,False,32,400,64eda4bf
2026-09-07 02:28:50,amazon,outpost,42,,C_noconformal,0.9530,0.8249,0.5000,0.0000,0.9428,0.8083,0.0,False,False,False,False,32,400,272793ea
2026-09-07 02:30:48,amazon,outpost,42,,C_simplacebo,0.9492,0.8253,0.5000,0.0000,0.9449,0.8172,1.0,False,False,False,False,32,400,64eda4bf
2026-09-07 02:31:54,photo,outpost,0,,C_noconformal,0.8213,0.5149,0.7673,0.1218,0.7357,0.4721,0.0,True,True,False,False,64,200,0abe2809
2026-09-07 02:31:54,photo,outpost,1,,C_noconformal,0.8154,0.5281,0.8058,0.1403,0.7958,0.5147,0.0,True,True,False,False,64,200,0abe2809
2026-09-07 02:31:54,photo,outpost,2,,C_noconformal,0.8267,0.5187,0.7520,0.1151,0.7798,0.4925,0.0,True,True,False,False,64,200,0abe2809
2026-09-07 02:31:54,photo,outpost,3,,C_noconformal,0.8134,0.5116,0.7643,0.1207,0.7043,0.4568,0.0,True,True,False,False,64,200,0abe2809
2026-09-07 02:31:54,photo,outpost,42,,C_noconformal,0.8581,0.5446,0.8161,0.1416,0.8256,0.5133,0.0,True,True,False,False,64,200,0abe2809
2026-09-07 04:17:13,ogbn-arxiv,outpost,4,,A_main,0.6136,0.2984,0.5438,0.1588,0.6045,0.2950,0.0,True,True,False,False,64,400,61fe01d9
2026-09-07 04:17:13,ogbn-arxiv,outpost,5,,A_main,0.6156,0.3001,0.5618,0.1654,0.5933,0.2863,0.0,True,True,False,False,64,400,61fe01d9
2026-09-07 04:17:13,ogbn-arxiv,outpost,6,,A_main,0.6200,0.3026,0.5578,0.1639,0.6069,0.2821,0.0,True,True,False,False,64,400,61fe01d9
2026-09-07 04:17:13,ogbn-arxiv,outpost,7,,A_main,0.6354,0.3113,0.5563,0.1630,0.6171,0.2982,0.0,True,True,False,False,64,400,61fe01d9
2026-09-07 04:17:13,ogbn-arxiv,outpost,8,,A_main,0.6262,0.3103,0.5461,0.1619,0.6125,0.3043,0.0,True,True,False,False,64,400,61fe01d9
2026-09-07 04:28:30,amazon,outpost,0,,T_Kp2,0.9524,0.8295,0.5000,0.0000,0.9518,0.8196,0.0,False,False,False,False,32,400,f9b49b4e
2026-09-07 04:28:32,amazon,outpost,0,,T_drop0.1,0.9462,0.8288,0.5000,0.0000,0.9335,0.8109,0.0,False,False,False,False,32,400,01a1370c
2026-09-07 04:28:36,amazon,outpost,0,,T_Kp6,0.9450,0.8245,0.5000,0.0000,0.9450,0.8245,0.0,False,False,False,False,32,400,9bffecd3
2026-09-07 04:28:56,amazon,outpost,1,,T_Kp2,0.9467,0.8272,0.5000,0.0000,0.9415,0.8152,0.0,False,False,False,False,32,400,f9b49b4e
2026-09-07 04:28:57,amazon,outpost,42,,T_hidden64,0.9504,0.8302,0.5000,0.0000,0.9442,0.8227,0.0,False,False,False,False,64,400,aa1a3b98
2026-09-07 04:28:57,amazon,outpost,42,,T_hidden16,0.9417,0.8169,0.5000,0.0000,0.9320,0.7932,0.0,False,False,False,False,16,400,78a4f280
2026-09-07 04:29:01,amazon,outpost,1,,T_Kp6,0.9380,0.8221,0.5000,0.0000,0.9267,0.8119,0.0,False,False,False,False,32,400,9bffecd3
2026-09-07 04:29:01,amazon,outpost,42,,T_Kp2,0.9541,0.8256,0.5000,0.0000,0.9445,0.8107,0.0,False,False,False,False,32,400,f9b49b4e
2026-09-07 04:29:05,amazon,outpost,42,,T_Kp6,0.9455,0.8219,0.5000,0.0000,0.9426,0.8092,0.0,False,False,False,False,32,400,9bffecd3
2026-09-07 04:29:06,amazon,outpost,1,,T_drop0.1,0.9481,0.8264,0.5000,0.0000,0.9335,0.8182,0.0,False,False,False,False,32,400,01a1370c
2026-09-07 04:29:06,amazon,outpost,42,,T_drop0.1,0.9514,0.8299,0.5000,0.0000,0.9438,0.8155,0.0,False,False,False,False,32,400,01a1370c
2026-09-07 04:29:06,amazon,outpost,0,,T_hidden64,0.9524,0.8406,0.5000,0.0000,0.9507,0.8332,0.0,False,False,False,False,64,400,aa1a3b98
2026-09-07 04:29:07,amazon,outpost,1,,T_hidden64,0.9453,0.8342,0.5000,0.0000,0.9312,0.8273,0.0,False,False,False,False,64,400,aa1a3b98
2026-09-07 04:29:12,amazon,outpost,0,,T_hidden16,0.9434,0.8201,0.5000,0.0000,0.9391,0.8196,0.0,False,False,False,False,16,400,78a4f280
2026-09-07 04:29:24,amazon,outpost,1,,T_hidden16,0.9367,0.8172,0.5000,0.0000,0.9317,0.7993,0.0,False,False,False,False,16,400,78a4f280
2026-09-07 04:35:38,amazon,outpost,42,,T_drop0.4,0.9436,0.8170,0.5000,0.0000,0.9379,0.8020,0.0,False,False,False,False,32,400,71503510
2026-09-07 04:35:39,amazon,outpost,1,,T_drop0.4,0.9441,0.8209,0.5000,0.0000,0.9307,0.8038,0.0,False,False,False,False,32,400,71503510
2026-09-07 04:35:41,amazon,outpost,0,,T_drop0.4,0.9399,0.8225,0.5000,0.0000,0.9266,0.8025,0.0,False,False,False,False,32,400,71503510
2026-09-07 04:36:22,amazon,outpost,1,,T_warmup20,0.9453,0.8251,0.5000,0.0000,0.9308,0.8144,0.0,False,False,False,False,32,400,f0738abf
2026-09-07 04:36:29,amazon,outpost,42,,T_warmup5,0.9480,0.8221,0.5000,0.0000,0.9363,0.8124,0.0,False,False,False,False,32,400,b056a8ab
2026-09-07 04:36:31,amazon,outpost,42,,T_warmup20,0.9582,0.8268,0.5000,0.0000,0.9309,0.7889,0.0,False,False,False,False,32,400,f0738abf
2026-09-07 04:36:33,amazon,outpost,42,,T_alpha0.01,0.9477,0.8245,0.5000,0.0000,0.9357,0.8042,0.0,False,False,False,False,32,400,aed81af0
2026-09-07 04:36:34,amazon,outpost,1,,T_alpha0.01,0.9542,0.8338,0.5000,0.0000,0.9433,0.8228,0.0,False,False,False,False,32,400,aed81af0
2026-09-07 04:36:36,amazon,outpost,0,,T_warmup5,0.9479,0.8312,0.5000,0.0000,0.9446,0.8274,0.0,False,False,False,False,32,400,b056a8ab
2026-09-07 04:36:39,amazon,outpost,0,,T_alpha0.01,0.9448,0.8275,0.5000,0.0000,0.9393,0.8079,0.0,False,False,False,False,32,400,aed81af0
2026-09-07 04:36:48,amazon,outpost,1,,T_warmup5,0.9502,0.8306,0.5000,0.0000,0.9292,0.8103,0.0,False,False,False,False,32,400,b056a8ab
2026-09-07 04:36:52,amazon,outpost,42,,T_alpha0.10,0.9478,0.8254,0.5000,0.0000,0.9368,0.8053,0.0,False,False,False,False,32,400,b0913377
2026-09-07 04:36:55,amazon,outpost,0,,T_alpha0.10,0.9478,0.8258,0.5000,0.0000,0.9363,0.8128,0.0,False,False,False,False,32,400,b0913377
2026-09-07 04:36:55,amazon,outpost,0,,T_warmup20,0.9467,0.8263,0.5000,0.0000,0.9467,0.8153,0.0,False,False,False,False,32,400,f0738abf
2026-09-07 04:36:56,amazon,outpost,1,,T_alpha0.10,0.9475,0.8292,0.5000,0.0000,0.9330,0.8201,0.0,False,False,False,False,32,400,b0913377
2026-09-07 04:46:10,amazon,outpost,0,,T_lr0.003,0.9425,0.8316,0.5000,0.0000,0.9340,0.8090,0.0,False,False,False,False,32,400,aef959b9
2026-09-07 04:46:17,amazon,outpost,1,,T_lr0.003,0.9536,0.8349,0.5000,0.0000,0.9536,0.8261,0.0,False,False,False,False,32,400,aef959b9
2026-09-07 04:46:25,amazon,outpost,42,,T_lr0.003,0.9541,0.8302,0.5000,0.0000,0.9264,0.7976,0.0,False,False,False,False,32,400,aef959b9
2026-09-07 04:48:49,amazon,outpost,1,,T_synth,0.9299,0.8111,0.5000,0.0000,0.9212,0.8084,0.0,True,True,False,False,32,400,8401e9ba
2026-09-07 04:49:00,amazon,outpost,0,,T_synth,0.9267,0.7973,0.5000,0.0000,0.9185,0.7700,0.0,True,True,False,False,32,400,8401e9ba
2026-09-07 04:49:20,amazon,outpost,42,,T_synth,0.9468,0.8190,0.5000,0.0000,0.9324,0.7971,0.0,True,True,False,False,32,400,8401e9ba
2026-09-07 13:25:00,computers,outpost,0,,E400_T_Kp12,0.8359,0.6275,0.8039,0.5178,0.7544,0.5015,0.0,True,True,False,False,64,400,6bd941a0
2026-09-07 13:25:00,computers,outpost,0,,E400_T_Kp4,0.8343,0.6341,0.8015,0.5216,0.7527,0.4996,0.0,True,True,False,False,64,400,27f2c232
2026-09-07 13:25:00,computers,outpost,0,,E400_T_drop0.3,0.8316,0.6447,0.7985,0.5433,0.7506,0.5118,0.0,True,True,False,False,64,400,9fd620d1
2026-09-07 13:25:00,computers,outpost,0,,E400_T_hidden128,0.8355,0.6511,0.8031,0.5480,0.7529,0.5009,0.0,True,True,False,False,128,400,bf0f7a32
2026-09-07 13:25:00,computers,outpost,0,,E400_T_hidden32,0.8337,0.6257,0.8004,0.5107,0.7610,0.4989,0.0,True,True,False,False,32,400,13e51792
2026-09-07 13:25:00,computers,outpost,0,,E400_T_lambda_un0.5,0.8272,0.6210,0.7934,0.5028,0.7498,0.5039,0.0,True,True,False,False,64,400,fb75b37a
2026-09-07 13:25:00,computers,outpost,0,,E400_T_lambda_un1.5,0.8377,0.6457,0.8056,0.5383,0.7502,0.4998,0.0,True,True,False,False,64,400,d7e64be8
2026-09-07 13:25:00,computers,outpost,0,,E400_T_nosynth,0.8459,0.6383,0.8154,0.5342,0.7514,0.4988,0.0,False,False,False,False,64,400,b8dac820
2026-09-07 13:25:00,computers,outpost,0,,E400_T_warmup15,0.8433,0.6253,0.8121,0.5090,0.7708,0.5034,0.0,True,True,False,False,64,400,ae6420fe
2026-09-07 13:25:00,computers,outpost,1,,E400_T_Kp12,0.8526,0.6416,0.8242,0.5443,0.7995,0.5638,0.0,True,True,False,False,64,400,6bd941a0
2026-09-07 13:25:00,computers,outpost,1,,E400_T_Kp4,0.8617,0.6522,0.8357,0.5585,0.7812,0.5192,0.0,True,True,False,False,64,400,27f2c232
2026-09-07 13:25:00,computers,outpost,1,,E400_T_drop0.3,0.8413,0.6347,0.8128,0.5469,0.7561,0.5274,0.0,True,True,False,False,64,400,9fd620d1
2026-09-07 13:25:00,computers,outpost,1,,E400_T_hidden128,0.8478,0.6463,0.8185,0.5545,0.7644,0.5026,0.0,True,True,False,False,128,400,bf0f7a32
2026-09-07 13:25:00,computers,outpost,1,,E400_T_hidden32,0.8446,0.6309,0.8143,0.5297,0.8061,0.5686,0.0,True,True,False,False,32,400,13e51792
2026-09-07 13:25:00,computers,outpost,1,,E400_T_lambda_un0.5,0.8462,0.6431,0.8191,0.5530,0.7621,0.4983,0.0,True,True,False,False,64,400,fb75b37a
2026-09-07 13:25:00,computers,outpost,1,,E400_T_lambda_un1.5,0.8545,0.6477,0.8272,0.5617,0.7847,0.5480,0.0,True,True,False,False,64,400,d7e64be8
2026-09-07 13:25:00,computers,outpost,1,,E400_T_nosynth,0.8491,0.6350,0.8202,0.5383,0.7566,0.5025,0.0,False,False,False,False,64,400,b8dac820
2026-09-07 13:25:00,computers,outpost,1,,E400_T_warmup15,0.8492,0.6306,0.8205,0.5302,0.8105,0.5629,0.0,True,True,False,False,64,400,ae6420fe
2026-09-07 13:25:00,computers,outpost,42,,E400_T_Kp12,0.8563,0.6535,0.8291,0.5623,0.7976,0.5493,0.0,True,True,False,False,64,400,6bd941a0
2026-09-07 13:25:00,computers,outpost,42,,E400_T_Kp4,0.8587,0.6608,0.8318,0.5648,0.7652,0.5235,0.0,True,True,False,False,64,400,27f2c232
2026-09-07 13:25:00,computers,outpost,42,,E400_T_drop0.3,0.8564,0.6603,0.8293,0.5718,0.7683,0.5431,0.0,True,True,False,False,64,400,9fd620d1
2026-09-07 13:25:00,computers,outpost,42,,E400_T_hidden128,0.8644,0.6725,0.8395,0.5825,0.7953,0.5683,0.0,True,True,False,False,128,400,bf0f7a32
2026-09-07 13:25:00,computers,outpost,42,,E400_T_hidden32,0.8581,0.6617,0.8308,0.5669,0.7957,0.5503,0.0,True,True,False,False,32,400,13e51792
2026-09-07 13:25:00,computers,outpost,42,,E400_T_lambda_un0.5,0.8578,0.6602,0.8310,0.5634,0.8055,0.5821,0.0,True,True,False,False,64,400,fb75b37a
2026-09-07 13:25:00,computers,outpost,42,,E400_T_lambda_un1.5,0.8658,0.6639,0.8403,0.5699,0.7828,0.5394,0.0,True,True,False,False,64,400,d7e64be8
2026-09-07 13:25:00,computers,outpost,42,,E400_T_nosynth,0.8580,0.6580,0.8310,0.5643,0.7612,0.5233,0.0,False,False,False,False,64,400,b8dac820
2026-09-07 13:25:00,computers,outpost,42,,E400_T_warmup15,0.8589,0.6565,0.8316,0.5591,0.7941,0.5616,0.0,True,True,False,False,64,400,ae6420fe
2026-09-07 13:25:00,photo,outpost,0,,E400_T_Kp12,0.8620,0.5402,0.8035,0.1335,0.7489,0.4727,0.0,True,True,False,False,64,400,217d3b58
2026-09-07 13:25:00,photo,outpost,0,,E400_T_Kp4,0.8602,0.5379,0.8056,0.1355,0.7372,0.4676,0.0,True,True,False,False,64,400,fd4e9f17
2026-09-07 13:25:00,photo,outpost,0,,E400_T_alpha0.01,0.8563,0.5406,0.8076,0.1375,0.7696,0.4828,0.0,True,True,False,False,64,400,ba25af07
2026-09-07 13:25:00,photo,outpost,0,,E400_T_drop0.3,0.8611,0.5295,0.8023,0.1353,0.7458,0.4750,0.0,True,True,False,False,64,400,5c0fb590
2026-09-07 13:25:00,photo,outpost,0,,E400_T_gateq0.8,0.8553,0.5363,0.8075,0.1368,0.8123,0.5011,0.0,True,True,False,False,64,400,48bec31c
2026-09-07 13:25:00,photo,outpost,0,,E400_T_hidden128,0.8702,0.5452,0.8031,0.1405,0.8063,0.4993,0.0,True,True,False,False,128,400,d2e3f281
2026-09-07 13:25:00,photo,outpost,0,,E400_T_hidden32,0.8543,0.5343,0.7968,0.1311,0.7578,0.4771,0.0,True,True,False,False,32,400,dfe5019f
2026-09-07 13:25:00,photo,outpost,0,,E400_T_lambda_un0.5,0.8494,0.5383,0.7971,0.1336,0.7334,0.4646,0.0,True,True,False,False,64,400,de9c7fd4
2026-09-07 13:25:00,photo,outpost,0,,E400_T_lambda_un1.5,0.8553,0.5279,0.8125,0.1371,0.7546,0.4705,0.0,True,True,False,False,64,400,62d35eb1
2026-09-07 13:25:00,photo,outpost,0,,E400_T_lean,0.8543,0.5327,0.8143,0.1408,0.7119,0.4510,0.0,False,False,False,False,64,400,ac89e308
2026-09-07 13:25:00,photo,outpost,0,,E400_T_lr0.003,0.8796,0.5450,0.8150,0.1443,0.7596,0.4796,0.0,True,True,False,False,64,400,9bbb01be
2026-09-07 13:25:00,photo,outpost,0,,E400_T_warmup15,0.8555,0.5347,0.8102,0.1443,0.7549,0.4761,0.0,True,True,False,False,64,400,fa4e1520
2026-09-07 13:25:00,photo,outpost,1,,E400_T_Kp12,0.8717,0.5586,0.8270,0.1502,0.8310,0.5260,0.0,True,True,False,False,64,400,217d3b58
2026-09-07 13:25:00,photo,outpost,1,,E400_T_Kp4,0.8742,0.5679,0.8338,0.1546,0.8363,0.5425,0.0,True,True,False,False,64,400,fd4e9f17
2026-09-07 13:25:00,photo,outpost,1,,E400_T_alpha0.01,0.8821,0.5769,0.8309,0.1548,0.8442,0.5402,0.0,True,True,False,False,64,400,ba25af07
2026-09-07 13:25:00,photo,outpost,1,,E400_T_drop0.3,0.8912,0.5761,0.8253,0.1499,0.8512,0.5347,0.0,True,True,False,False,64,400,5c0fb590
2026-09-07 13:25:00,photo,outpost,1,,E400_T_gateq0.8,0.8763,0.5566,0.8279,0.1505,0.8260,0.5274,0.0,True,True,False,False,64,400,48bec31c
2026-09-07 13:25:00,photo,outpost,1,,E400_T_hidden128,0.8948,0.5821,0.8462,0.1729,0.8582,0.5483,0.0,True,True,False,False,128,400,d2e3f281
2026-09-07 13:25:00,photo,outpost,1,,E400_T_hidden32,0.8911,0.5714,0.8355,0.1574,0.8504,0.5431,0.0,True,True,False,False,32,400,dfe5019f
2026-09-07 13:25:00,photo,outpost,1,,E400_T_lambda_un0.5,0.8657,0.5576,0.8242,0.1502,0.8385,0.5383,0.0,True,True,False,False,64,400,de9c7fd4
2026-09-07 13:25:00,photo,outpost,1,,E400_T_lambda_un1.5,0.8777,0.5541,0.8275,0.1469,0.8172,0.5217,0.0,True,True,False,False,64,400,62d35eb1
2026-09-07 13:25:00,photo,outpost,1,,E400_T_lean,0.8935,0.5797,0.8247,0.1506,0.8311,0.5258,0.0,False,False,False,False,64,400,ac89e308
2026-09-07 13:25:00,photo,outpost,1,,E400_T_lr0.003,0.9033,0.5983,0.8450,0.1707,0.8298,0.5332,0.0,True,True,False,False,64,400,9bbb01be
2026-09-07 13:25:00,photo,outpost,1,,E400_T_warmup15,0.8907,0.5812,0.8351,0.1597,0.8350,0.5418,0.0,True,True,False,False,64,400,fa4e1520
2026-09-07 13:25:00,photo,outpost,42,,E400_T_Kp12,0.8644,0.5388,0.8132,0.1373,0.7971,0.5009,0.0,True,True,False,False,64,400,217d3b58
2026-09-07 13:25:00,photo,outpost,42,,E400_T_Kp4,0.8624,0.5394,0.8070,0.1360,0.8106,0.5045,0.0,True,True,False,False,64,400,fd4e9f17
2026-09-07 13:25:00,photo,outpost,42,,E400_T_alpha0.01,0.8848,0.5679,0.8379,0.1579,0.8312,0.5165,0.0,True,True,False,False,64,400,ba25af07
2026-09-07 13:25:00,photo,outpost,42,,E400_T_drop0.3,0.8752,0.5510,0.8030,0.1320,0.8114,0.5056,0.0,True,True,False,False,64,400,5c0fb590
2026-09-07 13:25:00,photo,outpost,42,,E400_T_gateq0.8,0.8646,0.5425,0.8119,0.1374,0.8137,0.5029,0.0,True,True,False,False,64,400,48bec31c
2026-09-07 13:25:00,photo,outpost,42,,E400_T_hidden128,0.8727,0.5513,0.8048,0.1335,0.8103,0.5075,0.0,True,True,False,False,128,400,d2e3f281
2026-09-07 13:25:00,photo,outpost,42,,E400_T_hidden32,0.8734,0.5508,0.8252,0.1614,0.8328,0.5201,0.0,True,True,False,False,32,400,dfe5019f
2026-09-07 13:25:00,photo,outpost,42,,E400_T_lambda_un0.5,0.8753,0.5649,0.8283,0.1531,0.8539,0.5484,0.0,True,True,False,False,64,400,de9c7fd4
2026-09-07 13:25:00,photo,outpost,42,,E400_T_lambda_un1.5,0.8553,0.5321,0.7955,0.1291,0.8092,0.4984,0.0,True,True,False,False,64,400,62d35eb1
2026-09-07 13:25:00,photo,outpost,42,,E400_T_lean,0.8678,0.5359,0.8111,0.1394,0.8136,0.4964,0.0,False,False,False,False,64,400,ac89e308
2026-09-07 13:25:00,photo,outpost,42,,E400_T_lr0.003,0.8773,0.5508,0.8320,0.1495,0.8189,0.5089,0.0,True,True,False,False,64,400,9bbb01be
2026-09-07 13:25:00,photo,outpost,42,,E400_T_warmup15,0.8566,0.5352,0.8080,0.1361,0.8332,0.5257,0.0,True,True,False,False,64,400,fa4e1520
2026-09-07 13:55:23,amazon,nsreg,0,,NT_lr0.001_wd0.0001,0.9550,0.8269,0.5000,0.0000,0.9487,0.8204,0.0,,,False,False,64,400,b737a26c
2026-09-07 13:55:23,amazon,nsreg,0,,NT_lr0.003_wd0.0,0.9662,0.8463,0.5000,0.0000,0.9581,0.8266,0.0,,,False,False,64,400,94d288e4
2026-09-07 13:55:23,amazon,nsreg,0,,NT_lr0.003_wd0.0001,0.9626,0.8386,0.5000,0.0000,0.9577,0.8296,0.0,,,False,False,64,400,abe60b7a
2026-09-07 13:55:23,amazon,nsreg,1,,NT_lr0.001_wd0.0001,0.9599,0.8383,0.5000,0.0000,0.9411,0.8146,0.0,,,False,False,64,400,b737a26c
2026-09-07 13:55:23,amazon,nsreg,1,,NT_lr0.003_wd0.0,0.9617,0.8449,0.5000,0.0000,0.9550,0.8303,0.0,,,False,False,64,400,94d288e4
2026-09-07 13:55:23,amazon,nsreg,1,,NT_lr0.003_wd0.0001,0.9602,0.8448,0.5000,0.0000,0.9395,0.8182,0.0,,,False,False,64,400,abe60b7a
2026-09-07 13:55:23,amazon,nsreg,42,,NT_lr0.001_wd0.0001,0.9499,0.8241,0.5000,0.0000,0.9179,0.7839,0.0,,,False,False,64,400,b737a26c
2026-09-07 13:55:23,amazon,nsreg,42,,NT_lr0.003_wd0.0,0.9521,0.8217,0.5000,0.0000,0.9521,0.8015,0.0,,,False,False,64,400,94d288e4
2026-09-07 13:55:23,amazon,nsreg,42,,NT_lr0.003_wd0.0001,0.9542,0.8282,0.5000,0.0000,0.9513,0.8125,0.0,,,False,False,64,400,abe60b7a
2026-09-07 13:55:23,computers,nsreg,0,,NT_lr0.001_wd0.0001,0.8172,0.5836,0.7803,0.4537,0.7761,0.5165,0.0,,,False,False,64,400,47e462e8
2026-09-07 13:55:23,computers,nsreg,0,,NT_lr0.003_wd0.0,0.8133,0.5776,0.7768,0.4498,0.7623,0.4960,0.0,,,False,False,64,400,74a5ba1f
2026-09-07 13:55:23,computers,nsreg,0,,NT_lr0.003_wd0.0001,0.8225,0.5881,0.7878,0.4688,0.7712,0.5118,0.0,,,False,False,64,400,603db7db
2026-09-07 13:55:23,computers,nsreg,1,,NT_lr0.001_wd0.0001,0.8412,0.6183,0.8094,0.5058,0.7938,0.5420,0.0,,,False,False,64,400,47e462e8
2026-09-07 13:55:23,computers,nsreg,1,,NT_lr0.003_wd0.0,0.8488,0.6180,0.8188,0.5058,0.8082,0.5574,0.0,,,False,False,64,400,74a5ba1f
2026-09-07 13:55:23,computers,nsreg,1,,NT_lr0.003_wd0.0001,0.8488,0.6279,0.8187,0.5160,0.8026,0.5511,0.0,,,False,False,64,400,603db7db
2026-09-07 13:55:23,computers,nsreg,42,,NT_lr0.001_wd0.0001,0.8425,0.6170,0.8121,0.5069,0.7694,0.5085,0.0,,,False,False,64,400,47e462e8
2026-09-07 13:55:23,computers,nsreg,42,,NT_lr0.003_wd0.0,0.8366,0.5859,0.8049,0.4701,0.7860,0.5153,0.0,,,False,False,64,400,74a5ba1f
2026-09-07 13:55:23,computers,nsreg,42,,NT_lr0.003_wd0.0001,0.8451,0.6219,0.8145,0.5097,0.7700,0.4954,0.0,,,False,False,64,400,603db7db
2026-09-07 13:55:23,photo,nsreg,0,,NT_lr0.001_wd0.0001,0.8283,0.5158,0.7788,0.1305,0.7494,0.4802,0.0,,,False,False,64,400,023817f5
2026-09-07 13:55:23,photo,nsreg,0,,NT_lr0.003_wd0.0,0.8234,0.4980,0.7766,0.1330,0.7499,0.4444,0.0,,,False,False,64,400,86573220
2026-09-07 13:55:23,photo,nsreg,0,,NT_lr0.003_wd0.0001,0.8286,0.5128,0.7758,0.1301,0.7456,0.4704,0.0,,,False,False,64,400,ff2614a2
2026-09-07 13:55:23,photo,nsreg,1,,NT_lr0.001_wd0.0001,0.8447,0.5606,0.8124,0.1908,0.8032,0.5167,0.0,,,False,False,64,400,023817f5
2026-09-07 13:55:23,photo,nsreg,1,,NT_lr0.003_wd0.0,0.8642,0.5204,0.8432,0.2049,0.8349,0.4848,0.0,,,False,False,64,400,86573220
2026-09-07 13:55:23,photo,nsreg,1,,NT_lr0.003_wd0.0001,0.8531,0.5484,0.8285,0.2113,0.8051,0.5160,0.0,,,False,False,64,400,ff2614a2
2026-09-07 13:55:23,photo,nsreg,42,,NT_lr0.001_wd0.0001,0.9156,0.6606,0.8665,0.2762,0.8940,0.5939,0.0,,,False,False,64,400,023817f5
2026-09-07 13:55:23,photo,nsreg,42,,NT_lr0.003_wd0.0,0.9162,0.6486,0.8726,0.2575,0.8850,0.5690,0.0,,,False,False,64,400,86573220
2026-09-07 13:55:23,photo,nsreg,42,,NT_lr0.003_wd0.0001,0.9056,0.6207,0.8540,0.2140,0.8903,0.5908,0.0,,,False,False,64,400,ff2614a2
2026-09-07 13:55:23,yelp,nsreg,0,,NT_lr0.001_wd0.0001,0.7611,0.4106,0.5000,0.0000,0.6857,0.2649,0.0,,,False,False,64,400,b359c198
2026-09-07 13:55:23,yelp,nsreg,0,,NT_lr0.003_wd0.0,0.7613,0.4118,0.5000,0.0000,0.6079,0.2049,0.0,,,False,False,64,400,8007da88
2026-09-07 13:55:23,yelp,nsreg,0,,NT_lr0.003_wd0.0001,0.7605,0.4108,0.5000,0.0000,0.6085,0.2051,0.0,,,False,False,64,400,1d27ed00
2026-09-07 13:55:23,yelp,nsreg,1,,NT_lr0.001_wd0.0001,0.7370,0.3502,0.5000,0.0000,0.7357,0.3448,0.0,,,False,False,64,400,b359c198
2026-09-07 13:55:23,yelp,nsreg,1,,NT_lr0.003_wd0.0,0.7367,0.3501,0.5000,0.0000,0.7330,0.3427,0.0,,,False,False,64,400,8007da88
2026-09-07 13:55:23,yelp,nsreg,1,,NT_lr0.003_wd0.0001,0.7415,0.3618,0.5000,0.0000,0.7354,0.3490,0.0,,,False,False,64,400,1d27ed00
2026-09-07 13:55:23,yelp,nsreg,42,,NT_lr0.001_wd0.0001,0.7451,0.3627,0.5000,0.0000,0.7372,0.3450,0.0,,,False,False,64,400,b359c198
2026-09-07 13:55:23,yelp,nsreg,42,,NT_lr0.003_wd0.0,0.7405,0.3510,0.5000,0.0000,0.7385,0.3388,0.0,,,False,False,64,400,8007da88
2026-09-07 13:55:23,yelp,nsreg,42,,NT_lr0.003_wd0.0001,0.7349,0.3334,0.5000,0.0000,0.7307,0.3114,0.0,,,False,False,64,400,1d27ed00
2026-09-07 14:28:58,tfinance,outpost,0,,A_sim0.0,0.8948,0.6249,0.5000,0.0000,0.8802,0.5867,0.0,False,False,False,False,32,400,bd0099f0
2026-09-07 14:29:07,tfinance,outpost,3,,A_sim1.0,0.9225,0.7648,0.5000,0.0000,0.8876,0.4732,1.0,False,False,False,False,32,400,dd5eb61f
2026-09-07 14:29:12,tfinance,outpost,1,,A_sim0.0,0.8968,0.6596,0.5000,0.0000,0.8886,0.6356,0.0,False,False,False,False,32,400,bd0099f0
2026-09-07 14:29:14,tfinance,outpost,2,,A_sim0.0,0.8897,0.6105,0.5000,0.0000,0.8763,0.5851,0.0,False,False,False,False,32,400,bd0099f0
2026-09-07 14:29:19,tfinance,outpost,4,,A_sim1.0,0.9217,0.7574,0.5000,0.0000,0.9139,0.7244,1.0,False,False,False,False,32,400,dd5eb61f
2026-09-07 14:29:25,tfinance,outpost,1,,A_sim1.0,0.9176,0.7587,0.5000,0.0000,0.9128,0.7377,1.0,False,False,False,False,32,400,dd5eb61f
2026-09-07 14:29:26,tfinance,outpost,5,,A_sim0.0,0.9189,0.7279,0.5000,0.0000,0.8894,0.6490,0.0,False,False,False,False,32,400,bd0099f0
2026-09-07 14:29:36,tfinance,outpost,3,,A_sim0.0,0.9147,0.7068,0.5000,0.0000,0.8921,0.6461,0.0,False,False,False,False,32,400,bd0099f0
2026-09-07 14:29:38,tfinance,outpost,5,,A_sim1.0,0.9215,0.7601,0.5000,0.0000,0.9174,0.5497,1.0,False,False,False,False,32,400,dd5eb61f
2026-09-07 14:29:39,tfinance,outpost,6,,A_sim0.0,0.9167,0.6886,0.5000,0.0000,0.9038,0.6466,0.0,False,False,False,False,32,400,bd0099f0
2026-09-07 14:29:49,tfinance,outpost,2,,A_sim1.0,0.9199,0.7459,0.5000,0.0000,0.9199,0.7443,1.0,False,False,False,False,32,400,dd5eb61f
2026-09-07 14:30:08,tfinance,outpost,7,,A_sim1.0,0.9299,0.7704,0.5000,0.0000,0.9159,0.7284,1.0,False,False,False,False,32,400,dd5eb61f
2026-09-07 14:34:01,tfinance,outpost,0,,A_sim1.0,0.9190,0.7719,0.5000,0.0000,0.9170,0.7719,1.0,False,False,False,False,32,400,dd5eb61f
2026-09-07 14:34:42,tfinance,outpost,6,,A_sim1.0,0.9249,0.7560,0.5000,0.0000,0.9201,0.7412,1.0,False,False,False,False,32,400,dd5eb61f
2026-09-07 14:35:20,tfinance,outpost,4,,A_sim0.0,0.9043,0.6807,0.5000,0.0000,0.8910,0.6504,0.0,False,False,False,False,32,400,bd0099f0
2026-09-07 14:53:57,tfinance,outpost,8,,A_sim0.0,0.9156,0.6719,0.5000,0.0000,0.8987,0.6363,0.0,False,False,False,False,32,400,bd0099f0
2026-09-07 14:54:13,tfinance,outpost,42,,A_sim0.0,0.9171,0.7171,0.5000,0.0000,0.9137,0.6972,0.0,False,False,False,False,32,400,bd0099f0
2026-09-07 14:54:40,tfinance,outpost,8,,A_sim1.0,0.9218,0.7426,0.5000,0.0000,0.9201,0.7256,1.0,False,False,False,False,32,400,dd5eb61f
2026-09-07 14:55:17,tfinance,outpost,42,,A_sim1.0,0.9158,0.7532,0.5000,0.0000,0.8807,0.7022,1.0,False,False,False,False,32,400,dd5eb61f
2026-09-07 14:57:03,tfinance,outpost,7,,A_sim0.0,0.9181,0.7188,0.5000,0.0000,0.9121,0.6991,0.0,False,False,False,False,32,400,bd0099f0
2026-09-07 15:01:23,tfinance,outpost,0,,C_nopl_sim0.0,0.9090,0.6825,0.5000,0.0000,0.9024,0.6691,0.0,False,False,False,False,32,400,f52fe274
2026-09-07 15:01:55,tfinance,outpost,0,,C_nopl_sim1.0,0.9199,0.7587,0.5000,0.0000,0.9187,0.7371,1.0,False,False,False,False,32,400,93b26b58
2026-09-07 15:03:07,tfinance,outpost,1,,C_nopl_sim1.0,0.9200,0.7574,0.5000,0.0000,0.9160,0.7548,1.0,False,False,False,False,32,400,93b26b58
2026-09-07 15:04:03,tfinance,outpost,1,,C_nopl_sim0.0,0.9085,0.6971,0.5000,0.0000,0.8997,0.6595,0.0,False,False,False,False,32,400,f52fe274
2026-09-07 15:07:50,tfinance,outpost,2,,C_nopl_sim1.0,0.9204,0.7541,0.5000,0.0000,0.9192,0.7125,1.0,False,False,False,False,32,400,93b26b58
2026-09-07 15:08:32,tfinance,outpost,2,,C_nopl_sim0.0,0.8894,0.6038,0.5000,0.0000,0.8738,0.5681,0.0,False,False,False,False,32,400,f52fe274
2026-09-07 15:09:41,tfinance,outpost,3,,C_nopl_sim1.0,0.9200,0.7598,0.5000,0.0000,0.9069,0.7327,1.0,False,False,False,False,32,400,93b26b58
2026-09-07 15:10:14,tfinance,outpost,3,,C_nopl_sim0.0,0.9176,0.7187,0.5000,0.0000,0.9133,0.7048,0.0,False,False,False,False,32,400,f52fe274
2026-09-07 15:11:55,tfinance,outpost,4,,C_nopl_sim1.0,0.9215,0.7594,0.5000,0.0000,0.9084,0.7518,1.0,False,False,False,False,32,400,93b26b58
2026-09-07 15:14:48,tfinance,outpost,4,,C_nopl_sim0.0,0.9141,0.7364,0.5000,0.0000,0.9120,0.7339,0.0,False,False,False,False,32,400,f52fe274
2026-09-07 15:16:41,tfinance,outpost,5,,C_nopl_sim1.0,0.9219,0.7602,0.5000,0.0000,0.9167,0.6888,1.0,False,False,False,False,32,400,93b26b58
2026-09-07 15:16:49,tfinance,outpost,5,,C_nopl_sim0.0,0.9252,0.7525,0.5000,0.0000,0.9069,0.7233,0.0,False,False,False,False,32,400,f52fe274
2026-09-07 15:18:00,tfinance,outpost,6,,C_nopl_sim1.0,0.9244,0.7556,0.5000,0.0000,0.9175,0.6962,1.0,False,False,False,False,32,400,93b26b58
2026-09-07 15:19:06,tfinance,outpost,6,,C_nopl_sim0.0,0.9284,0.7340,0.5000,0.0000,0.9154,0.7006,0.0,False,False,False,False,32,400,f52fe274
2026-09-07 15:21:21,tfinance,demo,0,,B_demo_mix,0.9225,0.7116,0.0000,0.0000,0.8958,0.6674,0.0,,,False,False,64,400,8d224a52
2026-09-07 15:22:32,tfinance,demo,2,,B_demo_mix,0.9182,0.7173,0.0000,0.0000,0.9026,0.6912,0.0,,,False,False,64,400,8d224a52
2026-09-07 15:22:46,tfinance,outpost,7,,C_nopl_sim1.0,0.9327,0.7751,0.5000,0.0000,0.9191,0.6768,1.0,False,False,False,False,32,400,93b26b58
2026-09-07 15:23:02,tfinance,demo,1,,B_demo_mix,0.9184,0.7042,0.0000,0.0000,0.8967,0.6677,0.0,,,False,False,64,400,8d224a52
2026-09-07 15:23:24,tfinance,demo,3,,B_demo_mix,0.9294,0.7713,0.0000,0.0000,0.9187,0.7331,0.0,,,False,False,64,400,8d224a52
2026-09-07 15:23:50,tfinance,outpost,7,,C_nopl_sim0.0,0.9475,0.8038,0.5000,0.0000,0.9347,0.7690,0.0,False,False,False,False,32,400,f52fe274
2026-09-07 15:24:30,tfinance,outpost,8,,C_nopl_sim1.0,0.9245,0.7467,0.5000,0.0000,0.9238,0.7224,1.0,False,False,False,False,32,400,93b26b58
2026-09-07 15:24:58,tfinance,outpost,8,,C_nopl_sim0.0,0.9169,0.6960,0.5000,0.0000,0.9045,0.6574,0.0,False,False,False,False,32,400,f52fe274
2026-09-07 15:26:32,tfinance,outpost,42,,C_nopl_sim1.0,0.9188,0.7533,0.5000,0.0000,0.8807,0.7023,1.0,False,False,False,False,32,400,93b26b58
2026-09-07 15:27:24,tfinance,outpost,42,,C_nopl_sim0.0,0.9267,0.7313,0.5000,0.0000,0.9218,0.7313,0.0,False,False,False,False,32,400,f52fe274
2026-09-07 15:27:47,tfinance,demo,5,,B_demo_mix,0.9053,0.6846,0.0000,0.0000,0.8927,0.6559,0.0,,,False,False,64,400,8d224a52
2026-09-07 15:36:19,tfinance,demo,8,,B_demo_mix,0.9036,0.6935,0.0000,0.0000,0.9002,0.6935,0.0,,,False,False,64,400,8d224a52
2026-09-07 15:39:53,tfinance,demo,42,,B_demo_mix,0.9113,0.6865,0.0000,0.0000,0.9050,0.5009,0.0,,,False,False,64,400,8d224a52
2026-09-07 15:57:39,tfinance,demo,7,,B_demo_mix,0.9113,0.6974,0.0000,0.0000,0.9049,0.6873,0.0,,,False,False,64,400,8d224a52
2026-09-07 15:58:46,tfinance,demo,6,,B_demo_mix,0.9223,0.7192,0.0000,0.0000,0.8982,0.5476,0.0,,,False,False,64,400,8d224a52
2026-09-07 15:58:58,tfinance,demo,4,,B_demo_mix,0.9185,0.7363,0.0000,0.0000,0.9144,0.7153,0.0,,,False,False,64,400,8d224a52
2026-09-07 15:59:49,tfinance,nsreg,0,,E400_nsreg,0.9344,0.7627,0.5000,0.0000,0.9325,0.7373,0.0,,,False,False,64,400,7bee5e00
2026-09-07 15:59:49,tfinance,nsreg,1,,E400_nsreg,0.9202,0.7287,0.5000,0.0000,0.9127,0.7118,0.0,,,False,False,64,400,7bee5e00
2026-09-07 15:59:49,tfinance,nsreg,2,,E400_nsreg,0.9241,0.7300,0.5000,0.0000,0.9170,0.7175,0.0,,,False,False,64,400,7bee5e00
2026-09-07 15:59:49,tfinance,nsreg,3,,E400_nsreg,0.9284,0.7403,0.5000,0.0000,0.9186,0.6468,0.0,,,False,False,64,400,7bee5e00
2026-09-07 15:59:49,tfinance,nsreg,4,,E400_nsreg,0.9137,0.7135,0.5000,0.0000,0.9080,0.6912,0.0,,,False,False,64,400,7bee5e00
2026-09-07 15:59:49,tfinance,nsreg,42,,E400_nsreg,0.9261,0.7530,0.5000,0.0000,0.9213,0.6188,0.0,,,False,False,64,400,7bee5e00
2026-09-07 15:59:49,tfinance,nsreg,5,,E400_nsreg,0.9131,0.6899,0.5000,0.0000,0.9046,0.6070,0.0,,,False,False,64,400,7bee5e00
2026-09-07 15:59:49,tfinance,nsreg,6,,E400_nsreg,0.9195,0.6665,0.5000,0.0000,0.9141,0.6281,0.0,,,False,False,64,400,7bee5e00
2026-09-07 15:59:49,tfinance,nsreg,7,,E400_nsreg,0.9164,0.6996,0.5000,0.0000,0.9061,0.6532,0.0,,,False,False,64,400,7bee5e00
2026-09-07 15:59:49,tfinance,nsreg,8,,E400_nsreg,0.9420,0.7725,0.5000,0.0000,0.9215,0.6706,0.0,,,False,False,64,400,7bee5e00
2026-09-07 22:59:42,amazon,outpost,5,,T_hidden16,0.9524,0.8332,0.5000,0.0000,0.9445,0.8108,0.0,False,False,False,False,16,400,78a4f280
2026-09-07 23:03:00,amazon,outpost,4,,T_hidden16,0.9451,0.8157,0.5000,0.0000,0.9287,0.7784,0.0,False,False,False,False,16,400,78a4f280
2026-09-07 23:17:30,amazon,outpost,3,,T_hidden16,0.9595,0.8449,0.5000,0.0000,0.9566,0.8395,0.0,False,False,False,False,16,400,78a4f280
2026-09-07 23:23:53,amazon,outpost,6,,T_hidden16,0.9483,0.8394,0.5000,0.0000,0.9478,0.8355,0.0,False,False,False,False,16,400,78a4f280
2026-09-07 23:28:52,amazon,outpost,0,,C_nopl_hidden16,0.9369,0.8106,0.5000,0.0000,0.9369,0.8102,0.0,False,False,False,False,16,400,a2bec5b5
2026-09-07 23:33:00,amazon,outpost,7,,T_hidden16,0.9543,0.8396,0.5000,0.0000,0.9513,0.8314,0.0,False,False,False,False,16,400,78a4f280
2026-09-07 23:34:33,amazon,outpost,1,,C_nopl_hidden16,0.9404,0.8170,0.5000,0.0000,0.9255,0.8076,0.0,False,False,False,False,16,400,a2bec5b5
2026-09-07 23:36:25,amazon,outpost,8,,T_hidden16,0.9538,0.8307,0.5000,0.0000,0.9471,0.8150,0.0,False,False,False,False,16,400,78a4f280
2026-09-07 23:38:25,amazon,outpost,2,,C_nopl_hidden16,0.9515,0.8328,0.5000,0.0000,0.9453,0.8237,0.0,False,False,False,False,16,400,a2bec5b5
2026-09-07 23:40:22,amazon,outpost,3,,C_nopl_hidden16,0.9568,0.8426,0.5000,0.0000,0.9542,0.8369,0.0,False,False,False,False,16,400,a2bec5b5
2026-09-07 23:44:16,amazon,outpost,4,,C_nopl_hidden16,0.9293,0.7907,0.5000,0.0000,0.9185,0.7754,0.0,False,False,False,False,16,400,a2bec5b5
2026-09-07 23:49:27,amazon,outpost,5,,C_nopl_hidden16,0.9439,0.8285,0.5000,0.0000,0.9379,0.8188,0.0,False,False,False,False,16,400,a2bec5b5
2026-09-07 23:50:53,amazon,outpost,6,,C_nopl_hidden16,0.9455,0.8306,0.5000,0.0000,0.9414,0.8221,0.0,False,False,False,False,16,400,a2bec5b5
2026-09-07 23:58:14,amazon,outpost,7,,C_nopl_hidden16,0.9545,0.8448,0.5000,0.0000,0.9493,0.8401,0.0,False,False,False,False,16,400,a2bec5b5
2026-09-08 00:03:04,amazon,outpost,8,,C_nopl_hidden16,0.9586,0.8425,0.5000,0.0000,0.9563,0.8425,0.0,False,False,False,False,16,400,a2bec5b5
2026-09-08 00:07:02,amazon,outpost,2,,T_hidden16,0.9588,0.8362,0.5000,0.0000,0.9524,0.8304,0.0,False,False,False,False,16,400,78a4f280
2026-09-08 00:08:41,amazon,outpost,42,,C_nopl_hidden16,0.9307,0.7964,0.5000,0.0000,0.9252,0.7868,0.0,False,False,False,False,16,400,a2bec5b5
2026-09-08 00:49:16,amazon,nsreg,2,,NT_lr0.003_wd0.0,0.9692,0.8605,0.5000,0.0000,0.9683,0.8599,0.0,,,False,False,64,400,94d288e4
2026-09-08 00:49:16,amazon,nsreg,3,,NT_lr0.003_wd0.0,0.9527,0.8383,0.5000,0.0000,0.9493,0.8316,0.0,,,False,False,64,400,94d288e4
2026-09-08 00:49:16,amazon,nsreg,4,,NT_lr0.003_wd0.0,0.9631,0.8472,0.5000,0.0000,0.9566,0.8294,0.0,,,False,False,64,400,94d288e4
2026-09-08 00:49:16,amazon,nsreg,5,,NT_lr0.003_wd0.0,0.9514,0.8321,0.5000,0.0000,0.9458,0.8246,0.0,,,False,False,64,400,94d288e4
2026-09-08 00:49:16,amazon,nsreg,6,,NT_lr0.003_wd0.0,0.9445,0.8229,0.5000,0.0000,0.9396,0.8064,0.0,,,False,False,64,400,94d288e4
2026-09-08 00:49:16,amazon,nsreg,7,,NT_lr0.003_wd0.0,0.9588,0.8469,0.5000,0.0000,0.9525,0.8355,0.0,,,False,False,64,400,94d288e4
2026-09-08 00:49:16,amazon,nsreg,8,,NT_lr0.003_wd0.0,0.9659,0.8479,0.5000,0.0000,0.9629,0.8421,0.0,,,False,False,64,400,94d288e4
2026-09-08 00:49:16,photo,demo,1,,DT_lr0.001_wd0.0,0.8276,0.5330,0.8020,0.1382,0.7890,0.5066,0.0,,,False,False,64,200,11f12d50
2026-09-08 00:49:16,photo,demo,42,,DT_lr0.001_wd0.0,0.8845,0.5606,0.8398,0.1636,0.8542,0.5401,0.0,,,False,False,64,200,11f12d50
2026-09-08 00:49:16,photo,nsreg,2,,NT_lr0.003_wd0.0,0.8892,0.5638,0.8153,0.1994,0.7715,0.4357,0.0,,,False,False,64,400,86573220
2026-09-08 00:49:16,photo,nsreg,3,,NT_lr0.003_wd0.0,0.8501,0.5176,0.8170,0.1448,0.7533,0.4468,0.0,,,False,False,64,400,86573220
2026-09-08 00:49:16,photo,nsreg,4,,NT_lr0.003_wd0.0,0.8665,0.5349,0.8106,0.1970,0.7576,0.4201,0.0,,,False,False,64,400,86573220
2026-09-08 00:49:16,photo,nsreg,5,,NT_lr0.003_wd0.0,0.9206,0.6579,0.8798,0.2980,0.8874,0.5541,0.0,,,False,False,64,400,86573220
2026-09-08 00:49:16,photo,nsreg,6,,NT_lr0.003_wd0.0,0.8659,0.5033,0.8040,0.1379,0.7523,0.4593,0.0,,,False,False,64,400,86573220
2026-09-08 00:49:16,photo,nsreg,7,,NT_lr0.003_wd0.0,0.8642,0.6013,0.7755,0.2520,0.7546,0.4735,0.0,,,False,False,64,400,86573220
2026-09-08 00:49:16,photo,nsreg,8,,NT_lr0.003_wd0.0,0.9216,0.6146,0.8752,0.3271,0.8148,0.5001,0.0,,,False,False,64,400,86573220
2026-09-08 02:58:36,tfinance,outpost,0,,C_nogate,0.8950,0.6197,0.5000,0.0000,0.8854,0.6049,0.0,False,False,False,False,32,400,822c68a8
2026-09-08 05:09:51,tfinance,outpost,1,,C_nogate,0.8932,0.6315,0.5000,0.0000,0.8866,0.5915,0.0,False,False,False,False,32,400,822c68a8
2026-09-08 05:20:57,tfinance,outpost,8,,C_noconformal,0.9061,0.6713,0.5000,0.0000,0.8935,0.6188,0.0,False,False,False,False,32,400,9b8f90f0
2026-09-08 09:16:24,amazon,demo,42,,DT_lr0.001_wd0.0,0.9266,0.7939,0.0000,0.0000,0.9257,0.7939,0.0,,,False,False,64,200,db3e77ee
2026-09-08 09:46:01,amazon,outpost,2,,T_hidden16,0.9588,0.8362,0.5000,0.0000,0.9524,0.8304,0.0,False,False,False,False,16,400,78a4f280
2026-09-08 10:15:02,tfinance,outpost,2,,C_nogate,0.8864,0.6084,0.5000,0.0000,0.8823,0.5963,0.0,False,False,False,False,32,400,822c68a8
2026-09-08 10:43:54,tfinance,outpost,7,,C_noconformal,0.9307,0.7416,0.5000,0.0000,0.9193,0.7104,0.0,False,False,False,False,32,400,9b8f90f0
2026-09-08 10:45:33,amazon,demo,0,,DT_lr0.001_wd0.0,0.9380,0.8072,0.0000,0.0000,0.9308,0.8030,0.0,,,False,False,64,200,db3e77ee
2026-09-08 10:58:27,amazon,demo,1,,DT_lr0.001_wd0.0,0.9460,0.8164,0.0000,0.0000,0.9382,0.8085,0.0,,,False,False,64,200,db3e77ee
2026-09-08 12:13:03,amazon,demo,42,,DT_lr0.003_wd0.0,0.9549,0.8192,0.0000,0.0000,0.9391,0.7991,0.0,,,False,False,64,200,cea667e0
2026-09-08 13:35:08,amazon,demo,1,,DT_lr0.003_wd0.0,0.9513,0.8261,0.0000,0.0000,0.9420,0.8178,0.0,,,False,False,64,200,cea667e0
2026-09-08 16:09:08,tfinance,outpost,6,,C_noconformal,0.9188,0.7011,0.5000,0.0000,0.9073,0.6678,0.0,False,False,False,False,32,400,9b8f90f0
2026-09-08 16:09:16,amazon,demo,0,,DT_lr0.003_wd0.0,0.9495,0.8138,0.0000,0.0000,0.9495,0.8138,0.0,,,False,False,64,200,cea667e0
2026-09-08 16:17:07,tfinance,outpost,3,,C_nogate,0.9146,0.7061,0.5000,0.0000,0.8963,0.6549,0.0,False,False,False,False,32,400,822c68a8
2026-09-08 19:04:34,tfinance,outpost,4,,C_nogate,0.9022,0.6923,0.5000,0.0000,0.8982,0.6823,0.0,False,False,False,False,32,400,822c68a8
2026-09-08 19:18:59,yelp,demo,1,,DT_lr0.001_wd0.0,0.6839,0.2586,0.0000,0.0000,0.6732,0.2464,0.0,,,False,False,64,200,ccee7c9d
2026-09-08 19:23:07,tfinance,outpost,5,,C_noconformal,0.9198,0.7320,0.5000,0.0000,0.8960,0.6688,0.0,False,False,False,False,32,400,9b8f90f0
2026-09-08 22:11:06,amazon,outpost,3,,T_hidden16,0.9595,0.8449,0.5000,0.0000,0.9566,0.8395,0.0,False,False,False,False,16,400,78a4f280
2026-09-08 22:30:22,tfinance,outpost,5,,C_nogate,0.9146,0.7126,0.5000,0.0000,0.8956,0.6849,0.0,False,False,False,False,32,400,822c68a8
2026-09-08 22:55:42,yelp,demo,42,,DT_lr0.003_wd0.0,0.6682,0.2616,0.0000,0.0000,0.6662,0.2602,0.0,,,False,False,64,200,1c4d1581
2026-09-09 00:19:05,tfinance,outpost,6,,C_nogate,0.9213,0.7021,0.5000,0.0000,0.9100,0.6792,0.0,False,False,False,False,32,400,822c68a8
2026-09-09 02:18:52,tfinance,outpost,7,,C_nogate,0.9291,0.7260,0.5000,0.0000,0.9194,0.7116,0.0,False,False,False,False,32,400,822c68a8
2026-09-09 02:24:27,tfinance,outpost,2,,C_noconformal,0.8909,0.6128,0.5000,0.0000,0.8787,0.5662,0.0,False,False,False,False,32,400,9b8f90f0
2026-09-09 02:28:36,yelp,demo,0,,DT_lr0.001_wd0.0,0.6704,0.2740,0.0000,0.0000,0.6660,0.2701,0.0,,,False,False,64,200,ccee7c9d
2026-09-09 05:18:15,tfinance,outpost,8,,C_nogate,0.9090,0.6659,0.5000,0.0000,0.8984,0.6374,0.0,False,False,False,False,32,400,822c68a8
2026-09-09 05:24:31,tfinance,outpost,1,,C_noconformal,0.8995,0.6293,0.5000,0.0000,0.8856,0.5946,0.0,False,False,False,False,32,400,9b8f90f0
2026-09-09 06:02:02,yelp,demo,1,,DT_lr0.003_wd0.0,0.7121,0.2854,0.0000,0.0000,0.6260,0.2111,0.0,,,False,False,64,200,1c4d1581
2026-09-09 07:08:05,amazon,demo,42,,DT_lr0.003_wd0.0001,0.9419,0.8131,0.0000,0.0000,0.9396,0.8056,0.0,,,False,False,64,200,e397795e
2026-09-09 07:21:45,tfinance,outpost,42,,C_nogate,0.9213,0.7182,0.5000,0.0000,0.9073,0.6592,0.0,False,False,False,False,32,400,822c68a8
2026-09-09 08:02:01,yelp,demo,0,,DT_lr0.003_wd0.0,0.7114,0.3149,0.0000,0.0000,0.6609,0.2473,0.0,,,False,False,64,200,1c4d1581
2026-09-09 09:11:32,tfinance,outpost,0,,C_noconformal,0.9025,0.6528,0.5000,0.0000,0.8974,0.6440,0.0,False,False,False,False,32,400,9b8f90f0
2026-09-09 09:18:40,tfinance,outpost,3,,C_noconformal,0.9171,0.7214,0.5000,0.0000,0.9009,0.6789,0.0,False,False,False,False,32,400,9b8f90f0
2026-09-09 09:24:22,amazon,demo,1,,DT_lr0.003_wd0.0001,0.9548,0.8354,0.0000,0.0000,0.9448,0.8160,0.0,,,False,False,64,200,e397795e
2026-09-09 09:35:47,amazon,demo,0,,DT_lr0.003_wd0.0001,0.9502,0.8163,0.0000,0.0000,0.9498,0.8122,0.0,,,False,False,64,200,e397795e
2026-09-09 10:20:47,amazon,outpost,4,,T_hidden16,0.9451,0.8157,0.5000,0.0000,0.9287,0.7784,0.0,False,False,False,False,16,400,78a4f280
2026-09-09 11:15:05,tfinance,outpost,4,,C_noconformal,0.9029,0.6884,0.5000,0.0000,0.8957,0.6598,0.0,False,False,False,False,32,400,9b8f90f0
2026-09-09 12:50:22,tfinance,outpost,42,,C_noconformal,0.9254,0.7419,0.5000,0.0000,0.9216,0.7137,0.0,False,False,False,False,32,400,9b8f90f0
2026-09-09 12:50:54,computers,demo,0,,E400_DT_lr0.003_wd0.0,0.7726,0.5009,0.7313,0.3510,0.7374,0.4810,0.0,,,False,False,64,400,a4108b98
2026-09-09 12:50:54,computers,demo,0,,E400_DT_lr0.003_wd0.0001,0.7766,0.5171,0.7361,0.3676,0.7410,0.4706,0.0,,,False,False,64,400,456726c3
2026-09-09 12:50:54,computers,demo,1,,E400_DT_lr0.003_wd0.0001,0.7951,0.5396,0.7581,0.4035,0.7488,0.4769,0.0,,,False,False,64,400,456726c3
2026-09-09 12:50:54,computers,demo,42,,E400_DT_lr0.003_wd0.0001,0.8133,0.5892,0.7801,0.4733,0.7530,0.5304,0.0,,,False,False,64,400,456726c3
2026-09-09 12:50:54,photo,demo,0,,DT_lr0.001_wd0.0,0.8261,0.5162,0.7368,0.1167,0.7240,0.4675,0.0,,,False,False,64,200,11f12d50
2026-09-09 12:50:54,photo,demo,0,,DT_lr0.003_wd0.0,0.8097,0.4972,0.7541,0.1218,0.7748,0.4793,0.0,,,False,False,64,200,87f9759e
2026-09-09 12:50:54,photo,demo,0,,DT_lr0.003_wd0.0001,0.8313,0.5219,0.7904,0.1327,0.7210,0.4655,0.0,,,False,False,64,200,2770eeea
2026-09-09 12:50:54,photo,demo,0,,E400_DT_lr0.001_wd0.0,0.8595,0.5429,0.7985,0.1361,0.8112,0.5045,0.0,,,False,False,64,400,ce8028c2
2026-09-09 12:50:54,photo,demo,0,,E400_DT_lr0.003_wd0.0,0.8555,0.5335,0.8264,0.1536,0.7733,0.4855,0.0,,,False,False,64,400,304d8e5f
2026-09-09 12:50:54,photo,demo,0,,E400_DT_lr0.003_wd0.0001,0.8655,0.5648,0.8312,0.1571,0.7210,0.4655,0.0,,,False,False,64,400,53b57cf8
2026-09-09 12:50:54,photo,demo,1,,DT_lr0.003_wd0.0,0.8456,0.5378,0.8267,0.1559,0.7979,0.5147,0.0,,,False,False,64,200,87f9759e
2026-09-09 12:50:54,photo,demo,1,,DT_lr0.003_wd0.0001,0.8489,0.5467,0.8385,0.1649,0.8188,0.5191,0.0,,,False,False,64,200,2770eeea
2026-09-09 12:50:54,photo,demo,1,,E400_DT_lr0.001_wd0.0,0.8746,0.5834,0.8344,0.1781,0.8054,0.5322,0.0,,,False,False,64,400,ce8028c2
2026-09-09 12:50:54,photo,demo,1,,E400_DT_lr0.003_wd0.0,0.8657,0.5448,0.8457,0.1727,0.8399,0.5285,0.0,,,False,False,64,400,304d8e5f
2026-09-09 12:50:54,photo,demo,1,,E400_DT_lr0.003_wd0.0001,0.8656,0.5616,0.8509,0.1757,0.8266,0.5401,0.0,,,False,False,64,400,53b57cf8
2026-09-09 12:50:54,photo,demo,42,,DT_lr0.003_wd0.0,0.8891,0.5524,0.8320,0.1805,0.8391,0.5125,0.0,,,False,False,64,200,87f9759e
2026-09-09 12:50:54,photo,demo,42,,DT_lr0.003_wd0.0001,0.8914,0.5659,0.8219,0.1588,0.8250,0.5087,0.0,,,False,False,64,200,2770eeea
2026-09-09 12:50:54,photo,demo,42,,E400_DT_lr0.001_wd0.0,0.9098,0.6094,0.8531,0.1798,0.8542,0.5401,0.0,,,False,False,64,400,ce8028c2
2026-09-09 12:50:54,photo,demo,42,,E400_DT_lr0.003_wd0.0,0.9222,0.6164,0.8923,0.2289,0.8500,0.5266,0.0,,,False,False,64,400,304d8e5f
2026-09-09 14:36:09,yelp,demo,1,,DT_lr0.003_wd0.0001,0.7275,0.3381,0.0000,0.0000,0.6811,0.2535,0.0,,,False,False,64,200,523da0a1
2026-09-09 17:37:38,yelp,demo,0,,DT_lr0.003_wd0.0001,0.7363,0.3495,0.0000,0.0000,0.7296,0.3393,0.0,,,False,False,64,200,523da0a1
2026-09-09 23:19:53,amazon,outpost,5,,T_hidden16,0.9524,0.8332,0.5000,0.0000,0.9445,0.8108,0.0,False,False,False,False,16,400,78a4f280
2026-09-10 08:27:31,amazon,outpost,6,,T_hidden16,0.9483,0.8394,0.5000,0.0000,0.9478,0.8355,0.0,False,False,False,False,16,400,78a4f280
2026-09-10 17:19:31,amazon,outpost,7,,T_hidden16,0.9543,0.8396,0.5000,0.0000,0.9513,0.8314,0.0,False,False,False,False,16,400,78a4f280
2026-09-11 02:06:14,amazon,outpost,8,,T_hidden16,0.9538,0.8307,0.5000,0.0000,0.9471,0.8150,0.0,False,False,False,False,16,400,78a4f280
2026-09-11 05:07:08,amazon,outpost,0,,C_nopl_hidden16,0.9369,0.8106,0.5000,0.0000,0.9369,0.8102,0.0,False,False,False,False,16,400,a2bec5b5
2026-09-11 07:58:52,amazon,outpost,1,,C_nopl_hidden16,0.9404,0.8170,0.5000,0.0000,0.9255,0.8076,0.0,False,False,False,False,16,400,a2bec5b5
2026-09-11 10:19:26,amazon,outpost,2,,C_nopl_hidden16,0.9515,0.8328,0.5000,0.0000,0.9453,0.8237,0.0,False,False,False,False,16,400,a2bec5b5
2026-09-11 12:21:02,amazon,outpost,3,,C_nopl_hidden16,0.9568,0.8426,0.5000,0.0000,0.9542,0.8369,0.0,False,False,False,False,16,400,a2bec5b5
2026-09-11 14:26:48,amazon,outpost,4,,C_nopl_hidden16,0.9293,0.7907,0.5000,0.0000,0.9185,0.7754,0.0,False,False,False,False,16,400,a2bec5b5
2026-09-11 16:14:22,amazon,outpost,5,,C_nopl_hidden16,0.9439,0.8285,0.5000,0.0000,0.9379,0.8188,0.0,False,False,False,False,16,400,a2bec5b5
2026-09-11 17:44:54,amazon,outpost,6,,C_nopl_hidden16,0.9455,0.8306,0.5000,0.0000,0.9414,0.8221,0.0,False,False,False,False,16,400,a2bec5b5
2026-09-11 19:17:09,amazon,outpost,7,,C_nopl_hidden16,0.9545,0.8448,0.5000,0.0000,0.9493,0.8401,0.0,False,False,False,False,16,400,a2bec5b5
2026-09-11 20:45:47,amazon,outpost,8,,C_nopl_hidden16,0.9586,0.8425,0.5000,0.0000,0.9563,0.8425,0.0,False,False,False,False,16,400,a2bec5b5
2026-09-11 21:01:53,amazon,outpost,42,,C_nopl_hidden16,0.9307,0.7964,0.5000,0.0000,0.9252,0.7868,0.0,False,False,False,False,16,400,a2bec5b5
2026-09-11 21:50:52,computers,demo,0,,DT_lr0.001_wd0.0,0.7554,0.4849,0.7098,0.3320,0.7360,0.4523,0.0,,,False,False,64,200,05f9e5c0
2026-09-11 21:50:52,computers,demo,0,,DT_lr0.003_wd0.0,0.7673,0.4948,0.7246,0.3373,0.7472,0.4848,0.0,,,False,False,64,200,eb516406
2026-09-11 21:50:52,computers,demo,0,,DT_lr0.003_wd0.0001,0.7706,0.5071,0.7289,0.3568,0.7326,0.4733,0.0,,,False,False,64,200,b5e7bc12
2026-09-11 21:50:52,computers,demo,0,,E400_DT_lr0.001_wd0.0,0.7633,0.5081,0.7186,0.3652,0.7243,0.4516,0.0,,,False,False,64,400,0b705c96
2026-09-11 21:50:52,computers,demo,1,,DT_lr0.001_wd0.0,0.7658,0.4971,0.7218,0.3528,0.7232,0.4332,0.0,,,False,False,64,200,05f9e5c0
2026-09-11 21:50:52,computers,demo,1,,DT_lr0.003_wd0.0,0.7862,0.5042,0.7478,0.3639,0.7359,0.4622,0.0,,,False,False,64,200,eb516406
2026-09-11 21:50:52,computers,demo,1,,DT_lr0.003_wd0.0001,0.7774,0.5145,0.7361,0.3764,0.7442,0.4837,0.0,,,False,False,64,200,b5e7bc12
2026-09-11 21:50:52,computers,demo,1,,E400_DT_lr0.001_wd0.0,0.7827,0.5228,0.7429,0.3871,0.7307,0.4607,0.0,,,False,False,64,400,0b705c96
2026-09-11 21:50:52,computers,demo,1,,E400_DT_lr0.003_wd0.0,0.8033,0.5180,0.7689,0.3885,0.7377,0.4628,0.0,,,False,False,64,400,a4108b98
2026-09-11 21:50:52,computers,demo,42,,DT_lr0.001_wd0.0,0.7709,0.5258,0.7285,0.3900,0.7470,0.4758,0.0,,,False,False,64,200,05f9e5c0
2026-09-11 21:50:52,computers,demo,42,,DT_lr0.003_wd0.0,0.7897,0.5364,0.7513,0.4134,0.7555,0.4914,0.0,,,False,False,64,200,eb516406
2026-09-11 21:50:52,computers,demo,42,,DT_lr0.003_wd0.0001,0.7823,0.5428,0.7414,0.4112,0.7383,0.4801,0.0,,,False,False,64,200,b5e7bc12
2026-09-11 21:50:52,computers,demo,42,,E400_DT_lr0.001_wd0.0,0.7904,0.5671,0.7535,0.4453,0.7374,0.4966,0.0,,,False,False,64,400,0b705c96
2026-09-11 21:50:52,computers,demo,42,,E400_DT_lr0.003_wd0.0,0.8102,0.5848,0.7767,0.4781,0.7464,0.5235,0.0,,,False,False,64,400,a4108b98
2026-09-12 10:57:19,yelp,demo,0,,DT_lr0.003_wd0.0001,0.7363,0.3495,0.0000,0.0000,0.7296,0.3393,0.0,,,False,False,64,200,523da0a1
2026-09-12 11:54:46,yelp,demo,1,,DT_lr0.003_wd0.0001,0.7275,0.3381,0.0000,0.0000,0.6811,0.2535,0.0,,,False,False,64,200,523da0a1
2026-09-12 12:49:59,yelp,demo,42,,DT_lr0.003_wd0.0001,0.7128,0.2953,0.0000,0.0000,0.7110,0.2928,0.0,,,False,False,64,200,523da0a1
2026-09-12 13:10:23,amazon,demo,0,,DT_lr0.003_wd0.0001,0.9502,0.8163,0.0000,0.0000,0.9498,0.8122,0.0,,,False,False,64,200,e397795e
2026-09-12 13:31:17,amazon,demo,1,,DT_lr0.003_wd0.0001,0.9548,0.8354,0.0000,0.0000,0.9448,0.8160,0.0,,,False,False,64,200,e397795e
2026-09-12 13:52:30,amazon,demo,42,,DT_lr0.003_wd0.0001,0.9419,0.8131,0.0000,0.0000,0.9396,0.8056,0.0,,,False,False,64,200,e397795e
2026-09-12 14:48:43,yelp,demo,0,,DT_lr0.003_wd0.0,0.7114,0.3149,0.0000,0.0000,0.6609,0.2473,0.0,,,False,False,64,200,1c4d1581
2026-09-12 15:43:19,yelp,demo,1,,DT_lr0.003_wd0.0,0.7121,0.2854,0.0000,0.0000,0.6260,0.2111,0.0,,,False,False,64,200,1c4d1581
2026-09-12 16:38:24,yelp,demo,42,,DT_lr0.003_wd0.0,0.6682,0.2616,0.0000,0.0000,0.6662,0.2602,0.0,,,False,False,64,200,1c4d1581
2026-09-12 16:58:19,amazon,demo,0,,DT_lr0.003_wd0.0,0.9495,0.8138,0.0000,0.0000,0.9495,0.8138,0.0,,,False,False,64,200,cea667e0
2026-09-12 17:18:49,amazon,demo,1,,DT_lr0.003_wd0.0,0.9513,0.8261,0.0000,0.0000,0.9420,0.8178,0.0,,,False,False,64,200,cea667e0
2026-09-12 17:39:02,amazon,demo,42,,DT_lr0.003_wd0.0,0.9549,0.8192,0.0000,0.0000,0.9391,0.7991,0.0,,,False,False,64,200,cea667e0
2026-09-12 18:33:10,yelp,demo,0,,DT_lr0.001_wd0.0,0.6704,0.2740,0.0000,0.0000,0.6660,0.2701,0.0,,,False,False,64,200,ccee7c9d
2026-09-12 19:27:55,yelp,demo,1,,DT_lr0.001_wd0.0,0.6839,0.2586,0.0000,0.0000,0.6732,0.2464,0.0,,,False,False,64,200,ccee7c9d
2026-09-12 20:22:33,yelp,demo,42,,DT_lr0.001_wd0.0,0.6738,0.2639,0.0000,0.0000,0.6723,0.2634,0.0,,,False,False,64,200,ccee7c9d
2026-09-12 20:42:33,amazon,demo,0,,DT_lr0.001_wd0.0,0.9380,0.8072,0.0000,0.0000,0.9308,0.8030,0.0,,,False,False,64,200,db3e77ee
2026-09-12 21:02:28,amazon,demo,1,,DT_lr0.001_wd0.0,0.9460,0.8164,0.0000,0.0000,0.9382,0.8085,0.0,,,False,False,64,200,db3e77ee
2026-09-12 21:22:30,amazon,demo,42,,DT_lr0.001_wd0.0,0.9266,0.7939,0.0000,0.0000,0.9257,0.7939,0.0,,,False,False,64,200,db3e77ee
2026-09-14 00:03:26,yelp,outpost,42,,D_hidden16,0.7413,0.3377,0.5000,0.0000,0.7413,0.3377,1.0,False,False,False,False,16,400,6bd4234a
2026-09-14 00:03:33,yelp,outpost,0,,D_hidden16,0.7563,0.4034,0.5000,0.0000,0.5987,0.1849,1.0,False,False,False,False,16,400,6bd4234a
2026-09-14 00:04:14,yelp,outpost,1,,D_hidden16,0.7437,0.3490,0.5000,0.0000,0.7437,0.3490,1.0,False,False,False,False,16,400,6bd4234a
2026-09-14 00:33:38,yelp,outpost,2,,D_hidden16,0.7214,0.3508,0.5000,0.0000,0.7214,0.3508,1.0,False,False,False,False,16,400,6bd4234a
2026-09-14 00:34:15,yelp,outpost,3,,D_hidden16,0.7226,0.3219,0.5000,0.0000,0.7180,0.3219,1.0,False,False,False,False,16,400,6bd4234a
2026-09-14 00:35:01,yelp,outpost,42,,D_hidden64,0.7389,0.3751,0.5000,0.0000,0.7322,0.3719,1.0,False,False,False,False,64,400,b02f36ee
2026-09-14 01:05:54,yelp,outpost,0,,D_hidden64,0.7701,0.4330,0.5000,0.0000,0.7652,0.3951,1.0,False,False,False,False,64,400,b02f36ee
2026-09-14 01:06:19,yelp,outpost,1,,D_hidden64,0.7470,0.3741,0.5000,0.0000,0.7470,0.3637,1.0,False,False,False,False,64,400,b02f36ee
2026-09-14 01:07:32,yelp,outpost,2,,D_hidden64,0.7273,0.3812,0.5000,0.0000,0.7236,0.3576,1.0,False,False,False,False,64,400,b02f36ee
2026-09-14 01:37:39,yelp,outpost,42,,D_alpha0.01,0.7509,0.3934,0.5000,0.0000,0.7488,0.3916,1.0,False,False,False,False,32,400,04f3215d
2026-09-14 01:38:03,yelp,outpost,3,,D_hidden64,0.7302,0.3743,0.5000,0.0000,0.7076,0.3254,1.0,False,False,False,False,64,400,b02f36ee
2026-09-14 01:38:59,yelp,outpost,0,,D_alpha0.01,0.7686,0.4363,0.5000,0.0000,0.7661,0.4063,1.0,False,False,False,False,32,400,04f3215d
2026-09-14 02:09:09,yelp,outpost,2,,D_alpha0.01,0.7305,0.3816,0.5000,0.0000,0.7278,0.3687,1.0,False,False,False,False,32,400,04f3215d
2026-09-14 02:09:17,yelp,outpost,1,,D_alpha0.01,0.7506,0.3752,0.5000,0.0000,0.7501,0.3646,1.0,False,False,False,False,32,400,04f3215d
2026-09-14 02:09:53,yelp,outpost,3,,D_alpha0.01,0.7167,0.3485,0.5000,0.0000,0.7132,0.3156,1.0,False,False,False,False,32,400,04f3215d
2026-09-14 02:40:15,yelp,outpost,42,,D_alpha0.1,0.7509,0.3934,0.5000,0.0000,0.7488,0.3916,1.0,False,False,False,False,32,400,ea5fc137
2026-09-14 02:40:24,yelp,outpost,1,,D_alpha0.1,0.7506,0.3752,0.5000,0.0000,0.7501,0.3646,1.0,False,False,False,False,32,400,ea5fc137
2026-09-14 02:40:28,yelp,outpost,0,,D_alpha0.1,0.7688,0.4369,0.5000,0.0000,0.7661,0.4063,1.0,False,False,False,False,32,400,ea5fc137
2026-09-14 02:49:54,photo,outpost,42,,D_lambda0.5,0.8635,0.5521,0.8141,0.1431,0.8238,0.5093,0.0,True,True,False,False,64,200,5ee50755
2026-09-14 03:00:14,photo,outpost,0,,D_lambda0.5,0.8153,0.5106,0.7590,0.1202,0.7334,0.4646,0.0,True,True,False,False,64,200,5ee50755
2026-09-14 03:10:29,photo,outpost,1,,D_lambda0.5,0.8228,0.5276,0.7936,0.1356,0.8199,0.5238,0.0,True,True,False,False,64,200,5ee50755
2026-09-14 03:20:37,photo,outpost,2,,D_lambda0.5,0.8232,0.5181,0.7499,0.1166,0.7759,0.4899,0.0,True,True,False,False,64,200,5ee50755
2026-09-14 03:27:36,yelp,outpost,2,,D_alpha0.1,0.7305,0.3816,0.5000,0.0000,0.7278,0.3687,1.0,False,False,False,False,32,400,ea5fc137
2026-09-14 03:28:24,yelp,outpost,3,,D_alpha0.1,0.7167,0.3485,0.5000,0.0000,0.7132,0.3156,1.0,False,False,False,False,32,400,ea5fc137
2026-09-14 03:31:24,photo,outpost,3,,D_lambda0.5,0.8044,0.5039,0.7537,0.1180,0.7160,0.4594,0.0,True,True,False,False,64,200,5ee50755
2026-09-14 03:39:32,photo,outpost,42,,D_lambda1.25,0.8566,0.5341,0.7959,0.1305,0.8080,0.4991,0.0,True,True,False,False,64,200,1be3f924
2026-09-14 03:43:17,photo,outpost,1,,D_lambda1.25,0.8302,0.5267,0.7998,0.1348,0.8009,0.5093,0.0,True,True,False,False,64,200,1be3f924
2026-09-14 03:51:31,photo,outpost,2,,D_lambda1.25,0.8294,0.5178,0.7513,0.1154,0.7549,0.4809,0.0,True,True,False,False,64,200,1be3f924
2026-09-14 03:55:18,photo,outpost,3,,D_lambda1.25,0.8218,0.5081,0.7513,0.1165,0.7397,0.4699,0.0,True,True,False,False,64,200,1be3f924
2026-09-14 04:03:20,photo,outpost,42,,D_lambda1.5,0.8497,0.5301,0.7929,0.1289,0.8092,0.4984,0.0,True,True,False,False,64,200,103f590c
2026-09-14 04:07:23,photo,outpost,0,,D_lambda1.5,0.8233,0.5087,0.7781,0.1242,0.7400,0.4712,0.0,True,True,False,False,64,200,103f590c
2026-09-14 04:15:06,photo,outpost,1,,D_lambda1.5,0.8242,0.5231,0.7994,0.1360,0.8018,0.5077,0.0,True,True,False,False,64,200,103f590c
2026-09-14 04:19:20,photo,outpost,2,,D_lambda1.5,0.8400,0.5245,0.7619,0.1177,0.7684,0.4842,0.0,True,True,False,False,64,200,103f590c
2026-09-14 04:27:16,photo,outpost,3,,D_lambda1.5,0.8141,0.4996,0.7502,0.1160,0.7406,0.4680,0.0,True,True,False,False,64,200,103f590c
2026-09-14 04:30:55,photo,outpost,0,,D_lambda1.25,0.8281,0.5133,0.7742,0.1235,0.7412,0.4731,0.0,True,True,False,False,64,200,1be3f924
2026-09-14 04:34:19,amazon,demo,42,,E400_DT_lr0.001_wd0.0,0.9508,0.8287,0.0000,0.0000,0.9343,0.8178,0.0,,,False,False,64,400,2fc17611
2026-09-14 04:44:02,amazon,demo,1,,E400_DT_lr0.001_wd0.0,0.9476,0.8324,0.0000,0.0000,0.9306,0.8132,0.0,,,False,False,64,400,2fc17611
2026-09-14 04:53:11,yelp,demo,0,,E400_DT_lr0.003_wd0.0001,0.7567,0.4019,0.0000,0.0000,0.7554,0.3945,0.0,,,False,False,64,400,3f472b17
2026-09-14 04:54:13,amazon,demo,0,,E400_DT_lr0.001_wd0.0,0.9588,0.8305,0.0000,0.0000,0.9561,0.8257,0.0,,,False,False,64,400,2fc17611
2026-09-14 05:20:04,yelp,demo,1,,E400_DT_lr0.003_wd0.0001,0.7325,0.3503,0.0000,0.0000,0.7095,0.2833,0.0,,,False,False,64,400,3f472b17
2026-09-14 05:22:56,yelp,demo,42,,E400_DT_lr0.001_wd0.0,0.7259,0.3219,0.0000,0.0000,0.7235,0.3160,0.0,,,False,False,64,400,fe3fe86c
2026-09-14 05:46:51,yelp,demo,42,,E400_DT_lr0.003_wd0.0001,0.7290,0.3305,0.0000,0.0000,0.7268,0.3140,0.0,,,False,False,64,400,3f472b17
2026-09-14 05:50:47,yelp,demo,1,,E400_DT_lr0.001_wd0.0,0.7224,0.3236,0.0000,0.0000,0.7198,0.3183,0.0,,,False,False,64,400,fe3fe86c
2026-09-14 05:56:19,amazon,demo,0,,E400_DT_lr0.003_wd0.0001,0.9618,0.8448,0.0000,0.0000,0.9545,0.8235,0.0,,,False,False,64,400,0e71b93b
2026-09-14 06:05:47,amazon,demo,1,,E400_DT_lr0.003_wd0.0001,0.9605,0.8466,0.0000,0.0000,0.9502,0.8233,0.0,,,False,False,64,400,0e71b93b
2026-09-14 06:15:15,amazon,demo,42,,E400_DT_lr0.003_wd0.0001,0.9497,0.8298,0.0000,0.0000,0.9439,0.8188,0.0,,,False,False,64,400,0e71b93b
2026-09-14 06:19:22,yelp,demo,0,,E400_DT_lr0.001_wd0.0,0.7525,0.3956,0.0000,0.0000,0.7450,0.3683,0.0,,,False,False,64,400,fe3fe86c
2026-09-14 06:29:01,amazon,demo,42,,E400_DT_lr0.003_wd0.0,0.9543,0.8286,0.0000,0.0000,0.9439,0.8014,0.0,,,False,False,64,400,770a5658
2026-09-14 06:38:48,amazon,demo,1,,E400_DT_lr0.003_wd0.0,0.9610,0.8510,0.0000,0.0000,0.9522,0.8257,0.0,,,False,False,64,400,770a5658
2026-09-14 06:42:19,yelp,demo,0,,E400_DT_lr0.003_wd0.0,0.7529,0.3939,0.0000,0.0000,0.7494,0.3754,0.0,,,False,False,64,400,130077f0
2026-09-14 06:48:38,amazon,demo,0,,E400_DT_lr0.003_wd0.0,0.9589,0.8342,0.0000,0.0000,0.9538,0.8069,0.0,,,False,False,64,400,770a5658
2026-09-14 07:10:09,yelp,demo,1,,E400_DT_lr0.003_wd0.0,0.7266,0.3471,0.0000,0.0000,0.7236,0.3405,0.0,,,False,False,64,400,130077f0
2026-09-14 07:16:30,yelp,demo,42,,E400_DT_lr0.003_wd0.0,0.7339,0.3474,0.0000,0.0000,0.7280,0.3369,0.0,,,False,False,64,400,130077f0
2026-09-14 07:43:43,yelp,demo,1,,E400_DT_lr0.003_wd0.0,0.7266,0.3471,0.0000,0.0000,0.7236,0.3405,0.0,,,False,False,64,400,130077f0
2026-09-14 08:11:34,yelp,demo,0,,E400_DT_lr0.003_wd0.0,0.7529,0.3939,0.0000,0.0000,0.7494,0.3754,0.0,,,False,False,64,400,130077f0
2026-09-14 08:21:06,amazon,demo,42,,E400_DT_lr0.003_wd0.0001,0.9497,0.8298,0.0000,0.0000,0.9439,0.8188,0.0,,,False,False,64,400,0e71b93b
2026-09-14 08:30:36,amazon,demo,1,,E400_DT_lr0.003_wd0.0001,0.9605,0.8466,0.0000,0.0000,0.9502,0.8233,0.0,,,False,False,64,400,0e71b93b
2026-09-14 08:39:38,amazon,demo,0,,E400_DT_lr0.003_wd0.0001,0.9618,0.8448,0.0000,0.0000,0.9545,0.8235,0.0,,,False,False,64,400,0e71b93b
2026-09-14 09:07:01,yelp,demo,42,,E400_DT_lr0.003_wd0.0001,0.7290,0.3305,0.0000,0.0000,0.7268,0.3140,0.0,,,False,False,64,400,3f472b17
2026-09-14 09:35:03,yelp,demo,1,,E400_DT_lr0.003_wd0.0001,0.7325,0.3503,0.0000,0.0000,0.7095,0.2833,0.0,,,False,False,64,400,3f472b17
2026-09-14 10:01:32,yelp,demo,0,,E400_DT_lr0.003_wd0.0001,0.7567,0.4019,0.0000,0.0000,0.7554,0.3945,0.0,,,False,False,64,400,3f472b17
2026-09-16 12:00:05,amazon,outpost,0,,REPRO_ckg10,0.9349,0.8119,0.5000,0.0000,0.9293,0.8092,0.0,False,False,False,False,32,400,fb687f46
2026-09-16 12:02:24,ogbn-arxiv,demo,0,,B_demo_mix,0.6236,0.3012,0.5490,0.1635,0.6118,0.2829,0.0,,,False,False,64,400,91eabab4
2026-09-16 12:02:24,ogbn-arxiv,demo,1,,B_demo_mix,0.6164,0.2987,0.5530,0.1611,0.5964,0.2866,0.0,,,False,False,64,400,91eabab4
2026-09-16 12:02:24,ogbn-arxiv,demo,2,,B_demo_mix,0.6392,0.3118,0.5851,0.1814,0.6105,0.3011,0.0,,,False,False,64,400,91eabab4
2026-09-16 12:02:24,ogbn-arxiv,demo,3,,B_demo_mix,0.6186,0.2931,0.5628,0.1658,0.5974,0.2878,0.0,,,False,False,64,400,91eabab4
2026-09-16 12:02:24,ogbn-arxiv,demo,4,,B_demo_mix,0.6090,0.2911,0.5418,0.1595,0.6029,0.2883,0.0,,,False,False,64,400,91eabab4
2026-09-16 12:02:24,ogbn-arxiv,demo,42,,B_demo_mix,0.6149,0.2889,0.5557,0.1648,0.5972,0.2791,0.0,,,False,False,64,400,91eabab4
2026-09-16 12:02:24,ogbn-arxiv,demo,5,,B_demo_mix,0.6015,0.2902,0.5525,0.1635,0.5963,0.2831,0.0,,,False,False,64,400,91eabab4
2026-09-16 12:02:24,ogbn-arxiv,demo,6,,B_demo_mix,0.6153,0.2902,0.5618,0.1624,0.6056,0.2774,0.0,,,False,False,64,400,91eabab4
2026-09-16 12:02:24,ogbn-arxiv,demo,7,,B_demo_mix,0.6277,0.3005,0.5457,0.1558,0.6148,0.2915,0.0,,,False,False,64,400,91eabab4
2026-09-16 12:02:24,ogbn-arxiv,demo,8,,B_demo_mix,0.6101,0.3005,0.5337,0.1599,0.6036,0.2937,0.0,,,False,False,64,400,91eabab4
2026-09-16 15:38:37,ogbn-arxiv,nsreg,0,,E400_nsreg,0.6571,0.3140,0.5848,0.1717,0.6291,0.2993,0.0,,,False,False,64,400,38176515
2026-09-16 15:38:37,ogbn-arxiv,nsreg,1,,E400_nsreg,0.6629,0.3141,0.5932,0.1708,0.6401,0.3057,0.0,,,False,False,64,400,38176515
2026-09-16 15:38:37,ogbn-arxiv,nsreg,2,,E400_nsreg,0.6644,0.3205,0.6154,0.1840,0.6451,0.3164,0.0,,,False,False,64,400,38176515
2026-09-16 15:38:37,ogbn-arxiv,nsreg,3,,E400_nsreg,0.6433,0.3042,0.5737,0.1624,0.6343,0.3002,0.0,,,False,False,64,400,38176515
2026-09-16 15:38:37,ogbn-arxiv,nsreg,4,,E400_nsreg,0.6602,0.3146,0.5879,0.1728,0.6224,0.2964,0.0,,,False,False,64,400,38176515
2026-09-16 15:38:37,ogbn-arxiv,nsreg,42,,E400_nsreg,0.6518,0.3054,0.5872,0.1701,0.6240,0.2934,0.0,,,False,False,64,400,38176515
2026-09-16 15:38:37,ogbn-arxiv,nsreg,5,,E400_nsreg,0.6376,0.3049,0.5775,0.1731,0.6215,0.2973,0.0,,,False,False,64,400,38176515
2026-09-16 15:38:37,ogbn-arxiv,nsreg,6,,E400_nsreg,0.6601,0.3085,0.5918,0.1709,0.6248,0.2799,0.0,,,False,False,64,400,38176515
2026-09-16 15:38:37,ogbn-arxiv,nsreg,7,,E400_nsreg,0.6574,0.3132,0.5858,0.1691,0.6298,0.3032,0.0,,,False,False,64,400,38176515
2026-09-16 15:38:37,ogbn-arxiv,nsreg,8,,E400_nsreg,0.6384,0.3110,0.5661,0.1658,0.6267,0.3089,0.0,,,False,False,64,400,38176515
2026-09-18 23:17:13,ogbn-mag,outpost,4,,A_main,0.5929,0.0098,0.5811,0.0055,0.5717,0.0088,0.0,True,True,False,False,64,400,80278498
2026-09-18 23:17:13,ogbn-mag,outpost,5,,A_main,0.5968,0.0100,0.5883,0.0058,0.5765,0.0090,0.0,True,True,False,False,64,400,80278498
2026-09-18 23:17:13,ogbn-mag,outpost,6,,A_main,0.5962,0.0102,0.5839,0.0058,0.5754,0.0079,0.0,True,True,False,False,64,400,80278498
2026-09-18 23:17:13,ogbn-mag,outpost,7,,A_main,0.5935,0.0101,0.5799,0.0056,0.5759,0.0098,0.0,True,True,False,False,64,400,80278498
2026-09-18 23:17:13,ogbn-mag,outpost,8,,A_main,0.5874,0.0100,0.5752,0.0055,0.5712,0.0082,0.0,True,True,False,False,64,400,80278498
